# Blender 5.2.1 LTS
# www.blender.org
mtllib hammer1.mtl
o Shaped_wooden_handle
v -0.427842 0.008678 -0.003092
v -0.428394 0.007820 -0.003113
v -0.429058 0.007005 -0.003133
v -0.429827 0.006242 -0.003153
v -0.430694 0.005539 -0.003170
v -0.431651 0.004901 -0.003186
v -0.432689 0.004335 -0.003200
v -0.433796 0.003847 -0.003212
v -0.434964 0.003441 -0.003223
v -0.436180 0.003121 -0.003231
v -0.437433 0.002890 -0.003236
v -0.438710 0.002751 -0.003240
v -0.440000 0.002704 -0.003241
v -0.441290 0.002751 -0.003240
v -0.442567 0.002890 -0.003236
v -0.443820 0.003121 -0.003231
v -0.445036 0.003441 -0.003223
v -0.446204 0.003847 -0.003212
v -0.447311 0.004335 -0.003200
v -0.448349 0.004901 -0.003186
v -0.449306 0.005539 -0.003170
v -0.450173 0.006242 -0.003153
v -0.450942 0.007005 -0.003133
v -0.451606 0.007820 -0.003113
v -0.452158 0.008678 -0.003092
v -0.452158 0.016085 -0.002906
v -0.451606 0.016943 -0.002885
v -0.450942 0.017758 -0.002865
v -0.450173 0.018520 -0.002846
v -0.449306 0.019224 -0.002828
v -0.448349 0.019862 -0.002812
v -0.447311 0.020427 -0.002798
v -0.446204 0.020916 -0.002786
v -0.445036 0.021322 -0.002776
v -0.443820 0.021642 -0.002768
v -0.442567 0.021872 -0.002762
v -0.441290 0.022012 -0.002758
v -0.440000 0.022058 -0.002757
v -0.438710 0.022012 -0.002758
v -0.437433 0.021872 -0.002762
v -0.436180 0.021642 -0.002768
v -0.434964 0.021322 -0.002776
v -0.433796 0.020916 -0.002786
v -0.432689 0.020427 -0.002798
v -0.431651 0.019862 -0.002812
v -0.430694 0.019224 -0.002828
v -0.429827 0.018520 -0.002846
v -0.429058 0.017758 -0.002865
v -0.428394 0.016943 -0.002885
v -0.427842 0.016085 -0.002906
v -0.426000 0.012631 -0.012996
v -0.426067 0.011553 -0.013023
v -0.426269 0.010486 -0.013050
v -0.426603 0.009439 -0.013076
v -0.427066 0.008423 -0.013101
v -0.427653 0.007448 -0.013126
v -0.428359 0.006522 -0.013149
v -0.429178 0.005655 -0.013170
v -0.430101 0.004856 -0.013190
v -0.431118 0.004131 -0.013208
v -0.432222 0.003488 -0.013225
v -0.433400 0.002933 -0.013238
v -0.434642 0.002472 -0.013250
v -0.435936 0.002108 -0.013259
v -0.437269 0.001846 -0.013266
v -0.438628 0.001688 -0.013270
v -0.440000 0.001635 -0.013271
v -0.441372 0.001688 -0.013270
v -0.442731 0.001846 -0.013266
v -0.444064 0.002108 -0.013259
v -0.445358 0.002472 -0.013250
v -0.446600 0.002933 -0.013238
v -0.447778 0.003488 -0.013225
v -0.448882 0.004131 -0.013208
v -0.449899 0.004856 -0.013190
v -0.450822 0.005655 -0.013170
v -0.451641 0.006522 -0.013149
v -0.452347 0.007448 -0.013126
v -0.452934 0.008423 -0.013101
v -0.453397 0.009439 -0.013076
v -0.453731 0.010486 -0.013050
v -0.453933 0.011553 -0.013023
v -0.454000 0.012631 -0.012996
v -0.453933 0.013709 -0.012969
v -0.453731 0.014777 -0.012942
v -0.453397 0.015823 -0.012916
v -0.452934 0.016840 -0.012891
v -0.452347 0.017815 -0.012866
v -0.451641 0.018741 -0.012843
v -0.450822 0.019607 -0.012821
v -0.449899 0.020407 -0.012802
v -0.448882 0.021132 -0.012783
v -0.447778 0.021775 -0.012767
v -0.446600 0.022329 -0.012753
v -0.445358 0.022791 -0.012742
v -0.444064 0.023154 -0.012733
v -0.442731 0.023417 -0.012726
v -0.441372 0.023575 -0.012722
v -0.440000 0.023628 -0.012721
v -0.438628 0.023575 -0.012722
v -0.437269 0.023417 -0.012726
v -0.435936 0.023154 -0.012733
v -0.434642 0.022791 -0.012742
v -0.433400 0.022329 -0.012753
v -0.432222 0.021775 -0.012767
v -0.431118 0.021132 -0.012783
v -0.430101 0.020407 -0.012802
v -0.429178 0.019607 -0.012821
v -0.428359 0.018741 -0.012843
v -0.427653 0.017815 -0.012866
v -0.427066 0.016840 -0.012891
v -0.426603 0.015823 -0.012916
v -0.426269 0.014777 -0.012942
v -0.426067 0.013709 -0.012969
v -0.428260 0.013256 -0.037988
v -0.428321 0.012232 -0.038014
v -0.428505 0.011218 -0.038039
v -0.428809 0.010224 -0.038064
v -0.429230 0.009258 -0.038088
v -0.429764 0.008332 -0.038111
v -0.430407 0.007452 -0.038133
v -0.431152 0.006629 -0.038154
v -0.431991 0.005869 -0.038173
v -0.432918 0.005181 -0.038190
v -0.433922 0.004570 -0.038205
v -0.434994 0.004043 -0.038219
v -0.436125 0.003605 -0.038229
v -0.437302 0.003259 -0.038238
v -0.438515 0.003010 -0.038244
v -0.439751 0.002860 -0.038248
v -0.441000 0.002810 -0.038249
v -0.442249 0.002860 -0.038248
v -0.443485 0.003010 -0.038244
v -0.444698 0.003259 -0.038238
v -0.445875 0.003605 -0.038229
v -0.447006 0.004043 -0.038219
v -0.448078 0.004570 -0.038205
v -0.449082 0.005181 -0.038190
v -0.450009 0.005869 -0.038173
v -0.450848 0.006629 -0.038154
v -0.451593 0.007452 -0.038133
v -0.452236 0.008332 -0.038111
v -0.452770 0.009258 -0.038088
v -0.453191 0.010224 -0.038064
v -0.453495 0.011218 -0.038039
v -0.453679 0.012232 -0.038014
v -0.453740 0.013256 -0.037988
v -0.453679 0.014280 -0.037963
v -0.453495 0.015294 -0.037937
v -0.453191 0.016289 -0.037912
v -0.452770 0.017254 -0.037888
v -0.452236 0.018181 -0.037865
v -0.451593 0.019060 -0.037843
v -0.450848 0.019884 -0.037822
v -0.450009 0.020643 -0.037803
v -0.449082 0.021332 -0.037786
v -0.448078 0.021942 -0.037771
v -0.447006 0.022469 -0.037758
v -0.445875 0.022908 -0.037747
v -0.444698 0.023253 -0.037738
v -0.443485 0.023502 -0.037732
v -0.442249 0.023653 -0.037728
v -0.441000 0.023703 -0.037727
v -0.439751 0.023653 -0.037728
v -0.438515 0.023502 -0.037732
v -0.437302 0.023253 -0.037738
v -0.436125 0.022908 -0.037747
v -0.434994 0.022469 -0.037758
v -0.433922 0.021942 -0.037771
v -0.432918 0.021332 -0.037786
v -0.431991 0.020643 -0.037803
v -0.431152 0.019884 -0.037822
v -0.430407 0.019060 -0.037843
v -0.429764 0.018181 -0.037865
v -0.429230 0.017254 -0.037888
v -0.428809 0.016289 -0.037912
v -0.428505 0.015294 -0.037937
v -0.428321 0.014280 -0.037963
v -0.431660 0.014431 -0.084973
v -0.431715 0.013504 -0.084997
v -0.431878 0.012586 -0.085020
v -0.432148 0.011686 -0.085042
v -0.432523 0.010812 -0.085064
v -0.432999 0.009973 -0.085085
v -0.433571 0.009177 -0.085105
v -0.434234 0.008432 -0.085123
v -0.434981 0.007744 -0.085141
v -0.435806 0.007121 -0.085156
v -0.436700 0.006568 -0.085170
v -0.437654 0.006091 -0.085182
v -0.438660 0.005694 -0.085192
v -0.439708 0.005381 -0.085200
v -0.440788 0.005156 -0.085205
v -0.441888 0.005020 -0.085209
v -0.443000 0.004974 -0.085210
v -0.444112 0.005020 -0.085209
v -0.445212 0.005156 -0.085205
v -0.446292 0.005381 -0.085200
v -0.447340 0.005694 -0.085192
v -0.448346 0.006091 -0.085182
v -0.449300 0.006568 -0.085170
v -0.450194 0.007121 -0.085156
v -0.451019 0.007744 -0.085141
v -0.451766 0.008432 -0.085123
v -0.452429 0.009177 -0.085105
v -0.453001 0.009973 -0.085085
v -0.453477 0.010812 -0.085064
v -0.453852 0.011686 -0.085042
v -0.454122 0.012586 -0.085020
v -0.454285 0.013504 -0.084997
v -0.454340 0.014431 -0.084973
v -0.454285 0.015358 -0.084950
v -0.454122 0.016276 -0.084927
v -0.453852 0.017176 -0.084905
v -0.453477 0.018050 -0.084883
v -0.453001 0.018889 -0.084862
v -0.452429 0.019685 -0.084842
v -0.451766 0.020431 -0.084823
v -0.451019 0.021118 -0.084806
v -0.450194 0.021742 -0.084791
v -0.449300 0.022294 -0.084777
v -0.448346 0.022772 -0.084765
v -0.447340 0.023168 -0.084755
v -0.446292 0.023481 -0.084747
v -0.445212 0.023706 -0.084742
v -0.444112 0.023843 -0.084738
v -0.443000 0.023888 -0.084737
v -0.441888 0.023843 -0.084738
v -0.440788 0.023706 -0.084742
v -0.439708 0.023481 -0.084747
v -0.438660 0.023168 -0.084755
v -0.437654 0.022772 -0.084765
v -0.436700 0.022294 -0.084777
v -0.435806 0.021742 -0.084791
v -0.434981 0.021118 -0.084806
v -0.434234 0.020431 -0.084823
v -0.433571 0.019685 -0.084842
v -0.432999 0.018889 -0.084862
v -0.432523 0.018050 -0.084883
v -0.432148 0.017176 -0.084905
v -0.431878 0.016276 -0.084927
v -0.431715 0.015358 -0.084950
v -0.433360 0.016056 -0.149953
v -0.433411 0.015226 -0.149974
v -0.433564 0.014404 -0.149994
v -0.433818 0.013598 -0.150015
v -0.434170 0.012816 -0.150034
v -0.434616 0.012064 -0.150053
v -0.435153 0.011352 -0.150071
v -0.435775 0.010684 -0.150087
v -0.436476 0.010069 -0.150103
v -0.437250 0.009511 -0.150117
v -0.438089 0.009016 -0.150129
v -0.438984 0.008588 -0.150140
v -0.439928 0.008233 -0.150149
v -0.440911 0.007953 -0.150156
v -0.441924 0.007751 -0.150161
v -0.442957 0.007629 -0.150164
v -0.444000 0.007589 -0.150165
v -0.445043 0.007629 -0.150164
v -0.446076 0.007751 -0.150161
v -0.447089 0.007953 -0.150156
v -0.448072 0.008233 -0.150149
v -0.449016 0.008588 -0.150140
v -0.449911 0.009016 -0.150129
v -0.450750 0.009511 -0.150117
v -0.451524 0.010069 -0.150103
v -0.452225 0.010684 -0.150087
v -0.452847 0.011352 -0.150071
v -0.453384 0.012064 -0.150053
v -0.453830 0.012816 -0.150034
v -0.454182 0.013598 -0.150015
v -0.454436 0.014404 -0.149994
v -0.454589 0.015226 -0.149974
v -0.454640 0.016056 -0.149953
v -0.454589 0.016886 -0.149932
v -0.454436 0.017708 -0.149912
v -0.454182 0.018514 -0.149892
v -0.453830 0.019296 -0.149872
v -0.453384 0.020047 -0.149853
v -0.452847 0.020760 -0.149835
v -0.452225 0.021428 -0.149819
v -0.451524 0.022043 -0.149803
v -0.450750 0.022601 -0.149789
v -0.449911 0.023096 -0.149777
v -0.449016 0.023524 -0.149766
v -0.448072 0.023879 -0.149758
v -0.447089 0.024159 -0.149751
v -0.446076 0.024361 -0.149745
v -0.445043 0.024483 -0.149742
v -0.444000 0.024523 -0.149741
v -0.442957 0.024483 -0.149742
v -0.441924 0.024361 -0.149745
v -0.440911 0.024159 -0.149751
v -0.439928 0.023879 -0.149758
v -0.438984 0.023524 -0.149766
v -0.438089 0.023096 -0.149777
v -0.437250 0.022601 -0.149789
v -0.436476 0.022043 -0.149803
v -0.435775 0.021428 -0.149819
v -0.435153 0.020760 -0.149835
v -0.434616 0.020047 -0.149853
v -0.434170 0.019296 -0.149872
v -0.433818 0.018514 -0.149892
v -0.433564 0.017708 -0.149912
v -0.433411 0.016886 -0.149932
v -0.432060 0.017556 -0.209934
v -0.432108 0.016812 -0.209953
v -0.432251 0.016076 -0.209971
v -0.432488 0.015353 -0.209989
v -0.432817 0.014652 -0.210007
v -0.433234 0.013979 -0.210024
v -0.433735 0.013340 -0.210040
v -0.434316 0.012742 -0.210055
v -0.434971 0.012191 -0.210069
v -0.435694 0.011691 -0.210081
v -0.436478 0.011247 -0.210092
v -0.437314 0.010864 -0.210102
v -0.438196 0.010546 -0.210110
v -0.439115 0.010295 -0.210116
v -0.440061 0.010114 -0.210120
v -0.441026 0.010005 -0.210123
v -0.442000 0.009968 -0.210124
v -0.442974 0.010005 -0.210123
v -0.443939 0.010114 -0.210120
v -0.444885 0.010295 -0.210116
v -0.445804 0.010546 -0.210110
v -0.446686 0.010864 -0.210102
v -0.447522 0.011247 -0.210092
v -0.448306 0.011691 -0.210081
v -0.449029 0.012191 -0.210069
v -0.449684 0.012742 -0.210055
v -0.450265 0.013340 -0.210040
v -0.450766 0.013979 -0.210024
v -0.451183 0.014652 -0.210007
v -0.451512 0.015353 -0.209989
v -0.451749 0.016076 -0.209971
v -0.451892 0.016812 -0.209953
v -0.451940 0.017556 -0.209934
v -0.451892 0.018300 -0.209916
v -0.451749 0.019036 -0.209897
v -0.451512 0.019758 -0.209879
v -0.451183 0.020459 -0.209862
v -0.450766 0.021133 -0.209845
v -0.450265 0.021771 -0.209829
v -0.449684 0.022369 -0.209814
v -0.449029 0.022921 -0.209800
v -0.448306 0.023421 -0.209788
v -0.447522 0.023865 -0.209777
v -0.446686 0.024248 -0.209767
v -0.445804 0.024566 -0.209759
v -0.444885 0.024817 -0.209753
v -0.443939 0.024998 -0.209748
v -0.442974 0.025107 -0.209746
v -0.442000 0.025143 -0.209745
v -0.441026 0.025107 -0.209746
v -0.440061 0.024998 -0.209748
v -0.439115 0.024817 -0.209753
v -0.438196 0.024566 -0.209759
v -0.437314 0.024248 -0.209767
v -0.436478 0.023865 -0.209777
v -0.435694 0.023421 -0.209788
v -0.434971 0.022921 -0.209800
v -0.434316 0.022369 -0.209814
v -0.433735 0.021771 -0.209829
v -0.433234 0.021133 -0.209845
v -0.432817 0.020459 -0.209862
v -0.432488 0.019758 -0.209879
v -0.432251 0.019036 -0.209897
v -0.432108 0.018300 -0.209916
v -0.430340 0.019581 -0.290909
v -0.430387 0.018880 -0.290927
v -0.430526 0.018186 -0.290944
v -0.430756 0.017506 -0.290961
v -0.431075 0.016845 -0.290977
v -0.431481 0.016211 -0.290993
v -0.431968 0.015610 -0.291008
v -0.432533 0.015046 -0.291022
v -0.433169 0.014526 -0.291035
v -0.433872 0.014055 -0.291047
v -0.434633 0.013637 -0.291058
v -0.435446 0.013277 -0.291067
v -0.436303 0.012977 -0.291074
v -0.437196 0.012741 -0.291080
v -0.438115 0.012570 -0.291084
v -0.439053 0.012467 -0.291087
v -0.440000 0.012433 -0.291088
v -0.440947 0.012467 -0.291087
v -0.441885 0.012570 -0.291084
v -0.442804 0.012741 -0.291080
v -0.443697 0.012977 -0.291074
v -0.444554 0.013277 -0.291067
v -0.445367 0.013637 -0.291058
v -0.446128 0.014055 -0.291047
v -0.446831 0.014526 -0.291035
v -0.447467 0.015046 -0.291022
v -0.448032 0.015610 -0.291008
v -0.448519 0.016211 -0.290993
v -0.448925 0.016845 -0.290977
v -0.449244 0.017506 -0.290961
v -0.449474 0.018186 -0.290944
v -0.449613 0.018880 -0.290927
v -0.449660 0.019581 -0.290909
v -0.449613 0.020281 -0.290892
v -0.449474 0.020975 -0.290874
v -0.449244 0.021656 -0.290857
v -0.448925 0.022316 -0.290841
v -0.448519 0.022950 -0.290825
v -0.448032 0.023552 -0.290810
v -0.447467 0.024115 -0.290796
v -0.446831 0.024635 -0.290783
v -0.446128 0.025106 -0.290771
v -0.445367 0.025524 -0.290760
v -0.444554 0.025884 -0.290751
v -0.443697 0.026184 -0.290744
v -0.442804 0.026421 -0.290738
v -0.441885 0.026591 -0.290734
v -0.440947 0.026694 -0.290731
v -0.440000 0.026728 -0.290730
v -0.439053 0.026694 -0.290731
v -0.438115 0.026591 -0.290734
v -0.437196 0.026421 -0.290738
v -0.436303 0.026184 -0.290744
v -0.435446 0.025884 -0.290751
v -0.434633 0.025524 -0.290760
v -0.433872 0.025106 -0.290771
v -0.433169 0.024635 -0.290783
v -0.432533 0.024115 -0.290796
v -0.431968 0.023552 -0.290810
v -0.431481 0.022950 -0.290825
v -0.431075 0.022316 -0.290841
v -0.430756 0.021656 -0.290857
v -0.430526 0.020975 -0.290874
v -0.430387 0.020281 -0.290892
v -0.429781 0.012306 0.000000
v -0.428652 0.012321 -0.000573
v -0.429373 0.012308 -0.000077
v -0.428960 0.012314 -0.000286
v -0.428706 0.011477 -0.000595
v -0.429828 0.011577 -0.000018
v -0.429013 0.011494 -0.000307
v -0.429423 0.011530 -0.000096
v -0.428868 0.010641 -0.000617
v -0.429969 0.010852 -0.000036
v -0.429170 0.010682 -0.000329
v -0.429573 0.010759 -0.000116
v -0.429137 0.009821 -0.000641
v -0.430202 0.010138 -0.000054
v -0.429431 0.009885 -0.000350
v -0.429821 0.010001 -0.000135
v -0.429509 0.009025 -0.000665
v -0.430528 0.009441 -0.000072
v -0.429793 0.009111 -0.000372
v -0.430166 0.009264 -0.000154
v -0.429982 0.008259 -0.000690
v -0.430945 0.008768 -0.000088
v -0.430253 0.008367 -0.000393
v -0.430605 0.008553 -0.000173
v -0.430552 0.007533 -0.000714
v -0.431449 0.008124 -0.000105
v -0.430807 0.007660 -0.000413
v -0.431135 0.007876 -0.000190
v -0.431212 0.006852 -0.000736
v -0.432037 0.007517 -0.000120
v -0.431450 0.006997 -0.000433
v -0.431752 0.007240 -0.000207
v -0.431959 0.006224 -0.000758
v -0.432705 0.006953 -0.000134
v -0.432176 0.006385 -0.000451
v -0.432449 0.006652 -0.000223
v -0.432783 0.005653 -0.000778
v -0.433446 0.006439 -0.000147
v -0.432978 0.005829 -0.000468
v -0.433220 0.006117 -0.000237
v -0.433677 0.005147 -0.000796
v -0.434253 0.005981 -0.000158
v -0.433848 0.005336 -0.000483
v -0.434059 0.005641 -0.000249
v -0.434634 0.004710 -0.000812
v -0.435118 0.005584 -0.000168
v -0.434779 0.004910 -0.000496
v -0.434956 0.005230 -0.000260
v -0.435642 0.004347 -0.000825
v -0.436033 0.005253 -0.000176
v -0.435760 0.004555 -0.000507
v -0.435903 0.004887 -0.000269
v -0.436694 0.004060 -0.000835
v -0.436989 0.004991 -0.000183
v -0.436783 0.004276 -0.000515
v -0.436891 0.004617 -0.000277
v -0.437778 0.003853 -0.000843
v -0.437975 0.004802 -0.000188
v -0.437838 0.004074 -0.000521
v -0.437910 0.004421 -0.000282
v -0.438883 0.003728 -0.000847
v -0.438982 0.004688 -0.000191
v -0.438914 0.003952 -0.000525
v -0.438950 0.004303 -0.000285
v -0.440000 0.003686 -0.000849
v -0.440000 0.004649 -0.000191
v -0.440000 0.003912 -0.000526
v -0.440000 0.004264 -0.000286
v -0.441117 0.003728 -0.000847
v -0.441018 0.004688 -0.000191
v -0.441086 0.003952 -0.000525
v -0.441050 0.004303 -0.000285
v -0.442222 0.003853 -0.000843
v -0.442025 0.004802 -0.000188
v -0.442162 0.004074 -0.000521
v -0.442090 0.004421 -0.000282
v -0.443306 0.004060 -0.000835
v -0.443011 0.004991 -0.000183
v -0.443217 0.004276 -0.000515
v -0.443109 0.004617 -0.000277
v -0.444358 0.004347 -0.000825
v -0.443967 0.005253 -0.000176
v -0.444240 0.004555 -0.000507
v -0.444097 0.004887 -0.000269
v -0.445366 0.004710 -0.000812
v -0.444882 0.005584 -0.000168
v -0.445221 0.004910 -0.000496
v -0.445044 0.005230 -0.000260
v -0.446323 0.005147 -0.000796
v -0.445747 0.005981 -0.000158
v -0.446152 0.005336 -0.000483
v -0.445941 0.005641 -0.000249
v -0.447217 0.005653 -0.000778
v -0.446554 0.006439 -0.000147
v -0.447022 0.005829 -0.000468
v -0.446780 0.006117 -0.000237
v -0.448041 0.006224 -0.000758
v -0.447295 0.006953 -0.000134
v -0.447824 0.006385 -0.000451
v -0.447551 0.006652 -0.000223
v -0.448788 0.006852 -0.000736
v -0.447963 0.007517 -0.000120
v -0.448550 0.006997 -0.000433
v -0.448248 0.007240 -0.000207
v -0.449448 0.007533 -0.000714
v -0.448551 0.008124 -0.000105
v -0.449193 0.007660 -0.000413
v -0.448865 0.007876 -0.000190
v -0.450018 0.008259 -0.000690
v -0.449055 0.008768 -0.000088
v -0.449747 0.008367 -0.000393
v -0.449395 0.008553 -0.000173
v -0.450491 0.009025 -0.000665
v -0.449472 0.009441 -0.000072
v -0.450207 0.009111 -0.000372
v -0.449834 0.009264 -0.000154
v -0.450863 0.009821 -0.000641
v -0.449798 0.010138 -0.000054
v -0.450569 0.009885 -0.000350
v -0.450179 0.010001 -0.000135
v -0.451132 0.010641 -0.000617
v -0.450031 0.010852 -0.000036
v -0.450830 0.010682 -0.000329
v -0.450427 0.010759 -0.000116
v -0.451294 0.011477 -0.000595
v -0.450172 0.011577 -0.000018
v -0.450987 0.011494 -0.000307
v -0.450577 0.011530 -0.000096
v -0.451348 0.012321 -0.000573
v -0.450219 0.012306 -0.000000
v -0.451040 0.012314 -0.000286
v -0.450627 0.012308 -0.000077
v -0.451294 0.013165 -0.000552
v -0.450172 0.013036 0.000018
v -0.450987 0.013133 -0.000266
v -0.450577 0.013086 -0.000057
v -0.451132 0.014001 -0.000533
v -0.450031 0.013761 0.000036
v -0.450830 0.013945 -0.000247
v -0.450427 0.013857 -0.000038
v -0.450863 0.014821 -0.000516
v -0.449798 0.014474 0.000054
v -0.450569 0.014742 -0.000229
v -0.450179 0.014615 -0.000020
v -0.450491 0.015617 -0.000501
v -0.449472 0.015171 0.000072
v -0.450207 0.015516 -0.000211
v -0.449834 0.015353 -0.000002
v -0.450018 0.016383 -0.000487
v -0.449055 0.015845 0.000088
v -0.449747 0.016261 -0.000195
v -0.449395 0.016064 0.000015
v -0.449448 0.017109 -0.000474
v -0.448551 0.016489 0.000105
v -0.449193 0.016968 -0.000181
v -0.448865 0.016741 0.000031
v -0.448788 0.017791 -0.000463
v -0.447963 0.017096 0.000120
v -0.448550 0.017631 -0.000167
v -0.448248 0.017377 0.000046
v -0.448041 0.018420 -0.000453
v -0.447295 0.017660 0.000134
v -0.447824 0.018243 -0.000155
v -0.447551 0.017965 0.000060
v -0.447217 0.018990 -0.000445
v -0.446554 0.018174 0.000147
v -0.447022 0.018799 -0.000144
v -0.446780 0.018500 0.000073
v -0.446323 0.019496 -0.000437
v -0.445747 0.018632 0.000158
v -0.446152 0.019292 -0.000134
v -0.445941 0.018976 0.000084
v -0.445366 0.019934 -0.000431
v -0.444882 0.019029 0.000168
v -0.445221 0.019718 -0.000126
v -0.445044 0.019387 0.000094
v -0.444358 0.020297 -0.000426
v -0.443967 0.019360 0.000176
v -0.444240 0.020073 -0.000119
v -0.444097 0.019730 0.000102
v -0.443306 0.020584 -0.000422
v -0.443011 0.019622 0.000183
v -0.443217 0.020353 -0.000113
v -0.443109 0.020000 0.000108
v -0.442222 0.020791 -0.000419
v -0.442025 0.019811 0.000188
v -0.442162 0.020554 -0.000109
v -0.442090 0.020196 0.000113
v -0.441117 0.020916 -0.000417
v -0.441018 0.019925 0.000191
v -0.441086 0.020676 -0.000107
v -0.441050 0.020314 0.000115
v -0.440000 0.020958 -0.000417
v -0.440000 0.019963 0.000191
v -0.440000 0.020717 -0.000106
v -0.440000 0.020353 0.000116
v -0.438883 0.020916 -0.000417
v -0.438982 0.019925 0.000191
v -0.438914 0.020676 -0.000107
v -0.438950 0.020314 0.000115
v -0.437778 0.020791 -0.000419
v -0.437975 0.019811 0.000188
v -0.437838 0.020554 -0.000109
v -0.437910 0.020196 0.000113
v -0.436694 0.020584 -0.000422
v -0.436989 0.019622 0.000183
v -0.436783 0.020353 -0.000113
v -0.436891 0.020000 0.000108
v -0.435642 0.020297 -0.000426
v -0.436033 0.019360 0.000176
v -0.435760 0.020073 -0.000119
v -0.435903 0.019730 0.000102
v -0.434634 0.019934 -0.000431
v -0.435118 0.019029 0.000168
v -0.434779 0.019718 -0.000126
v -0.434956 0.019387 0.000094
v -0.433677 0.019496 -0.000437
v -0.434253 0.018632 0.000158
v -0.433848 0.019292 -0.000134
v -0.434059 0.018976 0.000084
v -0.432783 0.018990 -0.000445
v -0.433446 0.018174 0.000147
v -0.432978 0.018799 -0.000144
v -0.433220 0.018500 0.000073
v -0.431959 0.018420 -0.000453
v -0.432705 0.017660 0.000134
v -0.432176 0.018243 -0.000155
v -0.432449 0.017965 0.000060
v -0.431212 0.017791 -0.000463
v -0.432037 0.017096 0.000120
v -0.431450 0.017631 -0.000167
v -0.431752 0.017377 0.000046
v -0.430552 0.017109 -0.000474
v -0.431449 0.016489 0.000105
v -0.430807 0.016968 -0.000181
v -0.431135 0.016741 0.000031
v -0.429982 0.016383 -0.000487
v -0.430945 0.015845 0.000088
v -0.430253 0.016261 -0.000195
v -0.430605 0.016064 0.000015
v -0.429509 0.015617 -0.000501
v -0.430528 0.015171 0.000072
v -0.429793 0.015516 -0.000211
v -0.430166 0.015353 -0.000002
v -0.429137 0.014821 -0.000516
v -0.430202 0.014474 0.000054
v -0.429431 0.014742 -0.000229
v -0.429821 0.014615 -0.000020
v -0.428868 0.014001 -0.000533
v -0.429969 0.013761 0.000036
v -0.429170 0.013945 -0.000247
v -0.429573 0.013857 -0.000038
v -0.428706 0.013165 -0.000552
v -0.429828 0.013036 0.000018
v -0.429013 0.013133 -0.000266
v -0.429423 0.013086 -0.000057
v -0.426781 0.012399 -0.003696
v -0.427261 0.012367 -0.002436
v -0.426867 0.012388 -0.003272
v -0.427043 0.012377 -0.002811
v -0.427322 0.011443 -0.002458
v -0.426845 0.011441 -0.003720
v -0.427105 0.011439 -0.002834
v -0.426930 0.011438 -0.003296
v -0.427506 0.010528 -0.002480
v -0.427035 0.010493 -0.003744
v -0.427292 0.010511 -0.002857
v -0.427120 0.010498 -0.003319
v -0.427351 0.009563 -0.003767
v -0.427811 0.009630 -0.002502
v -0.427713 0.008943 -0.003085
v -0.427433 0.009575 -0.003342
v -0.427601 0.009600 -0.002879
v -0.452189 0.009630 -0.002502
v -0.452649 0.009563 -0.003767
v -0.452287 0.008943 -0.003085
v -0.452399 0.009600 -0.002879
v -0.452567 0.009575 -0.003342
v -0.452494 0.010528 -0.002480
v -0.452965 0.010493 -0.003744
v -0.452708 0.010511 -0.002857
v -0.452880 0.010498 -0.003319
v -0.452678 0.011443 -0.002458
v -0.453155 0.011441 -0.003720
v -0.452895 0.011439 -0.002834
v -0.453070 0.011438 -0.003296
v -0.452739 0.012367 -0.002436
v -0.453219 0.012399 -0.003696
v -0.452957 0.012377 -0.002811
v -0.453133 0.012388 -0.003272
v -0.452678 0.013291 -0.002412
v -0.453155 0.013356 -0.003672
v -0.452895 0.013314 -0.002787
v -0.453070 0.013338 -0.003248
v -0.452494 0.014207 -0.002388
v -0.452965 0.014305 -0.003649
v -0.452708 0.014243 -0.002764
v -0.452880 0.014279 -0.003225
v -0.452649 0.015235 -0.003625
v -0.452189 0.015104 -0.002365
v -0.452287 0.015820 -0.002913
v -0.452567 0.015201 -0.003201
v -0.452399 0.015153 -0.002740
v -0.427811 0.015104 -0.002365
v -0.427351 0.015235 -0.003625
v -0.427713 0.015820 -0.002913
v -0.427601 0.015153 -0.002740
v -0.427433 0.015201 -0.003201
v -0.427506 0.014207 -0.002388
v -0.427035 0.014305 -0.003649
v -0.427292 0.014243 -0.002764
v -0.427120 0.014279 -0.003225
v -0.427322 0.013291 -0.002412
v -0.426845 0.013356 -0.003672
v -0.427105 0.013314 -0.002787
v -0.426930 0.013338 -0.003248
v -0.431322 0.020581 -0.330897
v -0.430615 0.020563 -0.330197
v -0.430970 0.020578 -0.330803
v -0.430712 0.020572 -0.330547
v -0.431361 0.019994 -0.330911
v -0.430660 0.019884 -0.330214
v -0.431012 0.019945 -0.330819
v -0.430756 0.019905 -0.330563
v -0.431478 0.019411 -0.330926
v -0.430795 0.019211 -0.330231
v -0.431138 0.019318 -0.330834
v -0.430889 0.019244 -0.330580
v -0.431673 0.018835 -0.330940
v -0.431019 0.018551 -0.330247
v -0.431348 0.018700 -0.330850
v -0.431109 0.018596 -0.330596
v -0.431946 0.018272 -0.330954
v -0.431329 0.017910 -0.330263
v -0.431639 0.018098 -0.330865
v -0.431414 0.017966 -0.330612
v -0.432296 0.017725 -0.330968
v -0.431723 0.017295 -0.330278
v -0.432011 0.017517 -0.330879
v -0.431802 0.017360 -0.330627
v -0.432721 0.017201 -0.330981
v -0.432197 0.016712 -0.330293
v -0.432460 0.016964 -0.330893
v -0.432268 0.016785 -0.330641
v -0.433218 0.016706 -0.330993
v -0.432745 0.016166 -0.330307
v -0.432983 0.016443 -0.330906
v -0.432810 0.016245 -0.330655
v -0.433784 0.016245 -0.331005
v -0.433364 0.015662 -0.330319
v -0.433575 0.015961 -0.330918
v -0.433421 0.015747 -0.330667
v -0.434413 0.015824 -0.331015
v -0.434046 0.015205 -0.330331
v -0.434231 0.015522 -0.330929
v -0.434097 0.015295 -0.330679
v -0.435099 0.015448 -0.331025
v -0.434786 0.014800 -0.330341
v -0.434944 0.015131 -0.330939
v -0.434829 0.014894 -0.330689
v -0.435836 0.015122 -0.331033
v -0.435576 0.014450 -0.330350
v -0.435707 0.014794 -0.330947
v -0.435612 0.014548 -0.330697
v -0.436616 0.014850 -0.331040
v -0.436409 0.014159 -0.330357
v -0.436513 0.014512 -0.330954
v -0.436437 0.014259 -0.330705
v -0.437431 0.014634 -0.331045
v -0.437276 0.013930 -0.330363
v -0.437354 0.014290 -0.330960
v -0.437297 0.014032 -0.330710
v -0.438272 0.014479 -0.331049
v -0.438169 0.013765 -0.330367
v -0.438221 0.014129 -0.330964
v -0.438183 0.013868 -0.330714
v -0.439131 0.014384 -0.331051
v -0.439080 0.013665 -0.330369
v -0.439106 0.014032 -0.330966
v -0.439087 0.013769 -0.330717
v -0.440000 0.014353 -0.331052
v -0.440000 0.013631 -0.330370
v -0.440000 0.014000 -0.330967
v -0.440000 0.013736 -0.330718
v -0.440868 0.014384 -0.331051
v -0.440920 0.013665 -0.330369
v -0.440894 0.014032 -0.330966
v -0.440913 0.013769 -0.330717
v -0.441728 0.014479 -0.331049
v -0.441831 0.013765 -0.330367
v -0.441779 0.014129 -0.330964
v -0.441817 0.013868 -0.330714
v -0.442569 0.014634 -0.331045
v -0.442724 0.013930 -0.330363
v -0.442646 0.014290 -0.330960
v -0.442703 0.014032 -0.330710
v -0.443384 0.014850 -0.331040
v -0.443591 0.014159 -0.330357
v -0.443487 0.014512 -0.330954
v -0.443563 0.014259 -0.330705
v -0.444164 0.015122 -0.331033
v -0.444424 0.014450 -0.330350
v -0.444293 0.014794 -0.330947
v -0.444388 0.014548 -0.330697
v -0.444901 0.015448 -0.331025
v -0.445214 0.014800 -0.330341
v -0.445056 0.015131 -0.330939
v -0.445171 0.014894 -0.330689
v -0.445587 0.015824 -0.331015
v -0.445954 0.015205 -0.330331
v -0.445769 0.015522 -0.330929
v -0.445903 0.015295 -0.330679
v -0.446216 0.016245 -0.331005
v -0.446636 0.015662 -0.330319
v -0.446425 0.015961 -0.330918
v -0.446579 0.015747 -0.330667
v -0.446782 0.016706 -0.330993
v -0.447255 0.016166 -0.330307
v -0.447017 0.016443 -0.330906
v -0.447190 0.016245 -0.330655
v -0.447279 0.017201 -0.330981
v -0.447803 0.016712 -0.330293
v -0.447540 0.016964 -0.330893
v -0.447732 0.016785 -0.330641
v -0.447704 0.017725 -0.330968
v -0.448277 0.017295 -0.330278
v -0.447989 0.017517 -0.330879
v -0.448198 0.017360 -0.330627
v -0.448054 0.018272 -0.330954
v -0.448671 0.017910 -0.330263
v -0.448361 0.018098 -0.330865
v -0.448586 0.017966 -0.330612
v -0.448327 0.018835 -0.330940
v -0.448981 0.018551 -0.330247
v -0.448652 0.018700 -0.330850
v -0.448891 0.018596 -0.330596
v -0.448522 0.019411 -0.330926
v -0.449205 0.019211 -0.330231
v -0.448862 0.019318 -0.330834
v -0.449111 0.019244 -0.330580
v -0.448639 0.019994 -0.330911
v -0.449340 0.019884 -0.330214
v -0.448988 0.019945 -0.330819
v -0.449244 0.019905 -0.330563
v -0.448678 0.020581 -0.330897
v -0.449385 0.020563 -0.330197
v -0.449030 0.020578 -0.330803
v -0.449288 0.020572 -0.330547
v -0.448639 0.021167 -0.330882
v -0.449340 0.021242 -0.330180
v -0.448988 0.021211 -0.330787
v -0.449244 0.021239 -0.330530
v -0.448522 0.021750 -0.330867
v -0.449205 0.021915 -0.330163
v -0.448862 0.021839 -0.330771
v -0.449111 0.021899 -0.330513
v -0.448327 0.022326 -0.330853
v -0.448981 0.022575 -0.330146
v -0.448652 0.022456 -0.330756
v -0.448891 0.022548 -0.330497
v -0.448054 0.022889 -0.330839
v -0.448671 0.023216 -0.330130
v -0.448361 0.023058 -0.330741
v -0.448586 0.023178 -0.330481
v -0.447704 0.023436 -0.330825
v -0.448277 0.023831 -0.330115
v -0.447989 0.023639 -0.330726
v -0.448198 0.023783 -0.330466
v -0.447279 0.023960 -0.330812
v -0.447803 0.024414 -0.330100
v -0.447540 0.024193 -0.330712
v -0.447732 0.024359 -0.330452
v -0.446782 0.024455 -0.330800
v -0.447255 0.024960 -0.330087
v -0.447017 0.024713 -0.330699
v -0.447190 0.024898 -0.330438
v -0.446216 0.024916 -0.330788
v -0.446636 0.025464 -0.330074
v -0.446425 0.025196 -0.330687
v -0.446579 0.025396 -0.330426
v -0.445587 0.025337 -0.330778
v -0.445954 0.025921 -0.330063
v -0.445769 0.025634 -0.330676
v -0.445903 0.025848 -0.330415
v -0.444901 0.025713 -0.330768
v -0.445214 0.026327 -0.330053
v -0.445056 0.026025 -0.330667
v -0.445171 0.026250 -0.330405
v -0.444164 0.026039 -0.330760
v -0.444424 0.026676 -0.330044
v -0.444293 0.026363 -0.330658
v -0.444388 0.026596 -0.330396
v -0.443384 0.026311 -0.330753
v -0.443591 0.026967 -0.330037
v -0.443487 0.026644 -0.330651
v -0.443563 0.026884 -0.330389
v -0.442569 0.026527 -0.330748
v -0.442724 0.027196 -0.330031
v -0.442646 0.026867 -0.330646
v -0.442703 0.027112 -0.330383
v -0.441728 0.026682 -0.330744
v -0.441831 0.027362 -0.330027
v -0.441779 0.027027 -0.330642
v -0.441817 0.027276 -0.330379
v -0.440868 0.026777 -0.330742
v -0.440920 0.027461 -0.330024
v -0.440894 0.027124 -0.330639
v -0.440913 0.027375 -0.330377
v -0.440000 0.026808 -0.330741
v -0.440000 0.027495 -0.330023
v -0.440000 0.027156 -0.330638
v -0.440000 0.027408 -0.330376
v -0.439131 0.026777 -0.330742
v -0.439080 0.027461 -0.330024
v -0.439106 0.027124 -0.330639
v -0.439087 0.027375 -0.330377
v -0.438272 0.026682 -0.330744
v -0.438169 0.027362 -0.330027
v -0.438221 0.027027 -0.330642
v -0.438183 0.027276 -0.330379
v -0.437431 0.026527 -0.330748
v -0.437276 0.027196 -0.330031
v -0.437354 0.026867 -0.330646
v -0.437297 0.027112 -0.330383
v -0.436616 0.026311 -0.330753
v -0.436409 0.026967 -0.330037
v -0.436513 0.026644 -0.330651
v -0.436437 0.026884 -0.330389
v -0.435836 0.026039 -0.330760
v -0.435576 0.026676 -0.330044
v -0.435707 0.026363 -0.330658
v -0.435612 0.026596 -0.330396
v -0.435099 0.025713 -0.330768
v -0.434786 0.026327 -0.330053
v -0.434944 0.026025 -0.330667
v -0.434829 0.026250 -0.330405
v -0.434413 0.025337 -0.330778
v -0.434046 0.025921 -0.330063
v -0.434231 0.025634 -0.330676
v -0.434097 0.025848 -0.330415
v -0.433784 0.024916 -0.330788
v -0.433364 0.025464 -0.330074
v -0.433575 0.025196 -0.330687
v -0.433421 0.025396 -0.330426
v -0.433218 0.024455 -0.330800
v -0.432745 0.024960 -0.330087
v -0.432983 0.024713 -0.330699
v -0.432810 0.024898 -0.330438
v -0.432721 0.023960 -0.330812
v -0.432197 0.024414 -0.330100
v -0.432460 0.024193 -0.330712
v -0.432268 0.024359 -0.330452
v -0.432296 0.023436 -0.330825
v -0.431723 0.023831 -0.330115
v -0.432011 0.023639 -0.330726
v -0.431802 0.023783 -0.330466
v -0.431946 0.022889 -0.330839
v -0.431329 0.023216 -0.330130
v -0.431639 0.023058 -0.330741
v -0.431414 0.023178 -0.330481
v -0.431673 0.022326 -0.330853
v -0.431019 0.022575 -0.330146
v -0.431348 0.022456 -0.330756
v -0.431109 0.022548 -0.330497
v -0.431478 0.021750 -0.330867
v -0.430795 0.021915 -0.330163
v -0.431138 0.021839 -0.330771
v -0.430889 0.021899 -0.330513
v -0.431361 0.021167 -0.330882
v -0.430660 0.021242 -0.330180
v -0.431012 0.021211 -0.330787
v -0.430756 0.021239 -0.330530
vn 0.8612 -0.4757 0.1789
vn 0.8022 -0.5700 0.1777
vn 0.8281 -0.5591 -0.0414
vn 0.8852 -0.4631 -0.0441
vn 0.7366 -0.6536 0.1739
vn 0.7635 -0.6447 -0.0383
vn 0.6664 -0.7258 0.1706
vn 0.6936 -0.7195 -0.0347
vn 0.5934 -0.7872 0.1677
vn 0.6200 -0.7840 -0.0307
vn 0.5190 -0.8387 0.1652
vn 0.5442 -0.8385 -0.0266
vn 0.4440 -0.8810 0.1632
vn 0.4670 -0.8840 -0.0225
vn 0.3690 -0.9153 0.1617
vn 0.3892 -0.9210 -0.0184
vn 0.2944 -0.9421 0.1604
vn 0.3111 -0.9503 -0.0146
vn 0.2202 -0.9623 0.1596
vn 0.2331 -0.9724 -0.0110
vn 0.1465 -0.9764 0.1589
vn 0.1553 -0.9878 -0.0078
vn 0.0732 -0.9846 0.1586
vn 0.0776 -0.9970 -0.0050
vn -0.0000 -0.9874 0.1584
vn -0.0000 -1.0000 -0.0026
vn -0.0732 -0.9846 0.1586
vn -0.0776 -0.9970 -0.0006
vn -0.1465 -0.9764 0.1589
vn -0.1553 -0.9879 0.0011
vn -0.2202 -0.9623 0.1596
vn -0.2331 -0.9725 0.0024
vn -0.2944 -0.9421 0.1604
vn -0.3110 -0.9504 0.0034
vn -0.3690 -0.9153 0.1617
vn -0.3890 -0.9212 0.0041
vn -0.4440 -0.8810 0.1632
vn -0.4668 -0.8843 0.0045
vn -0.5190 -0.8387 0.1652
vn -0.5440 -0.8391 0.0048
vn -0.5934 -0.7872 0.1677
vn -0.6199 -0.7847 0.0051
vn -0.6664 -0.7258 0.1706
vn -0.6935 -0.7204 0.0054
vn -0.7366 -0.6536 0.1739
vn -0.7635 -0.6458 0.0058
vn -0.8022 -0.5700 0.1777
vn -0.8282 -0.5604 0.0064
vn -0.8617 -0.4749 0.1790
vn -0.8855 -0.4645 0.0072
vn -0.8612 0.4661 0.2025
vn -0.8022 0.5604 0.2059
vn -0.8282 0.5594 0.0344
vn -0.8855 0.4636 0.0304
vn -0.7366 0.6441 0.2064
vn -0.7635 0.6447 0.0380
vn -0.6664 0.7164 0.2066
vn -0.6935 0.7193 0.0414
vn -0.5934 0.7779 0.2068
vn -0.6199 0.7834 0.0443
vn -0.5190 0.8294 0.2069
vn -0.5440 0.8378 0.0468
vn -0.4440 0.8718 0.2070
vn -0.4668 0.8830 0.0487
vn -0.3690 0.9060 0.2072
vn -0.3890 0.9199 0.0501
vn -0.2944 0.9329 0.2073
vn -0.3110 0.9490 0.0509
vn -0.2202 0.9531 0.2075
vn -0.2331 0.9711 0.0510
vn -0.1465 0.9672 0.2075
vn -0.1553 0.9866 0.0505
vn -0.0732 0.9755 0.2076
vn -0.0776 0.9958 0.0493
vn -0.0000 0.9782 0.2076
vn -0.0000 0.9989 0.0474
vn 0.0732 0.9755 0.2076
vn 0.0776 0.9960 0.0448
vn 0.1465 0.9672 0.2075
vn 0.1553 0.9870 0.0415
vn 0.2202 0.9531 0.2075
vn 0.2331 0.9717 0.0376
vn 0.2944 0.9329 0.2073
vn 0.3111 0.9498 0.0329
vn 0.3690 0.9060 0.2072
vn 0.3892 0.9208 0.0276
vn 0.4440 0.8718 0.2070
vn 0.4670 0.8840 0.0217
vn 0.5190 0.8294 0.2069
vn 0.5442 0.8388 0.0154
vn 0.5934 0.7779 0.2068
vn 0.6200 0.7845 0.0085
vn 0.6664 0.7164 0.2066
vn 0.6936 0.7204 0.0013
vn 0.7366 0.6441 0.2064
vn 0.7635 0.6458 -0.0060
vn 0.8022 0.5604 0.2059
vn 0.8281 0.5605 -0.0134
vn 0.8617 0.4654 0.2025
vn 0.8852 0.4647 -0.0209
vn 0.9990 0.0011 -0.0440
vn 0.9914 -0.1223 -0.0465
vn 0.9898 -0.1172 -0.0811
vn 0.9969 0.0020 -0.0786
vn 0.9690 -0.2424 -0.0476
vn 0.9688 -0.2337 -0.0825
vn 0.9329 -0.3571 -0.0466
vn 0.9350 -0.3449 -0.0830
vn 0.8898 -0.4488 -0.0826
vn 0.8351 -0.5440 -0.0814
vn 0.7728 -0.6297 -0.0794
vn 0.7045 -0.7055 -0.0769
vn 0.6320 -0.7714 -0.0740
vn 0.5565 -0.8278 -0.0708
vn 0.4789 -0.8753 -0.0674
vn 0.4001 -0.9143 -0.0639
vn 0.3207 -0.9453 -0.0603
vn 0.2405 -0.9690 -0.0568
vn 0.1603 -0.9856 -0.0533
vn 0.0805 -0.9955 -0.0497
vn -0.0000 -0.9989 -0.0465
vn -0.0804 -0.9958 -0.0431
vn -0.1604 -0.9862 -0.0400
vn -0.2406 -0.9699 -0.0368
vn -0.3207 -0.9466 -0.0337
vn -0.4005 -0.9158 -0.0306
vn -0.4794 -0.8771 -0.0276
vn -0.5572 -0.8300 -0.0245
vn -0.6330 -0.7738 -0.0214
vn -0.7058 -0.7082 -0.0183
vn -0.7743 -0.6326 -0.0151
vn -0.8370 -0.5470 -0.0119
vn -0.8921 -0.4518 -0.0086
vn -0.9334 -0.3586 0.0079
vn -0.9376 -0.3478 -0.0052
vn -0.9697 -0.2440 0.0094
vn -0.9717 -0.2364 -0.0020
vn -0.9922 -0.1238 0.0118
vn -0.9928 -0.1197 0.0013
vn -0.9999 -0.0004 0.0147
vn -1.0000 -0.0001 0.0043
vn -0.9922 0.1231 0.0180
vn -0.9928 0.1194 0.0073
vn -0.9697 0.2433 0.0216
vn -0.9717 0.2362 0.0098
vn -0.9334 0.3578 0.0258
vn -0.9376 0.3476 0.0121
vn -0.8921 0.4517 0.0140
vn -0.8370 0.5469 0.0155
vn -0.7743 0.6326 0.0165
vn -0.7058 0.7082 0.0171
vn -0.6330 0.7740 0.0173
vn -0.5572 0.8302 0.0170
vn -0.4794 0.8774 0.0163
vn -0.4004 0.9162 0.0152
vn -0.3207 0.9471 0.0136
vn -0.2407 0.9705 0.0118
vn -0.1604 0.9870 0.0094
vn -0.0804 0.9967 0.0068
vn -0.0000 1.0000 0.0034
vn 0.0805 0.9968 0.0001
vn 0.1603 0.9871 -0.0040
vn 0.2405 0.9706 -0.0083
vn 0.3206 0.9471 -0.0130
vn 0.4001 0.9163 -0.0181
vn 0.4790 0.8775 -0.0235
vn 0.5565 0.8303 -0.0293
vn 0.6320 0.7741 -0.0354
vn 0.7046 0.7084 -0.0416
vn 0.7728 0.6329 -0.0478
vn 0.8351 0.5474 -0.0541
vn 0.8898 0.4524 -0.0601
vn 0.9329 0.3590 -0.0287
vn 0.9350 0.3486 -0.0657
vn 0.9690 0.2445 -0.0354
vn 0.9688 0.2375 -0.0708
vn 0.9914 0.1244 -0.0403
vn 0.9898 0.1211 -0.0751
vn 0.9918 -0.1178 -0.0494
vn 0.9989 0.0012 -0.0466
vn 0.9708 -0.2341 -0.0517
vn 0.9370 -0.3451 -0.0535
vn 0.8919 -0.4490 -0.0546
vn 0.8372 -0.5441 -0.0554
vn 0.7748 -0.6297 -0.0557
vn 0.7066 -0.7054 -0.0555
vn 0.6340 -0.7714 -0.0551
vn 0.5583 -0.8279 -0.0543
vn 0.4806 -0.8753 -0.0533
vn 0.4015 -0.9144 -0.0518
vn 0.3217 -0.9455 -0.0505
vn 0.2415 -0.9692 -0.0488
vn 0.1610 -0.9858 -0.0472
vn 0.0805 -0.9957 -0.0451
vn 0.0001 -0.9991 -0.0427
vn -0.0807 -0.9959 -0.0406
vn -0.1611 -0.9862 -0.0381
vn -0.2416 -0.9697 -0.0355
vn -0.3218 -0.9462 -0.0328
vn -0.4018 -0.9153 -0.0299
vn -0.4808 -0.8764 -0.0268
vn -0.5586 -0.8291 -0.0236
vn -0.6342 -0.7729 -0.0203
vn -0.7070 -0.7070 -0.0168
vn -0.7755 -0.6312 -0.0131
vn -0.8380 -0.5457 -0.0094
vn -0.8927 -0.4507 -0.0057
vn -0.9380 -0.3467 -0.0019
vn -0.9718 -0.2357 0.0016
vn -0.9928 -0.1193 0.0051
vn -1.0000 -0.0002 0.0081
vn -0.9928 0.1189 0.0111
vn -0.9718 0.2353 0.0134
vn -0.9380 0.3464 0.0154
vn -0.8927 0.4504 0.0168
vn -0.8380 0.5454 0.0179
vn -0.7755 0.6311 0.0184
vn -0.7071 0.7069 0.0186
vn -0.6342 0.7729 0.0183
vn -0.5586 0.8292 0.0179
vn -0.4808 0.8767 0.0170
vn -0.4017 0.9156 0.0159
vn -0.3219 0.9467 0.0146
vn -0.2416 0.9703 0.0130
vn -0.1611 0.9869 0.0113
vn -0.0807 0.9967 0.0093
vn 0.0001 1.0000 0.0073
vn 0.0805 0.9967 0.0047
vn 0.1610 0.9870 0.0021
vn 0.2415 0.9704 -0.0002
vn 0.3217 0.9468 -0.0032
vn 0.4015 0.9158 -0.0061
vn 0.4806 0.8769 -0.0094
vn 0.5583 0.8295 -0.0128
vn 0.6340 0.7732 -0.0165
vn 0.7066 0.7073 -0.0203
vn 0.7748 0.6317 -0.0241
vn 0.8372 0.5462 -0.0282
vn 0.8919 0.4511 -0.0322
vn 0.9370 0.3474 -0.0362
vn 0.9708 0.2364 -0.0399
vn 0.9918 0.1202 -0.0435
vn 0.9925 -0.1221 -0.0077
vn 1.0000 0.0001 -0.0045
vn 0.9704 -0.2413 -0.0110
vn 0.9349 -0.3546 -0.0142
vn 0.8879 -0.4598 -0.0174
vn 0.8312 -0.5555 -0.0204
vn 0.7672 -0.6409 -0.0234
vn 0.6977 -0.7159 -0.0262
vn 0.6244 -0.7806 -0.0286
vn 0.5485 -0.8356 -0.0308
vn 0.4711 -0.8815 -0.0328
vn 0.3929 -0.9189 -0.0346
vn 0.3144 -0.9486 -0.0362
vn 0.2357 -0.9711 -0.0374
vn 0.1572 -0.9868 -0.0385
vn 0.0784 -0.9961 -0.0393
vn -0.0001 -0.9992 -0.0399
vn -0.0785 -0.9961 -0.0404
vn -0.1571 -0.9868 -0.0406
vn -0.2356 -0.9710 -0.0405
vn -0.3142 -0.9485 -0.0402
vn -0.3928 -0.9188 -0.0398
vn -0.4711 -0.8812 -0.0392
vn -0.5484 -0.8353 -0.0382
vn -0.6243 -0.7803 -0.0369
vn -0.6976 -0.7156 -0.0354
vn -0.7671 -0.6406 -0.0335
vn -0.8311 -0.5552 -0.0315
vn -0.8877 -0.4594 -0.0292
vn -0.9348 -0.3542 -0.0266
vn -0.9703 -0.2409 -0.0239
vn -0.9923 -0.1218 -0.0209
vn -0.9998 0.0004 -0.0178
vn -0.9923 0.1227 -0.0148
vn -0.9703 0.2418 -0.0118
vn -0.9348 0.3551 -0.0089
vn -0.8877 0.4603 -0.0062
vn -0.8311 0.5560 -0.0038
vn -0.7671 0.6415 -0.0015
vn -0.6976 0.7165 0.0005
vn -0.6243 0.7812 0.0021
vn -0.5484 0.8362 0.0037
vn -0.4711 0.8821 0.0050
vn -0.3928 0.9196 0.0062
vn -0.3143 0.9493 0.0072
vn -0.2355 0.9718 0.0082
vn -0.1571 0.9875 0.0088
vn -0.0790 0.9968 0.0093
vn -0.0001 0.9999 0.0100
vn 0.0784 0.9969 0.0105
vn 0.1572 0.9875 0.0109
vn 0.2357 0.9718 0.0112
vn 0.3144 0.9492 0.0113
vn 0.3929 0.9195 0.0114
vn 0.4711 0.8820 0.0113
vn 0.5484 0.8361 0.0111
vn 0.6244 0.7810 0.0104
vn 0.6977 0.7163 0.0097
vn 0.7672 0.6413 0.0086
vn 0.8312 0.5559 0.0073
vn 0.8879 0.4601 0.0056
vn 0.9349 0.3548 0.0036
vn 0.9704 0.2415 0.0011
vn 0.9925 0.1224 -0.0015
vn 0.9916 -0.1283 0.0179
vn 0.9998 -0.0005 0.0214
vn 0.9675 -0.2523 0.0141
vn 0.9293 -0.3692 0.0099
vn 0.8791 -0.4766 0.0057
vn 0.8194 -0.5732 0.0014
vn 0.7528 -0.6582 -0.0029
vn 0.6815 -0.7318 -0.0070
vn 0.6073 -0.7944 -0.0109
vn 0.5314 -0.8470 -0.0146
vn 0.4549 -0.8904 -0.0181
vn 0.3782 -0.9255 -0.0213
vn 0.3020 -0.9530 -0.0244
vn 0.2259 -0.9738 -0.0272
vn 0.1502 -0.9882 -0.0297
vn 0.0751 -0.9967 -0.0322
vn -0.0000 -0.9994 -0.0345
vn -0.0751 -0.9965 -0.0367
vn -0.1504 -0.9879 -0.0386
vn -0.2258 -0.9733 -0.0401
vn -0.3018 -0.9525 -0.0416
vn -0.3781 -0.9248 -0.0429
vn -0.4548 -0.8895 -0.0441
vn -0.5312 -0.8460 -0.0449
vn -0.6071 -0.7933 -0.0455
vn -0.6813 -0.7305 -0.0459
vn -0.7526 -0.6569 -0.0459
vn -0.8192 -0.5718 -0.0454
vn -0.8787 -0.4752 -0.0445
vn -0.9289 -0.3677 -0.0430
vn -0.9672 -0.2507 -0.0411
vn -0.9912 -0.1268 -0.0386
vn -0.9994 0.0009 -0.0356
vn -0.9912 0.1286 -0.0322
vn -0.9672 0.2524 -0.0286
vn -0.9289 0.3694 -0.0246
vn -0.8787 0.4768 -0.0207
vn -0.8191 0.5733 -0.0168
vn -0.7526 0.6583 -0.0130
vn -0.6813 0.7319 -0.0093
vn -0.6071 0.7946 -0.0058
vn -0.5313 0.8472 -0.0026
vn -0.4549 0.8906 0.0004
vn -0.3781 0.9257 0.0034
vn -0.3018 0.9533 0.0061
vn -0.2258 0.9741 0.0086
vn -0.1504 0.9886 0.0108
vn -0.0751 0.9971 0.0132
vn -0.0000 0.9999 0.0155
vn 0.0751 0.9970 0.0176
vn 0.1502 0.9885 0.0197
vn 0.2258 0.9739 0.0215
vn 0.3020 0.9530 0.0233
vn 0.3782 0.9254 0.0250
vn 0.4549 0.8902 0.0264
vn 0.5314 0.8467 0.0277
vn 0.6073 0.7940 0.0288
vn 0.6815 0.7312 0.0296
vn 0.7528 0.6575 0.0300
vn 0.8195 0.5723 0.0300
vn 0.8791 0.4758 0.0295
vn 0.9294 0.3681 0.0284
vn 0.9676 0.2512 0.0267
vn 0.9916 0.1272 0.0243
vn 0.9914 -0.1308 0.0088
vn 0.9999 -0.0003 0.0123
vn 0.9663 -0.2572 0.0053
vn 0.9266 -0.3759 0.0016
vn 0.8748 -0.4845 -0.0021
vn 0.8136 -0.5814 -0.0056
vn 0.7458 -0.6661 -0.0089
vn 0.6736 -0.7390 -0.0121
vn 0.5990 -0.8006 -0.0150
vn 0.5232 -0.8520 -0.0176
vn 0.4471 -0.8943 -0.0201
vn 0.3712 -0.9283 -0.0223
vn 0.2960 -0.9549 -0.0241
vn 0.2213 -0.9749 -0.0260
vn 0.1472 -0.9887 -0.0278
vn 0.0734 -0.9969 -0.0290
vn -0.0000 -0.9995 -0.0304
vn -0.0736 -0.9968 -0.0317
vn -0.1472 -0.9886 -0.0326
vn -0.2213 -0.9746 -0.0336
vn -0.2959 -0.9546 -0.0342
vn -0.3712 -0.9279 -0.0347
vn -0.4470 -0.8938 -0.0351
vn -0.5231 -0.8515 -0.0352
vn -0.5989 -0.8000 -0.0351
vn -0.6735 -0.7383 -0.0348
vn -0.7457 -0.6654 -0.0341
vn -0.8135 -0.5806 -0.0330
vn -0.8747 -0.4837 -0.0316
vn -0.9265 -0.3751 -0.0297
vn -0.9662 -0.2563 -0.0274
vn -0.9912 -0.1299 -0.0246
vn -0.9998 0.0005 -0.0214
vn -0.9912 0.1310 -0.0181
vn -0.9662 0.2574 -0.0145
vn -0.9265 0.3761 -0.0109
vn -0.8747 0.4847 -0.0074
vn -0.8135 0.5816 -0.0040
vn -0.7457 0.6663 -0.0008
vn -0.6736 0.7391 0.0021
vn -0.5989 0.8008 0.0049
vn -0.5231 0.8522 0.0074
vn -0.4470 0.8945 0.0096
vn -0.3712 0.9285 0.0117
vn -0.2959 0.9551 0.0136
vn -0.2213 0.9751 0.0152
vn -0.1471 0.9890 0.0170
vn -0.0736 0.9971 0.0182
vn -0.0000 0.9998 0.0196
vn 0.0734 0.9971 0.0209
vn 0.1472 0.9889 0.0216
vn 0.2213 0.9749 0.0227
vn 0.2960 0.9549 0.0236
vn 0.3712 0.9282 0.0242
vn 0.4471 0.8942 0.0247
vn 0.5232 0.8519 0.0250
vn 0.5990 0.8004 0.0251
vn 0.6736 0.7387 0.0249
vn 0.7458 0.6658 0.0244
vn 0.8136 0.5810 0.0235
vn 0.8748 0.4840 0.0222
vn 0.9266 0.3754 0.0204
vn 0.9663 0.2566 0.0181
vn 0.9914 0.1302 0.0154
vn 0.9252 -0.3703 0.0825
vn 0.9115 -0.3104 0.2697
vn 0.8892 -0.4190 0.1837
vn 0.8638 -0.2957 0.4079
vn 0.7626 -0.3219 0.5612
vn -0.7626 -0.3219 0.5612
vn -0.8638 -0.2957 0.4079
vn -0.8892 -0.4190 0.1837
vn -0.9115 -0.3104 0.2697
vn -0.9253 -0.3703 0.0825
vn -0.9252 0.3657 0.1009
vn -0.9115 0.2965 0.2849
vn -0.8892 0.4093 0.2044
vn -0.8638 0.2749 0.4221
vn -0.7626 0.2934 0.5765
vn 0.7626 0.2934 0.5765
vn 0.8638 0.2749 0.4222
vn 0.8892 0.4093 0.2044
vn 0.9115 0.2965 0.2849
vn 0.9253 0.3657 0.1009
vn 0.7855 -0.0155 0.6186
vn 0.7805 0.0870 0.6191
vn 0.6051 0.0485 0.7947
vn 0.6076 -0.0096 0.7942
vn 0.4525 0.0070 0.8918
vn 0.1850 -0.0126 0.9827
vn 0.1826 0.0110 0.9831
vn 0.4470 0.0650 0.8922
vn 0.6647 0.1580 0.7302
vn 0.7655 0.1876 0.6155
vn 0.1779 0.0339 0.9835
vn 0.4364 0.1217 0.8915
vn 0.5723 0.2199 0.7900
vn 0.7411 0.2894 0.6058
vn 0.1711 0.0558 0.9837
vn 0.4105 0.2032 0.8889
vn 0.4208 0.1761 0.8899
vn 0.5170 0.2622 0.8149
vn 0.7097 0.3806 0.5929
vn 0.1625 0.0763 0.9838
vn 0.3884 0.2531 0.8861
vn 0.4894 0.3249 0.8093
vn 0.6700 0.4648 0.5789
vn 0.1523 0.0953 0.9837
vn 0.3627 0.2992 0.8826
vn 0.4572 0.3830 0.8027
vn 0.6228 0.5428 0.5634
vn 0.1409 0.1125 0.9836
vn 0.3339 0.3412 0.8787
vn 0.4211 0.4360 0.7954
vn 0.5704 0.6128 0.5469
vn 0.1283 0.1281 0.9834
vn 0.3024 0.3790 0.8746
vn 0.3816 0.4837 0.7877
vn 0.5139 0.6745 0.5300
vn 0.1149 0.1418 0.9832
vn 0.2689 0.4124 0.8704
vn 0.3393 0.5258 0.7800
vn 0.4543 0.7279 0.5136
vn 0.1008 0.1538 0.9830
vn 0.2335 0.4414 0.8664
vn 0.2947 0.5623 0.7726
vn 0.3923 0.7733 0.4981
vn 0.0861 0.1640 0.9827
vn 0.1967 0.4659 0.8627
vn 0.2482 0.5932 0.7658
vn 0.3287 0.8109 0.4842
vn 0.0710 0.1724 0.9825
vn 0.1586 0.4860 0.8595
vn 0.2002 0.6184 0.7599
vn 0.2640 0.8410 0.4722
vn 0.0555 0.1791 0.9823
vn 0.1197 0.5015 0.8568
vn 0.1511 0.6380 0.7551
vn 0.1985 0.8641 0.4626
vn 0.0398 0.1841 0.9821
vn 0.0802 0.5127 0.8548
vn 0.1012 0.6519 0.7515
vn 0.1325 0.8803 0.4555
vn 0.0240 0.1875 0.9820
vn 0.0402 0.5193 0.8536
vn 0.0507 0.6603 0.7493
vn 0.0663 0.8899 0.4513
vn 0.0080 0.1891 0.9819
vn -0.0000 0.5215 0.8532
vn -0.0000 0.6631 0.7486
vn -0.0000 0.8931 0.4498
vn -0.0080 0.1891 0.9819
vn -0.0402 0.5193 0.8536
vn -0.0507 0.6603 0.7493
vn -0.0663 0.8900 0.4512
vn -0.0240 0.1875 0.9820
vn -0.0802 0.5127 0.8548
vn -0.1012 0.6519 0.7515
vn -0.1325 0.8803 0.4555
vn -0.0398 0.1841 0.9821
vn -0.1197 0.5015 0.8568
vn -0.1511 0.6380 0.7551
vn -0.1985 0.8641 0.4626
vn -0.0555 0.1791 0.9823
vn -0.1586 0.4860 0.8595
vn -0.2002 0.6184 0.7599
vn -0.2640 0.8410 0.4722
vn -0.0710 0.1724 0.9825
vn -0.1967 0.4659 0.8627
vn -0.2482 0.5932 0.7658
vn -0.3287 0.8109 0.4842
vn -0.0861 0.1640 0.9827
vn -0.2335 0.4414 0.8664
vn -0.2947 0.5623 0.7726
vn -0.3923 0.7733 0.4981
vn -0.1008 0.1538 0.9830
vn -0.2689 0.4124 0.8704
vn -0.3393 0.5258 0.7800
vn -0.4543 0.7279 0.5136
vn -0.1149 0.1418 0.9832
vn -0.3024 0.3790 0.8746
vn -0.3816 0.4837 0.7877
vn -0.5139 0.6745 0.5300
vn -0.1283 0.1281 0.9834
vn -0.3339 0.3412 0.8787
vn -0.4211 0.4360 0.7954
vn -0.5704 0.6128 0.5469
vn -0.1409 0.1125 0.9836
vn -0.3627 0.2992 0.8826
vn -0.4572 0.3830 0.8027
vn -0.6228 0.5428 0.5634
vn -0.1523 0.0953 0.9837
vn -0.3884 0.2531 0.8861
vn -0.4894 0.3249 0.8093
vn -0.6700 0.4648 0.5789
vn -0.1625 0.0763 0.9838
vn -0.4105 0.2032 0.8889
vn -0.5170 0.2622 0.8149
vn -0.7097 0.3806 0.5929
vn -0.1711 0.0558 0.9837
vn -0.4284 0.1500 0.8910
vn -0.5393 0.1954 0.8191
vn -0.7411 0.2894 0.6058
vn -0.1779 0.0339 0.9835
vn -0.4417 0.0942 0.8922
vn -0.5558 0.1253 0.8218
vn -0.7655 0.1876 0.6155
vn -0.1826 0.0110 0.9831
vn -0.4499 0.0364 0.8923
vn -0.5660 0.0530 0.8227
vn -0.7805 0.0870 0.6191
vn -0.1850 -0.0126 0.9827
vn -0.4527 -0.0223 0.8914
vn -0.5694 -0.0206 0.8218
vn -0.7855 -0.0155 0.6186
vn -0.1850 -0.0365 0.9821
vn -0.4499 -0.0810 0.8894
vn -0.5660 -0.0940 0.8191
vn -0.7805 -0.1178 0.6140
vn -0.1826 -0.0601 0.9814
vn -0.4417 -0.1387 0.8864
vn -0.5558 -0.1662 0.8145
vn -0.7655 -0.2181 0.6053
vn -0.1779 -0.0830 0.9805
vn -0.4284 -0.1944 0.8824
vn -0.5393 -0.2361 0.8083
vn -0.7411 -0.3193 0.5906
vn -0.1711 -0.1049 0.9797
vn -0.4208 -0.2203 0.8800
vn -0.5557 -0.3121 0.7706
vn -0.7097 -0.4097 0.5731
vn -0.1625 -0.1254 0.9787
vn -0.4009 -0.2716 0.8750
vn -0.5831 -0.4326 0.6876
vn -0.6700 -0.4931 0.5549
vn -0.1523 -0.1443 0.9777
vn -0.3770 -0.3194 0.8694
vn -0.5437 -0.5010 0.6733
vn -0.6228 -0.5703 0.5356
vn -0.1409 -0.1616 0.9768
vn -0.3498 -0.3633 0.8635
vn -0.4997 -0.5630 0.6583
vn -0.5704 -0.6394 0.5156
vn -0.1283 -0.1771 0.9758
vn -0.3198 -0.4031 0.8575
vn -0.4006 -0.5604 0.7249
vn -0.5139 -0.7001 0.4957
vn -0.1149 -0.1908 0.9749
vn -0.2689 -0.4554 0.8487
vn -0.2873 -0.4386 0.8515
vn -0.3393 -0.5641 0.7528
vn -0.4543 -0.7527 0.4766
vn -0.1008 -0.2027 0.9740
vn -0.2335 -0.4842 0.8432
vn -0.2947 -0.6002 0.7436
vn -0.3923 -0.7972 0.4588
vn -0.0861 -0.2129 0.9733
vn -0.1967 -0.5085 0.8383
vn -0.2482 -0.6307 0.7352
vn -0.3287 -0.8341 0.4430
vn -0.0710 -0.2213 0.9726
vn -0.1586 -0.5283 0.8341
vn -0.2002 -0.6556 0.7281
vn -0.2640 -0.8636 0.4296
vn -0.0555 -0.2280 0.9721
vn -0.1197 -0.5437 0.8307
vn -0.1511 -0.6749 0.7223
vn -0.1985 -0.8861 0.4188
vn -0.0398 -0.2330 0.9717
vn -0.0802 -0.5547 0.8281
vn -0.1012 -0.6887 0.7180
vn -0.1325 -0.9020 0.4110
vn -0.0240 -0.2363 0.9714
vn -0.0402 -0.5613 0.8266
vn -0.0507 -0.6969 0.7154
vn -0.0663 -0.9114 0.4062
vn -0.0080 -0.2380 0.9712
vn -0.0000 -0.5635 0.8261
vn -0.0000 -0.6997 0.7145
vn -0.0000 -0.9145 0.4046
vn 0.0080 -0.2380 0.9712
vn 0.0402 -0.5613 0.8266
vn 0.0507 -0.6969 0.7154
vn 0.0663 -0.9114 0.4062
vn 0.0240 -0.2363 0.9714
vn 0.0802 -0.5547 0.8281
vn 0.1012 -0.6887 0.7180
vn 0.1325 -0.9020 0.4110
vn 0.0398 -0.2330 0.9717
vn 0.1197 -0.5437 0.8307
vn 0.1511 -0.6749 0.7223
vn 0.1985 -0.8861 0.4188
vn 0.0555 -0.2280 0.9721
vn 0.1586 -0.5283 0.8341
vn 0.2002 -0.6556 0.7281
vn 0.2640 -0.8636 0.4296
vn 0.0710 -0.2213 0.9726
vn 0.1967 -0.5085 0.8383
vn 0.2482 -0.6307 0.7352
vn 0.3287 -0.8341 0.4430
vn 0.0861 -0.2129 0.9733
vn 0.2335 -0.4842 0.8432
vn 0.2947 -0.6002 0.7436
vn 0.3923 -0.7972 0.4588
vn 0.1008 -0.2027 0.9740
vn 0.2689 -0.4554 0.8487
vn 0.3393 -0.5641 0.7528
vn 0.4543 -0.7527 0.4766
vn 0.1149 -0.1908 0.9749
vn 0.3024 -0.4222 0.8545
vn 0.3816 -0.5224 0.7625
vn 0.5139 -0.7001 0.4957
vn 0.1283 -0.1771 0.9758
vn 0.3339 -0.3847 0.8605
vn 0.4211 -0.4752 0.7726
vn 0.5704 -0.6394 0.5156
vn 0.1409 -0.1616 0.9768
vn 0.3627 -0.3429 0.8665
vn 0.4572 -0.4226 0.7825
vn 0.6228 -0.5703 0.5356
vn 0.1523 -0.1443 0.9777
vn 0.3884 -0.2970 0.8723
vn 0.4894 -0.3649 0.7920
vn 0.6700 -0.4931 0.5549
vn 0.1625 -0.1254 0.9787
vn 0.4105 -0.2474 0.8777
vn 0.5170 -0.3026 0.8007
vn 0.7097 -0.4097 0.5731
vn 0.1711 -0.1049 0.9797
vn 0.4208 -0.2203 0.8800
vn 0.5723 -0.2592 0.7780
vn 0.7411 -0.3193 0.5906
vn 0.1779 -0.0830 0.9805
vn 0.4364 -0.1661 0.8843
vn 0.6647 -0.1943 0.7214
vn 0.7655 -0.2181 0.6053
vn 0.1826 -0.0601 0.9814
vn 0.4470 -0.1095 0.8878
vn 0.6772 -0.1071 0.7280
vn 0.7805 -0.1178 0.6140
vn 0.1850 -0.0365 0.9821
vn 0.4525 -0.0515 0.8903
vn 0.8125 -0.0146 0.5828
vn 0.8071 -0.1208 0.5779
vn 0.8979 -0.1303 0.4204
vn 0.9051 -0.0106 0.4251
vn 0.9511 -0.1339 0.2783
vn 0.9593 -0.0071 0.2823
vn 0.9878 -0.1298 0.0860
vn 0.9961 -0.0022 0.0887
vn 0.7912 -0.2248 0.5688
vn 0.8769 -0.2466 0.4126
vn 0.9272 -0.2567 0.2728
vn 0.9636 -0.2537 0.0844
vn -0.7912 -0.2248 0.5688
vn -0.8769 -0.2466 0.4126
vn -0.9272 -0.2567 0.2728
vn -0.9636 -0.2537 0.0844
vn -0.8071 -0.1208 0.5779
vn -0.8979 -0.1303 0.4204
vn -0.9511 -0.1339 0.2783
vn -0.9878 -0.1298 0.0860
vn -0.8125 -0.0146 0.5828
vn -0.9051 -0.0106 0.4250
vn -0.9593 -0.0071 0.2823
vn -0.9961 -0.0022 0.0887
vn -0.8071 0.0918 0.5832
vn -0.8979 0.1092 0.4264
vn -0.9511 0.1198 0.2847
vn -0.9878 0.1254 0.0924
vn -0.7912 0.1961 0.5793
vn -0.8769 0.2257 0.4244
vn -0.9272 0.2428 0.2853
vn -0.9636 0.2492 0.0970
vn 0.7912 0.1961 0.5793
vn 0.8769 0.2257 0.4244
vn 0.9272 0.2428 0.2853
vn 0.9636 0.2492 0.0970
vn 0.8071 0.0918 0.5832
vn 0.8979 0.1092 0.4264
vn 0.9511 0.1198 0.2847
vn 0.9878 0.1254 0.0924
vn 1.0000 0.0002 -0.0093
vn 0.9912 -0.1317 -0.0126
vn 0.9557 -0.1205 -0.2687
vn 0.9641 0.0066 -0.2656
vn 0.7031 -0.0290 -0.7105
vn 0.2578 0.0070 -0.9662
vn 0.9656 -0.2594 -0.0158
vn 0.9311 -0.2435 -0.2717
vn 0.6908 -0.1209 -0.7128
vn 0.2533 -0.0267 -0.9670
vn 0.9251 -0.3792 -0.0187
vn 0.8921 -0.3589 -0.2745
vn 0.6674 -0.2085 -0.7150
vn 0.2447 -0.0588 -0.9678
vn 0.8724 -0.4883 -0.0212
vn 0.8414 -0.4641 -0.2769
vn 0.6343 -0.2893 -0.7169
vn 0.2326 -0.0884 -0.9685
vn 0.8104 -0.5854 -0.0235
vn 0.7816 -0.5578 -0.2791
vn 0.5936 -0.3621 -0.7187
vn 0.2177 -0.1151 -0.9692
vn 0.7419 -0.6700 -0.0255
vn 0.7157 -0.6394 -0.2810
vn 0.5473 -0.4262 -0.7203
vn 0.2007 -0.1386 -0.9698
vn 0.6694 -0.7424 -0.0271
vn 0.6457 -0.7094 -0.2825
vn 0.4975 -0.4815 -0.7216
vn 0.1824 -0.1589 -0.9703
vn 0.5946 -0.8036 -0.0285
vn 0.5736 -0.7684 -0.2838
vn 0.4454 -0.5285 -0.7227
vn 0.1633 -0.1761 -0.9707
vn 0.5188 -0.8544 -0.0296
vn 0.5005 -0.8175 -0.2849
vn 0.3923 -0.5679 -0.7236
vn 0.1438 -0.1905 -0.9711
vn 0.4430 -0.8960 -0.0306
vn 0.4273 -0.8577 -0.2858
vn 0.3388 -0.6004 -0.7244
vn 0.1242 -0.2024 -0.9714
vn 0.3676 -0.9295 -0.0313
vn 0.3546 -0.8900 -0.2865
vn 0.2855 -0.6267 -0.7250
vn 0.1047 -0.2121 -0.9716
vn 0.2929 -0.9556 -0.0319
vn 0.2825 -0.9153 -0.2870
vn 0.2326 -0.6477 -0.7255
vn 0.0853 -0.2198 -0.9718
vn 0.2189 -0.9752 -0.0323
vn 0.2111 -0.9342 -0.2875
vn 0.1802 -0.6638 -0.7259
vn 0.0660 -0.2257 -0.9720
vn 0.1455 -0.9888 -0.0326
vn 0.1404 -0.9474 -0.2877
vn 0.1283 -0.6754 -0.7262
vn 0.0470 -0.2299 -0.9721
vn 0.0726 -0.9968 -0.0328
vn 0.0701 -0.9551 -0.2879
vn 0.0768 -0.6830 -0.7264
vn 0.0282 -0.2327 -0.9721
vn -0.0000 -0.9995 -0.0329
vn -0.0000 -0.9576 -0.2880
vn 0.0256 -0.6867 -0.7264
vn 0.0094 -0.2341 -0.9722
vn -0.0726 -0.9968 -0.0328
vn -0.0701 -0.9551 -0.2879
vn -0.0256 -0.6867 -0.7264
vn -0.0094 -0.2341 -0.9722
vn -0.1455 -0.9888 -0.0326
vn -0.1404 -0.9474 -0.2877
vn -0.0768 -0.6830 -0.7264
vn -0.0282 -0.2327 -0.9721
vn -0.2189 -0.9752 -0.0323
vn -0.2112 -0.9342 -0.2875
vn -0.1283 -0.6754 -0.7262
vn -0.0470 -0.2299 -0.9721
vn -0.2929 -0.9556 -0.0319
vn -0.2825 -0.9153 -0.2870
vn -0.1802 -0.6638 -0.7259
vn -0.0660 -0.2257 -0.9720
vn -0.3676 -0.9295 -0.0313
vn -0.3546 -0.8900 -0.2865
vn -0.2326 -0.6477 -0.7255
vn -0.0853 -0.2198 -0.9718
vn -0.4430 -0.8960 -0.0306
vn -0.4274 -0.8577 -0.2858
vn -0.2855 -0.6268 -0.7250
vn -0.1047 -0.2121 -0.9716
vn -0.5188 -0.8544 -0.0296
vn -0.5005 -0.8175 -0.2849
vn -0.3388 -0.6004 -0.7244
vn -0.1242 -0.2024 -0.9714
vn -0.5946 -0.8036 -0.0285
vn -0.5736 -0.7684 -0.2838
vn -0.3923 -0.5679 -0.7236
vn -0.1438 -0.1905 -0.9711
vn -0.6694 -0.7424 -0.0271
vn -0.6457 -0.7094 -0.2825
vn -0.4454 -0.5285 -0.7227
vn -0.1633 -0.1761 -0.9707
vn -0.7419 -0.6700 -0.0255
vn -0.7157 -0.6394 -0.2810
vn -0.4975 -0.4815 -0.7216
vn -0.1824 -0.1589 -0.9703
vn -0.8104 -0.5854 -0.0235
vn -0.7816 -0.5578 -0.2791
vn -0.5473 -0.4262 -0.7203
vn -0.2007 -0.1386 -0.9698
vn -0.8724 -0.4883 -0.0212
vn -0.8414 -0.4641 -0.2769
vn -0.5936 -0.3621 -0.7187
vn -0.2177 -0.1151 -0.9692
vn -0.9251 -0.3792 -0.0187
vn -0.8921 -0.3589 -0.2745
vn -0.6343 -0.2893 -0.7169
vn -0.2326 -0.0884 -0.9685
vn -0.9656 -0.2594 -0.0158
vn -0.9311 -0.2435 -0.2717
vn -0.6674 -0.2085 -0.7150
vn -0.2447 -0.0588 -0.9678
vn -0.9912 -0.1317 -0.0126
vn -0.9557 -0.1205 -0.2687
vn -0.6908 -0.1209 -0.7128
vn -0.2533 -0.0267 -0.9670
vn -1.0000 0.0002 -0.0093
vn -0.9641 0.0066 -0.2656
vn -0.7031 -0.0290 -0.7105
vn -0.2578 0.0070 -0.9662
vn -0.9912 0.1322 -0.0060
vn -0.9557 0.1338 -0.2623
vn -0.7031 0.0645 -0.7082
vn -0.2578 0.0413 -0.9653
vn -0.9656 0.2599 -0.0028
vn -0.9311 0.2568 -0.2592
vn -0.6908 0.1564 -0.7059
vn -0.2533 0.0750 -0.9645
vn -0.9251 0.3796 0.0003
vn -0.8921 0.3722 -0.2562
vn -0.6674 0.2439 -0.7036
vn -0.2447 0.1071 -0.9637
vn -0.8724 0.4887 0.0032
vn -0.8414 0.4774 -0.2534
vn -0.6343 0.3248 -0.7016
vn -0.2326 0.1367 -0.9629
vn -0.8104 0.5858 0.0058
vn -0.7816 0.5711 -0.2509
vn -0.5936 0.3976 -0.6997
vn -0.2177 0.1634 -0.9622
vn -0.7419 0.6704 0.0080
vn -0.7157 0.6527 -0.2486
vn -0.5473 0.4617 -0.6981
vn -0.2007 0.1869 -0.9617
vn -0.6694 0.7428 0.0100
vn -0.6457 0.7226 -0.2467
vn -0.4975 0.5170 -0.6966
vn -0.1824 0.2072 -0.9612
vn -0.5946 0.8040 0.0117
vn -0.5736 0.7816 -0.2451
vn -0.4454 0.5640 -0.6954
vn -0.1633 0.2244 -0.9607
vn -0.5188 0.8548 0.0131
vn -0.5005 0.8307 -0.2437
vn -0.3923 0.6033 -0.6944
vn -0.1438 0.2388 -0.9604
vn -0.4430 0.8964 0.0142
vn -0.4273 0.8709 -0.2426
vn -0.3388 0.6358 -0.6935
vn -0.1242 0.2507 -0.9601
vn -0.3676 0.9299 0.0151
vn -0.3546 0.9032 -0.2417
vn -0.2855 0.6622 -0.6928
vn -0.1047 0.2604 -0.9598
vn -0.2929 0.9560 0.0159
vn -0.2825 0.9285 -0.2409
vn -0.2326 0.6831 -0.6923
vn -0.0853 0.2681 -0.9596
vn -0.2189 0.9756 0.0165
vn -0.2111 0.9474 -0.2404
vn -0.1802 0.6992 -0.6918
vn -0.0660 0.2740 -0.9595
vn -0.1455 0.9892 0.0169
vn -0.1404 0.9606 -0.2400
vn -0.1283 0.7109 -0.6915
vn -0.0470 0.2782 -0.9594
vn -0.0726 0.9972 0.0171
vn -0.0701 0.9683 -0.2398
vn -0.0768 0.7185 -0.6913
vn -0.0282 0.2810 -0.9593
vn -0.0000 0.9999 0.0171
vn -0.0000 0.9708 -0.2397
vn -0.0256 0.7222 -0.6912
vn -0.0094 0.2824 -0.9593
vn 0.0726 0.9972 0.0171
vn 0.0701 0.9683 -0.2398
vn 0.0256 0.7222 -0.6912
vn 0.0094 0.2824 -0.9593
vn 0.1455 0.9892 0.0169
vn 0.1404 0.9606 -0.2400
vn 0.0768 0.7185 -0.6913
vn 0.0282 0.2810 -0.9593
vn 0.2189 0.9756 0.0165
vn 0.2112 0.9474 -0.2404
vn 0.1283 0.7109 -0.6915
vn 0.0470 0.2782 -0.9594
vn 0.2929 0.9560 0.0159
vn 0.2825 0.9285 -0.2409
vn 0.1802 0.6992 -0.6918
vn 0.0660 0.2740 -0.9595
vn 0.3676 0.9299 0.0151
vn 0.3546 0.9032 -0.2417
vn 0.2326 0.6831 -0.6923
vn 0.0853 0.2681 -0.9596
vn 0.4430 0.8964 0.0142
vn 0.4274 0.8709 -0.2426
vn 0.2855 0.6622 -0.6928
vn 0.1047 0.2604 -0.9598
vn 0.5188 0.8548 0.0131
vn 0.5005 0.8307 -0.2437
vn 0.3388 0.6358 -0.6935
vn 0.1242 0.2507 -0.9601
vn 0.5946 0.8040 0.0117
vn 0.5736 0.7816 -0.2451
vn 0.3923 0.6033 -0.6944
vn 0.1438 0.2388 -0.9604
vn 0.6694 0.7428 0.0100
vn 0.6457 0.7226 -0.2467
vn 0.4454 0.5640 -0.6954
vn 0.1633 0.2244 -0.9607
vn 0.7419 0.6704 0.0080
vn 0.7157 0.6527 -0.2486
vn 0.4975 0.5170 -0.6966
vn 0.1824 0.2072 -0.9612
vn 0.8104 0.5858 0.0058
vn 0.7816 0.5711 -0.2509
vn 0.5473 0.4616 -0.6981
vn 0.2007 0.1869 -0.9617
vn 0.8724 0.4887 0.0032
vn 0.8414 0.4774 -0.2534
vn 0.5936 0.3976 -0.6997
vn 0.2177 0.1634 -0.9622
vn 0.9251 0.3796 0.0003
vn 0.8921 0.3722 -0.2562
vn 0.6343 0.3248 -0.7016
vn 0.2326 0.1367 -0.9629
vn 0.9656 0.2599 -0.0028
vn 0.9311 0.2568 -0.2592
vn 0.6674 0.2439 -0.7036
vn 0.2447 0.1071 -0.9637
vn 0.9912 0.1322 -0.0060
vn 0.9557 0.1338 -0.2623
vn 0.6908 0.1564 -0.7059
vn 0.2533 0.0750 -0.9645
vn 0.2578 0.0413 -0.9653
vn 0.7031 0.0645 -0.7082
vn -0.0000 -0.0250 0.9997
vn -0.0000 0.0250 -0.9997
vt 0.071266 0.986520
vt 0.068775 0.986433
vt 0.070371 0.956389
vt 0.073089 0.956489
vt 0.066023 0.986354
vt 0.067377 0.956298
vt 0.063034 0.986282
vt 0.064136 0.956216
vt 0.059838 0.986220
vt 0.060679 0.956144
vt 0.056465 0.986168
vt 0.057040 0.956083
vt 0.052949 0.986125
vt 0.053253 0.956033
vt 0.049322 0.986093
vt 0.049356 0.955995
vt 0.045620 0.986072
vt 0.045385 0.955969
vt 0.041879 0.986062
vt 0.041379 0.955955
vt 0.038134 0.986063
vt 0.037376 0.955955
vt 0.034421 0.986076
vt 0.033416 0.955966
vt 0.030777 0.986099
vt 0.029535 0.955991
vt 0.027236 0.986133
vt 0.025772 0.956027
vt 0.023833 0.986177
vt 0.022162 0.956076
vt 0.020599 0.986232
vt 0.018741 0.956136
vt 0.017568 0.986296
vt 0.015542 0.956206
vt 0.014766 0.986369
vt 0.012595 0.956287
vt 0.012223 0.986450
vt 0.009928 0.956378
vt 0.009961 0.986538
vt 0.007568 0.956476
vt 0.008004 0.986633
vt 0.005536 0.956583
vt 0.006369 0.986734
vt 0.003853 0.956696
vt 0.215321 0.987159
vt 0.213912 0.987153
vt 0.216676 0.957172
vt 0.218332 0.957179
vt 0.212253 0.987148
vt 0.214744 0.957167
vt 0.210360 0.987143
vt 0.212554 0.957162
vt 0.189367 0.987128
vt 0.186393 0.987129
vt 0.185358 0.957145
vt 0.188698 0.957144
vt 0.183435 0.987131
vt 0.182043 0.957147
vt 0.180520 0.987133
vt 0.178785 0.957150
vt 0.177676 0.987136
vt 0.175615 0.957153
vt 0.174932 0.987140
vt 0.172565 0.957157
vt 0.172313 0.987144
vt 0.169663 0.957161
vt 0.156843 0.986559
vt 0.154299 0.986470
vt 0.156564 0.956396
vt 0.159230 0.956494
vt 0.151498 0.986389
vt 0.153617 0.956306
vt 0.148467 0.986316
vt 0.150417 0.956225
vt 0.145234 0.986251
vt 0.146996 0.956155
vt 0.141831 0.986196
vt 0.143387 0.956095
vt 0.138290 0.986151
vt 0.139624 0.956047
vt 0.134646 0.986117
vt 0.135744 0.956011
vt 0.130933 0.986093
vt 0.131783 0.955987
vt 0.127188 0.986081
vt 0.127780 0.955975
vt 0.123447 0.986079
vt 0.123774 0.955976
vt 0.119745 0.986089
vt 0.119803 0.955990
vt 0.116118 0.986110
vt 0.115906 0.956016
vt 0.112601 0.986141
vt 0.112119 0.956054
vt 0.109228 0.986183
vt 0.108480 0.956104
vt 0.106032 0.986236
vt 0.105023 0.956166
vt 0.103043 0.986298
vt 0.101782 0.956238
vt 0.100290 0.986369
vt 0.098788 0.956320
vt 0.097800 0.986448
vt 0.096069 0.956412
vt 0.080725 0.956952
vt 0.079341 0.956829
vt 0.073679 0.881997
vt 0.074985 0.882114
vt 0.077596 0.956710
vt 0.072043 0.881884
vt 0.075505 0.956596
vt 0.070094 0.881775
vt 0.067850 0.881673
vt 0.065333 0.881578
vt 0.062567 0.881490
vt 0.059580 0.881411
vt 0.056399 0.881342
vt 0.053055 0.881283
vt 0.049581 0.881235
vt 0.046009 0.881197
vt 0.042375 0.881172
vt 0.038714 0.881158
vt 0.035060 0.881156
vt 0.031448 0.881166
vt 0.027915 0.881188
vt 0.024492 0.881221
vt 0.021215 0.881266
vt 0.018113 0.881322
vt 0.015218 0.881388
vt 0.012556 0.881464
vt 0.010154 0.881549
vt 0.008035 0.881642
vt 0.006219 0.881742
vt 0.004723 0.881848
vt 0.215770 0.882226
vt 0.217375 0.882231
vt 0.213907 0.882221
vt 0.211803 0.882216
vt 0.210127 0.957157
vt 0.209479 0.882212
vt 0.207486 0.957153
vt 0.206958 0.882208
vt 0.204658 0.957150
vt 0.204263 0.882205
vt 0.201669 0.957147
vt 0.201421 0.882203
vt 0.198548 0.957145
vt 0.198458 0.882201
vt 0.195325 0.957144
vt 0.195404 0.882200
vt 0.192031 0.957144
vt 0.192288 0.882199
vt 0.189140 0.882199
vt 0.185990 0.882200
vt 0.182868 0.882202
vt 0.179805 0.882204
vt 0.176830 0.882207
vt 0.173972 0.882210
vt 0.171258 0.882214
vt 0.166937 0.957166
vt 0.168715 0.882219
vt 0.154171 0.881489
vt 0.156832 0.881573
vt 0.151275 0.881414
vt 0.148174 0.881349
vt 0.144897 0.881294
vt 0.141475 0.881250
vt 0.137941 0.881217
vt 0.134330 0.881196
vt 0.130676 0.881187
vt 0.127014 0.881189
vt 0.123380 0.881204
vt 0.119809 0.881230
vt 0.116334 0.881268
vt 0.112990 0.881316
vt 0.109809 0.881376
vt 0.106821 0.881445
vt 0.104055 0.881524
vt 0.101538 0.881612
vt 0.093653 0.956512
vt 0.099294 0.881707
vt 0.091561 0.956619
vt 0.097345 0.881810
vt 0.089815 0.956732
vt 0.095708 0.881918
vt 0.088432 0.956851
vt 0.094401 0.882031
vt 0.065378 0.741293
vt 0.066559 0.741399
vt 0.063905 0.741190
vt 0.062154 0.741092
vt 0.060140 0.740999
vt 0.057884 0.740913
vt 0.055408 0.740834
vt 0.052735 0.740762
vt 0.049891 0.740699
vt 0.046903 0.740645
vt 0.043800 0.740601
vt 0.040612 0.740567
vt 0.037370 0.740543
vt 0.034105 0.740530
vt 0.030848 0.740528
vt 0.027631 0.740537
vt 0.024485 0.740556
vt 0.021440 0.740586
vt 0.018525 0.740626
vt 0.015769 0.740677
vt 0.013197 0.740736
vt 0.010835 0.740804
vt 0.008706 0.740880
vt 0.006830 0.740964
vt 0.005225 0.741055
vt 0.003906 0.741151
vt 0.215042 0.741321
vt 0.216506 0.741326
vt 0.213345 0.741317
vt 0.211433 0.741312
vt 0.209323 0.741309
vt 0.207036 0.741305
vt 0.204594 0.741303
vt 0.202020 0.741300
vt 0.199339 0.741299
vt 0.196577 0.741298
vt 0.193761 0.741297
vt 0.190917 0.741297
vt 0.188073 0.741298
vt 0.185257 0.741300
vt 0.182495 0.741301
vt 0.179815 0.741304
vt 0.177241 0.741307
vt 0.174799 0.741310
vt 0.172512 0.741315
vt 0.156624 0.740844
vt 0.158986 0.740919
vt 0.154053 0.740776
vt 0.151296 0.740718
vt 0.148382 0.740669
vt 0.145337 0.740629
vt 0.142191 0.740600
vt 0.138974 0.740582
vt 0.135717 0.740574
vt 0.132452 0.740577
vt 0.129210 0.740590
vt 0.126022 0.740615
vt 0.122919 0.740649
vt 0.119931 0.740694
vt 0.117087 0.740748
vt 0.114413 0.740811
vt 0.111936 0.740883
vt 0.109680 0.740963
vt 0.107667 0.741049
vt 0.105915 0.741142
vt 0.104441 0.741240
vt 0.103261 0.741343
vt 0.062203 0.546632
vt 0.063267 0.546726
vt 0.060865 0.546540
vt 0.059264 0.546452
vt 0.057417 0.546370
vt 0.055340 0.546293
vt 0.053054 0.546222
vt 0.050582 0.546159
vt 0.047946 0.546103
vt 0.045172 0.546055
vt 0.042287 0.546017
vt 0.039319 0.545987
vt 0.036296 0.545967
vt 0.033247 0.545956
vt 0.030202 0.545956
vt 0.027190 0.545964
vt 0.024240 0.545983
vt 0.021381 0.546011
vt 0.018640 0.546048
vt 0.016043 0.546094
vt 0.013615 0.546148
vt 0.011380 0.546210
vt 0.009360 0.546279
vt 0.007573 0.546355
vt 0.006037 0.546437
vt 0.004767 0.546523
vt 0.213909 0.546458
vt 0.215192 0.546462
vt 0.212414 0.546454
vt 0.210722 0.546450
vt 0.208848 0.546446
vt 0.206812 0.546443
vt 0.204632 0.546441
vt 0.202330 0.546439
vt 0.199927 0.546437
vt 0.197447 0.546436
vt 0.194914 0.546436
vt 0.192353 0.546436
vt 0.189786 0.546437
vt 0.187241 0.546438
vt 0.184740 0.546440
vt 0.182309 0.546443
vt 0.179970 0.546445
vt 0.177746 0.546449
vt 0.175659 0.546453
vt 0.156805 0.546255
vt 0.159040 0.546324
vt 0.154377 0.546193
vt 0.151781 0.546140
vt 0.149039 0.546094
vt 0.146180 0.546058
vt 0.143230 0.546030
vt 0.140218 0.546012
vt 0.137173 0.546004
vt 0.134125 0.546005
vt 0.131102 0.546016
vt 0.128133 0.546036
vt 0.125248 0.546066
vt 0.122474 0.546105
vt 0.119838 0.546152
vt 0.117365 0.546208
vt 0.115080 0.546272
vt 0.113003 0.546342
vt 0.111155 0.546419
vt 0.109554 0.546502
vt 0.108215 0.546590
vt 0.107152 0.546681
vt 0.067261 0.366880
vt 0.068219 0.366965
vt 0.066045 0.366798
vt 0.064584 0.366720
vt 0.062891 0.366646
vt 0.060982 0.366577
vt 0.058877 0.366515
vt 0.056595 0.366458
vt 0.054159 0.366409
vt 0.051591 0.366367
vt 0.048917 0.366333
vt 0.046162 0.366308
vt 0.043353 0.366290
vt 0.040517 0.366282
vt 0.037681 0.366282
vt 0.034872 0.366290
vt 0.032118 0.366308
vt 0.029445 0.366334
vt 0.026879 0.366368
vt 0.024444 0.366410
vt 0.022164 0.366459
vt 0.020062 0.366515
vt 0.018156 0.366578
vt 0.016466 0.366647
vt 0.015007 0.366721
vt 0.013795 0.366799
vt 0.210011 0.366599
vt 0.211138 0.366604
vt 0.208692 0.366595
vt 0.207192 0.366592
vt 0.205527 0.366589
vt 0.203711 0.366586
vt 0.201764 0.366584
vt 0.199702 0.366582
vt 0.197547 0.366581
vt 0.195320 0.366580
vt 0.193040 0.366580
vt 0.190731 0.366580
vt 0.188415 0.366581
vt 0.186114 0.366582
vt 0.183850 0.366584
vt 0.181645 0.366586
vt 0.179520 0.366589
vt 0.177496 0.366592
vt 0.175592 0.366596
vt 0.148808 0.366541
vt 0.150911 0.366604
vt 0.146529 0.366485
vt 0.144094 0.366435
vt 0.141528 0.366393
vt 0.138855 0.366359
vt 0.136101 0.366333
vt 0.133293 0.366316
vt 0.130456 0.366307
vt 0.127620 0.366307
vt 0.124811 0.366316
vt 0.122056 0.366333
vt 0.119382 0.366359
vt 0.116814 0.366393
vt 0.114377 0.366434
vt 0.112095 0.366484
vt 0.109990 0.366540
vt 0.108082 0.366603
vt 0.106388 0.366671
vt 0.104927 0.366745
vt 0.103711 0.366823
vt 0.102752 0.366905
vt 0.073900 0.124208
vt 0.074807 0.124288
vt 0.072743 0.124131
vt 0.071347 0.124057
vt 0.069725 0.123988
vt 0.067893 0.123924
vt 0.065868 0.123865
vt 0.063670 0.123812
vt 0.061320 0.123766
vt 0.058842 0.123727
vt 0.056257 0.123696
vt 0.053593 0.123672
vt 0.050873 0.123656
vt 0.048125 0.123649
vt 0.045375 0.123650
vt 0.042649 0.123658
vt 0.039974 0.123675
vt 0.037375 0.123700
vt 0.034877 0.123733
vt 0.032505 0.123773
vt 0.030282 0.123820
vt 0.028227 0.123874
vt 0.026363 0.123934
vt 0.024706 0.123999
vt 0.023272 0.124069
vt 0.022075 0.124143
vt 0.207154 0.123785
vt 0.208198 0.123789
vt 0.205925 0.123781
vt 0.204525 0.123778
vt 0.202965 0.123774
vt 0.201262 0.123772
vt 0.199432 0.123770
vt 0.197491 0.123768
vt 0.195460 0.123767
vt 0.193357 0.123766
vt 0.191203 0.123766
vt 0.189018 0.123766
vt 0.186824 0.123767
vt 0.184642 0.123768
vt 0.182492 0.123770
vt 0.180396 0.123772
vt 0.178373 0.123775
vt 0.176444 0.123778
vt 0.152816 0.366673
vt 0.143491 0.123939
vt 0.145356 0.124004
vt 0.141438 0.123879
vt 0.139214 0.123825
vt 0.136842 0.123777
vt 0.134344 0.123737
vt 0.131746 0.123704
vt 0.129070 0.123678
vt 0.126345 0.123661
vt 0.123594 0.123652
vt 0.120846 0.123651
vt 0.118127 0.123659
vt 0.115462 0.123674
vt 0.112878 0.123698
vt 0.110399 0.123729
vt 0.108049 0.123768
vt 0.105851 0.123813
vt 0.103826 0.123866
vt 0.101994 0.123925
vt 0.100372 0.123989
vt 0.098975 0.124058
vt 0.097818 0.124132
vt 0.096911 0.124209
vt 0.073611 0.984521
vt 0.073524 0.985807
vt 0.072435 0.986570
vt 0.073469 0.986614
vt 0.207651 0.988837
vt 0.208040 0.987791
vt 0.209736 0.987142
vt 0.208502 0.986634
vt 0.208913 0.985674
vt 0.192307 0.985037
vt 0.192294 0.986322
vt 0.190244 0.987128
vt 0.192237 0.987742
vt 0.190244 0.987128
vt 0.192152 0.988917
vt 0.096246 0.987388
vt 0.095720 0.986530
vt 0.097147 0.986474
vt 0.095544 0.985728
vt 0.097147 0.986474
vt 0.095461 0.984442
vt 0.599633 0.788494
vt 0.597176 0.787865
vt 0.597362 0.787148
vt 0.599770 0.787764
vt 0.597769 0.785790
vt 0.600034 0.786370
vt 0.598136 0.784623
vt 0.600261 0.785168
vt 0.596079 0.783807
vt 0.595580 0.784921
vt 0.595034 0.786227
vt 0.594803 0.786923
vt 0.594106 0.782721
vt 0.593312 0.784008
vt 0.592819 0.785011
vt 0.592535 0.785676
vt 0.592233 0.781374
vt 0.590943 0.783030
vt 0.103012 0.995557
vt 0.101194 0.995630
vt 0.100718 0.994887
vt 0.102593 0.994803
vt 0.100102 0.993876
vt 0.102023 0.993785
vt 0.590479 0.779773
vt 0.589015 0.781277
vt 0.105102 0.995487
vt 0.104715 0.994723
vt 0.104190 0.993698
vt 0.588863 0.777929
vt 0.587245 0.779267
vt 0.107412 0.995425
vt 0.107058 0.994649
vt 0.106582 0.993617
vt 0.587401 0.775858
vt 0.585655 0.777024
vt 0.109919 0.995371
vt 0.109601 0.994582
vt 0.109178 0.993543
vt 0.586111 0.773578
vt 0.584260 0.774568
vt 0.112596 0.995324
vt 0.112320 0.994523
vt 0.111954 0.993478
vt 0.585009 0.771110
vt 0.583073 0.771923
vt 0.115419 0.995287
vt 0.115188 0.994474
vt 0.114882 0.993422
vt 0.584108 0.768478
vt 0.582107 0.769114
vt 0.118361 0.995258
vt 0.118178 0.994434
vt 0.117935 0.993377
vt 0.583419 0.765707
vt 0.581372 0.766170
vt 0.121392 0.995239
vt 0.121261 0.994404
vt 0.121083 0.993343
vt 0.582952 0.762827
vt 0.580873 0.763117
vt 0.124483 0.995229
vt 0.124406 0.994386
vt 0.124296 0.993321
vt 0.582712 0.759867
vt 0.580617 0.759984
vt 0.127608 0.995229
vt 0.127584 0.994379
vt 0.127543 0.993312
vt 0.582704 0.756856
vt 0.580606 0.756801
vt 0.130733 0.995239
vt 0.130762 0.994384
vt 0.130791 0.993315
vt 0.582927 0.753825
vt 0.580840 0.753602
vt 0.133829 0.995258
vt 0.133911 0.994400
vt 0.134009 0.993331
vt 0.583380 0.750806
vt 0.581318 0.750417
vt 0.136864 0.995286
vt 0.136998 0.994428
vt 0.137165 0.993359
vt 0.584059 0.747829
vt 0.582034 0.747276
vt 0.139809 0.995324
vt 0.139995 0.994467
vt 0.140229 0.993400
vt 0.584956 0.744926
vt 0.582982 0.744211
vt 0.142636 0.995370
vt 0.142870 0.994517
vt 0.143169 0.993452
vt 0.586062 0.742125
vt 0.584153 0.741252
vt 0.145317 0.995425
vt 0.145597 0.994578
vt 0.145958 0.993515
vt 0.587364 0.739455
vt 0.585534 0.738428
vt 0.147825 0.995487
vt 0.148149 0.994648
vt 0.148569 0.993589
vt 0.588849 0.736944
vt 0.587111 0.735767
vt 0.150135 0.995556
vt 0.150501 0.994727
vt 0.150975 0.993673
vt 0.590500 0.734616
vt 0.588870 0.733294
vt 0.152198 0.995631
vt 0.152625 0.994812
vt 0.153153 0.993766
vt 0.592299 0.732494
vt 0.590793 0.731031
vt 0.176470 0.996143
vt 0.174272 0.996146
vt 0.174058 0.995337
vt 0.176317 0.995343
vt 0.173816 0.994296
vt 0.176126 0.994308
vt 0.594225 0.730597
vt 0.592862 0.729000
vt 0.178813 0.996140
vt 0.178696 0.995351
vt 0.178549 0.994322
vt 0.596257 0.728944
vt 0.595057 0.727222
vt 0.181243 0.996137
vt 0.181162 0.995361
vt 0.181062 0.994337
vt 0.598374 0.727548
vt 0.597356 0.725712
vt 0.183737 0.996135
vt 0.183692 0.995370
vt 0.183639 0.994353
vt 0.600552 0.726421
vt 0.599736 0.724486
vt 0.186270 0.996134
vt 0.186260 0.995380
vt 0.186256 0.994368
vt 0.602769 0.725569
vt 0.602171 0.723557
vt 0.188814 0.996133
vt 0.188843 0.995389
vt 0.188888 0.994383
vt 0.605003 0.724997
vt 0.604639 0.722930
vt 0.191348 0.996133
vt 0.191415 0.995397
vt 0.191510 0.994395
vt 0.607237 0.724706
vt 0.607119 0.722610
vt 0.193847 0.996133
vt 0.193952 0.995403
vt 0.194097 0.994405
vt 0.609450 0.724696
vt 0.609585 0.722601
vt 0.196289 0.996134
vt 0.196430 0.995408
vt 0.196625 0.994412
vt 0.611627 0.724964
vt 0.612016 0.722901
vt 0.198650 0.996136
vt 0.198827 0.995410
vt 0.199070 0.994416
vt 0.613751 0.725508
vt 0.614389 0.723508
vt 0.200909 0.996138
vt 0.201121 0.995411
vt 0.201409 0.994416
vt 0.615808 0.726324
vt 0.616682 0.724416
vt 0.203046 0.996140
vt 0.203290 0.995410
vt 0.203620 0.994412
vt 0.617781 0.727410
vt 0.618874 0.725617
vt 0.205040 0.996143
vt 0.205314 0.995407
vt 0.205682 0.994406
vt 0.619654 0.728757
vt 0.620557 0.727550
vt 0.206836 0.996146
vt 0.207164 0.995404
vt 0.207575 0.994396
vt 0.621408 0.730359
vt 0.622235 0.729479
vt 0.621189 0.726637
vt 0.623136 0.728412
vt 0.621492 0.725994
vt 0.623483 0.727814
vt 0.623024 0.732202
vt 0.623935 0.731417
vt 0.624930 0.730450
vt 0.625308 0.729896
vt 0.624486 0.734273
vt 0.625466 0.733587
vt 0.626543 0.732727
vt 0.626947 0.732222
vt 0.625776 0.736553
vt 0.627092 0.735847
vt 0.627951 0.735213
vt 0.628385 0.734769
vt 0.626878 0.739021
vt 0.628814 0.738209
vt 0.014958 0.995613
vt 0.013383 0.995693
vt 0.012903 0.994898
vt 0.014524 0.994805
vt 0.012297 0.993863
vt 0.013960 0.993762
vt 0.627779 0.741654
vt 0.629780 0.741017
vt 0.016811 0.995537
vt 0.016410 0.994717
vt 0.015890 0.993667
vt 0.628468 0.744424
vt 0.630515 0.743962
vt 0.018903 0.995467
vt 0.018539 0.994637
vt 0.018069 0.993582
vt 0.628935 0.747304
vt 0.631014 0.747014
vt 0.021213 0.995405
vt 0.020891 0.994565
vt 0.020475 0.993505
vt 0.629175 0.750264
vt 0.631270 0.750148
vt 0.023721 0.995350
vt 0.023443 0.994503
vt 0.023085 0.993439
vt 0.629183 0.753275
vt 0.631281 0.753330
vt 0.026402 0.995304
vt 0.026171 0.994451
vt 0.025875 0.993384
vt 0.628960 0.756306
vt 0.631047 0.756529
vt 0.029229 0.995267
vt 0.029046 0.994410
vt 0.028816 0.993341
vt 0.628507 0.759325
vt 0.630569 0.759715
vt 0.032174 0.995238
vt 0.032043 0.994380
vt 0.031879 0.993310
vt 0.627828 0.762302
vt 0.629853 0.762855
vt 0.035210 0.995219
vt 0.035130 0.994361
vt 0.035036 0.993292
vt 0.626931 0.765205
vt 0.628905 0.765920
vt 0.038305 0.995209
vt 0.038279 0.994354
vt 0.038254 0.993286
vt 0.625825 0.768006
vt 0.627734 0.768879
vt 0.041431 0.995210
vt 0.041457 0.994359
vt 0.041502 0.993293
vt 0.624523 0.770675
vt 0.626353 0.771703
vt 0.044556 0.995219
vt 0.044635 0.994376
vt 0.044748 0.993312
vt 0.623038 0.773187
vt 0.624776 0.774364
vt 0.047647 0.995238
vt 0.047780 0.994404
vt 0.047961 0.993344
vt 0.621387 0.775515
vt 0.623017 0.776837
vt 0.050678 0.995267
vt 0.050863 0.994443
vt 0.051109 0.993387
vt 0.619588 0.777638
vt 0.621094 0.779100
vt 0.053619 0.995305
vt 0.053853 0.994492
vt 0.054162 0.993442
vt 0.617662 0.779534
vt 0.619025 0.781131
vt 0.056442 0.995351
vt 0.056721 0.994551
vt 0.057090 0.993506
vt 0.615630 0.781187
vt 0.616830 0.782909
vt 0.059119 0.995405
vt 0.059439 0.994618
vt 0.059865 0.993580
vt 0.613513 0.782583
vt 0.614531 0.784419
vt 0.061626 0.995468
vt 0.061982 0.994693
vt 0.062461 0.993662
vt 0.611335 0.783710
vt 0.612151 0.785645
vt 0.063936 0.995537
vt 0.064325 0.994774
vt 0.064854 0.993750
vt 0.609119 0.784562
vt 0.609716 0.786574
vt 0.066026 0.995613
vt 0.066447 0.994861
vt 0.067020 0.993844
vt 0.606884 0.785134
vt 0.607154 0.786621
vt 0.067843 0.995692
vt 0.068321 0.994950
vt 0.068940 0.993941
vt 0.604650 0.785425
vt 0.604709 0.786644
vt 0.607247 0.787735
vt 0.604742 0.788059
vt 0.607269 0.788458
vt 0.604703 0.788792
vt 0.602437 0.785436
vt 0.602354 0.786655
vt 0.602238 0.788069
vt 0.602149 0.788804
vt 0.598859 0.792593
vt 0.601616 0.792925
vt 0.601499 0.794173
vt 0.598625 0.793830
vt 0.078146 0.986925
vt 0.076911 0.986817
vt 0.076993 0.986011
vt 0.078228 0.986120
vt 0.077103 0.984726
vt 0.078342 0.984836
vt 0.604416 0.792893
vt 0.604393 0.794129
vt 0.075323 0.986711
vt 0.075410 0.985906
vt 0.075521 0.984621
vt 0.607229 0.792495
vt 0.607218 0.793726
vt 0.073507 0.985806
vt 0.205406 0.988831
vt 0.205757 0.987788
vt 0.206009 0.986329
vt 0.208323 0.986333
vt 0.206055 0.985044
vt 0.208383 0.985048
vt 0.202992 0.988825
vt 0.203295 0.987787
vt 0.203513 0.986326
vt 0.203554 0.985041
vt 0.200432 0.988822
vt 0.200685 0.987785
vt 0.200866 0.986323
vt 0.200902 0.985039
vt 0.197752 0.988822
vt 0.197951 0.987783
vt 0.198094 0.986322
vt 0.198125 0.985037
vt 0.194978 0.988823
vt 0.195121 0.987781
vt 0.195224 0.986321
vt 0.195251 0.985037
vt 0.192136 0.988826
vt 0.192230 0.987780
vt 0.591100 0.789450
vt 0.593575 0.790846
vt 0.593146 0.792005
vt 0.590662 0.790601
vt 0.095596 0.986535
vt 0.093742 0.986627
vt 0.093657 0.985821
vt 0.095561 0.985728
vt 0.093551 0.984536
vt 0.095461 0.984442
vt 0.596170 0.791897
vt 0.595825 0.793102
vt 0.092154 0.986727
vt 0.092074 0.985921
vt 0.091968 0.984636
vt 0.090729 0.984742
vt 0.090839 0.986026
vt 0.090918 0.986832
vt 0.074913 0.006570
vt 0.074033 0.006492
vt 0.074035 0.004395
vt 0.074907 0.004472
vt 0.675477 0.338822
vt 0.673438 0.338760
vt 0.673538 0.337717
vt 0.675439 0.337774
vt 0.673639 0.336668
vt 0.675401 0.336721
vt 0.072911 0.006417
vt 0.072913 0.004320
vt 0.671408 0.338429
vt 0.671643 0.337407
vt 0.671879 0.336381
vt 0.071555 0.006346
vt 0.071559 0.004249
vt 0.669408 0.337831
vt 0.669769 0.336847
vt 0.670133 0.335858
vt 0.069981 0.006278
vt 0.069986 0.004182
vt 0.667456 0.336972
vt 0.667934 0.336039
vt 0.668414 0.335102
vt 0.068202 0.006216
vt 0.068208 0.004120
vt 0.665572 0.335860
vt 0.666153 0.334988
vt 0.666738 0.334113
vt 0.066236 0.006159
vt 0.066244 0.004063
vt 0.663773 0.334506
vt 0.664445 0.333702
vt 0.665122 0.332896
vt 0.064102 0.006108
vt 0.064111 0.004012
vt 0.662077 0.332923
vt 0.662828 0.332192
vt 0.663583 0.331460
vt 0.061820 0.006063
vt 0.061831 0.003967
vt 0.660500 0.331126
vt 0.661318 0.330471
vt 0.662141 0.329815
vt 0.059413 0.006026
vt 0.059425 0.003929
vt 0.659057 0.329132
vt 0.659932 0.328555
vt 0.660810 0.327977
vt 0.056903 0.005995
vt 0.056916 0.003899
vt 0.657763 0.326961
vt 0.658684 0.326462
vt 0.659610 0.325962
vt 0.054315 0.005972
vt 0.054329 0.003876
vt 0.656629 0.324634
vt 0.657588 0.324212
vt 0.658552 0.323790
vt 0.051674 0.005957
vt 0.051689 0.003861
vt 0.655667 0.322172
vt 0.656658 0.321829
vt 0.657651 0.321484
vt 0.049004 0.005950
vt 0.049021 0.003853
vt 0.654887 0.319601
vt 0.655900 0.319334
vt 0.656917 0.319066
vt 0.046333 0.005951
vt 0.046351 0.003854
vt 0.654294 0.316943
vt 0.655325 0.316753
vt 0.656359 0.316562
vt 0.043685 0.005959
vt 0.043704 0.003863
vt 0.653896 0.314226
vt 0.654938 0.314112
vt 0.655983 0.313997
vt 0.041086 0.005976
vt 0.041106 0.003879
vt 0.653696 0.311475
vt 0.654744 0.311437
vt 0.655795 0.311399
vt 0.038561 0.006000
vt 0.038582 0.003904
vt 0.653696 0.308717
vt 0.654744 0.308755
vt 0.655795 0.308793
vt 0.036134 0.006032
vt 0.036156 0.003935
vt 0.653896 0.305978
vt 0.654938 0.306093
vt 0.655983 0.306208
vt 0.033829 0.006071
vt 0.033852 0.003974
vt 0.654294 0.303284
vt 0.655324 0.303477
vt 0.656358 0.303670
vt 0.031668 0.006116
vt 0.031692 0.004020
vt 0.654887 0.300663
vt 0.655899 0.300934
vt 0.656915 0.301206
vt 0.029672 0.006169
vt 0.029697 0.004072
vt 0.655667 0.298138
vt 0.656655 0.298489
vt 0.657646 0.298840
vt 0.027860 0.006227
vt 0.027886 0.004130
vt 0.656629 0.295734
vt 0.657584 0.296166
vt 0.658543 0.296597
vt 0.026249 0.006290
vt 0.026276 0.004193
vt 0.657763 0.293475
vt 0.658677 0.293988
vt 0.659595 0.294501
vt 0.024855 0.006358
vt 0.024883 0.004261
vt 0.659057 0.291382
vt 0.659921 0.291976
vt 0.660789 0.292571
vt 0.023692 0.006430
vt 0.023726 0.004333
vt 0.660500 0.289476
vt 0.661302 0.290150
vt 0.662109 0.290826
vt 0.207611 0.005974
vt 0.206600 0.005970
vt 0.206588 0.003872
vt 0.207594 0.003876
vt 0.662077 0.287774
vt 0.662806 0.288527
vt 0.663539 0.289282
vt 0.205409 0.005967
vt 0.205398 0.003868
vt 0.663773 0.286293
vt 0.664416 0.287121
vt 0.665063 0.287952
vt 0.204052 0.005963
vt 0.204041 0.003865
vt 0.665572 0.285048
vt 0.666116 0.285944
vt 0.666663 0.286844
vt 0.202540 0.005960
vt 0.202531 0.003862
vt 0.667456 0.284049
vt 0.667888 0.285005
vt 0.668322 0.285964
vt 0.200888 0.005958
vt 0.200881 0.003859
vt 0.669408 0.283308
vt 0.669716 0.284310
vt 0.670026 0.285317
vt 0.199113 0.005956
vt 0.199107 0.003857
vt 0.671408 0.282830
vt 0.671584 0.283864
vt 0.671760 0.284903
vt 0.197232 0.005954
vt 0.197227 0.003856
vt 0.673437 0.282621
vt 0.673476 0.283669
vt 0.673514 0.284722
vt 0.195262 0.005953
vt 0.195258 0.003854
vt 0.675477 0.282683
vt 0.675377 0.283726
vt 0.675276 0.284775
vt 0.193222 0.005952
vt 0.193221 0.003854
vt 0.677506 0.283014
vt 0.677271 0.284036
vt 0.677036 0.285062
vt 0.191133 0.005952
vt 0.191133 0.003853
vt 0.679507 0.283612
vt 0.679145 0.284596
vt 0.678782 0.285584
vt 0.189014 0.005952
vt 0.189015 0.003854
vt 0.681458 0.284471
vt 0.680981 0.285404
vt 0.680501 0.286341
vt 0.186885 0.005953
vt 0.186888 0.003855
vt 0.683343 0.285583
vt 0.682761 0.286455
vt 0.682177 0.287330
vt 0.184768 0.005954
vt 0.184772 0.003856
vt 0.685142 0.286937
vt 0.684469 0.287740
vt 0.683793 0.288547
vt 0.182683 0.005956
vt 0.182688 0.003858
vt 0.686838 0.288520
vt 0.686086 0.289250
vt 0.685331 0.289983
vt 0.180649 0.005958
vt 0.180655 0.003860
vt 0.688415 0.290317
vt 0.687597 0.290971
vt 0.686774 0.291628
vt 0.178686 0.005961
vt 0.178693 0.003862
vt 0.689858 0.292310
vt 0.688983 0.292888
vt 0.688104 0.293466
vt 0.176813 0.005964
vt 0.176830 0.003865
vt 0.691152 0.294481
vt 0.690231 0.294981
vt 0.689305 0.295481
vt 0.144221 0.006293
vt 0.142409 0.006229
vt 0.142390 0.004132
vt 0.144194 0.004196
vt 0.692286 0.296809
vt 0.691326 0.297230
vt 0.690363 0.297652
vt 0.140413 0.006171
vt 0.140395 0.004074
vt 0.693247 0.299270
vt 0.692257 0.299614
vt 0.691264 0.299959
vt 0.138252 0.006118
vt 0.138235 0.004022
vt 0.694028 0.301842
vt 0.693015 0.302109
vt 0.691998 0.302377
vt 0.135947 0.006072
vt 0.135932 0.003976
vt 0.694620 0.304500
vt 0.693590 0.304690
vt 0.692556 0.304881
vt 0.133521 0.006033
vt 0.133506 0.003937
vt 0.695019 0.307217
vt 0.693977 0.307331
vt 0.692931 0.307446
vt 0.130996 0.006001
vt 0.130982 0.003905
vt 0.695218 0.309968
vt 0.694171 0.310006
vt 0.693120 0.310044
vt 0.128397 0.005977
vt 0.128385 0.003880
vt 0.695218 0.312726
vt 0.694171 0.312688
vt 0.693120 0.312649
vt 0.125749 0.005960
vt 0.125738 0.003863
vt 0.695018 0.315465
vt 0.693977 0.315350
vt 0.692932 0.315235
vt 0.123077 0.005951
vt 0.123067 0.003854
vt 0.694620 0.318159
vt 0.693590 0.317966
vt 0.692557 0.317773
vt 0.120408 0.005950
vt 0.120399 0.003854
vt 0.694028 0.320780
vt 0.693016 0.320509
vt 0.692000 0.320237
vt 0.117767 0.005957
vt 0.117759 0.003861
vt 0.693247 0.323305
vt 0.692260 0.322954
vt 0.691268 0.322603
vt 0.115178 0.005972
vt 0.115172 0.003876
vt 0.692285 0.325708
vt 0.691330 0.325277
vt 0.690371 0.324845
vt 0.112669 0.005995
vt 0.112663 0.003898
vt 0.691152 0.327967
vt 0.690238 0.327455
vt 0.689319 0.326942
vt 0.110261 0.006025
vt 0.110257 0.003929
vt 0.689858 0.330060
vt 0.688994 0.329467
vt 0.688126 0.328872
vt 0.107979 0.006063
vt 0.107977 0.003966
vt 0.688415 0.331967
vt 0.687613 0.331293
vt 0.686806 0.330617
vt 0.105845 0.006107
vt 0.105844 0.004011
vt 0.686838 0.333669
vt 0.686109 0.332916
vt 0.685376 0.332161
vt 0.103879 0.006158
vt 0.103879 0.004062
vt 0.685142 0.335150
vt 0.684499 0.334322
vt 0.683852 0.333491
vt 0.102100 0.006215
vt 0.102101 0.004118
vt 0.683343 0.336395
vt 0.682799 0.335499
vt 0.682252 0.334599
vt 0.100525 0.006277
vt 0.100528 0.004181
vt 0.681459 0.337393
vt 0.681027 0.336438
vt 0.680593 0.335479
vt 0.099170 0.006345
vt 0.099174 0.004248
vt 0.679507 0.338135
vt 0.679199 0.337133
vt 0.678889 0.336126
vt 0.098047 0.006416
vt 0.098052 0.004319
vt 0.677507 0.338612
vt 0.677331 0.337579
vt 0.677155 0.336540
vt 0.097179 0.004393
vt 0.097167 0.006491
vt 0.072411 0.988326
vt 0.629691 0.728513
vt 0.631282 0.731460
vt 0.627871 0.725823
vt 0.625840 0.723414
vt 0.623618 0.721310
s 1
usemtl 01_|_honey_hickory_longitudinal_grain
f 1/1/1 2/2/2 56/3/3 55/4/4
f 2/2/2 3/5/5 57/6/6 56/3/3
f 3/5/5 4/7/7 58/8/8 57/6/6
f 4/7/7 5/9/9 59/10/10 58/8/8
f 5/9/9 6/11/11 60/12/12 59/10/10
f 6/11/11 7/13/13 61/14/14 60/12/12
f 7/13/13 8/15/15 62/16/16 61/14/14
f 8/15/15 9/17/17 63/18/18 62/16/16
f 9/17/17 10/19/19 64/20/20 63/18/18
f 10/19/19 11/21/21 65/22/22 64/20/20
f 11/21/21 12/23/23 66/24/24 65/22/22
f 12/23/23 13/25/25 67/26/26 66/24/24
f 13/25/25 14/27/27 68/28/28 67/26/26
f 14/27/27 15/29/29 69/30/30 68/28/28
f 15/29/29 16/31/31 70/32/32 69/30/30
f 16/31/31 17/33/33 71/34/34 70/32/32
f 17/33/33 18/35/35 72/36/36 71/34/34
f 18/35/35 19/37/37 73/38/38 72/36/36
f 19/37/37 20/39/39 74/40/40 73/38/38
f 20/39/39 21/41/41 75/42/42 74/40/40
f 21/41/41 22/43/43 76/44/44 75/42/42
f 22/45/43 23/46/45 77/47/46 76/48/44
f 23/46/45 24/49/47 78/50/48 77/47/46
f 24/49/47 25/51/49 79/52/50 78/50/48
f 26/53/51 27/54/52 88/55/53 87/56/54
f 27/54/52 28/57/55 89/58/56 88/55/53
f 28/57/55 29/59/57 90/60/58 89/58/56
f 29/59/57 30/61/59 91/62/60 90/60/58
f 30/61/59 31/63/61 92/64/62 91/62/60
f 31/63/61 32/65/63 93/66/64 92/64/62
f 32/67/63 33/68/65 94/69/66 93/70/64
f 33/68/65 34/71/67 95/72/68 94/69/66
f 34/71/67 35/73/69 96/74/70 95/72/68
f 35/73/69 36/75/71 97/76/72 96/74/70
f 36/75/71 37/77/73 98/78/74 97/76/72
f 37/77/73 38/79/75 99/80/76 98/78/74
f 38/79/75 39/81/77 100/82/78 99/80/76
f 39/81/77 40/83/79 101/84/80 100/82/78
f 40/83/79 41/85/81 102/86/82 101/84/80
f 41/85/81 42/87/83 103/88/84 102/86/82
f 42/87/83 43/89/85 104/90/86 103/88/84
f 43/89/85 44/91/87 105/92/88 104/90/86
f 44/91/87 45/93/89 106/94/90 105/92/88
f 45/93/89 46/95/91 107/96/92 106/94/90
f 46/95/91 47/97/93 108/98/94 107/96/92
f 47/97/93 48/99/95 109/100/96 108/98/94
f 48/99/95 49/101/97 110/102/98 109/100/96
f 49/101/97 50/103/99 111/104/100 110/102/98
f 51/105/101 52/106/102 116/107/103 115/108/104
f 52/106/102 53/109/105 117/110/106 116/107/103
f 53/109/105 54/111/107 118/112/108 117/110/106
f 54/111/107 55/4/4 119/113/109 118/112/108
f 55/4/4 56/3/3 120/114/110 119/113/109
f 56/3/3 57/6/6 121/115/111 120/114/110
f 57/6/6 58/8/8 122/116/112 121/115/111
f 58/8/8 59/10/10 123/117/113 122/116/112
f 59/10/10 60/12/12 124/118/114 123/117/113
f 60/12/12 61/14/14 125/119/115 124/118/114
f 61/14/14 62/16/16 126/120/116 125/119/115
f 62/16/16 63/18/18 127/121/117 126/120/116
f 63/18/18 64/20/20 128/122/118 127/121/117
f 64/20/20 65/22/22 129/123/119 128/122/118
f 65/22/22 66/24/24 130/124/120 129/123/119
f 66/24/24 67/26/26 131/125/121 130/124/120
f 67/26/26 68/28/28 132/126/122 131/125/121
f 68/28/28 69/30/30 133/127/123 132/126/122
f 69/30/30 70/32/32 134/128/124 133/127/123
f 70/32/32 71/34/34 135/129/125 134/128/124
f 71/34/34 72/36/36 136/130/126 135/129/125
f 72/36/36 73/38/38 137/131/127 136/130/126
f 73/38/38 74/40/40 138/132/128 137/131/127
f 74/40/40 75/42/42 139/133/129 138/132/128
f 75/42/42 76/44/44 140/134/130 139/133/129
f 76/48/44 77/47/46 141/135/131 140/136/130
f 77/47/46 78/50/48 142/137/132 141/135/131
f 78/50/48 79/52/50 143/138/133 142/137/132
f 79/52/50 80/139/134 144/140/135 143/138/133
f 80/139/134 81/141/136 145/142/137 144/140/135
f 81/141/136 82/143/138 146/144/139 145/142/137
f 82/143/138 83/145/140 147/146/141 146/144/139
f 83/145/140 84/147/142 148/148/143 147/146/141
f 84/147/142 85/149/144 149/150/145 148/148/143
f 85/149/144 86/151/146 150/152/147 149/150/145
f 86/151/146 87/56/54 151/153/148 150/152/147
f 87/56/54 88/55/53 152/154/149 151/153/148
f 88/55/53 89/58/56 153/155/150 152/154/149
f 89/58/56 90/60/58 154/156/151 153/155/150
f 90/60/58 91/62/60 155/157/152 154/156/151
f 91/62/60 92/64/62 156/158/153 155/157/152
f 92/64/62 93/66/64 157/159/154 156/158/153
f 93/66/64 94/160/66 158/161/155 157/159/154
f 94/69/66 95/72/68 159/162/156 158/163/155
f 95/72/68 96/74/70 160/164/157 159/162/156
f 96/74/70 97/76/72 161/165/158 160/164/157
f 97/76/72 98/78/74 162/166/159 161/165/158
f 98/78/74 99/80/76 163/167/160 162/166/159
f 99/80/76 100/82/78 164/168/161 163/167/160
f 100/82/78 101/84/80 165/169/162 164/168/161
f 101/84/80 102/86/82 166/170/163 165/169/162
f 102/86/82 103/88/84 167/171/164 166/170/163
f 103/88/84 104/90/86 168/172/165 167/171/164
f 104/90/86 105/92/88 169/173/166 168/172/165
f 105/92/88 106/94/90 170/174/167 169/173/166
f 106/94/90 107/96/92 171/175/168 170/174/167
f 107/96/92 108/98/94 172/176/169 171/175/168
f 108/98/94 109/100/96 173/177/170 172/176/169
f 109/100/96 110/102/98 174/178/171 173/177/170
f 110/102/98 111/104/100 175/179/172 174/178/171
f 111/104/100 112/180/173 176/181/174 175/179/172
f 112/180/173 113/182/175 177/183/176 176/181/174
f 113/182/175 114/184/177 178/185/178 177/183/176
f 114/184/177 51/186/101 115/187/104 178/185/178
f 115/108/104 116/107/103 180/188/179 179/189/180
f 116/107/103 117/110/106 181/190/181 180/188/179
f 117/110/106 118/112/108 182/191/182 181/190/181
f 118/112/108 119/113/109 183/192/183 182/191/182
f 119/113/109 120/114/110 184/193/184 183/192/183
f 120/114/110 121/115/111 185/194/185 184/193/184
f 121/115/111 122/116/112 186/195/186 185/194/185
f 122/116/112 123/117/113 187/196/187 186/195/186
f 123/117/113 124/118/114 188/197/188 187/196/187
f 124/118/114 125/119/115 189/198/189 188/197/188
f 125/119/115 126/120/116 190/199/190 189/198/189
f 126/120/116 127/121/117 191/200/191 190/199/190
f 127/121/117 128/122/118 192/201/192 191/200/191
f 128/122/118 129/123/119 193/202/193 192/201/192
f 129/123/119 130/124/120 194/203/194 193/202/193
f 130/124/120 131/125/121 195/204/195 194/203/194
f 131/125/121 132/126/122 196/205/196 195/204/195
f 132/126/122 133/127/123 197/206/197 196/205/196
f 133/127/123 134/128/124 198/207/198 197/206/197
f 134/128/124 135/129/125 199/208/199 198/207/198
f 135/129/125 136/130/126 200/209/200 199/208/199
f 136/130/126 137/131/127 201/210/201 200/209/200
f 137/131/127 138/132/128 202/211/202 201/210/201
f 138/132/128 139/133/129 203/212/203 202/211/202
f 139/133/129 140/134/130 204/213/204 203/212/203
f 140/136/130 141/135/131 205/214/205 204/215/204
f 141/135/131 142/137/132 206/216/206 205/214/205
f 142/137/132 143/138/133 207/217/207 206/216/206
f 143/138/133 144/140/135 208/218/208 207/217/207
f 144/140/135 145/142/137 209/219/209 208/218/208
f 145/142/137 146/144/139 210/220/210 209/219/209
f 146/144/139 147/146/141 211/221/211 210/220/210
f 147/146/141 148/148/143 212/222/212 211/221/211
f 148/148/143 149/150/145 213/223/213 212/222/212
f 149/150/145 150/152/147 214/224/214 213/223/213
f 150/152/147 151/153/148 215/225/215 214/224/214
f 151/153/148 152/154/149 216/226/216 215/225/215
f 152/154/149 153/155/150 217/227/217 216/226/216
f 153/155/150 154/156/151 218/228/218 217/227/217
f 154/156/151 155/157/152 219/229/219 218/228/218
f 155/157/152 156/158/153 220/230/220 219/229/219
f 156/158/153 157/159/154 221/231/221 220/230/220
f 157/159/154 158/161/155 222/232/222 221/231/221
f 158/163/155 159/162/156 223/233/223 222/234/222
f 159/162/156 160/164/157 224/235/224 223/233/223
f 160/164/157 161/165/158 225/236/225 224/235/224
f 161/165/158 162/166/159 226/237/226 225/236/225
f 162/166/159 163/167/160 227/238/227 226/237/226
f 163/167/160 164/168/161 228/239/228 227/238/227
f 164/168/161 165/169/162 229/240/229 228/239/228
f 165/169/162 166/170/163 230/241/230 229/240/229
f 166/170/163 167/171/164 231/242/231 230/241/230
f 167/171/164 168/172/165 232/243/232 231/242/231
f 168/172/165 169/173/166 233/244/233 232/243/232
f 169/173/166 170/174/167 234/245/234 233/244/233
f 170/174/167 171/175/168 235/246/235 234/245/234
f 171/175/168 172/176/169 236/247/236 235/246/235
f 172/176/169 173/177/170 237/248/237 236/247/236
f 173/177/170 174/178/171 238/249/238 237/248/237
f 174/178/171 175/179/172 239/250/239 238/249/238
f 175/179/172 176/181/174 240/251/240 239/250/239
f 176/181/174 177/183/176 241/252/241 240/251/240
f 177/183/176 178/185/178 242/253/242 241/252/241
f 178/185/178 115/187/104 179/254/180 242/253/242
f 179/189/180 180/188/179 244/255/243 243/256/244
f 180/188/179 181/190/181 245/257/245 244/255/243
f 181/190/181 182/191/182 246/258/246 245/257/245
f 182/191/182 183/192/183 247/259/247 246/258/246
f 183/192/183 184/193/184 248/260/248 247/259/247
f 184/193/184 185/194/185 249/261/249 248/260/248
f 185/194/185 186/195/186 250/262/250 249/261/249
f 186/195/186 187/196/187 251/263/251 250/262/250
f 187/196/187 188/197/188 252/264/252 251/263/251
f 188/197/188 189/198/189 253/265/253 252/264/252
f 189/198/189 190/199/190 254/266/254 253/265/253
f 190/199/190 191/200/191 255/267/255 254/266/254
f 191/200/191 192/201/192 256/268/256 255/267/255
f 192/201/192 193/202/193 257/269/257 256/268/256
f 193/202/193 194/203/194 258/270/258 257/269/257
f 194/203/194 195/204/195 259/271/259 258/270/258
f 195/204/195 196/205/196 260/272/260 259/271/259
f 196/205/196 197/206/197 261/273/261 260/272/260
f 197/206/197 198/207/198 262/274/262 261/273/261
f 198/207/198 199/208/199 263/275/263 262/274/262
f 199/208/199 200/209/200 264/276/264 263/275/263
f 200/209/200 201/210/201 265/277/265 264/276/264
f 201/210/201 202/211/202 266/278/266 265/277/265
f 202/211/202 203/212/203 267/279/267 266/278/266
f 203/212/203 204/213/204 268/280/268 267/279/267
f 204/215/204 205/214/205 269/281/269 268/282/268
f 205/214/205 206/216/206 270/283/270 269/281/269
f 206/216/206 207/217/207 271/284/271 270/283/270
f 207/217/207 208/218/208 272/285/272 271/284/271
f 208/218/208 209/219/209 273/286/273 272/285/272
f 209/219/209 210/220/210 274/287/274 273/286/273
f 210/220/210 211/221/211 275/288/275 274/287/274
f 211/221/211 212/222/212 276/289/276 275/288/275
f 212/222/212 213/223/213 277/290/277 276/289/276
f 213/223/213 214/224/214 278/291/278 277/290/277
f 214/224/214 215/225/215 279/292/279 278/291/278
f 215/225/215 216/226/216 280/293/280 279/292/279
f 216/226/216 217/227/217 281/294/281 280/293/280
f 217/227/217 218/228/218 282/295/282 281/294/281
f 218/228/218 219/229/219 283/296/283 282/295/282
f 219/229/219 220/230/220 284/297/284 283/296/283
f 220/230/220 221/231/221 285/298/285 284/297/284
f 221/231/221 222/232/222 286/299/286 285/298/285
f 222/234/222 223/233/223 287/300/287 286/301/286
f 223/233/223 224/235/224 288/302/288 287/300/287
f 224/235/224 225/236/225 289/303/289 288/302/288
f 225/236/225 226/237/226 290/304/290 289/303/289
f 226/237/226 227/238/227 291/305/291 290/304/290
f 227/238/227 228/239/228 292/306/292 291/305/291
f 228/239/228 229/240/229 293/307/293 292/306/292
f 229/240/229 230/241/230 294/308/294 293/307/293
f 230/241/230 231/242/231 295/309/295 294/308/294
f 231/242/231 232/243/232 296/310/296 295/309/295
f 232/243/232 233/244/233 297/311/297 296/310/296
f 233/244/233 234/245/234 298/312/298 297/311/297
f 234/245/234 235/246/235 299/313/299 298/312/298
f 235/246/235 236/247/236 300/314/300 299/313/299
f 236/247/236 237/248/237 301/315/301 300/314/300
f 237/248/237 238/249/238 302/316/302 301/315/301
f 238/249/238 239/250/239 303/317/303 302/316/302
f 239/250/239 240/251/240 304/318/304 303/317/303
f 240/251/240 241/252/241 305/319/305 304/318/304
f 241/252/241 242/253/242 306/320/306 305/319/305
f 242/253/242 179/254/180 243/321/244 306/320/306
f 243/256/244 244/255/243 308/322/307 307/323/308
f 244/255/243 245/257/245 309/324/309 308/322/307
f 245/257/245 246/258/246 310/325/310 309/324/309
f 246/258/246 247/259/247 311/326/311 310/325/310
f 247/259/247 248/260/248 312/327/312 311/326/311
f 248/260/248 249/261/249 313/328/313 312/327/312
f 249/261/249 250/262/250 314/329/314 313/328/313
f 250/262/250 251/263/251 315/330/315 314/329/314
f 251/263/251 252/264/252 316/331/316 315/330/315
f 252/264/252 253/265/253 317/332/317 316/331/316
f 253/265/253 254/266/254 318/333/318 317/332/317
f 254/266/254 255/267/255 319/334/319 318/333/318
f 255/267/255 256/268/256 320/335/320 319/334/319
f 256/268/256 257/269/257 321/336/321 320/335/320
f 257/269/257 258/270/258 322/337/322 321/336/321
f 258/270/258 259/271/259 323/338/323 322/337/322
f 259/271/259 260/272/260 324/339/324 323/338/323
f 260/272/260 261/273/261 325/340/325 324/339/324
f 261/273/261 262/274/262 326/341/326 325/340/325
f 262/274/262 263/275/263 327/342/327 326/341/326
f 263/275/263 264/276/264 328/343/328 327/342/327
f 264/276/264 265/277/265 329/344/329 328/343/328
f 265/277/265 266/278/266 330/345/330 329/344/329
f 266/278/266 267/279/267 331/346/331 330/345/330
f 267/279/267 268/280/268 332/347/332 331/346/331
f 268/282/268 269/281/269 333/348/333 332/349/332
f 269/281/269 270/283/270 334/350/334 333/348/333
f 270/283/270 271/284/271 335/351/335 334/350/334
f 271/284/271 272/285/272 336/352/336 335/351/335
f 272/285/272 273/286/273 337/353/337 336/352/336
f 273/286/273 274/287/274 338/354/338 337/353/337
f 274/287/274 275/288/275 339/355/339 338/354/338
f 275/288/275 276/289/276 340/356/340 339/355/339
f 276/289/276 277/290/277 341/357/341 340/356/340
f 277/290/277 278/291/278 342/358/342 341/357/341
f 278/291/278 279/292/279 343/359/343 342/358/342
f 279/292/279 280/293/280 344/360/344 343/359/343
f 280/293/280 281/294/281 345/361/345 344/360/344
f 281/294/281 282/295/282 346/362/346 345/361/345
f 282/295/282 283/296/283 347/363/347 346/362/346
f 283/296/283 284/297/284 348/364/348 347/363/347
f 284/297/284 285/298/285 349/365/349 348/364/348
f 285/298/285 286/299/286 350/366/350 349/365/349
f 286/301/286 287/300/287 351/367/351 350/368/350
f 287/300/287 288/302/288 352/369/352 351/367/351
f 288/302/288 289/303/289 353/370/353 352/369/352
f 289/303/289 290/304/290 354/371/354 353/370/353
f 290/304/290 291/305/291 355/372/355 354/371/354
f 291/305/291 292/306/292 356/373/356 355/372/355
f 292/306/292 293/307/293 357/374/357 356/373/356
f 293/307/293 294/308/294 358/375/358 357/374/357
f 294/308/294 295/309/295 359/376/359 358/375/358
f 295/309/295 296/310/296 360/377/360 359/376/359
f 296/310/296 297/311/297 361/378/361 360/377/360
f 297/311/297 298/312/298 362/379/362 361/378/361
f 298/312/298 299/313/299 363/380/363 362/379/362
f 299/313/299 300/314/300 364/381/364 363/380/363
f 300/314/300 301/315/301 365/382/365 364/381/364
f 301/315/301 302/316/302 366/383/366 365/382/365
f 302/316/302 303/317/303 367/384/367 366/383/366
f 303/317/303 304/318/304 368/385/368 367/384/367
f 304/318/304 305/319/305 369/386/369 368/385/368
f 305/319/305 306/320/306 370/387/370 369/386/369
f 306/320/306 243/321/244 307/388/308 370/387/370
f 307/323/308 308/322/307 372/389/371 371/390/372
f 308/322/307 309/324/309 373/391/373 372/389/371
f 309/324/309 310/325/310 374/392/374 373/391/373
f 310/325/310 311/326/311 375/393/375 374/392/374
f 311/326/311 312/327/312 376/394/376 375/393/375
f 312/327/312 313/328/313 377/395/377 376/394/376
f 313/328/313 314/329/314 378/396/378 377/395/377
f 314/329/314 315/330/315 379/397/379 378/396/378
f 315/330/315 316/331/316 380/398/380 379/397/379
f 316/331/316 317/332/317 381/399/381 380/398/380
f 317/332/317 318/333/318 382/400/382 381/399/381
f 318/333/318 319/334/319 383/401/383 382/400/382
f 319/334/319 320/335/320 384/402/384 383/401/383
f 320/335/320 321/336/321 385/403/385 384/402/384
f 321/336/321 322/337/322 386/404/386 385/403/385
f 322/337/322 323/338/323 387/405/387 386/404/386
f 323/338/323 324/339/324 388/406/388 387/405/387
f 324/339/324 325/340/325 389/407/389 388/406/388
f 325/340/325 326/341/326 390/408/390 389/407/389
f 326/341/326 327/342/327 391/409/391 390/408/390
f 327/342/327 328/343/328 392/410/392 391/409/391
f 328/343/328 329/344/329 393/411/393 392/410/392
f 329/344/329 330/345/330 394/412/394 393/411/393
f 330/345/330 331/346/331 395/413/395 394/412/394
f 331/346/331 332/347/332 396/414/396 395/413/395
f 332/349/332 333/348/333 397/415/397 396/416/396
f 333/348/333 334/350/334 398/417/398 397/415/397
f 334/350/334 335/351/335 399/418/399 398/417/398
f 335/351/335 336/352/336 400/419/400 399/418/399
f 336/352/336 337/353/337 401/420/401 400/419/400
f 337/353/337 338/354/338 402/421/402 401/420/401
f 338/354/338 339/355/339 403/422/403 402/421/402
f 339/355/339 340/356/340 404/423/404 403/422/403
f 340/356/340 341/357/341 405/424/405 404/423/404
f 341/357/341 342/358/342 406/425/406 405/424/405
f 342/358/342 343/359/343 407/426/407 406/425/406
f 343/359/343 344/360/344 408/427/408 407/426/407
f 344/360/344 345/361/345 409/428/409 408/427/408
f 345/361/345 346/362/346 410/429/410 409/428/409
f 346/362/346 347/363/347 411/430/411 410/429/410
f 347/363/347 348/364/348 412/431/412 411/430/411
f 348/364/348 349/365/349 413/432/413 412/431/412
f 349/433/349 350/368/350 414/434/414 413/435/413
f 350/368/350 351/367/351 415/436/415 414/434/414
f 351/367/351 352/369/352 416/437/416 415/436/415
f 352/369/352 353/370/353 417/438/417 416/437/416
f 353/370/353 354/371/354 418/439/418 417/438/417
f 354/371/354 355/372/355 419/440/419 418/439/418
f 355/372/355 356/373/356 420/441/420 419/440/419
f 356/373/356 357/374/357 421/442/421 420/441/420
f 357/374/357 358/375/358 422/443/422 421/442/421
f 358/375/358 359/376/359 423/444/423 422/443/422
f 359/376/359 360/377/360 424/445/424 423/444/423
f 360/377/360 361/378/361 425/446/425 424/445/424
f 361/378/361 362/379/362 426/447/426 425/446/425
f 362/379/362 363/380/363 427/448/427 426/447/426
f 363/380/363 364/381/364 428/449/428 427/448/427
f 364/381/364 365/382/365 429/450/429 428/449/428
f 365/382/365 366/383/366 430/451/430 429/450/429
f 366/383/366 367/384/367 431/452/431 430/451/430
f 367/384/367 368/385/368 432/453/432 431/452/431
f 368/385/368 369/386/369 433/454/433 432/453/432
f 369/386/369 370/387/370 434/455/434 433/454/433
f 370/387/370 307/388/308 371/456/372 434/455/434
f 703/457/435 706/458/436 705/459/437
f 706/458/436 707/460/438 705/460/437
f 707/460/438 704/460/439 705/460/437
f 708/461/440 711/462/441 710/463/442
f 711/462/441 712/464/443 710/463/442
f 712/464/443 709/465/444 710/463/442
f 733/466/445 736/467/446 735/468/447
f 736/467/446 737/469/448 735/470/447
f 737/469/448 734/471/449 735/470/447
f 738/472/450 741/473/451 740/474/452
f 741/473/451 742/475/453 740/476/452
f 742/475/453 739/477/454 740/476/452
f 436/478/455 687/479/456 689/480/457 438/481/458
f 438/481/458 689/480/457 690/482/459 437/483/459
s 0
f 437/483/460 690/482/460 688/484/460 435/485/460
f 684/486/461 688/484/461 690/482/461 686/487/461
f 686/487/462 690/482/462 689/480/462 685/488/462
s 1
f 685/488/463 689/480/457 687/479/456 683/489/464
s 0
f 680/490/465 684/486/465 686/487/465 682/491/465
f 682/491/466 686/487/466 685/488/466 681/492/466
s 1
f 681/492/467 685/488/463 683/489/464 679/493/468
s 0
f 676/494/469 680/490/469 682/491/469 678/495/469
s 1
f 678/496/470 682/497/471 681/498/467 677/499/472
f 677/499/472 681/498/467 679/500/468 675/501/473
s 0
f 672/502/474 676/494/474 678/495/474 674/503/474
s 1
f 674/504/475 678/496/470 677/499/472 673/505/476
f 673/505/476 677/499/472 675/501/473 671/506/477
s 0
f 668/507/478 672/502/478 674/503/478 670/508/478
s 1
f 670/509/479 674/504/475 673/505/476 669/510/480
f 669/510/480 673/505/476 671/506/477 667/511/481
s 0
f 664/512/482 668/507/482 670/508/482 666/513/482
s 1
f 666/514/483 670/509/479 669/510/480 665/515/484
f 665/515/484 669/510/480 667/511/481 663/516/485
s 0
f 660/517/486 664/512/486 666/513/486 662/518/486
s 1
f 662/519/487 666/514/483 665/515/484 661/520/488
f 661/520/488 665/515/484 663/516/485 659/521/489
s 0
f 656/522/490 660/517/490 662/518/490 658/523/490
s 1
f 658/524/491 662/519/487 661/520/488 657/525/492
f 657/525/492 661/520/488 659/521/489 655/526/493
s 0
f 652/527/494 656/522/494 658/523/494 654/528/494
s 1
f 654/529/495 658/524/491 657/525/492 653/530/496
f 653/530/496 657/525/492 655/526/493 651/531/497
s 0
f 648/532/498 652/527/498 654/528/498 650/533/498
s 1
f 650/534/499 654/529/495 653/530/496 649/535/500
f 649/535/500 653/530/496 651/531/497 647/536/501
s 0
f 644/537/502 648/532/502 650/533/502 646/538/502
s 1
f 646/539/503 650/534/499 649/535/500 645/540/504
f 645/540/504 649/535/500 647/536/501 643/541/505
s 0
f 640/542/506 644/537/506 646/538/506 642/543/506
s 1
f 642/544/507 646/539/503 645/540/504 641/545/508
f 641/545/508 645/540/504 643/541/505 639/546/509
s 0
f 636/547/510 640/542/510 642/543/510 638/548/510
s 1
f 638/549/511 642/544/507 641/545/508 637/550/512
f 637/550/512 641/545/508 639/546/509 635/551/513
s 0
f 632/552/514 636/547/514 638/548/514 634/553/514
s 1
f 634/554/515 638/549/511 637/550/512 633/555/516
f 633/555/516 637/550/512 635/551/513 631/556/517
s 0
f 628/557/518 632/552/518 634/553/518 630/558/518
s 1
f 630/559/519 634/554/515 633/555/516 629/560/520
f 629/560/520 633/555/516 631/556/517 627/561/521
s 0
f 624/562/522 628/557/522 630/558/522 626/563/522
s 1
f 626/564/523 630/559/519 629/560/520 625/565/524
f 625/565/524 629/560/520 627/561/521 623/566/525
s 0
f 620/567/526 624/562/526 626/563/526 622/568/526
s 1
f 622/569/527 626/564/523 625/565/524 621/570/528
f 621/570/528 625/565/524 623/566/525 619/571/529
s 0
f 616/572/530 620/567/530 622/568/530 618/573/530
s 1
f 618/574/531 622/569/527 621/570/528 617/575/532
f 617/575/532 621/570/528 619/571/529 615/576/533
s 0
f 612/577/534 616/572/534 618/573/534 614/578/534
s 1
f 614/579/535 618/574/531 617/575/532 613/580/536
f 613/580/536 617/575/532 615/576/533 611/581/537
s 0
f 608/582/538 612/577/538 614/578/538 610/583/538
s 1
f 610/584/539 614/579/535 613/580/536 609/585/540
f 609/585/540 613/580/536 611/581/537 607/586/541
s 0
f 604/587/542 608/582/542 610/583/542 606/588/542
s 1
f 606/589/543 610/584/539 609/585/540 605/590/544
f 605/590/544 609/585/540 607/586/541 603/591/545
s 0
f 600/592/546 604/587/546 606/588/546 602/593/546
s 1
f 602/594/547 606/595/543 605/596/544 601/597/548
f 601/597/548 605/596/544 603/598/545 599/599/549
s 0
f 596/600/550 600/592/550 602/593/550 598/601/550
s 1
f 598/602/551 602/594/547 601/597/548 597/603/552
f 597/603/552 601/597/548 599/599/549 595/604/553
s 0
f 592/605/554 596/600/554 598/601/554 594/606/554
s 1
f 594/607/555 598/602/551 597/603/552 593/608/556
f 593/608/556 597/603/552 595/604/553 591/609/557
s 0
f 588/610/558 592/605/558 594/606/558 590/611/558
s 1
f 590/612/559 594/607/555 593/608/556 589/613/560
f 589/613/560 593/608/556 591/609/557 587/614/561
s 0
f 584/615/562 588/610/562 590/611/562 586/616/562
s 1
f 586/617/563 590/612/559 589/613/560 585/618/564
f 585/618/564 589/613/560 587/614/561 583/619/565
s 0
f 580/620/566 584/615/566 586/616/566 582/621/566
s 1
f 582/622/567 586/617/563 585/618/564 581/623/568
f 581/623/568 585/618/564 583/619/565 579/624/569
s 0
f 576/625/570 580/620/570 582/621/570 578/626/570
s 1
f 578/627/571 582/622/567 581/623/568 577/628/572
f 577/628/572 581/623/568 579/624/569 575/629/573
s 0
f 572/630/574 576/625/574 578/626/574 574/631/574
s 1
f 574/632/575 578/627/571 577/628/572 573/633/576
f 573/633/576 577/628/572 575/629/573 571/634/577
s 0
f 568/635/578 572/630/578 574/631/578 570/636/578
s 1
f 570/637/579 574/632/575 573/633/576 569/638/580
f 569/638/580 573/633/576 571/634/577 567/639/581
s 0
f 564/640/582 568/635/582 570/636/582 566/641/582
s 1
f 566/642/583 570/637/579 569/638/580 565/643/584
f 565/643/584 569/638/580 567/639/581 563/644/585
s 0
f 560/645/586 564/640/586 566/641/586 562/646/586
s 1
f 562/647/587 566/642/583 565/643/584 561/648/588
f 561/648/588 565/643/584 563/644/585 559/649/589
s 0
f 556/650/590 560/645/590 562/646/590 558/651/590
s 1
f 558/652/591 562/647/587 561/648/588 557/653/592
f 557/653/592 561/648/588 559/649/589 555/654/593
s 0
f 552/655/594 556/650/594 558/651/594 554/656/594
s 1
f 554/657/595 558/652/591 557/653/592 553/658/596
f 553/658/596 557/653/592 555/654/593 551/659/597
s 0
f 548/660/598 552/655/598 554/656/598 550/661/598
s 1
f 550/662/599 554/657/595 553/658/596 549/663/600
f 549/663/600 553/658/596 551/659/597 547/664/601
s 0
f 544/665/602 548/660/602 550/661/602 546/666/602
f 546/666/603 550/661/603 549/667/603 545/668/603
s 1
f 545/668/604 549/667/600 547/669/601 543/670/605
s 0
f 540/671/606 544/665/606 546/666/606 542/672/606
f 542/672/607 546/666/607 545/668/607 541/673/607
s 1
f 541/673/608 545/668/604 543/670/605 539/674/609
s 0
f 536/675/610 540/671/610 542/672/610 538/676/610
f 538/676/611 542/672/611 541/673/611 537/677/611
s 1
f 537/677/612 541/673/608 539/674/609 535/678/613
s 0
f 532/679/614 536/675/614 538/676/614 534/680/614
f 534/680/615 538/676/615 537/677/615 533/681/615
s 1
f 533/681/616 537/677/612 535/678/613 531/682/617
s 0
f 528/683/618 532/679/618 534/680/618 530/684/618
s 1
f 530/685/619 534/686/620 533/687/616 529/688/621
f 529/688/621 533/687/616 531/689/617 527/690/622
s 0
f 524/691/623 528/683/623 530/684/623 526/692/623
s 1
f 526/693/624 530/685/619 529/688/621 525/694/625
f 525/694/625 529/688/621 527/690/622 523/695/626
s 0
f 520/696/627 524/691/627 526/692/627 522/697/627
s 1
f 522/698/628 526/693/624 525/694/625 521/699/629
f 521/699/629 525/694/625 523/695/626 519/700/630
s 0
f 516/701/631 520/696/631 522/697/631 518/702/631
s 1
f 518/703/632 522/698/628 521/699/629 517/704/633
f 517/704/633 521/699/629 519/700/630 515/705/634
s 0
f 512/706/635 516/701/635 518/702/635 514/707/635
s 1
f 514/708/636 518/703/632 517/704/633 513/709/637
f 513/709/637 517/704/633 515/705/634 511/710/638
s 0
f 508/711/639 512/706/639 514/707/639 510/712/639
s 1
f 510/713/640 514/708/636 513/709/637 509/714/641
f 509/714/641 513/709/637 511/710/638 507/715/642
s 0
f 504/716/643 508/711/643 510/712/643 506/717/643
s 1
f 506/718/644 510/713/640 509/714/641 505/719/645
f 505/719/645 509/714/641 507/715/642 503/720/646
s 0
f 500/721/647 504/716/647 506/717/647 502/722/647
s 1
f 502/723/648 506/718/644 505/719/645 501/724/649
f 501/724/649 505/719/645 503/720/646 499/725/650
s 0
f 496/726/651 500/721/651 502/722/651 498/727/651
s 1
f 498/728/652 502/723/648 501/724/649 497/729/653
f 497/729/653 501/724/649 499/725/650 495/730/654
s 0
f 492/731/655 496/726/655 498/727/655 494/732/655
s 1
f 494/733/656 498/728/652 497/729/653 493/734/657
f 493/734/657 497/729/653 495/730/654 491/735/658
s 0
f 488/736/659 492/731/659 494/732/659 490/737/659
s 1
f 490/738/660 494/733/656 493/734/657 489/739/661
f 489/739/661 493/734/657 491/735/658 487/740/662
s 0
f 484/741/663 488/736/663 490/737/663 486/742/663
s 1
f 486/743/664 490/738/660 489/739/661 485/744/665
f 485/744/665 489/739/661 487/740/662 483/745/666
s 0
f 480/746/667 484/741/667 486/742/667 482/747/667
s 1
f 482/748/668 486/743/664 485/744/665 481/749/669
f 481/749/669 485/744/665 483/745/666 479/750/670
s 0
f 476/751/671 480/746/671 482/747/671 478/752/671
s 1
f 478/753/672 482/748/668 481/749/669 477/754/673
f 477/754/673 481/749/669 479/750/670 475/755/674
s 0
f 472/756/675 476/751/675 478/752/675 474/757/675
s 1
f 474/758/676 478/753/672 477/754/673 473/759/677
f 473/759/677 477/754/673 475/755/674 471/760/678
s 0
f 468/761/679 472/756/679 474/757/679 470/762/679
s 1
f 470/763/680 474/758/676 473/759/677 469/764/681
f 469/764/681 473/759/677 471/760/678 467/765/682
s 0
f 464/766/683 468/761/683 470/762/683 466/767/683
s 1
f 466/768/684 470/763/680 469/764/681 465/769/685
f 465/769/685 469/764/681 467/765/682 463/770/686
s 0
f 460/771/687 464/766/687 466/767/687 462/772/687
s 1
f 462/773/688 466/768/684 465/769/685 461/774/689
f 461/774/689 465/769/685 463/770/686 459/775/690
s 0
f 456/776/691 460/771/691 462/772/691 458/777/691
s 1
f 458/778/692 462/773/688 461/774/689 457/779/693
f 457/779/693 461/774/689 459/775/690 455/780/694
s 0
f 452/781/695 456/776/695 458/777/695 454/782/695
s 1
f 454/783/696 458/778/692 457/779/693 453/784/697
f 453/784/697 457/779/693 455/780/694 451/785/698
s 0
f 448/786/699 452/781/699 454/782/699 450/787/699
s 1
f 450/788/700 454/783/696 453/784/697 449/789/701
f 449/789/701 453/784/697 451/785/698 447/790/702
s 0
f 444/791/703 448/786/703 450/787/703 446/792/703
f 446/792/704 450/787/704 449/793/704 445/794/704
s 1
f 445/794/705 449/793/701 447/795/702 443/796/706
s 0
f 440/797/707 444/791/707 446/792/707 442/798/707
f 442/798/708 446/792/708 445/794/708 441/799/708
s 1
f 441/799/709 445/794/705 443/796/706 439/800/710
s 0
f 435/485/711 440/797/711 442/798/711 437/483/711
f 437/483/712 442/798/712 441/799/712 438/481/712
s 1
f 438/481/458 441/799/709 439/800/710 436/478/455
f 692/801/713 695/802/714 697/803/715 694/804/716
f 694/805/716 697/806/715 698/807/717 693/808/718
f 693/808/718 698/807/717 696/809/719 691/810/720
f 695/802/714 699/811/721 701/812/722 697/803/715
f 697/806/715 701/813/722 702/814/723 698/807/717
f 698/807/717 702/814/723 700/815/724 696/809/719
f 699/811/721 704/816/439 707/817/438 701/812/722
f 701/813/722 707/460/438 706/818/436 702/814/723
f 702/814/723 706/818/436 703/457/435 700/815/724
f 708/461/440 713/819/725 715/820/726 711/462/441
f 711/462/441 715/820/726 716/821/727 712/822/443
f 712/822/443 716/821/727 714/823/728 709/824/444
f 713/819/725 717/825/729 719/826/730 715/820/726
f 715/820/726 719/826/730 720/827/731 716/821/727
f 716/821/727 720/827/731 718/828/732 714/823/728
f 717/825/729 721/829/733 723/830/734 719/826/730
f 719/826/730 723/830/734 724/831/735 720/827/731
f 720/827/731 724/831/735 722/832/736 718/828/732
f 721/829/733 725/833/737 727/834/738 723/830/734
f 723/830/734 727/834/738 728/835/739 724/831/735
f 724/831/735 728/835/739 726/836/740 722/832/736
f 725/833/737 729/837/741 731/838/742 727/834/738
f 727/834/738 731/838/742 732/839/743 728/835/739
f 728/835/739 732/839/743 730/840/744 726/836/740
f 729/837/741 734/841/449 737/842/448 731/838/742
f 731/838/742 737/842/448 736/467/446 732/839/743
f 732/839/743 736/467/446 733/466/445 730/840/744
f 738/843/450 743/844/745 745/845/746 741/846/451
f 741/847/451 745/848/746 746/849/747 742/850/453
f 742/850/453 746/849/747 744/851/748 739/852/454
f 743/844/745 747/853/749 749/854/750 745/845/746
f 745/848/746 749/855/750 750/856/751 746/849/747
f 746/849/747 750/856/751 748/857/752 744/851/748
f 691/858/720 748/857/752 750/856/751 693/859/718
f 693/859/718 750/856/751 749/855/750 694/860/716
f 694/804/716 749/854/750 747/853/749 692/801/713
f 752/861/753 756/862/754 758/863/755 754/864/756
s 0
f 754/865/757 758/866/757 757/867/757 753/868/757
f 753/868/758 757/867/758 755/869/758 751/870/758
s 1
f 756/862/754 760/871/759 762/872/760 758/863/755
s 0
f 758/866/761 762/873/761 761/874/761 757/867/761
f 757/867/762 761/874/762 759/875/762 755/869/762
s 1
f 760/871/759 764/876/763 766/877/764 762/872/760
s 0
f 762/873/765 766/878/765 765/879/765 761/874/765
f 761/874/766 765/879/766 763/880/766 759/875/766
s 1
f 764/876/763 768/881/767 770/882/768 766/877/764
s 0
f 766/878/769 770/883/769 769/884/769 765/879/769
f 765/879/770 769/884/770 767/885/770 763/880/770
s 1
f 768/881/767 772/886/771 774/887/772 770/882/768
s 0
f 770/883/773 774/888/773 773/889/773 769/884/773
f 769/884/774 773/889/774 771/890/774 767/885/774
s 1
f 772/886/771 776/891/775 778/892/776 774/887/772
s 0
f 774/888/777 778/893/777 777/894/777 773/889/777
f 773/889/778 777/894/778 775/895/778 771/890/778
s 1
f 776/891/775 780/896/779 782/897/780 778/892/776
s 0
f 778/893/781 782/898/781 781/899/781 777/894/781
f 777/894/782 781/899/782 779/900/782 775/895/782
s 1
f 780/896/779 784/901/783 786/902/784 782/897/780
s 0
f 782/898/785 786/903/785 785/904/785 781/899/785
f 781/899/786 785/904/786 783/905/786 779/900/786
s 1
f 784/901/783 788/906/787 790/907/788 786/902/784
s 0
f 786/903/789 790/908/789 789/909/789 785/904/789
f 785/904/790 789/909/790 787/910/790 783/905/790
s 1
f 788/906/787 792/911/791 794/912/792 790/907/788
s 0
f 790/908/793 794/913/793 793/914/793 789/909/793
f 789/909/794 793/914/794 791/915/794 787/910/794
s 1
f 792/911/791 796/916/795 798/917/796 794/912/792
s 0
f 794/913/797 798/918/797 797/919/797 793/914/797
f 793/914/798 797/919/798 795/920/798 791/915/798
s 1
f 796/916/795 800/921/799 802/922/800 798/917/796
s 0
f 798/918/801 802/923/801 801/924/801 797/919/801
f 797/919/802 801/924/802 799/925/802 795/920/802
s 1
f 800/921/799 804/926/803 806/927/804 802/922/800
s 0
f 802/923/805 806/928/805 805/929/805 801/924/805
f 801/924/806 805/929/806 803/930/806 799/925/806
s 1
f 804/926/803 808/931/807 810/932/808 806/927/804
s 0
f 806/928/809 810/933/809 809/934/809 805/929/809
f 805/929/810 809/934/810 807/935/810 803/930/810
s 1
f 808/931/807 812/936/811 814/937/812 810/932/808
s 0
f 810/933/813 814/938/813 813/939/813 809/934/813
f 809/934/814 813/939/814 811/940/814 807/935/814
s 1
f 812/936/811 816/941/815 818/942/816 814/937/812
s 0
f 814/938/817 818/943/817 817/944/817 813/939/817
f 813/939/818 817/944/818 815/945/818 811/940/818
s 1
f 816/941/815 820/946/819 822/947/820 818/942/816
s 0
f 818/943/821 822/948/821 821/949/821 817/944/821
f 817/944/822 821/949/822 819/950/822 815/945/822
s 1
f 820/946/819 824/951/823 826/952/824 822/947/820
s 0
f 822/948/825 826/953/825 825/954/825 821/949/825
f 821/949/826 825/954/826 823/955/826 819/950/826
s 1
f 824/951/823 828/956/827 830/957/828 826/952/824
s 0
f 826/953/829 830/958/829 829/959/829 825/954/829
f 825/954/830 829/959/830 827/960/830 823/955/830
s 1
f 828/956/827 832/961/831 834/962/832 830/957/828
s 0
f 830/958/833 834/963/833 833/964/833 829/959/833
f 829/959/834 833/964/834 831/965/834 827/960/834
s 1
f 832/961/831 836/966/835 838/967/836 834/962/832
s 0
f 834/963/837 838/968/837 837/969/837 833/964/837
f 833/964/838 837/969/838 835/970/838 831/965/838
s 1
f 836/966/835 840/971/839 842/972/840 838/967/836
s 0
f 838/968/841 842/973/841 841/974/841 837/969/841
f 837/969/842 841/974/842 839/975/842 835/970/842
s 1
f 840/971/839 844/976/843 846/977/844 842/972/840
s 0
f 842/973/845 846/978/845 845/979/845 841/974/845
f 841/974/846 845/979/846 843/980/846 839/975/846
s 1
f 844/976/843 848/981/847 850/982/848 846/977/844
s 0
f 846/978/849 850/983/849 849/984/849 845/979/849
f 845/979/850 849/984/850 847/985/850 843/980/850
s 1
f 848/981/847 852/986/851 854/987/852 850/982/848
s 0
f 850/983/853 854/988/853 853/989/853 849/984/853
f 849/984/854 853/989/854 851/990/854 847/985/854
s 1
f 852/991/851 856/992/855 858/993/856 854/994/852
s 0
f 854/988/857 858/995/857 857/996/857 853/989/857
f 853/989/858 857/996/858 855/997/858 851/990/858
s 1
f 856/992/855 860/998/859 862/999/860 858/993/856
s 0
f 858/995/861 862/1000/861 861/1001/861 857/996/861
f 857/996/862 861/1001/862 859/1002/862 855/997/862
s 1
f 860/998/859 864/1003/863 866/1004/864 862/999/860
s 0
f 862/1000/865 866/1005/865 865/1006/865 861/1001/865
f 861/1001/866 865/1006/866 863/1007/866 859/1002/866
s 1
f 864/1003/863 868/1008/867 870/1009/868 866/1004/864
s 0
f 866/1005/869 870/1010/869 869/1011/869 865/1006/869
f 865/1006/870 869/1011/870 867/1012/870 863/1007/870
s 1
f 868/1008/867 872/1013/871 874/1014/872 870/1009/868
s 0
f 870/1010/873 874/1015/873 873/1016/873 869/1011/873
f 869/1011/874 873/1016/874 871/1017/874 867/1012/874
s 1
f 872/1013/871 876/1018/875 878/1019/876 874/1014/872
s 0
f 874/1015/877 878/1020/877 877/1021/877 873/1016/877
f 873/1016/878 877/1021/878 875/1022/878 871/1017/878
s 1
f 876/1018/875 880/1023/879 882/1024/880 878/1019/876
s 0
f 878/1020/881 882/1025/881 881/1026/881 877/1021/881
f 877/1021/882 881/1026/882 879/1027/882 875/1022/882
s 1
f 880/1023/879 884/1028/883 886/1029/884 882/1024/880
s 0
f 882/1025/885 886/1030/885 885/1031/885 881/1026/885
f 881/1026/886 885/1031/886 883/1032/886 879/1027/886
s 1
f 884/1028/883 888/1033/887 890/1034/888 886/1029/884
s 0
f 886/1030/889 890/1035/889 889/1036/889 885/1031/889
f 885/1031/890 889/1036/890 887/1037/890 883/1032/890
s 1
f 888/1033/887 892/1038/891 894/1039/892 890/1034/888
s 0
f 890/1035/893 894/1040/893 893/1041/893 889/1036/893
f 889/1036/894 893/1041/894 891/1042/894 887/1037/894
s 1
f 892/1038/891 896/1043/895 898/1044/896 894/1039/892
s 0
f 894/1040/897 898/1045/897 897/1046/897 893/1041/897
f 893/1041/898 897/1046/898 895/1047/898 891/1042/898
s 1
f 896/1043/895 900/1048/899 902/1049/900 898/1044/896
s 0
f 898/1045/901 902/1050/901 901/1051/901 897/1046/901
f 897/1046/902 901/1051/902 899/1052/902 895/1047/902
s 1
f 900/1048/899 904/1053/903 906/1054/904 902/1049/900
s 0
f 902/1050/905 906/1055/905 905/1056/905 901/1051/905
f 901/1051/906 905/1056/906 903/1057/906 899/1052/906
s 1
f 904/1053/903 908/1058/907 910/1059/908 906/1054/904
s 0
f 906/1055/909 910/1060/909 909/1061/909 905/1056/909
f 905/1056/910 909/1061/910 907/1062/910 903/1057/910
s 1
f 908/1058/907 912/1063/911 914/1064/912 910/1059/908
s 0
f 910/1060/913 914/1065/913 913/1066/913 909/1061/913
f 909/1061/914 913/1066/914 911/1067/914 907/1062/914
s 1
f 912/1063/911 916/1068/915 918/1069/916 914/1064/912
s 0
f 914/1065/917 918/1070/917 917/1071/917 913/1066/917
f 913/1066/918 917/1071/918 915/1072/918 911/1067/918
s 1
f 916/1068/915 920/1073/919 922/1074/920 918/1069/916
s 0
f 918/1070/921 922/1075/921 921/1076/921 917/1071/921
f 917/1071/922 921/1076/922 919/1077/922 915/1072/922
s 1
f 920/1078/919 924/1079/923 926/1080/924 922/1081/920
s 0
f 922/1075/925 926/1082/925 925/1083/925 921/1076/925
f 921/1076/926 925/1083/926 923/1084/926 919/1077/926
s 1
f 924/1079/923 928/1085/927 930/1086/928 926/1080/924
s 0
f 926/1082/929 930/1087/929 929/1088/929 925/1083/929
f 925/1083/930 929/1088/930 927/1089/930 923/1084/930
s 1
f 928/1085/927 932/1090/931 934/1091/932 930/1086/928
s 0
f 930/1087/933 934/1092/933 933/1093/933 929/1088/933
f 929/1088/934 933/1093/934 931/1094/934 927/1089/934
s 1
f 932/1090/931 936/1095/935 938/1096/936 934/1091/932
s 0
f 934/1092/937 938/1097/937 937/1098/937 933/1093/937
f 933/1093/938 937/1098/938 935/1099/938 931/1094/938
s 1
f 936/1095/935 940/1100/939 942/1101/940 938/1096/936
s 0
f 938/1097/941 942/1102/941 941/1103/941 937/1098/941
f 937/1098/942 941/1103/942 939/1104/942 935/1099/942
s 1
f 940/1100/939 944/1105/943 946/1106/944 942/1101/940
s 0
f 942/1102/945 946/1107/945 945/1108/945 941/1103/945
f 941/1103/946 945/1108/946 943/1109/946 939/1104/946
s 1
f 944/1105/943 948/1110/947 950/1111/948 946/1106/944
s 0
f 946/1107/949 950/1112/949 949/1113/949 945/1108/949
f 945/1108/950 949/1113/950 947/1114/950 943/1109/950
s 1
f 948/1110/947 952/1115/951 954/1116/952 950/1111/948
s 0
f 950/1112/953 954/1117/953 953/1118/953 949/1113/953
f 949/1113/954 953/1118/954 951/1119/954 947/1114/954
s 1
f 952/1115/951 956/1120/955 958/1121/956 954/1116/952
s 0
f 954/1117/957 958/1122/957 957/1123/957 953/1118/957
f 953/1118/958 957/1123/958 955/1124/958 951/1119/958
s 1
f 956/1120/955 960/1125/959 962/1126/960 958/1121/956
s 0
f 958/1122/961 962/1127/961 961/1128/961 957/1123/961
f 957/1123/962 961/1128/962 959/1129/962 955/1124/962
s 1
f 960/1125/959 964/1130/963 966/1131/964 962/1126/960
s 0
f 962/1127/965 966/1132/965 965/1133/965 961/1128/965
f 961/1128/966 965/1133/966 963/1134/966 959/1129/966
s 1
f 964/1130/963 968/1135/967 970/1136/968 966/1131/964
s 0
f 966/1132/969 970/1137/969 969/1138/969 965/1133/969
f 965/1133/970 969/1138/970 967/1139/970 963/1134/970
s 1
f 968/1135/967 972/1140/971 974/1141/972 970/1136/968
s 0
f 970/1137/973 974/1142/973 973/1143/973 969/1138/973
f 969/1138/974 973/1143/974 971/1144/974 967/1139/974
s 1
f 972/1140/971 976/1145/975 978/1146/976 974/1141/972
s 0
f 974/1142/977 978/1147/977 977/1148/977 973/1143/977
f 973/1143/978 977/1148/978 975/1149/978 971/1144/978
s 1
f 976/1145/975 980/1150/979 982/1151/980 978/1146/976
s 0
f 978/1147/981 982/1152/981 981/1153/981 977/1148/981
f 977/1148/982 981/1153/982 979/1154/982 975/1149/982
s 1
f 980/1150/979 984/1155/983 986/1156/984 982/1151/980
s 0
f 982/1152/985 986/1157/985 985/1158/985 981/1153/985
f 981/1153/986 985/1158/986 983/1159/986 979/1154/986
s 1
f 984/1155/983 988/1160/987 990/1161/988 986/1156/984
s 0
f 986/1157/989 990/1162/989 989/1163/989 985/1158/989
f 985/1158/990 989/1163/990 987/1164/990 983/1159/990
s 1
f 988/1160/987 992/1165/991 994/1166/992 990/1161/988
s 0
f 990/1162/993 994/1167/993 993/1168/993 989/1163/993
f 989/1163/994 993/1168/994 991/1169/994 987/1164/994
s 1
f 992/1165/991 996/1170/995 998/1171/996 994/1166/992
s 0
f 994/1167/997 998/1172/997 997/1173/997 993/1168/997
f 993/1168/998 997/1173/998 995/1174/998 991/1169/998
s 1
f 996/1170/995 1000/1175/999 1002/1176/1000 998/1171/996
s 0
f 998/1172/1001 1002/1177/1001 1001/1178/1001 997/1173/1001
f 997/1173/1002 1001/1178/1002 999/1179/1002 995/1174/1002
s 1
f 1000/1175/999 1004/1180/1003 1006/1181/1004 1002/1176/1000
s 0
f 1002/1177/1005 1006/1182/1005 1005/1183/1005 1001/1178/1005
f 1001/1178/1006 1005/1183/1006 1003/1184/1006 999/1179/1006
f 751/870/1007 1003/1184/1007 1005/1183/1007 753/868/1007
f 753/868/1008 1005/1183/1008 1006/1182/1008 754/865/1008
s 1
f 754/1185/756 1006/1181/1004 1004/1180/1003 752/1186/753
f 687/479/456 436/478/455 692/801/713 747/853/749
s 0
f 688/484/1009 684/486/1009 680/490/1009 676/494/1009 672/502/1009 668/507/1009 664/512/1009 660/517/1009 656/522/1009 652/527/1009 648/532/1009 644/537/1009 640/542/1009 636/547/1009 632/552/1009 628/557/1009 624/562/1009 620/567/1009 616/572/1009 612/577/1009 608/582/1009 604/587/1009 600/592/1009 596/600/1009 592/605/1009 588/610/1009 584/615/1009 580/620/1009 576/625/1009 572/630/1009 568/635/1009 564/640/1009 560/645/1009 556/650/1009 552/655/1009 548/660/1009 544/665/1009 540/671/1009 536/675/1009 532/679/1009 528/683/1009 524/691/1009 520/696/1009 516/701/1009 512/706/1009 508/711/1009 504/716/1009 500/721/1009 496/726/1009 492/731/1009 488/736/1009 484/741/1009 480/746/1009 476/751/1009 472/756/1009 468/761/1009 464/766/1009 460/771/1009 456/776/1009 452/781/1009 448/786/1009 444/791/1009 440/797/1009 435/485/1009
s 1
f 436/478/455 439/800/710 695/802/714 692/801/713
f 439/800/710 443/796/706 699/811/721 695/802/714
f 443/796/706 447/795/702 704/816/439 699/811/721
f 447/790/702 451/785/698 1/1/1 705/459/437 704/1187/439
f 451/785/698 455/780/694 2/2/2 1/1/1
f 455/780/694 459/775/690 3/5/5 2/2/2
f 459/775/690 463/770/686 4/7/7 3/5/5
f 463/770/686 467/765/682 5/9/9 4/7/7
f 467/765/682 471/760/678 6/11/11 5/9/9
f 471/760/678 475/755/674 7/13/13 6/11/11
f 475/755/674 479/750/670 8/15/15 7/13/13
f 479/750/670 483/745/666 9/17/17 8/15/15
f 483/745/666 487/740/662 10/19/19 9/17/17
f 487/740/662 491/735/658 11/21/21 10/19/19
f 491/735/658 495/730/654 12/23/23 11/21/21
f 495/730/654 499/725/650 13/25/25 12/23/23
f 499/725/650 503/720/646 14/27/27 13/25/25
f 503/720/646 507/715/642 15/29/29 14/27/27
f 507/715/642 511/710/638 16/31/31 15/29/29
f 511/710/638 515/705/634 17/33/33 16/31/31
f 515/705/634 519/700/630 18/35/35 17/33/33
f 519/700/630 523/695/626 19/37/37 18/35/35
f 523/695/626 527/690/622 20/39/39 19/37/37
f 527/690/622 531/689/617 21/41/41 20/39/39
f 531/682/617 535/678/613 22/1188/43 21/1189/41
f 535/678/613 539/674/609 23/1190/45 22/1188/43
f 539/674/609 543/670/605 24/1191/47 23/1190/45
f 543/670/605 547/669/601 25/1192/49 24/1191/47
f 547/664/601 551/659/597 708/461/440 710/463/442 25/51/49
f 551/659/597 555/654/593 713/819/725 708/461/440
f 555/654/593 559/649/589 717/825/729 713/819/725
f 559/649/589 563/644/585 721/829/733 717/825/729
f 563/644/585 567/639/581 725/833/737 721/829/733
f 567/639/581 571/634/577 729/837/741 725/833/737
f 571/634/577 575/629/573 734/841/449 729/837/741
f 575/629/573 579/624/569 26/53/51 735/468/447 734/841/449
f 579/624/569 583/619/565 27/54/52 26/53/51
f 583/619/565 587/614/561 28/57/55 27/54/52
f 587/614/561 591/609/557 29/59/57 28/57/55
f 591/609/557 595/604/553 30/61/59 29/59/57
f 595/604/553 599/599/549 31/63/61 30/61/59
f 599/599/549 603/598/545 32/65/63 31/63/61
f 603/591/545 607/586/541 33/68/65 32/67/63
f 607/586/541 611/581/537 34/71/67 33/68/65
f 611/581/537 615/576/533 35/73/69 34/71/67
f 615/576/533 619/571/529 36/75/71 35/73/69
f 619/571/529 623/566/525 37/77/73 36/75/71
f 623/566/525 627/561/521 38/79/75 37/77/73
f 627/561/521 631/556/517 39/81/77 38/79/75
f 631/556/517 635/551/513 40/83/79 39/81/77
f 635/551/513 639/546/509 41/85/81 40/83/79
f 639/546/509 643/541/505 42/87/83 41/85/81
f 643/541/505 647/536/501 43/89/85 42/87/83
f 647/536/501 651/531/497 44/91/87 43/89/85
f 651/531/497 655/526/493 45/93/89 44/91/87
f 655/526/493 659/521/489 46/95/91 45/93/89
f 659/521/489 663/516/485 47/97/93 46/95/91
f 663/516/485 667/511/481 48/99/95 47/97/93
f 667/511/481 671/506/477 49/101/97 48/99/95
f 671/506/477 675/501/473 50/103/99 49/101/97
f 675/501/473 679/500/468 738/472/450 740/474/452 50/103/99
f 679/493/468 683/489/464 743/844/745 738/843/450
f 683/489/464 687/479/456 747/853/749 743/844/745
f 748/857/752 691/858/720 51/186/101 114/184/177
f 691/810/720 696/809/719 52/106/102 51/105/101
f 696/809/719 700/815/724 53/109/105 52/106/102
f 700/815/724 703/457/435 54/111/107 53/109/105
f 703/457/435 705/459/437 1/1/1 55/4/4 54/111/107
f 709/824/444 714/823/728 81/141/136 80/139/134
f 25/51/49 710/463/442 709/824/444 80/139/134 79/52/50
f 714/823/728 718/828/732 82/143/138 81/141/136
f 718/828/732 722/832/736 83/145/140 82/143/138
f 722/832/736 726/836/740 84/147/142 83/145/140
f 726/836/740 730/840/744 85/149/144 84/147/142
f 730/840/744 733/466/445 86/151/146 85/149/144
f 733/466/445 735/468/447 26/53/51 87/56/54 86/151/146
f 739/852/454 744/851/748 113/182/175 112/180/173
f 50/103/99 740/474/452 739/852/454 112/180/173 111/104/100
f 744/851/748 748/857/752 114/184/177 113/182/175
f 434/455/434 371/456/372 752/1186/753 1004/1180/1003
f 371/390/372 372/389/371 756/862/754 752/861/753
s 0
f 751/870/1010 755/869/1010 759/875/1010 763/880/1010 767/885/1010 771/890/1010 775/895/1010 779/900/1010 783/905/1010 787/910/1010 791/915/1010 795/920/1010 799/925/1010 803/930/1010 807/935/1010 811/940/1010 815/945/1010 819/950/1010 823/955/1010 827/960/1010 831/965/1010 835/970/1010 839/975/1010 843/980/1010 847/985/1010 851/990/1010 855/997/1010 859/1002/1010 863/1007/1010 867/1012/1010 871/1017/1010 875/1022/1010 879/1027/1010 883/1032/1010 887/1037/1010 891/1042/1010 895/1047/1010 899/1052/1010 903/1057/1010 907/1062/1010 911/1067/1010 915/1072/1010 919/1077/1010 923/1084/1010 927/1089/1010 931/1094/1010 935/1099/1010 939/1104/1010 943/1109/1010 947/1114/1010 951/1119/1010 955/1124/1010 959/1129/1010 963/1134/1010 967/1139/1010 971/1144/1010 975/1149/1010 979/1154/1010 983/1159/1010 987/1164/1010 991/1169/1010 995/1174/1010 999/1179/1010 1003/1184/1010
s 1
f 372/389/371 373/391/373 760/871/759 756/862/754
f 373/391/373 374/392/374 764/876/763 760/871/759
f 374/392/374 375/393/375 768/881/767 764/876/763
f 375/393/375 376/394/376 772/886/771 768/881/767
f 376/394/376 377/395/377 776/891/775 772/886/771
f 377/395/377 378/396/378 780/896/779 776/891/775
f 378/396/378 379/397/379 784/901/783 780/896/779
f 379/397/379 380/398/380 788/906/787 784/901/783
f 380/398/380 381/399/381 792/911/791 788/906/787
f 381/399/381 382/400/382 796/916/795 792/911/791
f 382/400/382 383/401/383 800/921/799 796/916/795
f 383/401/383 384/402/384 804/926/803 800/921/799
f 384/402/384 385/403/385 808/931/807 804/926/803
f 385/403/385 386/404/386 812/936/811 808/931/807
f 386/404/386 387/405/387 816/941/815 812/936/811
f 387/405/387 388/406/388 820/946/819 816/941/815
f 388/406/388 389/407/389 824/951/823 820/946/819
f 389/407/389 390/408/390 828/956/827 824/951/823
f 390/408/390 391/409/391 832/961/831 828/956/827
f 391/409/391 392/410/392 836/966/835 832/961/831
f 392/410/392 393/411/393 840/971/839 836/966/835
f 393/411/393 394/412/394 844/976/843 840/971/839
f 394/412/394 395/413/395 848/981/847 844/976/843
f 395/413/395 396/414/396 852/986/851 848/981/847
f 396/416/396 397/415/397 856/992/855 852/991/851
f 397/415/397 398/417/398 860/998/859 856/992/855
f 398/417/398 399/418/399 864/1003/863 860/998/859
f 399/418/399 400/419/400 868/1008/867 864/1003/863
f 400/419/400 401/420/401 872/1013/871 868/1008/867
f 401/420/401 402/421/402 876/1018/875 872/1013/871
f 402/421/402 403/422/403 880/1023/879 876/1018/875
f 403/422/403 404/423/404 884/1028/883 880/1023/879
f 404/423/404 405/424/405 888/1033/887 884/1028/883
f 405/424/405 406/425/406 892/1038/891 888/1033/887
f 406/425/406 407/426/407 896/1043/895 892/1038/891
f 407/426/407 408/427/408 900/1048/899 896/1043/895
f 408/427/408 409/428/409 904/1053/903 900/1048/899
f 409/428/409 410/429/410 908/1058/907 904/1053/903
f 410/429/410 411/430/411 912/1063/911 908/1058/907
f 411/430/411 412/431/412 916/1068/915 912/1063/911
f 412/431/412 413/432/413 920/1073/919 916/1068/915
f 413/435/413 414/434/414 924/1079/923 920/1078/919
f 414/434/414 415/436/415 928/1085/927 924/1079/923
f 415/436/415 416/437/416 932/1090/931 928/1085/927
f 416/437/416 417/438/417 936/1095/935 932/1090/931
f 417/438/417 418/439/418 940/1100/939 936/1095/935
f 418/439/418 419/440/419 944/1105/943 940/1100/939
f 419/440/419 420/441/420 948/1110/947 944/1105/943
f 420/441/420 421/442/421 952/1115/951 948/1110/947
f 421/442/421 422/443/422 956/1120/955 952/1115/951
f 422/443/422 423/444/423 960/1125/959 956/1120/955
f 423/444/423 424/445/424 964/1130/963 960/1125/959
f 424/445/424 425/446/425 968/1135/967 964/1130/963
f 425/446/425 426/447/426 972/1140/971 968/1135/967
f 426/447/426 427/448/427 976/1145/975 972/1140/971
f 427/448/427 428/449/428 980/1150/979 976/1145/975
f 428/449/428 429/450/429 984/1155/983 980/1150/979
f 429/450/429 430/451/430 988/1160/987 984/1155/983
f 430/451/430 431/452/431 992/1165/991 988/1160/987
f 431/452/431 432/453/432 996/1170/995 992/1165/991
f 432/453/432 433/454/433 1000/1175/999 996/1170/995
f 433/454/433 434/455/434 1004/1180/1003 1000/1175/999
o Forged_head_with_split_claw
v -0.402000 0.001137 -0.313377
v -0.402000 0.021130 -0.312877
v -0.402000 0.001395 -0.321275
v -0.495000 0.008034 -0.309203
v -0.456000 0.002036 -0.309353
v -0.402000 0.001632 -0.323371
v -0.402000 0.021389 -0.320775
v -0.402000 0.001984 -0.324756
v -0.456000 0.002258 -0.316565
v -0.402000 0.002474 -0.325748
v -0.402000 0.021626 -0.322871
v -0.402000 0.003137 -0.326455
v -0.402000 0.004046 -0.326926
v -0.495000 0.008121 -0.310378
v -0.402000 0.021978 -0.324256
v -0.402000 0.005403 -0.327180
v -0.456000 0.002454 -0.319386
v -0.402000 0.010484 -0.327148
v -0.402000 0.015559 -0.326926
v -0.402000 0.022468 -0.325248
v -0.495000 0.008323 -0.311538
v -0.402000 0.016902 -0.326605
v -0.402000 0.017786 -0.326089
v -0.402000 0.023131 -0.325956
v -0.456000 0.002716 -0.321490
v -0.402000 0.018413 -0.325350
v -0.402000 0.018853 -0.324335
v -0.402000 0.024039 -0.326426
v -0.402000 0.019135 -0.322933
v -0.495000 0.008638 -0.312673
v -0.402000 0.025397 -0.326680
v -0.402000 0.019268 -0.320828
v -0.495000 0.009062 -0.313771
v -0.402000 0.019131 -0.312927
v -0.402000 0.018872 -0.305030
v -0.402000 0.030477 -0.326648
v -0.456000 0.003054 -0.323206
v -0.402000 0.018635 -0.302934
v -0.402000 0.035553 -0.326426
v -0.402000 0.018283 -0.301548
v -0.402000 0.017793 -0.300556
v -0.495000 0.009592 -0.314823
v -0.402000 0.017130 -0.299849
v -0.402000 0.036896 -0.326105
v -0.456000 0.003473 -0.324656
v -0.402000 0.016222 -0.299378
v -0.402000 0.014864 -0.299124
v -0.402000 0.037780 -0.325589
v -0.402000 0.009784 -0.299157
v -0.456000 0.003976 -0.325902
v -0.402000 0.004708 -0.299378
v -0.402000 0.038407 -0.324850
v -0.402000 0.003365 -0.299700
v -0.402000 0.038847 -0.323835
v -0.495000 0.010223 -0.315818
v -0.402000 0.002481 -0.300215
v -0.495000 0.010948 -0.316746
v -0.402000 0.001854 -0.300955
v -0.402000 0.039129 -0.322433
v -0.402000 0.001414 -0.301970
v -0.456000 0.004570 -0.326979
v -0.402000 0.001132 -0.303371
v -0.402000 0.039261 -0.320328
v -0.402000 0.001000 -0.305477
v -0.382000 0.002511 -0.308341
v -0.456000 0.005260 -0.327907
v -0.382000 0.002685 -0.313418
v -0.402000 0.039125 -0.312427
v -0.382000 0.002863 -0.314765
v -0.402000 0.038866 -0.304530
v -0.495000 0.011760 -0.317598
v -0.382000 0.003132 -0.315655
v -0.402000 0.038629 -0.302434
v -0.382000 0.003510 -0.316291
v -0.382000 0.004023 -0.316743
v -0.456000 0.006053 -0.328701
v -0.382000 0.004728 -0.317043
v -0.402000 0.038277 -0.301048
v -0.382000 0.005783 -0.317201
v -0.495000 0.012652 -0.318367
v -0.382000 0.009734 -0.317163
v -0.402000 0.037787 -0.300056
v -0.382000 0.013682 -0.317004
v -0.495000 0.013615 -0.319045
v -0.382000 0.014728 -0.316792
v -0.402000 0.037124 -0.299349
v -0.456000 0.006963 -0.329371
v -0.382000 0.015416 -0.316458
v -0.402000 0.036215 -0.298878
v -0.382000 0.015907 -0.315981
v -0.456000 0.008006 -0.329923
v -0.382000 0.016252 -0.315326
v -0.382000 0.016476 -0.314424
v -0.402000 0.034858 -0.298624
v -0.495000 0.014640 -0.319625
v -0.382000 0.016586 -0.313070
v -0.382000 0.016507 -0.307991
v -0.402000 0.029778 -0.298657
v -0.382000 0.016332 -0.302914
v -0.456000 0.009213 -0.330360
v -0.402000 0.024702 -0.298878
v -0.382000 0.016155 -0.301568
v -0.495000 0.015717 -0.320101
v -0.382000 0.015886 -0.300678
v -0.402000 0.023359 -0.299200
v -0.382000 0.015508 -0.300042
v -0.382000 0.014995 -0.299589
v -0.456000 0.010631 -0.330685
v -0.402000 0.022475 -0.299715
v -0.382000 0.014290 -0.299290
v -0.382000 0.013235 -0.299131
v -0.495000 0.016835 -0.320470
v -0.382000 0.009284 -0.299169
v -0.402000 0.021848 -0.300455
v -0.382000 0.005336 -0.299329
v -0.495000 0.017984 -0.320728
v -0.402000 0.021408 -0.301470
v -0.382000 0.004290 -0.299540
v -0.456000 0.012363 -0.330898
v -0.382000 0.003601 -0.299874
v -0.382000 0.003111 -0.300352
v -0.495000 0.019153 -0.320871
v -0.382000 0.002766 -0.301006
v -0.402000 0.021126 -0.302871
v -0.382000 0.002542 -0.301908
v -0.456000 0.014678 -0.330993
v -0.382000 0.002431 -0.303262
v -0.402000 0.020994 -0.304977
v -0.382000 0.023504 -0.307816
v -0.361000 0.002661 -0.294333
v -0.361000 0.002765 -0.297153
v -0.495000 0.020331 -0.320900
v -0.456000 0.020581 -0.330897
v -0.361000 0.002887 -0.297901
v -0.361000 0.004210 -0.299159
v -0.382000 0.023679 -0.312893
v -0.456000 0.026481 -0.330698
v -0.361000 0.004962 -0.299243
v -0.361000 0.007784 -0.299207
v -0.382000 0.023856 -0.314240
v -0.361000 0.010605 -0.299102
v -0.495000 0.021505 -0.320813
v -0.361000 0.011352 -0.298981
v -0.382000 0.024125 -0.315130
v -0.456000 0.028787 -0.330487
v -0.361000 0.011846 -0.298792
v -0.382000 0.024503 -0.315766
v -0.361000 0.012695 -0.296905
v -0.495000 0.022665 -0.320611
v -0.361000 0.012658 -0.294083
v -0.361000 0.012553 -0.291263
v -0.382000 0.025017 -0.316218
v -0.361000 0.012432 -0.290515
v -0.382000 0.025721 -0.316518
v -0.361000 0.002708 -0.290758
v -0.456000 0.030507 -0.330188
v -0.361000 0.002624 -0.291511
v -0.382000 0.026776 -0.316676
v -0.352000 0.002422 -0.278740
v -0.495000 0.023800 -0.320296
v -0.495000 0.024898 -0.319872
v -0.352000 0.002772 -0.278784
v -0.382000 0.030727 -0.316638
v -0.352000 0.003298 -0.278802
v -0.352000 0.005273 -0.278763
v -0.456000 0.031907 -0.329793
v -0.382000 0.034675 -0.316479
v -0.352000 0.007247 -0.278703
v -0.352000 0.007771 -0.278659
v -0.495000 0.025950 -0.319342
v -0.382000 0.035721 -0.316268
v -0.352000 0.008119 -0.278598
v -0.352000 0.008367 -0.278514
v -0.456000 0.033090 -0.329296
v -0.422000 0.001173 -0.312376
v -0.382000 0.036410 -0.315933
v -0.421939 0.001112 -0.312381
v -0.382000 0.036900 -0.315456
v -0.421992 0.001142 -0.312377
v -0.456000 0.034105 -0.328693
v -0.421969 0.001120 -0.312379
v -0.382000 0.037246 -0.314802
v -0.421939 0.001419 -0.321965
v -0.495000 0.026945 -0.318711
v -0.495000 0.027873 -0.317986
v -0.422000 0.001481 -0.321963
v -0.382000 0.037470 -0.313899
v -0.421969 0.001427 -0.321966
v -0.421992 0.001450 -0.321965
v -0.382000 0.037580 -0.312545
v -0.421939 0.001688 -0.324510
v -0.456000 0.034980 -0.327978
v -0.422000 0.001749 -0.324503
v -0.382000 0.037500 -0.307466
v -0.421969 0.001696 -0.324510
v -0.495000 0.028725 -0.317174
v -0.382000 0.037326 -0.302390
v -0.421992 0.001719 -0.324507
v -0.421939 0.002082 -0.326192
v -0.456000 0.035733 -0.327145
v -0.456000 0.036375 -0.326183
v -0.422000 0.002141 -0.326177
v -0.421969 0.002090 -0.326192
v -0.382000 0.037148 -0.301043
v -0.495000 0.029494 -0.316282
v -0.421992 0.002112 -0.326186
v -0.382000 0.036879 -0.300153
v -0.421939 0.002629 -0.327397
v -0.456000 0.036914 -0.325078
v -0.422000 0.002682 -0.327369
v -0.382000 0.036501 -0.299517
v -0.421969 0.002637 -0.327395
v -0.382000 0.035988 -0.299064
v -0.421992 0.002656 -0.327385
v -0.495000 0.030172 -0.315319
v -0.421939 0.003368 -0.328257
v -0.456000 0.037355 -0.323809
v -0.422000 0.003408 -0.328214
v -0.382000 0.035283 -0.298765
v -0.421969 0.003374 -0.328253
v -0.495000 0.030752 -0.314294
v -0.421992 0.003388 -0.328238
v -0.382000 0.034228 -0.298606
v -0.421939 0.004378 -0.328830
v -0.382000 0.030277 -0.298644
v -0.422000 0.004401 -0.328778
v -0.456000 0.037701 -0.322339
v -0.421969 0.004382 -0.328826
v -0.382000 0.026329 -0.298804
v -0.421992 0.004390 -0.328806
v -0.495000 0.031228 -0.313217
v -0.421939 0.005887 -0.329142
v -0.382000 0.025284 -0.299015
v -0.422000 0.005894 -0.329087
v -0.495000 0.031597 -0.312099
v -0.421969 0.005888 -0.329137
v -0.421992 0.005891 -0.329117
v -0.456000 0.037952 -0.320609
v -0.382000 0.024595 -0.299349
v -0.456000 0.038109 -0.318495
v -0.382000 0.024105 -0.299827
v -0.495000 0.031855 -0.310950
v -0.382000 0.023759 -0.300481
v -0.456000 0.038164 -0.315667
v -0.382000 0.023535 -0.301383
v -0.495000 0.031998 -0.309781
v -0.382000 0.023425 -0.302737
v -0.361000 0.026653 -0.293733
v -0.456000 0.038025 -0.308454
v -0.495000 0.032027 -0.308603
v -0.361000 0.026758 -0.296553
v -0.361000 0.027700 -0.298396
v -0.495000 0.031940 -0.307429
v -0.361000 0.028202 -0.298559
v -0.456000 0.037803 -0.301242
v -0.361000 0.028955 -0.298643
v -0.495000 0.031738 -0.306269
v -0.456000 0.037607 -0.298421
v -0.361000 0.031777 -0.298607
v -0.456000 0.037345 -0.296317
v -0.361000 0.034597 -0.298502
v -0.495000 0.031423 -0.305134
v -0.361000 0.035345 -0.298381
v -0.495000 0.030999 -0.304036
v -0.361000 0.036603 -0.297058
v -0.456000 0.037007 -0.294601
v -0.361000 0.036687 -0.296305
v -0.361000 0.036650 -0.293483
v -0.495000 0.030469 -0.302984
v -0.456000 0.036588 -0.293151
v -0.361000 0.036546 -0.290663
v -0.495000 0.029838 -0.301989
v -0.361000 0.036424 -0.289915
v -0.456000 0.036085 -0.291905
v -0.361000 0.026701 -0.290158
v -0.495000 0.029114 -0.301061
v -0.361000 0.026617 -0.290911
v -0.352000 0.030160 -0.277969
v -0.456000 0.035491 -0.290828
v -0.495000 0.028301 -0.300209
v -0.352000 0.030413 -0.278040
v -0.352000 0.030763 -0.278085
v -0.456000 0.034802 -0.289900
v -0.352000 0.031289 -0.278102
v -0.456000 0.034008 -0.289105
v -0.495000 0.027409 -0.299440
v -0.352000 0.033264 -0.278063
v -0.495000 0.026446 -0.298762
v -0.352000 0.035238 -0.278003
v -0.456000 0.033098 -0.288435
v -0.352000 0.035763 -0.277960
v -0.352000 0.036110 -0.277898
v -0.495000 0.025421 -0.298182
v -0.456000 0.032055 -0.287884
v -0.456000 0.030849 -0.287447
v -0.495000 0.024344 -0.297706
v -0.456000 0.029430 -0.287122
v -0.495000 0.023226 -0.297337
v -0.495000 0.022077 -0.297079
v -0.456000 0.027698 -0.286909
v -0.495000 0.020908 -0.296936
v -0.456000 0.025383 -0.286814
v -0.495000 0.019731 -0.296907
v -0.456000 0.019481 -0.286910
v -0.456000 0.013580 -0.287109
v -0.495000 0.018556 -0.296994
v -0.456000 0.011274 -0.287320
v -0.495000 0.017396 -0.297196
v -0.456000 0.009554 -0.287619
v -0.495000 0.016261 -0.297511
v -0.456000 0.008154 -0.288014
v -0.495000 0.015163 -0.297935
v -0.456000 0.006971 -0.288511
v -0.495000 0.014111 -0.298465
v -0.495000 0.013116 -0.299096
v -0.456000 0.005956 -0.289114
v -0.495000 0.012188 -0.299820
v -0.456000 0.005081 -0.289829
v -0.421939 0.001877 -0.297307
v -0.456000 0.004328 -0.290662
v -0.422000 0.001931 -0.297326
v -0.495000 0.011336 -0.300633
v -0.421969 0.001884 -0.297305
v -0.456000 0.003686 -0.291624
v -0.495000 0.010567 -0.301525
v -0.421992 0.001904 -0.297312
v -0.456000 0.003147 -0.292728
v -0.421939 0.001391 -0.298538
v -0.495000 0.009889 -0.302488
v -0.422000 0.001450 -0.298544
v -0.421969 0.001399 -0.298535
v -0.456000 0.002706 -0.293998
v -0.421992 0.001421 -0.298537
v -0.495000 0.009309 -0.303513
v -0.421939 0.001081 -0.300238
v -0.456000 0.002360 -0.295467
v -0.422000 0.001142 -0.300235
v -0.495000 0.008833 -0.304590
v -0.456000 0.002109 -0.297198
v -0.421969 0.001089 -0.300234
v -0.421939 0.035168 -0.328410
v -0.421992 0.001112 -0.300233
v -0.495000 0.008464 -0.305708
v -0.421939 0.000940 -0.302792
v -0.456000 0.001952 -0.299312
v -0.422000 0.001001 -0.302785
v -0.421969 0.000948 -0.302788
v -0.422000 0.035158 -0.328355
v -0.421969 0.035166 -0.328405
v -0.421992 0.000970 -0.302786
v -0.361053 0.003075 -0.298438
v -0.495000 0.008206 -0.306857
v -0.495000 0.008063 -0.308026
v -0.360966 0.003071 -0.298320
v -0.361000 0.003053 -0.298337
v -0.421992 0.035163 -0.328385
v -0.421939 0.036659 -0.328023
v -0.361022 0.003075 -0.298406
v -0.456000 0.001897 -0.302139
v -0.360990 0.003073 -0.298363
v -0.422000 0.036634 -0.327972
v -0.361053 0.003343 -0.298790
v -0.360967 0.003338 -0.298672
v -0.485000 0.009534 -0.309166
v -0.361022 0.003342 -0.298758
v -0.422000 0.002036 -0.309353
v -0.360990 0.003340 -0.298715
v -0.421969 0.036656 -0.328018
v -0.360967 0.003703 -0.298921
v -0.421992 0.036646 -0.328000
v -0.361053 0.003708 -0.299040
v -0.485000 0.009610 -0.310194
v -0.361000 0.003766 -0.299015
v -0.422000 0.002258 -0.316565
v -0.421939 0.037640 -0.327400
v -0.360990 0.003705 -0.298964
v -0.361022 0.003707 -0.299008
v -0.422000 0.037597 -0.327359
v -0.485000 0.009787 -0.311209
v -0.361054 0.012207 -0.298570
v -0.421969 0.037634 -0.327397
v -0.360964 0.012182 -0.298445
v -0.361000 0.012148 -0.298562
v -0.422000 0.002454 -0.319386
v -0.361022 0.012200 -0.298537
v -0.421992 0.037618 -0.327382
v -0.422000 0.002716 -0.321490
v -0.360989 0.012191 -0.298491
v -0.485000 0.010062 -0.312202
v -0.361055 0.012457 -0.298205
v -0.421939 0.038334 -0.326504
v -0.360964 0.012431 -0.298081
v -0.422000 0.038280 -0.326479
v -0.361022 0.012450 -0.298172
v -0.360989 0.012440 -0.298126
v -0.422000 0.003054 -0.323206
v -0.360964 0.012595 -0.297579
v -0.421969 0.038327 -0.326503
v -0.361055 0.012621 -0.297701
v -0.485000 0.010433 -0.313163
v -0.361000 0.012617 -0.297597
v -0.422000 0.003473 -0.324656
v -0.421992 0.038307 -0.326493
v -0.360989 0.012604 -0.297624
v -0.361022 0.012613 -0.297669
v -0.485000 0.010897 -0.314083
v -0.421939 0.038820 -0.325274
v -0.361058 0.012253 -0.290051
v -0.360961 0.012227 -0.289960
v -0.422000 0.003976 -0.325902
v -0.361000 0.012265 -0.290079
v -0.422000 0.038761 -0.325261
v -0.485000 0.011449 -0.314953
v -0.361024 0.012246 -0.290028
v -0.360988 0.012236 -0.289995
v -0.421969 0.038812 -0.325273
v -0.361058 0.011986 -0.289698
v -0.421992 0.038790 -0.325269
v -0.422000 0.004570 -0.326979
v -0.360961 0.011960 -0.289610
v -0.361024 0.011979 -0.289676
v -0.485000 0.012083 -0.315765
v -0.421939 0.039130 -0.323573
v -0.360988 0.011969 -0.289644
v -0.422000 0.039069 -0.323570
v -0.361057 0.011620 -0.289448
v -0.422000 0.005260 -0.327907
v -0.360962 0.011596 -0.289363
v -0.361024 0.011614 -0.289427
v -0.421969 0.039122 -0.323574
v -0.485000 0.012794 -0.316511
v -0.360989 0.011605 -0.289395
v -0.421992 0.039099 -0.323573
v -0.361057 0.011118 -0.289284
v -0.360962 0.011095 -0.289200
v -0.422000 0.006053 -0.328701
v -0.361024 0.011112 -0.289263
v -0.421939 0.039272 -0.321019
v -0.360989 0.011103 -0.289232
v -0.485000 0.013574 -0.317184
v -0.485000 0.014417 -0.317777
v -0.361057 0.010364 -0.289200
v -0.360963 0.010343 -0.289117
v -0.422000 0.039210 -0.321020
v -0.361024 0.010358 -0.289179
v -0.421969 0.039264 -0.321020
v -0.360989 0.010351 -0.289149
v -0.422000 0.006963 -0.329371
v -0.361057 0.007539 -0.289237
v -0.421992 0.039241 -0.321020
v -0.422000 0.008006 -0.329923
v -0.360963 0.007525 -0.289155
v -0.421939 0.039100 -0.311431
v -0.361024 0.007535 -0.289216
v -0.360989 0.007530 -0.289186
v -0.485000 0.015314 -0.318284
v -0.361057 0.004716 -0.289341
v -0.422000 0.039038 -0.311429
v -0.422000 0.009213 -0.330360
v -0.360963 0.004708 -0.289259
v -0.361024 0.004714 -0.289320
v -0.421969 0.039091 -0.311429
v -0.485000 0.016256 -0.318702
v -0.360989 0.004711 -0.289290
v -0.421992 0.039069 -0.311429
v -0.361057 0.003967 -0.289463
v -0.360963 0.003961 -0.289380
v -0.485000 0.017235 -0.319024
v -0.422000 0.010631 -0.330685
v -0.361024 0.003966 -0.289442
v -0.421939 0.038792 -0.301846
v -0.360989 0.003964 -0.289412
v -0.422000 0.012363 -0.330898
v -0.361057 0.003473 -0.289652
v -0.360963 0.003469 -0.289568
v -0.422000 0.038731 -0.301842
v -0.421969 0.038784 -0.301842
v -0.361024 0.003473 -0.289630
v -0.360989 0.003471 -0.289600
v -0.485000 0.018240 -0.319250
v -0.361057 0.003121 -0.289920
v -0.485000 0.019263 -0.319375
v -0.421992 0.038761 -0.301841
v -0.360963 0.003117 -0.289834
v -0.422000 0.014678 -0.330993
v -0.361024 0.003121 -0.289898
v -0.360989 0.003119 -0.289866
v -0.421939 0.038523 -0.299302
v -0.360963 0.002868 -0.290198
v -0.422000 0.020581 -0.330897
v -0.422000 0.038462 -0.299302
v -0.361057 0.002872 -0.290285
v -0.485000 0.020293 -0.319400
v -0.361000 0.002853 -0.290315
v -0.421969 0.038515 -0.299298
v -0.360989 0.002870 -0.290231
v -0.361024 0.002871 -0.290263
v -0.422000 0.026481 -0.330698
v -0.421992 0.038492 -0.299298
v -0.352000 0.001798 -0.277349
v -0.421939 0.038129 -0.297619
v -0.352042 0.001740 -0.277430
v -0.485000 0.021321 -0.319324
v -0.352006 0.001768 -0.277361
v -0.422000 0.028787 -0.330487
v -0.352021 0.001747 -0.277390
v -0.422000 0.038070 -0.297628
v -0.352000 0.001842 -0.278185
v -0.485000 0.022336 -0.319147
v -0.352041 0.001785 -0.278283
v -0.421969 0.038121 -0.297616
v -0.352005 0.001812 -0.278202
v -0.421992 0.038099 -0.297620
v -0.352020 0.001791 -0.278238
v -0.422000 0.030507 -0.330188
v -0.352000 0.001913 -0.278388
v -0.352039 0.001863 -0.278504
v -0.421939 0.037582 -0.296414
v -0.485000 0.023329 -0.318872
v -0.352005 0.001886 -0.278415
v -0.485000 0.024290 -0.318501
v -0.352019 0.001868 -0.278458
v -0.422000 0.037529 -0.296436
v -0.352000 0.002025 -0.278518
v -0.422000 0.031907 -0.329793
v -0.352037 0.001990 -0.278649
v -0.421969 0.037575 -0.296413
v -0.352005 0.002006 -0.278553
v -0.352019 0.001993 -0.278601
v -0.485000 0.025210 -0.318037
v -0.352000 0.002422 -0.278740
v -0.421992 0.037555 -0.296421
v -0.422000 0.033090 -0.329296
v -0.352037 0.002174 -0.278751
v -0.422000 0.034105 -0.328693
v -0.352005 0.002296 -0.278716
v -0.352018 0.002205 -0.278720
v -0.485000 0.026080 -0.317485
v -0.422000 0.034980 -0.327978
v -0.352039 0.008563 -0.278489
v -0.352000 0.008391 -0.278499
v -0.485000 0.026893 -0.316851
v -0.485000 0.027638 -0.316140
v -0.352020 0.008533 -0.278458
v -0.352005 0.008471 -0.278462
v -0.422000 0.035733 -0.327145
v -0.352000 0.008609 -0.278221
v -0.422000 0.036375 -0.326183
v -0.352040 0.008683 -0.278336
v -0.485000 0.028311 -0.315360
v -0.352005 0.008640 -0.278247
v -0.422000 0.036914 -0.325078
v -0.485000 0.028904 -0.314517
v -0.352020 0.008666 -0.278289
v -0.422000 0.037355 -0.323809
v -0.352000 0.008670 -0.278014
v -0.485000 0.029412 -0.313620
v -0.352042 0.008750 -0.278110
v -0.422000 0.037701 -0.322339
v -0.352006 0.008703 -0.278030
v -0.485000 0.029829 -0.312678
v -0.352021 0.008732 -0.278065
v -0.352000 0.008672 -0.277177
v -0.422000 0.037952 -0.320609
v -0.485000 0.030151 -0.311699
v -0.352043 0.008753 -0.277256
v -0.352006 0.008706 -0.277187
v -0.485000 0.030377 -0.310694
v -0.422000 0.038109 -0.318495
v -0.352021 0.008735 -0.277216
v -0.352000 0.008628 -0.276342
v -0.422000 0.038164 -0.315667
v -0.352043 0.008707 -0.276401
v -0.485000 0.030502 -0.309671
v -0.352006 0.008661 -0.276346
v -0.422000 0.038025 -0.308454
v -0.485000 0.030527 -0.308641
v -0.352021 0.008690 -0.276367
v -0.352000 0.008557 -0.276138
v -0.422000 0.037803 -0.301242
v -0.485000 0.030451 -0.307613
v -0.352042 0.008629 -0.276173
v -0.352006 0.008587 -0.276132
v -0.422000 0.037607 -0.298421
v -0.485000 0.030274 -0.306598
v -0.352021 0.008613 -0.276144
v -0.422000 0.037345 -0.296317
v -0.352000 0.008445 -0.276009
v -0.485000 0.029999 -0.305605
v -0.352040 0.008501 -0.276023
v -0.422000 0.037007 -0.294601
v -0.352005 0.008467 -0.275993
v -0.352020 0.008488 -0.275999
v -0.485000 0.029628 -0.304644
v -0.485000 0.029164 -0.303724
v -0.352000 0.008277 -0.275915
v -0.352039 0.008317 -0.275918
v -0.422000 0.036588 -0.293151
v -0.422000 0.036085 -0.291905
v -0.352005 0.008291 -0.275894
v -0.352020 0.008306 -0.275895
v -0.485000 0.028612 -0.302854
v -0.422000 0.035491 -0.290828
v -0.352000 0.008036 -0.275847
v -0.485000 0.027978 -0.302042
v -0.352038 0.008063 -0.275845
v -0.352005 0.008044 -0.275825
v -0.422000 0.034802 -0.289900
v -0.352019 0.008054 -0.275824
v -0.485000 0.027267 -0.301296
v -0.352000 0.007694 -0.275804
v -0.422000 0.034008 -0.289105
v -0.485000 0.026487 -0.300623
v -0.352038 0.007713 -0.275799
v -0.352005 0.007698 -0.275781
v -0.422000 0.033098 -0.288435
v -0.485000 0.025644 -0.300030
v -0.352019 0.007705 -0.275779
v -0.352000 0.007172 -0.275786
v -0.422000 0.032055 -0.287884
v -0.352037 0.007186 -0.275780
v -0.361055 0.026871 -0.297345
v -0.352005 0.007174 -0.275763
v -0.485000 0.024747 -0.299522
v -0.360964 0.026891 -0.297222
v -0.352019 0.007179 -0.275761
v -0.352000 0.005199 -0.275825
v -0.422000 0.030849 -0.287447
v -0.485000 0.023805 -0.299105
v -0.352037 0.005207 -0.275819
v -0.352005 0.005200 -0.275802
v -0.361000 0.026869 -0.297240
v -0.361022 0.026877 -0.297312
v -0.352019 0.005203 -0.275800
v -0.422000 0.029430 -0.287122
v -0.352000 0.003227 -0.275885
v -0.352037 0.003229 -0.275879
v -0.360989 0.026884 -0.297267
v -0.485000 0.022826 -0.298782
v -0.352005 0.003226 -0.275862
v -0.361055 0.027060 -0.297839
v -0.352019 0.003227 -0.275859
v -0.352000 0.002707 -0.275929
v -0.422000 0.027698 -0.286909
v -0.360964 0.027080 -0.297714
v -0.352037 0.002704 -0.275923
v -0.485000 0.021821 -0.298557
v -0.352005 0.002703 -0.275905
v -0.361022 0.027066 -0.297806
v -0.352019 0.002702 -0.275904
v -0.352000 0.002367 -0.275989
v -0.485000 0.020798 -0.298432
v -0.360989 0.027073 -0.297760
v -0.352037 0.002356 -0.275986
v -0.422000 0.025383 -0.286814
v -0.352005 0.002360 -0.275966
v -0.422000 0.019481 -0.286910
v -0.352019 0.002356 -0.275965
v -0.360964 0.027346 -0.298066
v -0.352000 0.002129 -0.276069
v -0.485000 0.019768 -0.298407
v -0.352038 0.002107 -0.276071
v -0.352005 0.002116 -0.276049
v -0.361054 0.027328 -0.298192
v -0.352019 0.002108 -0.276049
v -0.422000 0.013580 -0.287109
v -0.352000 0.001966 -0.276171
v -0.361000 0.027386 -0.298181
v -0.485000 0.018741 -0.298483
v -0.352039 0.001929 -0.276185
v -0.352005 0.001946 -0.276156
v -0.360989 0.027340 -0.298112
v -0.485000 0.017725 -0.298660
v -0.352019 0.001932 -0.276161
v -0.352000 0.001861 -0.276306
v -0.361022 0.027333 -0.298158
v -0.352040 0.001809 -0.276341
v -0.422000 0.011274 -0.287320
v -0.361053 0.035840 -0.298237
v -0.352005 0.001833 -0.276300
v -0.360967 0.035839 -0.298117
v -0.352020 0.001814 -0.276313
v -0.352000 0.001800 -0.276513
v -0.485000 0.016732 -0.298935
v -0.352041 0.001743 -0.276573
v -0.361000 0.035780 -0.298214
v -0.422000 0.009554 -0.287619
v -0.352006 0.001770 -0.276518
v -0.352021 0.001749 -0.276539
v -0.485000 0.015771 -0.299306
v -0.361022 0.035839 -0.298204
v -0.422000 0.008154 -0.288014
v -0.360990 0.035839 -0.298161
v -0.422000 0.006971 -0.288511
v -0.361053 0.036192 -0.297969
v -0.360967 0.036191 -0.297850
v -0.485000 0.014851 -0.299770
v -0.361022 0.036191 -0.297937
v -0.485000 0.013981 -0.300322
v -0.422000 0.005956 -0.289114
v -0.360990 0.036191 -0.297893
v -0.360966 0.036440 -0.297485
v -0.485000 0.013169 -0.300956
v -0.422000 0.005081 -0.289829
v -0.361053 0.036441 -0.297604
v -0.361000 0.036458 -0.297501
v -0.422000 0.004328 -0.290662
v -0.360990 0.036440 -0.297529
v -0.485000 0.012423 -0.301667
v -0.361022 0.036440 -0.297572
v -0.422000 0.003686 -0.291624
v -0.361057 0.036238 -0.289451
v -0.485000 0.011750 -0.302447
v -0.360963 0.036237 -0.289363
v -0.422000 0.003147 -0.292728
v -0.485000 0.011157 -0.303290
v -0.361000 0.036258 -0.289480
v -0.422000 0.002706 -0.293998
v -0.361024 0.036237 -0.289429
v -0.485000 0.010650 -0.304187
v -0.360989 0.036237 -0.289396
v -0.361057 0.035970 -0.289098
v -0.485000 0.010232 -0.305129
v -0.422000 0.002360 -0.295467
v -0.360963 0.035970 -0.289012
v -0.361024 0.035970 -0.289076
v -0.485000 0.009910 -0.306108
v -0.422000 0.002109 -0.297198
v -0.360989 0.035969 -0.289045
v -0.422000 0.001952 -0.299312
v -0.361057 0.035605 -0.288848
v -0.485000 0.009684 -0.307113
v -0.360963 0.035606 -0.288764
v -0.361024 0.035605 -0.288827
v -0.422000 0.001897 -0.302139
v -0.485000 0.009559 -0.308136
v -0.360989 0.035605 -0.288796
v -0.361057 0.035102 -0.288684
v -0.466000 0.006235 -0.309248
v -0.500000 0.005736 -0.309261
v -0.360963 0.035104 -0.288601
v -0.464857 0.004692 -0.309287
v -0.361024 0.035102 -0.288663
v -0.360989 0.035103 -0.288633
v -0.499400 0.005395 -0.309269
v -0.361057 0.034348 -0.288600
v -0.465847 0.005589 -0.309265
v -0.360963 0.034352 -0.288518
v -0.499920 0.005434 -0.309268
v -0.465428 0.005025 -0.309279
v -0.361024 0.034349 -0.288579
v -0.499700 0.005309 -0.309272
v -0.360989 0.034350 -0.288549
v -0.361057 0.031524 -0.288637
v -0.499400 0.005502 -0.310702
v -0.360963 0.031534 -0.288554
v -0.464857 0.004887 -0.315628
v -0.500000 0.005840 -0.310660
v -0.361024 0.031526 -0.288616
v -0.466000 0.006424 -0.315448
v -0.360989 0.031530 -0.288586
v -0.499700 0.005416 -0.310713
v -0.361057 0.028700 -0.288741
v -0.465429 0.005217 -0.315559
v -0.360963 0.028717 -0.288658
v -0.361024 0.028705 -0.288720
v -0.499920 0.005540 -0.310697
v -0.465847 0.005780 -0.315494
v -0.360989 0.028711 -0.288690
v -0.361057 0.027952 -0.288863
v -0.464858 0.005056 -0.318108
v -0.360962 0.027970 -0.288778
v -0.499400 0.005748 -0.312118
v -0.500000 0.006080 -0.312043
v -0.361024 0.027957 -0.288842
v -0.466000 0.006586 -0.317830
v -0.360989 0.027964 -0.288811
v -0.465429 0.005383 -0.318010
v -0.361057 0.027458 -0.289052
v -0.499700 0.005664 -0.312136
v -0.360962 0.027478 -0.288965
v -0.361024 0.027463 -0.289030
v -0.499920 0.005786 -0.312109
v -0.360989 0.027471 -0.288999
v -0.465847 0.005944 -0.317909
v -0.361058 0.027105 -0.289320
v -0.464859 0.005281 -0.319958
v -0.360961 0.027127 -0.289231
v -0.499400 0.006132 -0.313502
v -0.500000 0.006455 -0.313395
v -0.361024 0.027111 -0.289298
v -0.360988 0.027119 -0.289265
v -0.466000 0.006797 -0.319576
v -0.499700 0.006050 -0.313529
v -0.360961 0.026878 -0.289594
v -0.465429 0.005605 -0.319834
v -0.361058 0.026856 -0.289686
v -0.465847 0.006160 -0.319695
v -0.361000 0.026845 -0.289715
v -0.360988 0.026870 -0.289629
v -0.499920 0.006168 -0.313490
v -0.499400 0.006649 -0.314842
v -0.361024 0.026862 -0.289663
v -0.352000 0.029789 -0.276649
v -0.464860 0.005570 -0.321466
v -0.352043 0.029713 -0.276732
v -0.500000 0.006961 -0.314704
v -0.466000 0.007063 -0.320968
v -0.352006 0.029756 -0.276661
v -0.499700 0.006571 -0.314877
v -0.352021 0.029728 -0.276691
v -0.465430 0.005889 -0.321317
v -0.352000 0.029833 -0.277485
v -0.499920 0.006685 -0.314827
v -0.352042 0.029758 -0.277585
v -0.352006 0.029801 -0.277502
v -0.465847 0.006435 -0.321135
v -0.499400 0.007296 -0.316125
v -0.352021 0.029773 -0.277539
v -0.464861 0.005928 -0.322741
v -0.352000 0.029904 -0.277688
v -0.352040 0.029837 -0.277807
v -0.466000 0.007384 -0.322114
v -0.500000 0.007592 -0.315957
v -0.352005 0.029875 -0.277716
v -0.499700 0.007221 -0.316168
v -0.352020 0.029850 -0.277759
v -0.465430 0.006239 -0.322567
v -0.352000 0.030136 -0.277956
v -0.352039 0.029964 -0.277954
v -0.499920 0.007329 -0.316106
v -0.465847 0.006771 -0.322338
v -0.352005 0.030055 -0.277923
v -0.352020 0.029992 -0.277922
v -0.499400 0.008065 -0.317339
v -0.464862 0.006359 -0.323837
v -0.352037 0.036358 -0.277896
v -0.352000 0.036110 -0.277898
v -0.466000 0.007757 -0.323069
v -0.352018 0.036325 -0.277867
v -0.500000 0.008344 -0.317142
v -0.465431 0.006658 -0.323637
v -0.352005 0.036234 -0.277867
v -0.352000 0.036495 -0.277656
v -0.499700 0.007995 -0.317388
v -0.352037 0.036536 -0.277785
v -0.465848 0.007170 -0.323356
v -0.499920 0.008097 -0.317316
v -0.352005 0.036516 -0.277690
v -0.352019 0.036531 -0.277737
v -0.464863 0.006866 -0.324783
v -0.352000 0.036601 -0.277521
v -0.499400 0.008950 -0.318471
v -0.466000 0.008182 -0.323867
v -0.352039 0.036656 -0.277634
v -0.500000 0.009207 -0.318248
v -0.352005 0.036628 -0.277547
v -0.499700 0.008884 -0.318527
v -0.352019 0.036649 -0.277588
v -0.465431 0.007150 -0.324558
v -0.352000 0.036661 -0.277314
v -0.499920 0.008979 -0.318446
v -0.352041 0.036723 -0.277409
v -0.465848 0.007632 -0.324222
v -0.352005 0.036692 -0.277330
v -0.464863 0.007454 -0.325600
v -0.352020 0.036714 -0.277365
v -0.352000 0.036664 -0.276478
v -0.499400 0.009941 -0.319511
v -0.500000 0.010175 -0.319264
v -0.352042 0.036725 -0.276555
v -0.352006 0.036694 -0.276487
v -0.466000 0.008660 -0.324534
v -0.499700 0.009881 -0.319573
v -0.352021 0.036717 -0.276516
v -0.352000 0.036619 -0.275642
v -0.465432 0.007719 -0.325349
v -0.499920 0.009967 -0.319483
v -0.352041 0.036680 -0.275699
v -0.465848 0.008160 -0.324959
v -0.352006 0.036650 -0.275645
v -0.499400 0.011029 -0.320449
v -0.352021 0.036672 -0.275666
v -0.464863 0.008131 -0.326299
v -0.352000 0.036548 -0.275438
v -0.500000 0.011238 -0.320180
v -0.352040 0.036602 -0.275471
v -0.466000 0.009198 -0.325092
v -0.352005 0.036575 -0.275431
v -0.499700 0.010976 -0.320517
v -0.352020 0.036595 -0.275443
v -0.352000 0.036436 -0.275309
v -0.465432 0.008372 -0.326025
v -0.352039 0.036475 -0.275322
v -0.465848 0.008762 -0.325583
v -0.352005 0.036456 -0.275293
v -0.499920 0.011053 -0.320418
v -0.464862 0.008907 -0.326889
v -0.352019 0.036470 -0.275298
v -0.352000 0.036268 -0.275215
v -0.499400 0.012204 -0.321275
v -0.500000 0.012386 -0.320988
v -0.352038 0.036291 -0.275216
v -0.352005 0.036280 -0.275194
v -0.466000 0.009812 -0.325561
v -0.465431 0.009119 -0.326594
v -0.352019 0.036288 -0.275195
v -0.352000 0.036027 -0.275147
v -0.499700 0.012158 -0.321348
v -0.465848 0.009451 -0.326108
v -0.352037 0.036038 -0.275144
v -0.499920 0.012225 -0.321243
v -0.352005 0.036033 -0.275124
v -0.464861 0.009796 -0.327375
v -0.352019 0.036037 -0.275123
v -0.499400 0.013454 -0.321983
v -0.352000 0.035685 -0.275104
v -0.500000 0.013607 -0.321679
v -0.352037 0.035687 -0.275099
v -0.352005 0.035687 -0.275081
v -0.466000 0.010529 -0.325954
v -0.352019 0.035688 -0.275079
v -0.465431 0.009978 -0.327064
v -0.352000 0.035163 -0.275086
v -0.499700 0.013416 -0.322060
v -0.352037 0.035160 -0.275081
v -0.465847 0.010247 -0.326544
v -0.352005 0.035163 -0.275063
v -0.499920 0.013472 -0.321949
v -0.499400 0.014768 -0.322565
v -0.352019 0.035162 -0.275061
v -0.352000 0.033190 -0.275126
v -0.464860 0.010824 -0.327760
v -0.352037 0.033182 -0.275120
v -0.466000 0.011383 -0.326276
v -0.352005 0.033189 -0.275102
v -0.500000 0.014890 -0.322247
v -0.352019 0.033186 -0.275100
v -0.499700 0.014737 -0.322645
v -0.352000 0.031218 -0.275185
v -0.465430 0.010975 -0.327439
v -0.352037 0.031204 -0.275180
v -0.465847 0.011180 -0.326896
v -0.352005 0.031215 -0.275162
v -0.499920 0.014782 -0.322529
v -0.464858 0.012033 -0.328047
v -0.352019 0.031210 -0.275160
v -0.352000 0.030698 -0.275229
v -0.499400 0.016132 -0.323015
v -0.466000 0.012430 -0.326525
v -0.352038 0.030678 -0.275225
v -0.500000 0.016223 -0.322686
v -0.352005 0.030692 -0.275206
v -0.465429 0.012153 -0.327719
v -0.352019 0.030685 -0.275204
v -0.499700 0.016109 -0.323098
v -0.352000 0.030358 -0.275289
v -0.465847 0.012298 -0.327162
v -0.352038 0.030331 -0.275288
v -0.499920 0.016143 -0.322978
v -0.352005 0.030349 -0.275267
v -0.499400 0.017534 -0.323329
v -0.352019 0.030339 -0.275266
v -0.464857 0.013510 -0.328236
v -0.352000 0.030120 -0.275369
v -0.500000 0.017592 -0.322993
v -0.352039 0.030081 -0.275374
v -0.466000 0.013760 -0.326696
v -0.352005 0.030105 -0.275349
v -0.465429 0.013598 -0.327904
v -0.352020 0.030091 -0.275351
v -0.352000 0.029958 -0.275471
v -0.499700 0.017520 -0.323414
v -0.352040 0.029902 -0.275488
v -0.465847 0.013689 -0.327340
v -0.499920 0.017541 -0.323291
v -0.352005 0.029935 -0.275456
v -0.352020 0.029915 -0.275463
v -0.499400 0.018960 -0.323504
v -0.352000 0.029852 -0.275606
v -0.464856 0.015483 -0.328321
v -0.352042 0.029782 -0.275644
v -0.466000 0.015603 -0.326776
v -0.352006 0.029822 -0.275600
v -0.500000 0.018985 -0.323164
v -0.352021 0.029797 -0.275615
v -0.499700 0.018954 -0.323590
v -0.465428 0.015537 -0.327988
v -0.352000 0.029792 -0.275813
v -0.499920 0.018963 -0.323466
v -0.352043 0.029715 -0.275876
v -0.352006 0.029759 -0.275818
v -0.465847 0.015581 -0.327423
v -0.464856 0.020514 -0.328241
v -0.352021 0.029731 -0.275841
v -0.499400 0.020397 -0.323539
v -0.466000 0.020476 -0.326698
v -0.500000 0.020388 -0.323198
v -0.465428 0.020506 -0.327908
v -0.499700 0.020399 -0.323625
v -0.465847 0.020492 -0.327344
v -0.499920 0.020396 -0.323500
v -0.464856 0.025543 -0.328070
v -0.499400 0.021829 -0.323432
v -0.466000 0.025346 -0.326532
v -0.500000 0.021787 -0.323094
v -0.465428 0.025473 -0.327740
v -0.499700 0.021840 -0.323518
v -0.465847 0.025400 -0.327177
v -0.499920 0.021825 -0.323394
v -0.499400 0.023245 -0.323186
v -0.464857 0.027509 -0.327886
v -0.500000 0.023170 -0.322854
v -0.466000 0.027182 -0.326360
v -0.499700 0.023264 -0.323270
v -0.465429 0.027405 -0.327559
v -0.499920 0.023236 -0.323148
v -0.465847 0.027285 -0.327000
v -0.499400 0.024629 -0.322802
v -0.464858 0.028975 -0.327624
v -0.466000 0.028502 -0.326124
v -0.500000 0.024522 -0.322479
v -0.465429 0.028839 -0.327302
v -0.499700 0.024656 -0.322884
v -0.465847 0.028666 -0.326753
v -0.499920 0.024617 -0.322766
v -0.464860 0.030168 -0.327277
v -0.499400 0.025969 -0.322285
v -0.466000 0.029535 -0.325822
v -0.500000 0.025831 -0.321973
v -0.465430 0.030001 -0.326963
v -0.499700 0.026004 -0.322363
v -0.499920 0.025954 -0.322249
v -0.465847 0.029770 -0.326431
v -0.464861 0.031175 -0.326840
v -0.499400 0.027252 -0.321638
v -0.466000 0.030373 -0.325458
v -0.500000 0.027084 -0.321342
v -0.465431 0.030978 -0.326539
v -0.499700 0.027295 -0.321713
v -0.465847 0.030684 -0.326033
v -0.499920 0.027233 -0.321605
v -0.499400 0.028466 -0.320869
v -0.464862 0.032040 -0.326310
v -0.500000 0.028269 -0.320591
v -0.466000 0.031068 -0.325030
v -0.499700 0.028515 -0.320939
v -0.465431 0.031812 -0.326027
v -0.499920 0.028444 -0.320837
v -0.465848 0.031457 -0.325558
v -0.499400 0.029598 -0.319984
v -0.464863 0.032785 -0.325683
v -0.500000 0.029375 -0.319727
v -0.466000 0.031658 -0.324531
v -0.499700 0.029654 -0.320050
v -0.465432 0.032531 -0.325420
v -0.499920 0.029573 -0.319955
v -0.465848 0.032119 -0.324999
v -0.499400 0.030638 -0.318993
v -0.464863 0.033426 -0.324951
v -0.500000 0.030391 -0.318759
v -0.466000 0.032168 -0.323946
v -0.499700 0.030700 -0.319053
v -0.465432 0.033149 -0.324713
v -0.499920 0.030610 -0.318967
v -0.465848 0.032689 -0.324345
v -0.499400 0.031576 -0.317905
v -0.464863 0.033973 -0.324106
v -0.466000 0.032612 -0.323256
v -0.500000 0.031307 -0.317696
v -0.499700 0.031644 -0.317958
v -0.465431 0.033678 -0.323894
v -0.465848 0.033180 -0.323583
v -0.499920 0.031546 -0.317881
v -0.464862 0.034432 -0.323135
v -0.499400 0.032403 -0.316730
v -0.466000 0.032997 -0.322438
v -0.500000 0.032115 -0.316548
v -0.465431 0.034123 -0.322950
v -0.499700 0.032475 -0.316776
v -0.465848 0.033598 -0.322695
v -0.499920 0.032370 -0.316709
v -0.464861 0.034807 -0.322019
v -0.499400 0.033110 -0.315480
v -0.466000 0.033322 -0.321466
v -0.500000 0.032806 -0.315327
v -0.465430 0.034488 -0.321861
v -0.499700 0.033187 -0.315518
v -0.465847 0.033945 -0.321658
v -0.499920 0.033076 -0.315462
v -0.464860 0.035101 -0.320728
v -0.499400 0.033692 -0.314166
v -0.466000 0.033585 -0.320305
v -0.500000 0.033374 -0.314044
v -0.465430 0.034775 -0.320595
v -0.499700 0.033772 -0.314197
v -0.465847 0.034220 -0.320440
v -0.499920 0.033656 -0.314152
v -0.464859 0.035315 -0.319207
v -0.499400 0.034142 -0.312802
v -0.466000 0.033781 -0.318901
v -0.500000 0.033813 -0.312711
v -0.465429 0.034985 -0.319100
v -0.499700 0.034225 -0.312825
v -0.465847 0.034423 -0.318988
v -0.499920 0.034105 -0.312791
v -0.464858 0.035447 -0.317348
v -0.499400 0.034456 -0.311400
v -0.466000 0.033904 -0.317147
v -0.500000 0.034120 -0.311342
v -0.465429 0.035115 -0.317267
v -0.499700 0.034541 -0.311414
v -0.499920 0.034418 -0.311393
v -0.465847 0.034550 -0.317194
v -0.499400 0.034631 -0.309974
v -0.464857 0.035492 -0.314863
v -0.500000 0.034291 -0.309949
v -0.466000 0.033947 -0.314760
v -0.499700 0.034717 -0.309980
v -0.465429 0.035159 -0.314811
v -0.499920 0.034593 -0.309971
v -0.465847 0.034593 -0.314773
v -0.499400 0.034666 -0.308537
v -0.464857 0.035369 -0.308520
v -0.500000 0.034325 -0.308546
v -0.466000 0.033826 -0.308558
v -0.499700 0.034752 -0.308535
v -0.465428 0.035037 -0.308528
v -0.499920 0.034627 -0.308538
v -0.465847 0.034472 -0.308542
v -0.464857 0.035175 -0.302179
v -0.499400 0.034559 -0.307105
v -0.466000 0.033637 -0.302359
v -0.500000 0.034221 -0.307147
v -0.465429 0.034844 -0.302247
v -0.499700 0.034645 -0.307094
v -0.465847 0.034281 -0.302313
v -0.499920 0.034521 -0.307109
v -0.464858 0.035006 -0.299699
v -0.499400 0.034313 -0.305689
v -0.466000 0.033475 -0.299977
v -0.500000 0.033981 -0.305764
v -0.465429 0.034678 -0.299796
v -0.499700 0.034397 -0.305670
v -0.465847 0.034118 -0.299898
v -0.499920 0.034276 -0.305698
v -0.499400 0.033929 -0.304305
v -0.464859 0.034781 -0.297849
v -0.466000 0.033264 -0.298231
v -0.500000 0.033606 -0.304412
v -0.499700 0.034011 -0.304278
v -0.465429 0.034456 -0.297972
v -0.499920 0.033893 -0.304317
v -0.465847 0.033901 -0.298112
v -0.499400 0.033412 -0.302965
v -0.464860 0.034491 -0.296341
v -0.500000 0.033100 -0.303103
v -0.466000 0.032998 -0.296839
v -0.499700 0.033490 -0.302930
v -0.465430 0.034172 -0.296489
v -0.499920 0.033377 -0.302980
v -0.465847 0.033626 -0.296672
v -0.499400 0.032765 -0.301682
v -0.464861 0.034133 -0.295066
v -0.466000 0.032678 -0.295693
v -0.500000 0.032469 -0.301850
v -0.499700 0.032840 -0.301639
v -0.465430 0.033822 -0.295240
v -0.499920 0.032732 -0.301701
v -0.465847 0.033290 -0.295469
v -0.464862 0.033702 -0.293970
v -0.499400 0.031996 -0.300468
v -0.500000 0.031718 -0.300665
v -0.466000 0.032304 -0.294738
v -0.465431 0.033403 -0.294170
v -0.499700 0.032066 -0.300419
v -0.465848 0.032891 -0.294451
v -0.499920 0.031965 -0.300490
v -0.464863 0.033195 -0.293024
v -0.499400 0.031112 -0.299336
v -0.466000 0.031879 -0.293940
v -0.500000 0.030854 -0.299559
v -0.465431 0.032911 -0.293249
v -0.499700 0.031177 -0.299280
v -0.465848 0.032430 -0.293585
v -0.499920 0.031082 -0.299361
v -0.499400 0.030120 -0.298296
v -0.464863 0.032607 -0.292207
v -0.466000 0.031401 -0.293273
v -0.500000 0.029886 -0.298543
v -0.465432 0.032342 -0.292458
v -0.499700 0.030180 -0.298234
v -0.465848 0.031901 -0.292848
v -0.499920 0.030094 -0.298324
v -0.499400 0.029032 -0.297358
v -0.464863 0.031930 -0.291508
v -0.466000 0.030863 -0.292714
v -0.500000 0.028823 -0.297627
v -0.499700 0.029085 -0.297290
v -0.465432 0.031690 -0.291782
v -0.499920 0.029009 -0.297388
v -0.465848 0.031299 -0.292224
v -0.464862 0.031155 -0.290918
v -0.499400 0.027857 -0.296531
v -0.500000 0.027675 -0.296819
v -0.466000 0.030249 -0.292246
v -0.499700 0.027903 -0.296459
v -0.465431 0.030942 -0.291213
v -0.499920 0.027837 -0.296564
v -0.465848 0.030610 -0.291698
v -0.499400 0.026607 -0.295824
v -0.464861 0.030265 -0.290432
v -0.466000 0.029533 -0.291853
v -0.500000 0.026454 -0.296128
v -0.465431 0.030083 -0.290742
v -0.499700 0.026646 -0.295747
v -0.465847 0.029815 -0.291262
v -0.499920 0.026590 -0.295858
v -0.464860 0.029237 -0.290047
v -0.499400 0.025293 -0.295242
v -0.500000 0.025171 -0.295560
v -0.466000 0.028678 -0.291531
v -0.499700 0.025324 -0.295162
v -0.465430 0.029086 -0.290368
v -0.465847 0.028881 -0.290911
v -0.499920 0.025279 -0.295278
v -0.464858 0.028028 -0.289759
v -0.499400 0.023929 -0.294792
v -0.466000 0.027631 -0.291281
v -0.500000 0.023838 -0.295121
v -0.465429 0.027908 -0.290088
v -0.499700 0.023952 -0.294709
v -0.465847 0.027763 -0.290645
v -0.499920 0.023919 -0.294829
v -0.499400 0.022527 -0.294478
v -0.464857 0.026551 -0.289571
v -0.500000 0.022469 -0.294814
v -0.466000 0.026301 -0.291111
v -0.499700 0.022542 -0.294393
v -0.465429 0.026464 -0.289903
v -0.499920 0.022520 -0.294516
v -0.465847 0.026372 -0.290467
v -0.499400 0.021101 -0.294303
v -0.464856 0.024579 -0.289485
v -0.466000 0.024458 -0.291031
v -0.500000 0.021076 -0.294643
v -0.499700 0.021107 -0.294217
v -0.465428 0.024524 -0.289819
v -0.499920 0.021098 -0.294341
v -0.465847 0.024480 -0.290384
v -0.464856 0.019547 -0.289566
v -0.499400 0.019665 -0.294268
v -0.500000 0.019673 -0.294609
v -0.466000 0.019586 -0.291109
v -0.465428 0.019555 -0.289899
v -0.499700 0.019662 -0.294182
v -0.465847 0.019569 -0.290463
v -0.499920 0.019666 -0.294307
v -0.464856 0.014518 -0.289737
v -0.499400 0.018232 -0.294375
v -0.466000 0.014715 -0.291274
v -0.500000 0.018274 -0.294713
v -0.465428 0.014589 -0.290067
v -0.499700 0.018221 -0.294289
v -0.465847 0.014661 -0.290630
v -0.499920 0.018237 -0.294413
v -0.499400 0.016816 -0.294621
v -0.464857 0.012552 -0.289921
v -0.500000 0.016891 -0.294953
v -0.466000 0.012879 -0.291447
v -0.465429 0.012656 -0.290248
v -0.499700 0.016798 -0.294537
v -0.465847 0.012776 -0.290807
v -0.499920 0.016825 -0.294658
v -0.499400 0.015432 -0.295005
v -0.464858 0.011087 -0.290183
v -0.500000 0.015539 -0.295328
v -0.466000 0.011559 -0.291683
v -0.499700 0.015405 -0.294923
v -0.465429 0.011222 -0.290505
v -0.499920 0.015444 -0.295041
v -0.465847 0.011395 -0.291054
v -0.499400 0.014092 -0.295522
v -0.464860 0.009893 -0.290530
v -0.466000 0.010526 -0.291985
v -0.500000 0.014230 -0.295834
v -0.465430 0.010060 -0.290844
v -0.499700 0.014057 -0.295444
v -0.465847 0.010291 -0.291376
v -0.499920 0.014107 -0.295557
v -0.499400 0.012809 -0.296169
v -0.464861 0.008886 -0.290967
v -0.466000 0.009688 -0.292349
v -0.500000 0.012977 -0.296465
v -0.499700 0.012766 -0.296094
v -0.465431 0.009083 -0.291268
v -0.499920 0.012828 -0.296202
v -0.465847 0.009377 -0.291773
v -0.464862 0.008022 -0.291497
v -0.499400 0.011595 -0.296938
v -0.466000 0.008993 -0.292777
v -0.500000 0.011792 -0.297216
v -0.499700 0.011546 -0.296868
v -0.465431 0.008249 -0.291780
v -0.465848 0.008604 -0.292249
v -0.499920 0.011618 -0.296969
v -0.464863 0.007276 -0.292124
v -0.499400 0.010463 -0.297822
v -0.466000 0.008403 -0.293276
v -0.500000 0.010686 -0.298080
v -0.465432 0.007530 -0.292386
v -0.499700 0.010407 -0.297757
v -0.465848 0.007943 -0.292808
v -0.499920 0.010488 -0.297852
v -0.499400 0.009423 -0.298814
v -0.464863 0.006635 -0.292856
v -0.500000 0.009670 -0.299048
v -0.466000 0.007893 -0.293861
v -0.499700 0.009361 -0.298754
v -0.465432 0.006912 -0.293094
v -0.499920 0.009451 -0.298840
v -0.465848 0.007372 -0.293462
v -0.499400 0.008485 -0.299902
v -0.464863 0.006088 -0.293701
v -0.466000 0.007449 -0.294551
v -0.500000 0.008754 -0.300111
v -0.465431 0.006384 -0.293913
v -0.499700 0.008417 -0.299849
v -0.465848 0.006881 -0.294224
v -0.499920 0.008516 -0.299926
v -0.499400 0.007659 -0.301077
v -0.464862 0.005630 -0.294672
v -0.466000 0.007064 -0.295369
v -0.500000 0.007946 -0.301259
v -0.499700 0.007586 -0.301031
v -0.465431 0.005938 -0.294857
v -0.465848 0.006464 -0.295112
v -0.499920 0.007691 -0.301097
v -0.464861 0.005254 -0.295788
v -0.499400 0.006951 -0.302327
v -0.466000 0.006739 -0.296341
v -0.500000 0.007255 -0.302480
v -0.499700 0.006874 -0.302288
v -0.465430 0.005573 -0.295946
v -0.499920 0.006985 -0.302344
v -0.465847 0.006117 -0.296149
v -0.499400 0.006369 -0.303641
v -0.464860 0.004960 -0.297079
v -0.500000 0.006687 -0.303763
v -0.466000 0.006476 -0.297502
v -0.465430 0.005286 -0.297212
v -0.499700 0.006289 -0.303610
v -0.465847 0.005841 -0.297367
v -0.499920 0.006405 -0.303655
v -0.499400 0.005919 -0.305005
v -0.464859 0.004747 -0.298600
v -0.500000 0.006248 -0.305096
v -0.466000 0.006281 -0.298906
v -0.499700 0.005836 -0.304982
v -0.465429 0.005076 -0.298707
v -0.499920 0.005956 -0.305016
v -0.465847 0.005638 -0.298819
v -0.499400 0.005605 -0.306407
v -0.464858 0.004614 -0.300459
v -0.500000 0.005941 -0.306465
v -0.466000 0.006157 -0.300660
v -0.499700 0.005520 -0.306392
v -0.465429 0.004947 -0.300540
v -0.465847 0.005511 -0.300613
v -0.499920 0.005643 -0.306414
v -0.464857 0.004569 -0.302944
v -0.499400 0.005430 -0.307833
v -0.500000 0.005770 -0.307858
v -0.466000 0.006114 -0.303047
v -0.499700 0.005344 -0.307827
v -0.465429 0.004903 -0.302996
v -0.499920 0.005468 -0.307836
v -0.465847 0.005468 -0.303034
v -0.410169 0.011569 -0.327988
v -0.410169 0.013126 -0.328173
v -0.409584 0.013177 -0.327878
v -0.410169 0.015206 -0.328255
v -0.409584 0.015234 -0.327959
v -0.409000 0.020476 -0.326698
v -0.410169 0.020512 -0.328167
v -0.409157 0.020491 -0.327334
v -0.409584 0.020505 -0.327872
v -0.410169 0.025816 -0.327990
v -0.409584 0.025773 -0.327696
v -0.410169 0.027889 -0.327804
v -0.409584 0.027824 -0.327512
v -0.410169 0.029435 -0.327541
v -0.409000 0.033964 -0.296830
v -0.410179 0.035300 -0.296365
v -0.409158 0.034570 -0.296662
v -0.409590 0.035059 -0.296491
v -0.409000 0.033626 -0.295690
v -0.410178 0.034924 -0.295095
v -0.409158 0.034214 -0.295463
v -0.409589 0.034690 -0.295245
v -0.409000 0.033231 -0.294741
v -0.410176 0.034472 -0.294004
v -0.409158 0.033793 -0.294449
v -0.409588 0.034247 -0.294179
v -0.409000 0.032781 -0.293946
v -0.410175 0.033939 -0.293061
v -0.409157 0.033303 -0.293585
v -0.409587 0.033727 -0.293261
v -0.409000 0.032272 -0.293280
v -0.410173 0.033319 -0.292249
v -0.409157 0.032742 -0.292850
v -0.409587 0.033125 -0.292472
v -0.409000 0.031695 -0.292719
v -0.410172 0.032606 -0.291553
v -0.409157 0.032100 -0.292225
v -0.409586 0.032433 -0.291798
v -0.409000 0.031033 -0.292245
v -0.410170 0.031789 -0.290967
v -0.409157 0.031363 -0.291698
v -0.409585 0.031640 -0.291230
v -0.409000 0.030257 -0.291847
v -0.410170 0.030851 -0.290485
v -0.409157 0.030510 -0.291260
v -0.409585 0.030728 -0.290762
v -0.409000 0.029330 -0.291521
v -0.410169 0.029767 -0.290103
v -0.409157 0.029509 -0.290908
v -0.409585 0.029669 -0.290389
v -0.409000 0.028198 -0.291270
v -0.410169 0.028492 -0.289819
v -0.409157 0.028311 -0.290642
v -0.409584 0.028419 -0.290111
v -0.409000 0.026765 -0.291100
v -0.410169 0.026935 -0.289634
v -0.409157 0.026822 -0.290465
v -0.409584 0.026885 -0.289929
v -0.409000 0.024789 -0.291023
v -0.410169 0.024855 -0.289552
v -0.409157 0.024803 -0.290386
v -0.409584 0.024827 -0.289848
v -0.409000 0.019586 -0.291109
v -0.410169 0.019549 -0.289640
v -0.409157 0.019570 -0.290473
v -0.409584 0.019556 -0.289935
v -0.409000 0.014384 -0.291283
v -0.410169 0.014245 -0.289817
v -0.409157 0.014339 -0.290648
v -0.409584 0.014288 -0.290111
v -0.409000 0.012415 -0.291459
v -0.410169 0.012172 -0.290003
v -0.409157 0.012326 -0.290828
v -0.409584 0.012237 -0.290295
v -0.409000 0.010992 -0.291700
v -0.410169 0.010626 -0.290266
v -0.409157 0.010848 -0.291079
v -0.409584 0.010714 -0.290554
v -0.409000 0.009874 -0.292008
v -0.410169 0.009367 -0.290613
v -0.409157 0.009664 -0.291404
v -0.409585 0.009479 -0.290894
v -0.409000 0.008965 -0.292380
v -0.410170 0.008303 -0.291049
v -0.409157 0.008682 -0.291806
v -0.409585 0.008440 -0.291319
v -0.409000 0.008210 -0.292816
v -0.410170 0.007391 -0.291578
v -0.409157 0.007852 -0.292286
v -0.409585 0.007552 -0.291833
v -0.409000 0.007571 -0.293323
v -0.410172 0.006604 -0.292204
v -0.409157 0.007143 -0.292849
v -0.409586 0.006789 -0.292440
v -0.409000 0.007024 -0.293912
v -0.410173 0.005926 -0.292934
v -0.409157 0.006533 -0.293505
v -0.409587 0.006131 -0.293147
v -0.409000 0.006549 -0.294602
v -0.410175 0.005348 -0.293776
v -0.409157 0.006009 -0.294268
v -0.409587 0.005569 -0.293965
v -0.409000 0.006138 -0.295418
v -0.410176 0.004863 -0.294744
v -0.409158 0.005563 -0.295154
v -0.409588 0.005096 -0.294908
v -0.409000 0.005792 -0.296386
v -0.410178 0.004465 -0.295856
v -0.409158 0.005193 -0.296189
v -0.409589 0.004707 -0.295995
v -0.409000 0.005511 -0.297542
v -0.410179 0.004154 -0.297143
v -0.409158 0.004898 -0.297404
v -0.409590 0.004401 -0.297258
v -0.466000 0.016191 -0.295353
v -0.466000 0.014895 -0.295893
v -0.466000 0.013932 -0.296448
v -0.466000 0.015038 -0.295837
v -0.466000 0.016044 -0.295394
v -0.466000 0.011907 -0.298022
v -0.466000 0.011787 -0.298116
v -0.466000 0.011008 -0.298970
v -0.466000 0.012885 -0.297178
v -0.466000 0.012756 -0.297260
v -0.466000 0.013796 -0.296517
v -0.466000 0.010195 -0.300014
v -0.466000 0.010095 -0.300130
v -0.466000 0.009477 -0.301143
v -0.466000 0.008785 -0.302481
v -0.466000 0.008351 -0.303615
v -0.466000 0.008860 -0.302348
v -0.466000 0.009389 -0.301268
v -0.466000 0.008289 -0.303755
v -0.466000 0.007907 -0.305078
v -0.466000 0.007955 -0.304933
v -0.466000 0.007641 -0.306439
v -0.466000 0.007675 -0.306290
v -0.466000 0.010897 -0.299075
v -0.466000 0.032307 -0.305973
v -0.466000 0.031948 -0.304477
v -0.466000 0.031989 -0.304624
v -0.466000 0.032281 -0.305823
v -0.466000 0.030941 -0.301926
v -0.466000 0.030359 -0.300875
v -0.466000 0.030277 -0.300746
v -0.466000 0.031500 -0.303174
v -0.466000 0.031010 -0.302063
v -0.466000 0.029609 -0.299764
v -0.466000 0.031555 -0.303317
v -0.466000 0.029515 -0.299644
v -0.466000 0.028767 -0.298742
v -0.466000 0.028661 -0.298631
v -0.466000 0.026839 -0.296999
v -0.466000 0.026714 -0.296911
v -0.466000 0.027725 -0.297717
v -0.466000 0.027840 -0.297817
v -0.466000 0.023337 -0.295211
v -0.466000 0.023482 -0.295259
v -0.466000 0.024509 -0.295652
v -0.466000 0.024649 -0.295714
v -0.466000 0.025638 -0.296221
v -0.466000 0.025772 -0.296296
v -0.466000 0.032420 -0.311368
v -0.466000 0.032154 -0.312729
v -0.466000 0.032386 -0.311517
v -0.466000 0.032106 -0.312874
v -0.466000 0.030672 -0.316539
v -0.466000 0.031201 -0.315459
v -0.466000 0.030584 -0.316664
v -0.466000 0.031276 -0.315326
v -0.466000 0.031710 -0.314192
v -0.466000 0.031772 -0.314052
v -0.466000 0.029966 -0.317677
v -0.466000 0.029164 -0.318731
v -0.466000 0.029866 -0.317793
v -0.466000 0.029053 -0.318837
v -0.466000 0.027176 -0.320628
v -0.466000 0.027305 -0.320547
v -0.466000 0.028154 -0.319785
v -0.466000 0.028274 -0.319691
v -0.466000 0.025023 -0.321969
v -0.466000 0.025166 -0.321914
v -0.466000 0.026129 -0.321359
v -0.466000 0.023870 -0.322454
v -0.466000 0.024017 -0.322413
v -0.466000 0.026265 -0.321290
v -0.466000 0.016724 -0.322596
v -0.466000 0.014423 -0.321586
v -0.466000 0.015412 -0.322093
v -0.466000 0.015552 -0.322155
v -0.466000 0.016579 -0.322548
v -0.466000 0.012221 -0.319990
v -0.466000 0.012337 -0.320089
v -0.466000 0.011400 -0.319176
v -0.466000 0.013222 -0.320808
v -0.466000 0.013347 -0.320896
v -0.466000 0.014290 -0.321511
v -0.466000 0.010452 -0.318042
v -0.466000 0.010546 -0.318163
v -0.466000 0.009784 -0.317061
v -0.466000 0.008561 -0.314633
v -0.466000 0.009051 -0.315744
v -0.466000 0.009120 -0.315880
v -0.466000 0.009702 -0.316932
v -0.466000 0.008073 -0.313183
v -0.466000 0.008113 -0.313330
v -0.466000 0.008506 -0.314490
v -0.466000 0.007754 -0.311834
v -0.466000 0.007780 -0.311984
v -0.466000 0.011294 -0.319065
v -0.466000 0.032592 -0.308589
v -0.466000 0.032497 -0.307198
v -0.466000 0.020908 -0.294728
v -0.466000 0.021060 -0.294747
v -0.466000 0.022282 -0.294936
v -0.466000 0.022133 -0.294902
v -0.466000 0.017382 -0.294999
v -0.466000 0.017231 -0.295025
v -0.466000 0.018446 -0.294790
v -0.466000 0.007469 -0.309218
v -0.466000 0.007514 -0.307671
v -0.466000 0.007495 -0.307823
v -0.466000 0.019675 -0.294690
v -0.466000 0.032548 -0.310136
v -0.466000 0.032566 -0.309984
v -0.466000 0.022830 -0.322782
v -0.466000 0.022679 -0.322808
v -0.466000 0.021615 -0.323017
v -0.466000 0.019153 -0.323079
v -0.466000 0.017929 -0.322905
v -0.466000 0.019001 -0.323060
v -0.466000 0.017779 -0.322871
v -0.466000 0.007565 -0.310609
v -0.466000 0.020386 -0.323116
v -0.422000 0.034481 -0.328386
v -0.422000 0.037321 -0.296194
v -0.409341 0.024841 -0.327421
v -0.409362 0.025747 -0.327417
v -0.409228 0.024303 -0.327296
v -0.409157 0.023932 -0.327219
v -0.409129 0.023446 -0.327125
v -0.409075 0.023092 -0.326916
v -0.409000 0.022556 -0.326628
v -0.409510 0.027809 -0.327419
v -0.410007 0.029411 -0.327462
v -0.409584 0.028343 -0.327424
v -0.410169 0.029669 -0.327477
v -0.410180 0.035462 -0.297168
v -0.409590 0.035208 -0.297233
v -0.409158 0.034680 -0.297207
v -0.409155 0.034666 -0.297205
v -0.409000 0.034047 -0.297240
v -0.409000 0.022512 -0.326605
v -0.409000 0.022253 -0.326304
v -0.409000 0.021174 -0.324187
v -0.409000 0.021313 -0.324778
v -0.409000 0.021631 -0.325422
v -0.409000 0.021823 -0.325845
v -0.409000 0.029393 -0.297266
v -0.409000 0.020697 -0.321035
v -0.409000 0.020946 -0.323288
v -0.409000 0.020422 -0.312545
v -0.409000 0.022725 -0.297844
v -0.409000 0.022151 -0.298178
v -0.409000 0.023248 -0.297708
v -0.409000 0.021807 -0.298397
v -0.409000 0.024120 -0.297500
v -0.409000 0.020871 -0.299850
v -0.409000 0.020700 -0.300282
v -0.409000 0.020517 -0.301192
v -0.409000 0.021400 -0.298877
v -0.409000 0.021156 -0.299191
v -0.409000 0.020273 -0.304052
v -0.409000 0.020408 -0.301789
v -0.412205 0.030903 -0.327641
v -0.410879 0.030056 -0.327547
v -0.415510 0.032359 -0.327904
v -0.420017 0.033864 -0.328280
v -0.421992 0.034439 -0.328417
v -0.421969 0.034403 -0.328440
v -0.421939 0.034385 -0.328446
v -0.421992 0.037307 -0.296133
v -0.419672 0.036875 -0.295986
v -0.421939 0.037286 -0.296069
v -0.421969 0.037294 -0.296087
v -0.413918 0.035987 -0.296549
v -0.422000 0.006572 -0.329083
v -0.422000 0.002127 -0.297074
v -0.410010 0.011589 -0.327909
v -0.410169 0.011335 -0.327936
v -0.409584 0.012673 -0.327818
v -0.409513 0.013187 -0.327789
v -0.409364 0.015247 -0.327682
v -0.409157 0.017090 -0.327390
v -0.409176 0.016998 -0.327416
v -0.409341 0.016151 -0.327638
v -0.409129 0.017531 -0.327273
v -0.409000 0.018397 -0.326732
v -0.409048 0.018095 -0.326932
v -0.410180 0.004034 -0.297941
v -0.409590 0.004290 -0.297995
v -0.409158 0.004815 -0.297954
v -0.409155 0.004828 -0.297951
v -0.409000 0.005449 -0.297954
v -0.409000 0.018437 -0.326707
v -0.409000 0.019087 -0.325913
v -0.409000 0.018844 -0.326228
v -0.409000 0.010099 -0.297748
v -0.409000 0.019822 -0.312560
v -0.409000 0.019546 -0.304070
v -0.409000 0.019727 -0.323913
v -0.409000 0.019835 -0.323316
v -0.409000 0.019069 -0.300917
v -0.409000 0.019298 -0.301817
v -0.409000 0.019971 -0.321053
v -0.409000 0.018421 -0.299260
v -0.409000 0.017991 -0.298801
v -0.409000 0.018613 -0.299683
v -0.409000 0.015906 -0.297828
v -0.409000 0.015377 -0.297718
v -0.409000 0.017142 -0.298194
v -0.409000 0.016787 -0.297992
v -0.409000 0.017731 -0.298499
v -0.409000 0.018931 -0.300327
v -0.409000 0.019373 -0.325254
v -0.409000 0.019543 -0.324822
v -0.421992 0.006616 -0.329113
v -0.421969 0.006652 -0.329133
v -0.421939 0.006671 -0.329139
v -0.420009 0.007183 -0.328945
v -0.415487 0.008669 -0.328491
v -0.412192 0.010109 -0.328158
v -0.410883 0.010950 -0.328025
v -0.421992 0.002137 -0.297012
v -0.419663 0.002561 -0.296845
v -0.420003 0.002502 -0.296852
v -0.421939 0.002156 -0.296948
v -0.421969 0.002148 -0.296966
v -0.413902 0.003476 -0.297365
v -0.446725 0.014678 -0.330993
v -0.445921 0.014252 -0.330976
v -0.444079 0.013548 -0.330947
v -0.445024 0.013868 -0.330960
v -0.433275 0.014678 -0.330993
v -0.434079 0.014252 -0.330976
v -0.434976 0.013868 -0.330960
v -0.443094 0.013296 -0.330936
v -0.442079 0.013114 -0.330929
v -0.440000 0.012968 -0.330923
v -0.441045 0.013005 -0.330924
v -0.436906 0.013296 -0.330936
v -0.437921 0.013114 -0.330929
v -0.435921 0.013548 -0.330947
v -0.438955 0.013005 -0.330924
v -0.450659 0.020581 -0.330897
v -0.450607 0.019835 -0.330909
v -0.450454 0.019096 -0.330921
v -0.450200 0.018371 -0.330933
v -0.449847 0.017668 -0.330944
v -0.448862 0.016352 -0.330966
v -0.449400 0.016993 -0.330955
v -0.429341 0.020581 -0.330897
v -0.429393 0.019835 -0.330909
v -0.448239 0.015752 -0.330976
v -0.447537 0.015199 -0.330985
v -0.446762 0.014697 -0.330993
v -0.432463 0.015199 -0.330985
v -0.433238 0.014697 -0.330993
v -0.431138 0.016352 -0.330966
v -0.430153 0.017668 -0.330944
v -0.430600 0.016993 -0.330955
v -0.429546 0.019096 -0.330921
v -0.429800 0.018371 -0.330933
v -0.431761 0.015752 -0.330976
v -0.450454 0.022065 -0.330847
v -0.450200 0.022789 -0.330822
v -0.449847 0.023492 -0.330799
v -0.448862 0.024807 -0.330754
v -0.449400 0.024167 -0.330776
v -0.446762 0.026461 -0.330699
v -0.446725 0.026481 -0.330698
v -0.447537 0.025960 -0.330716
v -0.432463 0.025960 -0.330716
v -0.431761 0.025407 -0.330734
v -0.433238 0.026461 -0.330699
v -0.433275 0.026481 -0.330698
v -0.448239 0.025407 -0.330734
v -0.450607 0.021326 -0.330871
v -0.450659 0.020581 -0.330897
v -0.430600 0.024167 -0.330776
v -0.431138 0.024807 -0.330754
v -0.429546 0.022065 -0.330847
v -0.429800 0.022789 -0.330822
v -0.429393 0.021326 -0.330871
v -0.429341 0.020581 -0.330897
v -0.430153 0.023492 -0.330799
v -0.445024 0.027288 -0.330624
v -0.444079 0.027607 -0.330595
v -0.443094 0.027858 -0.330572
v -0.442079 0.028039 -0.330556
v -0.441045 0.028148 -0.330546
v -0.440000 0.028185 -0.330542
v -0.437921 0.028039 -0.330556
v -0.436906 0.027858 -0.330572
v -0.438955 0.028148 -0.330546
v -0.445921 0.026905 -0.330659
v -0.434976 0.027288 -0.330624
v -0.434079 0.026905 -0.330659
v -0.435921 0.027607 -0.330595
v -0.446086 0.025383 -0.286814
v -0.445692 0.025594 -0.286822
v -0.442974 0.026519 -0.286860
v -0.443921 0.026275 -0.286850
v -0.444830 0.025966 -0.286838
v -0.436079 0.026275 -0.286850
v -0.433911 0.025383 -0.286814
v -0.435170 0.025966 -0.286838
v -0.434308 0.025594 -0.286822
v -0.441999 0.026694 -0.286868
v -0.441004 0.026800 -0.286872
v -0.440000 0.026836 -0.286873
v -0.438001 0.026694 -0.286868
v -0.437026 0.026519 -0.286860
v -0.438996 0.026800 -0.286872
v -0.450195 0.020201 -0.286898
v -0.450245 0.019481 -0.286910
v -0.450048 0.020915 -0.286887
v -0.449804 0.021615 -0.286875
v -0.449465 0.022294 -0.286864
v -0.449035 0.022947 -0.286854
v -0.448518 0.023565 -0.286843
v -0.429755 0.019481 -0.286910
v -0.429805 0.020201 -0.286898
v -0.447920 0.024145 -0.286834
v -0.447244 0.024680 -0.286825
v -0.446499 0.025164 -0.286817
v -0.432756 0.024680 -0.286825
v -0.433501 0.025164 -0.286817
v -0.430965 0.022947 -0.286854
v -0.431482 0.023565 -0.286843
v -0.430196 0.021615 -0.286875
v -0.429952 0.020915 -0.286887
v -0.432080 0.024145 -0.286834
v -0.430535 0.022294 -0.286864
v -0.450048 0.018047 -0.286959
v -0.449804 0.017347 -0.286982
v -0.449465 0.016668 -0.287005
v -0.448518 0.015398 -0.287048
v -0.449035 0.016016 -0.287027
v -0.447920 0.014818 -0.287067
v -0.447244 0.014284 -0.287085
v -0.446089 0.013580 -0.287109
v -0.446499 0.013800 -0.287101
v -0.432756 0.014284 -0.287085
v -0.432080 0.014818 -0.287067
v -0.433501 0.013800 -0.287101
v -0.433914 0.013580 -0.287109
v -0.450245 0.019481 -0.286910
v -0.450195 0.018760 -0.286935
v -0.430965 0.016016 -0.287027
v -0.431482 0.015398 -0.287048
v -0.429952 0.018047 -0.286959
v -0.430196 0.017347 -0.286982
v -0.429755 0.019481 -0.286910
v -0.429805 0.018760 -0.286935
v -0.430535 0.016668 -0.287005
v -0.443921 0.012692 -0.287190
v -0.441999 0.012274 -0.287228
v -0.442974 0.012449 -0.287212
v -0.440000 0.012133 -0.287241
v -0.438001 0.012274 -0.287228
v -0.438996 0.012168 -0.287238
v -0.441004 0.012168 -0.287238
v -0.445692 0.013370 -0.287128
v -0.444830 0.013000 -0.287162
v -0.436079 0.012692 -0.287190
v -0.434308 0.013370 -0.287128
v -0.435170 0.013000 -0.287162
v -0.437026 0.012449 -0.287212
vn -0.0589 -0.9980 -0.0250
vn -0.0591 -0.9974 -0.0415
vn -0.0244 -0.9995 -0.0194
vn -0.0000 -0.9999 0.0126
vn -0.0600 -0.9939 -0.0922
vn -0.0261 -0.9974 -0.0670
vn -0.0613 -0.9861 -0.1545
vn -0.0273 -0.9914 -0.1282
vn -0.0631 -0.9708 -0.2314
vn -0.0287 -0.9786 -0.2040
vn -0.0651 -0.9444 -0.3223
vn -0.0304 -0.9553 -0.2939
vn -0.0670 -0.9026 -0.4253
vn -0.0324 -0.9174 -0.3966
vn -0.0687 -0.8410 -0.5367
vn -0.0345 -0.8605 -0.5083
vn -0.0698 -0.7570 -0.6496
vn -0.0365 -0.7816 -0.6228
vn -0.0699 -0.6514 -0.7555
vn -0.0384 -0.6811 -0.7312
vn -0.0286 -0.6222 -0.7823
vn -0.0690 -0.5300 -0.8452
vn 0.0596 -0.5301 -0.8458
vn -0.0671 -0.4025 -0.9130
vn 0.0601 -0.4018 -0.9138
vn -0.0647 -0.2791 -0.9581
vn 0.0597 -0.2780 -0.9587
vn -0.0622 -0.1685 -0.9837
vn 0.0590 -0.1675 -0.9841
vn -0.0601 -0.0760 -0.9953
vn 0.0581 -0.0755 -0.9955
vn -0.4216 0.5943 -0.6849
vn 0.0574 0.0003 -0.9984
vn -0.0586 0.0001 -0.9983
vn 0.3346 0.6847 -0.6475
vn 0.2395 0.7164 -0.6553
vn 0.1757 0.7319 -0.6584
vn 0.1136 0.7411 -0.6618
vn 0.0533 0.7447 -0.6652
vn -0.0053 0.7434 -0.6688
vn -0.0621 0.7375 -0.6725
vn -0.1174 0.7274 -0.6761
vn -0.1713 0.7132 -0.6798
vn -0.2240 0.6950 -0.6832
vn -0.2756 0.6729 -0.6865
vn -0.3264 0.6466 -0.6895
vn -0.3763 0.6158 -0.6922
vn -0.4255 0.5801 -0.6945
vn -0.7330 -0.0027 -0.6802
vn 0.0572 0.0250 -0.9981
vn -0.4634 0.5637 -0.6837
vn -0.5060 0.5144 -0.6923
vn -0.5459 0.4599 -0.7004
vn -0.5826 0.3995 -0.7078
vn -0.6152 0.3328 -0.7147
vn -0.6424 0.2597 -0.7211
vn -0.6624 0.1804 -0.7271
vn -0.6735 0.0962 -0.7329
vn -0.6739 0.0092 -0.7388
vn -0.0583 0.0250 -0.9980
vn 0.6128 0.0233 -0.7899
vn 0.6346 0.1857 -0.7502
vn 0.6151 0.2890 -0.7336
vn 0.5843 0.3833 -0.7153
vn 0.5452 0.4663 -0.6967
vn 0.5002 0.5373 -0.6791
vn 0.4516 0.5966 -0.6634
vn 0.4007 0.6453 -0.6504
vn 0.3484 0.6848 -0.6400
vn 0.2950 0.7161 -0.6325
vn 0.0574 0.0496 -0.9971
vn -0.7336 -0.0870 -0.6739
vn -0.6444 -0.1532 -0.7491
vn -0.6146 -0.2374 -0.7523
vn -0.5750 -0.3140 -0.7555
vn -0.5281 -0.3816 -0.7586
vn -0.4764 -0.4395 -0.7615
vn -0.4220 -0.4877 -0.7642
vn -0.3667 -0.5271 -0.7666
vn -0.3116 -0.5584 -0.7688
vn -0.2571 -0.5825 -0.7711
vn -0.3459 -0.6425 -0.6838
vn -0.0586 0.0498 -0.9970
vn 0.2854 -0.5188 -0.8059
vn 0.3903 -0.4902 -0.7793
vn 0.4340 -0.4534 -0.7785
vn 0.4769 -0.4102 -0.7774
vn 0.5180 -0.3599 -0.7760
vn 0.5563 -0.3018 -0.7742
vn 0.5900 -0.2359 -0.7722
vn 0.6172 -0.1621 -0.7699
vn 0.6359 -0.0817 -0.7675
vn 0.6441 0.0035 -0.7649
vn 0.6321 0.0960 -0.7689
vn -0.0601 0.1257 -0.9902
vn 0.0581 0.1251 -0.9904
vn -0.2137 -0.5757 -0.7892
vn -0.1609 -0.5905 -0.7908
vn -0.1096 -0.6003 -0.7922
vn -0.0598 -0.6058 -0.7934
vn -0.0112 -0.6073 -0.7944
vn 0.0363 -0.6054 -0.7951
vn 0.0829 -0.6001 -0.7956
vn 0.1288 -0.5915 -0.7959
vn 0.1744 -0.5797 -0.7960
vn 0.2198 -0.5644 -0.7957
vn 0.2651 -0.5455 -0.7951
vn 0.3105 -0.5225 -0.7941
vn 0.3560 -0.4949 -0.7927
vn -0.0622 0.2174 -0.9741
vn 0.0590 0.2164 -0.9745
vn -0.0647 0.3267 -0.9429
vn 0.0597 0.3256 -0.9436
vn -0.0671 0.4476 -0.8917
vn 0.0601 0.4470 -0.8925
vn -0.0690 0.5716 -0.8176
vn 0.0596 0.5717 -0.8183
vn -0.0232 0.5991 -0.8004
vn -0.0699 0.6883 -0.7220
vn -0.0399 0.6605 -0.7497
vn -0.0698 0.7886 -0.6110
vn -0.0392 0.7655 -0.6422
vn -0.0687 0.8667 -0.4940
vn -0.0380 0.8490 -0.5270
vn -0.0670 0.9227 -0.3797
vn -0.0362 0.9099 -0.4132
vn -0.0651 0.9593 -0.2747
vn -0.0343 0.9509 -0.3077
vn -0.0631 0.9812 -0.1826
vn -0.0324 0.9762 -0.2146
vn -0.0613 0.9926 -0.1051
vn -0.0307 0.9902 -0.1359
vn -0.0600 0.9973 -0.0424
vn -0.0296 0.9969 -0.0726
vn -0.0591 0.9982 0.0084
vn -0.0306 0.9992 -0.0244
vn -0.0589 0.9980 0.0250
vn -0.0266 0.9996 -0.0016
vn -0.0591 0.9974 0.0415
vn -0.0244 0.9995 0.0194
vn -0.0600 0.9939 0.0922
vn -0.0261 0.9974 0.0670
vn -0.0613 0.9861 0.1545
vn -0.0273 0.9914 0.1282
vn -0.0213 0.9862 0.1641
vn -0.0631 0.9708 0.2314
vn 0.0431 0.9716 0.2326
vn -0.0651 0.9444 0.3223
vn 0.0459 0.9449 0.3242
vn -0.0670 0.9026 0.4253
vn 0.0491 0.9026 0.4277
vn -0.0687 0.8410 0.5367
vn 0.0524 0.8404 0.5394
vn -0.0698 0.7570 0.6496
vn 0.0555 0.7558 0.6525
vn -0.0699 0.6514 0.7555
vn 0.0579 0.6497 0.7580
vn -0.0690 0.5300 0.8452
vn 0.0594 0.5281 0.8471
vn -0.0671 0.4025 0.9130
vn 0.0600 0.4006 0.9143
vn -0.0647 0.2791 0.9581
vn 0.0597 0.2776 0.9588
vn -0.0622 0.1685 0.9837
vn 0.0590 0.1674 0.9841
vn -0.0601 0.0760 0.9953
vn 0.0581 0.0755 0.9955
vn -0.4236 -0.6020 0.6769
vn 0.0574 -0.0003 0.9984
vn -0.0586 -0.0001 0.9983
vn 0.3317 -0.6898 0.6435
vn 0.2399 -0.7198 0.6514
vn 0.1760 -0.7351 0.6547
vn 0.1139 -0.7443 0.6580
vn 0.0535 -0.7481 0.6614
vn -0.0050 -0.7470 0.6648
vn -0.0619 -0.7414 0.6682
vn -0.1173 -0.7316 0.6715
vn -0.1715 -0.7178 0.6748
vn -0.2244 -0.7001 0.6779
vn -0.2765 -0.6783 0.6808
vn -0.3278 -0.6523 0.6834
vn -0.3785 -0.6218 0.6857
vn -0.4284 -0.5862 0.6877
vn -0.7387 0.0035 0.6740
vn 0.0572 -0.0250 0.9981
vn -0.4658 -0.5677 0.6788
vn -0.5093 -0.5188 0.6866
vn -0.5501 -0.4643 0.6942
vn -0.5876 -0.4037 0.7012
vn -0.6210 -0.3366 0.7079
vn -0.6488 -0.2629 0.7141
vn -0.6693 -0.1828 0.7201
vn -0.6806 -0.0978 0.7261
vn -0.6810 -0.0101 0.7322
vn -0.0583 -0.0250 0.9980
vn 0.6197 -0.0250 0.7845
vn 0.6419 -0.1859 0.7439
vn 0.6213 -0.2890 0.7283
vn 0.5891 -0.3834 0.7113
vn 0.5482 -0.4668 0.6940
vn 0.5015 -0.5381 0.6775
vn 0.4511 -0.5978 0.6626
vn 0.3987 -0.6469 0.6501
vn 0.3451 -0.6865 0.6400
vn 0.2908 -0.7182 0.6322
vn -0.3468 0.6479 0.6782
vn 0.0574 -0.0496 0.9971
vn -0.7397 0.0874 0.6673
vn -0.6514 0.1537 0.7430
vn -0.6211 0.2385 0.7466
vn -0.5811 0.3158 0.7501
vn -0.5337 0.3838 0.7535
vn -0.4816 0.4421 0.7568
vn -0.4267 0.4906 0.7597
vn -0.3709 0.5302 0.7624
vn -0.3153 0.5618 0.7649
vn -0.2608 0.5864 0.7669
vn 0.6400 -0.0964 0.7623
vn -0.0586 -0.0498 0.9970
vn 0.2895 0.5223 0.8021
vn 0.3946 0.4951 0.7741
vn 0.4391 0.4582 0.7728
vn 0.4827 0.4147 0.7714
vn 0.5246 0.3640 0.7696
vn 0.5634 0.3054 0.7676
vn 0.5976 0.2387 0.7654
vn 0.6253 0.1642 0.7629
vn 0.6441 0.0829 0.7604
vn 0.6524 -0.0032 0.7579
vn -0.0601 -0.1257 0.9902
vn 0.0581 -0.1251 0.9904
vn -0.2169 0.5795 0.7856
vn -0.1636 0.5943 0.7874
vn -0.1119 0.6044 0.7888
vn -0.0615 0.6101 0.7900
vn -0.0124 0.6119 0.7908
vn 0.0356 0.6101 0.7915
vn 0.0828 0.6050 0.7919
vn 0.1294 0.5966 0.7920
vn 0.1755 0.5850 0.7918
vn 0.2216 0.5698 0.7914
vn 0.2676 0.5509 0.7905
vn 0.3137 0.5279 0.7893
vn 0.3599 0.4999 0.7877
vn -0.0622 -0.2174 0.9741
vn 0.0590 -0.2164 0.9745
vn -0.0647 -0.3267 0.9429
vn 0.0597 -0.3252 0.9438
vn -0.0671 -0.4476 0.8917
vn 0.0600 -0.4458 0.8931
vn -0.0690 -0.5716 0.8176
vn 0.0594 -0.5698 0.8197
vn -0.0699 -0.6883 0.7220
vn 0.0579 -0.6868 0.7246
vn -0.0698 -0.7886 0.6110
vn 0.0555 -0.7874 0.6139
vn -0.0687 -0.8667 0.4940
vn 0.0524 -0.8663 0.4967
vn -0.0670 -0.9227 0.3797
vn 0.0491 -0.9228 0.3821
vn -0.0651 -0.9593 0.2747
vn 0.0459 -0.9599 0.2766
vn -0.0631 -0.9812 0.1826
vn 0.0431 -0.9820 0.1841
vn -0.0613 -0.9926 0.1051
vn -0.0307 -0.9902 0.1359
vn -0.0211 -0.9846 0.1734
vn -0.0600 -0.9973 0.0424
vn -0.0296 -0.9969 0.0726
vn -0.0591 -0.9982 -0.0084
vn -0.0306 -0.9992 0.0244
vn -0.3012 -0.9533 -0.0238
vn -0.3020 -0.9533 -0.0082
vn -0.6456 -0.7636 -0.0096
vn -0.6179 -0.7861 -0.0185
vn -0.8035 -0.5952 -0.0116
vn -0.9730 -0.2306 -0.0045
vn -0.9731 -0.2304 0.0041
vn -0.8042 -0.5942 0.0105
vn -0.5063 -0.8617 0.0349
vn -0.3061 -0.9512 0.0397
vn -0.9732 -0.2295 0.0162
vn -0.8055 -0.5911 0.0417
vn -0.5108 -0.8553 0.0872
vn -0.3121 -0.9449 0.0985
vn -0.9733 -0.2273 0.0317
vn -0.8073 -0.5844 0.0815
vn -0.5165 -0.8427 0.1518
vn -0.3197 -0.9320 0.1710
vn -0.9735 -0.2231 0.0504
vn -0.8095 -0.5727 0.1296
vn -0.5230 -0.8213 0.2278
vn -0.3282 -0.9090 0.2567
vn -0.9736 -0.2163 0.0723
vn -0.8118 -0.5538 0.1853
vn -0.5296 -0.7880 0.3138
vn -0.3370 -0.8723 0.3542
vn -0.9738 -0.2058 0.0967
vn -0.8139 -0.5257 0.2474
vn -0.5354 -0.7393 0.4082
vn -0.3445 -0.8182 0.4603
vn -0.9739 -0.1908 0.1228
vn -0.8156 -0.4864 0.3135
vn -0.5393 -0.6728 0.5064
vn -0.3494 -0.7441 0.5694
vn -0.9740 -0.1708 0.1490
vn -0.8163 -0.4350 0.3799
vn -0.5403 -0.5895 0.6005
vn -0.3504 -0.6505 0.6739
vn -0.9739 -0.1464 0.1732
vn -0.8160 -0.3728 0.4417
vn -0.5377 -0.4924 0.6844
vn -0.3468 -0.5419 0.7656
vn -0.9738 -0.1190 0.1936
vn -0.8146 -0.3034 0.4943
vn -0.5321 -0.3882 0.7525
vn -0.3392 -0.4261 0.8387
vn -0.9737 -0.0908 0.2092
vn -0.8122 -0.2320 0.5352
vn -0.5245 -0.2854 0.8022
vn -0.3292 -0.3124 0.8911
vn -0.9734 -0.0640 0.2198
vn -0.8095 -0.1641 0.5637
vn -0.5163 -0.1910 0.8348
vn -0.3186 -0.2087 0.9246
vn -0.9733 -0.0405 0.2261
vn -0.8068 -0.1040 0.5816
vn -0.5091 -0.1107 0.8535
vn -0.3094 -0.1209 0.9432
vn -0.9731 -0.0215 0.2294
vn -0.8047 -0.0553 0.5911
vn -0.5037 -0.0437 0.8628
vn -0.3025 -0.0478 0.9519
vn -0.9730 -0.0078 0.2307
vn -0.8034 -0.0202 0.5951
vn -0.5026 -0.0216 0.8643
vn -0.3011 -0.0239 0.9533
vn -0.9730 -0.0037 0.2308
vn -0.8034 -0.0096 0.5953
vn -0.5037 0.0005 0.8639
vn -0.3025 0.0002 0.9531
vn -0.9731 0.0100 0.2302
vn -0.8047 0.0256 0.5931
vn -0.5091 0.0680 0.8580
vn -0.3094 0.0736 0.9481
vn -0.9733 0.0291 0.2279
vn -0.8068 0.0748 0.5860
vn -0.5163 0.1490 0.8433
vn -0.3186 0.1622 0.9339
vn -0.9734 0.0530 0.2227
vn -0.8095 0.1357 0.5712
vn -0.5245 0.2449 0.8154
vn -0.3292 0.2674 0.9056
vn -0.9737 0.0802 0.2134
vn -0.8122 0.2050 0.5461
vn -0.5321 0.3501 0.7709
vn -0.3392 0.3836 0.8589
vn -0.9738 0.1092 0.1993
vn -0.8146 0.2783 0.5089
vn -0.5377 0.4576 0.7082
vn -0.3468 0.5029 0.7917
vn -0.9739 0.1376 0.1803
vn -0.8160 0.3503 0.4598
vn -0.5402 0.5588 0.6292
vn -0.3504 0.6160 0.7055
vn -0.9740 0.1631 0.1573
vn -0.8164 0.4155 0.4012
vn -0.5393 0.6465 0.5396
vn -0.3494 0.7147 0.6059
vn -0.9739 0.1844 0.1322
vn -0.8156 0.4701 0.3375
vn -0.5354 0.7178 0.4450
vn -0.3445 0.7942 0.5006
vn -0.9738 0.2007 0.1069
vn -0.8139 0.5127 0.2734
vn -0.5297 0.7712 0.3531
vn -0.3370 0.8535 0.3974
vn -0.9737 0.2124 0.0830
vn -0.8118 0.5439 0.2127
vn -0.5230 0.8090 0.2682
vn -0.3282 0.8951 0.3019
vn -0.9735 0.2203 0.0615
vn -0.8095 0.5655 0.1580
vn -0.5165 0.8341 0.1937
vn -0.3197 0.9223 0.2174
vn -0.9733 0.2254 0.0430
vn -0.8073 0.5796 0.1107
vn -0.5108 0.8499 0.1296
vn -0.3121 0.9388 0.1456
vn -0.9732 0.2284 0.0276
vn -0.8055 0.5882 0.0712
vn -0.5063 0.8588 0.0780
vn -0.3061 0.9480 0.0872
vn -0.9731 0.2299 0.0156
vn -0.8042 0.5930 0.0402
vn -0.5031 0.8635 0.0355
vn -0.3020 0.9525 0.0394
vn -0.9730 0.2306 0.0070
vn -0.8035 0.5950 0.0182
vn -0.5025 0.8643 0.0216
vn -0.3012 0.9533 0.0238
vn -0.9730 0.2306 0.0045
vn -0.8035 0.5952 0.0116
vn -0.5032 0.8642 0.0077
vn -0.3020 0.9533 0.0082
vn -0.9731 0.2304 -0.0041
vn -0.8042 0.5942 -0.0105
vn -0.5063 0.8617 -0.0349
vn -0.3061 0.9512 -0.0397
vn -0.9732 0.2295 -0.0162
vn -0.8055 0.5911 -0.0417
vn -0.5108 0.8553 -0.0872
vn -0.3121 0.9449 -0.0985
vn -0.9733 0.2273 -0.0317
vn -0.8073 0.5844 -0.0816
vn -0.5165 0.8427 -0.1518
vn -0.3197 0.9320 -0.1710
vn -0.9735 0.2231 -0.0504
vn -0.8095 0.5727 -0.1296
vn -0.5231 0.8213 -0.2278
vn -0.3282 0.9090 -0.2567
vn -0.9736 0.2163 -0.0723
vn -0.8117 0.5539 -0.1853
vn -0.5297 0.7878 -0.3143
vn -0.3370 0.8723 -0.3542
vn -0.9738 0.2058 -0.0967
vn -0.8139 0.5257 -0.2474
vn -0.5354 0.7394 -0.4083
vn -0.3445 0.8182 -0.4603
vn -0.9739 0.1907 -0.1228
vn -0.8156 0.4864 -0.3136
vn -0.5393 0.6731 -0.5060
vn -0.3494 0.7441 -0.5694
vn -0.9740 0.1708 -0.1490
vn -0.8164 0.4350 -0.3799
vn -0.5402 0.5893 -0.6007
vn -0.3503 0.6505 -0.6739
vn -0.9739 0.1464 -0.1732
vn -0.8160 0.3728 -0.4417
vn -0.5377 0.4924 -0.6844
vn -0.3468 0.5419 -0.7656
vn -0.9738 0.1190 -0.1936
vn -0.8146 0.3034 -0.4944
vn -0.5321 0.3880 -0.7525
vn -0.3392 0.4261 -0.8387
vn -0.9737 0.0908 -0.2092
vn -0.8123 0.2320 -0.5352
vn -0.5245 0.2853 -0.8022
vn -0.3292 0.3124 -0.8911
vn -0.9735 0.0640 -0.2198
vn -0.8095 0.1640 -0.5637
vn -0.5163 0.1910 -0.8348
vn -0.3186 0.2087 -0.9246
vn -0.9732 0.0405 -0.2262
vn -0.8068 0.1040 -0.5816
vn -0.5091 0.1107 -0.8536
vn -0.3094 0.1209 -0.9432
vn -0.9731 0.0215 -0.2294
vn -0.8047 0.0553 -0.5911
vn -0.5036 0.0437 -0.8628
vn -0.3025 0.0478 -0.9519
vn -0.9730 0.0078 -0.2306
vn -0.8034 0.0202 -0.5951
vn -0.5025 0.0216 -0.8643
vn -0.3012 0.0238 -0.9533
vn -0.9730 0.0037 -0.2307
vn -0.8034 0.0096 -0.5953
vn -0.5036 -0.0005 -0.8639
vn -0.3025 -0.0002 -0.9531
vn -0.9731 -0.0100 -0.2302
vn -0.8047 -0.0257 -0.5931
vn -0.5091 -0.0679 -0.8580
vn -0.3094 -0.0736 -0.9481
vn -0.9732 -0.0291 -0.2279
vn -0.8068 -0.0748 -0.5860
vn -0.5163 -0.1490 -0.8433
vn -0.3186 -0.1622 -0.9339
vn -0.9735 -0.0530 -0.2227
vn -0.8095 -0.1357 -0.5712
vn -0.5245 -0.2449 -0.8155
vn -0.3292 -0.2674 -0.9056
vn -0.9737 -0.0802 -0.2134
vn -0.8122 -0.2050 -0.5461
vn -0.5321 -0.3500 -0.7710
vn -0.3392 -0.3836 -0.8589
vn -0.9738 -0.1092 -0.1993
vn -0.8146 -0.2783 -0.5089
vn -0.5377 -0.4573 -0.7084
vn -0.3468 -0.5029 -0.7917
vn -0.9739 -0.1375 -0.1803
vn -0.8160 -0.3503 -0.4598
vn -0.5402 -0.5588 -0.6292
vn -0.3503 -0.6160 -0.7055
vn -0.9740 -0.1632 -0.1573
vn -0.8164 -0.4155 -0.4012
vn -0.5393 -0.6467 -0.5394
vn -0.3494 -0.7147 -0.6059
vn -0.9739 -0.1844 -0.1322
vn -0.8156 -0.4701 -0.3375
vn -0.5354 -0.7180 -0.4447
vn -0.3445 -0.7942 -0.5006
vn -0.9738 -0.2007 -0.1069
vn -0.8139 -0.5127 -0.2733
vn -0.5296 -0.7714 -0.3528
vn -0.3370 -0.8535 -0.3974
vn -0.9736 -0.2124 -0.0830
vn -0.8117 -0.5439 -0.2127
vn -0.5230 -0.8090 -0.2682
vn -0.3282 -0.8951 -0.3019
vn -0.9735 -0.2204 -0.0615
vn -0.8095 -0.5655 -0.1580
vn -0.5165 -0.8341 -0.1937
vn -0.3197 -0.9223 -0.2174
vn -0.9733 -0.2254 -0.0430
vn -0.8073 -0.5796 -0.1107
vn -0.5108 -0.8498 -0.1298
vn -0.3121 -0.9388 -0.1456
vn -0.9732 -0.2284 -0.0276
vn -0.8055 -0.5882 -0.0712
vn -0.5063 -0.8588 -0.0780
vn -0.3061 -0.9480 -0.0872
vn -0.9731 -0.2299 -0.0156
vn -0.8042 -0.5929 -0.0402
vn -0.5031 -0.8635 -0.0355
vn -0.3020 -0.9525 -0.0394
vn -0.9730 -0.2306 -0.0070
vn -0.8035 -0.5950 -0.0182
vn 0.2429 -0.1610 -0.9566
vn 0.3299 0.0035 -0.9440
vn 0.1972 -0.1704 -0.9654
vn 0.3194 -0.0174 -0.9475
vn 0.2395 -0.0725 -0.9682
vn 0.6362 -0.0564 -0.7695
vn 0.4984 0.0125 -0.8669
vn 0.2367 0.0005 -0.9716
vn 0.6354 0.0007 -0.7722
vn 0.5022 0.0329 -0.8641
vn 0.2361 0.0243 -0.9714
vn 0.6352 0.0193 -0.7721
vn 0.4757 0.1320 -0.8697
vn 0.7827 0.0156 -0.6222
vn 0.4733 0.1051 -0.8746
vn 0.4953 0.1647 -0.8530
vn 0.9710 0.0040 -0.2390
vn 0.2367 0.0481 -0.9704
vn 0.6354 0.0379 -0.7713
vn 0.4494 -0.0805 -0.8897
vn 0.4791 0.0513 -0.8762
vn 0.4787 0.0146 -0.8778
vn 0.4606 -0.0684 -0.8850
vn 0.9710 0.0080 -0.2389
vn 0.2395 0.1207 -0.9634
vn 0.6361 0.0948 -0.7657
vn 0.4971 0.0598 -0.8656
vn 0.3229 0.0787 -0.9432
vn 0.2428 0.2086 -0.9474
vn 0.2832 0.1604 -0.9455
vn 0.1485 0.2047 -0.9675
vn 0.1844 0.9554 0.2307
vn 0.6048 0.7736 0.1892
vn 0.4744 0.6139 0.6310
vn 0.2832 0.7390 0.6113
vn 0.7668 0.6235 0.1525
vn 0.5213 0.4441 0.7287
vn 0.9697 0.2396 0.0483
vn 0.1951 0.9268 0.3209
vn 0.6103 0.7476 0.2620
vn 0.7702 0.6019 0.2110
vn 0.9699 0.2336 0.0692
vn 0.2072 0.8825 0.4221
vn 0.6165 0.7086 0.3431
vn 0.7739 0.5701 0.2757
vn 0.9701 0.2241 0.0930
vn 0.2195 0.8188 0.5305
vn 0.6228 0.6541 0.4292
vn 0.7778 0.5253 0.3452
vn 0.9704 0.2102 0.1190
vn 0.2307 0.7334 0.6394
vn 0.6286 0.5829 0.5149
vn 0.7811 0.4679 0.4134
vn 0.9706 0.1912 0.1459
vn 0.2394 0.6283 0.7402
vn 0.6333 0.4968 0.5934
vn 0.7837 0.3986 0.4763
vn 0.9708 0.1672 0.1717
vn 0.2447 0.5092 0.8251
vn 0.6363 0.4010 0.6590
vn 0.7853 0.3216 0.5291
vn 0.9710 0.1391 0.1944
vn 0.2465 0.3856 0.8891
vn 0.6377 0.3026 0.7083
vn 0.7858 0.2428 0.5689
vn 0.9711 0.1090 0.2123
vn 0.2454 0.2670 0.9319
vn 0.6378 0.2090 0.7413
vn 0.7855 0.1678 0.5957
vn 0.9711 0.0792 0.2250
vn 0.2427 0.1609 0.9567
vn 0.6371 0.1258 0.7605
vn 0.7847 0.1010 0.6116
vn 0.9711 0.0517 0.2329
vn 0.2395 0.0724 0.9682
vn 0.6361 0.0564 0.7695
vn 0.7838 0.0453 0.6194
vn 0.9711 0.0281 0.2371
vn 0.2368 -0.0005 0.9716
vn 0.6353 -0.0007 0.7722
vn 0.7829 -0.0006 0.6221
vn 0.9710 0.0094 0.2387
vn 0.2361 -0.0243 0.9714
vn 0.6351 -0.0193 0.7722
vn 0.7827 -0.0156 0.6222
vn 0.9710 -0.0040 0.2390
vn 0.2368 -0.0481 0.9704
vn 0.6353 -0.0379 0.7713
vn 0.7829 -0.0305 0.6214
vn 0.9710 -0.0080 0.2389
vn 0.2395 -0.1207 0.9633
vn 0.6361 -0.0948 0.7658
vn 0.7837 -0.0762 0.6164
vn 0.9711 -0.0213 0.2379
vn 0.2427 -0.2085 0.9474
vn 0.6371 -0.1636 0.7532
vn 0.7847 -0.1315 0.6058
vn 0.9711 -0.0400 0.2354
vn 0.2454 -0.3132 0.9174
vn 0.6378 -0.2458 0.7299
vn 0.7855 -0.1973 0.5866
vn 0.9711 -0.0633 0.2300
vn 0.2465 -0.4296 0.8687
vn 0.6377 -0.3377 0.6923
vn 0.7858 -0.2708 0.5561
vn 0.9711 -0.0903 0.2208
vn 0.2447 -0.5498 0.7986
vn 0.6363 -0.4334 0.6382
vn 0.7853 -0.3477 0.5123
vn 0.9711 -0.1195 0.2066
vn 0.2394 -0.6645 0.7079
vn 0.6332 -0.5259 0.5679
vn 0.7837 -0.4219 0.4558
vn 0.9710 -0.1487 0.1872
vn 0.2307 -0.7645 0.6020
vn 0.6286 -0.6079 0.4851
vn 0.7812 -0.4879 0.3896
vn 0.9708 -0.1756 0.1632
vn 0.2195 -0.8442 0.4890
vn 0.6228 -0.6747 0.3960
vn 0.7777 -0.5421 0.3181
vn 0.9706 -0.1983 0.1362
vn 0.2072 -0.9025 0.3775
vn 0.6165 -0.7249 0.3073
vn 0.7739 -0.5831 0.2471
vn 0.9704 -0.2159 0.1084
vn 0.1951 -0.9417 0.2742
vn 0.6103 -0.7598 0.2242
vn 0.7702 -0.6116 0.1811
vn 0.9701 -0.2285 0.0817
vn 0.1844 -0.9657 0.1831
vn 0.6048 -0.7821 0.1503
vn 0.7668 -0.6304 0.1211
vn 0.9699 -0.2368 0.0574
vn 0.2019 -0.7270 0.6563
vn 0.4899 -0.6341 0.5983
vn 0.5197 -0.4804 0.7065
vn 0.9697 -0.2417 0.0363
vn -1.0000 -0.0000 -0.0000
vn 1.0000 -0.0000 -0.0000
vn 0.1862 -0.6049 -0.7743
vn 0.2033 -0.1595 -0.9660
vn 0.1438 -0.1991 -0.9694
vn 0.0318 -0.3483 -0.9368
vn 0.2320 -0.1118 -0.9663
vn 0.2398 -0.0681 -0.9684
vn 0.2259 -0.0620 -0.9722
vn 0.1029 0.1819 -0.9779
vn 0.0868 0.1889 -0.9782
vn 0.0861 0.2107 -0.9737
vn 0.1006 0.2474 -0.9637
vn 0.0184 0.3454 -0.9383
vn 0.2117 0.5783 -0.7879
vn 0.0732 0.4035 -0.9121
vn 0.1358 0.9763 0.1686
vn 0.2652 0.7788 0.5685
vn 0.2262 0.8431 0.4878
vn 0.1226 0.8443 0.5216
vn 0.0042 0.9134 0.4071
vn 0.1493 -0.9722 0.1802
vn 0.0361 -0.9336 0.3564
vn 0.0027 -0.9060 0.4233
vn 0.0732 -0.8962 0.4376
vn 0.0649 -0.8923 0.4468
vn 0.1101 -0.7949 0.5967
vn 0.2910 -0.9564 -0.0239
vn 0.2910 -0.9495 -0.1176
vn -0.0357 -0.9924 -0.1180
vn -0.0352 -0.9991 -0.0250
vn 0.2910 -0.9334 -0.2100
vn -0.0373 -0.9770 -0.2101
vn 0.2910 -0.9083 -0.3005
vn -0.0398 -0.9529 -0.3006
vn 0.2910 -0.8745 -0.3881
vn -0.0431 -0.9202 -0.3890
vn 0.2910 -0.8322 -0.4719
vn -0.0473 -0.8790 -0.4744
vn 0.2910 -0.7819 -0.5513
vn -0.0520 -0.8294 -0.5562
vn 0.2910 -0.7241 -0.6252
vn -0.0572 -0.7717 -0.6334
vn 0.2910 -0.6594 -0.6932
vn -0.0627 -0.7061 -0.7053
vn 0.2910 -0.5883 -0.7545
vn -0.0681 -0.6330 -0.7711
vn 0.2910 -0.5115 -0.8085
vn -0.0734 -0.5531 -0.8299
vn 0.2910 -0.4298 -0.8548
vn -0.0784 -0.4669 -0.8808
vn 0.2910 -0.3439 -0.8928
vn -0.0827 -0.3753 -0.9232
vn 0.2910 -0.2547 -0.9222
vn -0.0863 -0.2792 -0.9564
vn 0.2910 -0.1631 -0.9427
vn -0.0889 -0.1796 -0.9797
vn 0.2910 -0.0699 -0.9542
vn -0.0906 -0.0779 -0.9928
vn 0.2910 0.0239 -0.9564
vn -0.0911 0.0249 -0.9955
vn 0.2910 0.1176 -0.9495
vn -0.0905 0.1274 -0.9877
vn 0.2910 0.2100 -0.9334
vn -0.0888 0.2284 -0.9695
vn 0.2910 0.3005 -0.9083
vn -0.0861 0.3266 -0.9412
vn 0.2910 0.3881 -0.8745
vn -0.0825 0.4209 -0.9033
vn 0.2910 0.4720 -0.8322
vn -0.0781 0.5103 -0.8564
vn 0.2910 0.5512 -0.7820
vn -0.0732 0.5939 -0.8012
vn 0.2910 0.6252 -0.7242
vn -0.0679 0.6708 -0.7385
vn 0.2910 0.6932 -0.6594
vn -0.0624 0.7405 -0.6692
vn 0.2910 0.7545 -0.5883
vn -0.0569 0.8024 -0.5941
vn 0.2910 0.8085 -0.5115
vn -0.0518 0.8562 -0.5140
vn 0.2910 0.8548 -0.4298
vn -0.0471 0.9017 -0.4299
vn 0.2910 0.8928 -0.3439
vn -0.0430 0.9385 -0.3425
vn 0.2910 0.9222 -0.2547
vn -0.0396 0.9667 -0.2526
vn 0.2910 0.9427 -0.1631
vn -0.0372 0.9863 -0.1610
vn 0.2910 0.9542 -0.0699
vn -0.0357 0.9970 -0.0682
vn 0.2910 0.9564 0.0239
vn -0.0352 0.9991 0.0250
vn 0.2910 0.9495 0.1176
vn -0.0357 0.9924 0.1180
vn 0.2910 0.9334 0.2101
vn -0.0373 0.9770 0.2101
vn 0.2910 0.9083 0.3005
vn -0.0398 0.9529 0.3006
vn 0.2910 0.8745 0.3881
vn -0.0431 0.9202 0.3890
vn 0.2910 0.8322 0.4719
vn -0.0473 0.8790 0.4744
vn 0.2910 0.7820 0.5513
vn -0.0520 0.8294 0.5562
vn 0.2910 0.7241 0.6252
vn -0.0572 0.7717 0.6334
vn 0.2910 0.6594 0.6932
vn -0.0627 0.7061 0.7053
vn 0.2910 0.5883 0.7545
vn -0.0681 0.6330 0.7711
vn 0.2910 0.5115 0.8085
vn -0.0734 0.5531 0.8299
vn 0.2910 0.4298 0.8548
vn -0.0784 0.4669 0.8808
vn 0.2910 0.3439 0.8928
vn -0.0827 0.3753 0.9232
vn 0.2910 0.2547 0.9222
vn -0.0863 0.2792 0.9564
vn 0.2910 0.1631 0.9427
vn -0.0889 0.1796 0.9797
vn 0.2910 0.0699 0.9542
vn -0.0906 0.0779 0.9928
vn 0.2910 -0.0239 0.9564
vn -0.0911 -0.0249 0.9955
vn 0.2910 -0.1176 0.9495
vn -0.0905 -0.1274 0.9877
vn 0.2910 -0.2101 0.9334
vn -0.0888 -0.2284 0.9695
vn 0.2910 -0.3005 0.9083
vn -0.0861 -0.3266 0.9412
vn 0.2910 -0.3881 0.8745
vn -0.0825 -0.4209 0.9033
vn 0.2910 -0.4720 0.8322
vn -0.0781 -0.5103 0.8564
vn 0.2910 -0.5512 0.7819
vn -0.0732 -0.5939 0.8012
vn 0.2910 -0.6252 0.7242
vn -0.0679 -0.6708 0.7385
vn 0.2910 -0.6932 0.6594
vn -0.0624 -0.7405 0.6692
vn 0.2910 -0.7545 0.5883
vn -0.0569 -0.8024 0.5941
vn 0.2910 -0.8085 0.5115
vn -0.0518 -0.8562 0.5140
vn 0.2910 -0.8548 0.4298
vn -0.0471 -0.9017 0.4299
vn 0.2910 -0.8928 0.3439
vn -0.0430 -0.9385 0.3425
vn 0.2910 -0.9222 0.2547
vn -0.0396 -0.9667 0.2526
vn 0.2910 -0.9427 0.1631
vn -0.0372 -0.9863 0.1610
vn 0.2910 -0.9542 0.0699
vn -0.0357 -0.9970 0.0682
vn 0.5005 -0.8655 -0.0216
vn 0.5005 -0.8634 0.0633
vn 0.0584 -0.9965 0.0599
vn 0.0584 -0.9982 -0.0118
vn -0.4929 -0.8698 0.0210
vn -0.9663 -0.2575 0.0062
vn -0.9663 -0.2556 0.0314
vn -0.4929 -0.8636 0.1061
vn 0.2761 -0.9471 0.1639
vn 0.5005 -0.8531 0.1476
vn -0.9663 -0.2513 0.0563
vn -0.4930 -0.8490 0.1902
vn 0.2761 -0.9264 0.2559
vn 0.5005 -0.8345 0.2305
vn -0.9663 -0.2446 0.0807
vn -0.4930 -0.8263 0.2725
vn 0.2761 -0.8969 0.3455
vn 0.5005 -0.8079 0.3112
vn -0.9663 -0.2355 0.1043
vn -0.4929 -0.7956 0.3522
vn 0.2761 -0.8587 0.4317
vn 0.5005 -0.7735 0.3889
vn -0.9663 -0.2241 0.1268
vn -0.4930 -0.7572 0.4285
vn 0.2761 -0.8123 0.5138
vn 0.5005 -0.7317 0.4628
vn -0.9663 -0.2107 0.1482
vn -0.4930 -0.7116 0.5006
vn 0.2760 -0.7580 0.5910
vn 0.5005 -0.6827 0.5323
vn -0.9663 -0.1951 0.1681
vn -0.4929 -0.6591 0.5680
vn 0.2760 -0.6964 0.6624
vn 0.5005 -0.6273 0.5967
vn -0.9663 -0.1777 0.1864
vn -0.4930 -0.6002 0.6298
vn 0.2760 -0.6281 0.7275
vn 0.5005 -0.5658 0.6553
vn -0.9663 -0.1586 0.2030
vn -0.4930 -0.5356 0.6857
vn 0.2759 -0.5538 0.7856
vn 0.5005 -0.4988 0.7076
vn -0.9663 -0.1379 0.2176
vn -0.4930 -0.4658 0.7348
vn 0.2761 -0.4741 0.8361
vn 0.5005 -0.4271 0.7531
vn -0.9663 -0.1159 0.2300
vn -0.4930 -0.3915 0.7769
vn 0.2761 -0.3899 0.8785
vn 0.5005 -0.3512 0.7913
vn -0.9663 -0.0928 0.2403
vn -0.4930 -0.3135 0.8116
vn 0.2761 -0.3019 0.9125
vn 0.5005 -0.2719 0.8219
vn -0.9663 -0.0688 0.2482
vn -0.4929 -0.2325 0.8384
vn 0.2762 -0.2110 0.9377
vn 0.5005 -0.1901 0.8446
vn -0.9663 -0.0441 0.2538
vn -0.4931 -0.1491 0.8571
vn 0.2761 -0.1181 0.9538
vn 0.5005 -0.1064 0.8592
vn -0.9663 -0.0191 0.2569
vn -0.4930 -0.0644 0.8676
vn 0.2760 -0.0240 0.9609
vn 0.5005 -0.0216 0.8655
vn -0.9663 0.0062 0.2575
vn -0.4930 0.0210 0.8698
vn 0.2761 0.0703 0.9586
vn 0.5005 0.0633 0.8634
vn -0.9663 0.0314 0.2556
vn -0.4931 0.1061 0.8635
vn 0.2762 0.1639 0.9470
vn 0.5005 0.1476 0.8531
vn -0.9663 0.0563 0.2513
vn -0.4929 0.1903 0.8490
vn 0.2761 0.2559 0.9264
vn 0.5005 0.2305 0.8345
vn -0.9663 0.0807 0.2446
vn -0.4930 0.2725 0.8262
vn 0.2761 0.3455 0.8969
vn 0.5005 0.3112 0.8079
vn -0.9663 0.1043 0.2355
vn -0.4930 0.3522 0.7955
vn 0.2761 0.4318 0.8587
vn 0.5005 0.3889 0.7735
vn -0.9663 0.1269 0.2242
vn -0.4930 0.4285 0.7572
vn 0.2759 0.5139 0.8123
vn 0.5005 0.4629 0.7316
vn -0.9663 0.1482 0.2107
vn -0.4930 0.5006 0.7116
vn 0.2760 0.5910 0.7580
vn 0.5005 0.5323 0.6828
vn -0.9663 0.1681 0.1951
vn -0.4930 0.5680 0.6591
vn 0.2760 0.6624 0.6964
vn 0.5005 0.5967 0.6273
vn -0.9663 0.1865 0.1777
vn -0.4929 0.6299 0.6002
vn 0.2760 0.7275 0.6281
vn 0.5005 0.6553 0.5658
vn -0.9663 0.2030 0.1586
vn -0.4930 0.6857 0.5356
vn 0.2761 0.7856 0.5538
vn 0.5005 0.7076 0.4988
vn -0.9663 0.2175 0.1379
vn -0.4930 0.7348 0.4658
vn 0.2761 0.8361 0.4741
vn 0.5005 0.7531 0.4271
vn -0.9663 0.2300 0.1159
vn -0.4929 0.7770 0.3915
vn 0.2761 0.8785 0.3899
vn 0.5005 0.7913 0.3512
vn -0.9663 0.2403 0.0928
vn -0.4929 0.8116 0.3135
vn 0.2761 0.9125 0.3019
vn 0.5005 0.8219 0.2719
vn -0.9663 0.2482 0.0688
vn -0.4930 0.8384 0.2324
vn 0.2761 0.9377 0.2110
vn 0.5005 0.8446 0.1901
vn -0.9663 0.2538 0.0441
vn -0.4929 0.8572 0.1491
vn 0.2761 0.9539 0.1181
vn 0.5005 0.8592 0.1064
vn -0.9663 0.2569 0.0191
vn -0.4929 0.8677 0.0644
vn 0.2761 0.9608 0.0240
vn 0.5005 0.8655 0.0216
vn -0.9663 0.2575 -0.0062
vn -0.4929 0.8698 -0.0210
vn 0.2761 0.9586 -0.0703
vn 0.5005 0.8634 -0.0633
vn -0.9663 0.2556 -0.0314
vn -0.4929 0.8636 -0.1061
vn 0.2761 0.9471 -0.1639
vn 0.5005 0.8531 -0.1476
vn -0.9663 0.2513 -0.0563
vn -0.4929 0.8490 -0.1902
vn 0.2761 0.9264 -0.2559
vn 0.5005 0.8345 -0.2305
vn -0.9663 0.2446 -0.0807
vn -0.4930 0.8263 -0.2725
vn 0.2761 0.8969 -0.3455
vn 0.5005 0.8079 -0.3112
vn -0.9663 0.2355 -0.1043
vn -0.4930 0.7955 -0.3522
vn 0.2761 0.8587 -0.4317
vn 0.5005 0.7735 -0.3889
vn -0.9663 0.2242 -0.1268
vn -0.4930 0.7572 -0.4285
vn 0.2761 0.8122 -0.5138
vn 0.5005 0.7316 -0.4629
vn -0.9663 0.2106 -0.1482
vn -0.4929 0.7116 -0.5007
vn 0.2761 0.7580 -0.5910
vn 0.5005 0.6828 -0.5323
vn -0.9663 0.1951 -0.1681
vn -0.4930 0.6591 -0.5680
vn 0.2761 0.6964 -0.6624
vn 0.5005 0.6273 -0.5967
vn -0.9663 0.1777 -0.1865
vn -0.4930 0.6002 -0.6299
vn 0.2761 0.6281 -0.7275
vn 0.5005 0.5658 -0.6553
vn -0.9663 0.1585 -0.2030
vn -0.4929 0.5356 -0.6857
vn 0.2762 0.5538 -0.7855
vn 0.5005 0.4988 -0.7076
vn -0.9663 0.1379 -0.2175
vn -0.4930 0.4658 -0.7348
vn 0.2761 0.4741 -0.8360
vn 0.5005 0.4271 -0.7531
vn -0.9663 0.1159 -0.2300
vn -0.4930 0.3915 -0.7770
vn 0.2761 0.3899 -0.8785
vn 0.5005 0.3512 -0.7913
vn -0.9663 0.0928 -0.2402
vn -0.4929 0.3135 -0.8116
vn 0.2761 0.3019 -0.9125
vn 0.5005 0.2719 -0.8219
vn -0.9663 0.0688 -0.2482
vn -0.4930 0.2324 -0.8384
vn 0.2760 0.2110 -0.9377
vn 0.5005 0.1901 -0.8446
vn -0.9663 0.0441 -0.2537
vn -0.4928 0.1492 -0.8572
vn 0.2760 0.1181 -0.9539
vn 0.5005 0.1064 -0.8592
vn -0.9663 0.0191 -0.2568
vn -0.4928 0.0644 -0.8677
vn 0.2761 0.0240 -0.9608
vn 0.5005 0.0216 -0.8655
vn -0.9663 -0.0062 -0.2574
vn -0.4928 -0.0210 -0.8699
vn 0.2760 -0.0703 -0.9586
vn 0.5005 -0.0633 -0.8634
vn -0.9663 -0.0314 -0.2556
vn -0.4929 -0.1061 -0.8636
vn 0.2760 -0.1639 -0.9471
vn 0.5005 -0.1476 -0.8531
vn -0.9663 -0.0563 -0.2513
vn -0.4929 -0.1902 -0.8490
vn 0.2761 -0.2559 -0.9264
vn 0.5005 -0.2305 -0.8345
vn -0.9663 -0.0807 -0.2446
vn -0.4929 -0.2726 -0.8263
vn 0.2761 -0.3455 -0.8969
vn 0.5005 -0.3112 -0.8079
vn -0.9663 -0.1043 -0.2355
vn -0.4930 -0.3522 -0.7956
vn 0.2761 -0.4317 -0.8587
vn 0.5005 -0.3889 -0.7735
vn -0.9663 -0.1269 -0.2242
vn -0.4930 -0.4285 -0.7572
vn 0.2762 -0.5138 -0.8122
vn 0.5005 -0.4629 -0.7316
vn -0.9663 -0.1482 -0.2106
vn -0.4929 -0.5007 -0.7116
vn 0.2761 -0.5910 -0.7580
vn 0.5005 -0.5323 -0.6828
vn -0.9663 -0.1681 -0.1951
vn -0.4930 -0.5680 -0.6591
vn 0.2761 -0.6624 -0.6964
vn 0.5005 -0.5967 -0.6273
vn -0.9663 -0.1864 -0.1777
vn -0.4929 -0.6299 -0.6002
vn 0.2761 -0.7275 -0.6281
vn 0.5005 -0.6553 -0.5658
vn -0.9663 -0.2030 -0.1585
vn -0.4930 -0.6857 -0.5356
vn 0.2761 -0.7856 -0.5538
vn 0.5005 -0.7076 -0.4988
vn -0.9663 -0.2175 -0.1379
vn -0.4930 -0.7349 -0.4658
vn 0.2761 -0.8361 -0.4741
vn 0.5005 -0.7531 -0.4271
vn -0.9663 -0.2300 -0.1159
vn -0.4930 -0.7769 -0.3915
vn 0.2761 -0.8785 -0.3899
vn 0.5005 -0.7913 -0.3512
vn -0.9663 -0.2403 -0.0928
vn -0.4930 -0.8116 -0.3135
vn 0.2761 -0.9125 -0.3019
vn 0.5005 -0.8219 -0.2720
vn -0.9663 -0.2482 -0.0688
vn -0.4929 -0.8385 -0.2324
vn 0.2761 -0.9377 -0.2110
vn 0.5005 -0.8446 -0.1901
vn -0.9663 -0.2538 -0.0441
vn -0.4929 -0.8572 -0.1491
vn 0.2761 -0.9539 -0.1181
vn 0.5005 -0.8592 -0.1064
vn -0.9663 -0.2569 -0.0191
vn -0.4929 -0.8677 -0.0644
vn -0.2107 -0.9748 -0.0726
vn -0.2216 -0.9719 0.0796
vn -0.2215 -0.9698 -0.1019
vn -0.2237 -0.9556 -0.1918
vn -0.2212 -0.9641 -0.1471
vn -0.2276 -0.9326 -0.2801
vn -0.2250 -0.9454 -0.2359
vn -0.2328 -0.9010 -0.3661
vn -0.2302 -0.9180 -0.3228
vn -0.2392 -0.8608 -0.4492
vn -0.2366 -0.8822 -0.4071
vn -0.2465 -0.8124 -0.5284
vn -0.2439 -0.8380 -0.4881
vn -0.2546 -0.7560 -0.6030
vn -0.2520 -0.7857 -0.5650
vn -0.2629 -0.6921 -0.6723
vn -0.2603 -0.7257 -0.6369
vn -0.2712 -0.6210 -0.7354
vn -0.2687 -0.6584 -0.7031
vn -0.2792 -0.5436 -0.7916
vn -0.2767 -0.5842 -0.7630
vn -0.2866 -0.4604 -0.8402
vn -0.2842 -0.5040 -0.8156
vn -0.2931 -0.3723 -0.8806
vn -0.2906 -0.4183 -0.8606
vn -0.2983 -0.2802 -0.9124
vn -0.2959 -0.3281 -0.8971
vn -0.3023 -0.1851 -0.9351
vn -0.2999 -0.2342 -0.9248
vn -0.3047 -0.0880 -0.9484
vn -0.3024 -0.1377 -0.9432
vn -0.3058 0.0101 -0.9520
vn -0.3048 0.1079 -0.9463
vn -0.3003 0.1572 -0.9408
vn -0.3027 0.2048 -0.9308
vn -0.2965 0.2537 -0.9207
vn -0.2989 0.2994 -0.9061
vn -0.2913 0.3475 -0.8913
vn -0.2938 0.3907 -0.8724
vn -0.2849 0.4374 -0.8529
vn -0.2874 0.4780 -0.8300
vn -0.2776 0.5226 -0.8061
vn -0.2802 0.5602 -0.7796
vn -0.2697 0.6022 -0.7514
vn -0.2723 0.6365 -0.7216
vn -0.2614 0.6754 -0.6895
vn -0.2639 0.7063 -0.6569
vn -0.2531 0.7416 -0.6213
vn -0.2556 0.7688 -0.5862
vn -0.2450 0.8001 -0.5476
vn -0.2475 0.8237 -0.5102
vn -0.2376 0.8506 -0.4690
vn -0.2401 0.8704 -0.4298
vn -0.2311 0.8928 -0.3866
vn -0.2336 0.9088 -0.3457
vn -0.2258 0.9265 -0.3011
vn -0.2282 0.9386 -0.2588
vn -0.2217 0.9515 -0.2132
vn -0.2241 0.9596 -0.1699
vn -0.2191 0.9678 -0.1238
vn -0.2216 0.9719 -0.0796
vn -0.2205 0.9753 0.0111
vn -0.2215 0.9698 0.1019
vn -0.2237 0.9556 0.1918
vn -0.2212 0.9641 0.1471
vn -0.2276 0.9326 0.2801
vn -0.2250 0.9454 0.2359
vn -0.2328 0.9010 0.3661
vn -0.2302 0.9180 0.3228
vn -0.2392 0.8608 0.4492
vn -0.2366 0.8822 0.4071
vn -0.2465 0.8124 0.5284
vn -0.2439 0.8380 0.4881
vn -0.2546 0.7560 0.6030
vn -0.2520 0.7857 0.5650
vn -0.2629 0.6921 0.6723
vn -0.2603 0.7257 0.6369
vn -0.2712 0.6210 0.7354
vn -0.2687 0.6584 0.7031
vn -0.2792 0.5436 0.7916
vn -0.2767 0.5842 0.7630
vn -0.2865 0.4604 0.8402
vn -0.2840 0.5040 0.8157
vn -0.2930 0.3723 0.8807
vn -0.2906 0.4183 0.8606
vn -0.2983 0.2802 0.9124
vn -0.2959 0.3281 0.8971
vn -0.3023 0.1851 0.9351
vn -0.2999 0.2342 0.9248
vn -0.3047 0.0880 0.9484
vn -0.3024 0.1377 0.9432
vn -0.3058 -0.0101 0.9520
vn -0.3048 -0.1079 0.9463
vn -0.3002 -0.1572 0.9408
vn -0.3026 -0.2048 0.9308
vn -0.2964 -0.2537 0.9207
vn -0.2989 -0.2994 0.9061
vn -0.2913 -0.3475 0.8913
vn -0.2937 -0.3907 0.8724
vn -0.2848 -0.4374 0.8530
vn -0.2873 -0.4780 0.8300
vn -0.2776 -0.5226 0.8061
vn -0.2802 -0.5602 0.7796
vn -0.2697 -0.6022 0.7514
vn -0.2723 -0.6365 0.7216
vn -0.2614 -0.6754 0.6895
vn -0.2640 -0.7062 0.6569
vn -0.2531 -0.7415 0.6213
vn -0.2556 -0.7688 0.5862
vn -0.2450 -0.8001 0.5476
vn -0.2475 -0.8237 0.5102
vn -0.2376 -0.8506 0.4690
vn -0.2401 -0.8704 0.4298
vn -0.2311 -0.8928 0.3866
vn -0.2336 -0.9088 0.3457
vn -0.2258 -0.9265 0.3011
vn -0.2282 -0.9386 0.2588
vn -0.2217 -0.9515 0.2132
vn -0.2241 -0.9596 0.1699
vn -0.2191 -0.9678 0.1238
vn 0.1102 -0.9936 -0.0248
vn 0.1143 -0.9922 -0.0501
vn 0.1548 -0.9865 -0.0534
vn 0.1401 -0.9898 -0.0248
vn 0.1388 -0.9759 -0.1686
vn 0.2295 -0.9553 -0.1866
vn 0.1752 -0.9258 -0.3350
vn 0.3280 -0.8729 -0.3612
vn 0.2220 -0.8009 -0.5561
vn 0.4367 -0.7029 -0.5615
vn 0.2632 -0.5697 -0.7786
vn 0.5164 -0.4581 -0.7235
vn 0.2797 -0.2855 -0.9166
vn 0.5489 -0.2161 -0.8075
vn 0.2748 -0.0310 -0.9610
vn 0.5508 -0.0212 -0.8343
vn 0.2722 0.0242 -0.9619
vn 0.5491 0.0209 -0.8355
vn 0.2709 0.0807 -0.9592
vn 0.5483 0.0630 -0.8339
vn 0.2574 0.3376 -0.9054
vn 0.5344 0.2590 -0.8046
vn 0.2194 0.6203 -0.7530
vn 0.4853 0.5041 -0.7144
vn 0.1598 0.8415 -0.5161
vn 0.3846 0.7492 -0.5393
vn 0.1027 0.9524 -0.2871
vn 0.2578 0.9101 -0.3244
vn 0.0623 0.9910 -0.1183
vn 0.1492 0.9787 -0.1408
vn 0.0364 0.9993 0.0002
vn 0.0704 0.9975 -0.0040
vn 0.0322 0.9992 0.0250
vn 0.0552 0.9982 0.0250
vn 0.0320 0.9982 0.0498
vn 0.0454 0.9975 0.0539
vn 0.0373 0.9851 0.1679
vn 0.0060 0.9814 0.1917
vn 0.0486 0.9407 0.3357
vn -0.0445 0.9231 0.3820
vn 0.0667 0.8233 0.5637
vn -0.1065 0.7770 0.6205
vn 0.0870 0.5930 0.8005
vn -0.1631 0.5279 0.8335
vn 0.1007 0.2977 0.9493
vn -0.1955 0.2536 0.9474
vn 0.1063 0.0319 0.9938
vn -0.2056 0.0248 0.9783
vn 0.1075 -0.0249 0.9939
vn -0.2054 -0.0245 0.9784
vn 0.1110 -0.0817 0.9905
vn -0.2015 -0.0738 0.9767
vn 0.1260 -0.3421 0.9312
vn -0.1723 -0.3019 0.9376
vn 0.1352 -0.6246 0.7691
vn -0.1166 -0.5727 0.8114
vn 0.1327 -0.8415 0.5237
vn -0.0384 -0.8110 0.5838
vn 0.1233 -0.9489 0.2905
vn 0.0359 -0.9414 0.3355
vn 0.1148 -0.9861 0.1199
vn 0.0906 -0.9857 0.1418
vn 0.1101 -0.9939 0.0004
vn 0.1304 -0.9914 0.0040
vn 0.2345 -0.9703 -0.0589
vn 0.1998 -0.9795 -0.0245
vn 0.7654 -0.1344 -0.6294
vn 0.7454 -0.3040 -0.5933
vn 0.7661 -0.0103 -0.6427
vn 0.7649 0.0161 -0.6439
vn 0.7640 0.0426 -0.6439
vn 0.7530 0.1694 -0.6359
vn 0.0484 0.9988 -0.0106
vn 0.2295 0.9575 -0.1744
vn 0.0110 0.9996 0.0250
vn -0.0192 0.9980 0.0606
vn -0.1499 0.9626 0.2256
vn 0.1709 -0.9852 0.0105
vn 0.0372 -0.9831 0.1791
vn 0.9166 -0.0575 -0.3957
vn 0.9125 -0.1384 -0.3850
vn 0.9160 -0.0017 -0.4011
vn 0.9156 0.0103 -0.4020
vn 0.9152 0.0219 -0.4025
vn 0.9116 0.0793 -0.4034
vn 0.2980 -0.9327 -0.2029
vn 0.4691 -0.8439 -0.2604
vn 0.3215 -0.9360 -0.1433
vn 0.5931 -0.7644 -0.2530
vn 0.6983 -0.6819 -0.2176
vn 0.8943 -0.2628 -0.3622
vn 0.7734 -0.4826 -0.4109
vn 0.7201 -0.4106 -0.5593
vn 0.6706 -0.5611 -0.4852
vn 0.5520 -0.6193 -0.5583
vn 0.5899 0.4285 -0.6844
vn 0.6984 0.4050 -0.5901
vn 0.7386 0.2549 -0.6241
vn 0.7954 0.3477 -0.4964
vn 0.9003 0.1675 -0.4017
vn 0.7582 0.5524 -0.3464
vn 0.6151 0.6904 -0.3807
vn 0.3384 0.9008 -0.2720
vn 0.4994 0.7660 -0.4048
vn 0.3254 0.8763 -0.3552
vn -0.1844 0.8913 0.4143
vn -0.3115 0.8516 0.4217
vn -0.2291 0.9166 0.3276
vn -0.4320 0.8091 0.3984
vn -0.6781 0.6024 0.4211
vn -0.4835 -0.7416 0.4650
vn -0.2185 -0.8853 0.4104
vn -0.0521 -0.9560 0.2887
vn -0.1471 -0.8970 0.4168
vn -0.0565 -0.9253 0.3751
vn -0.9645 0.2004 0.1722
vn -0.6674 0.5650 0.4852
vn 0.0898 0.8358 0.5417
vn -0.1782 0.8219 0.5410
vn -0.9652 0.2381 0.1080
vn -0.6851 0.6633 0.3010
vn -0.2153 0.9212 0.3241
vn 0.0476 0.9461 0.3204
vn -0.9657 0.2527 0.0592
vn -0.6975 0.6977 0.1635
vn -0.2402 0.9561 0.1679
vn 0.0195 0.9869 0.1604
vn -0.9660 0.2571 0.0272
vn -0.7046 0.7057 0.0747
vn -0.2543 0.9646 0.0694
vn 0.0023 0.9988 0.0484
vn -0.9661 0.2579 0.0083
vn -0.7080 0.7058 0.0226
vn -0.2594 0.9655 0.0244
vn -0.0003 0.9997 0.0250
vn -0.9661 0.2580 0.0046
vn -0.7081 0.7060 0.0127
vn -0.2583 0.9659 -0.0189
vn -0.0000 1.0000 0.0015
vn -0.9660 0.2580 -0.0143
vn -0.7070 0.7062 -0.0392
vn -0.2533 0.9604 -0.1158
vn 0.0059 0.9938 -0.1109
vn -0.9659 0.2549 -0.0464
vn -0.7043 0.6984 -0.1272
vn -0.2429 0.9316 -0.2704
vn 0.0180 0.9619 -0.2730
vn -0.9657 0.2416 -0.0954
vn -0.6985 0.6656 -0.2628
vn -0.2268 0.8430 -0.4877
vn 0.0379 0.8648 -0.5007
vn -0.9653 0.2065 -0.1601
vn -0.6905 0.5716 -0.4433
vn -0.2063 0.6535 -0.7282
vn 0.0632 0.6554 -0.7526
vn -0.9648 0.1411 -0.2218
vn -0.6810 0.3929 -0.6179
vn -0.1861 0.3872 -0.9030
vn 0.0844 0.3646 -0.9273
vn -0.9645 0.0663 -0.2556
vn -0.6755 0.1852 -0.7138
vn -0.1729 0.1446 -0.9743
vn 0.0966 0.0868 -0.9915
vn -0.9644 0.0120 -0.2640
vn -0.6717 0.0336 -0.7401
vn 0.4292 -0.8190 -0.3808
vn 0.5948 -0.7057 -0.3848
vn 0.6925 -0.6352 -0.3419
vn 0.8377 -0.4474 -0.3132
vn 0.4844 0.6783 -0.5525
vn 0.6384 0.5629 -0.5250
vn 0.7313 0.5015 -0.4623
vn 0.8655 0.3142 -0.3902
vn -0.2999 0.7086 0.6387
vn -0.4848 0.6081 0.6287
vn -0.6128 0.5498 0.5676
vn -0.7858 0.3635 0.5003
vn -0.3850 0.4502 0.8057
vn -0.5663 0.3666 0.7382
vn -0.6905 0.3216 0.6479
vn -0.8235 0.1921 0.5338
vn -0.4231 0.2066 0.8822
vn -0.5960 0.1704 0.7847
vn -0.7163 0.1478 0.6820
vn -0.8330 0.0796 0.5475
vn -0.4312 0.0177 0.9021
vn -0.6005 0.0391 0.7987
vn -0.7197 0.0339 0.6935
vn -0.8328 0.0024 0.5536
vn -0.4303 -0.0226 0.9024
vn -0.5978 -0.0201 0.8014
vn -0.7170 -0.0174 0.6969
vn -0.8320 -0.0139 0.5546
vn -0.4266 -0.0629 0.9023
vn -0.5928 -0.0800 0.8014
vn -0.7126 -0.0695 0.6981
vn -0.8306 -0.0302 0.5561
vn -0.3957 -0.2538 0.8826
vn -0.5692 -0.2156 0.7934
vn -0.6917 -0.1890 0.6970
vn -0.8196 -0.1107 0.5621
vn -0.3256 -0.5018 0.8013
vn -0.5049 -0.4242 0.7518
vn -0.6309 -0.3814 0.6757
vn -0.7905 -0.2360 0.5652
vn -0.2017 -0.7594 0.6186
vn -0.3662 -0.6811 0.6340
vn -0.4842 -0.6414 0.5951
vn -0.7074 -0.4436 0.5503
vn 0.3638 -0.9312 -0.0233
vn 0.4420 -0.8945 -0.0672
vn 0.8126 -0.5764 -0.0856
vn 0.7357 -0.6771 -0.0139
vn 0.9009 -0.4308 -0.0528
vn 0.8855 -0.4641 -0.0243
vn 0.9860 -0.1668 -0.0088
vn 0.6987 -0.6815 -0.2175
vn 0.9002 -0.3881 -0.1974
vn 0.9411 -0.3048 -0.1461
vn 0.9889 -0.1407 -0.0484
vn 0.8380 -0.4468 -0.3131
vn 0.8739 -0.3452 -0.3423
vn 0.8738 -0.3452 -0.3424
vn 0.9912 -0.0999 -0.0867
vn 0.8657 0.3137 -0.3900
vn 0.7586 0.5519 -0.3463
vn 0.9247 0.2662 -0.2722
vn 0.8878 0.2320 -0.3974
vn 0.9544 0.2124 -0.2098
vn 0.8877 0.2321 -0.3976
vn 0.9924 0.0655 -0.1039
vn 0.4822 0.8468 -0.2244
vn 0.8534 0.4787 -0.2062
vn 0.9222 0.3590 -0.1437
vn 0.9909 0.1063 -0.0827
vn 0.0489 0.9985 -0.0249
vn 0.6889 0.7217 -0.0672
vn 0.8540 0.5193 -0.0326
vn 0.9878 0.1493 -0.0431
vn -0.0538 0.9982 0.0250
vn 0.5915 0.8059 0.0256
vn 0.8152 0.5788 0.0231
vn 0.9842 0.1769 -0.0004
vn -0.1383 0.9876 0.0742
vn 0.3958 0.8953 0.2042
vn 0.7314 0.6574 0.1813
vn 0.9836 0.1802 0.0095
vn -0.4532 0.8492 0.2711
vn 0.1077 0.8555 0.5064
vn 0.5294 0.6859 0.4992
vn 0.9816 0.1804 0.0621
vn -0.6783 0.6021 0.4212
vn -0.1369 0.6388 0.7571
vn 0.2997 0.5416 0.7854
vn 0.9791 0.1537 0.1329
vn -0.7861 0.3629 0.5004
vn -0.2803 0.3798 0.8816
vn 0.1760 0.3440 0.9223
vn 0.9775 0.1036 0.1837
vn -0.8236 0.1917 0.5338
vn -0.3248 0.1927 0.9260
vn 0.1391 0.1864 0.9726
vn 0.9773 0.0576 0.2038
vn -0.8331 0.0794 0.5475
vn -0.3284 0.0760 0.9415
vn 0.1410 0.0776 0.9870
vn 0.9776 0.0265 0.2088
vn -0.8329 0.0023 0.5535
vn -0.3225 0.0063 0.9466
vn 0.1526 0.0081 0.9883
vn 0.9779 0.0071 0.2089
vn -0.8321 -0.0139 0.5545
vn -0.3230 -0.0239 0.9461
vn 0.1546 -0.0240 0.9877
vn 0.9780 -0.0041 0.2085
vn -0.8306 -0.0302 0.5560
vn -0.3201 -0.0559 0.9457
vn 0.1517 -0.0506 0.9871
vn 0.9778 -0.0063 0.2093
vn -0.8197 -0.1105 0.5621
vn -0.3091 -0.1273 0.9425
vn 0.1597 -0.1153 0.9804
vn 0.9775 -0.0177 0.2102
vn -0.7906 -0.2355 0.5652
vn -0.2740 -0.2467 0.9296
vn 0.1862 -0.2175 0.9581
vn 0.9771 -0.0373 0.2095
vn -0.7078 -0.4428 0.5504
vn -0.1762 -0.4341 0.8835
vn 0.2695 -0.3649 0.8912
vn 0.9771 -0.0683 0.2016
vn -0.4836 -0.7414 0.4652
vn 0.0252 -0.6707 0.7413
vn 0.4480 -0.5340 0.7170
vn 0.9777 -0.1121 0.1775
vn -0.0815 -0.9634 0.2553
vn 0.3161 -0.8277 0.4636
vn 0.6786 -0.6142 0.4028
vn 0.9800 -0.1570 0.1222
vn 0.2910 -0.9564 0.0239
vn 0.4238 -0.8800 0.2144
vn 0.8008 -0.5754 0.1662
vn 0.9828 -0.1773 0.0513
vn 0.9851 -0.1723 0.0005
vn 0.8717 -0.4900 0.0014
vn 0.1359 -0.9907 0.0041
vn 0.1580 -0.9862 0.0498
vn 0.1572 -0.9822 -0.1025
vn 0.1600 -0.9659 -0.2035
vn 0.1625 -0.9504 -0.2652
vn 0.1721 -0.9149 -0.3650
vn 0.1715 -0.8746 -0.4534
vn 0.1802 -0.7964 -0.5772
vn 0.1734 -0.7116 -0.6809
vn 0.1752 -0.5887 -0.7892
vn 0.1735 -0.4597 -0.8709
vn 0.1728 -0.3367 -0.9256
vn 0.1682 -0.4452 -0.8795
vn 0.2559 0.1591 0.9535
vn 0.2542 0.0481 0.9659
vn 0.2232 0.0183 0.9746
vn 0.2755 -0.1790 0.9445
vn 0.2628 -0.2637 0.9281
vn 0.2605 -0.3979 0.8797
vn 0.2421 -0.6526 0.7180
vn 0.2497 -0.5239 0.8144
vn 0.2120 -0.8093 0.5478
vn 0.2380 -0.7395 0.6297
vn 0.1969 -0.8894 0.4125
vn 0.1887 -0.9269 0.3246
vn 0.1730 -0.9609 0.2163
vn 0.1661 -0.9736 0.1564
vn 0.8944 -0.2624 -0.3622
vn 0.8736 -0.3455 -0.3427
vn 0.8862 0.2419 -0.3951
vn 0.9004 0.1672 -0.4016
vn 0.0322 -0.9992 -0.0250
vn 0.0364 -0.9981 -0.0497
vn 0.0704 -0.9961 -0.0538
vn 0.0552 -0.9982 -0.0250
vn 0.0623 -0.9839 -0.1677
vn 0.1492 -0.9705 -0.1896
vn 0.1027 -0.9368 -0.3343
vn 0.2578 -0.8928 -0.3694
vn 0.1598 -0.8146 -0.5575
vn 0.3846 -0.7213 -0.5760
vn 0.2194 -0.5819 -0.7831
vn 0.4854 -0.4677 -0.7387
vn 0.2574 -0.2919 -0.9211
vn 0.5344 -0.2185 -0.8165
vn 0.2709 -0.0326 -0.9621
vn 0.5483 -0.0212 -0.8360
vn 0.2722 0.0240 -0.9619
vn 0.2750 0.0789 -0.9582
vn 0.5508 0.0629 -0.8322
vn 0.2803 0.3308 -0.9011
vn 0.5489 0.2561 -0.7957
vn 0.2639 0.6077 -0.7490
vn 0.5164 0.4937 -0.6997
vn 0.2227 0.8276 -0.5153
vn 0.4367 0.7301 -0.5256
vn 0.1757 0.9413 -0.2883
vn 0.3280 0.8899 -0.3171
vn 0.1391 0.9830 -0.1196
vn 0.2295 0.9634 -0.1386
vn 0.1143 0.9934 -0.0005
vn 0.1548 0.9879 -0.0040
vn 0.1102 0.9936 0.0249
vn 0.1401 0.9898 0.0247
vn 0.1101 0.9927 0.0501
vn 0.1304 0.9900 0.0535
vn 0.1146 0.9789 0.1690
vn 0.0906 0.9774 0.1909
vn 0.1228 0.9333 0.3376
vn 0.0359 0.9234 0.3821
vn 0.1320 0.8144 0.5651
vn -0.0384 0.7808 0.6236
vn 0.1345 0.5855 0.7995
vn -0.1166 0.5314 0.8390
vn 0.1255 0.2952 0.9472
vn -0.1723 0.2547 0.9515
vn 0.1108 0.0321 0.9933
vn -0.2015 0.0249 0.9792
vn 0.1075 -0.0248 0.9939
vn 0.1065 -0.0822 0.9909
vn -0.2056 -0.0737 0.9759
vn 0.1009 -0.3453 0.9330
vn -0.1955 -0.3006 0.9335
vn 0.0870 -0.6323 0.7698
vn -0.1631 -0.5689 0.8061
vn 0.0667 -0.8505 0.5218
vn -0.1065 -0.8070 0.5809
vn 0.0486 -0.9563 0.2883
vn -0.0445 -0.9410 0.3354
vn 0.0373 -0.9923 0.1185
vn 0.0060 -0.9898 0.1424
vn 0.0320 -0.9995 -0.0002
vn 0.0454 -0.9990 0.0040
vn 0.0484 -0.9970 -0.0605
vn 0.0110 -0.9996 -0.0250
vn 0.2295 -0.9476 -0.2221
vn 0.7640 -0.0103 -0.6452
vn 0.7530 -0.1374 -0.6436
vn 0.7661 0.0424 -0.6413
vn 0.7654 0.1657 -0.6219
vn 0.7454 0.3333 -0.5773
vn 0.1998 0.9795 0.0245
vn 0.2345 0.9721 -0.0103
vn 0.1709 0.9835 0.0597
vn 0.0372 0.9730 0.2280
vn -0.0192 -0.9998 0.0106
vn -0.1499 -0.9727 0.1772
vn 0.9152 -0.0017 -0.4031
vn 0.9116 -0.0591 -0.4069
vn 0.9156 0.0098 -0.4020
vn 0.9160 0.0218 -0.4005
vn 0.9166 0.0772 -0.3924
vn 0.9124 0.1575 -0.3777
vn 0.3254 -0.8574 -0.3986
vn 0.4996 -0.7447 -0.4425
vn 0.3384 -0.8861 -0.3168
vn 0.6151 -0.6706 -0.4147
vn 0.7582 -0.5344 -0.3736
vn 0.9003 -0.1472 -0.4095
vn 0.7955 -0.3223 -0.5132
vn 0.7386 -0.2234 -0.6361
vn 0.6984 -0.3749 -0.6097
vn 0.5899 -0.3938 -0.7050
vn 0.5520 0.6464 -0.5267
vn 0.6707 0.5846 -0.4565
vn 0.7201 0.4381 -0.5380
vn 0.7734 0.5026 -0.3864
vn 0.8943 0.2806 -0.3486
vn 0.6984 0.6919 -0.1832
vn 0.5931 0.7760 -0.2145
vn 0.3215 0.9420 -0.0964
vn 0.4691 0.8558 -0.2179
vn 0.2980 0.9417 -0.1560
vn -0.0566 0.9054 0.4209
vn -0.1470 0.8751 0.4612
vn -0.0521 0.9404 0.3361
vn -0.2188 0.8636 0.4542
vn -0.4835 0.7175 0.5015
vn -0.6781 -0.6227 0.3904
vn -0.4321 -0.8280 0.3574
vn -0.2291 -0.9319 0.2814
vn -0.3115 -0.8716 0.3786
vn -0.1844 -0.9108 0.3692
vn -0.0003 -0.9997 -0.0250
vn 0.0023 -1.0000 -0.0016
vn -0.4227 -0.9062 0.0099
vn -0.4189 -0.9078 -0.0209
vn -0.7080 -0.7061 -0.0127
vn -0.9661 -0.2580 -0.0046
vn -0.9660 -0.2582 0.0143
vn -0.7046 -0.7085 0.0393
vn -0.2402 -0.9633 0.1199
vn 0.0195 -0.9936 0.1109
vn -0.9657 -0.2554 0.0465
vn -0.6975 -0.7050 0.1284
vn -0.2153 -0.9363 0.2776
vn 0.0476 -0.9609 0.2727
vn -0.9652 -0.2432 0.0960
vn -0.6851 -0.6775 0.2675
vn -0.1782 -0.8479 0.4993
vn 0.0898 -0.8618 0.4992
vn -0.9645 -0.2087 0.1619
vn -0.6676 -0.5884 0.4562
vn -0.9644 0.0012 -0.2643
vn -0.6716 0.0034 -0.7409
vn 0.0968 -0.0371 -0.9946
vn -0.1727 -0.0957 -0.9803
vn -0.9645 -0.0534 -0.2585
vn -0.6755 -0.1493 -0.7221
vn -0.1861 -0.3416 -0.9213
vn 0.0844 -0.3178 -0.9444
vn -0.9648 -0.1298 -0.2286
vn -0.6810 -0.3615 -0.6368
vn -0.2063 -0.6163 -0.7600
vn 0.0632 -0.6170 -0.7845
vn -0.9653 -0.1982 -0.1702
vn -0.6905 -0.5487 -0.4713
vn -0.2268 -0.8176 -0.5293
vn 0.0379 -0.8387 -0.5433
vn -0.9657 -0.2366 -0.1074
vn -0.6985 -0.6517 -0.2957
vn -0.2429 -0.9169 -0.3166
vn 0.0180 -0.9470 -0.3207
vn -0.9659 -0.2522 -0.0591
vn -0.7042 -0.6913 -0.1620
vn -0.2533 -0.9534 -0.1637
vn 0.0059 -0.9870 -0.1604
vn -0.9660 -0.2569 -0.0272
vn -0.7070 -0.7033 -0.0744
vn -0.2583 -0.9637 -0.0671
vn -0.0000 -0.9988 -0.0484
vn -0.9661 -0.2579 -0.0083
vn -0.7081 -0.7057 -0.0226
vn 0.4844 -0.6498 -0.5858
vn 0.6383 -0.5360 -0.5525
vn 0.7314 -0.4777 -0.4867
vn 0.8655 -0.2943 -0.4054
vn 0.4292 0.8370 -0.3393
vn 0.5948 0.7241 -0.3491
vn 0.6926 0.6515 -0.3097
vn 0.8377 0.4625 -0.2905
vn -0.2016 0.7275 0.6558
vn -0.3661 0.6486 0.6673
vn -0.4841 0.6109 0.6265
vn -0.7074 0.4155 0.5718
vn -0.3256 0.4612 0.8254
vn -0.5049 0.3861 0.7721
vn -0.6309 0.3471 0.6939
vn -0.7905 0.2074 0.5763
vn -0.3958 0.2094 0.8942
vn -0.5692 0.1757 0.8032
vn -0.6917 0.1539 0.7056
vn -0.8196 0.0824 0.5669
vn -0.4266 0.0177 0.9043
vn -0.5928 0.0399 0.8044
vn -0.7126 0.0345 0.7007
vn -0.8306 0.0024 0.5569
vn -0.5979 -0.0200 0.8014
vn -0.4312 -0.0628 0.9001
vn -0.6005 -0.0790 0.7957
vn -0.7197 -0.0685 0.6909
vn -0.8328 -0.0300 0.5527
vn -0.4231 -0.2504 0.8708
vn -0.5960 -0.2094 0.7752
vn -0.7163 -0.1817 0.6738
vn -0.8330 -0.1069 0.5429
vn -0.3850 -0.4899 0.7822
vn -0.5663 -0.4031 0.7189
vn -0.6905 -0.3536 0.6310
vn -0.8234 -0.2186 0.5236
vn -0.2999 -0.7396 0.6025
vn -0.4848 -0.6387 0.5975
vn -0.6127 -0.5775 0.5395
vn -0.7858 -0.3881 0.4815
vn -0.0538 -0.9982 -0.0250
vn 0.0489 -0.9960 -0.0748
vn 0.6889 -0.7174 -0.1032
vn 0.5568 -0.8305 -0.0169
vn 0.8540 -0.5170 -0.0585
vn 0.8305 -0.5562 -0.0292
vn 0.9842 -0.1767 -0.0093
vn 0.4822 -0.8346 -0.2665
vn 0.8535 -0.4677 -0.2299
vn 0.9222 -0.3513 -0.1615
vn 0.9878 -0.1470 -0.0505
vn 0.7586 -0.5339 -0.3735
vn 0.9247 -0.2522 -0.2851
vn 0.9544 -0.2016 -0.2201
vn 0.9909 -0.1021 -0.0880
vn 0.8657 -0.2938 -0.4052
vn 0.8878 -0.2119 -0.4086
vn 0.8877 -0.2119 -0.4087
vn 0.9924 -0.0603 -0.1071
vn 0.8380 0.4619 -0.2904
vn 0.6987 0.6915 -0.1832
vn 0.9002 0.3975 -0.1778
vn 0.8739 0.3619 -0.3246
vn 0.9412 0.3117 -0.1307
vn 0.8738 0.3619 -0.3247
vn 0.9912 0.1043 -0.0817
vn 0.4420 0.8967 -0.0224
vn 0.8127 0.5800 -0.0567
vn 0.9009 0.4329 -0.0312
vn 0.9889 0.1429 -0.0413
vn 0.3638 0.9312 0.0233
vn 0.7560 0.6542 0.0208
vn 0.8755 0.4828 0.0186
vn 0.9860 0.1670 -0.0004
vn 0.2910 0.9540 0.0716
vn 0.6164 0.7661 0.1820
vn 0.8239 0.5470 0.1481
vn 0.9851 0.1720 0.0091
vn -0.0815 0.9494 0.3032
vn 0.3161 0.8035 0.5044
vn 0.6786 0.5933 0.4330
vn 0.9828 0.1745 0.0601
vn -0.4836 0.7172 0.5017
vn 0.0252 0.6328 0.7739
vn 0.4480 0.4975 0.7428
vn 0.9800 0.1508 0.1300
vn -0.7078 0.4147 0.5719
vn -0.1762 0.3894 0.9040
vn 0.2695 0.3199 0.9083
vn 0.9777 0.1031 0.1829
vn -0.7906 0.2070 0.5763
vn -0.2740 0.2000 0.9407
vn 0.1862 0.1693 0.9678
vn 0.9771 0.0580 0.2048
vn -0.8197 0.0822 0.5669
vn -0.3091 0.0801 0.9476
vn 0.1597 0.0661 0.9849
vn 0.9771 0.0267 0.2111
vn -0.8306 0.0024 0.5568
vn -0.3198 0.0086 0.9475
vn 0.1530 0.0012 0.9882
vn 0.9775 0.0072 0.2108
vn -0.3226 -0.0234 0.9462
vn 0.1555 -0.0253 0.9875
vn 0.9778 -0.0041 0.2093
vn -0.8329 -0.0300 0.5527
vn -0.3226 -0.0536 0.9450
vn 0.1526 -0.0575 0.9866
vn 0.9780 -0.0063 0.2084
vn -0.8330 -0.1067 0.5428
vn -0.3284 -0.1230 0.9365
vn 0.1410 -0.1269 0.9818
vn 0.9779 -0.0175 0.2082
vn -0.8236 -0.2182 0.5236
vn -0.3248 -0.2387 0.9152
vn 0.1391 -0.2348 0.9620
vn 0.9776 -0.0368 0.2072
vn -0.7861 -0.3874 0.4816
vn -0.2803 -0.4234 0.8615
vn 0.1760 -0.3897 0.9040
vn 0.9773 -0.0677 0.2006
vn -0.6783 -0.6224 0.3906
vn -0.1369 -0.6758 0.7242
vn 0.2997 -0.5802 0.7573
vn 0.9775 -0.1126 0.1783
vn -0.4532 -0.8616 0.2284
vn 0.1077 -0.8798 0.4630
vn 0.5294 -0.7100 0.4643
vn 0.9791 -0.1602 0.1251
vn -0.1383 -0.9901 0.0247
vn 0.0721 -0.9692 0.2353
vn 0.6981 -0.6880 0.1982
vn 0.9816 -0.1833 0.0530
vn 0.9836 -0.1805 0.0005
vn 0.8101 -0.5863 0.0015
vn 0.1732 0.3828 -0.9074
vn 0.1694 0.4878 -0.8563
vn 0.1759 0.6274 -0.7586
vn 0.1742 0.4951 -0.8512
vn 0.1807 0.8243 -0.5365
vn 0.1781 0.7422 -0.6460
vn 0.1726 0.9320 -0.3187
vn 0.1744 0.8954 -0.4098
vn 0.1636 0.9623 -0.2175
vn 0.1603 0.9748 -0.1550
vn 0.1572 0.9861 -0.0533
vn 0.1449 0.9893 0.0162
vn 0.1580 0.9825 0.0990
vn 0.1658 0.9647 0.2049
vn 0.1709 0.9491 0.2646
vn 0.1880 0.9096 0.3706
vn 0.1932 0.8680 0.4575
vn 0.2113 0.7808 0.5879
vn 0.2365 0.7191 0.6534
vn 0.2415 0.6162 0.7496
vn 0.2499 0.4818 0.8399
vn 0.2602 0.3535 0.8985
vn 0.2666 0.2178 0.9389
vn 0.2754 0.1314 0.9523
vn 0.2232 -0.0669 0.9725
vn 0.2544 -0.0964 0.9623
vn 0.2558 -0.2080 0.9441
vn 0.9004 -0.1470 -0.4094
vn 0.8862 -0.2218 -0.4067
vn 0.8736 0.3622 -0.3250
vn 0.8944 0.2802 -0.3486
vt 0.280556 0.403200
vt 0.301922 0.400177
vt 0.316159 0.501103
vt 0.294793 0.504126
vt 0.310311 0.398992
vt 0.324549 0.499918
vt 0.316604 0.398105
vt 0.330841 0.499031
vt 0.321771 0.397379
vt 0.336009 0.498305
vt 0.326180 0.396762
vt 0.340417 0.497688
vt 0.330010 0.396228
vt 0.344248 0.497154
vt 0.333367 0.395763
vt 0.347605 0.496689
vt 0.336316 0.395358
vt 0.350553 0.496284
vt 0.338899 0.395006
vt 0.353137 0.495932
vt 0.373437 0.133666
vt 0.371971 0.133736
vt 0.372269 0.031990
vt 0.374840 0.031867
vt 0.374542 0.133613
vt 0.377838 0.031764
vt 0.377540 0.133510
vt 0.381347 0.031680
vt 0.381049 0.133426
vt 0.385516 0.031616
vt 0.385218 0.133362
vt 0.390647 0.031570
vt 0.390349 0.133316
vt 0.397346 0.099547
vt 0.397247 0.133289
vt 0.397545 0.031543
vt 0.397464 0.059299
vt 0.396188 0.061709
vt 0.395034 0.064398
vt 0.394073 0.067232
vt 0.393314 0.070182
vt 0.392764 0.073220
vt 0.392428 0.076317
vt 0.392309 0.079444
vt 0.392409 0.082569
vt 0.392727 0.085664
vt 0.393260 0.088698
vt 0.394002 0.091642
vt 0.394946 0.094468
vt 0.396084 0.097148
vt 0.414980 0.111311
vt 0.414916 0.133280
vt 0.397404 0.099658
vt 0.398899 0.101976
vt 0.400549 0.104077
vt 0.402339 0.105941
vt 0.404252 0.107550
vt 0.406269 0.108887
vt 0.408371 0.109941
vt 0.410538 0.110700
vt 0.412748 0.111159
vt 0.415214 0.031534
vt 0.415167 0.047517
vt 0.412934 0.047672
vt 0.410721 0.048133
vt 0.408550 0.048895
vt 0.406442 0.049951
vt 0.404417 0.051290
vt 0.402495 0.052900
vt 0.400694 0.054766
vt 0.399031 0.056869
vt 0.397523 0.059189
vt 0.432599 0.133289
vt 0.417216 0.111159
vt 0.419430 0.110700
vt 0.421603 0.109941
vt 0.423713 0.108887
vt 0.425739 0.107550
vt 0.427663 0.105941
vt 0.429466 0.104077
vt 0.431130 0.101976
vt 0.432639 0.099658
vt 0.432698 0.099548
vt 0.432897 0.031543
vt 0.432816 0.059300
vt 0.432758 0.059189
vt 0.431262 0.056869
vt 0.429610 0.054766
vt 0.427819 0.052900
vt 0.425904 0.051290
vt 0.423885 0.049951
vt 0.421782 0.048895
vt 0.419613 0.048133
vt 0.417401 0.047672
vt 0.439840 0.031570
vt 0.439542 0.133316
vt 0.433983 0.097148
vt 0.435144 0.094468
vt 0.436111 0.091642
vt 0.436875 0.088698
vt 0.437429 0.085664
vt 0.437767 0.082569
vt 0.437886 0.079444
vt 0.437785 0.076317
vt 0.437465 0.073220
vt 0.436929 0.070182
vt 0.436182 0.067232
vt 0.435232 0.064398
vt 0.434086 0.061709
vt 0.445047 0.031616
vt 0.444749 0.133362
vt 0.449322 0.031680
vt 0.449024 0.133426
vt 0.452968 0.031764
vt 0.452670 0.133510
vt 0.456135 0.031867
vt 0.455837 0.133613
vt 0.457030 0.133666
vt 0.458910 0.031990
vt 0.458612 0.133736
vt 0.461345 0.032136
vt 0.461048 0.133882
vt 0.229800 0.132270
vt 0.242888 0.031192
vt 0.245524 0.031557
vt 0.232436 0.132635
vt 0.248615 0.031978
vt 0.235527 0.133056
vt 0.252225 0.032463
vt 0.239137 0.133541
vt 0.256456 0.033027
vt 0.243368 0.134105
vt 0.261488 0.033692
vt 0.248400 0.134770
vt 0.267687 0.034507
vt 0.254599 0.135584
vt 0.276025 0.035597
vt 0.262937 0.136675
vt 0.297390 0.038384
vt 0.284303 0.139462
vt 0.318776 0.041170
vt 0.305689 0.142248
vt 0.327177 0.042261
vt 0.314089 0.143339
vt 0.333480 0.043076
vt 0.320392 0.144154
vt 0.320761 0.144202
vt 0.338659 0.043742
vt 0.325571 0.144820
vt 0.343080 0.044307
vt 0.329993 0.145384
vt 0.346926 0.044793
vt 0.333838 0.145871
vt 0.350299 0.045215
vt 0.337211 0.146293
vt 0.353265 0.045581
vt 0.340178 0.146658
vt 0.355870 0.045896
vt 0.342782 0.146974
vt 0.452222 0.914414
vt 0.449834 0.914480
vt 0.449834 0.812591
vt 0.452222 0.812526
vt 0.446994 0.914538
vt 0.446994 0.812649
vt 0.443621 0.914589
vt 0.443621 0.812700
vt 0.439566 0.914633
vt 0.439566 0.812744
vt 0.434532 0.914672
vt 0.434532 0.812783
vt 0.427718 0.848514
vt 0.427718 0.812820
vt 0.427718 0.914709
vt 0.427718 0.885001
vt 0.428339 0.883815
vt 0.429433 0.881225
vt 0.430343 0.878497
vt 0.431060 0.875656
vt 0.431577 0.872730
vt 0.431890 0.869748
vt 0.431994 0.866738
vt 0.431890 0.863729
vt 0.431577 0.860750
vt 0.431060 0.857830
vt 0.430343 0.854997
vt 0.429433 0.852279
vt 0.428339 0.849700
vt 0.410186 0.836127
vt 0.410186 0.812886
vt 0.427067 0.847286
vt 0.425628 0.845060
vt 0.424040 0.843042
vt 0.422318 0.841254
vt 0.420480 0.839712
vt 0.418543 0.838431
vt 0.416525 0.837424
vt 0.414446 0.836700
vt 0.412326 0.836266
vt 0.410186 0.914775
vt 0.410186 0.897528
vt 0.412326 0.897372
vt 0.414446 0.896922
vt 0.416525 0.896183
vt 0.418543 0.895160
vt 0.420480 0.893865
vt 0.422318 0.892309
vt 0.424040 0.890508
vt 0.425628 0.888479
vt 0.427067 0.886241
vt 0.392614 0.848646
vt 0.392614 0.812944
vt 0.408040 0.836281
vt 0.405916 0.836730
vt 0.403832 0.837469
vt 0.401810 0.838491
vt 0.399868 0.839785
vt 0.398026 0.841340
vt 0.396300 0.843140
vt 0.394709 0.845169
vt 0.393266 0.847406
vt 0.392614 0.914833
vt 0.392614 0.885132
vt 0.393266 0.886360
vt 0.394709 0.888588
vt 0.396300 0.890606
vt 0.398026 0.892395
vt 0.399868 0.893938
vt 0.401810 0.895219
vt 0.403832 0.896227
vt 0.405916 0.896952
vt 0.408040 0.897387
vt 0.385683 0.914845
vt 0.385683 0.812956
vt 0.391982 0.849829
vt 0.390869 0.852415
vt 0.389944 0.855140
vt 0.389214 0.857978
vt 0.388688 0.860902
vt 0.388371 0.863883
vt 0.388264 0.866893
vt 0.388371 0.869902
vt 0.388688 0.872882
vt 0.389214 0.875804
vt 0.389944 0.878640
vt 0.390869 0.881361
vt 0.391982 0.883944
vt 0.380452 0.914842
vt 0.380452 0.812953
vt 0.376122 0.914827
vt 0.376122 0.812939
vt 0.372390 0.914802
vt 0.372390 0.812913
vt 0.369108 0.914766
vt 0.369108 0.812877
vt 0.366189 0.914718
vt 0.366189 0.812830
vt 0.363577 0.914660
vt 0.363577 0.812771
vt 0.226039 0.410964
vt 0.228687 0.410578
vt 0.242925 0.511504
vt 0.240277 0.511890
vt 0.231789 0.410129
vt 0.246027 0.511055
vt 0.235407 0.409608
vt 0.249645 0.510534
vt 0.239643 0.409002
vt 0.253881 0.509928
vt 0.244678 0.408284
vt 0.258915 0.509210
vt 0.258556 0.509261
vt 0.250876 0.407403
vt 0.265114 0.508329
vt 0.259209 0.406222
vt 0.273447 0.507148
vt 0.277446 0.376872
vt 0.258677 0.379528
vt 0.258690 0.377802
vt 0.277281 0.375170
vt 0.567080 0.182505
vt 0.566870 0.201341
vt 0.565179 0.201189
vt 0.565387 0.182508
vt 0.563243 0.201094
vt 0.563451 0.182502
vt 0.562898 0.208244
vt 0.564828 0.208437
vt 0.566513 0.208697
vt 0.251449 0.378827
vt 0.251349 0.380565
vt 0.562366 0.213487
vt 0.564283 0.213802
vt 0.565956 0.214177
vt 0.246075 0.379590
vt 0.245899 0.381337
vt 0.561650 0.217675
vt 0.563542 0.218135
vt 0.565191 0.218638
vt 0.241721 0.380209
vt 0.241471 0.381964
vt 0.560757 0.221129
vt 0.562604 0.221759
vt 0.564214 0.222404
vt 0.238069 0.380729
vt 0.237744 0.382494
vt 0.559693 0.224014
vt 0.561470 0.224834
vt 0.563020 0.225634
vt 0.234961 0.381174
vt 0.234561 0.382948
vt 0.558466 0.226430
vt 0.560136 0.227457
vt 0.561599 0.228422
vt 0.232306 0.381557
vt 0.231831 0.383341
vt 0.557072 0.228456
vt 0.558595 0.229695
vt 0.559941 0.230827
vt 0.230045 0.381886
vt 0.229499 0.383680
vt 0.555491 0.230161
vt 0.556826 0.231601
vt 0.558023 0.232890
vt 0.372275 0.942744
vt 0.370120 0.942694
vt 0.369408 0.941014
vt 0.371643 0.941065
vt 0.553677 0.231602
vt 0.554793 0.233216
vt 0.555815 0.234641
vt 0.374681 0.942783
vt 0.374137 0.941104
vt 0.551554 0.232821
vt 0.552433 0.234570
vt 0.553267 0.236100
vt 0.377388 0.942812
vt 0.376940 0.941133
vt 0.549011 0.233835
vt 0.549657 0.235676
vt 0.550302 0.237281
vt 0.380475 0.942832
vt 0.380125 0.941152
vt 0.545887 0.234644
vt 0.546321 0.236540
vt 0.546789 0.238189
vt 0.384073 0.942843
vt 0.383819 0.941161
vt 0.541911 0.235232
vt 0.542161 0.237155
vt 0.542469 0.238827
vt 0.388439 0.942844
vt 0.388280 0.941160
vt 0.536392 0.235580
vt 0.536496 0.237512
vt 0.536661 0.239192
vt 0.394247 0.942834
vt 0.394189 0.941148
vt 0.521783 0.235629
vt 0.521772 0.237561
vt 0.521763 0.239242
vt 0.409040 0.942785
vt 0.409167 0.941098
vt 0.507175 0.235417
vt 0.507050 0.237347
vt 0.506866 0.239026
vt 0.423799 0.942729
vt 0.424112 0.941042
vt 0.501661 0.235007
vt 0.501389 0.236927
vt 0.501063 0.238596
vt 0.429506 0.942699
vt 0.429917 0.941013
vt 0.497691 0.234375
vt 0.497237 0.236266
vt 0.496750 0.237909
vt 0.433702 0.942668
vt 0.434205 0.940983
vt 0.494577 0.233531
vt 0.493910 0.235365
vt 0.493247 0.236962
vt 0.437063 0.942632
vt 0.437657 0.940948
vt 0.492046 0.232488
vt 0.491146 0.234227
vt 0.490296 0.235748
vt 0.439844 0.942592
vt 0.440526 0.940908
vt 0.489936 0.231246
vt 0.488802 0.232847
vt 0.487764 0.234261
vt 0.442174 0.942544
vt 0.442939 0.940861
vt 0.488138 0.229785
vt 0.486787 0.231210
vt 0.485576 0.232485
vt 0.352337 0.016848
vt 0.354262 0.017077
vt 0.354845 0.018879
vt 0.352852 0.018642
vt 0.486577 0.228062
vt 0.485040 0.229284
vt 0.483681 0.230401
vt 0.350129 0.016580
vt 0.350567 0.018364
vt 0.485205 0.226020
vt 0.483524 0.227029
vt 0.482050 0.227978
vt 0.347607 0.016269
vt 0.347964 0.018044
vt 0.484005 0.223591
vt 0.482219 0.224391
vt 0.480660 0.225174
vt 0.344727 0.015910
vt 0.345002 0.017675
vt 0.482974 0.220695
vt 0.481119 0.221304
vt 0.479502 0.221930
vt 0.341430 0.015494
vt 0.341625 0.017251
vt 0.482119 0.217230
vt 0.480222 0.217669
vt 0.478568 0.218154
vt 0.337623 0.015010
vt 0.337741 0.016759
vt 0.481450 0.213035
vt 0.479529 0.213328
vt 0.477853 0.213684
vt 0.333148 0.014436
vt 0.333189 0.016177
vt 0.480977 0.207786
vt 0.479045 0.207958
vt 0.477357 0.208199
vt 0.327686 0.013731
vt 0.327649 0.015463
vt 0.480711 0.200632
vt 0.478775 0.200706
vt 0.477082 0.200839
vt 0.320388 0.012784
vt 0.320264 0.014505
vt 0.480712 0.182039
vt 0.478775 0.182024
vt 0.477082 0.182002
vt 0.301764 0.010357
vt 0.301461 0.012056
vt 0.480919 0.163447
vt 0.478984 0.163344
vt 0.477293 0.163167
vt 0.283156 0.007930
vt 0.282676 0.009606
vt 0.481265 0.156297
vt 0.479335 0.156095
vt 0.477650 0.155811
vt 0.275911 0.006982
vt 0.275345 0.008645
vt 0.481797 0.151054
vt 0.479879 0.150731
vt 0.478207 0.150331
vt 0.270537 0.006274
vt 0.269894 0.007926
vt 0.482512 0.146866
vt 0.480620 0.146397
vt 0.478972 0.145870
vt 0.266185 0.005697
vt 0.265469 0.007338
vt 0.483406 0.143412
vt 0.481558 0.142773
vt 0.479948 0.142104
vt 0.262538 0.005210
vt 0.261748 0.006839
vt 0.484469 0.140527
vt 0.482693 0.139698
vt 0.481143 0.138874
vt 0.259436 0.004792
vt 0.258572 0.006409
vt 0.485696 0.138111
vt 0.484026 0.137075
vt 0.482563 0.136086
vt 0.256790 0.004431
vt 0.255851 0.006036
vt 0.487091 0.136085
vt 0.485568 0.134837
vt 0.484222 0.133681
vt 0.254541 0.004120
vt 0.253530 0.005715
vt 0.488672 0.134380
vt 0.487336 0.132931
vt 0.486140 0.131618
vt 0.252649 0.003853
vt 0.251574 0.005440
vt 0.490485 0.132939
vt 0.489370 0.131316
vt 0.488348 0.129867
vt 0.449955 0.004130
vt 0.452237 0.004234
vt 0.452933 0.005887
vt 0.450566 0.005780
vt 0.492609 0.131720
vt 0.491729 0.129963
vt 0.490896 0.128408
vt 0.447346 0.004043
vt 0.447865 0.005693
vt 0.495152 0.130706
vt 0.494505 0.128856
vt 0.493861 0.127227
vt 0.444333 0.003974
vt 0.444757 0.005624
vt 0.498275 0.129897
vt 0.497842 0.127992
vt 0.497374 0.126319
vt 0.440783 0.003921
vt 0.441112 0.005571
vt 0.502252 0.129309
vt 0.502001 0.127377
vt 0.501694 0.125681
vt 0.436440 0.003883
vt 0.436673 0.005534
vt 0.507770 0.128961
vt 0.507666 0.127020
vt 0.507502 0.125316
vt 0.430622 0.003861
vt 0.430755 0.005513
vt 0.522379 0.128912
vt 0.522390 0.126971
vt 0.522400 0.125266
vt 0.415735 0.003853
vt 0.415682 0.005506
vt 0.536987 0.129124
vt 0.537113 0.127185
vt 0.537297 0.125482
vt 0.400862 0.003861
vt 0.400621 0.005513
vt 0.542501 0.129534
vt 0.542773 0.127605
vt 0.543100 0.125912
vt 0.395083 0.003883
vt 0.394742 0.005534
vt 0.546471 0.130166
vt 0.546926 0.128267
vt 0.547412 0.126599
vt 0.390805 0.003921
vt 0.390370 0.005571
vt 0.549585 0.131010
vt 0.550252 0.129167
vt 0.550915 0.127546
vt 0.387346 0.003974
vt 0.386819 0.005624
vt 0.552117 0.132053
vt 0.553016 0.130305
vt 0.553867 0.128760
vt 0.384450 0.004043
vt 0.383831 0.005693
vt 0.554227 0.133295
vt 0.555360 0.131685
vt 0.556399 0.130247
vt 0.381985 0.004130
vt 0.381279 0.005780
vt 0.556024 0.134756
vt 0.557376 0.133322
vt 0.558587 0.132023
vt 0.379876 0.004233
vt 0.379091 0.005887
vt 0.557586 0.136479
vt 0.559123 0.135248
vt 0.560481 0.134107
vt 0.325547 0.368371
vt 0.327738 0.368072
vt 0.328714 0.369651
vt 0.326447 0.369960
vt 0.558957 0.138521
vt 0.560639 0.137503
vt 0.562113 0.136530
vt 0.323040 0.368717
vt 0.323860 0.370317
vt 0.560158 0.140950
vt 0.561943 0.140141
vt 0.563502 0.139334
vt 0.320174 0.369115
vt 0.320913 0.370728
vt 0.561189 0.143846
vt 0.563043 0.143229
vt 0.564660 0.142578
vt 0.316889 0.369575
vt 0.317549 0.371200
vt 0.562043 0.147311
vt 0.563941 0.146863
vt 0.565595 0.146354
vt 0.313094 0.370108
vt 0.313677 0.371746
vt 0.562712 0.151506
vt 0.564633 0.151204
vt 0.566310 0.150824
vt 0.308629 0.370737
vt 0.309136 0.372387
vt 0.563185 0.156755
vt 0.565118 0.156575
vt 0.566806 0.156309
vt 0.303176 0.371507
vt 0.303605 0.373170
vt 0.563451 0.163909
vt 0.565388 0.163827
vt 0.567080 0.163669
vt 0.295888 0.372537
vt 0.296230 0.374213
vt 0.388517 0.169244
vt 0.388592 0.169733
vt 0.387829 0.169255
vt 0.391848 0.171019
vt 0.393130 0.169205
vt 0.393341 0.171006
vt 0.499214 0.004797
vt 0.500717 0.004567
vt 0.500757 0.004841
vt 0.399331 0.169181
vt 0.399475 0.170982
vt 0.506875 0.004118
vt 0.506940 0.004969
vt 0.415213 0.169173
vt 0.415252 0.170974
vt 0.509655 0.005010
vt 0.522675 0.003854
vt 0.522689 0.005505
vt 0.512490 0.005676
vt 0.512213 0.005605
vt 0.513823 0.005986
vt 0.522705 0.007425
vt 0.516475 0.007530
vt 0.515548 0.006958
vt 0.431108 0.169181
vt 0.431041 0.170982
vt 0.533008 0.005505
vt 0.538477 0.003853
vt 0.538426 0.004710
vt 0.535713 0.004792
vt 0.534112 0.005229
vt 0.528947 0.007425
vt 0.531561 0.005837
vt 0.530521 0.006503
vt 0.437349 0.169205
vt 0.437214 0.171006
vt 0.544641 0.004199
vt 0.544604 0.004485
vt 0.438785 0.171019
vt 0.442028 0.169244
vt 0.441972 0.169742
vt 0.546205 0.004411
vt 0.442741 0.169255
vt 0.316360 0.179299
vt 0.315837 0.181006
vt 0.313596 0.180717
vt 0.313935 0.178985
vt 0.569420 0.096374
vt 0.567938 0.095952
vt 0.568214 0.094308
vt 0.569794 0.094138
vt 0.568174 0.094316
vt 0.566107 0.095522
vt 0.566314 0.094288
vt 0.320235 0.179797
vt 0.319638 0.181493
vt 0.568439 0.100143
vt 0.566994 0.099577
vt 0.565208 0.098971
vt 0.323604 0.180228
vt 0.322933 0.181911
vt 0.567219 0.103381
vt 0.565832 0.102658
vt 0.564121 0.101854
vt 0.326561 0.180602
vt 0.325813 0.182274
vt 0.565754 0.106181
vt 0.564452 0.105293
vt 0.562851 0.104278
vt 0.329162 0.180927
vt 0.328338 0.182587
vt 0.564029 0.108604
vt 0.562843 0.107551
vt 0.561393 0.106324
vt 0.331446 0.181208
vt 0.330552 0.182856
vt 0.562024 0.110691
vt 0.560983 0.109486
vt 0.559721 0.108061
vt 0.446949 0.776898
vt 0.444795 0.776952
vt 0.444234 0.775179
vt 0.446325 0.775125
vt 0.559703 0.112472
vt 0.558828 0.111138
vt 0.557783 0.109547
vt 0.442237 0.777001
vt 0.441746 0.775227
vt 0.557017 0.113966
vt 0.556316 0.112534
vt 0.555498 0.110816
vt 0.439201 0.777044
vt 0.438781 0.775270
vt 0.553883 0.115188
vt 0.553352 0.113689
vt 0.552753 0.111885
vt 0.435553 0.777082
vt 0.435202 0.775308
vt 0.550164 0.116146
vt 0.549789 0.114606
vt 0.549387 0.112751
vt 0.431025 0.777116
vt 0.430741 0.775342
vt 0.545586 0.116846
vt 0.545346 0.115284
vt 0.545111 0.113403
vt 0.424899 0.777149
vt 0.424681 0.775374
vt 0.539429 0.117294
vt 0.539303 0.115723
vt 0.539199 0.113833
vt 0.409139 0.777208
vt 0.409026 0.775433
vt 0.523628 0.117559
vt 0.523615 0.115986
vt 0.523599 0.114095
vt 0.393345 0.777260
vt 0.393337 0.775485
vt 0.507826 0.117559
vt 0.507925 0.115986
vt 0.507998 0.114095
vt 0.387117 0.777271
vt 0.387176 0.775496
vt 0.501662 0.117214
vt 0.501875 0.115648
vt 0.502079 0.113764
vt 0.382417 0.777270
vt 0.382545 0.775494
vt 0.497073 0.116591
vt 0.497422 0.115045
vt 0.497792 0.113183
vt 0.378527 0.777258
vt 0.378730 0.775482
vt 0.493338 0.115696
vt 0.493844 0.114188
vt 0.494412 0.112374
vt 0.375177 0.777238
vt 0.375459 0.775462
vt 0.490184 0.114527
vt 0.490861 0.113083
vt 0.491650 0.111352
vt 0.372232 0.777209
vt 0.372594 0.775432
vt 0.487473 0.113077
vt 0.488326 0.111729
vt 0.489344 0.110120
vt 0.369613 0.777171
vt 0.370053 0.775394
vt 0.485123 0.111336
vt 0.486144 0.110113
vt 0.487381 0.108667
vt 0.367272 0.777125
vt 0.367782 0.775347
vt 0.483083 0.109283
vt 0.484251 0.108210
vt 0.485681 0.106958
vt 0.252417 0.546008
vt 0.254732 0.545665
vt 0.255602 0.547324
vt 0.253354 0.547654
vt 0.481318 0.106889
vt 0.482604 0.105979
vt 0.484188 0.104937
vt 0.257444 0.545267
vt 0.258244 0.546938
vt 0.479805 0.104114
vt 0.481180 0.103368
vt 0.482878 0.102535
vt 0.260609 0.544807
vt 0.261338 0.546491
vt 0.478532 0.100896
vt 0.479967 0.100307
vt 0.481743 0.099671
vt 0.264317 0.544272
vt 0.264976 0.545968
vt 0.477488 0.097145
vt 0.478962 0.096698
vt 0.480786 0.096238
vt 0.266637 0.543939
vt 0.267119 0.545661
vt 0.478659 0.095060
vt 0.477082 0.094949
vt 0.478699 0.095066
vt 0.480559 0.095011
vt 0.518626 0.139836
vt 0.515420 0.140364
vt 0.514966 0.140429
vt 0.511820 0.141317
vt 0.511375 0.141426
vt 0.508319 0.142663
vt 0.507886 0.142815
vt 0.504950 0.144391
vt 0.504535 0.144585
vt 0.501746 0.146484
vt 0.501352 0.146717
vt 0.498738 0.148921
vt 0.498369 0.149192
vt 0.495955 0.151680
vt 0.495614 0.151985
vt 0.493424 0.154733
vt 0.493115 0.155071
vt 0.491168 0.158051
vt 0.490894 0.158418
vt 0.489211 0.161603
vt 0.488973 0.161994
vt 0.487570 0.165354
vt 0.487372 0.165766
vt 0.486261 0.169267
vt 0.486104 0.169697
vt 0.485297 0.173306
vt 0.485183 0.173749
vt 0.484688 0.177431
vt 0.484618 0.177884
vt 0.484413 0.182060
vt 0.559749 0.182481
vt 0.559591 0.178303
vt 0.559137 0.174616
vt 0.559072 0.174162
vt 0.558305 0.170545
vt 0.558196 0.170100
vt 0.557125 0.166587
vt 0.556973 0.166156
vt 0.555607 0.162781
vt 0.555414 0.162366
vt 0.553767 0.159162
vt 0.553533 0.158768
vt 0.551621 0.155765
vt 0.551350 0.155396
vt 0.549191 0.152624
vt 0.548885 0.152283
vt 0.546499 0.149769
vt 0.546162 0.149459
vt 0.543573 0.147226
vt 0.543207 0.146951
vt 0.540440 0.145021
vt 0.540048 0.144783
vt 0.537130 0.143175
vt 0.536716 0.142976
vt 0.533674 0.141705
vt 0.533244 0.141548
vt 0.530108 0.140625
vt 0.529664 0.140511
vt 0.526464 0.139947
vt 0.526010 0.139877
vt 0.522319 0.139651
vt 0.525536 0.224705
vt 0.528742 0.224176
vt 0.529196 0.224112
vt 0.532342 0.223224
vt 0.532788 0.223115
vt 0.535844 0.221878
vt 0.536276 0.221726
vt 0.539212 0.220150
vt 0.539628 0.219956
vt 0.542416 0.218057
vt 0.542810 0.217824
vt 0.545424 0.215620
vt 0.545793 0.215349
vt 0.548207 0.212861
vt 0.548548 0.212556
vt 0.550739 0.209808
vt 0.551048 0.209470
vt 0.552994 0.206490
vt 0.553269 0.206123
vt 0.554952 0.202938
vt 0.555189 0.202547
vt 0.556593 0.199187
vt 0.556791 0.198775
vt 0.557902 0.195274
vt 0.558058 0.194844
vt 0.558865 0.191235
vt 0.558979 0.190792
vt 0.559475 0.187110
vt 0.559545 0.186657
vt 0.484571 0.186238
vt 0.485026 0.189925
vt 0.485090 0.190379
vt 0.485857 0.193996
vt 0.485966 0.194441
vt 0.487037 0.197954
vt 0.487189 0.198385
vt 0.488555 0.201760
vt 0.488749 0.202175
vt 0.490396 0.205379
vt 0.490629 0.205773
vt 0.492541 0.208776
vt 0.492812 0.209145
vt 0.494972 0.211917
vt 0.495277 0.212258
vt 0.497663 0.214772
vt 0.498001 0.215082
vt 0.500589 0.217315
vt 0.500956 0.217590
vt 0.503723 0.219520
vt 0.504115 0.219758
vt 0.507033 0.221366
vt 0.507446 0.221565
vt 0.510488 0.222836
vt 0.510919 0.222993
vt 0.514055 0.223916
vt 0.514499 0.224030
vt 0.517699 0.224594
vt 0.518152 0.224664
vt 0.521843 0.224890
vt 0.455012 0.006014
vt 0.444968 0.940805
vt 0.526827 0.009845
vt 0.526294 0.011131
vt 0.525405 0.013091
vt 0.525050 0.014874
vt 0.524456 0.017590
vt 0.523936 0.024363
vt 0.523960 0.049816
vt 0.524363 0.075265
vt 0.524996 0.082029
vt 0.525381 0.083806
vt 0.526021 0.086511
vt 0.526575 0.087788
vt 0.527496 0.089732
vt 0.528259 0.090650
vt 0.529526 0.092046
vt 0.530579 0.092667
vt 0.532330 0.093611
vt 0.533912 0.093965
vt 0.536545 0.094503
vt 0.552367 0.094676
vt 0.494510 0.095161
vt 0.510327 0.094723
vt 0.511903 0.094342
vt 0.514526 0.093760
vt 0.515568 0.093122
vt 0.517304 0.092149
vt 0.518050 0.091219
vt 0.519294 0.089801
vt 0.519827 0.088515
vt 0.520715 0.086556
vt 0.521071 0.084773
vt 0.521665 0.082057
vt 0.522185 0.075284
vt 0.522161 0.049831
vt 0.521758 0.024381
vt 0.521125 0.017618
vt 0.520739 0.015841
vt 0.520100 0.013135
vt 0.519545 0.011858
vt 0.518624 0.009914
vt 0.517862 0.008997
vt 0.516595 0.007600
vt 0.528817 0.007498
vt 0.528070 0.008428
vt 0.373561 0.133685
vt 0.375278 0.139645
vt 0.373722 0.133839
vt 0.373666 0.133749
vt 0.379782 0.153253
vt 0.384132 0.163165
vt 0.386663 0.167104
vt 0.443889 0.167115
vt 0.446413 0.163127
vt 0.450737 0.153182
vt 0.455192 0.139623
vt 0.456728 0.133839
vt 0.456897 0.133685
vt 0.456786 0.133749
vt 0.320945 0.144250
vt 0.317034 0.168105
vt 0.320626 0.151208
vt 0.321119 0.144432
vt 0.321076 0.144334
vt 0.258379 0.509312
vt 0.258254 0.509397
vt 0.258216 0.509495
vt 0.258849 0.515274
vt 0.258988 0.516283
vt 0.263208 0.533144
vt 0.608394 0.626613
vt 0.611923 0.626612
vt 0.611822 0.656616
vt 0.608734 0.656617
vt 0.615444 0.626613
vt 0.614903 0.656617
vt 0.618924 0.626616
vt 0.617947 0.656620
vt 0.622327 0.626622
vt 0.620925 0.656625
vt 0.625623 0.626629
vt 0.623809 0.656631
vt 0.628779 0.626638
vt 0.626571 0.656639
vt 0.631764 0.626649
vt 0.629183 0.656648
vt 0.634551 0.626661
vt 0.631621 0.656659
vt 0.637111 0.626675
vt 0.633861 0.656672
vt 0.588970 0.298427
vt 0.591699 0.298292
vt 0.594389 0.328432
vt 0.592001 0.328549
vt 0.594634 0.298175
vt 0.596957 0.328329
vt 0.597747 0.298074
vt 0.599682 0.328241
vt 0.601009 0.297993
vt 0.602535 0.328170
vt 0.604387 0.297931
vt 0.605491 0.328115
vt 0.607849 0.297888
vt 0.608521 0.328078
vt 0.611363 0.297866
vt 0.611595 0.328059
vt 0.614893 0.297865
vt 0.614684 0.328058
vt 0.618406 0.297884
vt 0.617758 0.328075
vt 0.621869 0.297924
vt 0.620788 0.328109
vt 0.625247 0.297984
vt 0.623744 0.328161
vt 0.628509 0.298063
vt 0.626598 0.328231
vt 0.631623 0.298161
vt 0.629323 0.328316
vt 0.634558 0.298276
vt 0.631891 0.328417
vt 0.637288 0.298408
vt 0.634279 0.328533
vt 0.639784 0.298556
vt 0.636464 0.328662
vt 0.589256 0.407335
vt 0.591909 0.407358
vt 0.594717 0.437297
vt 0.592396 0.437277
vt 0.594777 0.407378
vt 0.597227 0.437315
vt 0.597834 0.407396
vt 0.599901 0.437330
vt 0.601048 0.407410
vt 0.602714 0.437343
vt 0.604391 0.407420
vt 0.605639 0.437352
vt 0.607828 0.407427
vt 0.608647 0.437358
vt 0.611328 0.407431
vt 0.611709 0.437361
vt 0.614856 0.407431
vt 0.614796 0.437361
vt 0.618379 0.407427
vt 0.617879 0.437358
vt 0.621863 0.407420
vt 0.620927 0.437352
vt 0.625274 0.407410
vt 0.623911 0.437343
vt 0.628579 0.407396
vt 0.626803 0.437330
vt 0.631746 0.407378
vt 0.629574 0.437315
vt 0.634745 0.407358
vt 0.632199 0.437297
vt 0.637547 0.407335
vt 0.634650 0.437277
vt 0.640125 0.407309
vt 0.636907 0.437254
vt 0.637067 0.588857
vt 0.634523 0.588923
vt 0.631581 0.558861
vt 0.633807 0.558804
vt 0.631752 0.588982
vt 0.629157 0.558913
vt 0.628779 0.589033
vt 0.626556 0.558957
vt 0.625635 0.589075
vt 0.623804 0.558995
vt 0.622348 0.589109
vt 0.620928 0.559024
vt 0.618951 0.589134
vt 0.617956 0.559046
vt 0.615476 0.589149
vt 0.614915 0.559059
vt 0.611956 0.589155
vt 0.611836 0.559064
vt 0.608427 0.589152
vt 0.608747 0.559061
vt 0.604920 0.589139
vt 0.605679 0.559050
vt 0.601472 0.589116
vt 0.602662 0.559030
vt 0.598114 0.589085
vt 0.599723 0.559003
vt 0.594878 0.589045
vt 0.596892 0.558968
vt 0.591797 0.588996
vt 0.594196 0.558925
vt 0.588900 0.588939
vt 0.591661 0.558876
vt 0.586214 0.588875
vt 0.589311 0.558819
vt 0.586250 0.626672
vt 0.588919 0.626658
vt 0.591693 0.656657
vt 0.589357 0.656669
vt 0.591803 0.626646
vt 0.594216 0.656646
vt 0.594872 0.626636
vt 0.596902 0.656637
vt 0.598097 0.626627
vt 0.599724 0.656630
vt 0.601448 0.626620
vt 0.602655 0.656624
vt 0.604891 0.626615
vt 0.605668 0.656619
vt 0.607799 0.613377
vt 0.603525 0.613381
vt 0.603481 0.612479
vt 0.607780 0.612476
vt 0.603545 0.611823
vt 0.607808 0.611819
vt 0.546877 0.835059
vt 0.550197 0.837784
vt 0.549591 0.838456
vt 0.546339 0.835787
vt 0.552565 0.841431
vt 0.553234 0.840821
vt 0.599355 0.611829
vt 0.599255 0.612485
vt 0.599324 0.613387
vt 0.555233 0.844683
vt 0.555959 0.844142
vt 0.595278 0.611837
vt 0.595143 0.612494
vt 0.595237 0.613395
vt 0.557570 0.848180
vt 0.558345 0.847713
vt 0.591354 0.611847
vt 0.591185 0.612504
vt 0.591302 0.613405
vt 0.559553 0.851890
vt 0.560370 0.851502
vt 0.587620 0.611860
vt 0.587419 0.612517
vt 0.587558 0.613418
vt 0.561163 0.855776
vt 0.562014 0.855470
vt 0.584111 0.611875
vt 0.583881 0.612532
vt 0.584040 0.613433
vt 0.562384 0.859802
vt 0.563261 0.859581
vt 0.580863 0.611891
vt 0.580605 0.612549
vt 0.580783 0.613450
vt 0.563204 0.863928
vt 0.564098 0.863794
vt 0.584129 0.603849
vt 0.580861 0.603771
vt 0.580605 0.603119
vt 0.583901 0.603198
vt 0.580782 0.602215
vt 0.584059 0.602293
vt 0.563616 0.868114
vt 0.564519 0.868069
vt 0.587654 0.603918
vt 0.587456 0.603268
vt 0.587594 0.602362
vt 0.563616 0.872322
vt 0.564519 0.872364
vt 0.591403 0.603977
vt 0.591237 0.603327
vt 0.591353 0.602422
vt 0.563204 0.876507
vt 0.564098 0.876639
vt 0.595340 0.604026
vt 0.595207 0.603377
vt 0.595300 0.602471
vt 0.562383 0.880633
vt 0.563260 0.880852
vt 0.599426 0.604064
vt 0.599328 0.603415
vt 0.599396 0.602509
vt 0.561162 0.884659
vt 0.562013 0.884963
vt 0.603622 0.604091
vt 0.603561 0.603443
vt 0.603604 0.602536
vt 0.559552 0.888545
vt 0.560369 0.888931
vt 0.607888 0.604107
vt 0.607863 0.603459
vt 0.607881 0.602552
vt 0.557569 0.892255
vt 0.558344 0.892720
vt 0.612183 0.604111
vt 0.612195 0.603463
vt 0.612187 0.602556
vt 0.555231 0.895753
vt 0.555957 0.896291
vt 0.616465 0.604104
vt 0.616513 0.603456
vt 0.616481 0.602549
vt 0.552562 0.899005
vt 0.553232 0.899612
vt 0.620694 0.604085
vt 0.620778 0.603437
vt 0.620720 0.602530
vt 0.549588 0.901980
vt 0.550194 0.902649
vt 0.624828 0.604055
vt 0.624947 0.603406
vt 0.624865 0.602500
vt 0.546336 0.904648
vt 0.546874 0.905374
vt 0.628827 0.604014
vt 0.628980 0.603365
vt 0.628875 0.602459
vt 0.542838 0.906985
vt 0.543302 0.907761
vt 0.632653 0.603962
vt 0.632839 0.603313
vt 0.632711 0.602407
vt 0.539128 0.908969
vt 0.539513 0.909786
vt 0.636270 0.603901
vt 0.636487 0.603250
vt 0.636337 0.602345
vt 0.535242 0.910578
vt 0.535545 0.911429
vt 0.639642 0.603829
vt 0.639888 0.603178
vt 0.639718 0.602273
vt 0.531216 0.911799
vt 0.531434 0.912677
vt 0.642737 0.603749
vt 0.643009 0.603098
vt 0.642821 0.602193
vt 0.527090 0.912620
vt 0.527221 0.913515
vt 0.642583 0.392647
vt 0.645720 0.392616
vt 0.645989 0.393277
vt 0.642825 0.393309
vt 0.645804 0.394175
vt 0.642658 0.394207
vt 0.522904 0.913032
vt 0.522946 0.913936
vt 0.639174 0.392676
vt 0.639386 0.393338
vt 0.639240 0.394235
vt 0.518697 0.913032
vt 0.518651 0.913936
vt 0.635524 0.392700
vt 0.635706 0.393363
vt 0.635581 0.394260
vt 0.514511 0.912620
vt 0.514376 0.913515
vt 0.631671 0.392722
vt 0.631819 0.393384
vt 0.631717 0.394281
vt 0.510385 0.911799
vt 0.510163 0.912677
vt 0.627649 0.392739
vt 0.627764 0.393401
vt 0.627685 0.394298
vt 0.506360 0.910578
vt 0.506053 0.911430
vt 0.623499 0.392752
vt 0.623578 0.393414
vt 0.623524 0.394311
vt 0.502474 0.908968
vt 0.502084 0.909786
vt 0.619261 0.392760
vt 0.619303 0.393423
vt 0.619274 0.394320
vt 0.498764 0.906985
vt 0.498296 0.907761
vt 0.614974 0.392765
vt 0.614980 0.393427
vt 0.614976 0.394325
vt 0.495266 0.904648
vt 0.494725 0.905374
vt 0.610681 0.392765
vt 0.610650 0.393427
vt 0.610672 0.394325
vt 0.492014 0.901980
vt 0.491404 0.902649
vt 0.606422 0.392760
vt 0.606355 0.393423
vt 0.606402 0.394320
vt 0.489040 0.899005
vt 0.488367 0.899612
vt 0.602239 0.392752
vt 0.602137 0.393414
vt 0.602208 0.394311
vt 0.486372 0.895753
vt 0.485642 0.896291
vt 0.598173 0.392739
vt 0.598035 0.393401
vt 0.598131 0.394298
vt 0.484035 0.892255
vt 0.483256 0.892720
vt 0.594261 0.392722
vt 0.594090 0.393384
vt 0.594209 0.394281
vt 0.482052 0.888546
vt 0.481231 0.888932
vt 0.590542 0.392701
vt 0.590340 0.393363
vt 0.590480 0.394260
vt 0.480442 0.884659
vt 0.479587 0.884963
vt 0.587052 0.392676
vt 0.586820 0.393338
vt 0.586981 0.394235
vt 0.479221 0.880634
vt 0.478341 0.880852
vt 0.583824 0.392647
vt 0.583565 0.393309
vt 0.583745 0.394207
vt 0.478401 0.876508
vt 0.477503 0.876639
vt 0.580890 0.392616
vt 0.580605 0.393277
vt 0.642770 0.283982
vt 0.645833 0.284163
vt 0.645642 0.285071
vt 0.642596 0.284892
vt 0.477989 0.872321
vt 0.477082 0.872364
vt 0.639198 0.283180
vt 0.642519 0.283341
vt 0.639420 0.283819
vt 0.639267 0.284730
vt 0.477989 0.868114
vt 0.477082 0.868069
vt 0.635625 0.283039
vt 0.635818 0.283678
vt 0.635685 0.284589
vt 0.478401 0.863929
vt 0.477503 0.863794
vt 0.631837 0.282920
vt 0.631997 0.283558
vt 0.631887 0.284470
vt 0.479222 0.859802
vt 0.478342 0.859581
vt 0.627868 0.282824
vt 0.627994 0.283461
vt 0.627908 0.284374
vt 0.480443 0.855777
vt 0.479589 0.855470
vt 0.623757 0.282751
vt 0.623848 0.283387
vt 0.623786 0.284301
vt 0.482053 0.851891
vt 0.481233 0.851502
vt 0.619544 0.282703
vt 0.619599 0.283339
vt 0.619562 0.284252
vt 0.484036 0.848181
vt 0.483258 0.847713
vt 0.615269 0.282680
vt 0.615288 0.283315
vt 0.615275 0.284229
vt 0.486374 0.844683
vt 0.485644 0.844142
vt 0.610973 0.282681
vt 0.610955 0.283317
vt 0.610968 0.284231
vt 0.489043 0.841431
vt 0.488369 0.840821
vt 0.606699 0.282708
vt 0.606644 0.283344
vt 0.606682 0.284257
vt 0.492017 0.838456
vt 0.491407 0.837784
vt 0.602485 0.282759
vt 0.602395 0.283396
vt 0.602458 0.284309
vt 0.495269 0.835788
vt 0.494728 0.835059
vt 0.598375 0.282835
vt 0.598249 0.283472
vt 0.598337 0.284385
vt 0.498767 0.833450
vt 0.498299 0.832672
vt 0.594407 0.282934
vt 0.594247 0.283572
vt 0.594358 0.284484
vt 0.502477 0.831467
vt 0.502088 0.830647
vt 0.590618 0.283056
vt 0.590426 0.283695
vt 0.590560 0.284607
vt 0.506363 0.829858
vt 0.506056 0.829003
vt 0.587047 0.283200
vt 0.586825 0.283840
vt 0.586979 0.284750
vt 0.510389 0.828637
vt 0.510167 0.827756
vt 0.583727 0.283363
vt 0.583476 0.284004
vt 0.583650 0.284914
vt 0.514515 0.827816
vt 0.514380 0.826918
vt 0.639635 0.611878
vt 0.642750 0.611896
vt 0.643021 0.612553
vt 0.639878 0.612536
vt 0.642834 0.613454
vt 0.639710 0.613437
vt 0.518701 0.827403
vt 0.518655 0.826497
vt 0.636244 0.611863
vt 0.636459 0.612520
vt 0.636311 0.613421
vt 0.522908 0.827403
vt 0.522950 0.826497
vt 0.632611 0.611850
vt 0.632795 0.612507
vt 0.632668 0.613408
vt 0.527094 0.827816
vt 0.527225 0.826918
vt 0.628772 0.611839
vt 0.628923 0.612496
vt 0.628818 0.613397
vt 0.531220 0.828636
vt 0.531438 0.827756
vt 0.624762 0.611830
vt 0.624878 0.612487
vt 0.624798 0.613388
vt 0.535245 0.829858
vt 0.535549 0.829003
vt 0.620620 0.611824
vt 0.620701 0.612481
vt 0.620645 0.613382
vt 0.539132 0.831467
vt 0.539517 0.830647
vt 0.616386 0.611820
vt 0.616432 0.612477
vt 0.616400 0.613378
vt 0.542841 0.833450
vt 0.543305 0.832672
vt 0.612102 0.611818
vt 0.612110 0.612475
vt 0.612105 0.613376
vt 0.580605 0.285096
vt 0.586474 0.298576
vt 0.608273 0.713539
vt 0.604121 0.713542
vt 0.612452 0.713538
vt 0.616619 0.713539
vt 0.616162 0.713539
vt 0.620732 0.713542
vt 0.620281 0.713542
vt 0.624753 0.713548
vt 0.624311 0.713547
vt 0.628642 0.713555
vt 0.628214 0.713554
vt 0.632362 0.713564
vt 0.631953 0.713563
vt 0.635877 0.713575
vt 0.635490 0.713574
vt 0.639154 0.713588
vt 0.638793 0.713587
vt 0.642161 0.713603
vt 0.641828 0.713601
vt 0.590519 0.384751
vt 0.590165 0.384769
vt 0.587676 0.384909
vt 0.593580 0.384613
vt 0.593199 0.384628
vt 0.596830 0.384496
vt 0.596426 0.384509
vt 0.600237 0.384401
vt 0.599814 0.384411
vt 0.603769 0.384328
vt 0.603330 0.384337
vt 0.607391 0.384280
vt 0.606941 0.384285
vt 0.611068 0.384256
vt 0.614766 0.384256
vt 0.617992 0.384277
vt 0.618449 0.384280
vt 0.621630 0.384323
vt 0.622080 0.384328
vt 0.625187 0.384393
vt 0.625626 0.384401
vt 0.628628 0.384486
vt 0.629051 0.384496
vt 0.631920 0.384600
vt 0.632324 0.384613
vt 0.635031 0.384736
vt 0.635412 0.384751
vt 0.637932 0.384892
vt 0.638286 0.384909
vt 0.584663 0.494276
vt 0.582092 0.494252
vt 0.590286 0.437254
vt 0.584976 0.494279
vt 0.587798 0.494301
vt 0.588143 0.494304
vt 0.591190 0.494323
vt 0.591562 0.494325
vt 0.594803 0.494341
vt 0.595200 0.494344
vt 0.598605 0.494357
vt 0.599022 0.494359
vt 0.602558 0.494369
vt 0.602991 0.494370
vt 0.606624 0.494377
vt 0.607070 0.494378
vt 0.611219 0.494382
vt 0.615397 0.494382
vt 0.619565 0.494378
vt 0.619108 0.494379
vt 0.623683 0.494371
vt 0.623231 0.494372
vt 0.627710 0.494360
vt 0.627268 0.494362
vt 0.631608 0.494346
vt 0.631180 0.494348
vt 0.635340 0.494328
vt 0.634930 0.494330
vt 0.638870 0.494307
vt 0.638481 0.494310
vt 0.642163 0.494283
vt 0.641800 0.494286
vt 0.645188 0.494256
vt 0.644853 0.494259
vt 0.638830 0.502089
vt 0.636204 0.502166
vt 0.636534 0.502157
vt 0.633334 0.502234
vt 0.633694 0.502226
vt 0.630248 0.502293
vt 0.630634 0.502286
vt 0.626977 0.502342
vt 0.627385 0.502336
vt 0.623550 0.502380
vt 0.623977 0.502376
vt 0.620002 0.502408
vt 0.620443 0.502405
vt 0.616366 0.502425
vt 0.612678 0.502431
vt 0.609431 0.502426
vt 0.608973 0.502425
vt 0.605742 0.502410
vt 0.605287 0.502408
vt 0.602102 0.502383
vt 0.601655 0.502380
vt 0.598548 0.502346
vt 0.598112 0.502342
vt 0.595112 0.502298
vt 0.594692 0.502293
vt 0.591829 0.502240
vt 0.591429 0.502234
vt 0.588729 0.502173
vt 0.588353 0.502166
vt 0.585843 0.502097
vt 0.585495 0.502089
vt 0.584790 0.713590
vt 0.581952 0.713603
vt 0.585137 0.713588
vt 0.588198 0.713577
vt 0.588572 0.713575
vt 0.591826 0.713565
vt 0.592224 0.713564
vt 0.595639 0.713556
vt 0.596057 0.713555
vt 0.599601 0.713548
vt 0.600035 0.713548
vt 0.603674 0.713543
vt 0.409251 0.587688
vt 0.431203 0.578929
vt 0.432218 0.643125
vt 0.418105 0.648756
vt 0.437077 0.576589
vt 0.436000 0.641619
vt 0.441016 0.575023
vt 0.438541 0.640609
vt 0.443903 0.573880
vt 0.440411 0.639870
vt 0.446051 0.573035
vt 0.441810 0.639321
vt 0.423462 0.194001
vt 0.426073 0.193913
vt 0.433122 0.255524
vt 0.431081 0.255581
vt 0.430075 0.193862
vt 0.436240 0.255491
vt 0.445270 0.193845
vt 0.448061 0.255481
vt 0.460494 0.193862
vt 0.459899 0.255491
vt 0.464581 0.193913
vt 0.463073 0.255525
vt 0.467337 0.194001
vt 0.465206 0.255581
vt 0.469375 0.194130
vt 0.466777 0.255664
vt 0.228022 0.192585
vt 0.230880 0.192973
vt 0.250395 0.255934
vt 0.248574 0.255686
vt 0.234931 0.193511
vt 0.252989 0.256280
vt 0.241111 0.194322
vt 0.256955 0.256802
vt 0.264505 0.197373
vt 0.271992 0.258763
vt 0.287929 0.200425
vt 0.287053 0.260725
vt 0.294200 0.201237
vt 0.291091 0.261247
vt 0.298409 0.201775
vt 0.293807 0.261593
vt 0.301499 0.202163
vt 0.295809 0.261843
vt 0.303803 0.202444
vt 0.297312 0.262023
vt 0.524260 0.765558
vt 0.521784 0.765614
vt 0.518911 0.705708
vt 0.520862 0.705670
vt 0.517878 0.765663
vt 0.515859 0.705743
vt 0.502812 0.765765
vt 0.504136 0.705821
vt 0.487673 0.765852
vt 0.492366 0.705890
vt 0.483546 0.765854
vt 0.489171 0.705894
vt 0.480693 0.765831
vt 0.486977 0.705882
vt 0.478497 0.765784
vt 0.485306 0.705854
vt 0.375042 0.601359
vt 0.377729 0.600278
vt 0.397857 0.656844
vt 0.396143 0.657535
vt 0.381531 0.598754
vt 0.400292 0.655868
vt 0.387326 0.596439
vt 0.404012 0.654381
vt 0.411137 0.719384
vt 0.403295 0.722513
vt 0.444335 0.321562
vt 0.442870 0.321593
vt 0.446567 0.321543
vt 0.455012 0.321537
vt 0.463466 0.321543
vt 0.465728 0.321562
vt 0.297158 0.325511
vt 0.294960 0.325221
vt 0.305510 0.326601
vt 0.313878 0.327691
vt 0.316127 0.327981
vt 0.395467 0.725638
vt 0.393406 0.726462
vt 0.656140 0.347250
vt 0.657648 0.346769
vt 0.664952 0.408989
vt 0.663903 0.409115
vt 0.659906 0.346530
vt 0.666529 0.408945
vt 0.668365 0.346688
vt 0.672449 0.409096
vt 0.676818 0.347048
vt 0.678367 0.409308
vt 0.679057 0.347425
vt 0.679939 0.409449
vt 0.413302 0.718346
vt 0.413249 0.718471
vt 0.413072 0.718614
vt 0.413163 0.718613
vt 0.413067 0.718734
vt 0.655074 0.348235
vt 0.655055 0.348094
vt 0.655195 0.347888
vt 0.655036 0.347953
vt 0.655021 0.347850
vt 0.467240 0.321428
vt 0.467245 0.321525
vt 0.467068 0.321589
vt 0.680536 0.347960
vt 0.680534 0.348094
vt 0.680361 0.347932
vt 0.680535 0.348226
vt 0.293736 0.325159
vt 0.293618 0.325071
vt 0.293696 0.325052
vt 0.293502 0.324959
vt 0.293420 0.324855
vt 0.317581 0.327992
vt 0.317635 0.328101
vt 0.317469 0.328151
vt 0.317717 0.328216
vt 0.317805 0.328307
vt 0.391936 0.727179
vt 0.392001 0.727065
vt 0.392218 0.726939
vt 0.392052 0.726929
vt 0.392077 0.726809
vt 0.719299 0.101016
vt 0.718484 0.100220
vt 0.718558 0.100168
vt 0.719243 0.100835
vt 0.719350 0.101149
vt 0.718428 0.100249
vt 0.320005 0.144296
vt 0.320022 0.144206
vt 0.716628 0.096751
vt 0.716543 0.096784
vt 0.316294 0.143668
vt 0.320013 0.144136
vt 0.316289 0.143735
vt 0.316267 0.143825
vt 0.715016 0.091856
vt 0.714926 0.091875
vt 0.311206 0.143015
vt 0.311191 0.143082
vt 0.311166 0.143172
vt 0.713543 0.084343
vt 0.713452 0.084354
vt 0.303605 0.142031
vt 0.303585 0.142097
vt 0.303560 0.142187
vt 0.710097 0.055796
vt 0.710005 0.055805
vt 0.275169 0.138326
vt 0.275152 0.138393
vt 0.275133 0.138484
vt 0.707053 0.027202
vt 0.706961 0.027209
vt 0.246767 0.134622
vt 0.246752 0.134689
vt 0.246740 0.134780
vt 0.706803 0.019551
vt 0.706710 0.019550
vt 0.706893 0.027216
vt 0.706643 0.019551
vt 0.239248 0.133704
vt 0.239236 0.133796
vt 0.707277 0.014419
vt 0.707185 0.014403
vt 0.707119 0.014395
vt 0.234326 0.133051
vt 0.234311 0.133143
vt 0.708391 0.010657
vt 0.708306 0.010620
vt 0.708244 0.010596
vt 0.230849 0.132582
vt 0.230831 0.132673
vt 0.710198 0.007847
vt 0.710129 0.007785
vt 0.710078 0.007744
vt 0.228431 0.132244
vt 0.228408 0.132334
vt 0.712913 0.005763
vt 0.712868 0.005683
vt 0.712835 0.005629
vt 0.463613 0.133814
vt 0.466675 0.133920
vt 0.466691 0.134012
vt 0.463622 0.133905
vt 0.717219 0.004230
vt 0.717197 0.004142
vt 0.459068 0.133688
vt 0.463589 0.133750
vt 0.459074 0.133751
vt 0.459078 0.133842
vt 0.719350 0.003853
vt 0.719232 0.003960
vt 0.414725 0.717782
vt 0.414671 0.717907
vt 0.414583 0.718050
vt 0.414485 0.718171
vt 0.415779 0.717367
vt 0.415722 0.717493
vt 0.654228 0.349004
vt 0.654249 0.349144
vt 0.654268 0.349284
vt 0.468353 0.321473
vt 0.468357 0.321571
vt 0.681587 0.348767
vt 0.681585 0.348901
vt 0.681584 0.349033
vt 0.292420 0.324717
vt 0.292503 0.324821
vt 0.682328 0.349866
vt 0.682326 0.349998
vt 0.682324 0.350130
vt 0.318710 0.328131
vt 0.318762 0.328239
vt 0.318842 0.328354
vt 0.318928 0.328445
vt 0.525199 0.643708
vt 0.524231 0.643735
vt 0.524240 0.643636
vt 0.525207 0.643609
vt 0.707459 0.230603
vt 0.708566 0.231332
vt 0.708567 0.231423
vt 0.707461 0.230696
vt 0.708566 0.231518
vt 0.707461 0.230793
vt 0.522817 0.643758
vt 0.522826 0.643660
vt 0.522842 0.643559
vt 0.524254 0.643536
vt 0.710080 0.231887
vt 0.710078 0.231980
vt 0.520623 0.643780
vt 0.520634 0.643682
vt 0.520651 0.643582
vt 0.712339 0.232099
vt 0.712336 0.232192
vt 0.512236 0.643836
vt 0.512253 0.643737
vt 0.512278 0.643637
vt 0.720792 0.231844
vt 0.720782 0.231938
vt 0.503824 0.643886
vt 0.503847 0.643787
vt 0.503879 0.643686
vt 0.729236 0.231387
vt 0.729219 0.231482
vt 0.501550 0.643892
vt 0.501575 0.643793
vt 0.501609 0.643691
vt 0.731470 0.230985
vt 0.731451 0.231082
vt 0.500001 0.643888
vt 0.500027 0.643788
vt 0.500063 0.643685
vt 0.732938 0.230397
vt 0.732918 0.230496
vt 0.498834 0.643874
vt 0.498861 0.643774
vt 0.498899 0.643670
vt 0.498937 0.643591
vt 0.500099 0.643607
vt 0.391135 0.727190
vt 0.391112 0.727310
vt 0.391063 0.727444
vt 0.391001 0.727556
vt 0.367011 0.765970
vt 0.369387 0.765026
vt 0.369288 0.765133
vt 0.366926 0.766073
vt 0.661827 0.413144
vt 0.661977 0.410605
vt 0.662059 0.410716
vt 0.661910 0.413237
vt 0.662155 0.410771
vt 0.662009 0.413273
vt 0.661932 0.410466
vt 0.662171 0.409801
vt 0.662211 0.409946
vt 0.662285 0.410078
vt 0.662371 0.410161
vt 0.662555 0.409365
vt 0.662638 0.409462
vt 0.662826 0.409462
vt 0.663071 0.409365
vt 0.681722 0.409645
vt 0.682255 0.409982
vt 0.682238 0.410127
vt 0.681623 0.409736
vt 0.682192 0.410269
vt 0.681351 0.409734
vt 0.682129 0.410372
vt 0.680978 0.409639
vt 0.682612 0.410436
vt 0.682589 0.410575
vt 0.682527 0.410700
vt 0.682443 0.410777
vt 0.682807 0.411111
vt 0.682781 0.411245
vt 0.682713 0.411351
vt 0.682621 0.411399
vt 0.349544 0.359440
vt 0.352068 0.359767
vt 0.352179 0.359844
vt 0.349669 0.359518
vt 0.682774 0.413790
vt 0.682706 0.413876
vt 0.682614 0.413905
vt 0.354612 0.360100
vt 0.354703 0.360174
vt 0.682625 0.416334
vt 0.682559 0.416397
vt 0.682467 0.416407
vt 0.355310 0.360193
vt 0.355387 0.360263
vt 0.682391 0.417001
vt 0.682332 0.417038
vt 0.682251 0.417017
vt 0.355793 0.360255
vt 0.355857 0.360322
vt 0.355870 0.360366
vt 0.355423 0.360311
vt 0.681972 0.417450
vt 0.681913 0.417402
vt 0.706643 0.271597
vt 0.707199 0.271902
vt 0.707208 0.271967
vt 0.706658 0.271668
vt 0.706713 0.659279
vt 0.706705 0.658788
vt 0.706747 0.658764
vt 0.706755 0.659239
vt 0.681443 0.417743
vt 0.681408 0.417681
vt 0.707962 0.272107
vt 0.707965 0.272168
vt 0.706699 0.658075
vt 0.706741 0.658063
vt 0.680701 0.417948
vt 0.680684 0.417881
vt 0.709015 0.272224
vt 0.709014 0.272283
vt 0.706696 0.657061
vt 0.706736 0.657058
vt 0.679663 0.418073
vt 0.679657 0.418004
vt 0.710595 0.272251
vt 0.710591 0.272310
vt 0.706693 0.655511
vt 0.706734 0.655514
vt 0.678092 0.418117
vt 0.678092 0.418048
vt 0.716523 0.272031
vt 0.716513 0.272090
vt 0.706692 0.649638
vt 0.706733 0.649646
vt 0.672174 0.417966
vt 0.672179 0.417897
vt 0.722449 0.271749
vt 0.722433 0.271809
vt 0.706693 0.643756
vt 0.706734 0.643771
vt 0.666257 0.417754
vt 0.666268 0.417685
vt 0.724022 0.271588
vt 0.724003 0.271649
vt 0.706695 0.642182
vt 0.706737 0.642203
vt 0.664692 0.417614
vt 0.664709 0.417546
vt 0.725061 0.271381
vt 0.725038 0.271445
vt 0.706699 0.641127
vt 0.706741 0.641157
vt 0.663663 0.417425
vt 0.663691 0.417359
vt 0.706643 0.641093
vt 0.706647 0.640314
vt 0.706704 0.640355
vt 0.706747 0.640398
vt 0.662935 0.417175
vt 0.662980 0.417116
vt 0.706653 0.639732
vt 0.706711 0.639781
vt 0.706755 0.639844
vt 0.662425 0.416849
vt 0.662494 0.416806
vt 0.363622 0.767335
vt 0.364019 0.767170
vt 0.363963 0.767259
vt 0.363577 0.767418
vt 0.662365 0.416829
vt 0.662014 0.416372
vt 0.662090 0.416416
vt 0.662180 0.416401
vt 0.364639 0.766917
vt 0.364571 0.767013
vt 0.661820 0.415692
vt 0.661904 0.415763
vt 0.662002 0.415779
vt 0.400359 0.568629
vt 0.376789 0.578036
vt 0.719138 0.100476
vt 0.717850 0.005308
vt 0.715821 0.007995
vt 0.714157 0.011036
vt 0.712839 0.014477
vt 0.711857 0.018385
vt 0.711212 0.022864
vt 0.710917 0.028097
vt 0.711007 0.034453
vt 0.711590 0.042909
vt 0.713907 0.064414
vt 0.716472 0.085891
vt 0.717801 0.094262
vt 0.423957 0.559214
vt 0.430270 0.556698
vt 0.432826 0.555682
vt 0.434502 0.555016
vt 0.436376 0.554274
vt 0.437603 0.553788
vt 0.438996 0.553239
vt 0.439907 0.552881
vt 0.423192 0.172657
vt 0.424205 0.172456
vt 0.421529 0.172940
vt 0.421655 0.172936
vt 0.426730 0.172126
vt 0.428313 0.171763
vt 0.425637 0.172356
vt 0.431022 0.171696
vt 0.437188 0.171246
vt 0.226039 0.192307
vt 0.522271 0.801521
vt 0.525207 0.818790
vt 0.518058 0.787230
vt 0.518019 0.787221
vt 0.520401 0.790280
vt 0.519615 0.788512
vt 0.516166 0.786767
vt 0.502365 0.786861
vt 0.486636 0.786951
vt 0.483958 0.786952
vt 0.482345 0.786952
vt 0.479374 0.786927
vt 0.480493 0.786937
vt 0.477082 0.786877
vt 0.477948 0.786897
vt 0.365321 0.582626
vt 0.366469 0.582164
vt 0.363577 0.583328
vt 0.368936 0.581176
vt 0.370559 0.580526
vt 0.653696 0.350758
vt 0.370027 0.764776
vt 0.663144 0.409325
vt 0.441803 0.321469
vt 0.429646 0.255664
vt 0.441979 0.321633
vt 0.680978 0.409639
vt 0.682381 0.350079
vt 0.682807 0.351410
vt 0.706643 0.229755
vt 0.319567 0.328232
vt 0.733957 0.229682
vt 0.725805 0.271111
vt 0.734684 0.228581
vt 0.726335 0.270758
vt 0.348900 0.359360
vt 0.314783 0.561833
vt 0.338184 0.558522
vt 0.323742 0.621146
vt 0.308697 0.623274
vt 0.344446 0.557639
vt 0.327773 0.620578
vt 0.348644 0.557051
vt 0.330481 0.620199
vt 0.351720 0.556624
vt 0.332473 0.619924
vt 0.354007 0.556312
vt 0.333962 0.619722
vt 0.363577 0.194001
vt 0.366188 0.193913
vt 0.370243 0.255524
vt 0.368202 0.255581
vt 0.370190 0.193862
vt 0.373361 0.255491
vt 0.385386 0.193845
vt 0.385182 0.255481
vt 0.400609 0.193862
vt 0.397020 0.255491
vt 0.404696 0.193913
vt 0.400193 0.255525
vt 0.407452 0.194001
vt 0.402327 0.255581
vt 0.409490 0.194130
vt 0.403898 0.255664
vt 0.363577 0.349444
vt 0.366237 0.350559
vt 0.368992 0.416494
vt 0.367297 0.415781
vt 0.370010 0.352130
vt 0.371407 0.417500
vt 0.375767 0.354516
vt 0.375102 0.419033
vt 0.397569 0.363532
vt 0.389115 0.424828
vt 0.419400 0.372555
vt 0.403152 0.430629
vt 0.425246 0.374966
vt 0.406916 0.432180
vt 0.429171 0.376578
vt 0.409450 0.433220
vt 0.432054 0.377754
vt 0.411318 0.433980
vt 0.434207 0.378622
vt 0.412723 0.434544
vt 0.522830 0.576923
vt 0.520354 0.576901
vt 0.516404 0.516858
vt 0.518355 0.516882
vt 0.516448 0.576826
vt 0.513352 0.516796
vt 0.501386 0.576451
vt 0.501632 0.516504
vt 0.486252 0.576060
vt 0.489866 0.516201
vt 0.482127 0.575931
vt 0.486672 0.516104
vt 0.479276 0.575818
vt 0.484480 0.516022
vt 0.477082 0.575702
vt 0.482811 0.515941
vt 0.278310 0.567013
vt 0.281176 0.566599
vt 0.287109 0.626337
vt 0.285280 0.626602
vt 0.285231 0.566019
vt 0.289706 0.625965
vt 0.291409 0.565142
vt 0.293672 0.625401
vt 0.284525 0.690286
vt 0.276164 0.691468
vt 0.286769 0.689970
vt 0.374705 0.321543
vt 0.372473 0.321562
vt 0.383150 0.321537
vt 0.391604 0.321543
vt 0.393867 0.321562
vt 0.395383 0.321593
vt 0.404609 0.499234
vt 0.396825 0.496015
vt 0.412408 0.502458
vt 0.414505 0.503321
vt 0.267819 0.692650
vt 0.265621 0.692963
vt 0.656944 0.426871
vt 0.659180 0.426476
vt 0.658121 0.488746
vt 0.656551 0.488900
vt 0.667630 0.426049
vt 0.664037 0.488488
vt 0.676087 0.425824
vt 0.669956 0.488290
vt 0.678347 0.426045
vt 0.671533 0.488322
vt 0.679859 0.426515
vt 0.672583 0.488440
vt 0.288389 0.689583
vt 0.288308 0.689689
vt 0.288106 0.689784
vt 0.288193 0.689801
vt 0.288075 0.689891
vt 0.655473 0.427683
vt 0.655472 0.427551
vt 0.655644 0.427387
vt 0.655470 0.427417
vt 0.655466 0.427318
vt 0.680983 0.427106
vt 0.680969 0.427209
vt 0.680809 0.427145
vt 0.680950 0.427351
vt 0.680933 0.427492
vt 0.394958 0.495357
vt 0.394860 0.495234
vt 0.394945 0.495234
vt 0.394772 0.495090
vt 0.394717 0.494963
vt 0.415904 0.503706
vt 0.415931 0.503828
vt 0.415757 0.503833
vt 0.415984 0.503965
vt 0.416051 0.504081
vt 0.264029 0.693304
vt 0.264116 0.693212
vt 0.264354 0.693145
vt 0.264197 0.693096
vt 0.264249 0.692987
vt 0.303483 0.503065
vt 0.275114 0.507080
vt 0.275092 0.506991
vt 0.303467 0.502974
vt 0.663109 0.859051
vt 0.659662 0.887597
vt 0.659594 0.887596
vt 0.663041 0.859047
vt 0.659502 0.887586
vt 0.662949 0.859038
vt 0.658030 0.895098
vt 0.658120 0.895117
vt 0.658187 0.895123
vt 0.267590 0.508056
vt 0.267612 0.508146
vt 0.656417 0.899993
vt 0.656503 0.900026
vt 0.656567 0.900041
vt 0.262664 0.508759
vt 0.262683 0.508849
vt 0.654488 0.903410
vt 0.654562 0.903462
vt 0.654618 0.903491
vt 0.259179 0.509262
vt 0.259194 0.509352
vt 0.653746 0.904258
vt 0.653803 0.904078
vt 0.653696 0.904391
vt 0.653696 0.807096
vt 0.655849 0.807385
vt 0.655827 0.807473
vt 0.653814 0.807202
vt 0.371381 0.133751
vt 0.371394 0.133688
vt 0.371375 0.133842
vt 0.660133 0.809005
vt 0.660178 0.808925
vt 0.655865 0.807325
vt 0.660211 0.808871
vt 0.366946 0.133814
vt 0.366934 0.133905
vt 0.662848 0.811089
vt 0.662917 0.811027
vt 0.662968 0.810986
vt 0.364059 0.133920
vt 0.364041 0.134012
vt 0.664655 0.813899
vt 0.664740 0.813862
vt 0.664802 0.813838
vt 0.348270 0.496654
vt 0.351025 0.496277
vt 0.351047 0.496366
vt 0.348286 0.496744
vt 0.665769 0.817662
vt 0.665860 0.817646
vt 0.665927 0.817637
vt 0.344552 0.497171
vt 0.344564 0.497262
vt 0.666243 0.822793
vt 0.666336 0.822792
vt 0.666403 0.822793
vt 0.339467 0.497884
vt 0.339477 0.497976
vt 0.665993 0.830445
vt 0.666085 0.830452
vt 0.666152 0.830458
vt 0.331873 0.498955
vt 0.331882 0.499047
vt 0.289510 0.689430
vt 0.289428 0.689535
vt 0.289313 0.689647
vt 0.653696 0.429470
vt 0.654428 0.428366
vt 0.654430 0.428498
vt 0.653698 0.429601
vt 0.654421 0.428134
vt 0.654425 0.428233
vt 0.681799 0.428151
vt 0.681785 0.428254
vt 0.681765 0.428394
vt 0.681747 0.428535
vt 0.393382 0.494406
vt 0.393438 0.494533
vt 0.393528 0.494677
vt 0.682350 0.429864
vt 0.682331 0.430003
vt 0.416958 0.504134
vt 0.416983 0.504254
vt 0.417034 0.504390
vt 0.417099 0.504505
vt 0.515756 0.454864
vt 0.514788 0.454860
vt 0.514781 0.454760
vt 0.515748 0.454763
vt 0.514771 0.454657
vt 0.515738 0.454660
vt 0.706643 0.280016
vt 0.707683 0.280833
vt 0.707703 0.280932
vt 0.706664 0.280118
vt 0.513373 0.454838
vt 0.513367 0.454739
vt 0.513359 0.454637
vt 0.709151 0.281422
vt 0.709170 0.281518
vt 0.511179 0.454790
vt 0.511175 0.454691
vt 0.511169 0.454590
vt 0.711385 0.281823
vt 0.711401 0.281918
vt 0.502795 0.454580
vt 0.502797 0.454482
vt 0.502798 0.454381
vt 0.719829 0.282280
vt 0.719839 0.282374
vt 0.494386 0.454364
vt 0.494393 0.454266
vt 0.494401 0.454166
vt 0.728281 0.282535
vt 0.728285 0.282628
vt 0.492113 0.454298
vt 0.492122 0.454199
vt 0.492133 0.454099
vt 0.730541 0.282322
vt 0.730543 0.282416
vt 0.490565 0.454244
vt 0.490575 0.454146
vt 0.490586 0.454045
vt 0.732054 0.281859
vt 0.732055 0.281954
vt 0.489399 0.454193
vt 0.489410 0.454095
vt 0.489423 0.453994
vt 0.733160 0.281132
vt 0.733160 0.281229
vt 0.263244 0.693134
vt 0.263193 0.693243
vt 0.263115 0.693358
vt 0.733979 0.280092
vt 0.733978 0.280191
vt 0.229719 0.725155
vt 0.232252 0.724800
vt 0.232130 0.724879
vt 0.229612 0.725233
vt 0.653749 0.493262
vt 0.653722 0.490718
vt 0.653791 0.490823
vt 0.653818 0.493348
vt 0.653884 0.490870
vt 0.653911 0.493376
vt 0.653696 0.490584
vt 0.653886 0.489908
vt 0.653910 0.490047
vt 0.653973 0.490171
vt 0.654057 0.490247
vt 0.654238 0.489451
vt 0.654257 0.489595
vt 0.654304 0.489737
vt 0.654368 0.489840
vt 0.654769 0.489109
vt 0.654869 0.489199
vt 0.655141 0.489195
vt 0.655513 0.489098
vt 0.673933 0.488678
vt 0.674321 0.489111
vt 0.674281 0.489257
vt 0.673851 0.488776
vt 0.674209 0.489390
vt 0.673663 0.488778
vt 0.674123 0.489473
vt 0.673417 0.488683
vt 0.674565 0.489775
vt 0.674521 0.489914
vt 0.674440 0.490026
vt 0.674344 0.490081
vt 0.439570 0.542629
vt 0.441922 0.543598
vt 0.442013 0.543704
vt 0.439675 0.542739
vt 0.674691 0.492452
vt 0.674608 0.492545
vt 0.674511 0.492582
vt 0.444291 0.544576
vt 0.444365 0.544676
vt 0.674718 0.494999
vt 0.674635 0.495071
vt 0.674537 0.495088
vt 0.444941 0.544847
vt 0.445002 0.544939
vt 0.674530 0.495681
vt 0.674454 0.495726
vt 0.674364 0.495711
vt 0.445392 0.545033
vt 0.445442 0.545119
vt 0.445446 0.545167
vt 0.445028 0.544998
vt 0.674122 0.496162
vt 0.674053 0.496119
vt 0.706649 0.632025
vt 0.706643 0.631527
vt 0.706700 0.631505
vt 0.706707 0.631996
vt 0.706742 0.631462
vt 0.706751 0.631938
vt 0.673615 0.496491
vt 0.673569 0.496433
vt 0.714816 0.321547
vt 0.715560 0.321817
vt 0.715584 0.321881
vt 0.714845 0.321616
vt 0.706694 0.630792
vt 0.706736 0.630762
vt 0.672889 0.496747
vt 0.672860 0.496682
vt 0.716600 0.322024
vt 0.716619 0.322085
vt 0.706690 0.629778
vt 0.706731 0.629756
vt 0.671861 0.496944
vt 0.671844 0.496876
vt 0.718172 0.322185
vt 0.718189 0.322245
vt 0.706687 0.628228
vt 0.706728 0.628212
vt 0.670297 0.497097
vt 0.670286 0.497028
vt 0.724098 0.322467
vt 0.724108 0.322526
vt 0.706683 0.622354
vt 0.706724 0.622344
vt 0.664383 0.497355
vt 0.664377 0.497286
vt 0.730027 0.322687
vt 0.730031 0.322745
vt 0.706680 0.616472
vt 0.706721 0.616469
vt 0.658466 0.497553
vt 0.658465 0.497484
vt 0.731607 0.322660
vt 0.731608 0.322719
vt 0.706682 0.614899
vt 0.706723 0.614901
vt 0.656895 0.497521
vt 0.656900 0.497452
vt 0.732659 0.322543
vt 0.732656 0.322604
vt 0.706685 0.613844
vt 0.706726 0.613855
vt 0.655855 0.497404
vt 0.655872 0.497337
vt 0.733422 0.322338
vt 0.733414 0.322402
vt 0.706690 0.613072
vt 0.706732 0.613097
vt 0.655112 0.497205
vt 0.655146 0.497143
vt 0.733979 0.322032
vt 0.733963 0.322103
vt 0.706698 0.612499
vt 0.706740 0.612543
vt 0.654581 0.496916
vt 0.654639 0.496868
vt 0.226101 0.725680
vt 0.226525 0.725615
vt 0.226452 0.725686
vt 0.226039 0.725748
vt 0.706708 0.612081
vt 0.706751 0.612143
vt 0.654217 0.496507
vt 0.654298 0.496485
vt 0.227188 0.725516
vt 0.227101 0.725590
vt 0.654158 0.496471
vt 0.653919 0.495806
vt 0.653986 0.495868
vt 0.654077 0.495877
vt 0.655196 0.808550
vt 0.653907 0.903719
vt 0.655245 0.897505
vt 0.656574 0.889133
vt 0.659139 0.867656
vt 0.661456 0.846151
vt 0.662039 0.837695
vt 0.662129 0.831339
vt 0.661834 0.826106
vt 0.661189 0.821627
vt 0.660207 0.817720
vt 0.658889 0.814278
vt 0.657225 0.811237
vt 0.399572 0.171692
vt 0.402286 0.171763
vt 0.393391 0.171235
vt 0.404864 0.172293
vt 0.405144 0.172356
vt 0.406488 0.172456
vt 0.409198 0.172936
vt 0.409321 0.172940
vt 0.408249 0.172758
vt 0.411443 0.173079
vt 0.410644 0.173024
vt 0.372681 0.330540
vt 0.369817 0.329340
vt 0.371543 0.330063
vt 0.375129 0.331559
vt 0.376740 0.332229
vt 0.382930 0.334795
vt 0.406367 0.344486
vt 0.429835 0.354186
vt 0.436118 0.356777
vt 0.438665 0.357824
vt 0.440335 0.358510
vt 0.442206 0.359273
vt 0.443430 0.359773
vt 0.444827 0.360336
vt 0.445739 0.360705
vt 0.523012 0.598048
vt 0.522053 0.598041
vt 0.524619 0.598062
vt 0.519519 0.597993
vt 0.518000 0.597964
vt 0.502353 0.597576
vt 0.488489 0.597216
vt 0.486638 0.597635
vt 0.484200 0.600649
vt 0.482489 0.611813
vt 0.486597 0.597644
vt 0.484986 0.598895
vt 0.479516 0.629051
vt 0.478071 0.635829
vt 0.477082 0.635774
vt 0.479308 0.630064
vt 0.233395 0.724652
vt 0.232929 0.724711
vt 0.366767 0.255664
vt 0.371001 0.321428
vt 0.369965 0.321473
vt 0.655513 0.489098
vt 0.371179 0.321589
vt 0.392452 0.494013
vt 0.396340 0.321633
vt 0.396514 0.321469
vt 0.673344 0.488643
vt 0.438966 0.542381
vt 0.445739 0.545174
vt 0.417760 0.504454
vt 0.664643 0.135754
vt 0.664136 0.003881
vt 0.666372 0.003853
vt 0.666804 0.135764
vt 0.668609 0.003867
vt 0.668964 0.135740
vt 0.670824 0.003883
vt 0.671104 0.135719
vt 0.672997 0.003902
vt 0.673202 0.135701
vt 0.675105 0.003924
vt 0.675239 0.135686
vt 0.677129 0.003947
vt 0.677195 0.135675
vt 0.679050 0.003973
vt 0.679050 0.135668
vt 0.581518 0.274500
vt 0.580605 0.143292
vt 0.582491 0.143455
vt 0.583332 0.274628
vt 0.584614 0.143606
vt 0.585372 0.274746
vt 0.586953 0.143743
vt 0.587620 0.274853
vt 0.588865 0.274902
vt 0.587065 0.143748
vt 0.589486 0.143938
vt 0.590054 0.274912
vt 0.592187 0.144108
vt 0.592651 0.274930
vt 0.595032 0.144250
vt 0.595385 0.274946
vt 0.597991 0.144362
vt 0.598230 0.274957
vt 0.601038 0.144443
vt 0.601159 0.274966
vt 0.604143 0.144491
vt 0.604144 0.274971
vt 0.607276 0.144508
vt 0.607156 0.274973
vt 0.610406 0.144491
vt 0.610165 0.274971
vt 0.613504 0.144443
vt 0.613143 0.274966
vt 0.616539 0.144362
vt 0.616062 0.274957
vt 0.619484 0.144250
vt 0.618892 0.274945
vt 0.622308 0.144108
vt 0.621607 0.274930
vt 0.624986 0.143938
vt 0.624180 0.274912
vt 0.627382 0.143748
vt 0.627491 0.143743
vt 0.626587 0.274853
vt 0.625363 0.274902
vt 0.629799 0.143606
vt 0.628805 0.274746
vt 0.631888 0.143455
vt 0.630812 0.274628
vt 0.633737 0.143292
vt 0.632590 0.274500
vt 0.581035 0.933815
vt 0.580605 0.802155
vt 0.582525 0.802089
vt 0.582891 0.933784
vt 0.584550 0.802030
vt 0.584846 0.933761
vt 0.586658 0.801979
vt 0.586883 0.933747
vt 0.588830 0.801938
vt 0.588982 0.933743
vt 0.591045 0.801904
vt 0.591121 0.933748
vt 0.593282 0.801880
vt 0.593282 0.933762
vt 0.595519 0.801904
vt 0.595443 0.933748
vt 0.597734 0.801938
vt 0.597582 0.933743
vt 0.599906 0.801979
vt 0.599681 0.933747
vt 0.602014 0.802030
vt 0.601718 0.933761
vt 0.604039 0.802089
vt 0.603673 0.933784
vt 0.605959 0.802155
vt 0.605529 0.933815
vt 0.580605 0.004233
vt 0.582483 0.004114
vt 0.583496 0.135439
vt 0.581691 0.135585
vt 0.584599 0.004004
vt 0.585530 0.135306
vt 0.586931 0.003904
vt 0.587771 0.135184
vt 0.587042 0.003900
vt 0.589458 0.003888
vt 0.590199 0.135040
vt 0.589013 0.135129
vt 0.592154 0.003878
vt 0.592791 0.134883
vt 0.594995 0.003869
vt 0.595521 0.134752
vt 0.597951 0.003862
vt 0.598363 0.134649
vt 0.600996 0.003857
vt 0.601290 0.134575
vt 0.604099 0.003854
vt 0.604273 0.134530
vt 0.607231 0.003853
vt 0.607284 0.134515
vt 0.610362 0.003854
vt 0.610294 0.134530
vt 0.613462 0.003857
vt 0.613274 0.134575
vt 0.616500 0.003862
vt 0.616195 0.134649
vt 0.619448 0.003869
vt 0.619029 0.134752
vt 0.622277 0.003878
vt 0.621748 0.134883
vt 0.624960 0.003888
vt 0.624326 0.135040
vt 0.627471 0.003904
vt 0.626739 0.135184
vt 0.625513 0.135129
vt 0.627361 0.003900
vt 0.629785 0.004004
vt 0.628964 0.135305
vt 0.631882 0.004114
vt 0.630979 0.135440
vt 0.633739 0.004233
vt 0.632764 0.135585
vt 0.653696 0.004056
vt 0.655616 0.004018
vt 0.656412 0.135743
vt 0.654557 0.135748
vt 0.657641 0.003981
vt 0.658368 0.135741
vt 0.659749 0.003945
vt 0.660405 0.135743
vt 0.661921 0.003912
vt 0.662503 0.135747
s 1
usemtl 01_|_satin_forged_steel
f 1011/1193/1011 1015/1194/1012 1380/1195/1013 1372/1196/1014
f 1015/1194/1012 1023/1197/1015 1390/1198/1016 1380/1195/1013
f 1023/1197/1015 1031/1199/1017 1393/1200/1018 1390/1198/1016
f 1031/1199/1017 1043/1201/1019 1402/1202/1020 1393/1200/1018
f 1043/1201/1019 1051/1203/1021 1408/1204/1022 1402/1202/1020
f 1051/1203/1021 1056/1205/1023 1416/1206/1024 1408/1204/1022
f 1056/1205/1023 1067/1207/1025 1425/1208/1026 1416/1206/1024
f 1067/1207/1025 1072/1209/1027 1433/1210/1028 1425/1208/1026
f 1072/1209/1027 1082/1211/1029 1442/1212/1030 1433/1210/1028
f 2671/1213/1031 1442/1214/1030 1082/1215/1029 1093/1216/1032 1454/1217/1033
f 1093/1216/1032 1097/1218/1034 1457/1219/1035 1454/1217/1033
f 1097/1218/1034 1106/1220/1036 1465/1221/1037 1457/1219/1035
f 1106/1220/1036 1114/1222/1038 1475/1223/1039 1465/1221/1037
f 1114/1222/1038 1125/1224/1040 1479/1225/1041 1475/1223/1039
f 2728/1226/1042 1491/1227/1043 1479/1225/1041 1125/1224/1040 1132/1228/1044 2724/1229/1045 2725/1230/1046 2727/1231/1047 2726/1232/1048 2731/1233/1049 2732/1234/1050 2734/1235/1051 2733/1236/1052 2738/1237/1053 2736/1238/1054 2735/1239/1055 2737/1240/1056 2730/1241/1057 2729/1242/1058
f 2746/1243/1059 1496/1244/1060 1491/1227/1043 2728/1226/1042 2752/1245/1061 2751/1246/1062 2758/1247/1063 2753/1248/1064 2755/1249/1065 2754/1250/1066 2757/1251/1067 2756/1252/1068 2747/1253/1069
f 1132/1228/1044 1139/1254/1070 2739/1255/1071 2740/1256/1072 2741/1257/1073 2742/1258/1074 2743/1259/1075 2745/1260/1076 2744/1261/1077 2748/1262/1078 2749/1263/1079 2750/1264/1080 2724/1229/1045
f 1504/1265/1081 1496/1244/1060 2746/1243/1059 2779/1243/1082 2778/1266/1083 2776/1267/1084 2777/1268/1085 2780/1269/1086 2774/1270/1087 2775/1271/1088 2768/1272/1089 2767/1273/1090 2769/1274/1091 2770/1275/1092
f 1139/1254/1070 1143/1276/1093 2765/1277/1094 2764/1278/1095 2766/1279/1096 2771/1280/1097 2762/1281/1098 2763/1282/1099 2761/1283/1100 2760/1284/1101 2759/1285/1102 2772/1286/1103 2773/1255/1104 2739/1255/1071
f 2765/1277/1094 1143/1276/1093 1151/1287/1105 1511/1288/1106 1504/1265/1081 2770/1275/1092 2792/1289/1107 2791/1290/1108 2793/1291/1109 2788/1292/1110 2787/1293/1111 2789/1294/1112 2786/1295/1113 2785/1296/1114 2784/1297/1115 2783/1298/1116 2782/1299/1117 2781/1300/1118 2790/1301/1119
f 1151/1287/1105 1162/1302/1120 1521/1303/1121 1511/1288/1106
f 1162/1302/1120 1172/1304/1122 1531/1305/1123 1521/1303/1121
f 1172/1304/1122 1180/1306/1124 1539/1307/1125 1531/1305/1123
f 1180/1306/1124 1186/1308/1126 1541/1309/1127 1539/1307/1125
f 2619/1310/1128 1541/1309/1127 1186/1308/1126 1198/1311/1129 1545/1312/1130
f 1198/1311/1129 1206/1313/1131 1552/1314/1132 1545/1312/1130
f 1552/1315/1132 1206/1316/1131 1207/1317/1133 1554/1318/1134
f 1207/1317/1133 1215/1319/1135 1558/1320/1136 1554/1318/1134
f 1215/1319/1135 1223/1321/1137 1561/1322/1138 1558/1320/1136
f 1223/1321/1137 1233/1323/1139 1565/1324/1140 1561/1322/1138
f 1233/1323/1139 1244/1325/1141 1570/1326/1142 1565/1324/1140
f 1244/1325/1141 1246/1327/1143 1575/1328/1144 1570/1326/1142
f 1246/1327/1143 1250/1329/1145 1578/1330/1146 1575/1328/1144
f 1578/1330/1146 1250/1329/1145 1255/1331/1147 1582/1332/1148
f 1255/1331/1147 1261/1333/1149 1586/1334/1150 1582/1332/1148
f 1261/1333/1149 1264/1335/1151 1590/1336/1152 1586/1334/1150
f 1590/1336/1152 1264/1335/1151 1266/1337/1153 1593/1338/1154
f 2620/1339/1155 1593/1338/1154 1266/1337/1153 1272/1340/1156 1597/1341/1157
f 1272/1340/1156 1276/1342/1158 1604/1343/1159 1597/1341/1157
f 1276/1342/1158 1280/1344/1160 1605/1345/1161 1604/1343/1159
f 1280/1344/1160 1285/1346/1162 1609/1347/1163 1605/1345/1161
f 1285/1346/1162 1289/1348/1164 1614/1349/1165 1609/1347/1163
f 1289/1348/1164 1291/1350/1166 1618/1351/1167 1614/1349/1165
f 1291/1352/1166 1296/1353/1168 1622/1354/1169 1618/1355/1167
f 1296/1353/1168 1300/1356/1170 1626/1357/1171 1622/1354/1169
f 1300/1356/1170 1301/1358/1172 1634/1359/1173 1626/1357/1171
f 1301/1358/1172 1303/1360/1174 1641/1361/1175 1634/1359/1173
f 1303/1360/1174 1306/1362/1176 1650/1363/1177 1641/1361/1175
f 2800/1364/1178 1661/1365/1179 1650/1363/1177 1306/1362/1176 1308/1366/1180 2794/1367/1181 2795/1368/1182 2798/1369/1183 2797/1370/1184 2796/1371/1185 2803/1372/1186 2804/1373/1187 2805/1374/1188 2808/1375/1189 2806/1376/1190 2807/1377/1191 2799/1378/1192 2801/1379/1193 2802/1380/1194
f 2816/1381/1195 1663/1382/1196 1661/1365/1179 2800/1364/1178 2822/1383/1197 2821/1384/1198 2827/1385/1199 2824/1386/1200 2823/1387/1201 2828/1388/1202 2825/1389/1203 2826/1390/1204 2817/1391/1205
f 2794/1367/1181 1308/1366/1180 1310/1392/1206 2810/1393/1207 2809/1394/1208 2811/1395/1209 2812/1396/1210 2813/1397/1211 2814/1398/1212 2815/1399/1213 2818/1400/1214 2819/1401/1215 2820/1402/1216
f 2841/1403/1217 1672/1404/1218 1663/1382/1196 2816/1381/1195 2848/1381/1219 2849/1405/1220 2846/1406/1221 2847/1407/1222 2850/1408/1223 2844/1409/1224 2845/1410/1225 2839/1411/1226 2838/1412/1227 2840/1413/1228
f 2842/1393/1229 2810/1393/1207 1310/1392/1206 1311/1414/1230 2836/1415/1231 2837/1416/1232 2835/1417/1233 2834/1418/1234 2832/1419/1235 2833/1420/1236 2831/1421/1237 2830/1422/1238 2829/1423/1239 2843/1424/1240
f 1311/1414/1230 1313/1425/1241 1684/1426/1242 1672/1404/1218 2841/1403/1217 2861/1427/1243 2862/1428/1244 2860/1429/1245 2863/1430/1246 2855/1431/1247 2856/1432/1248 2854/1433/1249 2857/1434/1250 2852/1435/1251 2853/1436/1252 2851/1437/1253 2859/1438/1254 2858/1439/1255 2836/1415/1231
f 1313/1425/1241 1315/1440/1256 1693/1441/1257 1684/1426/1242
f 1315/1440/1256 1317/1442/1258 1698/1443/1259 1693/1441/1257
f 1317/1442/1258 1319/1444/1260 1700/1445/1261 1698/1443/1259
f 1319/1444/1260 1322/1446/1262 1706/1447/1263 1700/1445/1261
f 1322/1446/1262 1324/1448/1264 1710/1449/1265 1706/1447/1263
f 1324/1448/1264 1326/1450/1266 1713/1451/1267 1710/1449/1265
f 1326/1452/1266 1330/1453/1268 1717/1454/1269 1713/1455/1267
f 1330/1453/1268 1333/1456/1270 1721/1457/1271 1717/1454/1269
f 1333/1456/1270 1338/1458/1272 1724/1459/1273 1721/1457/1271
f 1338/1458/1272 1342/1460/1274 1730/1461/1275 1724/1459/1273
f 1730/1461/1275 1342/1460/1274 1345/1462/1276 1734/1463/1277 2672/1464/1278
f 1345/1462/1276 1351/1465/1279 1736/1466/1280 1734/1463/1277
f 1351/1465/1279 1365/1467/1281 1741/1468/1282 1736/1466/1280
f 1365/1467/1281 1011/1193/1011 1372/1196/1014 1741/1468/1282
f 1748/1469/1283 2377/1470/1284 2382/1471/1285 1756/1472/1286
f 1756/1473/1286 2382/1474/1285 2384/1475/1287 1753/1476/1287
s 0
f 1753/1476/1288 2384/1475/1288 2380/1477/1288 1745/1478/1288
f 2372/1479/1289 2380/1477/1289 2384/1475/1289 2375/1480/1289
f 2375/1480/1290 2384/1475/1290 2382/1474/1290 2374/1481/1290
s 1
f 2374/1482/1291 2382/1471/1285 2377/1470/1284 2370/1483/1292
s 0
f 2364/1484/1293 2372/1479/1293 2375/1480/1293 2368/1485/1293
f 2368/1485/1294 2375/1480/1294 2374/1481/1294 2366/1486/1294
s 1
f 2366/1487/1295 2374/1482/1291 2370/1483/1292 2362/1488/1296
s 0
f 2356/1489/1297 2364/1484/1297 2368/1485/1297 2359/1490/1297
f 2359/1490/1298 2368/1485/1298 2366/1486/1298 2357/1491/1298
s 1
f 2357/1492/1299 2366/1487/1295 2362/1488/1296 2354/1493/1300
s 0
f 2347/1494/1301 2356/1489/1301 2359/1490/1301 2352/1495/1301
f 2352/1495/1302 2359/1490/1302 2357/1491/1302 2350/1496/1302
s 1
f 2350/1497/1303 2357/1492/1299 2354/1493/1300 2345/1498/1304
s 0
f 2339/1499/1305 2347/1494/1305 2352/1495/1305 2343/1500/1305
f 2343/1500/1306 2352/1495/1306 2350/1496/1306 2342/1501/1306
s 1
f 2342/1502/1307 2350/1497/1303 2345/1498/1304 2338/1503/1308
s 0
f 2331/1504/1309 2339/1499/1309 2343/1500/1309 2335/1505/1309
f 2335/1505/1310 2343/1500/1310 2342/1501/1310 2333/1506/1310
s 1
f 2333/1507/1311 2342/1502/1307 2338/1503/1308 2330/1508/1312
s 0
f 2324/1509/1313 2331/1504/1313 2335/1505/1313 2328/1510/1313
f 2328/1510/1314 2335/1505/1314 2333/1506/1314 2326/1511/1314
s 1
f 2326/1512/1315 2333/1507/1311 2330/1508/1312 2322/1513/1316
s 0
f 2315/1514/1317 2324/1509/1317 2328/1510/1317 2319/1515/1317
f 2319/1515/1318 2328/1510/1318 2326/1511/1318 2317/1516/1318
s 1
f 2317/1517/1319 2326/1518/1315 2322/1519/1316 2313/1520/1320
s 0
f 2307/1521/1321 2315/1514/1321 2319/1515/1321 2311/1522/1321
f 2311/1522/1322 2319/1515/1322 2317/1516/1322 2310/1523/1322
s 1
f 2310/1524/1323 2317/1517/1319 2313/1520/1320 2305/1525/1324
s 0
f 2299/1526/1325 2307/1521/1325 2311/1522/1325 2304/1527/1325
f 2304/1527/1326 2311/1522/1326 2310/1523/1326 2302/1528/1326
s 1
f 2302/1529/1327 2310/1524/1323 2305/1525/1324 2298/1530/1328
s 0
f 2291/1531/1329 2299/1526/1329 2304/1527/1329 2295/1532/1329
f 2295/1532/1330 2304/1527/1330 2302/1528/1330 2293/1533/1330
s 1
f 2293/1534/1331 2302/1529/1327 2298/1530/1328 2290/1535/1332
s 0
f 2284/1536/1333 2291/1531/1333 2295/1532/1333 2288/1537/1333
f 2288/1537/1334 2295/1532/1334 2293/1533/1334 2286/1538/1334
s 1
f 2286/1539/1335 2293/1534/1331 2290/1535/1332 2282/1540/1336
s 0
f 2276/1541/1337 2284/1536/1337 2288/1537/1337 2279/1542/1337
f 2279/1542/1338 2288/1537/1338 2286/1538/1338 2277/1543/1338
s 1
f 2277/1544/1339 2286/1539/1335 2282/1540/1336 2274/1545/1340
s 0
f 2267/1546/1341 2276/1541/1341 2279/1542/1341 2271/1547/1341
f 2271/1547/1342 2279/1542/1342 2277/1543/1342 2269/1548/1342
s 1
f 2269/1549/1343 2277/1544/1339 2274/1545/1340 2265/1550/1344
s 0
f 2260/1551/1345 2267/1546/1345 2271/1547/1345 2263/1552/1345
f 2263/1552/1346 2271/1547/1346 2269/1548/1346 2261/1553/1346
s 1
f 2261/1554/1347 2269/1549/1343 2265/1550/1344 2257/1555/1348
s 0
f 2251/1556/1349 2260/1551/1349 2263/1552/1349 2256/1557/1349
f 2256/1557/1350 2263/1552/1350 2261/1553/1350 2254/1558/1350
s 1
f 2254/1559/1351 2261/1554/1347 2257/1555/1348 2250/1560/1352
s 0
f 2244/1561/1353 2251/1556/1353 2256/1557/1353 2248/1562/1353
f 2248/1562/1354 2256/1557/1354 2254/1558/1354 2246/1563/1354
s 1
f 2246/1564/1355 2254/1559/1351 2250/1560/1352 2242/1565/1356
s 0
f 2235/1566/1357 2244/1561/1357 2248/1562/1357 2239/1567/1357
f 2239/1567/1358 2248/1562/1358 2246/1563/1358 2237/1568/1358
s 1
f 2237/1569/1359 2246/1564/1355 2242/1565/1356 2233/1570/1360
s 0
f 2228/1571/1361 2235/1566/1361 2239/1567/1361 2231/1572/1361
f 2231/1572/1362 2239/1567/1362 2237/1568/1362 2230/1573/1362
s 1
f 2230/1574/1363 2237/1569/1359 2233/1570/1360 2225/1575/1364
s 0
f 2219/1576/1365 2228/1571/1365 2231/1572/1365 2223/1577/1365
f 2223/1577/1366 2231/1572/1366 2230/1573/1366 2221/1578/1366
s 1
f 2221/1579/1367 2230/1574/1363 2225/1575/1364 2218/1580/1368
s 0
f 2212/1581/1369 2219/1576/1369 2223/1577/1369 2216/1582/1369
f 2216/1582/1370 2223/1577/1370 2221/1578/1370 2214/1583/1370
s 1
f 2214/1584/1371 2221/1579/1367 2218/1580/1368 2209/1585/1372
s 0
f 2203/1586/1373 2212/1581/1373 2216/1582/1373 2208/1587/1373
f 2208/1587/1374 2216/1582/1374 2214/1583/1374 2206/1588/1374
s 1
f 2206/1589/1375 2214/1590/1371 2209/1591/1372 2202/1592/1376
s 0
f 2195/1593/1377 2203/1586/1377 2208/1587/1377 2199/1594/1377
f 2199/1594/1378 2208/1587/1378 2206/1588/1378 2197/1595/1378
s 1
f 2197/1596/1379 2206/1589/1375 2202/1592/1376 2194/1597/1380
s 0
f 2187/1598/1381 2195/1593/1381 2199/1594/1381 2191/1599/1381
f 2191/1599/1382 2199/1594/1382 2197/1595/1382 2189/1600/1382
s 1
f 2189/1601/1383 2197/1596/1379 2194/1597/1380 2185/1602/1384
s 0
f 2180/1603/1385 2187/1598/1385 2191/1599/1385 2183/1604/1385
f 2183/1604/1386 2191/1599/1386 2189/1600/1386 2181/1605/1386
s 1
f 2181/1606/1387 2189/1601/1383 2185/1602/1384 2177/1607/1388
s 0
f 2171/1608/1389 2180/1603/1389 2183/1604/1389 2176/1609/1389
f 2176/1609/1390 2183/1604/1390 2181/1605/1390 2174/1610/1390
s 1
f 2174/1611/1391 2181/1606/1387 2177/1607/1388 2170/1612/1392
s 0
f 2164/1613/1393 2171/1608/1393 2176/1609/1393 2168/1614/1393
f 2168/1614/1394 2176/1609/1394 2174/1610/1394 2166/1615/1394
s 1
f 2166/1616/1395 2174/1611/1391 2170/1612/1392 2162/1617/1396
s 0
f 2155/1618/1397 2164/1613/1397 2168/1614/1397 2160/1619/1397
f 2160/1619/1398 2168/1614/1398 2166/1615/1398 2158/1620/1398
s 1
f 2158/1621/1399 2166/1616/1395 2162/1617/1396 2154/1622/1400
s 0
f 2147/1623/1401 2155/1618/1401 2160/1619/1401 2151/1624/1401
f 2151/1624/1402 2160/1619/1402 2158/1620/1402 2149/1625/1402
s 1
f 2149/1626/1403 2158/1621/1399 2154/1622/1400 2145/1627/1404
s 0
f 2139/1628/1405 2147/1623/1405 2151/1624/1405 2143/1629/1405
f 2143/1629/1406 2151/1624/1406 2149/1625/1406 2141/1630/1406
s 1
f 2141/1631/1407 2149/1626/1403 2145/1627/1404 2137/1632/1408
s 0
f 2132/1633/1409 2139/1628/1409 2143/1629/1409 2136/1634/1409
f 2136/1634/1410 2143/1629/1410 2141/1630/1410 2134/1635/1410
s 1
f 2134/1636/1411 2141/1631/1407 2137/1632/1408 2130/1637/1412
s 0
f 2124/1638/1413 2132/1633/1413 2136/1634/1413 2128/1639/1413
f 2128/1639/1414 2136/1634/1414 2134/1635/1414 2126/1640/1414
s 1
f 2126/1641/1415 2134/1636/1411 2130/1637/1412 2122/1642/1416
s 0
f 2115/1643/1417 2124/1638/1417 2128/1639/1417 2120/1644/1417
f 2120/1644/1418 2128/1639/1418 2126/1640/1418 2117/1645/1418
s 1
f 2117/1646/1419 2126/1641/1415 2122/1642/1416 2113/1647/1420
s 0
f 2107/1648/1421 2115/1643/1421 2120/1644/1421 2111/1649/1421
f 2111/1649/1422 2120/1644/1422 2117/1645/1422 2109/1650/1422
s 1
f 2109/1651/1423 2117/1646/1419 2113/1647/1420 2105/1652/1424
s 0
f 2099/1653/1425 2107/1648/1425 2111/1649/1425 2103/1654/1425
f 2103/1654/1426 2111/1649/1426 2109/1650/1426 2101/1655/1426
s 1
f 2101/1656/1427 2109/1651/1423 2105/1652/1424 2097/1657/1428
s 0
f 2091/1658/1429 2099/1653/1429 2103/1654/1429 2095/1659/1429
f 2095/1659/1430 2103/1654/1430 2101/1655/1430 2093/1660/1430
s 1
f 2093/1661/1431 2101/1656/1427 2097/1657/1428 2089/1662/1432
s 0
f 2083/1663/1433 2091/1658/1433 2095/1659/1433 2087/1664/1433
f 2087/1664/1434 2095/1659/1434 2093/1660/1434 2085/1665/1434
s 1
f 2085/1666/1435 2093/1661/1431 2089/1662/1432 2081/1667/1436
s 0
f 2075/1668/1437 2083/1663/1437 2087/1664/1437 2079/1669/1437
f 2079/1669/1438 2087/1664/1438 2085/1665/1438 2078/1670/1438
s 1
f 2078/1671/1439 2085/1666/1435 2081/1667/1436 2074/1672/1440
s 0
f 2068/1673/1441 2075/1668/1441 2079/1669/1441 2072/1674/1441
f 2072/1674/1442 2079/1669/1442 2078/1670/1442 2070/1675/1442
s 1
f 2070/1676/1443 2078/1671/1439 2074/1672/1440 2066/1677/1444
s 0
f 2060/1678/1445 2068/1673/1445 2072/1674/1445 2064/1679/1445
f 2064/1679/1446 2072/1674/1446 2070/1675/1446 2062/1680/1446
s 1
f 2062/1681/1447 2070/1676/1443 2066/1677/1444 2058/1682/1448
s 0
f 2052/1683/1449 2060/1678/1449 2064/1679/1449 2056/1684/1449
f 2056/1684/1450 2064/1679/1450 2062/1680/1450 2054/1685/1450
s 1
f 2054/1686/1451 2062/1687/1447 2058/1688/1448 2050/1689/1452
s 0
f 2043/1690/1453 2052/1683/1453 2056/1684/1453 2047/1691/1453
f 2047/1691/1454 2056/1684/1454 2054/1685/1454 2045/1692/1454
s 1
f 2045/1693/1455 2054/1686/1451 2050/1689/1452 2041/1694/1456
s 0
f 2035/1695/1457 2043/1690/1457 2047/1691/1457 2040/1696/1457
f 2040/1696/1458 2047/1691/1458 2045/1692/1458 2037/1697/1458
s 1
f 2037/1698/1459 2045/1693/1455 2041/1694/1456 2033/1699/1460
s 0
f 2027/1700/1461 2035/1695/1461 2040/1696/1461 2031/1701/1461
f 2031/1701/1462 2040/1696/1462 2037/1697/1462 2029/1702/1462
s 1
f 2029/1703/1463 2037/1698/1459 2033/1699/1460 2026/1704/1464
s 0
f 2020/1705/1465 2027/1700/1465 2031/1701/1465 2024/1706/1465
f 2024/1706/1466 2031/1701/1466 2029/1702/1466 2022/1707/1466
s 1
f 2022/1708/1467 2029/1703/1463 2026/1704/1464 2018/1709/1468
s 0
f 2011/1710/1469 2020/1705/1469 2024/1706/1469 2015/1711/1469
f 2015/1711/1470 2024/1706/1470 2022/1707/1470 2013/1712/1470
s 1
f 2013/1713/1471 2022/1708/1467 2018/1709/1468 2009/1714/1472
s 0
f 2003/1715/1473 2011/1710/1473 2015/1711/1473 2007/1716/1473
f 2007/1716/1474 2015/1711/1474 2013/1712/1474 2005/1717/1474
s 1
f 2005/1718/1475 2013/1713/1471 2009/1714/1472 2000/1719/1476
s 0
f 1989/1720/1477 2003/1715/1477 2007/1716/1477 1999/1721/1477
f 1999/1721/1478 2007/1716/1478 2005/1717/1478 1994/1722/1478
s 1
f 1994/1723/1479 2005/1718/1475 2000/1719/1476 1987/1724/1480
s 0
f 1974/1725/1481 1989/1720/1481 1999/1721/1481 1981/1726/1481
f 1981/1726/1482 1999/1721/1482 1994/1722/1482 1976/1727/1482
s 1
f 1976/1728/1483 1994/1723/1479 1987/1724/1480 1970/1729/1484
s 0
f 1956/1730/1485 1974/1725/1485 1981/1726/1485 1964/1731/1485
f 1964/1731/1486 1981/1726/1486 1976/1727/1486 1960/1732/1486
s 1
f 1960/1733/1487 1976/1728/1483 1970/1729/1484 1952/1734/1488
s 0
f 1941/1735/1489 1956/1730/1489 1964/1731/1489 1949/1736/1489
f 1949/1736/1490 1964/1731/1490 1960/1732/1490 1947/1737/1490
s 1
f 1947/1738/1491 1960/1733/1487 1952/1734/1488 1939/1739/1492
s 0
f 1927/1740/1493 1941/1735/1493 1949/1736/1493 1933/1741/1493
f 1933/1741/1494 1949/1736/1494 1947/1737/1494 1929/1742/1494
s 1
f 1929/1743/1495 1947/1738/1491 1939/1739/1492 1920/1744/1496
s 0
f 1911/1745/1497 1927/1740/1497 1933/1741/1497 1916/1746/1497
f 1916/1746/1498 1933/1741/1498 1929/1742/1498 1912/1747/1498
s 1
f 1912/1748/1499 1929/1743/1495 1920/1744/1496 1904/1749/1500
s 0
f 1894/1750/1501 1911/1745/1501 1916/1746/1501 1901/1751/1501
f 1901/1751/1502 1916/1746/1502 1912/1747/1502 1899/1752/1502
s 1
f 1899/1753/1503 1912/1748/1499 1904/1749/1500 1890/1754/1504
s 0
f 1879/1755/1505 1894/1750/1505 1901/1751/1505 1886/1756/1505
f 1886/1756/1506 1901/1751/1506 1899/1752/1506 1883/1757/1506
s 1
f 1883/1758/1507 1899/1759/1503 1890/1760/1504 1872/1761/1508
s 0
f 1860/1762/1509 1879/1755/1509 1886/1756/1509 1870/1763/1509
f 1870/1763/1510 1886/1756/1510 1883/1757/1510 1866/1764/1510
s 1
f 1866/1765/1511 1883/1758/1507 1872/1761/1508 1857/1766/1512
s 0
f 1845/1767/1513 1860/1762/1513 1870/1763/1513 1853/1768/1513
f 1853/1768/1514 1870/1763/1514 1866/1764/1514 1848/1769/1514
s 1
f 1848/1770/1515 1866/1765/1511 1857/1766/1512 1842/1771/1516
s 0
f 1829/1772/1517 1845/1767/1517 1853/1768/1517 1838/1773/1517
f 1838/1773/1518 1853/1768/1518 1848/1769/1518 1834/1774/1518
s 1
f 1834/1775/1519 1848/1770/1515 1842/1771/1516 1826/1776/1520
s 0
f 1814/1777/1521 1829/1772/1521 1838/1773/1521 1823/1778/1521
f 1823/1778/1522 1838/1773/1522 1834/1774/1522 1818/1779/1522
s 1
f 1818/1780/1523 1834/1775/1519 1826/1776/1520 1811/1781/1524
s 0
f 1799/1782/1525 1814/1777/1525 1823/1778/1525 1804/1783/1525
f 1804/1783/1526 1823/1778/1526 1818/1779/1526 1802/1784/1526
s 1
f 1802/1785/1527 1818/1780/1523 1811/1781/1524 1793/1786/1528
s 0
f 1782/1787/1529 1799/1782/1529 1804/1783/1529 1791/1788/1529
f 1791/1788/1530 1804/1783/1530 1802/1784/1530 1784/1789/1530
s 1
f 1784/1790/1531 1802/1785/1527 1793/1786/1528 1777/1791/1532
s 0
f 1766/1792/1533 1782/1787/1533 1791/1788/1533 1774/1793/1533
f 1774/1793/1534 1791/1788/1534 1784/1789/1534 1770/1794/1534
s 1
f 1770/1795/1535 1784/1790/1531 1777/1791/1532 1763/1796/1536
s 0
f 1745/1478/1537 1766/1792/1537 1774/1793/1537 1753/1476/1537
f 1753/1476/1538 1774/1793/1538 1770/1794/1538 1756/1473/1538
s 1
f 1756/1472/1286 1770/1795/1535 1763/1796/1536 1748/1469/1283
f 2385/1797/1539 2673/1798/1540 2674/1799/1541
f 2675/1800/1542 2673/1798/1540 2385/1797/1539 2386/1801/1543 2387/1802/1544
f 2675/1803/1542 2387/1804/1544 2676/1805/1545
f 2386/1801/1543 2388/1806/1546 2389/1807/1547 2387/1802/1544
f 2676/1805/1545 2387/1804/1544 2389/1808/1547 2677/1809/1548
f 2388/1806/1546 2391/1810/1549 2393/1811/1550 2389/1807/1547
f 2680/1812/1551 2677/1809/1548 2389/1808/1547 2393/1813/1550 2392/1814/1552 2678/1815/1553 2679/1816/1554
s 0
f 2681/1817/1555 2678/1815/1555 2392/1814/1555 2390/1818/1555 2682/1819/1555 2683/1820/1555
s 1
f 2391/1810/1549 2394/1821/1556 2395/1822/1557 2393/1811/1550
f 2624/1823/1558 2392/1814/1552 2393/1813/1550 2395/1824/1557 2622/1825/1559 2621/1826/1560 2623/1827/1561
s 0
f 2627/1828/1562 2390/1818/1562 2392/1814/1562 2624/1823/1562 2625/1829/1562 2626/1830/1562
s 1
f 2394/1821/1556 2396/1831/1563 2397/1832/1564 2395/1822/1557
f 2622/1825/1559 2395/1824/1557 2397/1833/1564 2628/1834/1565
f 2630/1835/1566 2397/1832/1564 2396/1831/1563 2398/1836/1567 2629/1837/1568
f 2628/1834/1565 2397/1833/1564 2630/1838/1566
f 2398/1836/1567 2631/1839/1569 2629/1837/1568
f 2400/1840/1570 2402/1841/1571 2633/1842/1572 2632/1843/1573
f 2402/1844/1571 2401/1845/1574 2634/1846/1575 2633/1847/1572
s 0
f 2635/1848/1576 2634/1846/1576 2401/1845/1576 2399/1849/1576 2636/1850/1576
s 1
f 2400/1840/1570 2404/1851/1577 2406/1852/1578 2402/1841/1571
f 2402/1844/1571 2406/1853/1578 2405/1854/1579 2401/1845/1574
s 0
f 2401/1845/1580 2405/1854/1580 2403/1855/1580 2399/1849/1580
s 1
f 2404/1851/1577 2408/1856/1581 2410/1857/1582 2406/1852/1578
f 2406/1853/1578 2410/1858/1582 2409/1859/1583 2405/1854/1579
s 0
f 2405/1854/1584 2409/1859/1584 2407/1860/1584 2403/1855/1584
s 1
f 2408/1856/1581 2412/1861/1585 2414/1862/1586 2410/1857/1582
f 2410/1858/1582 2414/1863/1586 2413/1864/1587 2409/1859/1583
s 0
f 2409/1859/1588 2413/1864/1588 2411/1865/1588 2407/1860/1588
s 1
f 2412/1861/1585 2416/1866/1589 2418/1867/1590 2414/1862/1586
f 2414/1863/1586 2418/1868/1590 2417/1869/1591 2413/1864/1587
s 0
f 2413/1864/1592 2417/1869/1592 2415/1870/1592 2411/1865/1592
s 1
f 2416/1866/1589 2420/1871/1593 2422/1872/1594 2418/1867/1590
f 2418/1868/1590 2422/1873/1594 2421/1874/1595 2417/1869/1591
s 0
f 2417/1869/1596 2421/1874/1596 2419/1875/1596 2415/1870/1596
s 1
f 2420/1876/1593 2424/1877/1597 2426/1878/1598 2422/1879/1594
f 2422/1873/1594 2426/1880/1598 2425/1881/1599 2421/1874/1595
s 0
f 2421/1874/1600 2425/1881/1600 2423/1882/1600 2419/1875/1600
s 1
f 2424/1877/1597 2428/1883/1601 2430/1884/1602 2426/1878/1598
f 2426/1880/1598 2430/1885/1602 2429/1886/1603 2425/1881/1599
s 0
f 2425/1881/1604 2429/1886/1604 2427/1887/1604 2423/1882/1604
s 1
f 2428/1883/1601 2432/1888/1605 2434/1889/1606 2430/1884/1602
f 2430/1885/1602 2434/1890/1606 2433/1891/1607 2429/1886/1603
s 0
f 2429/1886/1608 2433/1891/1608 2431/1892/1608 2427/1887/1608
s 1
f 2432/1888/1605 2436/1893/1609 2438/1894/1610 2434/1889/1606
f 2434/1890/1606 2438/1895/1610 2437/1896/1611 2433/1891/1607
s 0
f 2433/1891/1612 2437/1896/1612 2435/1897/1612 2431/1892/1612
s 1
f 2436/1893/1609 2440/1898/1613 2442/1899/1614 2438/1894/1610
f 2438/1895/1610 2442/1900/1614 2441/1901/1615 2437/1896/1611
s 0
f 2437/1896/1616 2441/1901/1616 2439/1902/1616 2435/1897/1616
s 1
f 2440/1898/1613 2444/1903/1617 2446/1904/1618 2442/1899/1614
f 2442/1900/1614 2446/1905/1618 2445/1906/1619 2441/1901/1615
s 0
f 2441/1901/1620 2445/1906/1620 2443/1907/1620 2439/1902/1620
s 1
f 2444/1903/1617 2448/1908/1621 2450/1909/1622 2446/1904/1618
f 2446/1905/1618 2450/1910/1622 2449/1911/1623 2445/1906/1619
s 0
f 2445/1906/1624 2449/1911/1624 2447/1912/1624 2443/1907/1624
s 1
f 2448/1908/1621 2452/1913/1625 2454/1914/1626 2450/1909/1622
f 2450/1910/1622 2454/1915/1626 2453/1916/1627 2449/1911/1623
s 0
f 2449/1911/1628 2453/1916/1628 2451/1917/1628 2447/1912/1628
s 1
f 2452/1913/1625 2456/1918/1629 2458/1919/1630 2454/1914/1626
f 2454/1915/1626 2458/1920/1630 2457/1921/1631 2453/1916/1627
s 0
f 2453/1916/1632 2457/1921/1632 2455/1922/1632 2451/1917/1632
s 1
f 2456/1918/1629 2460/1923/1633 2462/1924/1634 2458/1919/1630
f 2458/1920/1630 2462/1925/1634 2461/1926/1635 2457/1921/1631
s 0
f 2457/1921/1636 2461/1926/1636 2459/1927/1636 2455/1922/1636
s 1
f 2460/1923/1633 2464/1928/1637 2466/1929/1638 2462/1924/1634
f 2462/1925/1634 2466/1930/1638 2465/1931/1639 2461/1926/1635
s 0
f 2461/1926/1640 2465/1931/1640 2463/1932/1640 2459/1927/1640
s 1
f 2464/1928/1637 2468/1933/1641 2470/1934/1642 2466/1929/1638
f 2466/1930/1638 2470/1935/1642 2469/1936/1643 2465/1931/1639
s 0
f 2465/1931/1644 2469/1936/1644 2467/1937/1644 2463/1932/1644
s 1
f 2468/1933/1641 2472/1938/1645 2474/1939/1646 2470/1934/1642
f 2470/1935/1642 2474/1940/1646 2473/1941/1647 2469/1936/1643
s 0
f 2469/1936/1648 2473/1941/1648 2471/1942/1648 2467/1937/1648
s 1
f 2472/1938/1645 2476/1943/1649 2478/1944/1650 2474/1939/1646
f 2474/1940/1646 2478/1945/1650 2477/1946/1651 2473/1941/1647
s 0
f 2473/1941/1652 2477/1946/1652 2475/1947/1652 2471/1942/1652
s 1
f 2476/1943/1649 2480/1948/1653 2482/1949/1654 2478/1944/1650
f 2478/1945/1650 2482/1950/1654 2481/1951/1655 2477/1946/1651
s 0
f 2477/1946/1656 2481/1951/1656 2479/1952/1656 2475/1947/1656
s 1
f 2480/1953/1653 2484/1954/1657 2486/1955/1658 2482/1956/1654
f 2482/1950/1654 2486/1957/1658 2485/1958/1659 2481/1951/1655
s 0
f 2481/1951/1660 2485/1958/1660 2483/1959/1660 2479/1952/1660
s 1
f 2484/1954/1657 2488/1960/1661 2490/1961/1662 2486/1955/1658
f 2486/1957/1658 2490/1962/1662 2489/1963/1663 2485/1958/1659
s 0
f 2485/1958/1664 2489/1963/1664 2487/1964/1664 2483/1959/1664
s 1
f 2488/1960/1661 2492/1965/1665 2494/1966/1666 2490/1961/1662
f 2490/1962/1662 2494/1967/1666 2493/1968/1667 2489/1963/1663
s 0
f 2489/1963/1668 2493/1968/1668 2491/1969/1668 2487/1964/1668
s 1
f 2492/1965/1665 2496/1970/1669 2498/1971/1670 2494/1966/1666
f 2494/1967/1666 2498/1972/1670 2497/1973/1671 2493/1968/1667
s 0
f 2493/1968/1672 2497/1973/1672 2495/1974/1672 2491/1969/1672
s 1
f 2498/1971/1670 2496/1970/1669 2684/1975/1673 2685/1976/1674
f 2686/1977/1675 2497/1973/1671 2498/1972/1670 2685/1978/1674
s 0
f 2687/1979/1676 2688/1980/1676 2495/1974/1676 2497/1973/1676 2686/1977/1676
s 1
f 2377/1470/1284 1748/1469/1283 1011/1193/1011 1365/1467/1281
s 0
f 2612/1981/1677 2611/1982/1677 2610/1983/1677 2568/1984/1677 2569/1985/1677 2565/1986/1677 2566/1987/1677 2567/1988/1677 2570/1989/1677 2561/1990/1677 2562/1991/1677 2563/1992/1677 2564/1993/1677 2560/1994/1677 2558/1995/1677 2559/1996/1677 2557/1997/1677 2553/1998/1677 2551/1999/1677 2552/2000/1677 2554/2001/1677 2555/2002/1677 2556/2003/1677 2550/2004/1677 2548/2005/1677 2549/2006/1677 2547/2007/1677 2608/2008/1677 2609/2009/1677 2595/2010/1677 2132/1633/1677 2124/1638/1677 2115/1643/1677 2107/1648/1677 2099/1653/1677 2091/1658/1677 2083/1663/1677 2075/1668/1677 2068/1673/1677 2060/1678/1677 2052/1683/1677 2043/1690/1677 2035/1695/1677 2027/1700/1677 2020/1705/1677 2011/1710/1677 2003/1715/1677 1989/1720/1677 1974/1725/1677 1956/1730/1677 1941/1735/1677 1927/1740/1677 1911/1745/1677 1894/1750/1677 1879/1755/1677 1860/1762/1677 1845/1767/1677 1829/1772/1677 1814/1777/1677 1799/1782/1677 1782/1787/1677 1766/1792/1677 1745/1478/1677 2604/2011/1677 2617/2012/1677 2592/2013/1677 2593/2014/1677 2589/2015/1677 2590/2016/1677 2591/2017/1677 2585/2018/1677 2586/2019/1677 2587/2020/1677 2588/2021/1677 2584/2022/1677 2582/2023/1677 2583/2024/1677 2594/2025/1677 2578/2026/1677 2576/2027/1677 2577/2028/1677 2579/2029/1677 2580/2030/1677 2581/2031/1677 2572/2032/1677 2573/2033/1677 2574/2034/1677 2575/2035/1677 2571/2036/1677 2616/2037/1677 2614/2038/1677 2615/2039/1677 2613/2040/1677 2618/2041/1677
f 2603/2042/1677 2601/2043/1677 2602/2044/1677 2499/2045/1677 2503/2046/1677 2502/2047/1677 2500/2048/1677 2501/2049/1677 2509/2050/1677 2507/2051/1677 2508/2052/1677 2504/2053/1677 2505/2054/1677 2506/2055/1677 2522/2056/1677 2510/2057/1677 2511/2058/1677 2512/2059/1677 2516/2060/1677 2515/2061/1677 2513/2062/1677 2514/2063/1677 2517/2064/1677 2519/2065/1677 2518/2066/1677 2521/2067/1677 2520/2068/1677 2605/2069/1677 2606/2070/1677 2604/2011/1677 1745/1478/1677 2380/1477/1677 2372/1479/1677 2364/1484/1677 2356/1489/1677 2347/1494/1677 2339/1499/1677 2331/1504/1677 2324/1509/1677 2315/1514/1677 2307/1521/1677 2299/1526/1677 2291/1531/1677 2284/1536/1677 2276/1541/1677 2267/1546/1677 2260/1551/1677 2251/1556/1677 2244/1561/1677 2235/1566/1677 2228/1571/1677 2219/1576/1677 2212/1581/1677 2203/1586/1677 2195/1593/1677 2187/1598/1677 2180/1603/1677 2171/1608/1677 2164/1613/1677 2155/1618/1677 2147/1623/1677 2139/1628/1677 2132/1633/1677 2595/2010/1677 2596/2071/1677 2523/2072/1677 2526/2073/1677 2525/2074/1677 2524/2075/1677 2533/2076/1677 2530/2077/1677 2531/2078/1677 2527/2079/1677 2528/2080/1677 2529/2081/1677 2532/2082/1677 2534/2083/1677 2535/2084/1677 2536/2085/1677 2540/2086/1677 2539/2087/1677 2537/2088/1677 2538/2089/1677 2546/2090/1677 2545/2091/1677 2544/2092/1677 2543/2093/1677 2542/2094/1677 2541/2095/1677 2599/2096/1677 2600/2097/1677 2598/2098/1677 2597/2099/1677 2607/2100/1677
s 1
f 1748/1469/1283 1763/1796/1536 1015/1194/1012 1011/1193/1011
f 1763/1796/1536 1777/1791/1532 1023/1197/1015 1015/1194/1012
f 1777/1791/1532 1793/1786/1528 1031/1199/1017 1023/1197/1015
f 1793/1786/1528 1811/1781/1524 1043/1201/1019 1031/1199/1017
f 1811/1781/1524 1826/1776/1520 1051/1203/1021 1043/1201/1019
f 1826/1776/1520 1842/1771/1516 1056/1205/1023 1051/1203/1021
f 1842/1771/1516 1857/1766/1512 1067/1207/1025 1056/1205/1023
f 1857/1766/1512 1872/1761/1508 1072/1209/1027 1067/1207/1025
f 1872/1761/1508 1890/1760/1504 1082/1211/1029 1072/1209/1027
f 1890/1754/1504 1904/1749/1500 1093/1216/1032 1082/1215/1029
f 1904/1749/1500 1920/1744/1496 1097/1218/1034 1093/1216/1032
f 1920/1744/1496 1939/1739/1492 1106/1220/1036 1097/1218/1034
f 1939/1739/1492 1952/1734/1488 1114/1222/1038 1106/1220/1036
f 1952/1734/1488 1970/1729/1484 1125/1224/1040 1114/1222/1038
f 1970/1729/1484 1987/1724/1480 1132/1228/1044 1125/1224/1040
f 1987/1724/1480 2000/1719/1476 1139/1254/1070 1132/1228/1044
f 2000/1719/1476 2009/1714/1472 1143/1276/1093 1139/1254/1070
f 2009/1714/1472 2018/1709/1468 1151/1287/1105 1143/1276/1093
f 2018/1709/1468 2026/1704/1464 1162/1302/1120 1151/1287/1105
f 2026/1704/1464 2033/1699/1460 1172/1304/1122 1162/1302/1120
f 2033/1699/1460 2041/1694/1456 1180/1306/1124 1172/1304/1122
f 2041/1694/1456 2050/1689/1452 1186/1308/1126 1180/1306/1124
f 2050/1689/1452 2058/1688/1448 1198/1311/1129 1186/1308/1126
f 2058/1688/1448 2066/2101/1444 1206/1313/1131 1198/1311/1129
f 2066/1677/1444 2074/1672/1440 1207/1317/1133 1206/1316/1131
f 2074/1672/1440 2081/1667/1436 1215/1319/1135 1207/1317/1133
f 2081/1667/1436 2089/1662/1432 1223/1321/1137 1215/1319/1135
f 2089/1662/1432 2097/1657/1428 1233/1323/1139 1223/1321/1137
f 2097/1657/1428 2105/1652/1424 1244/1325/1141 1233/1323/1139
f 2105/1652/1424 2113/1647/1420 1246/1327/1143 1244/1325/1141
f 2113/1647/1420 2122/1642/1416 1250/1329/1145 1246/1327/1143
f 2122/1642/1416 2130/1637/1412 1255/1331/1147 1250/1329/1145
f 2130/1637/1412 2137/1632/1408 1261/1333/1149 1255/1331/1147
f 2137/1632/1408 2145/1627/1404 1264/1335/1151 1261/1333/1149
f 2145/1627/1404 2154/1622/1400 1266/1337/1153 1264/1335/1151
f 2154/1622/1400 2162/1617/1396 1272/1340/1156 1266/1337/1153
f 2162/1617/1396 2170/1612/1392 1276/1342/1158 1272/1340/1156
f 2170/1612/1392 2177/1607/1388 1280/1344/1160 1276/1342/1158
f 2177/1607/1388 2185/1602/1384 1285/1346/1162 1280/1344/1160
f 2185/1602/1384 2194/1597/1380 1289/1348/1164 1285/1346/1162
f 2194/1597/1380 2202/1592/1376 1291/1350/1166 1289/1348/1164
f 2202/2102/1376 2209/1585/1372 1296/1353/1168 1291/1352/1166
f 2209/1585/1372 2218/1580/1368 1300/1356/1170 1296/1353/1168
f 2218/1580/1368 2225/1575/1364 1301/1358/1172 1300/1356/1170
f 2225/1575/1364 2233/1570/1360 1303/1360/1174 1301/1358/1172
f 2233/1570/1360 2242/1565/1356 1306/1362/1176 1303/1360/1174
f 2242/1565/1356 2250/1560/1352 1308/1366/1180 1306/1362/1176
f 2250/1560/1352 2257/1555/1348 1310/1392/1206 1308/1366/1180
f 2257/1555/1348 2265/1550/1344 1311/1414/1230 1310/1392/1206
f 2265/1550/1344 2274/1545/1340 1313/1425/1241 1311/1414/1230
f 2274/1545/1340 2282/1540/1336 1315/1440/1256 1313/1425/1241
f 2282/1540/1336 2290/1535/1332 1317/1442/1258 1315/1440/1256
f 2290/1535/1332 2298/1530/1328 1319/1444/1260 1317/1442/1258
f 2298/1530/1328 2305/1525/1324 1322/1446/1262 1319/1444/1260
f 2305/1525/1324 2313/1520/1320 1324/1448/1264 1322/1446/1262
f 2313/1520/1320 2322/1519/1316 1326/1450/1266 1324/1448/1264
f 2322/1513/1316 2330/1508/1312 1330/1453/1268 1326/1452/1266
f 2330/1508/1312 2338/1503/1308 1333/1456/1270 1330/1453/1268
f 2338/1503/1308 2345/1498/1304 1338/1458/1272 1333/1456/1270
f 2345/1498/1304 2354/1493/1300 1342/1460/1274 1338/1458/1272
f 2354/1493/1300 2362/1488/1296 1345/1462/1276 1342/1460/1274
f 2362/1488/1296 2370/1483/1292 1351/1465/1279 1345/1462/1276
f 2370/1483/1292 2377/1470/1284 1365/1467/1281 1351/1465/1279
s 0
f 2642/2103/1678 2641/2104/1678 2640/2105/1678 2639/2106/1678 2645/2107/1678 2644/2108/1678 2646/2109/1678 2657/2110/1678 2658/2111/1678 2654/2112/1678 2653/2113/1678 2652/2114/1678 2656/2115/1678 2655/2116/1678 2650/2117/1678 2648/2118/1678 2647/2119/1678 2649/2120/1678 2651/2121/1678 2643/2122/1678 2636/1850/1678 2399/1849/1678 2403/1855/1678 2407/1860/1678 2411/1865/1678 2415/1870/1678 2419/1875/1678 2423/1882/1678 2427/1887/1678 2431/1892/1678 2435/1897/1678 2439/1902/1678 2443/1907/1678 2447/1912/1678 2451/1917/1678 2455/1922/1678 2459/1927/1678 2463/1932/1678 2467/1937/1678 2471/1942/1678 2475/1947/1678 2479/1952/1678 2483/1959/1678 2487/1964/1678 2491/1969/1678 2495/1974/1678 2688/1980/1678 2692/2123/1678 2704/2124/1678 2703/2125/1678 2706/2126/1678 2705/2127/1678 2707/2128/1678 2701/2129/1678 2700/2130/1678 2702/2131/1678 2708/2132/1678 2697/2133/1678 2698/2134/1678 2694/2135/1678 2693/2136/1678 2699/2137/1678 2696/2138/1678 2695/2139/1678 2710/2140/1678 2709/2141/1678 2690/2142/1678 2691/2143/1678 2689/2144/1678 2682/1819/1678 2390/1818/1678 2627/1828/1678 2637/2145/1678 2638/2146/1678
s 1
f 2711/2147/1679 2671/1213/1031 1454/1217/1033 2714/2148/1680 2713/2149/1681 2712/2150/1682
f 2714/2148/1680 1454/1217/1033 1457/1219/1035 2715/2151/1683
f 2715/2151/1683 1457/1219/1035 1465/1221/1037 2716/2152/1684
f 2717/2153/1685 2716/2152/1684 1465/1221/1037 1475/1223/1039 2385/1797/1539 2674/1799/1541
f 1475/1223/1039 1479/1225/1041 2386/1801/1543 2385/1797/1539
f 1479/1225/1041 1491/1227/1043 2388/1806/1546 2386/1801/1543
f 1491/1227/1043 1496/1244/1060 2391/1810/1549 2388/1806/1546
f 1496/1244/1060 1504/1265/1081 2394/1821/1556 2391/1810/1549
f 1504/1265/1081 1511/1288/1106 2396/1831/1563 2394/1821/1556
f 1511/1288/1106 1521/1303/1121 2398/1836/1567 2396/1831/1563
f 2660/2154/1686 2631/1839/1569 2398/1836/1567 1521/1303/1121 1531/1305/1123 2659/2155/1687
f 1531/1305/1123 1539/1307/1125 2661/2156/1688 2659/2155/1687
f 1539/1307/1125 1541/1309/1127 2662/2157/1689 2661/2156/1688
f 2665/2158/1690 2662/2157/1689 1541/1309/1127 2619/1310/1128 2663/2159/1691 2664/2160/1692
f 2666/2161/1693 2620/1339/1155 1597/1341/1157 2400/1840/1570 2632/1843/1573 2670/2162/1694 2667/2163/1695 2668/2164/1696 2669/2165/1697
f 1597/1341/1157 1604/1343/1159 2404/1851/1577 2400/1840/1570
f 1604/1343/1159 1605/1345/1161 2408/1856/1581 2404/1851/1577
f 1605/1345/1161 1609/1347/1163 2412/1861/1585 2408/1856/1581
f 1609/1347/1163 1614/1349/1165 2416/1866/1589 2412/1861/1585
f 1614/1349/1165 1618/1351/1167 2420/1871/1593 2416/1866/1589
f 1618/1355/1167 1622/1354/1169 2424/1877/1597 2420/1876/1593
f 1622/1354/1169 1626/1357/1171 2428/1883/1601 2424/1877/1597
f 1626/1357/1171 1634/1359/1173 2432/1888/1605 2428/1883/1601
f 1634/1359/1173 1641/1361/1175 2436/1893/1609 2432/1888/1605
f 1641/1361/1175 1650/1363/1177 2440/1898/1613 2436/1893/1609
f 1650/1363/1177 1661/1365/1179 2444/1903/1617 2440/1898/1613
f 1661/1365/1179 1663/1382/1196 2448/1908/1621 2444/1903/1617
f 1663/1382/1196 1672/1404/1218 2452/1913/1625 2448/1908/1621
f 1672/1404/1218 1684/1426/1242 2456/1918/1629 2452/1913/1625
f 1684/1426/1242 1693/1441/1257 2460/1923/1633 2456/1918/1629
f 1693/1441/1257 1698/1443/1259 2464/1928/1637 2460/1923/1633
f 1698/1443/1259 1700/1445/1261 2468/1933/1641 2464/1928/1637
f 1700/1445/1261 1706/1447/1263 2472/1938/1645 2468/1933/1641
f 1706/1447/1263 1710/1449/1265 2476/1943/1649 2472/1938/1645
f 1710/1449/1265 1713/1451/1267 2480/1948/1653 2476/1943/1649
f 1713/1455/1267 1717/1454/1269 2484/1954/1657 2480/1953/1653
f 1717/1454/1269 1721/1457/1271 2488/1960/1661 2484/1954/1657
f 1721/1457/1271 1724/1459/1273 2492/1965/1665 2488/1960/1661
f 1724/1459/1273 1730/1461/1275 2496/1970/1669 2492/1965/1665
f 2684/1975/1673 2496/1970/1669 1730/1461/1275 2672/1464/1278 2718/2166/1698 2722/2167/1699 2721/2168/1700 2720/2169/1701 2719/2170/1702 2723/2171/1703
f 1010/2172/1704 1020/2173/1705 1378/2174/1706 1370/2175/1707
f 1020/2173/1705 1027/2176/1708 1385/2177/1709 1378/2174/1706
f 1027/2176/1708 1036/2178/1710 1395/2179/1711 1385/2177/1709
f 1036/2178/1710 1039/2180/1712 1406/2181/1713 1395/2179/1711
f 1039/2180/1712 1048/2182/1714 1412/2183/1715 1406/2181/1713
f 1048/2182/1714 1061/2184/1716 1419/2185/1717 1412/2183/1715
f 1061/2184/1716 1063/2186/1718 1428/2187/1719 1419/2185/1717
f 1063/2186/1718 1077/2188/1720 1437/2189/1721 1428/2187/1719
f 1077/2188/1720 1086/2190/1722 1446/2191/1723 1437/2189/1721
f 1086/2192/1722 1090/2193/1724 1447/2194/1725 1446/2195/1723
f 1090/2193/1724 1101/2196/1726 1462/2197/1727 1447/2194/1725
f 1101/2196/1726 1109/2198/1728 1469/2199/1729 1462/2197/1727
f 1109/2198/1728 1118/2200/1730 1474/2201/1731 1469/2199/1729
f 1118/2200/1730 1122/2202/1732 1486/2203/1733 1474/2201/1731
f 1122/2202/1732 1128/2204/1734 1488/2205/1735 1486/2203/1733
f 1128/2204/1734 1138/2206/1736 1499/2207/1737 1488/2205/1735
f 1138/2206/1736 1148/2208/1738 1509/2209/1739 1499/2207/1737
f 1148/2208/1738 1155/2210/1740 1515/2211/1741 1509/2209/1739
f 1155/2210/1740 1166/2212/1742 1525/2213/1743 1515/2211/1741
f 1166/2212/1742 1167/2214/1744 1527/2215/1745 1525/2213/1743
f 1167/2214/1744 1176/2216/1746 1536/2217/1747 1527/2215/1745
f 1176/2216/1746 1190/2218/1748 1544/2219/1749 1536/2217/1747
f 1190/2218/1748 1191/2220/1750 1548/2221/1751 1544/2219/1749
f 1191/2220/1750 1202/2222/1752 1549/2223/1753 1548/2221/1751
f 1202/2222/1752 1211/2224/1754 1556/2225/1755 1549/2223/1753
f 1211/2226/1754 1221/2227/1756 1559/2228/1757 1556/2229/1755
f 1221/2227/1756 1227/2230/1758 1563/2231/1759 1559/2228/1757
f 1227/2230/1758 1237/2232/1760 1567/2233/1761 1563/2231/1759
f 1237/2232/1760 1241/2234/1762 1571/2235/1763 1567/2233/1761
f 1241/2234/1762 1248/2236/1764 1574/2237/1765 1571/2235/1763
f 1248/2236/1764 1252/2238/1766 1580/2239/1767 1574/2237/1765
f 1252/2238/1766 1256/2240/1768 1583/2241/1769 1580/2239/1767
f 1256/2240/1768 1259/2242/1770 1587/2243/1771 1583/2241/1769
f 1259/2242/1770 1263/2244/1772 1591/2245/1773 1587/2243/1771
f 1263/2244/1772 1268/2246/1774 1595/2247/1775 1591/2245/1773
f 1268/2246/1774 1270/2248/1776 1600/2249/1777 1595/2247/1775
f 1270/2248/1776 1275/2250/1778 1601/2251/1779 1600/2249/1777
f 1275/2250/1778 1278/2252/1780 1608/2253/1781 1601/2251/1779
f 1278/2252/1780 1282/2254/1782 1611/2255/1783 1608/2253/1781
f 1282/2254/1782 1286/2256/1784 1616/2257/1785 1611/2255/1783
f 1286/2256/1784 1292/2258/1786 1619/2259/1787 1616/2257/1785
f 1292/2260/1786 1294/2261/1788 1623/2262/1789 1619/2263/1787
f 1294/2261/1788 1299/2264/1790 1630/2265/1791 1623/2262/1789
f 1299/2264/1790 1302/2266/1792 1635/2267/1793 1630/2265/1791
f 1302/2266/1792 1304/2268/1794 1645/2269/1795 1635/2267/1793
f 1304/2268/1794 1305/2270/1796 1653/2271/1797 1645/2269/1795
f 1305/2270/1796 1307/2272/1798 1658/2273/1799 1653/2271/1797
f 1307/2272/1798 1309/2274/1800 1667/2275/1801 1658/2273/1799
f 1309/2274/1800 1312/2276/1802 1675/2277/1803 1667/2275/1801
f 1312/2276/1802 1314/2278/1804 1679/2279/1805 1675/2277/1803
f 1314/2278/1804 1316/2280/1806 1690/2281/1807 1679/2279/1805
f 1316/2280/1806 1318/2282/1808 1696/2283/1809 1690/2281/1807
f 1318/2282/1808 1320/2284/1810 1703/2285/1811 1696/2283/1809
f 1320/2284/1810 1321/2286/1812 1705/2287/1813 1703/2285/1811
f 1321/2286/1812 1323/2288/1814 1709/2289/1815 1705/2287/1813
f 1323/2288/1814 1328/2290/1816 1715/2291/1817 1709/2289/1815
f 1328/2290/1816 1331/2292/1818 1719/2293/1819 1715/2291/1817
f 1331/2294/1818 1335/2295/1820 1722/2296/1821 1719/2297/1819
f 1335/2295/1820 1340/2298/1822 1726/2299/1823 1722/2296/1821
f 1340/2298/1822 1344/2300/1824 1729/2301/1825 1726/2299/1823
f 1344/2300/1824 1349/2302/1826 1733/2303/1827 1729/2301/1825
f 1349/2302/1826 1358/2304/1828 1738/2305/1829 1733/2303/1827
f 1358/2304/1828 1359/2306/1830 1742/2307/1831 1738/2305/1829
f 1359/2306/1830 1010/2172/1704 1370/2175/1707 1742/2307/1831
f 1751/2308/1832 2378/2309/1833 2381/2310/1834 1758/2311/1835
f 1758/2311/1835 2381/2310/1834 2383/2312/1836 1755/2313/1836
s 0
f 1755/2314/1837 2383/2315/1837 2379/2316/1837 1746/2317/1837
f 2371/2318/1838 2379/2316/1838 2383/2315/1838 2376/2319/1838
f 2376/2320/1839 2383/2312/1839 2381/2310/1839 2373/2321/1839
s 1
f 2373/2321/1840 2381/2310/1834 2378/2309/1833 2369/2322/1841
s 0
f 2363/2323/1842 2371/2318/1842 2376/2319/1842 2367/2324/1842
f 2367/2325/1843 2376/2320/1843 2373/2321/1843 2365/2326/1843
s 1
f 2365/2326/1844 2373/2321/1840 2369/2322/1841 2361/2327/1845
s 0
f 2355/2328/1846 2363/2323/1846 2367/2324/1846 2360/2329/1846
f 2360/2330/1847 2367/2325/1847 2365/2326/1847 2358/2331/1847
s 1
f 2358/2331/1848 2365/2326/1844 2361/2327/1845 2353/2332/1849
s 0
f 2348/2333/1850 2355/2328/1850 2360/2329/1850 2351/2334/1850
f 2351/2335/1851 2360/2330/1851 2358/2331/1851 2349/2336/1851
s 1
f 2349/2336/1852 2358/2331/1848 2353/2332/1849 2346/2337/1853
s 0
f 2340/2338/1854 2348/2333/1854 2351/2334/1854 2344/2339/1854
f 2344/2340/1855 2351/2335/1855 2349/2336/1855 2341/2341/1855
s 1
f 2341/2341/1856 2349/2336/1852 2346/2337/1853 2337/2342/1857
s 0
f 2332/2343/1858 2340/2338/1858 2344/2339/1858 2336/2344/1858
f 2336/2345/1859 2344/2340/1859 2341/2341/1859 2334/2346/1859
s 1
f 2334/2346/1860 2341/2341/1856 2337/2342/1857 2329/2347/1861
s 0
f 2323/2348/1862 2332/2343/1862 2336/2344/1862 2327/2349/1862
f 2327/2350/1863 2336/2351/1863 2334/2352/1863 2325/2353/1863
s 1
f 2325/2353/1864 2334/2352/1860 2329/2354/1861 2321/2355/1865
s 0
f 2316/2356/1866 2323/2348/1866 2327/2349/1866 2320/2357/1866
f 2320/2358/1867 2327/2350/1867 2325/2353/1867 2318/2359/1867
s 1
f 2318/2359/1868 2325/2353/1864 2321/2355/1865 2314/2360/1869
s 0
f 2308/2361/1870 2316/2356/1870 2320/2357/1870 2312/2362/1870
f 2312/2363/1871 2320/2358/1871 2318/2359/1871 2309/2364/1871
s 1
f 2309/2364/1872 2318/2359/1868 2314/2360/1869 2306/2365/1873
s 0
f 2300/2366/1874 2308/2361/1874 2312/2362/1874 2303/2367/1874
f 2303/2368/1875 2312/2363/1875 2309/2364/1875 2301/2369/1875
s 1
f 2301/2369/1876 2309/2364/1872 2306/2365/1873 2297/2370/1877
s 0
f 2292/2371/1878 2300/2366/1878 2303/2367/1878 2296/2372/1878
f 2296/2373/1879 2303/2368/1879 2301/2369/1879 2294/2374/1879
s 1
f 2294/2374/1880 2301/2369/1876 2297/2370/1877 2289/2375/1881
s 0
f 2283/2376/1882 2292/2371/1882 2296/2372/1882 2287/2377/1882
f 2287/2378/1883 2296/2373/1883 2294/2374/1883 2285/2379/1883
s 1
f 2285/2379/1884 2294/2374/1880 2289/2375/1881 2281/2380/1885
s 0
f 2275/2381/1886 2283/2376/1886 2287/2377/1886 2280/2382/1886
f 2280/2383/1887 2287/2378/1887 2285/2379/1887 2278/2384/1887
s 1
f 2278/2384/1888 2285/2379/1884 2281/2380/1885 2273/2385/1889
s 0
f 2268/2386/1890 2275/2381/1890 2280/2382/1890 2272/2387/1890
f 2272/2388/1891 2280/2383/1891 2278/2384/1891 2270/2389/1891
s 1
f 2270/2389/1892 2278/2384/1888 2273/2385/1889 2266/2390/1893
s 0
f 2259/2391/1894 2268/2386/1894 2272/2387/1894 2264/2392/1894
f 2264/2393/1895 2272/2388/1895 2270/2389/1895 2262/2394/1895
s 1
f 2262/2394/1896 2270/2389/1892 2266/2390/1893 2258/2395/1897
s 0
f 2252/2396/1898 2259/2391/1898 2264/2392/1898 2255/2397/1898
f 2255/2398/1899 2264/2393/1899 2262/2394/1899 2253/2399/1899
s 1
f 2253/2399/1900 2262/2394/1896 2258/2395/1897 2249/2400/1901
s 0
f 2243/2401/1902 2252/2396/1902 2255/2397/1902 2247/2402/1902
f 2247/2403/1903 2255/2398/1903 2253/2399/1903 2245/2404/1903
s 1
f 2245/2404/1904 2253/2399/1900 2249/2400/1901 2241/2405/1905
s 0
f 2236/2406/1906 2243/2401/1906 2247/2402/1906 2240/2407/1906
f 2240/2408/1907 2247/2403/1907 2245/2404/1907 2238/2409/1907
s 1
f 2238/2409/1908 2245/2404/1904 2241/2405/1905 2234/2410/1909
s 0
f 2227/2411/1910 2236/2406/1910 2240/2407/1910 2232/2412/1910
f 2232/2413/1911 2240/2408/1911 2238/2409/1911 2229/2414/1911
s 1
f 2229/2414/1912 2238/2409/1908 2234/2410/1909 2226/2415/1913
s 0
f 2220/2416/1914 2227/2411/1914 2232/2412/1914 2224/2417/1914
f 2224/2418/1915 2232/2413/1915 2229/2414/1915 2222/2419/1915
s 1
f 2222/2419/1916 2229/2414/1912 2226/2415/1913 2217/2420/1917
s 0
f 2211/2421/1918 2220/2416/1918 2224/2417/1918 2215/2422/1918
f 2215/2423/1919 2224/2418/1919 2222/2419/1919 2213/2424/1919
s 1
f 2213/2424/1920 2222/2419/1916 2217/2420/1917 2210/2425/1921
s 0
f 2204/2426/1922 2211/2421/1922 2215/2422/1922 2207/2427/1922
f 2207/2428/1923 2215/2423/1923 2213/2424/1923 2205/2429/1923
s 1
f 2205/2429/1924 2213/2424/1920 2210/2425/1921 2201/2430/1925
s 0
f 2196/2431/1926 2204/2426/1926 2207/2427/1926 2200/2432/1926
f 2200/2433/1927 2207/2434/1927 2205/2435/1927 2198/2436/1927
s 1
f 2198/2436/1928 2205/2435/1924 2201/2437/1925 2193/2438/1929
s 0
f 2188/2439/1930 2196/2431/1930 2200/2432/1930 2192/2440/1930
f 2192/2441/1931 2200/2433/1931 2198/2436/1931 2190/2442/1931
s 1
f 2190/2442/1932 2198/2436/1928 2193/2438/1929 2186/2443/1933
s 0
f 2179/2444/1934 2188/2439/1934 2192/2440/1934 2184/2445/1934
f 2184/2446/1935 2192/2441/1935 2190/2442/1935 2182/2447/1935
s 1
f 2182/2447/1936 2190/2442/1932 2186/2443/1933 2178/2448/1937
s 0
f 2172/2449/1938 2179/2444/1938 2184/2445/1938 2175/2450/1938
f 2175/2451/1939 2184/2446/1939 2182/2447/1939 2173/2452/1939
s 1
f 2173/2452/1940 2182/2447/1936 2178/2448/1937 2169/2453/1941
s 0
f 2163/2454/1942 2172/2449/1942 2175/2450/1942 2167/2455/1942
f 2167/2456/1943 2175/2451/1943 2173/2452/1943 2165/2457/1943
s 1
f 2165/2457/1944 2173/2452/1940 2169/2453/1941 2161/2458/1945
s 0
f 2156/2459/1946 2163/2454/1946 2167/2455/1946 2159/2460/1946
f 2159/2461/1947 2167/2456/1947 2165/2457/1947 2157/2462/1947
s 1
f 2157/2462/1948 2165/2457/1944 2161/2458/1945 2153/2463/1949
s 0
f 2148/2464/1950 2156/2459/1950 2159/2460/1950 2152/2465/1950
f 2152/2466/1951 2159/2461/1951 2157/2462/1951 2150/2467/1951
s 1
f 2150/2467/1952 2157/2462/1948 2153/2463/1949 2146/2468/1953
s 0
f 2140/2469/1954 2148/2464/1954 2152/2465/1954 2144/2470/1954
f 2144/2471/1955 2152/2466/1955 2150/2467/1955 2142/2472/1955
s 1
f 2142/2472/1956 2150/2467/1952 2146/2468/1953 2138/2473/1957
s 0
f 2131/2474/1958 2140/2469/1958 2144/2470/1958 2135/2475/1958
f 2135/2476/1959 2144/2471/1959 2142/2472/1959 2133/2477/1959
s 1
f 2133/2477/1960 2142/2472/1956 2138/2473/1957 2129/2478/1961
s 0
f 2123/2479/1962 2131/2474/1962 2135/2475/1962 2127/2480/1962
f 2127/2481/1963 2135/2476/1963 2133/2477/1963 2125/2482/1963
s 1
f 2125/2482/1964 2133/2477/1960 2129/2478/1961 2121/2483/1965
s 0
f 2116/2484/1966 2123/2479/1966 2127/2480/1966 2119/2485/1966
f 2119/2486/1967 2127/2481/1967 2125/2482/1967 2118/2487/1967
s 1
f 2118/2487/1968 2125/2482/1964 2121/2483/1965 2114/2488/1969
s 0
f 2108/2489/1970 2116/2484/1970 2119/2485/1970 2112/2490/1970
f 2112/2491/1971 2119/2486/1971 2118/2487/1971 2110/2492/1971
s 1
f 2110/2492/1972 2118/2487/1968 2114/2488/1969 2106/2493/1973
s 0
f 2100/2494/1974 2108/2489/1974 2112/2490/1974 2104/2495/1974
f 2104/2496/1975 2112/2491/1975 2110/2492/1975 2102/2497/1975
s 1
f 2102/2497/1976 2110/2492/1972 2106/2493/1973 2098/2498/1977
s 0
f 2092/2499/1978 2100/2494/1978 2104/2495/1978 2096/2500/1978
f 2096/2501/1979 2104/2496/1979 2102/2497/1979 2094/2502/1979
s 1
f 2094/2502/1980 2102/2497/1976 2098/2498/1977 2090/2503/1981
s 0
f 2084/2504/1982 2092/2499/1982 2096/2500/1982 2088/2505/1982
f 2088/2506/1983 2096/2501/1983 2094/2502/1983 2086/2507/1983
s 1
f 2086/2507/1984 2094/2502/1980 2090/2503/1981 2082/2508/1985
s 0
f 2076/2509/1986 2084/2504/1986 2088/2505/1986 2080/2510/1986
f 2080/2511/1987 2088/2506/1987 2086/2507/1987 2077/2512/1987
s 1
f 2077/2512/1988 2086/2507/1984 2082/2508/1985 2073/2513/1989
s 0
f 2067/2514/1990 2076/2509/1990 2080/2510/1990 2071/2515/1990
f 2071/2516/1991 2080/2511/1991 2077/2512/1991 2069/2517/1991
s 1
f 2069/2518/1992 2077/2519/1988 2073/2520/1989 2065/2521/1993
s 0
f 2059/2522/1994 2067/2514/1994 2071/2515/1994 2063/2523/1994
f 2063/2524/1995 2071/2525/1995 2069/2518/1995 2061/2526/1995
s 1
f 2061/2526/1996 2069/2518/1992 2065/2521/1993 2057/2527/1997
s 0
f 2051/2528/1998 2059/2522/1998 2063/2523/1998 2055/2529/1998
f 2055/2530/1999 2063/2524/1999 2061/2526/1999 2053/2531/1999
s 1
f 2053/2531/2000 2061/2526/1996 2057/2527/1997 2049/2532/2001
s 0
f 2044/2533/2002 2051/2528/2002 2055/2529/2002 2048/2534/2002
f 2048/2535/2003 2055/2530/2003 2053/2531/2003 2046/2536/2003
s 1
f 2046/2536/2004 2053/2531/2000 2049/2532/2001 2042/2537/2005
s 0
f 2036/2538/2006 2044/2533/2006 2048/2534/2006 2039/2539/2006
f 2039/2540/2007 2048/2535/2007 2046/2536/2007 2038/2541/2007
s 1
f 2038/2541/2008 2046/2536/2004 2042/2537/2005 2034/2542/2009
s 0
f 2028/2543/2010 2036/2538/2010 2039/2539/2010 2032/2544/2010
f 2032/2545/2011 2039/2540/2011 2038/2541/2011 2030/2546/2011
s 1
f 2030/2546/2012 2038/2541/2008 2034/2542/2009 2025/2547/2013
s 0
f 2019/2548/2014 2028/2543/2014 2032/2544/2014 2023/2549/2014
f 2023/2550/2015 2032/2545/2015 2030/2546/2015 2021/2551/2015
s 1
f 2021/2551/2016 2030/2546/2012 2025/2547/2013 2017/2552/2017
s 0
f 2012/2553/2018 2019/2548/2018 2023/2549/2018 2016/2554/2018
f 2016/2555/2019 2023/2550/2019 2021/2551/2019 2014/2556/2019
s 1
f 2014/2556/2020 2021/2551/2016 2017/2552/2017 2010/2557/2021
s 0
f 2004/2558/2022 2012/2553/2022 2016/2554/2022 2008/2559/2022
f 2008/2560/2023 2016/2555/2023 2014/2556/2023 2006/2561/2023
s 1
f 2006/2561/2024 2014/2556/2020 2010/2557/2021 2002/2562/2025
s 0
f 1991/2563/2026 2004/2558/2026 2008/2559/2026 1996/2564/2026
f 1996/2565/2027 2008/2560/2027 2006/2561/2027 1993/2566/2027
s 1
f 1993/2566/2028 2006/2561/2024 2002/2562/2025 1985/2567/2029
s 0
f 1972/2568/2030 1991/2563/2030 1996/2564/2030 1982/2569/2030
f 1982/2570/2031 1996/2565/2031 1993/2566/2031 1979/2571/2031
s 1
f 1979/2571/2032 1993/2566/2028 1985/2567/2029 1968/2572/2033
s 0
f 1958/2573/2034 1972/2568/2034 1982/2569/2034 1966/2574/2034
f 1966/2575/2035 1982/2570/2035 1979/2571/2035 1962/2576/2035
s 1
f 1962/2576/2036 1979/2571/2032 1968/2572/2033 1955/2577/2037
s 0
f 1943/2578/2038 1958/2573/2038 1966/2574/2038 1951/2579/2038
f 1951/2580/2039 1966/2575/2039 1962/2576/2039 1945/2581/2039
s 1
f 1945/2581/2040 1962/2576/2036 1955/2577/2037 1936/2582/2041
s 0
f 1924/2583/2042 1943/2578/2042 1951/2579/2042 1935/2584/2042
f 1935/2585/2043 1951/2580/2043 1945/2581/2043 1931/2586/2043
s 1
f 1931/2586/2044 1945/2581/2040 1936/2582/2041 1922/2587/2045
s 0
f 1908/2588/2046 1924/2583/2046 1935/2584/2046 1918/2589/2046
f 1918/2590/2047 1935/2585/2047 1931/2586/2047 1915/2591/2047
s 1
f 1915/2591/2048 1931/2586/2044 1922/2587/2045 1907/2592/2049
s 0
f 1892/2593/2050 1908/2588/2050 1918/2589/2050 1903/2594/2050
f 1903/2595/2051 1918/2590/2051 1915/2591/2051 1896/2596/2051
s 1
f 1896/2596/2052 1915/2591/2048 1907/2592/2049 1888/2597/2053
s 0
f 1876/2598/2054 1892/2593/2054 1903/2594/2054 1884/2599/2054
f 1884/2600/2055 1903/2601/2055 1896/2602/2055 1880/2603/2055
s 1
f 1880/2603/2056 1896/2602/2052 1888/2604/2053 1875/2605/2057
s 0
f 1862/2606/2058 1876/2598/2058 1884/2599/2058 1868/2607/2058
f 1868/2608/2059 1884/2600/2059 1880/2603/2059 1864/2609/2059
s 1
f 1864/2609/2060 1880/2603/2056 1875/2605/2057 1859/2610/2061
s 0
f 1847/2611/2062 1862/2606/2062 1868/2607/2062 1854/2612/2062
f 1854/2613/2063 1868/2608/2063 1864/2609/2063 1851/2614/2063
s 1
f 1851/2614/2064 1864/2609/2060 1859/2610/2061 1841/2615/2065
s 0
f 1830/2616/2066 1847/2611/2066 1854/2612/2066 1837/2617/2066
f 1837/2618/2067 1854/2613/2067 1851/2614/2067 1832/2619/2067
s 1
f 1832/2619/2068 1851/2614/2064 1841/2615/2065 1824/2620/2069
s 0
f 1813/2621/2070 1830/2616/2070 1837/2617/2070 1820/2622/2070
f 1820/2623/2071 1837/2618/2071 1832/2619/2071 1816/2624/2071
s 1
f 1816/2624/2072 1832/2619/2068 1824/2620/2069 1808/2625/2073
s 0
f 1796/2626/2074 1813/2621/2074 1820/2622/2074 1807/2627/2074
f 1807/2628/2075 1820/2623/2075 1816/2624/2075 1800/2629/2075
s 1
f 1800/2629/2076 1816/2624/2072 1808/2625/2073 1795/2630/2077
s 0
f 1780/2631/2078 1796/2626/2078 1807/2627/2078 1789/2632/2078
f 1789/2633/2079 1807/2628/2079 1800/2629/2079 1786/2634/2079
s 1
f 1786/2634/2080 1800/2629/2076 1795/2630/2077 1779/2635/2081
s 0
f 1764/2636/2082 1780/2631/2082 1789/2632/2082 1773/2637/2082
f 1773/2638/2083 1789/2633/2083 1786/2634/2083 1768/2639/2083
s 1
f 1768/2639/2084 1786/2634/2080 1779/2635/2081 1761/2640/2085
s 0
f 1746/2317/2086 1764/2636/2086 1773/2637/2086 1755/2314/2086
f 1755/2313/2087 1773/2638/2087 1768/2639/2087 1758/2311/2087
s 1
f 1758/2311/1835 1768/2639/2084 1761/2640/2085 1751/2308/1832
f 2378/2309/1833 1751/2308/1832 1010/2172/1704 1359/2306/1830
s 0
f 2220/2416/1677 2211/2421/1677 2204/2426/1677 2196/2431/1677 2188/2439/1677 2179/2444/1677 2172/2449/1677 2163/2454/1677 2156/2459/1677 2148/2464/1677 2140/2469/1677 2131/2474/1677 2123/2479/1677 2116/2484/1677 2108/2489/1677 2100/2494/1677 2092/2499/1677 2084/2504/1677 2076/2509/1677 2067/2514/1677 2059/2522/1677 2051/2528/1677 2044/2533/1677 2036/2538/1677 2028/2543/1677 2019/2548/1677 2012/2553/1677 2004/2558/1677 1991/2563/1677 1972/2568/1677 1958/2573/1677 1943/2578/1677 1924/2583/1677 1908/2588/1677 1892/2593/1677 1876/2598/1677 1862/2606/1677 1847/2611/1677 1830/2616/1677 1813/2621/1677 1796/2626/1677 1780/2631/1677 1764/2636/1677 1746/2317/1677 2379/2316/1677 2371/2318/1677 2363/2323/1677 2355/2328/1677 2348/2333/1677 2340/2338/1677 2332/2343/1677 2323/2348/1677 2316/2356/1677 2308/2361/1677 2300/2366/1677 2292/2371/1677 2283/2376/1677 2275/2381/1677 2268/2386/1677 2259/2391/1677 2252/2396/1677 2243/2401/1677 2236/2406/1677 2227/2411/1677
s 1
f 1751/2308/1832 1761/2640/2085 1020/2173/1705 1010/2172/1704
f 1761/2640/2085 1779/2635/2081 1027/2176/1708 1020/2173/1705
f 1779/2635/2081 1795/2630/2077 1036/2178/1710 1027/2176/1708
f 1795/2630/2077 1808/2625/2073 1039/2180/1712 1036/2178/1710
f 1808/2625/2073 1824/2620/2069 1048/2182/1714 1039/2180/1712
f 1824/2620/2069 1841/2615/2065 1061/2184/1716 1048/2182/1714
f 1841/2615/2065 1859/2610/2061 1063/2186/1718 1061/2184/1716
f 1859/2610/2061 1875/2605/2057 1077/2188/1720 1063/2186/1718
f 1875/2641/2057 1888/2597/2053 1086/2192/1722 1077/2642/1720
f 1888/2597/2053 1907/2592/2049 1090/2193/1724 1086/2192/1722
f 1907/2592/2049 1922/2587/2045 1101/2196/1726 1090/2193/1724
f 1922/2587/2045 1936/2582/2041 1109/2198/1728 1101/2196/1726
f 1936/2582/2041 1955/2577/2037 1118/2200/1730 1109/2198/1728
f 1955/2577/2037 1968/2572/2033 1122/2202/1732 1118/2200/1730
f 1968/2572/2033 1985/2567/2029 1128/2204/1734 1122/2202/1732
f 1985/2567/2029 2002/2562/2025 1138/2206/1736 1128/2204/1734
f 2002/2562/2025 2010/2557/2021 1148/2208/1738 1138/2206/1736
f 2010/2557/2021 2017/2552/2017 1155/2210/1740 1148/2208/1738
f 2017/2552/2017 2025/2547/2013 1166/2212/1742 1155/2210/1740
f 2025/2547/2013 2034/2542/2009 1167/2214/1744 1166/2212/1742
f 2034/2542/2009 2042/2537/2005 1176/2216/1746 1167/2214/1744
f 2042/2537/2005 2049/2532/2001 1190/2218/1748 1176/2216/1746
f 2049/2532/2001 2057/2527/1997 1191/2220/1750 1190/2218/1748
f 2057/2527/1997 2065/2521/1993 1202/2222/1752 1191/2220/1750
f 2065/2521/1993 2073/2520/1989 1211/2224/1754 1202/2222/1752
f 2073/2513/1989 2082/2508/1985 1221/2227/1756 1211/2226/1754
f 2082/2508/1985 2090/2503/1981 1227/2230/1758 1221/2227/1756
f 2090/2503/1981 2098/2498/1977 1237/2232/1760 1227/2230/1758
f 2098/2498/1977 2106/2493/1973 1241/2234/1762 1237/2232/1760
f 2106/2493/1973 2114/2488/1969 1248/2236/1764 1241/2234/1762
f 2114/2488/1969 2121/2483/1965 1252/2238/1766 1248/2236/1764
f 2121/2483/1965 2129/2478/1961 1256/2240/1768 1252/2238/1766
f 2129/2478/1961 2138/2473/1957 1259/2242/1770 1256/2240/1768
f 2138/2473/1957 2146/2468/1953 1263/2244/1772 1259/2242/1770
f 2146/2468/1953 2153/2463/1949 1268/2246/1774 1263/2244/1772
f 2153/2463/1949 2161/2458/1945 1270/2248/1776 1268/2246/1774
f 2161/2458/1945 2169/2453/1941 1275/2250/1778 1270/2248/1776
f 2169/2453/1941 2178/2448/1937 1278/2252/1780 1275/2250/1778
f 2178/2448/1937 2186/2443/1933 1282/2254/1782 1278/2252/1780
f 2186/2443/1933 2193/2438/1929 1286/2256/1784 1282/2254/1782
f 2193/2438/1929 2201/2437/1925 1292/2258/1786 1286/2256/1784
f 2201/2430/1925 2210/2425/1921 1294/2261/1788 1292/2260/1786
f 2210/2425/1921 2217/2420/1917 1299/2264/1790 1294/2261/1788
f 2217/2420/1917 2226/2415/1913 1302/2266/1792 1299/2264/1790
f 2226/2415/1913 2234/2410/1909 1304/2268/1794 1302/2266/1792
f 2234/2410/1909 2241/2405/1905 1305/2270/1796 1304/2268/1794
f 2241/2405/1905 2249/2400/1901 1307/2272/1798 1305/2270/1796
f 2249/2400/1901 2258/2395/1897 1309/2274/1800 1307/2272/1798
f 2258/2395/1897 2266/2390/1893 1312/2276/1802 1309/2274/1800
f 2266/2390/1893 2273/2385/1889 1314/2278/1804 1312/2276/1802
f 2273/2385/1889 2281/2380/1885 1316/2280/1806 1314/2278/1804
f 2281/2380/1885 2289/2375/1881 1318/2282/1808 1316/2280/1806
f 2289/2375/1881 2297/2370/1877 1320/2284/1810 1318/2282/1808
f 2297/2370/1877 2306/2365/1873 1321/2286/1812 1320/2284/1810
f 2306/2365/1873 2314/2360/1869 1323/2288/1814 1321/2286/1812
f 2314/2360/1869 2321/2355/1865 1328/2290/1816 1323/2288/1814
f 2321/2355/1865 2329/2354/1861 1331/2292/1818 1328/2290/1816
f 2329/2347/1861 2337/2342/1857 1335/2295/1820 1331/2294/1818
f 2337/2342/1857 2346/2337/1853 1340/2298/1822 1335/2295/1820
f 2346/2337/1853 2353/2332/1849 1344/2300/1824 1340/2298/1822
f 2353/2332/1849 2361/2327/1845 1349/2302/1826 1344/2300/1824
f 2361/2327/1845 2369/2322/1841 1358/2304/1828 1349/2302/1826
f 2369/2322/1841 2378/2309/1833 1359/2306/1830 1358/2304/1828
f 1742/2307/1831 1370/2175/1707 2604/2643/2088 2606/2644/2089
f 1370/2175/1707 1378/2174/1706 2617/2645/2090 2604/2643/2088
f 2617/2645/2090 1378/2174/1706 1385/2177/1709 2593/2646/2091 2592/2647/2092
f 2593/2646/2091 1385/2177/1709 1395/2179/1711 2590/2648/2093 2589/2649/2094
f 2590/2648/2093 1395/2179/1711 1406/2181/1713 2585/2650/2095 2591/2651/2096
f 2587/2652/2097 2586/2653/2098 2585/2650/2095 1406/2181/1713 1412/2183/1715
f 2587/2652/2097 1412/2183/1715 1419/2185/1717 2584/2654/2099 2588/2655/2100
f 2584/2654/2099 1419/2185/1717 1428/2187/1719 2583/2656/2101 2582/2657/2102
f 2583/2656/2101 1428/2187/1719 1437/2189/1721 2578/2658/2103 2594/2659/2104
f 2578/2658/2103 1437/2189/1721 1446/2191/1723 2577/2660/2105 2576/2661/2106
f 2580/2662/2107 2579/2663/2108 2577/2664/2105 1446/2195/1723 1447/2194/1725
f 2580/2662/2107 1447/2194/1725 1462/2197/1727 2572/2665/2109 2581/2666/2110
f 2574/2667/2111 2573/2668/2112 2572/2665/2109 1462/2197/1727 1469/2199/1729
f 2574/2667/2111 1469/2199/1729 1474/2201/1731 2571/2669/2113 2575/2670/2114
f 2614/2671/2115 2616/2672/2116 2571/2669/2113 1474/2201/1731 1486/2203/1733
f 2614/2671/2115 1486/2203/1733 1488/2205/1735 2613/2673/2117 2615/2674/2118
f 1488/2205/1735 1499/2207/1737 2618/2675/2119 2613/2673/2117
f 1499/2207/1737 1509/2209/1739 2612/2676/2120 2618/2675/2119
f 2611/2677/2121 2612/2676/2120 1509/2209/1739 1515/2211/1741 2610/2678/2122
f 2568/2679/2123 2610/2678/2122 1515/2211/1741 1525/2213/1743 2569/2680/2124
f 2565/2681/2125 2569/2680/2124 1525/2213/1743 1527/2215/1745 2566/2682/2126
f 2567/2683/2127 2566/2682/2126 1527/2215/1745 1536/2217/1747 2570/2684/2128
f 2561/2685/2129 2570/2684/2128 1536/2217/1747 1544/2219/1749 2562/2686/2130
f 2563/2687/2131 2562/2686/2130 1544/2219/1749 1548/2221/1751 2564/2688/2132
f 2560/2689/2133 2564/2688/2132 1548/2221/1751 1549/2223/1753 2558/2690/2134
f 2559/2691/2135 2558/2692/2134 1549/2693/1753 1556/2229/1755 2557/2694/2136
f 2553/2695/2137 2557/2694/2136 1556/2229/1755 1559/2228/1757 2551/2696/2138
f 2552/2697/2139 2551/2696/2138 1559/2228/1757 1563/2231/1759 2554/2698/2140
f 2555/2699/2141 2554/2698/2140 1563/2231/1759 1567/2233/1761 2556/2700/2142
f 2550/2701/2143 2556/2700/2142 1567/2233/1761 1571/2235/1763 2548/2702/2144
f 2549/2703/2145 2548/2702/2144 1571/2235/1763 1574/2237/1765 2547/2704/2146
f 2608/2705/2147 2547/2704/2146 1574/2237/1765 1580/2239/1767 2609/2706/2148
f 1580/2239/1767 1583/2241/1769 2595/2707/2149 2609/2706/2148
f 1583/2241/1769 1587/2243/1771 2596/2708/2150 2595/2707/2149
f 2596/2708/2150 1587/2243/1771 1591/2245/1773 2526/2709/2151 2523/2710/2152
f 2526/2709/2151 1591/2245/1773 1595/2247/1775 2524/2711/2153 2525/2712/2154
f 2530/2713/2155 2533/2714/2156 2524/2711/2153 1595/2247/1775 1600/2249/1777
f 2530/2713/2155 1600/2249/1777 1601/2251/1779 2527/2715/2157 2531/2716/2158
f 2529/2717/2159 2528/2718/2160 2527/2715/2157 1601/2251/1779 1608/2253/1781
f 2534/2719/2161 2532/2720/2162 2529/2717/2159 1608/2253/1781 1611/2255/1783
f 2536/2721/2163 2535/2722/2164 2534/2719/2161 1611/2255/1783 1616/2257/1785
f 2539/2723/2165 2540/2724/2166 2536/2721/2163 1616/2257/1785 1619/2259/1787
f 2539/2725/2165 1619/2263/1787 1623/2262/1789 2538/2726/2167 2537/2727/2168
f 2545/2728/2169 2546/2729/2170 2538/2726/2167 1623/2262/1789 1630/2265/1791
f 2545/2728/2169 1630/2265/1791 1635/2267/1793 2543/2730/2171 2544/2731/2172
f 2543/2730/2171 1635/2267/1793 1645/2269/1795 2541/2732/2173 2542/2733/2174
f 2600/2734/2175 2599/2735/2176 2541/2732/2173 1645/2269/1795 1653/2271/1797
f 2600/2734/2175 1653/2271/1797 1658/2273/1799 2597/2736/2177 2598/2737/2178
f 1658/2273/1799 1667/2275/1801 2607/2738/2179 2597/2736/2177
f 1667/2275/1801 1675/2277/1803 2603/2739/2180 2607/2738/2179
f 2601/2740/2181 2603/2739/2180 1675/2277/1803 1679/2279/1805 2602/2741/2182
f 2499/2742/2183 2602/2741/2182 1679/2279/1805 1690/2281/1807 2503/2743/2184
f 2502/2744/2185 2503/2743/2184 1690/2281/1807 1696/2283/1809 2500/2745/2186
f 2501/2746/2187 2500/2745/2186 1696/2283/1809 1703/2285/1811 2509/2747/2188
f 2507/2748/2189 2509/2747/2188 1703/2285/1811 1705/2287/1813 2508/2749/2190
f 2504/2750/2191 2508/2749/2190 1705/2287/1813 1709/2289/1815 2505/2751/2192
f 2506/2752/2193 2505/2751/2192 1709/2289/1815 1715/2291/1817 2522/2753/2194
f 2510/2754/2195 2522/2753/2194 1715/2291/1817 1719/2293/1819 2511/2755/2196
f 2512/2756/2197 2511/2757/2196 1719/2297/1819 1722/2296/1821 2516/2758/2198
f 2515/2759/2199 2516/2758/2198 1722/2296/1821 1726/2299/1823 2513/2760/2200
f 2514/2761/2201 2513/2760/2200 1726/2299/1823 1729/2301/1825 2517/2762/2202
f 2519/2763/2203 2517/2762/2202 1729/2301/1825 1733/2303/1827 2518/2764/2204
f 2521/2765/2205 2518/2764/2204 1733/2303/1827 1738/2305/1829 2520/2766/2206
f 2605/2767/2207 2520/2766/2206 1738/2305/1829 1742/2307/1831 2606/2644/2089
f 1008/2768/2208 1013/2769/2209 1142/2770/2210 1135/2771/2211
f 1013/2769/2209 1017/2772/2212 1146/2773/2213 1142/2770/2210
f 1017/2772/2212 1021/2774/2214 1150/2775/2215 1146/2773/2213
f 1021/2774/2214 1026/2776/2216 1153/2777/2217 1150/2775/2215
f 1026/2776/2216 1030/2778/2218 1158/2779/2219 1153/2777/2217
f 1030/2780/2218 1034/2781/2220 1160/2782/2221 1158/2783/2219
f 1034/2781/2220 1037/2784/2222 1164/2785/2223 1160/2782/2221
f 1037/2784/2222 1042/2786/2224 1169/2787/2225 1164/2785/2223
f 1042/2786/2224 1045/2788/2226 1173/2789/2227 1169/2787/2225
f 1045/2788/2226 1050/2790/2228 1177/2791/2229 1173/2789/2227
f 1050/2790/2228 1054/2792/2230 1182/2793/2231 1177/2791/2229
f 1054/2792/2230 1058/2794/2232 1184/2795/2233 1182/2793/2231
f 1058/2796/2232 1060/2797/2234 1188/2798/2235 1184/2799/2233
f 1060/2797/2234 1065/2800/2236 1193/2801/2237 1188/2798/2235
f 1065/2800/2236 1069/2802/2238 1196/2803/2239 1193/2801/2237
f 1069/2802/2238 1074/2804/2240 1200/2805/2241 1196/2803/2239
f 1074/2804/2240 1076/2806/2242 1203/2807/2243 1200/2805/2241
f 1076/2806/2242 1079/2808/2244 1210/2809/2245 1203/2807/2243
f 1079/2808/2244 1084/2810/2246 1213/2811/2247 1210/2809/2245
f 1084/2810/2246 1088/2812/2248 1217/2813/2249 1213/2811/2247
f 1088/2812/2248 1092/2814/2250 1219/2815/2251 1217/2813/2249
f 1092/2816/2250 1095/2817/2252 1225/2818/2253 1219/2819/2251
f 1095/2817/2252 1100/2820/2254 1229/2821/2255 1225/2818/2253
f 1100/2820/2254 1104/2822/2256 1231/2823/2257 1229/2821/2255
f 1104/2822/2256 1107/2824/2258 1235/2825/2259 1231/2823/2257
f 1107/2824/2258 1111/2826/2260 1239/2827/2261 1235/2825/2259
f 1111/2826/2260 1115/2828/2262 1245/2829/2263 1239/2827/2261
f 1115/2828/2262 1120/2830/2264 1247/2831/2265 1245/2829/2263
f 1120/2832/2264 1123/2833/2266 1249/2834/2267 1247/2835/2265
f 1123/2833/2266 1130/2836/2268 1251/2837/2269 1249/2834/2267
f 1130/2836/2268 1134/2838/2270 1253/2839/2271 1251/2837/2269
f 1134/2838/2270 1008/2768/2208 1135/2771/2211 1253/2839/2271
f 1135/2771/2211 1142/2770/2210 1257/2840/2272 1254/2841/2273
f 1158/2783/2219 1160/2782/2221 1260/2842/2274 1258/2843/2275
f 1160/2782/2221 1164/2785/2223 1262/2844/2276 1260/2842/2274
f 1164/2785/2223 1169/2787/2225 1265/2845/2277 1262/2844/2276
f 1169/2787/2225 1173/2789/2227 1267/2846/2278 1265/2845/2277
f 1173/2789/2227 1177/2791/2229 1269/2847/2279 1267/2846/2278
f 1193/2801/2237 1196/2803/2239 1273/2848/2280 1271/2849/2281
f 1196/2803/2239 1200/2805/2241 1274/2850/2282 1273/2848/2280
f 1200/2805/2241 1203/2807/2243 1277/2851/2283 1274/2850/2282
f 1203/2807/2243 1210/2809/2245 1279/2852/2284 1277/2851/2283
f 1251/2837/2269 1253/2839/2271 1283/2853/2285 1281/2854/2286
f 1253/2839/2271 1135/2771/2211 1254/2841/2273 1283/2853/2285
f 1258/2855/2275 1260/2856/2274 1288/2857/2287 1287/2858/2288
f 1260/2856/2274 1262/2859/2276 1290/2860/2289 1288/2857/2287
f 1262/2859/2276 1265/2861/2277 1293/2862/2290 1290/2860/2289
f 1265/2861/2277 1267/2863/2278 1295/2864/2291 1293/2862/2290
f 1267/2863/2278 1269/2865/2279 1297/2866/2292 1295/2864/2291
f 1628/2867/2293 1639/2868/2294 1638/2869/2295
f 1639/2868/2294 1644/2870/2296 1638/2869/2295
f 1644/2870/2296 1631/2871/2297 1638/2869/2295
f 1665/2872/2298 1678/2873/2299 1674/2874/2300
f 1678/2873/2299 1682/2875/2301 1674/2874/2300
f 1682/2875/2301 1670/2876/2302 1674/2874/2300
f 1685/2877/2303 1697/2878/2304 1692/2879/2305
f 1697/2880/2304 1699/2881/2306 1692/2882/2305
f 1699/2881/2306 1687/2883/2307 1692/2882/2305
f 1708/2884/2308 1714/2885/2309 1712/2886/2310
f 1714/2885/2309 1716/2887/2311 1712/2886/2310
f 1716/2887/2311 1711/2888/2312 1712/2886/2310
f 1718/2889/2313 1725/2890/2314 1723/2891/2315
f 1725/2890/2314 1727/2892/2316 1723/2891/2315
f 1727/2892/2316 1720/2893/2317 1723/2891/2315
f 1801/2894/2318 1806/2895/2319 1805/2896/2320
f 1806/2895/2319 1809/2897/2321 1805/2896/2320
f 1809/2897/2321 1803/2898/2322 1805/2896/2320
s 0
f 2666/2899/2323 1538/2900/2323 1529/2901/2323 2620/2902/2323
f 2669/2903/2324 1533/2904/2324 1538/2900/2324 2666/2899/2324
s 1
f 2668/2164/1696 1524/2905/2325 1533/2906/2326 2669/2165/1697
s 0
f 1513/2907/2327 1529/2901/2327 1538/2900/2327 1519/2908/2327
f 1519/2909/2328 1538/2910/2328 1533/2906/2328 1517/2911/2328
s 1
f 1517/2911/2329 1533/2906/2326 1524/2905/2325 1507/2912/2330
s 0
f 1497/2913/2331 1513/2907/2331 1519/2908/2331 1505/2914/2331
f 1505/2915/2332 1519/2909/2332 1517/2911/2332 1501/2916/2332
s 1
f 1501/2916/2333 1517/2911/2329 1507/2912/2330 1494/2917/2334
s 0
f 1482/2918/2335 1497/2913/2335 1505/2914/2335 1489/2919/2335
f 1489/2920/2336 1505/2915/2336 1501/2916/2336 1483/2921/2336
s 1
f 1483/2921/2337 1501/2916/2333 1494/2917/2334 1477/2922/2338
s 0
f 1464/2923/2339 1482/2918/2339 1489/2919/2339 1471/2924/2339
f 1471/2925/2340 1489/2920/2340 1483/2921/2340 1468/2926/2340
s 1
f 1468/2926/2341 1483/2921/2337 1477/2922/2338 1459/2927/2342
s 0
f 1450/2928/2343 1464/2923/2343 1471/2924/2343 1456/2929/2343
f 1456/2930/2344 1471/2925/2344 1468/2926/2344 1452/2931/2344
s 1
f 1452/2931/2345 1468/2926/2341 1459/2927/2342 1444/2932/2346
s 0
f 1431/2933/2347 1450/2928/2347 1456/2929/2347 1439/2934/2347
f 1439/2934/2348 1456/2929/2348 1452/2935/2348 1436/2936/2348
s 1
f 1436/2937/2349 1452/2931/2345 1444/2932/2346 1429/2938/2350
s 0
f 1418/2939/2351 1431/2933/2351 1439/2934/2351 1424/2940/2351
f 1424/2940/2352 1439/2934/2352 1436/2936/2352 1422/2941/2352
s 1
f 1422/2942/2353 1436/2937/2349 1429/2938/2350 1413/2943/2354
s 0
f 1399/2944/2355 1418/2939/2355 1424/2940/2355 1409/2945/2355
f 1409/2945/2356 1424/2940/2356 1422/2941/2356 1404/2946/2356
s 1
f 1404/2947/2357 1422/2942/2353 1413/2943/2354 1397/2948/2358
s 0
f 1384/2949/2359 1399/2944/2359 1409/2945/2359 1392/2950/2359
f 1392/2950/2360 1409/2945/2360 1404/2946/2360 1387/2951/2360
s 1
f 1387/2952/2361 1404/2947/2357 1397/2948/2358 1381/2953/2362
s 0
f 1367/2954/2363 1384/2949/2363 1392/2950/2363 1376/2955/2363
f 1376/2955/2364 1392/2950/2364 1387/2951/2364 1374/2956/2364
s 1
f 1374/2957/2365 1387/2958/2361 1381/2959/2362 1363/2960/2366
s 0
f 1354/2961/2367 1367/2954/2367 1376/2955/2367 1362/2962/2367
f 1362/2963/2368 1376/2964/2368 1374/2957/2368 1355/2965/2368
s 1
f 1355/2965/2369 1374/2957/2365 1363/2960/2366 1347/2966/2370
s 0
f 1362/2962/2371 2663/2967/2371 2619/2968/2371 1354/2961/2371
f 1362/2963/2372 1355/2965/2372 2664/2160/2372 2663/2159/2372
s 1
f 1355/2965/2369 1347/2966/2370 2665/2158/1690 2664/2160/1692
f 1628/2867/2293 1647/2969/2373 1655/2970/2374 1639/2868/2294
f 1639/2868/2294 1655/2970/2374 1659/2971/2375 1644/2870/2296
f 1644/2870/2296 1659/2971/2375 1651/2972/2376 1631/2871/2297
f 1647/2969/2373 1670/2973/2302 1682/2974/2301 1655/2970/2374
f 1655/2975/2374 1682/2875/2301 1678/2873/2299 1659/2976/2375
f 1659/2976/2375 1678/2873/2299 1665/2872/2298 1651/2977/2376
f 1685/2877/2303 1701/2978/2377 1704/2979/2378 1697/2878/2304
f 1697/2880/2304 1704/2980/2378 1707/2981/2379 1699/2881/2306
f 1699/2881/2306 1707/2981/2379 1702/2982/2380 1687/2883/2307
f 1701/2983/2377 1711/2888/2312 1716/2887/2311 1704/2984/2378
f 1704/2980/2378 1716/2985/2311 1714/2986/2309 1707/2981/2379
f 1707/2981/2379 1714/2986/2309 1708/2987/2308 1702/2982/2380
f 1718/2889/2313 1728/2988/2381 1732/2989/2382 1725/2890/2314
f 1725/2890/2314 1732/2989/2382 1735/2990/2383 1727/2892/2316
f 1727/2892/2316 1735/2990/2383 1731/2991/2384 1720/2893/2317
f 1728/2992/2381 1737/2993/2385 1740/2994/2386 1732/2995/2382
f 1732/2996/2382 1740/2997/2386 1743/2998/2387 1735/2999/2383
f 1735/2999/2383 1743/2998/2387 1739/3000/2388 1731/3001/2384
f 1737/2993/2385 1744/3002/2389 1749/3003/2390 1740/2994/2386
f 1740/2994/2386 1749/3003/2390 1750/3004/2391 1743/3005/2387
f 1743/2998/2387 1750/3006/2391 1747/3007/2392 1739/3000/2388
f 1744/3002/2389 1752/3008/2393 1757/3009/2394 1749/3003/2390
f 1749/3003/2390 1757/3009/2394 1759/3010/2395 1750/3004/2391
f 1750/3006/2391 1759/3011/2395 1754/3012/2396 1747/3007/2392
f 1752/3008/2393 1760/3013/2397 1765/3014/2398 1757/3009/2394
f 1757/3009/2394 1765/3014/2398 1767/3015/2399 1759/3010/2395
f 1759/3011/2395 1767/3016/2399 1762/3017/2400 1754/3012/2396
f 1760/3013/2397 1769/3018/2401 1772/3019/2402 1765/3014/2398
f 1765/3014/2398 1772/3019/2402 1775/3020/2403 1767/3015/2399
f 1767/3016/2399 1775/3021/2403 1771/3022/2404 1762/3017/2400
f 1769/3018/2401 1776/3023/2405 1781/3024/2406 1772/3019/2402
f 1772/3019/2402 1781/3024/2406 1783/3025/2407 1775/3020/2403
f 1775/3021/2403 1783/3026/2407 1778/3027/2408 1771/3022/2404
f 1776/3023/2405 1785/3028/2409 1788/3029/2410 1781/3024/2406
f 1781/3024/2406 1788/3029/2410 1790/3030/2411 1783/3025/2407
f 1783/3026/2407 1790/3031/2411 1787/3032/2412 1778/3027/2408
f 1785/3028/2409 1792/3033/2413 1797/3034/2414 1788/3029/2410
f 1788/3029/2410 1797/3034/2414 1798/3035/2415 1790/3030/2411
f 1790/3030/2411 1798/3035/2415 1794/3036/2416 1787/3037/2412
f 1792/3038/2413 1803/2898/2322 1809/2897/2321 1797/3039/2414
f 1797/3039/2414 1809/2897/2321 1806/2895/2319 1798/3040/2415
f 1798/3040/2415 1806/2895/2319 1801/2894/2318 1794/3041/2416
f 1812/3042/2417 1821/3043/2418 1825/3044/2419 1817/3045/2420
f 1817/3046/2420 1825/3047/2419 1822/3048/2421 1815/3049/2422
s 0
f 1815/3049/2423 1822/3048/2423 1819/3050/2423 1810/3051/2423
s 1
f 1821/3052/2418 1828/3053/2424 1833/3054/2425 1825/3047/2419
f 1825/3047/2419 1833/3054/2425 1831/3055/2426 1822/3048/2421
s 0
f 1822/3048/2427 1831/3055/2427 1827/3056/2427 1819/3050/2427
s 1
f 1828/3053/2424 1836/3057/2428 1840/3058/2429 1833/3054/2425
f 1833/3054/2425 1840/3058/2429 1839/3059/2430 1831/3055/2426
s 0
f 1831/3055/2431 1839/3059/2431 1835/3060/2431 1827/3056/2431
s 1
f 1843/3061/2432 1852/3062/2433 1856/3063/2434 1846/3064/2435
f 1846/3064/2435 1856/3063/2434 1855/3065/2436 1849/3066/2437
s 0
f 1849/3066/2438 1855/3065/2438 1850/3067/2438 1844/3068/2438
s 1
f 1852/3062/2433 1861/3069/2439 1865/3070/2440 1856/3063/2434
f 1856/3063/2434 1865/3070/2440 1863/3071/2441 1855/3065/2436
s 0
f 1855/3065/2442 1863/3071/2442 1858/3072/2442 1850/3067/2442
s 1
f 1861/3069/2439 1869/3073/2443 1873/3074/2444 1865/3070/2440
f 1865/3070/2440 1873/3074/2444 1871/3075/2445 1863/3071/2441
s 0
f 1863/3071/2446 1871/3075/2446 1867/3076/2446 1858/3072/2446
s 1
f 1869/3077/2443 1877/3078/2447 1881/3079/2448 1873/3080/2444
f 1873/3074/2444 1881/3081/2448 1878/3082/2449 1871/3075/2445
s 0
f 1871/3075/2450 1878/3082/2450 1874/3083/2450 1867/3076/2450
s 1
f 1877/3078/2447 1885/3084/2451 1889/3085/2452 1881/3079/2448
f 1881/3081/2448 1889/3086/2452 1887/3087/2453 1878/3082/2449
s 0
f 1878/3082/2454 1887/3087/2454 1882/3088/2454 1874/3083/2454
s 1
f 1885/3084/2451 1893/3089/2455 1897/3090/2456 1889/3085/2452
f 1889/3086/2452 1897/3091/2456 1895/3092/2457 1887/3087/2453
s 0
f 1887/3087/2458 1895/3092/2458 1891/3093/2458 1882/3088/2458
s 1
f 1893/3089/2455 1900/3094/2459 1905/3095/2460 1897/3090/2456
f 1897/3090/2456 1905/3095/2460 1902/3096/2461 1895/3097/2457
s 0
f 1895/3092/2462 1902/3098/2462 1898/3099/2462 1891/3093/2462
s 1
f 1900/3100/2459 1909/3101/2463 1913/3102/2464 1905/3103/2460
f 1905/3104/2460 1913/3105/2464 1910/3106/2465 1902/3107/2461
s 0
f 1902/3098/2466 1910/3108/2466 1906/3109/2466 1898/3099/2466
s 1
f 1909/3101/2463 1917/3110/2467 1921/3111/2468 1913/3102/2464
f 1913/3105/2464 1921/3112/2468 1919/3113/2469 1910/3106/2465
s 0
f 1910/3108/2470 1919/3114/2470 1914/3115/2470 1906/3109/2470
s 1
f 1917/3110/2467 1925/3116/2471 1928/3117/2472 1921/3111/2468
f 1921/3112/2468 1928/3118/2472 1926/3119/2473 1919/3113/2469
s 0
f 1919/3114/2474 1926/3120/2474 1923/3121/2474 1914/3115/2474
s 1
f 1925/3116/2471 1932/3122/2475 1937/3123/2476 1928/3117/2472
f 1928/3118/2472 1937/3124/2476 1934/3125/2477 1926/3119/2473
s 0
f 1926/3120/2478 1934/3126/2478 1930/3127/2478 1923/3121/2478
s 1
f 1932/3122/2475 1940/3128/2479 1944/3129/2480 1937/3123/2476
f 1937/3124/2476 1944/3130/2480 1942/3131/2481 1934/3125/2477
s 0
f 1934/3126/2482 1942/3132/2482 1938/3133/2482 1930/3127/2482
s 1
f 1940/3128/2479 1948/3134/2483 1953/3135/2484 1944/3129/2480
f 1944/3130/2480 1953/3136/2484 1950/3137/2485 1942/3131/2481
s 0
f 1942/3132/2486 1950/3138/2486 1946/3139/2486 1938/3133/2486
s 1
f 1948/3134/2483 1957/3140/2487 1961/3141/2488 1953/3135/2484
f 1953/3136/2484 1961/3142/2488 1959/3143/2489 1950/3137/2485
s 0
f 1950/3138/2490 1959/3144/2490 1954/3145/2490 1946/3139/2490
s 1
f 1957/3140/2487 1965/3146/2491 1969/3147/2492 1961/3141/2488
f 1961/3142/2488 1969/3148/2492 1967/3149/2493 1959/3143/2489
s 0
f 1959/3144/2494 1967/3150/2494 1963/3151/2494 1954/3145/2494
s 1
f 1965/3152/2491 1973/3153/2495 1977/3154/2496 1969/3148/2492
f 1969/3148/2492 1977/3154/2496 1975/3155/2497 1967/3149/2493
s 0
f 1967/3150/2498 1975/3156/2498 1971/3157/2498 1963/3151/2498
s 1
f 1973/3153/2495 1980/3158/2499 1984/3159/2500 1977/3154/2496
f 1977/3154/2496 1984/3159/2500 1983/3160/2501 1975/3155/2497
s 0
f 1975/3156/2502 1983/3161/2502 1978/3162/2502 1971/3157/2502
s 1
f 1980/3163/2499 1988/3164/2503 1992/3165/2504 1984/3166/2500
f 1984/3167/2500 1992/3168/2504 1990/3169/2505 1983/3161/2501
s 0
f 1983/3161/2506 1990/3169/2506 1986/3170/2506 1978/3162/2506
s 1
f 1988/3164/2503 1997/3171/2507 2001/3172/2508 1992/3165/2504
f 1992/3168/2504 2001/3173/2508 1998/3174/2509 1990/3169/2505
s 0
f 1990/3169/2510 1998/3174/2510 1995/3175/2510 1986/3170/2510
f 1810/3051/2511 1995/3175/2511 1998/3174/2511 1815/3049/2511
f 1815/3049/2512 1998/3174/2512 2001/3173/2512 1817/3046/2512
s 1
f 1817/3045/2420 2001/3172/2508 1997/3171/2507 1812/3042/2417
f 2646/3176/2513 1008/2768/2208 1134/2838/2270 2657/3177/2514
s 0
f 1593/3178/1677 2620/2902/1677 1529/2901/1677 1513/2907/1677 1497/2913/1677 1482/2918/1677 1464/2923/1677 1450/2928/1677 1431/2933/1677 1418/2939/1677 1399/2944/1677 1384/2949/1677 1367/2954/1677 1354/2961/1677 2619/2968/1677 1545/3179/1677 1552/3180/1677 1554/3181/1677 1558/3182/1677 1561/3183/1677 1565/3184/1677 1570/3185/1677 1575/3186/1677 1578/3187/1677 1582/3188/1677 1586/3189/1677 1590/3190/1677
s 1
f 2644/3191/2515 1013/2769/2209 1008/2768/2208 2646/3176/2513
f 2645/3192/2516 1017/2772/2212 1013/2769/2209 2644/3191/2515
f 2639/3193/2517 2640/3194/2518 1021/2774/2214 1017/2772/2212 2645/3192/2516
f 2641/3195/2519 2642/3196/2520 1026/2776/2216 1021/2774/2214 2640/3194/2518
f 2638/3197/2521 2637/3198/2522 1030/2778/2218 1026/2776/2216 2642/3196/2520
f 2626/3199/2523 2625/3200/2524 1034/2781/2220 1030/2780/2218 2637/3201/2522 2627/3202/2525
f 2623/3203/1561 2621/3204/1560 1037/2784/2222 1034/2781/2220 2625/3200/2524 2624/3205/1558
f 2631/1839/1569 2660/2154/1686 1042/2786/2224 1037/2784/2222 2621/3204/1560 2622/3206/1559 2628/3207/1565 2630/1835/1566 2629/1837/1568
f 2662/2157/1689 2665/2158/1690 1347/2966/2370 1045/2788/2226 1042/2786/2224 2660/2154/1686 2659/2155/1687 2661/2156/1688
f 1347/2966/2370 1363/2960/2366 1050/2790/2228 1045/2788/2226
f 1363/2960/2366 1381/2959/2362 1054/2792/2230 1050/2790/2228
f 1381/2953/2362 1397/2948/2358 1058/2796/2232 1054/3208/2230
f 1397/2948/2358 1413/2943/2354 1060/2797/2234 1058/2796/2232
f 1413/2943/2354 1429/2938/2350 1065/2800/2236 1060/2797/2234
f 1429/2938/2350 1444/2932/2346 1069/2802/2238 1065/2800/2236
f 1444/2932/2346 1459/2927/2342 1074/2804/2240 1069/2802/2238
f 1459/2927/2342 1477/2922/2338 1076/2806/2242 1074/2804/2240
f 1477/2922/2338 1494/2917/2334 1079/2808/2244 1076/2806/2242
f 1494/2917/2334 1507/2912/2330 1084/2810/2246 1079/2808/2244
f 1507/2912/2330 1524/2905/2325 1088/2812/2248 1084/2810/2246
f 2667/2163/1695 1092/2814/2250 1088/2812/2248 1524/2905/2325 2668/2164/1696
f 2670/3209/1694 1095/2817/2252 1092/2816/2250 2667/3210/1695
f 2634/3211/1575 2635/3212/2526 1100/2820/2254 1095/2817/2252 2670/3209/1694 2632/3213/1573 2633/3214/1572
f 2636/3215/2527 2643/3216/2528 1104/2822/2256 1100/2820/2254 2635/3212/2526
f 2651/3217/2529 1107/2824/2258 1104/2822/2256 2643/3216/2528
f 2651/3217/2529 2649/3218/2530 2647/3219/2531 1111/2826/2260 1107/2824/2258
f 2650/3220/2532 1115/2828/2262 1111/2826/2260 2647/3219/2531 2648/3221/2533
f 2656/3222/2534 1120/2830/2264 1115/2828/2262 2650/3220/2532 2655/3223/2535
f 2652/3224/2536 2653/3225/2537 1123/2833/2266 1120/2832/2264 2656/3226/2534
f 2654/3227/2538 2658/3228/2539 1130/2836/2268 1123/2833/2266 2653/3225/2537
f 2657/3177/2514 1134/2838/2270 1130/2836/2268 2658/3228/2539
f 1146/2773/2213 1150/2775/2215 1647/2969/2373 1628/2867/2293
f 1628/2867/2293 1638/2869/2295 1257/2840/2272 1142/2770/2210 1146/2773/2213
f 1631/3229/2297 1651/2977/2376 1836/3057/2428 1828/3053/2424
f 1821/3043/2418 1257/2840/2272 1638/2869/2295 1631/2871/2297 1828/3230/2424
f 1150/2775/2215 1153/2777/2217 1670/2973/2302 1647/2969/2373
f 1836/3057/2428 1651/2977/2376 1665/2872/2298 1284/3231/2540 1835/3060/2541 1839/3059/2430 1840/3058/2429
f 1670/3232/2302 1153/3233/2217 1158/2783/2219 1258/2843/2275 1674/3234/2300
f 1674/2874/2300 1258/2855/2275 1287/2858/2288 1284/3231/2540 1665/2872/2298
f 1182/2793/2231 1184/2795/2233 1701/2978/2377 1685/2877/2303
f 1685/2877/2303 1692/2879/2305 1269/2847/2279 1177/2791/2229 1182/2793/2231
f 1849/3066/2437 1844/3068/2542 1298/3235/2543 1687/2883/2307 1702/2982/2380 1843/3061/2432 1846/3064/2435
f 1692/2882/2305 1687/2883/2307 1298/3235/2543 1297/2866/2292 1269/2865/2279
f 1184/2799/2233 1188/2798/2235 1711/2888/2312 1701/2983/2377
f 1702/2982/2380 1708/2987/2308 1852/3062/2433 1843/3061/2432
f 1711/2888/2312 1188/2798/2235 1193/2801/2237 1271/2849/2281 1712/2886/2310
f 1852/3062/2433 1708/2987/2308 1712/3236/2310 1271/3237/2281 1861/3069/2439
f 1213/2811/2247 1217/2813/2249 1728/2988/2381 1718/2889/2313
f 1718/2889/2313 1723/2891/2315 1279/2852/2284 1210/2809/2245 1213/2811/2247
f 1720/3238/2317 1731/3001/2384 1909/3101/2463 1900/3100/2459
f 1893/3089/2455 1279/2852/2284 1723/2891/2315 1720/2893/2317 1900/3094/2459
f 1217/2813/2249 1219/2815/2251 1737/3239/2385 1728/2988/2381
f 1731/3001/2384 1739/3000/2388 1917/3110/2467 1909/3101/2463
f 1219/2819/2251 1225/2818/2253 1744/3002/2389 1737/2993/2385
f 1739/3000/2388 1747/3007/2392 1925/3116/2471 1917/3110/2467
f 1225/2818/2253 1229/2821/2255 1752/3008/2393 1744/3002/2389
f 1747/3007/2392 1754/3012/2396 1932/3122/2475 1925/3116/2471
f 1229/2821/2255 1231/2823/2257 1760/3013/2397 1752/3008/2393
f 1754/3012/2396 1762/3017/2400 1940/3128/2479 1932/3122/2475
f 1231/2823/2257 1235/2825/2259 1769/3018/2401 1760/3013/2397
f 1762/3017/2400 1771/3022/2404 1948/3134/2483 1940/3128/2479
f 1235/2825/2259 1239/2827/2261 1776/3023/2405 1769/3018/2401
f 1771/3022/2404 1778/3027/2408 1957/3140/2487 1948/3134/2483
f 1239/2827/2261 1245/2829/2263 1785/3028/2409 1776/3023/2405
f 1778/3027/2408 1787/3032/2412 1965/3146/2491 1957/3140/2487
f 1245/2829/2263 1247/2831/2265 1792/3033/2413 1785/3028/2409
f 1787/3032/2412 1794/3240/2416 1973/3241/2495 1965/3146/2491
f 1247/2835/2265 1249/2834/2267 1803/2898/2322 1792/3038/2413
f 1794/3240/2416 1801/3242/2318 1980/3243/2499 1973/3241/2495
f 1803/2898/2322 1249/2834/2267 1251/2837/2269 1281/2854/2286 1805/2896/2320
f 1980/3163/2499 1801/2894/2318 1805/2896/2320 1281/2854/2286 1988/3164/2503
f 1283/2853/2285 1254/2841/2273 1812/3042/2417 1997/3171/2507
f 1254/2841/2273 1257/2840/2272 1821/3043/2418 1812/3042/2417
s 0
f 1835/3060/1678 1284/3231/1678 1287/2858/1678 1288/2857/1678 1290/2860/1678 1293/2862/1678 1295/2864/1678 1297/2866/1678 1298/3235/1678 1844/3068/1678 1850/3067/1678 1858/3072/1678 1867/3076/1678 1874/3083/1678 1882/3088/1678 1891/3093/1678 1898/3099/1678 1906/3109/1678 1914/3115/1678 1923/3121/1678 1930/3127/1678 1938/3133/1678 1946/3139/1678 1954/3145/1678 1963/3151/1678 1971/3157/1678 1978/3162/1678 1986/3170/1678 1995/3175/1678 1810/3051/1678 1819/3050/1678 1827/3056/1678
s 1
f 1271/2849/2281 1273/2848/2280 1869/3077/2443 1861/3244/2439
f 1273/2848/2280 1274/2850/2282 1877/3078/2447 1869/3077/2443
f 1274/2850/2282 1277/2851/2283 1885/3084/2451 1877/3078/2447
f 1277/2851/2283 1279/2852/2284 1893/3089/2455 1885/3084/2451
f 1281/2854/2286 1283/2853/2285 1997/3171/2507 1988/3164/2503
f 1007/3245/2544 1009/3246/2545 1073/3247/2546 1071/3248/2547
f 1009/3246/2545 1012/3249/2548 1075/3250/2549 1073/3247/2546
f 1012/3249/2548 1014/3251/2550 1078/3252/2551 1075/3250/2549
f 1014/3251/2550 1016/3253/2552 1080/3254/2553 1078/3252/2551
f 1016/3253/2552 1018/3255/2554 1081/3256/2555 1080/3254/2553
f 1018/3257/2554 1019/3258/2556 1083/3259/2557 1081/3260/2555
f 1019/3258/2556 1022/3261/2558 1085/3262/2559 1083/3259/2557
f 1022/3261/2558 1024/3263/2560 1087/3264/2225 1085/3262/2559
f 1024/3263/2560 1025/3265/2561 1089/3266/2562 1087/3264/2225
f 1025/3265/2561 1028/3267/2563 1091/3268/2564 1089/3266/2562
f 1028/3267/2563 1029/3269/2565 1094/3270/2566 1091/3268/2564
f 1029/3269/2565 1032/3271/2567 1096/3272/2568 1094/3270/2566
f 1032/3273/2567 1033/3274/2569 1098/3275/2570 1096/3276/2568
f 1033/3274/2569 1035/3277/2571 1099/3278/2572 1098/3275/2570
f 1035/3277/2571 1038/3279/2573 1102/3280/2574 1099/3278/2572
f 1038/3279/2573 1040/3281/2575 1103/3282/2576 1102/3280/2574
f 1040/3281/2575 1041/3283/2577 1105/3284/2578 1103/3282/2576
f 1041/3283/2577 1044/3285/2579 1108/3286/2580 1105/3284/2578
f 1044/3285/2579 1046/3287/2581 1110/3288/2582 1108/3286/2580
f 1046/3287/2581 1047/3289/2583 1112/3290/2584 1110/3288/2582
f 1047/3289/2583 1049/3291/2585 1113/3292/2586 1112/3290/2584
f 1049/3293/2585 1052/3294/2587 1116/3295/2588 1113/3296/2586
f 1052/3294/2587 1053/3297/2589 1117/3298/2590 1116/3295/2588
f 1053/3297/2589 1055/3299/2591 1119/3300/2257 1117/3298/2590
f 1055/3299/2591 1057/3301/2592 1121/3302/2593 1119/3300/2257
f 1057/3301/2592 1059/3303/2594 1124/3304/2595 1121/3302/2593
f 1059/3303/2594 1062/3305/2596 1126/3306/2597 1124/3304/2595
f 1062/3305/2596 1064/3307/2598 1127/3308/2599 1126/3306/2597
f 1064/3309/2598 1066/3310/2600 1129/3311/2601 1127/3312/2599
f 1066/3310/2600 1068/3313/2602 1131/3314/2603 1129/3311/2601
f 1068/3313/2602 1070/3315/2604 1133/3316/2605 1131/3314/2603
f 1070/3315/2604 1007/3245/2544 1071/3248/2547 1133/3316/2605
f 1071/3248/2547 1073/3247/2546 1137/3317/2606 1136/3318/2607
f 1073/3247/2546 1075/3250/2549 1140/3319/2608 1137/3317/2606
f 1083/3259/2557 1085/3262/2559 1144/3320/2609 1141/3321/2610
f 1085/3262/2559 1087/3264/2225 1145/3322/2277 1144/3320/2609
f 1087/3264/2225 1089/3266/2562 1147/3323/2611 1145/3322/2277
f 1089/3266/2562 1091/3268/2564 1149/3324/2612 1147/3323/2611
f 1091/3268/2564 1094/3270/2566 1152/3325/2613 1149/3324/2612
f 1102/3280/2574 1103/3282/2576 1156/3326/2614 1154/3327/2615
f 1103/3282/2576 1105/3284/2578 1157/3328/2616 1156/3326/2614
f 1105/3284/2578 1108/3286/2580 1159/3329/2617 1157/3328/2616
f 1131/3314/2603 1133/3316/2605 1163/3330/2618 1161/3331/2619
f 1133/3316/2605 1071/3248/2547 1136/3318/2607 1163/3330/2618
f 1141/3332/2610 1144/3333/2609 1170/3334/2620 1168/3335/2621
f 1144/3333/2609 1145/3336/2277 1171/3337/2622 1170/3334/2620
f 1145/3336/2277 1147/3338/2611 1174/3339/2623 1171/3337/2622
f 1147/3338/2611 1149/3340/2612 1175/3341/2624 1174/3339/2623
f 1149/3340/2612 1152/3342/2613 1178/3343/2625 1175/3341/2624
f 1357/3344/2626 1364/3345/2627 1361/3346/2628
f 1364/3345/2627 1366/3347/2629 1361/3346/2628
f 1366/3347/2629 1360/3348/2630 1361/3346/2628
f 1375/3349/2631 1382/3350/2632 1379/3351/2633
f 1382/3350/2632 1383/3352/2634 1379/3351/2633
f 1383/3352/2634 1377/3353/2635 1379/3351/2633
f 1386/3354/2636 1391/3355/2637 1389/3356/2638
f 1391/3355/2637 1394/3357/2639 1389/3356/2638
f 1394/3357/2639 1388/3358/2640 1389/3356/2638
f 1403/3359/2641 1410/3360/2642 1407/3361/2643
f 1410/3360/2642 1411/3362/2644 1407/3361/2643
f 1411/3362/2644 1405/3363/2645 1407/3361/2643
f 1414/3364/2646 1420/3365/2647 1417/3366/2648
f 1420/3365/2647 1421/3367/2649 1417/3366/2648
f 1421/3367/2649 1415/3368/2650 1417/3366/2648
f 1495/3369/2651 1502/3370/2652 1500/3371/2653
f 1502/3370/2652 1503/3372/2654 1500/3371/2653
f 1503/3372/2654 1498/3373/2655 1500/3371/2653
f 1183/3374/2656 1350/3375/2657 1353/3376/2658 1187/3377/2659
f 1187/3378/2659 1353/3379/2658 1356/3380/2660 1185/3381/2660
s 0
f 1185/3381/2661 1356/3380/2661 1352/3382/2661 1181/3383/2661
f 1343/3384/2662 1352/3382/2662 1356/3380/2662 1348/3385/2662
f 1348/3385/2663 1356/3380/2663 1353/3379/2663 1346/3386/2663
s 1
f 1346/3387/2664 1353/3376/2658 1350/3375/2657 1341/3388/2665
s 0
f 1336/3389/2666 1343/3384/2666 1348/3385/2666 1339/3390/2666
f 1339/3390/2667 1348/3385/2667 1346/3386/2667 1337/3391/2667
s 1
f 1337/3392/2668 1346/3387/2664 1341/3388/2665 1334/3393/2669
s 0
f 1327/3394/2670 1336/3389/2670 1339/3390/2670 1332/3395/2670
f 1332/3395/2671 1339/3390/2671 1337/3391/2671 1329/3396/2671
s 1
f 1329/3397/2672 1337/3392/2668 1334/3393/2669 1325/3398/2673
s 0
f 1327/3394/2674 1332/3395/2674 2718/3399/2674 2672/3400/2674
f 1332/3395/2675 1329/3396/2675 2722/3401/2675 2718/3399/2675
s 1
f 1325/3398/2673 2721/2168/1700 2722/2167/1699 1329/3397/2672
s 0
f 2711/3402/2676 1243/3403/2676 1240/3404/2676 2671/3405/2676
f 2712/2150/2677 1242/3406/2677 1243/3407/2677 2711/2147/2677
s 1
f 2713/2149/1681 1238/3408/2678 1242/3406/2679 2712/2150/1682
s 0
f 1232/3409/2680 1240/3404/2680 1243/3403/2680 1236/3410/2680
f 1236/3410/2681 1243/3403/2681 1242/3411/2681 1234/3412/2681
s 1
f 1234/3413/2682 1242/3406/2679 1238/3408/2678 1230/3414/2683
s 0
f 1224/3415/2684 1232/3409/2684 1236/3410/2684 1228/3416/2684
f 1228/3416/2685 1236/3410/2685 1234/3412/2685 1226/3417/2685
s 1
f 1226/3418/2686 1234/3413/2682 1230/3414/2683 1222/3419/2687
s 0
f 1216/3420/2688 1224/3415/2688 1228/3416/2688 1220/3421/2688
f 1220/3421/2689 1228/3416/2689 1226/3417/2689 1218/3422/2689
s 1
f 1218/3423/2690 1226/3424/2686 1222/3425/2687 1214/3426/2691
s 0
f 1208/3427/2692 1216/3420/2692 1220/3421/2692 1212/3428/2692
f 1212/3428/2693 1220/3421/2693 1218/3422/2693 1209/3429/2693
s 1
f 1209/3430/2694 1218/3423/2690 1214/3426/2691 1205/3431/2695
s 0
f 1199/3432/2696 1208/3427/2696 1212/3428/2696 1204/3433/2696
f 1204/3433/2697 1212/3428/2697 1209/3429/2697 1201/3434/2697
s 1
f 1201/3435/2698 1209/3430/2694 1205/3431/2695 1197/3436/2699
s 0
f 1192/3437/2700 1199/3432/2700 1204/3433/2700 1195/3438/2700
f 1195/3438/2701 1204/3433/2701 1201/3434/2701 1194/3439/2701
s 1
f 1194/3440/2702 1201/3435/2698 1197/3436/2699 1189/3441/2703
s 0
f 1181/3383/2704 1192/3437/2704 1195/3438/2704 1185/3381/2704
f 1185/3381/2705 1195/3438/2705 1194/3439/2705 1187/3378/2705
s 1
f 1187/3377/2659 1194/3440/2702 1189/3441/2703 1183/3374/2656
f 1357/3344/2626 1368/3442/2706 1371/3443/2707 1364/3345/2627
f 1364/3345/2627 1371/3443/2707 1373/3444/2708 1366/3347/2629
f 1366/3445/2629 1373/3446/2708 1369/3447/2709 1360/3448/2630
f 1368/3449/2706 1377/3353/2635 1383/3352/2634 1371/3450/2707
f 1371/3450/2707 1383/3352/2634 1382/3350/2632 1373/3446/2708
f 1373/3446/2708 1382/3350/2632 1375/3349/2631 1369/3447/2709
f 1386/3354/2636 1396/3451/2710 1400/3452/2711 1391/3355/2637
f 1391/3355/2637 1400/3452/2711 1401/3453/2712 1394/3357/2639
f 1394/3357/2639 1401/3453/2712 1398/3454/2713 1388/3358/2640
f 1396/3455/2710 1405/3363/2645 1411/3362/2644 1400/3456/2711
f 1400/3456/2711 1411/3362/2644 1410/3360/2642 1401/3457/2712
f 1401/3453/2712 1410/3458/2642 1403/3459/2641 1398/3454/2713
f 1414/3364/2646 1423/3460/2714 1427/3461/2715 1420/3365/2647
f 1420/3365/2647 1427/3461/2715 1430/3462/2716 1421/3367/2649
f 1421/3367/2649 1430/3462/2716 1426/3463/2717 1415/3368/2650
f 1423/3464/2714 1432/3465/2718 1435/3466/2719 1427/3467/2715
f 1427/3467/2715 1435/3466/2719 1438/3468/2720 1430/3469/2716
f 1430/3470/2716 1438/3471/2720 1434/3472/2721 1426/3473/2717
f 1432/3465/2718 1440/3474/2722 1443/3475/2723 1435/3466/2719
f 1435/3466/2719 1443/3475/2723 1445/3476/2724 1438/3468/2720
f 1438/3471/2720 1445/3477/2724 1441/3478/2725 1434/3472/2721
f 1440/3474/2722 1448/3479/2726 1451/3480/2727 1443/3475/2723
f 1443/3475/2723 1451/3480/2727 1453/3481/2728 1445/3476/2724
f 1445/3477/2724 1453/3482/2728 1449/3483/2729 1441/3478/2725
f 1448/3479/2726 1455/3484/2397 1460/3485/2730 1451/3480/2727
f 1451/3480/2727 1460/3485/2730 1461/3486/2399 1453/3481/2728
f 1453/3482/2728 1461/3487/2399 1458/3488/2400 1449/3483/2729
f 1455/3484/2397 1463/3489/2731 1467/3490/2732 1460/3485/2730
f 1460/3485/2730 1467/3490/2732 1470/3491/2733 1461/3486/2399
f 1461/3487/2399 1470/3492/2733 1466/3493/2734 1458/3488/2400
f 1463/3489/2731 1472/3494/2735 1476/3495/2736 1467/3490/2732
f 1467/3490/2732 1476/3495/2736 1478/3496/2737 1470/3491/2733
f 1470/3492/2733 1478/3497/2737 1473/3498/2738 1466/3493/2734
f 1472/3494/2735 1480/3499/2739 1484/3500/2740 1476/3495/2736
f 1476/3495/2736 1484/3500/2740 1485/3501/2741 1478/3496/2737
f 1478/3497/2737 1485/3502/2741 1481/3503/2742 1473/3498/2738
f 1480/3499/2739 1487/3504/2743 1492/3505/2744 1484/3500/2740
f 1484/3500/2740 1492/3505/2744 1493/3506/2745 1485/3501/2741
f 1485/3502/2741 1493/3507/2745 1490/3508/2746 1481/3503/2742
f 1487/3509/2743 1498/3373/2655 1503/3372/2654 1492/3510/2744
f 1492/3510/2744 1503/3372/2654 1502/3370/2652 1493/3511/2745
f 1493/3507/2745 1502/3512/2652 1495/3513/2651 1490/3508/2746
f 1508/3514/2747 1516/3515/2748 1520/3516/2749 1512/3517/2750
f 1512/3518/2750 1520/3519/2749 1518/3520/2751 1510/3521/2752
s 0
f 1510/3521/2753 1518/3520/2753 1514/3522/2753 1506/3523/2753
s 1
f 1516/3524/2748 1523/3525/2754 1528/3526/2755 1520/3519/2749
f 1520/3519/2749 1528/3526/2755 1526/3527/2756 1518/3520/2751
s 0
f 1518/3520/2757 1526/3527/2757 1522/3528/2757 1514/3522/2757
s 1
f 1523/3525/2754 1532/3529/2758 1535/3530/2759 1528/3526/2755
f 1528/3526/2755 1535/3530/2759 1534/3531/2760 1526/3527/2756
s 0
f 1526/3527/2761 1534/3531/2761 1530/3532/2761 1522/3528/2761
s 1
f 1532/3529/2758 1540/3533/2762 1543/3534/2763 1535/3530/2759
f 1535/3530/2759 1543/3534/2763 1542/3535/2764 1534/3531/2760
s 0
f 1534/3531/2765 1542/3535/2765 1537/3536/2765 1530/3532/2765
s 1
f 1546/3537/2766 1555/3538/2767 1560/3539/2768 1550/3540/2769
f 1550/3540/2769 1560/3539/2768 1557/3541/2770 1551/3542/2771
s 0
f 1551/3542/2772 1557/3541/2772 1553/3543/2772 1547/3544/2772
s 1
f 1555/3538/2767 1564/3545/2773 1568/3546/2774 1560/3539/2768
f 1560/3539/2768 1568/3546/2774 1566/3547/2775 1557/3541/2770
s 0
f 1557/3541/2776 1566/3547/2776 1562/3548/2776 1553/3543/2776
s 1
f 1564/3549/2773 1572/3550/2777 1576/3551/2778 1568/3552/2774
f 1568/3546/2774 1576/3553/2778 1573/3554/2779 1566/3547/2775
s 0
f 1566/3547/2780 1573/3554/2780 1569/3555/2780 1562/3548/2780
s 1
f 1572/3550/2777 1579/3556/2781 1584/3557/2782 1576/3551/2778
f 1576/3553/2778 1584/3558/2782 1581/3559/2783 1573/3554/2779
s 0
f 1573/3554/2784 1581/3559/2784 1577/3560/2784 1569/3555/2784
s 1
f 1579/3556/2781 1588/3561/2785 1592/3562/2786 1584/3557/2782
f 1584/3558/2782 1592/3563/2786 1589/3564/2787 1581/3559/2783
s 0
f 1581/3559/2788 1589/3564/2788 1585/3565/2788 1577/3560/2788
s 1
f 1588/3561/2785 1596/3566/2789 1599/3567/2790 1592/3562/2786
f 1592/3562/2786 1599/3567/2790 1598/3568/2791 1589/3569/2787
s 0
f 1589/3564/2792 1598/3570/2792 1594/3571/2792 1585/3565/2792
s 1
f 1596/3572/2789 1603/3573/2793 1607/3574/2794 1599/3575/2790
f 1599/3575/2790 1607/3574/2794 1606/3576/2795 1598/3577/2791
s 0
f 1598/3570/2796 1606/3578/2796 1602/3579/2796 1594/3571/2796
s 1
f 1603/3580/2793 1612/3581/2797 1615/3582/2798 1607/3583/2794
f 1607/3574/2794 1615/3584/2798 1613/3585/2799 1606/3576/2795
s 0
f 1606/3578/2800 1613/3586/2800 1610/3587/2800 1602/3579/2800
s 1
f 1612/3581/2797 1620/3588/2801 1624/3589/2802 1615/3582/2798
f 1615/3584/2798 1624/3590/2802 1621/3591/2803 1613/3585/2799
s 0
f 1613/3586/2804 1621/3592/2804 1617/3593/2804 1610/3587/2804
s 1
f 1620/3588/2801 1627/3594/2805 1632/3595/2806 1624/3589/2802
f 1624/3590/2802 1632/3596/2806 1629/3597/2807 1621/3591/2803
s 0
f 1621/3592/2808 1629/3598/2808 1625/3599/2808 1617/3593/2808
s 1
f 1627/3594/2805 1636/3600/2479 1640/3601/2809 1632/3595/2806
f 1632/3596/2806 1640/3602/2809 1637/3603/2810 1629/3597/2807
s 0
f 1629/3598/2811 1637/3604/2811 1633/3605/2811 1625/3599/2811
s 1
f 1636/3600/2479 1643/3606/2812 1648/3607/2813 1640/3601/2809
f 1640/3602/2809 1648/3608/2813 1646/3609/2814 1637/3603/2810
s 0
f 1637/3604/2815 1646/3610/2815 1642/3611/2815 1633/3605/2815
s 1
f 1643/3606/2812 1652/3612/2816 1656/3613/2817 1648/3607/2813
f 1648/3608/2813 1656/3614/2817 1654/3615/2818 1646/3609/2814
s 0
f 1646/3610/2819 1654/3616/2819 1649/3617/2819 1642/3611/2819
s 1
f 1652/3612/2816 1660/3618/2820 1664/3619/2821 1656/3613/2817
f 1656/3614/2817 1664/3620/2821 1662/3621/2822 1654/3615/2818
s 0
f 1654/3616/2823 1662/3622/2823 1657/3623/2823 1649/3617/2823
s 1
f 1660/3618/2820 1668/3624/2824 1671/3625/2825 1664/3619/2821
f 1664/3620/2821 1671/3626/2825 1669/3627/2826 1662/3621/2822
s 0
f 1662/3622/2827 1669/3628/2827 1666/3629/2827 1657/3623/2827
s 1
f 1668/3624/2824 1676/3630/2828 1680/3631/2829 1671/3625/2825
f 1671/3626/2825 1680/3632/2829 1677/3633/2830 1669/3627/2826
s 0
f 1669/3628/2831 1677/3634/2831 1673/3635/2831 1666/3629/2831
s 1
f 1676/3636/2828 1683/3637/2832 1688/3638/2833 1680/3639/2829
f 1680/3632/2829 1688/3640/2833 1686/3641/2834 1677/3633/2830
s 0
f 1677/3634/2835 1686/3642/2835 1681/3643/2835 1673/3635/2835
s 1
f 1683/3637/2832 1691/3644/2836 1695/3645/2837 1688/3638/2833
f 1688/3646/2833 1695/3647/2837 1694/3648/2838 1686/3642/2834
s 0
f 1686/3642/2839 1694/3648/2839 1689/3649/2839 1681/3643/2839
f 1506/3523/2840 1689/3649/2840 1694/3648/2840 1510/3521/2840
f 1510/3521/2841 1694/3648/2841 1695/3647/2841 1512/3518/2841
s 1
f 1512/3517/2750 1695/3645/2837 1691/3644/2836 1508/3514/2747
f 1350/3375/2657 1183/3374/2656 1007/3245/2544 1070/3315/2604
s 0
f 1442/3650/1677 2671/3405/1677 1240/3404/1677 1232/3409/1677 1224/3415/1677 1216/3420/1677 1208/3427/1677 1199/3432/1677 1192/3437/1677 1181/3383/1677 1352/3382/1677 1343/3384/1677 1336/3389/1677 1327/3394/1677 2672/3400/1677 1734/3651/1677 1736/3652/1677 1741/3653/1677 1372/3654/1677 1380/3655/1677 1390/3656/1677 1393/3657/1677 1402/3658/1677 1408/3659/1677 1416/3660/1677 1425/3661/1677 1433/3662/1677
s 1
f 1183/3374/2656 1189/3441/2703 1009/3246/2545 1007/3245/2544
f 1189/3441/2703 1197/3436/2699 1012/3249/2548 1009/3246/2545
f 1197/3436/2699 1205/3431/2695 1014/3251/2550 1012/3249/2548
f 1205/3431/2695 1214/3426/2691 1016/3253/2552 1014/3251/2550
f 1214/3426/2691 1222/3425/2687 1018/3255/2554 1016/3253/2552
f 1222/3419/2687 1230/3414/2683 1019/3258/2556 1018/3257/2554
f 1230/3414/2683 1238/3408/2678 1022/3261/2558 1019/3258/2556
f 2716/2152/1684 2717/2153/1685 1024/3263/2560 1022/3261/2558 1238/3408/2678 2713/2149/1681 2714/2148/1680 2715/2151/1683
f 2677/3663/1548 2680/3664/1551 1025/3265/2561 1024/3263/2560 2717/2153/1685 2674/1799/1541 2673/1798/1540 2675/1800/1542 2676/3665/1545
f 2680/3664/1551 2679/3666/1554 2678/3667/1553 2681/3668/2842 1028/3267/2563 1025/3265/2561
f 2682/3669/2843 2689/3670/2844 1029/3269/2565 1028/3267/2563 2681/3668/2842 2683/3671/2845
f 2690/3672/2846 1032/3271/2567 1029/3269/2565 2689/3670/2844 2691/3673/2847
f 2710/3674/2848 1033/3274/2569 1032/3273/2567 2690/3675/2846 2709/3676/2849
f 2710/3674/2848 2695/3677/2850 2696/3678/2851 1035/3277/2571 1033/3274/2569
f 2699/3679/2852 1038/3279/2573 1035/3277/2571 2696/3678/2851
f 2693/3680/2853 1040/3281/2575 1038/3279/2573 2699/3679/2852
f 2694/3681/2854 1041/3283/2577 1040/3281/2575 2693/3680/2853
f 2698/3682/2855 1044/3285/2579 1041/3283/2577 2694/3681/2854
f 2697/3683/2856 2708/3684/2857 1046/3287/2581 1044/3285/2579 2698/3682/2855
f 2702/3685/2858 2700/3686/2859 1047/3289/2583 1046/3287/2581 2708/3684/2857
f 2701/3687/2860 2707/3688/2861 1049/3291/2585 1047/3289/2583 2700/3686/2859
f 2705/3689/2862 2706/3690/2863 1052/3294/2587 1049/3293/2585 2707/3691/2861
f 2703/3692/2864 2704/3693/2865 1053/3297/2589 1052/3294/2587 2706/3690/2863
f 2692/3694/2866 1055/3299/2591 1053/3297/2589 2704/3693/2865
f 2688/3695/2867 2687/3696/2868 1057/3301/2592 1055/3299/2591 2692/3694/2866
f 2684/3697/1673 2723/3698/1703 1059/3303/2594 1057/3301/2592 2687/3696/2868 2686/3699/1675 2685/3700/1674
f 2719/3701/1702 1062/3305/2596 1059/3303/2594 2723/3698/1703
f 2721/3702/1700 1325/3703/2673 1064/3307/2598 1062/3305/2596 2719/3701/1702 2720/3704/1701
f 1325/3398/2673 1334/3393/2669 1066/3310/2600 1064/3309/2598
f 1334/3393/2669 1341/3388/2665 1068/3313/2602 1066/3310/2600
f 1341/3388/2665 1350/3375/2657 1070/3315/2604 1068/3313/2602
f 1078/3252/2551 1080/3254/2553 1368/3442/2706 1357/3344/2626
f 1361/3346/2628 1140/3319/2608 1075/3250/2549 1078/3252/2551 1357/3344/2626
f 1360/3448/2630 1369/3447/2709 1540/3533/2762 1532/3529/2758
f 1532/3705/2758 1523/3706/2754 1140/3319/2608 1361/3346/2628 1360/3348/2630
f 1080/3707/2553 1081/3260/2555 1377/3708/2635 1368/3709/2706
f 1543/3534/2763 1540/3533/2762 1369/3447/2709 1375/3349/2631 1165/3710/2869 1537/3536/2870 1542/3535/2764
f 1379/3711/2633 1377/3708/2635 1081/3260/2555 1083/3259/2557 1141/3321/2610
f 1375/3349/2631 1379/3351/2633 1141/3332/2610 1168/3335/2621 1165/3710/2869
f 1096/3276/2568 1098/3275/2570 1396/3455/2710 1386/3712/2636
f 1389/3713/2638 1152/3325/2613 1094/3270/2566 1096/3272/2568 1386/3714/2636
f 1551/3542/2771 1547/3544/2871 1179/3715/2872 1388/3358/2640 1398/3454/2713 1546/3537/2766 1550/3540/2769
f 1388/3358/2640 1179/3715/2872 1178/3343/2625 1152/3342/2613 1389/3356/2638
f 1098/3275/2570 1099/3278/2572 1405/3363/2645 1396/3455/2710
f 1398/3454/2713 1403/3459/2641 1555/3538/2767 1546/3537/2766
f 1407/3361/2643 1405/3363/2645 1099/3278/2572 1102/3280/2574 1154/3327/2615
f 1403/3359/2641 1407/3361/2643 1154/3327/2615 1564/3549/2773 1555/3716/2767
f 1110/3288/2582 1112/3290/2584 1423/3460/2714 1414/3364/2646
f 1417/3366/2648 1159/3329/2617 1108/3286/2580 1110/3288/2582 1414/3364/2646
f 1415/3368/2650 1426/3463/2717 1603/3717/2793 1596/3566/2789
f 1596/3566/2789 1588/3561/2785 1159/3329/2617 1417/3366/2648 1415/3368/2650
f 1112/3290/2584 1113/3292/2586 1432/3718/2718 1423/3460/2714
f 1426/3473/2717 1434/3472/2721 1612/3581/2797 1603/3580/2793
f 1113/3296/2586 1116/3295/2588 1440/3474/2722 1432/3465/2718
f 1434/3472/2721 1441/3478/2725 1620/3588/2801 1612/3581/2797
f 1116/3295/2588 1117/3298/2590 1448/3479/2726 1440/3474/2722
f 1441/3478/2725 1449/3483/2729 1627/3594/2805 1620/3588/2801
f 1117/3298/2590 1119/3300/2257 1455/3484/2397 1448/3479/2726
f 1449/3483/2729 1458/3488/2400 1636/3600/2479 1627/3594/2805
f 1119/3300/2257 1121/3302/2593 1463/3489/2731 1455/3484/2397
f 1458/3488/2400 1466/3493/2734 1643/3606/2812 1636/3600/2479
f 1121/3302/2593 1124/3304/2595 1472/3494/2735 1463/3489/2731
f 1466/3493/2734 1473/3498/2738 1652/3612/2816 1643/3606/2812
f 1124/3304/2595 1126/3306/2597 1480/3499/2739 1472/3494/2735
f 1473/3498/2738 1481/3503/2742 1660/3618/2820 1652/3612/2816
f 1126/3306/2597 1127/3308/2599 1487/3504/2743 1480/3499/2739
f 1481/3503/2742 1490/3508/2746 1668/3624/2824 1660/3618/2820
f 1127/3312/2599 1129/3311/2601 1498/3373/2655 1487/3509/2743
f 1490/3508/2746 1495/3513/2651 1676/3630/2828 1668/3624/2824
f 1500/3371/2653 1498/3373/2655 1129/3311/2601 1131/3314/2603 1161/3331/2619
f 1495/3369/2651 1500/3371/2653 1161/3331/2619 1683/3637/2832 1676/3636/2828
f 1163/3330/2618 1136/3318/2607 1508/3514/2747 1691/3644/2836
f 1136/3318/2607 1137/3317/2606 1516/3515/2748 1508/3514/2747
s 0
f 1537/3536/1678 1165/3710/1678 1168/3335/1678 1170/3334/1678 1171/3337/1678 1174/3339/1678 1175/3341/1678 1178/3343/1678 1179/3715/1678 1547/3544/1678 1553/3543/1678 1562/3548/1678 1569/3555/1678 1577/3560/1678 1585/3565/1678 1594/3571/1678 1602/3579/1678 1610/3587/1678 1617/3593/1678 1625/3599/1678 1633/3605/1678 1642/3611/1678 1649/3617/1678 1657/3623/1678 1666/3629/1678 1673/3635/1678 1681/3643/1678 1689/3649/1678 1506/3523/1678 1514/3522/1678 1522/3528/1678 1530/3532/1678
s 1
f 1137/3317/2606 1140/3319/2608 1523/3706/2754 1516/3515/2748
f 1154/3327/2615 1156/3326/2614 1572/3550/2777 1564/3549/2773
f 1156/3326/2614 1157/3328/2616 1579/3556/2781 1572/3550/2777
f 1157/3328/2616 1159/3329/2617 1588/3561/2785 1579/3556/2781
f 1161/3331/2619 1163/3330/2618 1691/3644/2836 1683/3637/2832
f 2817/3719/1205 2778/3720/1083 2779/3721/1082 2848/3722/1219 2816/3722/1195
f 2747/3723/1069 2849/3724/1220 2848/3722/1219 2779/3721/1082 2746/3721/1059
f 2747/3723/1069 2756/3725/1068 2846/3726/1221 2849/3724/1220
f 2756/3725/1068 2757/3727/1067 2847/3728/1222 2846/3726/1221
f 2757/3727/1067 2754/3729/1066 2850/3730/1223 2847/3728/1222
f 2754/3729/1066 2755/3731/1065 2844/3732/1224 2850/3730/1223
f 2755/3731/1065 2753/3733/1064 2845/3734/1225 2844/3732/1224
f 2845/3735/1225 2753/3736/1064 2758/3737/1063 2839/3738/1226
f 2839/3738/1226 2758/3737/1063 2751/3739/1062 2838/3740/1227
f 2838/3740/1227 2751/3739/1062 2752/3741/1061 2840/3742/1228
f 2841/3743/1217 2840/3742/1228 2752/3741/1061 2728/3744/1042 2729/3745/1058 2861/3746/1243
f 2861/3746/1243 2729/3745/1058 2730/3747/1057 2862/3748/1244
f 2737/3749/1056 2860/3750/1245 2862/3748/1244 2730/3747/1057
f 2860/3750/1245 2737/3749/1056 2735/3751/1055 2863/3752/1246
f 2863/3752/1246 2735/3751/1055 2736/3753/1054 2855/3754/1247
f 2855/3754/1247 2736/3753/1054 2738/3755/1053 2856/3756/1248
f 2856/3756/1248 2738/3755/1053 2733/3757/1052 2854/3758/1249
f 2854/3758/1249 2733/3757/1052 2734/3759/1051 2857/3760/1250
f 2857/3760/1250 2734/3759/1051 2732/3761/1050 2852/3762/1251
f 2852/3762/1251 2732/3761/1050 2731/3763/1049 2853/3764/1252
f 2853/3764/1252 2731/3763/1049 2726/3765/1048 2851/3766/1253
f 2851/3766/1253 2726/3765/1048 2727/3767/1047 2859/3768/1254
f 2859/3768/1254 2727/3767/1047 2725/3769/1046 2858/3770/1255
f 2725/3769/1046 2724/3771/1045 2750/3772/1080 2837/3773/1232 2836/3774/1231 2858/3770/1255
f 2750/3772/1080 2749/3775/1079 2835/3776/1233 2837/3773/1232
f 2749/3775/1079 2748/3777/1078 2834/3778/1234 2835/3776/1233
f 2748/3777/1078 2744/3779/1077 2832/3780/1235 2834/3778/1234
f 2832/3781/1235 2744/3782/1077 2745/3783/1076 2833/3784/1236
f 2833/3784/1236 2745/3783/1076 2743/3785/1075 2831/3786/1237
f 2831/3786/1237 2743/3785/1075 2742/3787/1074 2830/3788/1238
f 2830/3788/1238 2742/3787/1074 2741/3789/1073 2829/3790/1239
f 2829/3790/1239 2741/3789/1073 2740/3791/1072 2843/3792/1240
f 2843/3792/1240 2740/3791/1072 2739/3793/1071 2773/3793/1104 2842/3794/1229
f 2842/3794/1229 2773/3793/1104 2772/3795/1103 2809/3796/1208 2810/3794/1207
f 2809/3796/1208 2772/3795/1103 2759/3797/1102 2811/3798/1209
f 2811/3798/1209 2759/3797/1102 2760/3799/1101 2812/3800/1210
f 2812/3800/1210 2760/3799/1101 2761/3801/1100 2813/3802/1211
f 2813/3802/1211 2761/3801/1100 2763/3803/1099 2814/3804/1212
f 2814/3804/1212 2763/3803/1099 2762/3805/1098 2815/3806/1213
f 2762/3807/1098 2771/3808/1097 2818/3809/1214 2815/3810/1213
f 2771/3808/1097 2766/3811/1096 2819/3812/1215 2818/3809/1214
f 2766/3811/1096 2764/3813/1095 2820/3814/1216 2819/3812/1215
f 2764/3813/1095 2765/3815/1094 2790/3816/1119 2795/3817/1182 2794/3818/1181 2820/3814/1216
f 2790/3816/1119 2781/3819/1118 2798/3820/1183 2795/3817/1182
f 2781/3819/1118 2782/3821/1117 2797/3822/1184 2798/3820/1183
f 2782/3821/1117 2783/3823/1116 2796/3824/1185 2797/3822/1184
f 2783/3823/1116 2784/3825/1115 2803/3826/1186 2796/3824/1185
f 2784/3825/1115 2785/3827/1114 2804/3828/1187 2803/3826/1186
f 2785/3827/1114 2786/3829/1113 2805/3830/1188 2804/3828/1187
f 2786/3829/1113 2789/3831/1112 2808/3832/1189 2805/3830/1188
f 2789/3831/1112 2787/3833/1111 2806/3834/1190 2808/3832/1189
f 2787/3833/1111 2788/3835/1110 2807/3836/1191 2806/3834/1190
f 2788/3835/1110 2793/3837/1109 2799/3838/1192 2807/3836/1191
f 2793/3837/1109 2791/3839/1108 2801/3840/1193 2799/3838/1192
f 2791/3839/1108 2792/3841/1107 2802/3842/1194 2801/3840/1193
f 2769/3843/1091 2822/3844/1197 2800/3845/1178 2802/3842/1194 2792/3841/1107 2770/3846/1092
f 2822/3844/1197 2769/3843/1091 2767/3847/1090 2821/3848/1198
f 2821/3848/1198 2767/3847/1090 2768/3849/1089 2827/3850/1199
f 2827/3850/1199 2768/3849/1089 2775/3851/1088 2824/3852/1200
f 2775/3853/1088 2774/3854/1087 2823/3855/1201 2824/3856/1200
f 2774/3854/1087 2780/3857/1086 2828/3858/1202 2823/3855/1201
f 2780/3857/1086 2777/3859/1085 2825/3860/1203 2828/3858/1202
f 2777/3859/1085 2776/3861/1084 2826/3862/1204 2825/3860/1203
f 2776/3861/1084 2778/3720/1083 2817/3719/1205 2826/3862/1204
o Ground_striking_face
v -0.507000 0.005885 -0.309257
v -0.506806 0.005244 -0.309273
v -0.506974 0.005671 -0.309262
v -0.506903 0.005436 -0.309268
v -0.506806 0.005351 -0.310721
v -0.507000 0.005988 -0.310642
v -0.506903 0.005542 -0.310697
v -0.506974 0.005776 -0.310668
v -0.506806 0.005600 -0.312151
v -0.507000 0.006226 -0.312010
v -0.506903 0.005788 -0.312109
v -0.506974 0.006017 -0.312057
v -0.506806 0.005988 -0.313550
v -0.507000 0.006597 -0.313348
v -0.506903 0.006171 -0.313489
v -0.506974 0.006394 -0.313415
v -0.506806 0.006511 -0.314904
v -0.507000 0.007097 -0.314643
v -0.506903 0.006687 -0.314826
v -0.506974 0.006902 -0.314730
v -0.506806 0.007164 -0.316200
v -0.507000 0.007722 -0.315883
v -0.506903 0.007332 -0.316105
v -0.506974 0.007536 -0.315989
v -0.506806 0.007941 -0.317426
v -0.507000 0.008466 -0.317056
v -0.506903 0.008099 -0.317315
v -0.506974 0.008291 -0.317180
v -0.506806 0.008835 -0.318570
v -0.507000 0.009321 -0.318150
v -0.506903 0.008981 -0.318444
v -0.506974 0.009158 -0.318290
v -0.506806 0.009836 -0.319621
v -0.507000 0.010279 -0.319156
v -0.506903 0.009969 -0.319481
v -0.506974 0.010131 -0.319311
v -0.506806 0.010936 -0.320568
v -0.507000 0.011330 -0.320062
v -0.506903 0.011054 -0.320416
v -0.506974 0.011199 -0.320231
v -0.506806 0.012123 -0.321404
v -0.507000 0.012466 -0.320861
v -0.506903 0.012226 -0.321241
v -0.506974 0.012352 -0.321042
v -0.506806 0.013386 -0.322119
v -0.507000 0.013674 -0.321545
v -0.506903 0.013473 -0.321946
v -0.506974 0.013578 -0.321736
v -0.506806 0.014713 -0.322706
v -0.507000 0.014944 -0.322107
v -0.506903 0.014783 -0.322526
v -0.506974 0.014867 -0.322307
v -0.506806 0.016092 -0.323161
v -0.507000 0.016263 -0.322542
v -0.506903 0.016143 -0.322975
v -0.506974 0.016206 -0.322749
v -0.506806 0.017508 -0.323478
v -0.507000 0.017618 -0.322846
v -0.506903 0.017541 -0.323288
v -0.506974 0.017581 -0.323057
v -0.506806 0.018949 -0.323655
v -0.507000 0.018996 -0.323015
v -0.506903 0.018963 -0.323463
v -0.506974 0.018980 -0.323229
v -0.506806 0.020400 -0.323690
v -0.507000 0.020384 -0.323049
v -0.506903 0.020396 -0.323498
v -0.506974 0.020390 -0.323263
v -0.506806 0.021848 -0.323583
v -0.507000 0.021769 -0.322946
v -0.506903 0.021824 -0.323392
v -0.506974 0.021795 -0.323158
v -0.506806 0.023278 -0.323334
v -0.507000 0.023137 -0.322708
v -0.506903 0.023236 -0.323146
v -0.506974 0.023184 -0.322917
v -0.506806 0.024677 -0.322946
v -0.507000 0.024475 -0.322337
v -0.506903 0.024616 -0.322763
v -0.506974 0.024543 -0.322540
v -0.506806 0.026031 -0.322423
v -0.507000 0.025770 -0.321837
v -0.506903 0.025953 -0.322247
v -0.506974 0.025857 -0.322032
v -0.506806 0.027327 -0.321770
v -0.507000 0.027011 -0.321212
v -0.506903 0.027232 -0.321602
v -0.506974 0.027116 -0.321398
v -0.506806 0.028553 -0.320993
v -0.507000 0.028183 -0.320468
v -0.506903 0.028442 -0.320835
v -0.506974 0.028307 -0.320643
v -0.506806 0.029697 -0.320099
v -0.507000 0.029278 -0.319613
v -0.506903 0.029571 -0.319953
v -0.506974 0.029418 -0.319776
v -0.506806 0.030748 -0.319098
v -0.507000 0.030283 -0.318655
v -0.506903 0.030608 -0.318965
v -0.506974 0.030438 -0.318803
v -0.506806 0.031696 -0.317998
v -0.507000 0.031189 -0.317604
v -0.506903 0.031544 -0.317880
v -0.506974 0.031358 -0.317735
v -0.506806 0.032531 -0.316811
v -0.507000 0.031988 -0.316468
v -0.506903 0.032368 -0.316708
v -0.506974 0.032169 -0.316583
v -0.506806 0.033246 -0.315548
v -0.507000 0.032672 -0.315259
v -0.506903 0.033074 -0.315461
v -0.506974 0.032864 -0.315356
v -0.506806 0.033833 -0.314221
v -0.507000 0.033234 -0.313990
v -0.506903 0.033654 -0.314151
v -0.506974 0.033434 -0.314067
v -0.506806 0.034288 -0.312842
v -0.507000 0.033669 -0.312671
v -0.506903 0.034102 -0.312791
v -0.506974 0.033876 -0.312728
v -0.506806 0.034605 -0.311426
v -0.507000 0.033973 -0.311316
v -0.506903 0.034416 -0.311393
v -0.506974 0.034184 -0.311353
v -0.506806 0.034782 -0.309985
v -0.507000 0.034142 -0.309938
v -0.506903 0.034590 -0.309971
v -0.506974 0.034356 -0.309954
v -0.506806 0.034817 -0.308534
v -0.507000 0.034176 -0.308550
v -0.506903 0.034625 -0.308538
v -0.506974 0.034390 -0.308544
v -0.506806 0.034710 -0.307086
v -0.507000 0.034073 -0.307165
v -0.506903 0.034519 -0.307110
v -0.506974 0.034286 -0.307139
v -0.506806 0.034461 -0.305656
v -0.507000 0.033835 -0.305797
v -0.506903 0.034273 -0.305698
v -0.506974 0.034044 -0.305750
v -0.506806 0.034073 -0.304257
v -0.507000 0.033464 -0.304459
v -0.506903 0.033890 -0.304318
v -0.506974 0.033667 -0.304392
v -0.506806 0.033550 -0.302903
v -0.507000 0.032964 -0.303164
v -0.506903 0.033374 -0.302981
v -0.506974 0.033159 -0.303077
v -0.506806 0.032897 -0.301607
v -0.507000 0.032339 -0.301924
v -0.506903 0.032729 -0.301702
v -0.506974 0.032525 -0.301818
v -0.506806 0.032120 -0.300381
v -0.507000 0.031595 -0.300751
v -0.506903 0.031962 -0.300492
v -0.506974 0.031770 -0.300627
v -0.506806 0.031226 -0.299237
v -0.507000 0.030741 -0.299656
v -0.506903 0.031081 -0.299363
v -0.506974 0.030903 -0.299516
v -0.506806 0.030225 -0.298186
v -0.507000 0.029783 -0.298651
v -0.506903 0.030092 -0.298326
v -0.506974 0.029930 -0.298496
v -0.506806 0.029125 -0.297238
v -0.507000 0.028731 -0.297745
v -0.506903 0.029007 -0.297390
v -0.506974 0.028863 -0.297576
v -0.506806 0.027938 -0.296403
v -0.507000 0.027595 -0.296946
v -0.506903 0.027835 -0.296566
v -0.506974 0.027710 -0.296765
v -0.506806 0.026675 -0.295688
v -0.507000 0.026387 -0.296262
v -0.506903 0.026588 -0.295860
v -0.506974 0.026483 -0.296070
v -0.506806 0.025348 -0.295101
v -0.507000 0.025117 -0.295700
v -0.506903 0.025278 -0.295280
v -0.506974 0.025194 -0.295500
v -0.506806 0.023969 -0.294646
v -0.507000 0.023798 -0.295265
v -0.506903 0.023918 -0.294832
v -0.506974 0.023855 -0.295058
v -0.506806 0.022553 -0.294329
v -0.507000 0.022443 -0.294961
v -0.506903 0.022520 -0.294519
v -0.506974 0.022480 -0.294750
v -0.506806 0.021112 -0.294152
v -0.507000 0.021065 -0.294792
v -0.506903 0.021098 -0.294344
v -0.506974 0.021081 -0.294578
v -0.506806 0.019661 -0.294117
v -0.507000 0.019677 -0.294758
v -0.506903 0.019666 -0.294309
v -0.506974 0.019672 -0.294544
v -0.506806 0.018213 -0.294224
v -0.507000 0.018292 -0.294861
v -0.506903 0.018237 -0.294415
v -0.506974 0.018266 -0.294648
v -0.506806 0.016783 -0.294473
v -0.507000 0.016924 -0.295099
v -0.506903 0.016825 -0.294661
v -0.506974 0.016877 -0.294890
v -0.506806 0.015384 -0.294861
v -0.507000 0.015586 -0.295470
v -0.506903 0.015445 -0.295044
v -0.506974 0.015519 -0.295267
v -0.506806 0.014030 -0.295384
v -0.507000 0.014291 -0.295970
v -0.506903 0.014108 -0.295560
v -0.506974 0.014204 -0.295774
v -0.506806 0.012734 -0.296037
v -0.507000 0.013051 -0.296595
v -0.506903 0.012829 -0.296205
v -0.506974 0.012945 -0.296409
v -0.506806 0.011508 -0.296814
v -0.507000 0.011878 -0.297339
v -0.506903 0.011619 -0.296971
v -0.506974 0.011754 -0.297164
v -0.506806 0.010364 -0.297708
v -0.507000 0.010784 -0.298193
v -0.506903 0.010490 -0.297853
v -0.506974 0.010644 -0.298031
v -0.506806 0.009313 -0.298709
v -0.507000 0.009778 -0.299151
v -0.506903 0.009453 -0.298842
v -0.506974 0.009623 -0.299004
v -0.506806 0.008366 -0.299809
v -0.507000 0.008872 -0.300203
v -0.506903 0.008518 -0.299927
v -0.506974 0.008703 -0.300072
v -0.506806 0.007530 -0.300996
v -0.507000 0.008073 -0.301339
v -0.506903 0.007693 -0.301099
v -0.506974 0.007892 -0.301224
v -0.506806 0.006815 -0.302259
v -0.507000 0.007389 -0.302547
v -0.506903 0.006988 -0.302346
v -0.506974 0.007197 -0.302451
v -0.506806 0.006228 -0.303586
v -0.507000 0.006827 -0.303817
v -0.506903 0.006408 -0.303656
v -0.506974 0.006627 -0.303740
v -0.506806 0.005773 -0.304965
v -0.507000 0.006392 -0.305136
v -0.506903 0.005959 -0.305016
v -0.506974 0.006185 -0.305079
v -0.506806 0.005456 -0.306381
v -0.507000 0.006088 -0.306491
v -0.506903 0.005646 -0.306414
v -0.506974 0.005877 -0.306454
v -0.506806 0.005279 -0.307822
v -0.507000 0.005919 -0.307869
v -0.506903 0.005471 -0.307836
v -0.506974 0.005705 -0.307853
v -0.505650 0.004036 -0.309303
v -0.506194 0.004327 -0.309296
v -0.505851 0.004075 -0.309302
v -0.506050 0.004181 -0.309300
v -0.506194 0.004441 -0.310833
v -0.505650 0.004152 -0.310869
v -0.506050 0.004296 -0.310851
v -0.505851 0.004191 -0.310864
v -0.506194 0.004705 -0.312352
v -0.505650 0.004421 -0.312416
v -0.506050 0.004563 -0.312384
v -0.505851 0.004459 -0.312408
v -0.506194 0.005117 -0.313838
v -0.505650 0.004840 -0.313929
v -0.506050 0.004979 -0.313884
v -0.505851 0.004877 -0.313917
v -0.506194 0.005673 -0.315276
v -0.505650 0.005406 -0.315394
v -0.506050 0.005539 -0.315335
v -0.505851 0.005442 -0.315378
v -0.506194 0.006366 -0.316652
v -0.505650 0.006113 -0.316796
v -0.506050 0.006240 -0.316724
v -0.505851 0.006147 -0.316777
v -0.506194 0.007192 -0.317954
v -0.505650 0.006953 -0.318122
v -0.506050 0.007073 -0.318038
v -0.505851 0.006985 -0.318100
v -0.506194 0.008141 -0.319169
v -0.505650 0.007920 -0.319360
v -0.506050 0.008030 -0.319265
v -0.505851 0.007950 -0.319334
v -0.506194 0.009204 -0.320285
v -0.505650 0.009003 -0.320496
v -0.506050 0.009104 -0.320391
v -0.505851 0.009030 -0.320468
v -0.506194 0.010372 -0.321292
v -0.505650 0.010193 -0.321521
v -0.506050 0.010282 -0.321407
v -0.505851 0.010217 -0.321491
v -0.506194 0.011633 -0.322179
v -0.505650 0.011477 -0.322425
v -0.506050 0.011555 -0.322302
v -0.505851 0.011498 -0.322392
v -0.506194 0.012974 -0.322938
v -0.505650 0.012843 -0.323198
v -0.506050 0.012909 -0.323068
v -0.505851 0.012861 -0.323163
v -0.506194 0.014384 -0.323562
v -0.505650 0.014279 -0.323834
v -0.506050 0.014331 -0.323698
v -0.505851 0.014293 -0.323797
v -0.506194 0.015848 -0.324045
v -0.505650 0.015770 -0.324326
v -0.506050 0.015809 -0.324185
v -0.505851 0.015781 -0.324288
v -0.506194 0.017352 -0.324382
v -0.505650 0.017302 -0.324669
v -0.506050 0.017327 -0.324526
v -0.505851 0.017309 -0.324631
v -0.506194 0.018882 -0.324570
v -0.505650 0.018861 -0.324861
v -0.506050 0.018871 -0.324715
v -0.505851 0.018864 -0.324822
v -0.506194 0.020423 -0.324607
v -0.505650 0.020431 -0.324898
v -0.506050 0.020427 -0.324753
v -0.505851 0.020430 -0.324859
v -0.506194 0.021961 -0.324493
v -0.505650 0.021996 -0.324782
v -0.506050 0.021978 -0.324638
v -0.505851 0.021992 -0.324743
v -0.506194 0.023479 -0.324229
v -0.505650 0.023543 -0.324513
v -0.506050 0.023511 -0.324371
v -0.505851 0.023535 -0.324475
v -0.506194 0.024965 -0.323817
v -0.505650 0.025056 -0.324094
v -0.506050 0.025011 -0.323955
v -0.505851 0.025044 -0.324057
v -0.506194 0.026403 -0.323261
v -0.505650 0.026521 -0.323528
v -0.506050 0.026462 -0.323395
v -0.505851 0.026505 -0.323492
v -0.506194 0.027780 -0.322568
v -0.505650 0.027923 -0.322821
v -0.506050 0.027851 -0.322694
v -0.505851 0.027904 -0.322787
v -0.506194 0.029082 -0.321742
v -0.505650 0.029249 -0.321981
v -0.506050 0.029166 -0.321861
v -0.505851 0.029227 -0.321949
v -0.506194 0.030296 -0.320793
v -0.505650 0.030487 -0.321014
v -0.506050 0.030392 -0.320904
v -0.505851 0.030461 -0.320984
v -0.506194 0.031412 -0.319730
v -0.505650 0.031624 -0.319931
v -0.506050 0.031518 -0.319830
v -0.505851 0.031595 -0.319904
v -0.506194 0.032419 -0.318562
v -0.505650 0.032649 -0.318741
v -0.506050 0.032534 -0.318652
v -0.505851 0.032618 -0.318717
v -0.506194 0.033306 -0.317301
v -0.505650 0.033552 -0.317457
v -0.506050 0.033429 -0.317379
v -0.505851 0.033519 -0.317436
v -0.506194 0.034065 -0.315960
v -0.505650 0.034325 -0.316091
v -0.506050 0.034195 -0.316025
v -0.505851 0.034291 -0.316073
v -0.506194 0.034689 -0.314550
v -0.505650 0.034961 -0.314655
v -0.506050 0.034825 -0.314603
v -0.505851 0.034925 -0.314641
v -0.506194 0.035172 -0.313086
v -0.505650 0.035453 -0.313164
v -0.506050 0.035312 -0.313125
v -0.505851 0.035415 -0.313153
v -0.506194 0.035509 -0.311582
v -0.505650 0.035796 -0.311632
v -0.506050 0.035653 -0.311607
v -0.505851 0.035758 -0.311625
v -0.506194 0.035697 -0.310052
v -0.505650 0.035988 -0.310073
v -0.506050 0.035842 -0.310063
v -0.505851 0.035949 -0.310070
v -0.506194 0.035734 -0.308511
v -0.505650 0.036026 -0.308503
v -0.506050 0.035880 -0.308507
v -0.505851 0.035987 -0.308504
v -0.506194 0.035620 -0.306973
v -0.505650 0.035909 -0.306938
v -0.506050 0.035765 -0.306956
v -0.505851 0.035871 -0.306942
v -0.506194 0.035356 -0.305455
v -0.505650 0.035640 -0.305391
v -0.506050 0.035498 -0.305423
v -0.505851 0.035602 -0.305399
v -0.506194 0.034944 -0.303969
v -0.505650 0.035221 -0.303878
v -0.506050 0.035082 -0.303923
v -0.505851 0.035184 -0.303890
v -0.506194 0.034389 -0.302531
v -0.505650 0.034655 -0.302413
v -0.506050 0.034522 -0.302472
v -0.505851 0.034619 -0.302429
v -0.506194 0.033695 -0.301154
v -0.505650 0.033948 -0.301011
v -0.506050 0.033822 -0.301083
v -0.505851 0.033914 -0.301030
v -0.506194 0.032870 -0.299852
v -0.505650 0.033108 -0.299685
v -0.506050 0.032989 -0.299768
v -0.505851 0.033076 -0.299707
v -0.506194 0.031921 -0.298638
v -0.505650 0.032141 -0.298447
v -0.506050 0.032031 -0.298542
v -0.505851 0.032112 -0.298473
v -0.506194 0.030857 -0.297522
v -0.505650 0.031058 -0.297310
v -0.506050 0.030957 -0.297416
v -0.505851 0.031031 -0.297339
v -0.506194 0.029689 -0.296515
v -0.505650 0.029869 -0.296285
v -0.506050 0.029779 -0.296400
v -0.505851 0.029845 -0.296316
v -0.506194 0.028429 -0.295628
v -0.505650 0.028584 -0.295382
v -0.506050 0.028506 -0.295505
v -0.505851 0.028563 -0.295415
v -0.506194 0.027087 -0.294869
v -0.505650 0.027218 -0.294609
v -0.506050 0.027152 -0.294739
v -0.505851 0.027200 -0.294643
v -0.506194 0.025677 -0.294245
v -0.505650 0.025782 -0.293973
v -0.506050 0.025730 -0.294109
v -0.505851 0.025768 -0.294009
v -0.506194 0.024213 -0.293762
v -0.505650 0.024291 -0.293481
v -0.506050 0.024252 -0.293622
v -0.505851 0.024281 -0.293519
v -0.506194 0.022709 -0.293425
v -0.505650 0.022759 -0.293138
v -0.506050 0.022734 -0.293281
v -0.505851 0.022752 -0.293176
v -0.506194 0.021179 -0.293237
v -0.505650 0.021200 -0.292946
v -0.506050 0.021190 -0.293092
v -0.505851 0.021197 -0.292985
v -0.506194 0.019638 -0.293200
v -0.505650 0.019631 -0.292908
v -0.506050 0.019634 -0.293054
v -0.505851 0.019632 -0.292948
v -0.506194 0.018101 -0.293314
v -0.505650 0.018065 -0.293025
v -0.506050 0.018083 -0.293169
v -0.505851 0.018070 -0.293063
v -0.506194 0.016582 -0.293578
v -0.505650 0.016518 -0.293294
v -0.506050 0.016550 -0.293436
v -0.505851 0.016526 -0.293332
v -0.506194 0.015096 -0.293990
v -0.505650 0.015005 -0.293713
v -0.506050 0.015051 -0.293852
v -0.505851 0.015017 -0.293750
v -0.506194 0.013658 -0.294545
v -0.505650 0.013540 -0.294279
v -0.506050 0.013599 -0.294412
v -0.505851 0.013556 -0.294315
v -0.506194 0.012282 -0.295239
v -0.505650 0.012138 -0.294986
v -0.506050 0.012210 -0.295112
v -0.505851 0.012157 -0.295020
v -0.506194 0.010980 -0.296065
v -0.505650 0.010812 -0.295826
v -0.506050 0.010896 -0.295945
v -0.505851 0.010834 -0.295858
v -0.506194 0.009765 -0.297013
v -0.505650 0.009574 -0.296793
v -0.506050 0.009670 -0.296903
v -0.505851 0.009600 -0.296822
v -0.506194 0.008649 -0.298077
v -0.505650 0.008438 -0.297876
v -0.506050 0.008543 -0.297976
v -0.505851 0.008466 -0.297903
v -0.506194 0.007642 -0.299245
v -0.505650 0.007413 -0.299065
v -0.506050 0.007527 -0.299155
v -0.505851 0.007443 -0.299089
v -0.506194 0.006755 -0.300505
v -0.505650 0.006509 -0.300350
v -0.506050 0.006632 -0.300428
v -0.505851 0.006542 -0.300371
v -0.506194 0.005996 -0.301847
v -0.505650 0.005736 -0.301716
v -0.506050 0.005866 -0.301782
v -0.505851 0.005771 -0.301734
v -0.506194 0.005372 -0.303257
v -0.505650 0.005100 -0.303152
v -0.506050 0.005236 -0.303204
v -0.505851 0.005137 -0.303166
v -0.506194 0.004889 -0.304721
v -0.505650 0.004608 -0.304643
v -0.506050 0.004749 -0.304682
v -0.505851 0.004646 -0.304653
v -0.506194 0.004552 -0.306225
v -0.505650 0.004265 -0.306175
v -0.506050 0.004408 -0.306200
v -0.505851 0.004303 -0.306182
v -0.506194 0.004364 -0.307755
v -0.505650 0.004073 -0.307734
v -0.506050 0.004219 -0.307744
v -0.505851 0.004112 -0.307737
v -0.500752 0.004283 -0.309297
v -0.501350 0.004036 -0.309303
v -0.500923 0.004159 -0.309300
v -0.501142 0.004069 -0.309303
v -0.501350 0.004152 -0.310869
v -0.500752 0.004398 -0.310839
v -0.501142 0.004185 -0.310865
v -0.500923 0.004275 -0.310854
v -0.501350 0.004421 -0.312416
v -0.500752 0.004663 -0.312362
v -0.501142 0.004453 -0.312409
v -0.500923 0.004542 -0.312389
v -0.501350 0.004840 -0.313929
v -0.500752 0.005076 -0.313852
v -0.501142 0.004872 -0.313919
v -0.500923 0.004958 -0.313890
v -0.501350 0.005406 -0.315394
v -0.500752 0.005633 -0.315294
v -0.501142 0.005437 -0.315381
v -0.500923 0.005519 -0.315344
v -0.501350 0.006113 -0.316796
v -0.500752 0.006328 -0.316674
v -0.501142 0.006142 -0.316780
v -0.500923 0.006220 -0.316735
v -0.501350 0.006953 -0.318122
v -0.500752 0.007156 -0.317980
v -0.501142 0.006981 -0.318103
v -0.500923 0.007055 -0.318051
v -0.501350 0.007920 -0.319360
v -0.500752 0.008107 -0.319198
v -0.501142 0.007945 -0.319338
v -0.500923 0.008014 -0.319279
v -0.501350 0.009003 -0.320496
v -0.500752 0.009174 -0.320317
v -0.501142 0.009026 -0.320472
v -0.500923 0.009089 -0.320407
v -0.501350 0.010193 -0.321521
v -0.500752 0.010345 -0.321326
v -0.501142 0.010213 -0.321495
v -0.500923 0.010269 -0.321424
v -0.501350 0.011477 -0.322425
v -0.500752 0.011609 -0.322216
v -0.501142 0.011495 -0.322397
v -0.500923 0.011543 -0.322320
v -0.501350 0.012843 -0.323198
v -0.500752 0.012955 -0.322977
v -0.501142 0.012858 -0.323169
v -0.500923 0.012899 -0.323088
v -0.501350 0.014279 -0.323834
v -0.500752 0.014368 -0.323603
v -0.501142 0.014291 -0.323803
v -0.500923 0.014324 -0.323718
v -0.501350 0.015770 -0.324326
v -0.500752 0.015836 -0.324087
v -0.501142 0.015779 -0.324294
v -0.500923 0.015803 -0.324207
v -0.501350 0.017302 -0.324669
v -0.500752 0.017345 -0.324425
v -0.501142 0.017308 -0.324636
v -0.500923 0.017323 -0.324547
v -0.501350 0.018861 -0.324861
v -0.500752 0.018879 -0.324614
v -0.501142 0.018863 -0.324827
v -0.500923 0.018870 -0.324737
v -0.501350 0.020431 -0.324898
v -0.500752 0.020424 -0.324651
v -0.501142 0.020430 -0.324865
v -0.500923 0.020427 -0.324775
v -0.501350 0.021996 -0.324782
v -0.500752 0.021966 -0.324536
v -0.501142 0.021992 -0.324749
v -0.500923 0.021981 -0.324659
v -0.501350 0.023543 -0.324513
v -0.500752 0.023489 -0.324271
v -0.501142 0.023536 -0.324481
v -0.500923 0.023516 -0.324392
v -0.501350 0.025056 -0.324094
v -0.500752 0.024979 -0.323859
v -0.501142 0.025046 -0.324062
v -0.500923 0.025018 -0.323976
v -0.501350 0.026521 -0.323528
v -0.500752 0.026421 -0.323301
v -0.501142 0.026508 -0.323498
v -0.500923 0.026471 -0.323415
v -0.501350 0.027923 -0.322821
v -0.500752 0.027801 -0.322606
v -0.501142 0.027907 -0.322792
v -0.500923 0.027862 -0.322714
v -0.501350 0.029249 -0.321981
v -0.500752 0.029107 -0.321778
v -0.501142 0.029230 -0.321953
v -0.500923 0.029178 -0.321879
v -0.501350 0.030487 -0.321014
v -0.500752 0.030325 -0.320827
v -0.501142 0.030465 -0.320989
v -0.500923 0.030406 -0.320920
v -0.501350 0.031624 -0.319931
v -0.500752 0.031444 -0.319760
v -0.501142 0.031600 -0.319908
v -0.500923 0.031534 -0.319845
v -0.501350 0.032649 -0.318741
v -0.500752 0.032453 -0.318589
v -0.501142 0.032622 -0.318721
v -0.500923 0.032551 -0.318665
v -0.501350 0.033552 -0.317457
v -0.500752 0.033343 -0.317325
v -0.501142 0.033524 -0.317439
v -0.500923 0.033447 -0.317391
v -0.501350 0.034325 -0.316091
v -0.500752 0.034104 -0.315979
v -0.501142 0.034296 -0.316076
v -0.500923 0.034215 -0.316035
v -0.501350 0.034961 -0.314655
v -0.500752 0.034730 -0.314566
v -0.501142 0.034930 -0.314643
v -0.500923 0.034846 -0.314610
v -0.501350 0.035453 -0.313164
v -0.500752 0.035214 -0.313098
v -0.501142 0.035421 -0.313155
v -0.500923 0.035334 -0.313131
v -0.501350 0.035796 -0.311632
v -0.500752 0.035552 -0.311589
v -0.501142 0.035764 -0.311626
v -0.500923 0.035674 -0.311611
v -0.501350 0.035988 -0.310073
v -0.500752 0.035741 -0.310055
v -0.501142 0.035955 -0.310071
v -0.500923 0.035864 -0.310064
v -0.501350 0.036026 -0.308503
v -0.500752 0.035778 -0.308510
v -0.501142 0.035992 -0.308504
v -0.500923 0.035902 -0.308507
v -0.501350 0.035909 -0.306938
v -0.500752 0.035664 -0.306968
v -0.501142 0.035876 -0.306942
v -0.500923 0.035786 -0.306953
v -0.501350 0.035640 -0.305391
v -0.500752 0.035399 -0.305445
v -0.501142 0.035608 -0.305398
v -0.500923 0.035519 -0.305418
v -0.501350 0.035221 -0.303878
v -0.500752 0.034986 -0.303955
v -0.501142 0.035189 -0.303888
v -0.500923 0.035103 -0.303916
v -0.501350 0.034655 -0.302413
v -0.500752 0.034429 -0.302513
v -0.501142 0.034625 -0.302426
v -0.500923 0.034542 -0.302463
v -0.501350 0.033948 -0.301011
v -0.500752 0.033733 -0.301133
v -0.501142 0.033920 -0.301027
v -0.500923 0.033841 -0.301072
v -0.501350 0.033108 -0.299685
v -0.500752 0.032905 -0.299827
v -0.501142 0.033081 -0.299704
v -0.500923 0.033007 -0.299756
v -0.501350 0.032141 -0.298447
v -0.500752 0.031954 -0.298609
v -0.501142 0.032116 -0.298469
v -0.500923 0.032047 -0.298528
v -0.501350 0.031058 -0.297310
v -0.500752 0.030887 -0.297490
v -0.501142 0.031035 -0.297334
v -0.500923 0.030973 -0.297400
v -0.501350 0.029869 -0.296285
v -0.500752 0.029716 -0.296481
v -0.501142 0.029848 -0.296312
v -0.500923 0.029792 -0.296383
v -0.501350 0.028584 -0.295382
v -0.500752 0.028452 -0.295591
v -0.501142 0.028567 -0.295410
v -0.500923 0.028518 -0.295487
v -0.501350 0.027218 -0.294609
v -0.500752 0.027107 -0.294830
v -0.501142 0.027203 -0.294638
v -0.500923 0.027162 -0.294719
v -0.501350 0.025782 -0.293973
v -0.500752 0.025693 -0.294204
v -0.501142 0.025770 -0.294004
v -0.500923 0.025738 -0.294088
v -0.501350 0.024291 -0.293481
v -0.500752 0.024225 -0.293720
v -0.501142 0.024282 -0.293513
v -0.500923 0.024258 -0.293600
v -0.501350 0.022759 -0.293138
v -0.500752 0.022717 -0.293382
v -0.501142 0.022753 -0.293170
v -0.500923 0.022738 -0.293260
v -0.501350 0.021200 -0.292946
v -0.500752 0.021182 -0.293193
v -0.501142 0.021198 -0.292979
v -0.500923 0.021191 -0.293070
v -0.501350 0.019631 -0.292908
v -0.500752 0.019637 -0.293156
v -0.501142 0.019631 -0.292942
v -0.500923 0.019634 -0.293032
v -0.501350 0.018065 -0.293025
v -0.500752 0.018095 -0.293270
v -0.501142 0.018069 -0.293058
v -0.500923 0.018080 -0.293148
v -0.501350 0.016518 -0.293294
v -0.500752 0.016572 -0.293535
v -0.501142 0.016525 -0.293326
v -0.500923 0.016545 -0.293415
v -0.501350 0.015005 -0.293713
v -0.500752 0.015083 -0.293948
v -0.501142 0.015015 -0.293745
v -0.500923 0.015044 -0.293831
v -0.501350 0.013540 -0.294279
v -0.500752 0.013640 -0.294505
v -0.501142 0.013554 -0.294309
v -0.500923 0.013590 -0.294392
v -0.501350 0.012138 -0.294986
v -0.500752 0.012260 -0.295201
v -0.501142 0.012154 -0.295015
v -0.500923 0.012199 -0.295093
v -0.501350 0.010812 -0.295826
v -0.500752 0.010954 -0.296029
v -0.501142 0.010831 -0.295853
v -0.500923 0.010883 -0.295927
v -0.501350 0.009574 -0.296793
v -0.500752 0.009736 -0.296980
v -0.501142 0.009596 -0.296818
v -0.500923 0.009655 -0.296887
v -0.501350 0.008438 -0.297876
v -0.500752 0.008617 -0.298047
v -0.501142 0.008462 -0.297899
v -0.500923 0.008527 -0.297961
v -0.501350 0.007413 -0.299065
v -0.500752 0.007608 -0.299218
v -0.501142 0.007439 -0.299086
v -0.500923 0.007510 -0.299142
v -0.501350 0.006509 -0.300350
v -0.500752 0.006718 -0.300482
v -0.501142 0.006537 -0.300367
v -0.500923 0.006614 -0.300416
v -0.501350 0.005736 -0.301716
v -0.500752 0.005957 -0.301827
v -0.501142 0.005765 -0.301731
v -0.500923 0.005846 -0.301772
v -0.501350 0.005100 -0.303152
v -0.500752 0.005331 -0.303241
v -0.501142 0.005131 -0.303164
v -0.500923 0.005216 -0.303196
v -0.501350 0.004608 -0.304643
v -0.500752 0.004847 -0.304709
v -0.501142 0.004640 -0.304652
v -0.500923 0.004728 -0.304676
v -0.501350 0.004265 -0.306175
v -0.500752 0.004509 -0.306217
v -0.501142 0.004298 -0.306181
v -0.500923 0.004387 -0.306196
v -0.501350 0.004073 -0.307734
v -0.500752 0.004320 -0.307752
v -0.501142 0.004106 -0.307736
v -0.500923 0.004197 -0.307743
v -0.499000 0.006385 -0.309245
v -0.499248 0.005787 -0.309260
v -0.499033 0.006177 -0.309250
v -0.499124 0.005958 -0.309255
v -0.499000 0.006484 -0.310580
v -0.499248 0.005891 -0.310654
v -0.499033 0.006278 -0.310606
v -0.499124 0.006060 -0.310633
v -0.499000 0.006714 -0.311900
v -0.499248 0.006131 -0.312031
v -0.499033 0.006511 -0.311946
v -0.499124 0.006297 -0.311994
v -0.499000 0.007072 -0.313191
v -0.499248 0.006504 -0.313379
v -0.499033 0.006874 -0.313256
v -0.499124 0.006666 -0.313325
v -0.499000 0.007555 -0.314440
v -0.499248 0.007008 -0.314683
v -0.499033 0.007364 -0.314525
v -0.499124 0.007164 -0.314614
v -0.499000 0.008157 -0.315637
v -0.499248 0.007637 -0.315932
v -0.499033 0.007976 -0.315739
v -0.499124 0.007786 -0.315847
v -0.499000 0.008874 -0.316768
v -0.499248 0.008386 -0.317113
v -0.499033 0.008704 -0.316888
v -0.499124 0.008525 -0.317014
v -0.499000 0.009699 -0.317824
v -0.499248 0.009246 -0.318215
v -0.499033 0.009541 -0.317960
v -0.499124 0.009376 -0.318103
v -0.499000 0.010623 -0.318793
v -0.499248 0.010211 -0.319227
v -0.499033 0.010479 -0.318944
v -0.499124 0.010329 -0.319103
v -0.499000 0.011638 -0.319668
v -0.499248 0.011270 -0.320139
v -0.499033 0.011510 -0.319832
v -0.499124 0.011375 -0.320005
v -0.499000 0.012733 -0.320439
v -0.499248 0.012414 -0.320944
v -0.499033 0.012622 -0.320615
v -0.499124 0.012505 -0.320800
v -0.499000 0.013899 -0.321098
v -0.499248 0.013630 -0.321633
v -0.499033 0.013805 -0.321285
v -0.499124 0.013707 -0.321480
v -0.499000 0.015124 -0.321641
v -0.499248 0.014909 -0.322199
v -0.499033 0.015049 -0.321835
v -0.499124 0.014970 -0.322039
v -0.499000 0.016396 -0.322060
v -0.499248 0.016237 -0.322637
v -0.499033 0.016341 -0.322261
v -0.499124 0.016282 -0.322472
v -0.499000 0.017703 -0.322353
v -0.499248 0.017601 -0.322942
v -0.499033 0.017668 -0.322558
v -0.499124 0.017630 -0.322774
v -0.499000 0.019033 -0.322516
v -0.499248 0.018989 -0.323113
v -0.499033 0.019017 -0.322724
v -0.499124 0.019001 -0.322943
v -0.499000 0.020372 -0.322549
v -0.499248 0.020387 -0.323147
v -0.499033 0.020377 -0.322757
v -0.499124 0.020382 -0.322976
v -0.499000 0.021708 -0.322450
v -0.499248 0.021781 -0.323043
v -0.499033 0.021733 -0.322656
v -0.499124 0.021760 -0.322874
v -0.499000 0.023027 -0.322220
v -0.499248 0.023159 -0.322803
v -0.499033 0.023073 -0.322423
v -0.499124 0.023121 -0.322637
v -0.499000 0.024318 -0.321862
v -0.499248 0.024506 -0.322430
v -0.499033 0.024383 -0.322060
v -0.499124 0.024452 -0.322268
v -0.499000 0.025568 -0.321379
v -0.499248 0.025810 -0.321926
v -0.499033 0.025652 -0.321570
v -0.499124 0.025741 -0.321770
v -0.499000 0.026764 -0.320777
v -0.499248 0.027059 -0.321297
v -0.499033 0.026867 -0.320958
v -0.499124 0.026975 -0.321148
v -0.499000 0.027895 -0.320060
v -0.499248 0.028240 -0.320548
v -0.499033 0.028015 -0.320230
v -0.499124 0.028141 -0.320409
v -0.499000 0.028951 -0.319235
v -0.499248 0.029342 -0.319688
v -0.499033 0.029087 -0.319393
v -0.499124 0.029230 -0.319558
v -0.499000 0.029921 -0.318311
v -0.499248 0.030354 -0.318723
v -0.499033 0.030072 -0.318455
v -0.499124 0.030230 -0.318605
v -0.499000 0.030795 -0.317296
v -0.499248 0.031267 -0.317664
v -0.499033 0.030959 -0.317424
v -0.499124 0.031132 -0.317559
v -0.499000 0.031566 -0.316201
v -0.499248 0.032071 -0.316520
v -0.499033 0.031742 -0.316312
v -0.499124 0.031927 -0.316429
v -0.499000 0.032226 -0.315035
v -0.499248 0.032760 -0.315304
v -0.499033 0.032412 -0.315128
v -0.499124 0.032607 -0.315227
v -0.499000 0.032768 -0.313810
v -0.499248 0.033326 -0.314025
v -0.499033 0.032962 -0.313885
v -0.499124 0.033167 -0.313964
v -0.499000 0.033187 -0.312538
v -0.499248 0.033764 -0.312697
v -0.499033 0.033388 -0.312593
v -0.499124 0.033599 -0.312652
v -0.499000 0.033480 -0.311231
v -0.499248 0.034070 -0.311333
v -0.499033 0.033686 -0.311266
v -0.499124 0.033901 -0.311304
v -0.499000 0.033644 -0.309901
v -0.499248 0.034240 -0.309945
v -0.499033 0.033851 -0.309917
v -0.499124 0.034070 -0.309933
v -0.499000 0.033676 -0.308562
v -0.499248 0.034274 -0.308547
v -0.499033 0.033884 -0.308557
v -0.499124 0.034103 -0.308552
v -0.499000 0.033577 -0.307226
v -0.499248 0.034170 -0.307153
v -0.499033 0.033784 -0.307201
v -0.499124 0.034001 -0.307174
v -0.499000 0.033347 -0.305907
v -0.499248 0.033931 -0.305775
v -0.499033 0.033550 -0.305861
v -0.499124 0.033764 -0.305813
v -0.499000 0.032989 -0.304616
v -0.499248 0.033557 -0.304428
v -0.499033 0.033187 -0.304550
v -0.499124 0.033395 -0.304482
v -0.499000 0.032507 -0.303366
v -0.499248 0.033053 -0.303124
v -0.499033 0.032697 -0.303282
v -0.499124 0.032897 -0.303193
v -0.499000 0.031904 -0.302170
v -0.499248 0.032424 -0.301875
v -0.499033 0.032085 -0.302067
v -0.499124 0.032276 -0.301959
v -0.499000 0.031187 -0.301039
v -0.499248 0.031675 -0.300694
v -0.499033 0.031357 -0.300919
v -0.499124 0.031536 -0.300793
v -0.499000 0.030362 -0.299983
v -0.499248 0.030815 -0.299592
v -0.499033 0.030520 -0.299847
v -0.499124 0.030686 -0.299704
v -0.499000 0.029438 -0.299013
v -0.499248 0.029850 -0.298580
v -0.499033 0.029582 -0.298863
v -0.499124 0.029732 -0.298704
v -0.499000 0.028423 -0.298139
v -0.499248 0.028791 -0.297667
v -0.499033 0.028551 -0.297975
v -0.499124 0.028686 -0.297802
v -0.499000 0.027328 -0.297368
v -0.499248 0.027648 -0.296863
v -0.499033 0.027439 -0.297192
v -0.499124 0.027556 -0.297007
v -0.499000 0.026162 -0.296709
v -0.499248 0.026431 -0.296174
v -0.499033 0.026256 -0.296522
v -0.499124 0.026354 -0.296327
v -0.499000 0.024937 -0.296166
v -0.499248 0.025152 -0.295608
v -0.499033 0.025012 -0.295972
v -0.499124 0.025091 -0.295768
v -0.499000 0.023665 -0.295747
v -0.499248 0.023824 -0.295170
v -0.499033 0.023720 -0.295546
v -0.499124 0.023779 -0.295335
v -0.499000 0.022358 -0.295454
v -0.499248 0.022460 -0.294864
v -0.499033 0.022394 -0.295248
v -0.499124 0.022431 -0.295033
v -0.499000 0.021028 -0.295290
v -0.499248 0.021072 -0.294694
v -0.499033 0.021044 -0.295083
v -0.499124 0.021060 -0.294864
v -0.499000 0.019689 -0.295258
v -0.499248 0.019674 -0.294660
v -0.499033 0.019684 -0.295050
v -0.499124 0.019679 -0.294831
v -0.499000 0.018354 -0.295357
v -0.499248 0.018280 -0.294764
v -0.499033 0.018328 -0.295150
v -0.499124 0.018301 -0.294933
v -0.499000 0.017034 -0.295587
v -0.499248 0.016903 -0.295003
v -0.499033 0.016988 -0.295384
v -0.499124 0.016940 -0.295170
v -0.499000 0.015743 -0.295945
v -0.499248 0.015555 -0.295377
v -0.499033 0.015678 -0.295747
v -0.499124 0.015609 -0.295539
v -0.499000 0.014494 -0.296427
v -0.499248 0.014251 -0.295881
v -0.499033 0.014409 -0.296237
v -0.499124 0.014320 -0.296037
v -0.499000 0.013297 -0.297030
v -0.499248 0.013002 -0.296510
v -0.499033 0.013194 -0.296849
v -0.499124 0.013087 -0.296659
v -0.499000 0.012166 -0.297747
v -0.499248 0.011821 -0.297259
v -0.499033 0.012046 -0.297577
v -0.499124 0.011920 -0.297398
v -0.499000 0.011110 -0.298572
v -0.499248 0.010719 -0.298119
v -0.499033 0.010974 -0.298414
v -0.499124 0.010831 -0.298248
v -0.499000 0.010141 -0.299496
v -0.499248 0.009707 -0.299084
v -0.499033 0.009990 -0.299352
v -0.499124 0.009831 -0.299202
v -0.499000 0.009266 -0.300511
v -0.499248 0.008795 -0.300143
v -0.499033 0.009102 -0.300383
v -0.499124 0.008929 -0.300248
v -0.499000 0.008495 -0.301606
v -0.499248 0.007990 -0.301287
v -0.499033 0.008319 -0.301495
v -0.499124 0.008134 -0.301378
v -0.499000 0.007836 -0.302772
v -0.499248 0.007301 -0.302503
v -0.499033 0.007649 -0.302678
v -0.499124 0.007454 -0.302580
v -0.499000 0.007293 -0.303997
v -0.499248 0.006735 -0.303782
v -0.499033 0.007099 -0.303922
v -0.499124 0.006895 -0.303843
v -0.499000 0.006874 -0.305269
v -0.499248 0.006297 -0.305110
v -0.499033 0.006673 -0.305213
v -0.499124 0.006462 -0.305155
v -0.499000 0.006581 -0.306576
v -0.499248 0.005992 -0.306474
v -0.499033 0.006376 -0.306540
v -0.499124 0.006160 -0.306503
v -0.499000 0.006418 -0.307906
v -0.499248 0.005821 -0.307862
v -0.499033 0.006210 -0.307890
v -0.499124 0.005991 -0.307874
vn -0.8425 -0.5385 -0.0135
vn -0.8425 -0.5372 0.0394
vn -0.9165 -0.3993 0.0247
vn -0.9165 -0.4001 -0.0054
vn -0.9570 -0.2900 0.0070
vn -0.9927 -0.1207 0.0029
vn -0.9927 -0.1198 0.0147
vn -0.9570 -0.2879 0.0354
vn -0.8929 -0.4436 0.0768
vn -0.8425 -0.5308 0.0919
vn -0.9927 -0.1178 0.0264
vn -0.9570 -0.2830 0.0634
vn -0.8929 -0.4340 0.1199
vn -0.8425 -0.5192 0.1434
vn -0.9927 -0.1147 0.0378
vn -0.9570 -0.2754 0.0909
vn -0.8929 -0.4201 0.1618
vn -0.8425 -0.5026 0.1936
vn -0.9927 -0.1104 0.0489
vn -0.9570 -0.2652 0.1174
vn -0.8929 -0.4022 0.2022
vn -0.8425 -0.4812 0.2420
vn -0.9927 -0.1051 0.0595
vn -0.9570 -0.2525 0.1428
vn -0.8929 -0.3805 0.2407
vn -0.8425 -0.4552 0.2880
vn -0.9927 -0.0988 0.0695
vn -0.9570 -0.2372 0.1669
vn -0.8929 -0.3551 0.2768
vn -0.8425 -0.4248 0.3312
vn -0.9927 -0.0915 0.0788
vn -0.9570 -0.2197 0.1893
vn -0.8929 -0.3262 0.3103
vn -0.8425 -0.3903 0.3712
vn -0.9927 -0.0833 0.0874
vn -0.9570 -0.2001 0.2100
vn -0.8929 -0.2943 0.3408
vn -0.8425 -0.3520 0.4077
vn -0.9927 -0.0743 0.0952
vn -0.9570 -0.1786 0.2286
vn -0.8929 -0.2594 0.3680
vn -0.8425 -0.3104 0.4403
vn -0.9927 -0.0646 0.1020
vn -0.9570 -0.1553 0.2450
vn -0.8929 -0.2221 0.3916
vn -0.8425 -0.2657 0.4686
vn -0.9927 -0.0543 0.1078
vn -0.9570 -0.1305 0.2590
vn -0.8929 -0.1826 0.4115
vn -0.8425 -0.2185 0.4923
vn -0.9927 -0.0435 0.1126
vn -0.9570 -0.1045 0.2706
vn -0.8929 -0.1414 0.4274
vn -0.8425 -0.1692 0.5114
vn -0.9927 -0.0323 0.1164
vn -0.9570 -0.0775 0.2795
vn -0.8929 -0.0988 0.4392
vn -0.8426 -0.1183 0.5255
vn -0.9927 -0.0207 0.1190
vn -0.9570 -0.0497 0.2857
vn -0.8930 -0.0553 0.4467
vn -0.8426 -0.0662 0.5345
vn -0.9927 -0.0089 0.1204
vn -0.9570 -0.0215 0.2893
vn -0.8930 -0.0113 0.4500
vn -0.8426 -0.0135 0.5384
vn -0.9927 0.0029 0.1207
vn -0.9570 0.0070 0.2900
vn -0.8930 0.0329 0.4489
vn -0.8426 0.0394 0.5372
vn -0.9927 0.0147 0.1199
vn -0.9570 0.0354 0.2879
vn -0.8929 0.0768 0.4436
vn -0.8426 0.0918 0.5307
vn -0.9927 0.0264 0.1179
vn -0.9570 0.0634 0.2830
vn -0.8929 0.1199 0.4340
vn -0.8425 0.1434 0.5192
vn -0.9927 0.0378 0.1147
vn -0.9570 0.0909 0.2755
vn -0.8929 0.1619 0.4201
vn -0.8425 0.1936 0.5026
vn -0.9927 0.0489 0.1104
vn -0.9570 0.1174 0.2652
vn -0.8929 0.2022 0.4022
vn -0.8425 0.2420 0.4812
vn -0.9927 0.0595 0.1051
vn -0.9570 0.1429 0.2525
vn -0.8929 0.2407 0.3805
vn -0.8425 0.2880 0.4552
vn -0.9927 0.0695 0.0988
vn -0.9570 0.1669 0.2372
vn -0.8929 0.2769 0.3551
vn -0.8425 0.3312 0.4248
vn -0.9927 0.0789 0.0915
vn -0.9570 0.1893 0.2197
vn -0.8929 0.3103 0.3262
vn -0.8425 0.3712 0.3903
vn -0.9927 0.0874 0.0833
vn -0.9570 0.2100 0.2001
vn -0.8929 0.3408 0.2942
vn -0.8425 0.4077 0.3520
vn -0.9927 0.0952 0.0743
vn -0.9570 0.2286 0.1786
vn -0.8929 0.3680 0.2594
vn -0.8425 0.4402 0.3103
vn -0.9927 0.1020 0.0647
vn -0.9570 0.2450 0.1553
vn -0.8929 0.3916 0.2221
vn -0.8425 0.4685 0.2657
vn -0.9927 0.1078 0.0544
vn -0.9570 0.2590 0.1305
vn -0.8929 0.4115 0.1826
vn -0.8425 0.4923 0.2185
vn -0.9927 0.1127 0.0435
vn -0.9570 0.2705 0.1045
vn -0.8929 0.4274 0.1414
vn -0.8425 0.5114 0.1692
vn -0.9927 0.1164 0.0323
vn -0.9570 0.2795 0.0775
vn -0.8929 0.4392 0.0988
vn -0.8425 0.5255 0.1183
vn -0.9927 0.1190 0.0207
vn -0.9570 0.2858 0.0497
vn -0.8929 0.4468 0.0553
vn -0.8425 0.5346 0.0662
vn -0.9927 0.1204 0.0089
vn -0.9570 0.2893 0.0215
vn -0.8929 0.4501 0.0113
vn -0.8425 0.5385 0.0134
vn -0.9927 0.1207 -0.0029
vn -0.9570 0.2900 -0.0070
vn -0.8929 0.4490 -0.0329
vn -0.8425 0.5372 -0.0394
vn -0.9927 0.1198 -0.0147
vn -0.9570 0.2879 -0.0354
vn -0.8929 0.4437 -0.0768
vn -0.8425 0.5308 -0.0918
vn -0.9927 0.1178 -0.0264
vn -0.9570 0.2830 -0.0634
vn -0.8929 0.4340 -0.1199
vn -0.8425 0.5192 -0.1434
vn -0.9927 0.1147 -0.0378
vn -0.9570 0.2754 -0.0908
vn -0.8929 0.4202 -0.1619
vn -0.8425 0.5026 -0.1936
vn -0.9927 0.1104 -0.0489
vn -0.9570 0.2652 -0.1174
vn -0.8929 0.4023 -0.2023
vn -0.8425 0.4812 -0.2420
vn -0.9927 0.1051 -0.0595
vn -0.9570 0.2524 -0.1428
vn -0.8929 0.3805 -0.2407
vn -0.8425 0.4552 -0.2880
vn -0.9927 0.0988 -0.0695
vn -0.9570 0.2372 -0.1669
vn -0.8929 0.3551 -0.2768
vn -0.8425 0.4248 -0.3312
vn -0.9927 0.0915 -0.0788
vn -0.9570 0.2197 -0.1894
vn -0.8929 0.3262 -0.3103
vn -0.8425 0.3903 -0.3713
vn -0.9927 0.0833 -0.0874
vn -0.9570 0.2001 -0.2100
vn -0.8929 0.2943 -0.3408
vn -0.8425 0.3520 -0.4077
vn -0.9927 0.0743 -0.0952
vn -0.9570 0.1786 -0.2286
vn -0.8929 0.2594 -0.3680
vn -0.8425 0.3104 -0.4402
vn -0.9927 0.0646 -0.1020
vn -0.9570 0.1553 -0.2450
vn -0.8929 0.2221 -0.3916
vn -0.8426 0.2657 -0.4685
vn -0.9927 0.0543 -0.1079
vn -0.9570 0.1305 -0.2590
vn -0.8929 0.1826 -0.4115
vn -0.8425 0.2185 -0.4923
vn -0.9927 0.0435 -0.1127
vn -0.9570 0.1045 -0.2706
vn -0.8929 0.1414 -0.4274
vn -0.8425 0.1692 -0.5114
vn -0.9927 0.0323 -0.1164
vn -0.9570 0.0775 -0.2795
vn -0.8929 0.0988 -0.4392
vn -0.8425 0.1183 -0.5255
vn -0.9927 0.0207 -0.1190
vn -0.9570 0.0497 -0.2858
vn -0.8929 0.0553 -0.4468
vn -0.8425 0.0662 -0.5346
vn -0.9927 0.0089 -0.1204
vn -0.9570 0.0215 -0.2893
vn -0.8929 0.0113 -0.4501
vn -0.8425 0.0135 -0.5385
vn -0.9927 -0.0029 -0.1207
vn -0.9570 -0.0070 -0.2900
vn -0.8929 -0.0329 -0.4490
vn -0.8425 -0.0394 -0.5372
vn -0.9927 -0.0147 -0.1198
vn -0.9570 -0.0354 -0.2879
vn -0.8929 -0.0768 -0.4436
vn -0.8425 -0.0918 -0.5307
vn -0.9927 -0.0264 -0.1178
vn -0.9570 -0.0634 -0.2830
vn -0.8929 -0.1199 -0.4340
vn -0.8425 -0.1434 -0.5192
vn -0.9927 -0.0378 -0.1147
vn -0.9570 -0.0909 -0.2755
vn -0.8929 -0.1618 -0.4201
vn -0.8425 -0.1936 -0.5026
vn -0.9927 -0.0489 -0.1104
vn -0.9570 -0.1174 -0.2652
vn -0.8929 -0.2022 -0.4022
vn -0.8425 -0.2420 -0.4812
vn -0.9927 -0.0595 -0.1051
vn -0.9570 -0.1429 -0.2524
vn -0.8929 -0.2407 -0.3805
vn -0.8425 -0.2880 -0.4552
vn -0.9927 -0.0695 -0.0988
vn -0.9570 -0.1669 -0.2372
vn -0.8929 -0.2769 -0.3551
vn -0.8425 -0.3312 -0.4248
vn -0.9927 -0.0788 -0.0915
vn -0.9570 -0.1893 -0.2197
vn -0.8929 -0.3103 -0.3262
vn -0.8425 -0.3712 -0.3903
vn -0.9927 -0.0874 -0.0833
vn -0.9570 -0.2100 -0.2001
vn -0.8929 -0.3408 -0.2942
vn -0.8425 -0.4077 -0.3520
vn -0.9927 -0.0952 -0.0743
vn -0.9570 -0.2286 -0.1785
vn -0.8929 -0.3680 -0.2594
vn -0.8425 -0.4402 -0.3104
vn -0.9927 -0.1020 -0.0647
vn -0.9570 -0.2450 -0.1553
vn -0.8929 -0.3917 -0.2221
vn -0.8425 -0.4686 -0.2657
vn -0.9927 -0.1078 -0.0543
vn -0.9570 -0.2590 -0.1305
vn -0.8929 -0.4116 -0.1827
vn -0.8425 -0.4924 -0.2185
vn -0.9927 -0.1127 -0.0435
vn -0.9570 -0.2705 -0.1045
vn -0.8929 -0.4275 -0.1414
vn -0.8425 -0.5114 -0.1692
vn -0.9927 -0.1164 -0.0323
vn -0.9570 -0.2795 -0.0775
vn -0.8929 -0.4393 -0.0988
vn -0.8425 -0.5255 -0.1183
vn -0.9927 -0.1190 -0.0207
vn -0.9570 -0.2857 -0.0497
vn -0.8929 -0.4468 -0.0553
vn -0.8425 -0.5346 -0.0662
vn -0.9927 -0.1204 -0.0089
vn -0.9570 -0.2893 -0.0215
vn -0.8146 -0.5799 -0.0145
vn -0.8146 -0.5757 -0.0713
vn -0.5919 -0.7999 -0.0990
vn -0.5919 -0.8058 -0.0201
vn -0.3418 -0.9326 -0.1155
vn -0.3418 -0.9395 -0.0235
vn -0.0087 -0.9924 -0.1229
vn -0.0087 -0.9997 -0.0250
vn -0.8146 -0.5659 -0.1274
vn -0.5919 -0.7863 -0.1769
vn -0.3418 -0.9168 -0.2063
vn -0.0087 -0.9756 -0.2195
vn -0.8146 -0.5507 -0.1822
vn -0.5919 -0.7652 -0.2532
vn -0.3418 -0.8922 -0.2952
vn -0.0087 -0.9494 -0.3141
vn -0.8146 -0.5302 -0.2353
vn -0.5919 -0.7367 -0.3270
vn -0.3418 -0.8590 -0.3812
vn -0.0087 -0.9140 -0.4056
vn -0.8146 -0.5046 -0.2861
vn -0.5919 -0.7011 -0.3976
vn -0.3418 -0.8175 -0.4636
vn -0.0087 -0.8698 -0.4933
vn -0.8146 -0.4741 -0.3342
vn -0.5919 -0.6588 -0.4644
vn -0.3418 -0.7681 -0.5415
vn -0.0087 -0.8173 -0.5762
vn -0.8146 -0.4391 -0.3791
vn -0.5919 -0.6101 -0.5267
vn -0.3418 -0.7113 -0.6142
vn -0.0087 -0.7569 -0.6535
vn -0.8146 -0.3998 -0.4203
vn -0.5919 -0.5555 -0.5840
vn -0.3418 -0.6477 -0.6809
vn -0.0087 -0.6892 -0.7245
vn -0.8146 -0.3566 -0.4575
vn -0.5919 -0.4956 -0.6356
vn -0.3418 -0.5778 -0.7411
vn -0.0087 -0.6148 -0.7886
vn -0.8146 -0.3101 -0.4902
vn -0.5919 -0.4309 -0.6812
vn -0.3418 -0.5024 -0.7942
vn -0.0087 -0.5346 -0.8451
vn -0.8145 -0.2606 -0.5183
vn -0.5919 -0.3621 -0.7201
vn -0.3419 -0.4221 -0.8396
vn -0.0087 -0.4492 -0.8934
vn -0.8146 -0.2085 -0.5413
vn -0.5918 -0.2898 -0.7522
vn -0.3418 -0.3378 -0.8770
vn -0.0087 -0.3595 -0.9331
vn -0.8146 -0.1545 -0.5591
vn -0.5919 -0.2146 -0.7769
vn -0.3418 -0.2502 -0.9058
vn -0.0087 -0.2663 -0.9639
vn -0.8146 -0.0989 -0.5716
vn -0.5919 -0.1374 -0.7942
vn -0.3418 -0.1602 -0.9260
vn -0.0087 -0.1705 -0.9853
vn -0.8146 -0.0424 -0.5785
vn -0.5919 -0.0589 -0.8039
vn -0.3419 -0.0687 -0.9372
vn -0.0087 -0.0731 -0.9973
vn -0.8146 0.0145 -0.5799
vn -0.5919 0.0201 -0.8058
vn -0.3419 0.0235 -0.9394
vn -0.0087 0.0250 -0.9996
vn -0.8146 0.0713 -0.5757
vn -0.5919 0.0990 -0.7999
vn -0.3419 0.1154 -0.9326
vn -0.0087 0.1228 -0.9924
vn -0.8146 0.1274 -0.5659
vn -0.5919 0.1769 -0.7863
vn -0.3418 0.2063 -0.9168
vn -0.0087 0.2195 -0.9756
vn -0.8146 0.1822 -0.5507
vn -0.5919 0.2532 -0.7652
vn -0.3418 0.2952 -0.8922
vn -0.0087 0.3141 -0.9494
vn -0.8145 0.2353 -0.5302
vn -0.5918 0.3270 -0.7367
vn -0.3418 0.3812 -0.8590
vn -0.0087 0.4056 -0.9140
vn -0.8145 0.2861 -0.5046
vn -0.5919 0.3976 -0.7011
vn -0.3418 0.4636 -0.8175
vn -0.0087 0.4933 -0.8698
vn -0.8146 0.3342 -0.4741
vn -0.5919 0.4644 -0.6587
vn -0.3418 0.5415 -0.7681
vn -0.0087 0.5762 -0.8173
vn -0.8146 0.3791 -0.4391
vn -0.5920 0.5267 -0.6100
vn -0.3418 0.6142 -0.7113
vn -0.0087 0.6535 -0.7569
vn -0.8146 0.4203 -0.3998
vn -0.5919 0.5840 -0.5555
vn -0.3418 0.6809 -0.6477
vn -0.0087 0.7245 -0.6892
vn -0.8146 0.4575 -0.3567
vn -0.5919 0.6356 -0.4956
vn -0.3418 0.7411 -0.5778
vn -0.0087 0.7886 -0.6149
vn -0.8146 0.4902 -0.3101
vn -0.5919 0.6812 -0.4309
vn -0.3418 0.7942 -0.5024
vn -0.0087 0.8451 -0.5346
vn -0.8146 0.5183 -0.2606
vn -0.5919 0.7201 -0.3620
vn -0.3418 0.8396 -0.4222
vn -0.0087 0.8934 -0.4492
vn -0.8146 0.5413 -0.2085
vn -0.5919 0.7521 -0.2897
vn -0.3418 0.8770 -0.3378
vn -0.0087 0.9331 -0.3595
vn -0.8146 0.5591 -0.1545
vn -0.5919 0.7769 -0.2146
vn -0.3418 0.9058 -0.2502
vn -0.0087 0.9639 -0.2663
vn -0.8146 0.5716 -0.0989
vn -0.5919 0.7942 -0.1374
vn -0.3418 0.9260 -0.1602
vn -0.0087 0.9853 -0.1705
vn -0.8146 0.5785 -0.0424
vn -0.5919 0.8038 -0.0589
vn -0.3418 0.9373 -0.0687
vn -0.0087 0.9973 -0.0731
vn -0.8146 0.5799 0.0145
vn -0.5919 0.8058 0.0201
vn -0.3418 0.9395 0.0235
vn -0.0087 0.9996 0.0250
vn -0.8146 0.5757 0.0713
vn -0.5919 0.7999 0.0990
vn -0.3418 0.9326 0.1155
vn -0.0087 0.9924 0.1229
vn -0.8146 0.5659 0.1274
vn -0.5919 0.7863 0.1770
vn -0.3418 0.9169 0.2063
vn -0.0087 0.9756 0.2195
vn -0.8146 0.5507 0.1822
vn -0.5919 0.7652 0.2532
vn -0.3418 0.8922 0.2952
vn -0.0087 0.9493 0.3141
vn -0.8146 0.5302 0.2353
vn -0.5919 0.7367 0.3270
vn -0.3418 0.8590 0.3812
vn -0.0087 0.9140 0.4056
vn -0.8146 0.5046 0.2862
vn -0.5919 0.7011 0.3976
vn -0.3418 0.8175 0.4636
vn -0.0087 0.8698 0.4933
vn -0.8146 0.4741 0.3342
vn -0.5919 0.6588 0.4644
vn -0.3418 0.7681 0.5415
vn -0.0087 0.8173 0.5762
vn -0.8146 0.4391 0.3791
vn -0.5920 0.6100 0.5267
vn -0.3418 0.7113 0.6142
vn -0.0087 0.7569 0.6535
vn -0.8146 0.3998 0.4203
vn -0.5919 0.5555 0.5840
vn -0.3418 0.6477 0.6809
vn -0.0087 0.6892 0.7245
vn -0.8146 0.3567 0.4575
vn -0.5919 0.4956 0.6357
vn -0.3418 0.5778 0.7411
vn -0.0087 0.6148 0.7886
vn -0.8146 0.3101 0.4902
vn -0.5919 0.4309 0.6811
vn -0.3418 0.5024 0.7942
vn -0.0087 0.5346 0.8451
vn -0.8146 0.2606 0.5182
vn -0.5919 0.3621 0.7201
vn -0.3418 0.4222 0.8396
vn -0.0087 0.4492 0.8934
vn -0.8146 0.2085 0.5413
vn -0.5919 0.2897 0.7521
vn -0.3418 0.3378 0.8769
vn -0.0087 0.3595 0.9331
vn -0.8146 0.1545 0.5591
vn -0.5919 0.2146 0.7769
vn -0.3419 0.2502 0.9058
vn -0.0087 0.2663 0.9639
vn -0.8146 0.0989 0.5716
vn -0.5919 0.1374 0.7942
vn -0.3418 0.1603 0.9260
vn -0.0087 0.1705 0.9853
vn -0.8146 0.0424 0.5785
vn -0.5920 0.0589 0.8038
vn -0.3418 0.0687 0.9373
vn -0.0087 0.0731 0.9973
vn -0.8146 -0.0145 0.5799
vn -0.5920 -0.0201 0.8057
vn -0.3417 -0.0235 0.9395
vn -0.0087 -0.0250 0.9997
vn -0.8146 -0.0713 0.5757
vn -0.5920 -0.0990 0.7998
vn -0.3418 -0.1155 0.9327
vn -0.0087 -0.1228 0.9924
vn -0.8146 -0.1273 0.5659
vn -0.5919 -0.1770 0.7863
vn -0.3418 -0.2063 0.9168
vn -0.0087 -0.2195 0.9756
vn -0.8146 -0.1822 0.5507
vn -0.5919 -0.2532 0.7652
vn -0.3418 -0.2952 0.8922
vn -0.0087 -0.3141 0.9494
vn -0.8146 -0.2353 0.5302
vn -0.5919 -0.3270 0.7367
vn -0.3418 -0.3812 0.8590
vn -0.0087 -0.4056 0.9140
vn -0.8146 -0.2861 0.5046
vn -0.5919 -0.3976 0.7011
vn -0.3417 -0.4636 0.8175
vn -0.0087 -0.4933 0.8698
vn -0.8146 -0.3342 0.4741
vn -0.5919 -0.4644 0.6588
vn -0.3418 -0.5415 0.7681
vn -0.0087 -0.5762 0.8173
vn -0.8145 -0.3791 0.4391
vn -0.5919 -0.5268 0.6101
vn -0.3418 -0.6141 0.7113
vn -0.0087 -0.6535 0.7569
vn -0.8146 -0.4203 0.3998
vn -0.5919 -0.5840 0.5555
vn -0.3418 -0.6809 0.6477
vn -0.0087 -0.7245 0.6892
vn -0.8146 -0.4575 0.3567
vn -0.5920 -0.6356 0.4956
vn -0.3418 -0.7411 0.5778
vn -0.0087 -0.7886 0.6148
vn -0.8146 -0.4902 0.3101
vn -0.5919 -0.6812 0.4309
vn -0.3418 -0.7942 0.5024
vn -0.0087 -0.8451 0.5346
vn -0.8146 -0.5183 0.2606
vn -0.5919 -0.7201 0.3621
vn -0.3418 -0.8396 0.4221
vn -0.0087 -0.8934 0.4492
vn -0.8146 -0.5413 0.2085
vn -0.5919 -0.7521 0.2897
vn -0.3418 -0.8770 0.3378
vn -0.0087 -0.9331 0.3595
vn -0.8146 -0.5591 0.1545
vn -0.5919 -0.7769 0.2146
vn -0.3418 -0.9058 0.2502
vn -0.0087 -0.9639 0.2663
vn -0.8146 -0.5716 0.0989
vn -0.5919 -0.7942 0.1374
vn -0.3418 -0.9260 0.1602
vn -0.0087 -0.9853 0.1705
vn -0.8146 -0.5785 0.0424
vn -0.5919 -0.8038 0.0589
vn -0.3418 -0.9373 0.0687
vn -0.0087 -0.9973 0.0731
vn 0.0074 -0.9997 -0.0250
vn 0.0074 -0.9924 -0.1229
vn 0.2783 -0.9532 -0.1180
vn 0.2783 -0.9602 -0.0240
vn 0.4820 -0.8695 -0.1076
vn 0.4820 -0.8759 -0.0219
vn 0.6965 -0.7121 -0.0882
vn 0.6965 -0.7173 -0.0180
vn 0.0074 -0.9756 -0.2195
vn 0.2783 -0.9371 -0.2109
vn 0.4820 -0.8548 -0.1924
vn 0.6965 -0.7001 -0.1575
vn 0.0074 -0.9494 -0.3141
vn 0.2783 -0.9119 -0.3017
vn 0.4820 -0.8318 -0.2752
vn 0.6965 -0.6813 -0.2254
vn 0.0074 -0.9140 -0.4057
vn 0.2784 -0.8779 -0.3896
vn 0.4820 -0.8008 -0.3554
vn 0.6965 -0.6559 -0.2911
vn 0.0073 -0.8698 -0.4933
vn 0.2784 -0.8355 -0.4738
vn 0.4820 -0.7621 -0.4322
vn 0.6965 -0.6242 -0.3540
vn 0.0074 -0.8173 -0.5762
vn 0.2783 -0.7850 -0.5534
vn 0.4820 -0.7161 -0.5048
vn 0.6965 -0.5865 -0.4134
vn 0.0073 -0.7569 -0.6535
vn 0.2783 -0.7270 -0.6277
vn 0.4821 -0.6631 -0.5726
vn 0.6965 -0.5431 -0.4689
vn 0.0074 -0.6892 -0.7246
vn 0.2783 -0.6620 -0.6959
vn 0.4820 -0.6038 -0.6348
vn 0.6965 -0.4945 -0.5199
vn 0.0074 -0.6148 -0.7886
vn 0.2784 -0.5906 -0.7575
vn 0.4820 -0.5387 -0.6910
vn 0.6965 -0.4412 -0.5659
vn 0.0074 -0.5346 -0.8451
vn 0.2784 -0.5135 -0.8117
vn 0.4820 -0.4684 -0.7405
vn 0.6965 -0.3836 -0.6064
vn 0.0073 -0.4492 -0.8934
vn 0.2783 -0.4315 -0.8581
vn 0.4820 -0.3936 -0.7828
vn 0.6965 -0.3223 -0.6411
vn 0.0074 -0.3595 -0.9331
vn 0.2783 -0.3453 -0.8963
vn 0.4821 -0.3150 -0.8176
vn 0.6965 -0.2580 -0.6696
vn 0.0074 -0.2663 -0.9639
vn 0.2783 -0.2557 -0.9258
vn 0.4821 -0.2333 -0.8445
vn 0.6965 -0.1911 -0.6917
vn 0.0073 -0.1705 -0.9853
vn 0.2784 -0.1638 -0.9464
vn 0.4821 -0.1494 -0.8633
vn 0.6965 -0.1224 -0.7071
vn 0.0074 -0.0731 -0.9973
vn 0.2784 -0.0702 -0.9579
vn 0.4820 -0.0641 -0.8738
vn 0.6965 -0.0525 -0.7156
vn 0.0074 0.0250 -0.9997
vn 0.2783 0.0240 -0.9602
vn 0.4820 0.0219 -0.8759
vn 0.6965 0.0179 -0.7174
vn 0.0074 0.1229 -0.9924
vn 0.2784 0.1180 -0.9532
vn 0.4820 0.1077 -0.8695
vn 0.6965 0.0882 -0.7121
vn 0.0073 0.2195 -0.9756
vn 0.2784 0.2109 -0.9370
vn 0.4821 0.1923 -0.8548
vn 0.6965 0.1575 -0.7001
vn 0.0074 0.3141 -0.9494
vn 0.2783 0.3017 -0.9119
vn 0.4821 0.2752 -0.8318
vn 0.6965 0.2254 -0.6813
vn 0.0074 0.4057 -0.9140
vn 0.2783 0.3896 -0.8779
vn 0.4821 0.3554 -0.8008
vn 0.6965 0.2911 -0.6559
vn 0.0073 0.4933 -0.8698
vn 0.2783 0.4738 -0.8355
vn 0.4820 0.4322 -0.7621
vn 0.6965 0.3540 -0.6242
vn 0.0074 0.5762 -0.8173
vn 0.2784 0.5534 -0.7850
vn 0.4820 0.5048 -0.7161
vn 0.6965 0.4135 -0.5865
vn 0.0074 0.6535 -0.7569
vn 0.2784 0.6277 -0.7270
vn 0.4820 0.5726 -0.6632
vn 0.6965 0.4690 -0.5431
vn 0.0074 0.7245 -0.6892
vn 0.2783 0.6959 -0.6620
vn 0.4820 0.6348 -0.6039
vn 0.6965 0.5199 -0.4946
vn 0.0073 0.7886 -0.6149
vn 0.2783 0.7575 -0.5906
vn 0.4821 0.6909 -0.5387
vn 0.6965 0.5659 -0.4412
vn 0.0074 0.8451 -0.5346
vn 0.2783 0.8117 -0.5135
vn 0.4820 0.7405 -0.4684
vn 0.6965 0.6064 -0.3836
vn 0.0074 0.8934 -0.4492
vn 0.2783 0.8581 -0.4314
vn 0.4820 0.7828 -0.3936
vn 0.6965 0.6411 -0.3223
vn 0.0074 0.9331 -0.3595
vn 0.2783 0.8963 -0.3453
vn 0.4820 0.8176 -0.3150
vn 0.6965 0.6696 -0.2579
vn 0.0074 0.9639 -0.2663
vn 0.2783 0.9258 -0.2558
vn 0.4820 0.8445 -0.2333
vn 0.6965 0.6917 -0.1911
vn 0.0074 0.9853 -0.1705
vn 0.2783 0.9464 -0.1638
vn 0.4820 0.8633 -0.1494
vn 0.6965 0.7070 -0.1223
vn 0.0074 0.9973 -0.0731
vn 0.2783 0.9579 -0.0702
vn 0.4820 0.8738 -0.0641
vn 0.6965 0.7156 -0.0525
vn 0.0074 0.9997 0.0250
vn 0.2783 0.9602 0.0240
vn 0.4820 0.8759 0.0219
vn 0.6965 0.7173 0.0179
vn 0.0074 0.9924 0.1229
vn 0.2783 0.9532 0.1180
vn 0.4820 0.8695 0.1076
vn 0.6965 0.7121 0.0882
vn 0.0074 0.9756 0.2195
vn 0.2783 0.9370 0.2109
vn 0.4820 0.8548 0.1924
vn 0.6965 0.7001 0.1575
vn 0.0074 0.9494 0.3141
vn 0.2783 0.9119 0.3017
vn 0.4820 0.8318 0.2752
vn 0.6965 0.6813 0.2254
vn 0.0073 0.9140 0.4057
vn 0.2783 0.8779 0.3896
vn 0.4820 0.8008 0.3554
vn 0.6965 0.6559 0.2911
vn 0.0074 0.8698 0.4933
vn 0.2783 0.8355 0.4738
vn 0.4821 0.7621 0.4322
vn 0.6965 0.6242 0.3540
vn 0.0074 0.8173 0.5762
vn 0.2783 0.7850 0.5534
vn 0.4820 0.7161 0.5048
vn 0.6965 0.5865 0.4134
vn 0.0074 0.7569 0.6535
vn 0.2784 0.7270 0.6277
vn 0.4820 0.6632 0.5726
vn 0.6965 0.5431 0.4689
vn 0.0074 0.6892 0.7245
vn 0.2783 0.6620 0.6959
vn 0.4820 0.6039 0.6348
vn 0.6965 0.4946 0.5199
vn 0.0074 0.6148 0.7886
vn 0.2783 0.5906 0.7575
vn 0.4820 0.5387 0.6910
vn 0.6965 0.4412 0.5659
vn 0.0073 0.5346 0.8451
vn 0.2783 0.5135 0.8117
vn 0.4821 0.4684 0.7404
vn 0.6965 0.3836 0.6064
vn 0.0074 0.4492 0.8934
vn 0.2783 0.4314 0.8581
vn 0.4820 0.3936 0.7828
vn 0.6965 0.3223 0.6411
vn 0.0074 0.3595 0.9331
vn 0.2784 0.3453 0.8963
vn 0.4820 0.3150 0.8176
vn 0.6965 0.2580 0.6696
vn 0.0074 0.2662 0.9639
vn 0.2784 0.2558 0.9258
vn 0.4820 0.2333 0.8445
vn 0.6965 0.1911 0.6917
vn 0.0073 0.1705 0.9853
vn 0.2783 0.1638 0.9464
vn 0.4820 0.1494 0.8633
vn 0.6965 0.1223 0.7070
vn 0.0073 0.0731 0.9973
vn 0.2783 0.0702 0.9579
vn 0.4820 0.0640 0.8738
vn 0.6965 0.0525 0.7156
vn 0.0074 -0.0250 0.9997
vn 0.2783 -0.0240 0.9602
vn 0.4819 -0.0219 0.8759
vn 0.6965 -0.0179 0.7173
vn 0.0073 -0.1229 0.9924
vn 0.2783 -0.1180 0.9532
vn 0.4820 -0.1076 0.8695
vn 0.6965 -0.0882 0.7121
vn 0.0073 -0.2195 0.9756
vn 0.2783 -0.2109 0.9371
vn 0.4820 -0.1924 0.8548
vn 0.6965 -0.1575 0.7000
vn 0.0074 -0.3141 0.9494
vn 0.2784 -0.3017 0.9119
vn 0.4820 -0.2752 0.8318
vn 0.6965 -0.2254 0.6813
vn 0.0074 -0.4057 0.9140
vn 0.2784 -0.3896 0.8779
vn 0.4820 -0.3554 0.8009
vn 0.6965 -0.2911 0.6559
vn 0.0074 -0.4933 0.8698
vn 0.2783 -0.4738 0.8355
vn 0.4820 -0.4322 0.7621
vn 0.6965 -0.3540 0.6242
vn 0.0073 -0.5762 0.8173
vn 0.2783 -0.5534 0.7850
vn 0.4821 -0.5048 0.7161
vn 0.6965 -0.4135 0.5865
vn 0.0074 -0.6535 0.7569
vn 0.2783 -0.6277 0.7270
vn 0.4820 -0.5726 0.6632
vn 0.6965 -0.4689 0.5431
vn 0.0074 -0.7245 0.6892
vn 0.2783 -0.6959 0.6620
vn 0.4820 -0.6348 0.6039
vn 0.6965 -0.5199 0.4946
vn 0.0074 -0.7886 0.6148
vn 0.2784 -0.7575 0.5906
vn 0.4820 -0.6910 0.5387
vn 0.6965 -0.5659 0.4412
vn 0.0074 -0.8451 0.5346
vn 0.2783 -0.8117 0.5135
vn 0.4820 -0.7405 0.4684
vn 0.6965 -0.6064 0.3836
vn 0.0074 -0.8934 0.4492
vn 0.2783 -0.8581 0.4314
vn 0.4820 -0.7828 0.3936
vn 0.6965 -0.6411 0.3223
vn 0.0073 -0.9331 0.3595
vn 0.2783 -0.8963 0.3453
vn 0.4820 -0.8176 0.3150
vn 0.6965 -0.6696 0.2579
vn 0.0074 -0.9639 0.2663
vn 0.2783 -0.9258 0.2558
vn 0.4820 -0.8445 0.2333
vn 0.6965 -0.6917 0.1911
vn 0.0074 -0.9853 0.1705
vn 0.2783 -0.9464 0.1638
vn 0.4820 -0.8633 0.1494
vn 0.6965 -0.7071 0.1224
vn 0.0074 -0.9973 0.0731
vn 0.2783 -0.9579 0.0702
vn 0.4820 -0.8738 0.0641
vn 0.6965 -0.7157 0.0525
vn 0.7166 -0.6973 -0.0174
vn 0.7166 -0.6922 -0.0857
vn 0.8757 -0.4792 -0.0593
vn 0.8514 -0.5241 -0.0192
vn 0.9239 -0.3797 -0.0470
vn 0.9238 -0.3819 -0.0283
vn 0.9875 -0.1570 -0.0117
vn 0.7166 -0.6805 -0.1531
vn 0.8757 -0.4711 -0.1060
vn 0.9239 -0.3732 -0.0840
vn 0.9875 -0.1551 -0.0270
vn 0.7166 -0.6622 -0.2191
vn 0.8757 -0.4584 -0.1517
vn 0.9239 -0.3632 -0.1202
vn 0.9875 -0.1517 -0.0421
vn 0.7166 -0.6375 -0.2830
vn 0.8757 -0.4414 -0.1959
vn 0.9239 -0.3497 -0.1552
vn 0.9875 -0.1468 -0.0567
vn 0.7166 -0.6067 -0.3440
vn 0.8757 -0.4200 -0.2382
vn 0.9239 -0.3327 -0.1887
vn 0.9875 -0.1406 -0.0708
vn 0.7166 -0.5701 -0.4019
vn 0.8757 -0.3946 -0.2782
vn 0.9239 -0.3126 -0.2204
vn 0.9875 -0.1330 -0.0843
vn 0.7166 -0.5280 -0.4558
vn 0.8757 -0.3655 -0.3156
vn 0.9239 -0.2896 -0.2500
vn 0.9875 -0.1241 -0.0969
vn 0.7166 -0.4807 -0.5054
vn 0.8757 -0.3328 -0.3499
vn 0.9239 -0.2637 -0.2772
vn 0.9875 -0.1139 -0.1086
vn 0.7166 -0.4289 -0.5501
vn 0.8757 -0.2969 -0.3808
vn 0.9239 -0.2352 -0.3017
vn 0.9875 -0.1027 -0.1192
vn 0.7166 -0.3729 -0.5895
vn 0.8757 -0.2581 -0.4081
vn 0.9239 -0.2045 -0.3233
vn 0.9875 -0.0906 -0.1287
vn 0.7166 -0.3133 -0.6231
vn 0.8757 -0.2169 -0.4314
vn 0.9239 -0.1718 -0.3418
vn 0.9875 -0.0775 -0.1370
vn 0.7166 -0.2507 -0.6509
vn 0.8757 -0.1736 -0.4506
vn 0.9239 -0.1375 -0.3570
vn 0.9875 -0.0637 -0.1439
vn 0.7166 -0.1857 -0.6723
vn 0.8757 -0.1286 -0.4654
vn 0.9239 -0.1019 -0.3687
vn 0.9875 -0.0493 -0.1495
vn 0.7166 -0.1189 -0.6873
vn 0.8757 -0.0823 -0.4758
vn 0.9239 -0.0652 -0.3770
vn 0.9875 -0.0344 -0.1536
vn 0.7166 -0.0510 -0.6956
vn 0.8757 -0.0353 -0.4817
vn 0.9239 -0.0280 -0.3815
vn 0.9875 -0.0192 -0.1562
vn 0.7166 0.0175 -0.6973
vn 0.8757 0.0121 -0.4828
vn 0.9239 0.0096 -0.3824
vn 0.9875 -0.0038 -0.1573
vn 0.7166 0.0857 -0.6922
vn 0.8757 0.0593 -0.4793
vn 0.9239 0.0470 -0.3796
vn 0.9875 0.0117 -0.1570
vn 0.7166 0.1531 -0.6805
vn 0.8757 0.1060 -0.4711
vn 0.9239 0.0840 -0.3732
vn 0.9875 0.0270 -0.1551
vn 0.7166 0.2191 -0.6622
vn 0.8757 0.1517 -0.4584
vn 0.9239 0.1202 -0.3632
vn 0.9875 0.0421 -0.1517
vn 0.7166 0.2830 -0.6375
vn 0.8757 0.1959 -0.4414
vn 0.9239 0.1552 -0.3496
vn 0.9875 0.0567 -0.1469
vn 0.7166 0.3441 -0.6067
vn 0.8757 0.2382 -0.4200
vn 0.9239 0.1887 -0.3328
vn 0.9875 0.0708 -0.1406
vn 0.7166 0.4019 -0.5701
vn 0.8757 0.2782 -0.3946
vn 0.9239 0.2204 -0.3127
vn 0.9875 0.0843 -0.1330
vn 0.7166 0.4558 -0.5279
vn 0.8757 0.3156 -0.3655
vn 0.9239 0.2500 -0.2896
vn 0.9875 0.0969 -0.1241
vn 0.7166 0.5054 -0.4807
vn 0.8757 0.3499 -0.3328
vn 0.9239 0.2772 -0.2637
vn 0.9875 0.1086 -0.1139
vn 0.7166 0.5501 -0.4289
vn 0.8757 0.3808 -0.2969
vn 0.9239 0.3017 -0.2352
vn 0.9875 0.1192 -0.1027
vn 0.7166 0.5894 -0.3729
vn 0.8757 0.4081 -0.2582
vn 0.9239 0.3233 -0.2045
vn 0.9875 0.1288 -0.0906
vn 0.7166 0.6232 -0.3133
vn 0.8757 0.4314 -0.2169
vn 0.9239 0.3418 -0.1718
vn 0.9875 0.1370 -0.0775
vn 0.7166 0.6509 -0.2507
vn 0.8757 0.4506 -0.1736
vn 0.9239 0.3570 -0.1375
vn 0.9875 0.1439 -0.0637
vn 0.7166 0.6723 -0.1857
vn 0.8757 0.4654 -0.1286
vn 0.9239 0.3688 -0.1019
vn 0.9875 0.1495 -0.0493
vn 0.7166 0.6873 -0.1189
vn 0.8757 0.4758 -0.0823
vn 0.9239 0.3770 -0.0652
vn 0.9875 0.1536 -0.0344
vn 0.7166 0.6956 -0.0510
vn 0.8757 0.4816 -0.0353
vn 0.9239 0.3815 -0.0280
vn 0.9875 0.1562 -0.0192
vn 0.7166 0.6973 0.0174
vn 0.8757 0.4827 0.0121
vn 0.9239 0.3824 0.0096
vn 0.9875 0.1574 -0.0038
vn 0.7166 0.6922 0.0857
vn 0.8757 0.4792 0.0593
vn 0.9239 0.3797 0.0470
vn 0.9875 0.1570 0.0117
vn 0.7166 0.6805 0.1531
vn 0.8757 0.4711 0.1060
vn 0.9239 0.3732 0.0840
vn 0.9875 0.1551 0.0270
vn 0.7166 0.6622 0.2191
vn 0.8757 0.4584 0.1517
vn 0.9239 0.3632 0.1202
vn 0.9875 0.1517 0.0421
vn 0.7166 0.6375 0.2829
vn 0.8757 0.4414 0.1959
vn 0.9239 0.3497 0.1552
vn 0.9875 0.1468 0.0567
vn 0.7166 0.6067 0.3441
vn 0.8757 0.4200 0.2382
vn 0.9239 0.3328 0.1887
vn 0.9875 0.1406 0.0708
vn 0.7166 0.5701 0.4019
vn 0.8757 0.3946 0.2782
vn 0.9239 0.3127 0.2204
vn 0.9875 0.1329 0.0843
vn 0.7166 0.5279 0.4558
vn 0.8757 0.3655 0.3156
vn 0.9239 0.2895 0.2500
vn 0.9875 0.1241 0.0969
vn 0.7166 0.4807 0.5054
vn 0.8757 0.3328 0.3499
vn 0.9239 0.2637 0.2772
vn 0.9875 0.1139 0.1086
vn 0.7166 0.4289 0.5501
vn 0.8757 0.2969 0.3808
vn 0.9239 0.2352 0.3017
vn 0.9875 0.1028 0.1192
vn 0.7166 0.3729 0.5895
vn 0.8757 0.2581 0.4081
vn 0.9239 0.2045 0.3233
vn 0.9875 0.0906 0.1287
vn 0.7166 0.3133 0.6232
vn 0.8757 0.2169 0.4314
vn 0.9239 0.1719 0.3418
vn 0.9875 0.0775 0.1370
vn 0.7166 0.2507 0.6509
vn 0.8757 0.1736 0.4506
vn 0.9239 0.1375 0.3570
vn 0.9875 0.0637 0.1440
vn 0.7166 0.1857 0.6723
vn 0.8757 0.1286 0.4654
vn 0.9239 0.1019 0.3688
vn 0.9875 0.0493 0.1495
vn 0.7166 0.1189 0.6873
vn 0.8757 0.0823 0.4758
vn 0.9239 0.0652 0.3769
vn 0.9875 0.0344 0.1536
vn 0.7166 0.0510 0.6956
vn 0.8757 0.0353 0.4815
vn 0.9239 0.0280 0.3815
vn 0.9875 0.0192 0.1563
vn 0.7166 -0.0174 0.6973
vn 0.8757 -0.0121 0.4827
vn 0.9239 -0.0096 0.3824
vn 0.9875 0.0038 0.1574
vn 0.7166 -0.0857 0.6922
vn 0.8757 -0.0593 0.4792
vn 0.9239 -0.0470 0.3796
vn 0.9875 -0.0117 0.1570
vn 0.7166 -0.1531 0.6805
vn 0.8757 -0.1060 0.4711
vn 0.9239 -0.0840 0.3732
vn 0.9875 -0.0270 0.1551
vn 0.7166 -0.2191 0.6622
vn 0.8757 -0.1517 0.4584
vn 0.9239 -0.1202 0.3632
vn 0.9875 -0.0421 0.1517
vn 0.7166 -0.2829 0.6375
vn 0.8757 -0.1959 0.4413
vn 0.9239 -0.1552 0.3497
vn 0.9875 -0.0567 0.1468
vn 0.7166 -0.3441 0.6067
vn 0.8757 -0.2382 0.4200
vn 0.9239 -0.1887 0.3328
vn 0.9875 -0.0708 0.1406
vn 0.7166 -0.4019 0.5701
vn 0.8757 -0.2782 0.3946
vn 0.9239 -0.2204 0.3127
vn 0.9875 -0.0843 0.1330
vn 0.7166 -0.4558 0.5279
vn 0.8757 -0.3156 0.3655
vn 0.9239 -0.2500 0.2895
vn 0.9875 -0.0969 0.1241
vn 0.7166 -0.5054 0.4807
vn 0.8757 -0.3499 0.3328
vn 0.9239 -0.2772 0.2637
vn 0.9875 -0.1086 0.1140
vn 0.7166 -0.5501 0.4289
vn 0.8757 -0.3808 0.2969
vn 0.9239 -0.3017 0.2352
vn 0.9875 -0.1192 0.1028
vn 0.7166 -0.5895 0.3729
vn 0.8757 -0.4081 0.2581
vn 0.9239 -0.3233 0.2045
vn 0.9875 -0.1288 0.0906
vn 0.7166 -0.6232 0.3133
vn 0.8757 -0.4314 0.2169
vn 0.9239 -0.3418 0.1718
vn 0.9875 -0.1370 0.0775
vn 0.7166 -0.6509 0.2507
vn 0.8757 -0.4506 0.1736
vn 0.9239 -0.3570 0.1375
vn 0.9875 -0.1439 0.0637
vn 0.7166 -0.6723 0.1857
vn 0.8757 -0.4655 0.1286
vn 0.9239 -0.3688 0.1019
vn 0.9875 -0.1495 0.0493
vn 0.7166 -0.6873 0.1189
vn 0.8757 -0.4758 0.0823
vn 0.9239 -0.3770 0.0652
vn 0.9875 -0.1536 0.0344
vn 0.7166 -0.6956 0.0510
vn 0.8514 -0.5226 0.0444
vn 0.9238 -0.3801 0.0467
vn 0.9875 -0.1562 0.0192
vn 0.9875 -0.1574 0.0038
vn 0.9238 -0.3828 0.0092
vn -1.0000 -0.0000 -0.0000
vn 1.0000 -0.0000 -0.0000
vt 0.551405 0.433996
vt 0.547787 0.436413
vt 0.547512 0.435955
vt 0.551087 0.433567
vt 0.547127 0.435314
vt 0.550641 0.432966
vt 0.546797 0.434763
vt 0.550259 0.432450
vt 0.543126 0.436725
vt 0.543401 0.437306
vt 0.543721 0.437982
vt 0.543949 0.438465
vt 0.539280 0.438318
vt 0.539497 0.438923
vt 0.539749 0.439627
vt 0.539929 0.440130
vt 0.535297 0.439527
vt 0.535453 0.440150
vt 0.535635 0.440875
vt 0.535764 0.441393
vt 0.531214 0.440339
vt 0.531308 0.440974
vt 0.531418 0.441714
vt 0.531496 0.442242
vt 0.527072 0.440747
vt 0.527103 0.441388
vt 0.527140 0.442135
vt 0.527166 0.442669
vt 0.522909 0.440747
vt 0.522877 0.441388
vt 0.522840 0.442135
vt 0.522814 0.442669
vt 0.518766 0.440339
vt 0.518672 0.440974
vt 0.518562 0.441714
vt 0.518484 0.442242
vt 0.514683 0.439527
vt 0.514527 0.440150
vt 0.514346 0.440875
vt 0.514216 0.441393
vt 0.510699 0.438318
vt 0.510483 0.438923
vt 0.510231 0.439627
vt 0.510051 0.440130
vt 0.506855 0.436725
vt 0.506579 0.437306
vt 0.506260 0.437982
vt 0.506031 0.438465
vt 0.503182 0.434763
vt 0.502852 0.435314
vt 0.502468 0.435955
vt 0.502193 0.436413
vt 0.499722 0.432450
vt 0.499339 0.432966
vt 0.498893 0.433567
vt 0.498575 0.433996
vt 0.496504 0.429810
vt 0.496072 0.430285
vt 0.495570 0.430839
vt 0.495211 0.431235
vt 0.493560 0.426866
vt 0.493084 0.427297
vt 0.492530 0.427799
vt 0.492134 0.428158
vt 0.490919 0.423648
vt 0.490403 0.424031
vt 0.489803 0.424476
vt 0.489374 0.424794
vt 0.488607 0.420187
vt 0.488056 0.420517
vt 0.487415 0.420901
vt 0.486956 0.421176
vt 0.486644 0.416515
vt 0.486064 0.416790
vt 0.485388 0.417110
vt 0.484905 0.417338
vt 0.485051 0.412670
vt 0.484446 0.412886
vt 0.483743 0.413138
vt 0.483239 0.413318
vt 0.483843 0.408687
vt 0.483220 0.408843
vt 0.482495 0.409024
vt 0.481976 0.409154
vt 0.483031 0.404603
vt 0.482395 0.404697
vt 0.481656 0.404807
vt 0.481127 0.404886
vt 0.482623 0.400461
vt 0.481981 0.400492
vt 0.481234 0.400529
vt 0.480701 0.400555
vt 0.482623 0.396298
vt 0.481981 0.396266
vt 0.481235 0.396230
vt 0.480701 0.396204
vt 0.483031 0.392155
vt 0.482395 0.392061
vt 0.481656 0.391951
vt 0.481127 0.391873
vt 0.483843 0.388073
vt 0.483220 0.387916
vt 0.482495 0.387735
vt 0.481976 0.387605
vt 0.485051 0.384089
vt 0.484446 0.383873
vt 0.483743 0.383621
vt 0.483240 0.383441
vt 0.486644 0.380243
vt 0.486064 0.379969
vt 0.485388 0.379649
vt 0.484905 0.379421
vt 0.488607 0.376572
vt 0.488056 0.376242
vt 0.487414 0.375858
vt 0.486956 0.375583
vt 0.490919 0.373111
vt 0.490403 0.372728
vt 0.489803 0.372283
vt 0.489374 0.371964
vt 0.493560 0.369893
vt 0.493084 0.369462
vt 0.492530 0.368960
vt 0.492134 0.368601
vt 0.496504 0.366949
vt 0.496072 0.366474
vt 0.495570 0.365920
vt 0.495211 0.365524
vt 0.499722 0.364309
vt 0.499339 0.363793
vt 0.498893 0.363192
vt 0.498575 0.362763
vt 0.503183 0.361996
vt 0.502852 0.361445
vt 0.502468 0.360804
vt 0.502193 0.360345
vt 0.506854 0.360034
vt 0.506579 0.359453
vt 0.506260 0.358777
vt 0.506031 0.358294
vt 0.510700 0.358441
vt 0.510483 0.357836
vt 0.510232 0.357132
vt 0.510052 0.356629
vt 0.514683 0.357232
vt 0.514527 0.356609
vt 0.514346 0.355884
vt 0.514216 0.355366
vt 0.518766 0.356420
vt 0.518672 0.355785
vt 0.518562 0.355045
vt 0.518484 0.354517
vt 0.522909 0.356012
vt 0.522877 0.355371
vt 0.522840 0.354624
vt 0.522814 0.354090
vt 0.527072 0.356012
vt 0.527103 0.355371
vt 0.527140 0.354624
vt 0.527166 0.354090
vt 0.531214 0.356420
vt 0.531309 0.355785
vt 0.531418 0.355045
vt 0.531496 0.354517
vt 0.535297 0.357232
vt 0.535453 0.356609
vt 0.535635 0.355884
vt 0.535764 0.355366
vt 0.539281 0.358441
vt 0.539497 0.357836
vt 0.539749 0.357132
vt 0.539929 0.356629
vt 0.543126 0.360034
vt 0.543401 0.359453
vt 0.543721 0.358777
vt 0.543949 0.358294
vt 0.546798 0.361996
vt 0.547128 0.361445
vt 0.547512 0.360804
vt 0.547787 0.360345
vt 0.550259 0.364308
vt 0.550641 0.363793
vt 0.551087 0.363192
vt 0.551405 0.362763
vt 0.553476 0.366949
vt 0.553908 0.366473
vt 0.554410 0.365920
vt 0.554769 0.365524
vt 0.556420 0.369893
vt 0.556896 0.369462
vt 0.557450 0.368960
vt 0.557846 0.368601
vt 0.559061 0.373111
vt 0.559577 0.372728
vt 0.560177 0.372283
vt 0.560606 0.371965
vt 0.561374 0.376572
vt 0.561925 0.376242
vt 0.562566 0.375857
vt 0.563024 0.375583
vt 0.563336 0.380243
vt 0.563917 0.379969
vt 0.564592 0.379649
vt 0.565075 0.379421
vt 0.564929 0.384089
vt 0.565534 0.383873
vt 0.566238 0.383621
vt 0.566741 0.383441
vt 0.566137 0.388072
vt 0.566760 0.387916
vt 0.567485 0.387735
vt 0.568004 0.387605
vt 0.566950 0.392156
vt 0.567585 0.392061
vt 0.568324 0.391951
vt 0.568853 0.391873
vt 0.567357 0.396298
vt 0.567999 0.396266
vt 0.568746 0.396230
vt 0.569279 0.396204
vt 0.567357 0.400461
vt 0.567999 0.400492
vt 0.568745 0.400529
vt 0.569279 0.400555
vt 0.566949 0.404603
vt 0.567585 0.404698
vt 0.568324 0.404807
vt 0.568853 0.404886
vt 0.566137 0.408686
vt 0.566760 0.408842
vt 0.567486 0.409024
vt 0.568004 0.409154
vt 0.564929 0.412670
vt 0.565534 0.412886
vt 0.566237 0.413138
vt 0.566741 0.413318
vt 0.563336 0.416516
vt 0.563916 0.416790
vt 0.564592 0.417110
vt 0.565075 0.417338
vt 0.561374 0.420187
vt 0.561925 0.420517
vt 0.562566 0.420901
vt 0.563024 0.421176
vt 0.559061 0.423648
vt 0.559577 0.424031
vt 0.560177 0.424476
vt 0.560606 0.424794
vt 0.556420 0.426866
vt 0.556896 0.427297
vt 0.557450 0.427799
vt 0.557846 0.428158
vt 0.553477 0.429809
vt 0.553908 0.430285
vt 0.554410 0.430839
vt 0.554769 0.431235
vt 0.553043 0.436204
vt 0.556615 0.433272
vt 0.557201 0.433919
vt 0.553562 0.436905
vt 0.653696 0.539825
vt 0.653696 0.535118
vt 0.654142 0.535118
vt 0.654142 0.539826
vt 0.654745 0.535118
vt 0.654745 0.539825
vt 0.559883 0.430004
vt 0.560529 0.430590
vt 0.653696 0.530434
vt 0.654143 0.530434
vt 0.654745 0.530434
vt 0.562815 0.426432
vt 0.563516 0.426952
vt 0.653696 0.525817
vt 0.654142 0.525817
vt 0.654745 0.525817
vt 0.565382 0.422590
vt 0.566131 0.423038
vt 0.653696 0.521313
vt 0.654142 0.521313
vt 0.654745 0.521313
vt 0.567561 0.418514
vt 0.568350 0.418887
vt 0.653696 0.516964
vt 0.654142 0.516964
vt 0.654745 0.516964
vt 0.569329 0.414244
vt 0.570151 0.414538
vt 0.653696 0.512813
vt 0.654142 0.512813
vt 0.654745 0.512812
vt 0.570671 0.409822
vt 0.571517 0.410034
vt 0.653696 0.508899
vt 0.654142 0.508899
vt 0.654745 0.508899
vt 0.571572 0.405289
vt 0.572436 0.405417
vt 0.653696 0.505277
vt 0.654142 0.505264
vt 0.654745 0.505260
vt 0.572025 0.400690
vt 0.572897 0.400733
vt 0.653696 0.723913
vt 0.653696 0.720291
vt 0.654142 0.720291
vt 0.654142 0.723925
vt 0.654745 0.720291
vt 0.654745 0.723930
vt 0.572025 0.396069
vt 0.572897 0.396026
vt 0.653696 0.716377
vt 0.654142 0.716377
vt 0.654745 0.716377
vt 0.571572 0.391470
vt 0.572435 0.391342
vt 0.653696 0.712225
vt 0.654142 0.712226
vt 0.654745 0.712226
vt 0.570671 0.386937
vt 0.571517 0.386725
vt 0.653696 0.707877
vt 0.654142 0.707877
vt 0.654745 0.707877
vt 0.569329 0.382515
vt 0.570151 0.382221
vt 0.653696 0.703372
vt 0.654142 0.703373
vt 0.654745 0.703373
vt 0.567561 0.378245
vt 0.568350 0.377872
vt 0.653696 0.698756
vt 0.654142 0.698756
vt 0.654745 0.698756
vt 0.565382 0.374169
vt 0.566131 0.373721
vt 0.653696 0.694071
vt 0.654142 0.694071
vt 0.654745 0.694072
vt 0.562815 0.370327
vt 0.563516 0.369807
vt 0.653696 0.689364
vt 0.654142 0.689364
vt 0.654745 0.689364
vt 0.559883 0.366755
vt 0.560530 0.366168
vt 0.653696 0.684680
vt 0.654142 0.684680
vt 0.654745 0.684680
vt 0.556615 0.363487
vt 0.557201 0.362840
vt 0.653696 0.680064
vt 0.654142 0.680063
vt 0.654745 0.680063
vt 0.553043 0.360555
vt 0.553563 0.359854
vt 0.653696 0.675559
vt 0.654142 0.675559
vt 0.654745 0.675559
vt 0.549200 0.357987
vt 0.549649 0.357239
vt 0.653696 0.671211
vt 0.654142 0.671210
vt 0.654745 0.671210
vt 0.545124 0.355809
vt 0.545498 0.355020
vt 0.653696 0.667059
vt 0.654142 0.667059
vt 0.654745 0.667059
vt 0.540855 0.354040
vt 0.541149 0.353219
vt 0.653696 0.663146
vt 0.654142 0.663145
vt 0.654745 0.663145
vt 0.536433 0.352699
vt 0.536645 0.351852
vt 0.653696 0.659507
vt 0.654142 0.659506
vt 0.654745 0.659506
vt 0.531900 0.351797
vt 0.532028 0.350934
vt 0.653696 0.656193
vt 0.654142 0.656182
vt 0.654745 0.656178
vt 0.527301 0.351344
vt 0.527344 0.350473
vt 0.674681 0.580736
vt 0.674681 0.584358
vt 0.674234 0.584358
vt 0.674234 0.580723
vt 0.673632 0.584358
vt 0.673632 0.580719
vt 0.522679 0.351344
vt 0.522637 0.350473
vt 0.674681 0.588272
vt 0.674234 0.588272
vt 0.673632 0.588271
vt 0.518080 0.351797
vt 0.517952 0.350934
vt 0.674681 0.592423
vt 0.674234 0.592423
vt 0.673632 0.592423
vt 0.513548 0.352699
vt 0.513336 0.351852
vt 0.674681 0.596772
vt 0.674234 0.596772
vt 0.673632 0.596772
vt 0.509125 0.354040
vt 0.508831 0.353219
vt 0.674681 0.601276
vt 0.674234 0.601276
vt 0.673632 0.601276
vt 0.504856 0.355809
vt 0.504483 0.355020
vt 0.674681 0.605893
vt 0.674234 0.605893
vt 0.673632 0.605893
vt 0.500780 0.357987
vt 0.500331 0.357239
vt 0.674681 0.610577
vt 0.674234 0.610577
vt 0.673632 0.610577
vt 0.496937 0.360555
vt 0.496418 0.359854
vt 0.674681 0.615284
vt 0.674234 0.615285
vt 0.673632 0.615284
vt 0.493365 0.363487
vt 0.492779 0.362840
vt 0.674681 0.619969
vt 0.674234 0.619969
vt 0.673632 0.619969
vt 0.490097 0.366754
vt 0.489451 0.366168
vt 0.674681 0.624585
vt 0.674234 0.624586
vt 0.673632 0.624586
vt 0.487166 0.370327
vt 0.486465 0.369807
vt 0.674681 0.629090
vt 0.674234 0.629090
vt 0.673632 0.629090
vt 0.484598 0.374169
vt 0.483850 0.373721
vt 0.674681 0.633438
vt 0.674234 0.633439
vt 0.673632 0.633439
vt 0.482419 0.378245
vt 0.481631 0.377872
vt 0.674681 0.637590
vt 0.674234 0.637590
vt 0.673632 0.637590
vt 0.480651 0.382515
vt 0.479829 0.382221
vt 0.674681 0.641503
vt 0.674234 0.641504
vt 0.673632 0.641504
vt 0.479309 0.386937
vt 0.478463 0.386725
vt 0.674681 0.645142
vt 0.674234 0.645142
vt 0.673632 0.645143
vt 0.478408 0.391470
vt 0.477545 0.391342
vt 0.674681 0.648456
vt 0.674234 0.648467
vt 0.673632 0.648471
vt 0.477955 0.396069
vt 0.477083 0.396026
vt 0.653696 0.799374
vt 0.653696 0.796060
vt 0.654142 0.796060
vt 0.654142 0.799385
vt 0.654745 0.796060
vt 0.654745 0.799389
vt 0.477955 0.400690
vt 0.477083 0.400733
vt 0.653696 0.792421
vt 0.654142 0.792421
vt 0.654745 0.792422
vt 0.478408 0.405289
vt 0.477545 0.405417
vt 0.653696 0.788507
vt 0.654142 0.788508
vt 0.654745 0.788508
vt 0.479309 0.409822
vt 0.478463 0.410034
vt 0.653696 0.784356
vt 0.654142 0.784356
vt 0.654745 0.784356
vt 0.480651 0.414244
vt 0.479829 0.414538
vt 0.653696 0.780007
vt 0.654142 0.780007
vt 0.654745 0.780008
vt 0.482419 0.418514
vt 0.481631 0.418887
vt 0.653696 0.775503
vt 0.654142 0.775503
vt 0.654745 0.775503
vt 0.484598 0.422589
vt 0.483849 0.423038
vt 0.653696 0.770886
vt 0.654142 0.770887
vt 0.654745 0.770886
vt 0.487166 0.426432
vt 0.486465 0.426952
vt 0.653696 0.766202
vt 0.654142 0.766202
vt 0.654745 0.766202
vt 0.490097 0.430004
vt 0.489451 0.430590
vt 0.653696 0.761495
vt 0.654142 0.761495
vt 0.654745 0.761495
vt 0.493365 0.433272
vt 0.492779 0.433919
vt 0.653696 0.756811
vt 0.654142 0.756810
vt 0.654745 0.756810
vt 0.496937 0.436204
vt 0.496418 0.436905
vt 0.653696 0.752194
vt 0.654142 0.752194
vt 0.654745 0.752194
vt 0.500780 0.438772
vt 0.500331 0.439520
vt 0.653696 0.747690
vt 0.654142 0.747689
vt 0.654745 0.747689
vt 0.504856 0.440950
vt 0.504483 0.441739
vt 0.653696 0.743341
vt 0.654142 0.743341
vt 0.654745 0.743340
vt 0.509125 0.442718
vt 0.508831 0.443540
vt 0.653696 0.739190
vt 0.654142 0.739189
vt 0.654745 0.739189
vt 0.513548 0.444060
vt 0.513336 0.444907
vt 0.653696 0.735276
vt 0.654142 0.735276
vt 0.654745 0.735275
vt 0.518080 0.444962
vt 0.517952 0.445825
vt 0.653696 0.731653
vt 0.654142 0.731641
vt 0.654745 0.731637
vt 0.522679 0.445415
vt 0.522636 0.446286
vt 0.653696 0.572997
vt 0.653696 0.569683
vt 0.654142 0.569684
vt 0.654142 0.573008
vt 0.654745 0.569684
vt 0.654745 0.573012
vt 0.527301 0.445415
vt 0.527344 0.446286
vt 0.653696 0.566044
vt 0.654142 0.566045
vt 0.654745 0.566045
vt 0.531900 0.444962
vt 0.532028 0.445825
vt 0.653696 0.562131
vt 0.654142 0.562131
vt 0.654745 0.562131
vt 0.536432 0.444060
vt 0.536645 0.444907
vt 0.653696 0.557979
vt 0.654142 0.557980
vt 0.654745 0.557980
vt 0.540855 0.442719
vt 0.541149 0.443540
vt 0.653696 0.553631
vt 0.654142 0.553631
vt 0.654745 0.553631
vt 0.545124 0.440950
vt 0.545498 0.441739
vt 0.653696 0.549126
vt 0.654143 0.549127
vt 0.654745 0.549127
vt 0.549200 0.438772
vt 0.549649 0.439520
vt 0.653696 0.544510
vt 0.654142 0.544510
vt 0.654745 0.544510
vt 0.667636 0.539825
vt 0.667636 0.535118
vt 0.668260 0.535118
vt 0.668260 0.539825
vt 0.668886 0.535124
vt 0.668886 0.539819
vt 0.669428 0.535155
vt 0.669428 0.539789
vt 0.667636 0.530434
vt 0.668260 0.530434
vt 0.668685 0.530434
vt 0.500316 0.335988
vt 0.496418 0.333382
vt 0.496859 0.332787
vt 0.500713 0.335362
vt 0.667636 0.525817
vt 0.668260 0.525817
vt 0.668685 0.525817
vt 0.492779 0.330396
vt 0.493277 0.329847
vt 0.667636 0.521313
vt 0.668260 0.521313
vt 0.668685 0.521313
vt 0.489451 0.327068
vt 0.490000 0.326570
vt 0.667636 0.516964
vt 0.668260 0.516964
vt 0.668685 0.516964
vt 0.486465 0.323429
vt 0.487060 0.322988
vt 0.667636 0.512812
vt 0.668260 0.512813
vt 0.668685 0.512813
vt 0.483849 0.319516
vt 0.484485 0.319134
vt 0.667636 0.508899
vt 0.668260 0.508899
vt 0.668685 0.508899
vt 0.481631 0.315364
vt 0.482301 0.315047
vt 0.667636 0.505260
vt 0.668260 0.505264
vt 0.668685 0.505274
vt 0.479829 0.311016
vt 0.480527 0.310766
vt 0.667636 0.723930
vt 0.667636 0.720291
vt 0.668260 0.720291
vt 0.668260 0.723926
vt 0.668685 0.720291
vt 0.668685 0.723916
vt 0.478463 0.306511
vt 0.479182 0.306331
vt 0.667636 0.716377
vt 0.668260 0.716377
vt 0.668685 0.716377
vt 0.477544 0.301895
vt 0.478278 0.301786
vt 0.667636 0.712226
vt 0.668260 0.712226
vt 0.668685 0.712226
vt 0.477083 0.297210
vt 0.477824 0.297174
vt 0.667636 0.707877
vt 0.668260 0.707877
vt 0.668685 0.707877
vt 0.477083 0.292503
vt 0.477824 0.292540
vt 0.667636 0.703373
vt 0.668260 0.703373
vt 0.668685 0.703373
vt 0.477544 0.287819
vt 0.478278 0.287928
vt 0.667636 0.698756
vt 0.668260 0.698756
vt 0.668685 0.698756
vt 0.478463 0.283202
vt 0.479182 0.283382
vt 0.667636 0.694072
vt 0.668260 0.694071
vt 0.668886 0.694066
vt 0.479823 0.278715
vt 0.480527 0.278948
vt 0.667636 0.689364
vt 0.668260 0.689364
vt 0.668886 0.689371
vt 0.669428 0.689401
vt 0.669428 0.694035
vt 0.667636 0.684680
vt 0.668260 0.684680
vt 0.668685 0.684680
vt 0.481638 0.274333
vt 0.483849 0.270198
vt 0.484485 0.270579
vt 0.482301 0.274666
vt 0.667636 0.680063
vt 0.668260 0.680063
vt 0.668685 0.680063
vt 0.486464 0.266284
vt 0.487060 0.266726
vt 0.667636 0.675559
vt 0.668260 0.675559
vt 0.668685 0.675559
vt 0.489450 0.262646
vt 0.490000 0.263144
vt 0.667636 0.671210
vt 0.668260 0.671210
vt 0.668685 0.671210
vt 0.492779 0.259317
vt 0.493277 0.259867
vt 0.667636 0.667059
vt 0.668260 0.667059
vt 0.668685 0.667059
vt 0.496417 0.256331
vt 0.496859 0.256927
vt 0.667636 0.663145
vt 0.668260 0.663145
vt 0.668685 0.663145
vt 0.500331 0.253716
vt 0.500712 0.254352
vt 0.667636 0.659506
vt 0.668260 0.659506
vt 0.668685 0.659507
vt 0.504482 0.251497
vt 0.504799 0.252167
vt 0.667636 0.656178
vt 0.668260 0.656181
vt 0.668685 0.656191
vt 0.508831 0.249696
vt 0.509081 0.250394
vt 0.660741 0.580719
vt 0.660741 0.584358
vt 0.660117 0.584358
vt 0.660117 0.580723
vt 0.659692 0.584358
vt 0.659692 0.580733
vt 0.513335 0.248329
vt 0.513516 0.249049
vt 0.660741 0.588271
vt 0.660117 0.588272
vt 0.659692 0.588272
vt 0.517952 0.247411
vt 0.518061 0.248145
vt 0.660741 0.592423
vt 0.660117 0.592423
vt 0.659692 0.592423
vt 0.522636 0.246950
vt 0.522673 0.247690
vt 0.660741 0.596772
vt 0.660117 0.596772
vt 0.659692 0.596772
vt 0.527343 0.246950
vt 0.527307 0.247690
vt 0.660741 0.601276
vt 0.660117 0.601276
vt 0.659692 0.601276
vt 0.532028 0.247411
vt 0.531919 0.248144
vt 0.660741 0.605893
vt 0.660117 0.605893
vt 0.659692 0.605893
vt 0.536644 0.248329
vt 0.536464 0.249049
vt 0.660741 0.610577
vt 0.660117 0.610577
vt 0.659491 0.610583
vt 0.541132 0.249690
vt 0.540899 0.250394
vt 0.660741 0.615284
vt 0.660117 0.615284
vt 0.659491 0.615278
vt 0.658949 0.615248
vt 0.658949 0.610614
vt 0.660741 0.619969
vt 0.660117 0.619969
vt 0.659692 0.619969
vt 0.545514 0.251505
vt 0.549649 0.253716
vt 0.549268 0.254352
vt 0.545181 0.252167
vt 0.660741 0.624586
vt 0.660117 0.624586
vt 0.659692 0.624585
vt 0.553563 0.256331
vt 0.553121 0.256927
vt 0.660741 0.629090
vt 0.660117 0.629090
vt 0.659692 0.629090
vt 0.557201 0.259317
vt 0.556703 0.259866
vt 0.660741 0.633439
vt 0.660117 0.633439
vt 0.659692 0.633438
vt 0.560530 0.262645
vt 0.559980 0.263143
vt 0.660741 0.637590
vt 0.660117 0.637590
vt 0.659692 0.637590
vt 0.563516 0.266284
vt 0.562920 0.266726
vt 0.660741 0.641504
vt 0.660117 0.641504
vt 0.659692 0.641503
vt 0.566131 0.270198
vt 0.565495 0.270579
vt 0.660741 0.645143
vt 0.660117 0.645142
vt 0.659692 0.645142
vt 0.568350 0.274349
vt 0.567679 0.274666
vt 0.660741 0.648471
vt 0.660117 0.648468
vt 0.659692 0.648458
vt 0.570151 0.278698
vt 0.569453 0.278948
vt 0.667636 0.799389
vt 0.667636 0.796060
vt 0.668260 0.796060
vt 0.668260 0.799385
vt 0.668685 0.796060
vt 0.668685 0.799376
vt 0.571517 0.283202
vt 0.570798 0.283382
vt 0.667636 0.792422
vt 0.668260 0.792421
vt 0.668685 0.792421
vt 0.572436 0.287819
vt 0.571702 0.287927
vt 0.667636 0.788508
vt 0.668260 0.788508
vt 0.668685 0.788507
vt 0.572897 0.292503
vt 0.572156 0.292539
vt 0.667636 0.784356
vt 0.668260 0.784356
vt 0.668685 0.784356
vt 0.572897 0.297210
vt 0.572157 0.297174
vt 0.667636 0.780008
vt 0.668260 0.780007
vt 0.668685 0.780007
vt 0.572436 0.301894
vt 0.571702 0.301786
vt 0.667636 0.775503
vt 0.668260 0.775503
vt 0.668685 0.775503
vt 0.571517 0.306511
vt 0.570798 0.306331
vt 0.667636 0.770886
vt 0.668260 0.770886
vt 0.668685 0.770886
vt 0.570151 0.311015
vt 0.569453 0.310766
vt 0.667636 0.766202
vt 0.668260 0.766202
vt 0.668886 0.766196
vt 0.568358 0.315348
vt 0.567679 0.315047
vt 0.667636 0.761495
vt 0.668260 0.761495
vt 0.668886 0.761501
vt 0.669428 0.761531
vt 0.669428 0.766166
vt 0.667636 0.756810
vt 0.668260 0.756810
vt 0.668685 0.756811
vt 0.566122 0.319531
vt 0.563516 0.323429
vt 0.562920 0.322987
vt 0.565495 0.319134
vt 0.667636 0.752194
vt 0.668260 0.752194
vt 0.668685 0.752194
vt 0.560530 0.327068
vt 0.559980 0.326570
vt 0.667636 0.747689
vt 0.668260 0.747689
vt 0.668685 0.747690
vt 0.557201 0.330396
vt 0.556703 0.329847
vt 0.667636 0.743340
vt 0.668260 0.743341
vt 0.668685 0.743341
vt 0.553563 0.333382
vt 0.553121 0.332787
vt 0.667636 0.739189
vt 0.668260 0.739189
vt 0.668685 0.739190
vt 0.549649 0.335997
vt 0.549268 0.335361
vt 0.667636 0.735275
vt 0.668260 0.735275
vt 0.668685 0.735276
vt 0.545498 0.338216
vt 0.545181 0.337546
vt 0.667636 0.731637
vt 0.668260 0.731641
vt 0.668685 0.731651
vt 0.541149 0.340018
vt 0.540899 0.339319
vt 0.667636 0.573012
vt 0.667636 0.569684
vt 0.668260 0.569683
vt 0.668260 0.573009
vt 0.668685 0.569683
vt 0.668685 0.572999
vt 0.536645 0.341384
vt 0.536465 0.340665
vt 0.667636 0.566045
vt 0.668260 0.566045
vt 0.668685 0.566044
vt 0.532028 0.342302
vt 0.531919 0.341569
vt 0.667636 0.562131
vt 0.668260 0.562131
vt 0.668685 0.562131
vt 0.527344 0.342764
vt 0.527307 0.342023
vt 0.667636 0.557980
vt 0.668260 0.557980
vt 0.668685 0.557979
vt 0.522637 0.342764
vt 0.522673 0.342023
vt 0.667636 0.553631
vt 0.668260 0.553631
vt 0.668685 0.553631
vt 0.517952 0.342302
vt 0.518061 0.341569
vt 0.667636 0.549127
vt 0.668260 0.549127
vt 0.668685 0.549126
vt 0.513336 0.341384
vt 0.513516 0.340665
vt 0.667636 0.544510
vt 0.668260 0.544510
vt 0.668685 0.544510
vt 0.508832 0.340018
vt 0.509081 0.339320
vt 0.504800 0.337546
vt 0.504499 0.338224
vt 0.673939 0.539568
vt 0.673939 0.535376
vt 0.674380 0.535401
vt 0.674380 0.539543
vt 0.674681 0.535433
vt 0.674681 0.539510
vt 0.507161 0.332537
vt 0.503565 0.330615
vt 0.503953 0.329954
vt 0.507495 0.331847
vt 0.503032 0.331492
vt 0.499546 0.329164
vt 0.499810 0.328809
vt 0.503256 0.331112
vt 0.500242 0.328225
vt 0.500615 0.327724
vt 0.496306 0.326505
vt 0.496603 0.326177
vt 0.497091 0.325639
vt 0.497510 0.325176
vt 0.493342 0.323541
vt 0.493670 0.323244
vt 0.494208 0.322756
vt 0.494671 0.322337
vt 0.490683 0.320301
vt 0.491038 0.320037
vt 0.491622 0.319605
vt 0.492123 0.319233
vt 0.488355 0.316815
vt 0.488733 0.316588
vt 0.489356 0.316215
vt 0.489892 0.315894
vt 0.486379 0.313119
vt 0.486778 0.312930
vt 0.487435 0.312619
vt 0.487999 0.312352
vt 0.484775 0.309246
vt 0.485190 0.309097
vt 0.485874 0.308853
vt 0.486463 0.308642
vt 0.483558 0.305235
vt 0.483986 0.305128
vt 0.484691 0.304951
vt 0.485297 0.304799
vt 0.482740 0.301124
vt 0.483177 0.301059
vt 0.483896 0.300953
vt 0.484514 0.300861
vt 0.482329 0.296953
vt 0.482770 0.296931
vt 0.483496 0.296895
vt 0.484120 0.296865
vt 0.482329 0.292761
vt 0.482770 0.292783
vt 0.483496 0.292818
vt 0.484120 0.292849
vt 0.482740 0.288590
vt 0.483177 0.288654
vt 0.483896 0.288761
vt 0.484513 0.288852
vt 0.483558 0.284479
vt 0.483986 0.284586
vt 0.484691 0.284762
vt 0.485297 0.284914
vt 0.484774 0.280467
vt 0.485189 0.280619
vt 0.485743 0.280807
vt 0.486463 0.281071
vt 0.673939 0.693814
vt 0.673939 0.689622
vt 0.674380 0.689647
vt 0.674380 0.693789
vt 0.674681 0.689680
vt 0.674681 0.693756
vt 0.487303 0.277040
vt 0.487999 0.277361
vt 0.486378 0.276595
vt 0.488354 0.272898
vt 0.488733 0.273125
vt 0.486779 0.276781
vt 0.489356 0.273499
vt 0.489892 0.273820
vt 0.490683 0.269413
vt 0.491038 0.269676
vt 0.491621 0.270109
vt 0.492123 0.270481
vt 0.493342 0.266173
vt 0.493669 0.266470
vt 0.494208 0.266958
vt 0.494670 0.267377
vt 0.496306 0.263209
vt 0.496603 0.263536
vt 0.497091 0.264075
vt 0.497510 0.264537
vt 0.499546 0.260550
vt 0.499809 0.260905
vt 0.500242 0.261488
vt 0.500615 0.261990
vt 0.503031 0.258221
vt 0.503258 0.258600
vt 0.503632 0.259223
vt 0.503953 0.259759
vt 0.506728 0.256245
vt 0.506917 0.256644
vt 0.507227 0.257301
vt 0.507495 0.257866
vt 0.510601 0.254641
vt 0.510749 0.255057
vt 0.510994 0.255741
vt 0.511205 0.256329
vt 0.514612 0.253424
vt 0.514719 0.253853
vt 0.514896 0.254558
vt 0.515047 0.255164
vt 0.518723 0.252607
vt 0.518788 0.253044
vt 0.518894 0.253762
vt 0.518986 0.254380
vt 0.522894 0.252196
vt 0.522916 0.252637
vt 0.522952 0.253363
vt 0.522982 0.253987
vt 0.527086 0.252196
vt 0.527064 0.252637
vt 0.527028 0.253363
vt 0.526998 0.253986
vt 0.531257 0.252607
vt 0.531192 0.253044
vt 0.531086 0.253762
vt 0.530994 0.254380
vt 0.535368 0.253424
vt 0.535261 0.253853
vt 0.535084 0.254557
vt 0.534933 0.255163
vt 0.539379 0.254641
vt 0.539227 0.255056
vt 0.539040 0.255610
vt 0.538775 0.256329
vt 0.654438 0.610835
vt 0.654438 0.615027
vt 0.653997 0.615002
vt 0.653997 0.610860
vt 0.653696 0.614969
vt 0.653696 0.610892
vt 0.542807 0.257170
vt 0.542485 0.257866
vt 0.543252 0.256245
vt 0.546948 0.258221
vt 0.546721 0.258600
vt 0.543066 0.256646
vt 0.546348 0.259223
vt 0.546027 0.259759
vt 0.550434 0.260550
vt 0.550171 0.260904
vt 0.549738 0.261488
vt 0.549365 0.261990
vt 0.553674 0.263209
vt 0.553377 0.263536
vt 0.552889 0.264074
vt 0.552470 0.264537
vt 0.556638 0.266173
vt 0.556311 0.266469
vt 0.555772 0.266957
vt 0.555309 0.267377
vt 0.559297 0.269413
vt 0.558942 0.269676
vt 0.558359 0.270109
vt 0.557857 0.270481
vt 0.561626 0.272898
vt 0.561247 0.273125
vt 0.560624 0.273499
vt 0.560088 0.273820
vt 0.563601 0.276595
vt 0.563202 0.276783
vt 0.562545 0.277094
vt 0.561981 0.277361
vt 0.565206 0.280467
vt 0.564790 0.280616
vt 0.564106 0.280861
vt 0.563517 0.281071
vt 0.566422 0.284478
vt 0.565994 0.284586
vt 0.565289 0.284762
vt 0.564683 0.284914
vt 0.567240 0.288589
vt 0.566803 0.288654
vt 0.566084 0.288761
vt 0.565467 0.288853
vt 0.567651 0.292761
vt 0.567210 0.292782
vt 0.566484 0.292818
vt 0.565860 0.292848
vt 0.567651 0.296952
vt 0.567210 0.296931
vt 0.566484 0.296895
vt 0.565860 0.296864
vt 0.567240 0.301124
vt 0.566803 0.301059
vt 0.566085 0.300953
vt 0.565467 0.300861
vt 0.566422 0.305235
vt 0.565994 0.305127
vt 0.565289 0.304951
vt 0.564683 0.304799
vt 0.565206 0.309246
vt 0.564790 0.309097
vt 0.564106 0.308852
vt 0.563518 0.308642
vt 0.563602 0.313118
vt 0.563204 0.312927
vt 0.562671 0.312686
vt 0.561981 0.312352
vt 0.673939 0.765944
vt 0.673938 0.761753
vt 0.674380 0.761778
vt 0.674380 0.765919
vt 0.674681 0.761810
vt 0.674681 0.765887
vt 0.560749 0.316281
vt 0.560088 0.315893
vt 0.561626 0.316815
vt 0.559297 0.320300
vt 0.558942 0.320037
vt 0.561245 0.316591
vt 0.558359 0.319604
vt 0.557857 0.319232
vt 0.556638 0.323540
vt 0.556311 0.323244
vt 0.555773 0.322756
vt 0.555310 0.322336
vt 0.553674 0.326504
vt 0.553377 0.326177
vt 0.552890 0.325639
vt 0.552470 0.325176
vt 0.550434 0.329163
vt 0.550171 0.328809
vt 0.549738 0.328225
vt 0.549366 0.327724
vt 0.546949 0.331492
vt 0.546722 0.331113
vt 0.546348 0.330490
vt 0.546027 0.329954
vt 0.543252 0.333468
vt 0.543063 0.333069
vt 0.542753 0.332412
vt 0.542486 0.331847
vt 0.539380 0.335072
vt 0.539231 0.334656
vt 0.538986 0.333972
vt 0.538775 0.333384
vt 0.535368 0.336289
vt 0.535261 0.335861
vt 0.535085 0.335156
vt 0.534933 0.334550
vt 0.531257 0.337107
vt 0.531193 0.336670
vt 0.531086 0.335951
vt 0.530994 0.335333
vt 0.527086 0.337518
vt 0.527064 0.337076
vt 0.527029 0.336351
vt 0.526998 0.335727
vt 0.522895 0.337518
vt 0.522916 0.337076
vt 0.522952 0.336351
vt 0.522982 0.335727
vt 0.518723 0.337107
vt 0.518788 0.336670
vt 0.518895 0.335951
vt 0.518986 0.335333
vt 0.514612 0.336289
vt 0.514719 0.335861
vt 0.514896 0.335156
vt 0.515048 0.334550
vt 0.510601 0.335072
vt 0.510750 0.334656
vt 0.510994 0.333972
vt 0.511205 0.333384
vt 0.506920 0.333071
vt 0.506728 0.333468
s 1
usemtl 01_|_circular_ground_face
f 2865/3863/2873 3116/3864/2874 3118/3865/2875 2867/3866/2876
f 2867/3866/2876 3118/3865/2875 3119/3867/2877 2866/3868/2877
s 0
f 2866/3868/2878 3119/3867/2878 3117/3869/2878 2864/3870/2878
f 3113/3871/2879 3117/3869/2879 3119/3867/2879 3115/3872/2879
f 3115/3872/2880 3119/3867/2880 3118/3865/2880 3114/3873/2880
s 1
f 3114/3873/2881 3118/3865/2875 3116/3864/2874 3112/3874/2882
s 0
f 3109/3875/2883 3113/3871/2883 3115/3872/2883 3111/3876/2883
f 3111/3876/2884 3115/3872/2884 3114/3873/2884 3110/3877/2884
s 1
f 3110/3877/2885 3114/3873/2881 3112/3874/2882 3108/3878/2886
s 0
f 3105/3879/2887 3109/3875/2887 3111/3876/2887 3107/3880/2887
f 3107/3880/2888 3111/3876/2888 3110/3877/2888 3106/3881/2888
s 1
f 3106/3881/2889 3110/3877/2885 3108/3878/2886 3104/3882/2890
s 0
f 3101/3883/2891 3105/3879/2891 3107/3880/2891 3103/3884/2891
f 3103/3884/2892 3107/3880/2892 3106/3881/2892 3102/3885/2892
s 1
f 3102/3885/2893 3106/3881/2889 3104/3882/2890 3100/3886/2894
s 0
f 3097/3887/2895 3101/3883/2895 3103/3884/2895 3099/3888/2895
f 3099/3888/2896 3103/3884/2896 3102/3885/2896 3098/3889/2896
s 1
f 3098/3889/2897 3102/3885/2893 3100/3886/2894 3096/3890/2898
s 0
f 3093/3891/2899 3097/3887/2899 3099/3888/2899 3095/3892/2899
f 3095/3892/2900 3099/3888/2900 3098/3889/2900 3094/3893/2900
s 1
f 3094/3893/2901 3098/3889/2897 3096/3890/2898 3092/3894/2902
s 0
f 3089/3895/2903 3093/3891/2903 3095/3892/2903 3091/3896/2903
f 3091/3896/2904 3095/3892/2904 3094/3893/2904 3090/3897/2904
s 1
f 3090/3897/2905 3094/3893/2901 3092/3894/2902 3088/3898/2906
s 0
f 3085/3899/2907 3089/3895/2907 3091/3896/2907 3087/3900/2907
f 3087/3900/2908 3091/3896/2908 3090/3897/2908 3086/3901/2908
s 1
f 3086/3901/2909 3090/3897/2905 3088/3898/2906 3084/3902/2910
s 0
f 3081/3903/2911 3085/3899/2911 3087/3900/2911 3083/3904/2911
f 3083/3904/2912 3087/3900/2912 3086/3901/2912 3082/3905/2912
s 1
f 3082/3905/2913 3086/3901/2909 3084/3902/2910 3080/3906/2914
s 0
f 3077/3907/2915 3081/3903/2915 3083/3904/2915 3079/3908/2915
f 3079/3908/2916 3083/3904/2916 3082/3905/2916 3078/3909/2916
s 1
f 3078/3909/2917 3082/3905/2913 3080/3906/2914 3076/3910/2918
s 0
f 3073/3911/2919 3077/3907/2919 3079/3908/2919 3075/3912/2919
f 3075/3912/2920 3079/3908/2920 3078/3909/2920 3074/3913/2920
s 1
f 3074/3913/2921 3078/3909/2917 3076/3910/2918 3072/3914/2922
s 0
f 3069/3915/2923 3073/3911/2923 3075/3912/2923 3071/3916/2923
f 3071/3916/2924 3075/3912/2924 3074/3913/2924 3070/3917/2924
s 1
f 3070/3917/2925 3074/3913/2921 3072/3914/2922 3068/3918/2926
s 0
f 3065/3919/2927 3069/3915/2927 3071/3916/2927 3067/3920/2927
f 3067/3920/2928 3071/3916/2928 3070/3917/2928 3066/3921/2928
s 1
f 3066/3921/2929 3070/3917/2925 3068/3918/2926 3064/3922/2930
s 0
f 3061/3923/2931 3065/3919/2931 3067/3920/2931 3063/3924/2931
f 3063/3924/2932 3067/3920/2932 3066/3921/2932 3062/3925/2932
s 1
f 3062/3925/2933 3066/3921/2929 3064/3922/2930 3060/3926/2934
s 0
f 3057/3927/2935 3061/3923/2935 3063/3924/2935 3059/3928/2935
f 3059/3928/2936 3063/3924/2936 3062/3925/2936 3058/3929/2936
s 1
f 3058/3929/2937 3062/3925/2933 3060/3926/2934 3056/3930/2938
s 0
f 3053/3931/2939 3057/3927/2939 3059/3928/2939 3055/3932/2939
f 3055/3932/2940 3059/3928/2940 3058/3929/2940 3054/3933/2940
s 1
f 3054/3933/2941 3058/3929/2937 3056/3930/2938 3052/3934/2942
s 0
f 3049/3935/2943 3053/3931/2943 3055/3932/2943 3051/3936/2943
f 3051/3936/2944 3055/3932/2944 3054/3933/2944 3050/3937/2944
s 1
f 3050/3937/2945 3054/3933/2941 3052/3934/2942 3048/3938/2946
s 0
f 3045/3939/2947 3049/3935/2947 3051/3936/2947 3047/3940/2947
f 3047/3940/2948 3051/3936/2948 3050/3937/2948 3046/3941/2948
s 1
f 3046/3941/2949 3050/3937/2945 3048/3938/2946 3044/3942/2950
s 0
f 3041/3943/2951 3045/3939/2951 3047/3940/2951 3043/3944/2951
f 3043/3944/2952 3047/3940/2952 3046/3941/2952 3042/3945/2952
s 1
f 3042/3945/2953 3046/3941/2949 3044/3942/2950 3040/3946/2954
s 0
f 3037/3947/2955 3041/3943/2955 3043/3944/2955 3039/3948/2955
f 3039/3948/2956 3043/3944/2956 3042/3945/2956 3038/3949/2956
s 1
f 3038/3949/2957 3042/3945/2953 3040/3946/2954 3036/3950/2958
s 0
f 3033/3951/2959 3037/3947/2959 3039/3948/2959 3035/3952/2959
f 3035/3952/2960 3039/3948/2960 3038/3949/2960 3034/3953/2960
s 1
f 3034/3953/2961 3038/3949/2957 3036/3950/2958 3032/3954/2962
s 0
f 3029/3955/2963 3033/3951/2963 3035/3952/2963 3031/3956/2963
f 3031/3956/2964 3035/3952/2964 3034/3953/2964 3030/3957/2964
s 1
f 3030/3957/2965 3034/3953/2961 3032/3954/2962 3028/3958/2966
s 0
f 3025/3959/2967 3029/3955/2967 3031/3956/2967 3027/3960/2967
f 3027/3960/2968 3031/3956/2968 3030/3957/2968 3026/3961/2968
s 1
f 3026/3961/2969 3030/3957/2965 3028/3958/2966 3024/3962/2970
s 0
f 3021/3963/2971 3025/3959/2971 3027/3960/2971 3023/3964/2971
f 3023/3964/2972 3027/3960/2972 3026/3961/2972 3022/3965/2972
s 1
f 3022/3965/2973 3026/3961/2969 3024/3962/2970 3020/3966/2974
s 0
f 3017/3967/2975 3021/3963/2975 3023/3964/2975 3019/3968/2975
f 3019/3968/2976 3023/3964/2976 3022/3965/2976 3018/3969/2976
s 1
f 3018/3969/2977 3022/3965/2973 3020/3966/2974 3016/3970/2978
s 0
f 3013/3971/2979 3017/3967/2979 3019/3968/2979 3015/3972/2979
f 3015/3972/2980 3019/3968/2980 3018/3969/2980 3014/3973/2980
s 1
f 3014/3973/2981 3018/3969/2977 3016/3970/2978 3012/3974/2982
s 0
f 3009/3975/2983 3013/3971/2983 3015/3972/2983 3011/3976/2983
f 3011/3976/2984 3015/3972/2984 3014/3973/2984 3010/3977/2984
s 1
f 3010/3977/2985 3014/3973/2981 3012/3974/2982 3008/3978/2986
s 0
f 3005/3979/2987 3009/3975/2987 3011/3976/2987 3007/3980/2987
f 3007/3980/2988 3011/3976/2988 3010/3977/2988 3006/3981/2988
s 1
f 3006/3981/2989 3010/3977/2985 3008/3978/2986 3004/3982/2990
s 0
f 3001/3983/2991 3005/3979/2991 3007/3980/2991 3003/3984/2991
f 3003/3984/2992 3007/3980/2992 3006/3981/2992 3002/3985/2992
s 1
f 3002/3985/2993 3006/3981/2989 3004/3982/2990 3000/3986/2994
s 0
f 2997/3987/2995 3001/3983/2995 3003/3984/2995 2999/3988/2995
f 2999/3988/2996 3003/3984/2996 3002/3985/2996 2998/3989/2996
s 1
f 2998/3989/2997 3002/3985/2993 3000/3986/2994 2996/3990/2998
s 0
f 2993/3991/2999 2997/3987/2999 2999/3988/2999 2995/3992/2999
f 2995/3992/3000 2999/3988/3000 2998/3989/3000 2994/3993/3000
s 1
f 2994/3993/3001 2998/3989/2997 2996/3990/2998 2992/3994/3002
s 0
f 2989/3995/3003 2993/3991/3003 2995/3992/3003 2991/3996/3003
f 2991/3996/3004 2995/3992/3004 2994/3993/3004 2990/3997/3004
s 1
f 2990/3997/3005 2994/3993/3001 2992/3994/3002 2988/3998/3006
s 0
f 2985/3999/3007 2989/3995/3007 2991/3996/3007 2987/4000/3007
f 2987/4000/3008 2991/3996/3008 2990/3997/3008 2986/4001/3008
s 1
f 2986/4001/3009 2990/3997/3005 2988/3998/3006 2984/4002/3010
s 0
f 2981/4003/3011 2985/3999/3011 2987/4000/3011 2983/4004/3011
f 2983/4004/3012 2987/4000/3012 2986/4001/3012 2982/4005/3012
s 1
f 2982/4005/3013 2986/4001/3009 2984/4002/3010 2980/4006/3014
s 0
f 2977/4007/3015 2981/4003/3015 2983/4004/3015 2979/4008/3015
f 2979/4008/3016 2983/4004/3016 2982/4005/3016 2978/4009/3016
s 1
f 2978/4009/3017 2982/4005/3013 2980/4006/3014 2976/4010/3018
s 0
f 2973/4011/3019 2977/4007/3019 2979/4008/3019 2975/4012/3019
f 2975/4012/3020 2979/4008/3020 2978/4009/3020 2974/4013/3020
s 1
f 2974/4013/3021 2978/4009/3017 2976/4010/3018 2972/4014/3022
s 0
f 2969/4015/3023 2973/4011/3023 2975/4012/3023 2971/4016/3023
f 2971/4016/3024 2975/4012/3024 2974/4013/3024 2970/4017/3024
s 1
f 2970/4017/3025 2974/4013/3021 2972/4014/3022 2968/4018/3026
s 0
f 2965/4019/3027 2969/4015/3027 2971/4016/3027 2967/4020/3027
f 2967/4020/3028 2971/4016/3028 2970/4017/3028 2966/4021/3028
s 1
f 2966/4021/3029 2970/4017/3025 2968/4018/3026 2964/4022/3030
s 0
f 2961/4023/3031 2965/4019/3031 2967/4020/3031 2963/4024/3031
f 2963/4024/3032 2967/4020/3032 2966/4021/3032 2962/4025/3032
s 1
f 2962/4025/3033 2966/4021/3029 2964/4022/3030 2960/4026/3034
s 0
f 2957/4027/3035 2961/4023/3035 2963/4024/3035 2959/4028/3035
f 2959/4028/3036 2963/4024/3036 2962/4025/3036 2958/4029/3036
s 1
f 2958/4029/3037 2962/4025/3033 2960/4026/3034 2956/4030/3038
s 0
f 2953/4031/3039 2957/4027/3039 2959/4028/3039 2955/4032/3039
f 2955/4032/3040 2959/4028/3040 2958/4029/3040 2954/4033/3040
s 1
f 2954/4033/3041 2958/4029/3037 2956/4030/3038 2952/4034/3042
s 0
f 2949/4035/3043 2953/4031/3043 2955/4032/3043 2951/4036/3043
f 2951/4036/3044 2955/4032/3044 2954/4033/3044 2950/4037/3044
s 1
f 2950/4037/3045 2954/4033/3041 2952/4034/3042 2948/4038/3046
s 0
f 2945/4039/3047 2949/4035/3047 2951/4036/3047 2947/4040/3047
f 2947/4040/3048 2951/4036/3048 2950/4037/3048 2946/4041/3048
s 1
f 2946/4041/3049 2950/4037/3045 2948/4038/3046 2944/4042/3050
s 0
f 2941/4043/3051 2945/4039/3051 2947/4040/3051 2943/4044/3051
f 2943/4044/3052 2947/4040/3052 2946/4041/3052 2942/4045/3052
s 1
f 2942/4045/3053 2946/4041/3049 2944/4042/3050 2940/4046/3054
s 0
f 2937/4047/3055 2941/4043/3055 2943/4044/3055 2939/4048/3055
f 2939/4048/3056 2943/4044/3056 2942/4045/3056 2938/4049/3056
s 1
f 2938/4049/3057 2942/4045/3053 2940/4046/3054 2936/4050/3058
s 0
f 2933/4051/3059 2937/4047/3059 2939/4048/3059 2935/4052/3059
f 2935/4052/3060 2939/4048/3060 2938/4049/3060 2934/4053/3060
s 1
f 2934/4053/3061 2938/4049/3057 2936/4050/3058 2932/4054/3062
s 0
f 2929/4055/3063 2933/4051/3063 2935/4052/3063 2931/4056/3063
f 2931/4056/3064 2935/4052/3064 2934/4053/3064 2930/4057/3064
s 1
f 2930/4057/3065 2934/4053/3061 2932/4054/3062 2928/4058/3066
s 0
f 2925/4059/3067 2929/4055/3067 2931/4056/3067 2927/4060/3067
f 2927/4060/3068 2931/4056/3068 2930/4057/3068 2926/4061/3068
s 1
f 2926/4061/3069 2930/4057/3065 2928/4058/3066 2924/4062/3070
s 0
f 2921/4063/3071 2925/4059/3071 2927/4060/3071 2923/4064/3071
f 2923/4064/3072 2927/4060/3072 2926/4061/3072 2922/4065/3072
s 1
f 2922/4065/3073 2926/4061/3069 2924/4062/3070 2920/4066/3074
s 0
f 2917/4067/3075 2921/4063/3075 2923/4064/3075 2919/4068/3075
f 2919/4068/3076 2923/4064/3076 2922/4065/3076 2918/4069/3076
s 1
f 2918/4069/3077 2922/4065/3073 2920/4066/3074 2916/4070/3078
s 0
f 2913/4071/3079 2917/4067/3079 2919/4068/3079 2915/4072/3079
f 2915/4072/3080 2919/4068/3080 2918/4069/3080 2914/4073/3080
s 1
f 2914/4073/3081 2918/4069/3077 2916/4070/3078 2912/4074/3082
s 0
f 2909/4075/3083 2913/4071/3083 2915/4072/3083 2911/4076/3083
f 2911/4076/3084 2915/4072/3084 2914/4073/3084 2910/4077/3084
s 1
f 2910/4077/3085 2914/4073/3081 2912/4074/3082 2908/4078/3086
s 0
f 2905/4079/3087 2909/4075/3087 2911/4076/3087 2907/4080/3087
f 2907/4080/3088 2911/4076/3088 2910/4077/3088 2906/4081/3088
s 1
f 2906/4081/3089 2910/4077/3085 2908/4078/3086 2904/4082/3090
s 0
f 2901/4083/3091 2905/4079/3091 2907/4080/3091 2903/4084/3091
f 2903/4084/3092 2907/4080/3092 2906/4081/3092 2902/4085/3092
s 1
f 2902/4085/3093 2906/4081/3089 2904/4082/3090 2900/4086/3094
s 0
f 2897/4087/3095 2901/4083/3095 2903/4084/3095 2899/4088/3095
f 2899/4088/3096 2903/4084/3096 2902/4085/3096 2898/4089/3096
s 1
f 2898/4089/3097 2902/4085/3093 2900/4086/3094 2896/4090/3098
s 0
f 2893/4091/3099 2897/4087/3099 2899/4088/3099 2895/4092/3099
f 2895/4092/3100 2899/4088/3100 2898/4089/3100 2894/4093/3100
s 1
f 2894/4093/3101 2898/4089/3097 2896/4090/3098 2892/4094/3102
s 0
f 2889/4095/3103 2893/4091/3103 2895/4092/3103 2891/4096/3103
f 2891/4096/3104 2895/4092/3104 2894/4093/3104 2890/4097/3104
s 1
f 2890/4097/3105 2894/4093/3101 2892/4094/3102 2888/4098/3106
s 0
f 2885/4099/3107 2889/4095/3107 2891/4096/3107 2887/4100/3107
f 2887/4100/3108 2891/4096/3108 2890/4097/3108 2886/4101/3108
s 1
f 2886/4101/3109 2890/4097/3105 2888/4098/3106 2884/4102/3110
s 0
f 2881/4103/3111 2885/4099/3111 2887/4100/3111 2883/4104/3111
f 2883/4104/3112 2887/4100/3112 2886/4101/3112 2882/4105/3112
s 1
f 2882/4105/3113 2886/4101/3109 2884/4102/3110 2880/4106/3114
s 0
f 2877/4107/3115 2881/4103/3115 2883/4104/3115 2879/4108/3115
f 2879/4108/3116 2883/4104/3116 2882/4105/3116 2878/4109/3116
s 1
f 2878/4109/3117 2882/4105/3113 2880/4106/3114 2876/4110/3118
s 0
f 2873/4111/3119 2877/4107/3119 2879/4108/3119 2875/4112/3119
f 2875/4112/3120 2879/4108/3120 2878/4109/3120 2874/4113/3120
s 1
f 2874/4113/3121 2878/4109/3117 2876/4110/3118 2872/4114/3122
s 0
f 2869/4115/3123 2873/4111/3123 2875/4112/3123 2871/4116/3123
f 2871/4116/3124 2875/4112/3124 2874/4113/3124 2870/4117/3124
s 1
f 2870/4117/3125 2874/4113/3121 2872/4114/3122 2868/4118/3126
s 0
f 2864/3870/3127 2869/4115/3127 2871/4116/3127 2866/3868/3127
f 2866/3868/3128 2871/4116/3128 2870/4117/3128 2867/3866/3128
s 1
f 2867/3866/2876 2870/4117/3125 2868/4118/3126 2865/3863/2873
f 3121/4119/3129 3124/4120/3130 3126/4121/3131 3123/4122/3132
f 3123/4123/3132 3126/4124/3131 3127/4125/3133 3122/4126/3134
f 3122/4126/3134 3127/4125/3133 3125/4127/3135 3120/4128/3136
f 3124/4120/3130 3128/4129/3137 3130/4130/3138 3126/4121/3131
f 3126/4124/3131 3130/4131/3138 3131/4132/3139 3127/4125/3133
f 3127/4125/3133 3131/4132/3139 3129/4133/3140 3125/4127/3135
f 3128/4129/3137 3132/4134/3141 3134/4135/3142 3130/4130/3138
f 3130/4131/3138 3134/4136/3142 3135/4137/3143 3131/4132/3139
f 3131/4132/3139 3135/4137/3143 3133/4138/3144 3129/4133/3140
f 3132/4134/3141 3136/4139/3145 3138/4140/3146 3134/4135/3142
f 3134/4136/3142 3138/4141/3146 3139/4142/3147 3135/4137/3143
f 3135/4137/3143 3139/4142/3147 3137/4143/3148 3133/4138/3144
f 3136/4139/3145 3140/4144/3149 3142/4145/3150 3138/4140/3146
f 3138/4141/3146 3142/4146/3150 3143/4147/3151 3139/4142/3147
f 3139/4142/3147 3143/4147/3151 3141/4148/3152 3137/4143/3148
f 3140/4144/3149 3144/4149/3153 3146/4150/3154 3142/4145/3150
f 3142/4146/3150 3146/4151/3154 3147/4152/3155 3143/4147/3151
f 3143/4147/3151 3147/4152/3155 3145/4153/3156 3141/4148/3152
f 3144/4149/3153 3148/4154/3157 3150/4155/3158 3146/4150/3154
f 3146/4151/3154 3150/4156/3158 3151/4157/3159 3147/4152/3155
f 3147/4152/3155 3151/4157/3159 3149/4158/3160 3145/4153/3156
f 3148/4154/3157 3152/4159/3161 3154/4160/3162 3150/4155/3158
f 3150/4156/3158 3154/4161/3162 3155/4162/3163 3151/4157/3159
f 3151/4157/3159 3155/4162/3163 3153/4163/3164 3149/4158/3160
f 3152/4159/3161 3156/4164/3165 3158/4165/3166 3154/4160/3162
f 3154/4166/3162 3158/4167/3166 3159/4168/3167 3155/4169/3163
f 3155/4169/3163 3159/4168/3167 3157/4170/3168 3153/4171/3164
f 3156/4164/3165 3160/4172/3169 3162/4173/3170 3158/4165/3166
f 3158/4167/3166 3162/4174/3170 3163/4175/3171 3159/4168/3167
f 3159/4168/3167 3163/4175/3171 3161/4176/3172 3157/4170/3168
f 3160/4172/3169 3164/4177/3173 3166/4178/3174 3162/4173/3170
f 3162/4174/3170 3166/4179/3174 3167/4180/3175 3163/4175/3171
f 3163/4175/3171 3167/4180/3175 3165/4181/3176 3161/4176/3172
f 3164/4177/3173 3168/4182/3177 3170/4183/3178 3166/4178/3174
f 3166/4179/3174 3170/4184/3178 3171/4185/3179 3167/4180/3175
f 3167/4180/3175 3171/4185/3179 3169/4186/3180 3165/4181/3176
f 3168/4182/3177 3172/4187/3181 3174/4188/3182 3170/4183/3178
f 3170/4184/3178 3174/4189/3182 3175/4190/3183 3171/4185/3179
f 3171/4185/3179 3175/4190/3183 3173/4191/3184 3169/4186/3180
f 3172/4187/3181 3176/4192/3185 3178/4193/3186 3174/4188/3182
f 3174/4189/3182 3178/4194/3186 3179/4195/3187 3175/4190/3183
f 3175/4190/3183 3179/4195/3187 3177/4196/3188 3173/4191/3184
f 3176/4192/3185 3180/4197/3189 3182/4198/3190 3178/4193/3186
f 3178/4194/3186 3182/4199/3190 3183/4200/3191 3179/4195/3187
f 3179/4195/3187 3183/4200/3191 3181/4201/3192 3177/4196/3188
f 3180/4197/3189 3184/4202/3193 3186/4203/3194 3182/4198/3190
f 3182/4199/3190 3186/4204/3194 3187/4205/3195 3183/4200/3191
f 3183/4200/3191 3187/4205/3195 3185/4206/3196 3181/4201/3192
f 3184/4202/3193 3188/4207/3197 3190/4208/3198 3186/4203/3194
f 3186/4204/3194 3190/4209/3198 3191/4210/3199 3187/4205/3195
f 3187/4205/3195 3191/4210/3199 3189/4211/3200 3185/4206/3196
f 3188/4207/3197 3192/4212/3201 3194/4213/3202 3190/4208/3198
f 3190/4209/3198 3194/4214/3202 3195/4215/3203 3191/4210/3199
f 3191/4210/3199 3195/4215/3203 3193/4216/3204 3189/4211/3200
f 3192/4212/3201 3196/4217/3205 3198/4218/3206 3194/4213/3202
f 3194/4214/3202 3198/4219/3206 3199/4220/3207 3195/4215/3203
f 3195/4215/3203 3199/4220/3207 3197/4221/3208 3193/4216/3204
f 3196/4217/3205 3200/4222/3209 3202/4223/3210 3198/4218/3206
f 3198/4219/3206 3202/4224/3210 3203/4225/3211 3199/4220/3207
f 3199/4220/3207 3203/4225/3211 3201/4226/3212 3197/4221/3208
f 3200/4222/3209 3204/4227/3213 3206/4228/3214 3202/4223/3210
f 3202/4224/3210 3206/4229/3214 3207/4230/3215 3203/4225/3211
f 3203/4225/3211 3207/4230/3215 3205/4231/3216 3201/4226/3212
f 3204/4227/3213 3208/4232/3217 3210/4233/3218 3206/4228/3214
f 3206/4229/3214 3210/4234/3218 3211/4235/3219 3207/4230/3215
f 3207/4230/3215 3211/4235/3219 3209/4236/3220 3205/4231/3216
f 3208/4232/3217 3212/4237/3221 3214/4238/3222 3210/4233/3218
f 3210/4234/3218 3214/4239/3222 3215/4240/3223 3211/4235/3219
f 3211/4235/3219 3215/4240/3223 3213/4241/3224 3209/4236/3220
f 3212/4237/3221 3216/4242/3225 3218/4243/3226 3214/4238/3222
f 3214/4239/3222 3218/4244/3226 3219/4245/3227 3215/4240/3223
f 3215/4240/3223 3219/4245/3227 3217/4246/3228 3213/4241/3224
f 3216/4242/3225 3220/4247/3229 3222/4248/3230 3218/4243/3226
f 3218/4249/3226 3222/4250/3230 3223/4251/3231 3219/4252/3227
f 3219/4252/3227 3223/4251/3231 3221/4253/3232 3217/4254/3228
f 3220/4247/3229 3224/4255/3233 3226/4256/3234 3222/4248/3230
f 3222/4250/3230 3226/4257/3234 3227/4258/3235 3223/4251/3231
f 3223/4251/3231 3227/4258/3235 3225/4259/3236 3221/4253/3232
f 3224/4255/3233 3228/4260/3237 3230/4261/3238 3226/4256/3234
f 3226/4257/3234 3230/4262/3238 3231/4263/3239 3227/4258/3235
f 3227/4258/3235 3231/4263/3239 3229/4264/3240 3225/4259/3236
f 3228/4260/3237 3232/4265/3241 3234/4266/3242 3230/4261/3238
f 3230/4262/3238 3234/4267/3242 3235/4268/3243 3231/4263/3239
f 3231/4263/3239 3235/4268/3243 3233/4269/3244 3229/4264/3240
f 3232/4265/3241 3236/4270/3245 3238/4271/3246 3234/4266/3242
f 3234/4267/3242 3238/4272/3246 3239/4273/3247 3235/4268/3243
f 3235/4268/3243 3239/4273/3247 3237/4274/3248 3233/4269/3244
f 3236/4270/3245 3240/4275/3249 3242/4276/3250 3238/4271/3246
f 3238/4272/3246 3242/4277/3250 3243/4278/3251 3239/4273/3247
f 3239/4273/3247 3243/4278/3251 3241/4279/3252 3237/4274/3248
f 3240/4275/3249 3244/4280/3253 3246/4281/3254 3242/4276/3250
f 3242/4277/3250 3246/4282/3254 3247/4283/3255 3243/4278/3251
f 3243/4278/3251 3247/4283/3255 3245/4284/3256 3241/4279/3252
f 3244/4280/3253 3248/4285/3257 3250/4286/3258 3246/4281/3254
f 3246/4282/3254 3250/4287/3258 3251/4288/3259 3247/4283/3255
f 3247/4283/3255 3251/4288/3259 3249/4289/3260 3245/4284/3256
f 3248/4285/3257 3252/4290/3261 3254/4291/3262 3250/4286/3258
f 3250/4287/3258 3254/4292/3262 3255/4293/3263 3251/4288/3259
f 3251/4288/3259 3255/4293/3263 3253/4294/3264 3249/4289/3260
f 3252/4290/3261 3256/4295/3265 3258/4296/3266 3254/4291/3262
f 3254/4292/3262 3258/4297/3266 3259/4298/3267 3255/4293/3263
f 3255/4293/3263 3259/4298/3267 3257/4299/3268 3253/4294/3264
f 3256/4295/3265 3260/4300/3269 3262/4301/3270 3258/4296/3266
f 3258/4297/3266 3262/4302/3270 3263/4303/3271 3259/4298/3267
f 3259/4298/3267 3263/4303/3271 3261/4304/3272 3257/4299/3268
f 3260/4300/3269 3264/4305/3273 3266/4306/3274 3262/4301/3270
f 3262/4302/3270 3266/4307/3274 3267/4308/3275 3263/4303/3271
f 3263/4303/3271 3267/4308/3275 3265/4309/3276 3261/4304/3272
f 3264/4305/3273 3268/4310/3277 3270/4311/3278 3266/4306/3274
f 3266/4307/3274 3270/4312/3278 3271/4313/3279 3267/4308/3275
f 3267/4308/3275 3271/4313/3279 3269/4314/3280 3265/4309/3276
f 3268/4310/3277 3272/4315/3281 3274/4316/3282 3270/4311/3278
f 3270/4312/3278 3274/4317/3282 3275/4318/3283 3271/4313/3279
f 3271/4313/3279 3275/4318/3283 3273/4319/3284 3269/4314/3280
f 3272/4315/3281 3276/4320/3285 3278/4321/3286 3274/4316/3282
f 3274/4317/3282 3278/4322/3286 3279/4323/3287 3275/4318/3283
f 3275/4318/3283 3279/4323/3287 3277/4324/3288 3273/4319/3284
f 3276/4320/3285 3280/4325/3289 3282/4326/3290 3278/4321/3286
f 3278/4322/3286 3282/4327/3290 3283/4328/3291 3279/4323/3287
f 3279/4323/3287 3283/4328/3291 3281/4329/3292 3277/4324/3288
f 3280/4325/3289 3284/4330/3293 3286/4331/3294 3282/4326/3290
f 3282/4332/3290 3286/4333/3294 3287/4334/3295 3283/4335/3291
f 3283/4335/3291 3287/4334/3295 3285/4336/3296 3281/4337/3292
f 3284/4330/3293 3288/4338/3297 3290/4339/3298 3286/4331/3294
f 3286/4333/3294 3290/4340/3298 3291/4341/3299 3287/4334/3295
f 3287/4334/3295 3291/4341/3299 3289/4342/3300 3285/4336/3296
f 3288/4338/3297 3292/4343/3301 3294/4344/3302 3290/4339/3298
f 3290/4340/3298 3294/4345/3302 3295/4346/3303 3291/4341/3299
f 3291/4341/3299 3295/4346/3303 3293/4347/3304 3289/4342/3300
f 3292/4343/3301 3296/4348/3305 3298/4349/3306 3294/4344/3302
f 3294/4345/3302 3298/4350/3306 3299/4351/3307 3295/4346/3303
f 3295/4346/3303 3299/4351/3307 3297/4352/3308 3293/4347/3304
f 3296/4348/3305 3300/4353/3309 3302/4354/3310 3298/4349/3306
f 3298/4350/3306 3302/4355/3310 3303/4356/3311 3299/4351/3307
f 3299/4351/3307 3303/4356/3311 3301/4357/3312 3297/4352/3308
f 3300/4353/3309 3304/4358/3313 3306/4359/3314 3302/4354/3310
f 3302/4355/3310 3306/4360/3314 3307/4361/3315 3303/4356/3311
f 3303/4356/3311 3307/4361/3315 3305/4362/3316 3301/4357/3312
f 3304/4358/3313 3308/4363/3317 3310/4364/3318 3306/4359/3314
f 3306/4360/3314 3310/4365/3318 3311/4366/3319 3307/4361/3315
f 3307/4361/3315 3311/4366/3319 3309/4367/3320 3305/4362/3316
f 3308/4363/3317 3312/4368/3321 3314/4369/3322 3310/4364/3318
f 3310/4365/3318 3314/4370/3322 3315/4371/3323 3311/4366/3319
f 3311/4366/3319 3315/4371/3323 3313/4372/3324 3309/4367/3320
f 3312/4368/3321 3316/4373/3325 3318/4374/3326 3314/4369/3322
f 3314/4370/3322 3318/4375/3326 3319/4376/3327 3315/4371/3323
f 3315/4371/3323 3319/4376/3327 3317/4377/3328 3313/4372/3324
f 3316/4373/3325 3320/4378/3329 3322/4379/3330 3318/4374/3326
f 3318/4375/3326 3322/4380/3330 3323/4381/3331 3319/4376/3327
f 3319/4376/3327 3323/4381/3331 3321/4382/3332 3317/4377/3328
f 3320/4378/3329 3324/4383/3333 3326/4384/3334 3322/4379/3330
f 3322/4380/3330 3326/4385/3334 3327/4386/3335 3323/4381/3331
f 3323/4381/3331 3327/4386/3335 3325/4387/3336 3321/4382/3332
f 3324/4383/3333 3328/4388/3337 3330/4389/3338 3326/4384/3334
f 3326/4385/3334 3330/4390/3338 3331/4391/3339 3327/4386/3335
f 3327/4386/3335 3331/4391/3339 3329/4392/3340 3325/4387/3336
f 3328/4388/3337 3332/4393/3341 3334/4394/3342 3330/4389/3338
f 3330/4390/3338 3334/4395/3342 3335/4396/3343 3331/4391/3339
f 3331/4391/3339 3335/4396/3343 3333/4397/3344 3329/4392/3340
f 3332/4393/3341 3336/4398/3345 3338/4399/3346 3334/4394/3342
f 3334/4395/3342 3338/4400/3346 3339/4401/3347 3335/4396/3343
f 3335/4396/3343 3339/4401/3347 3337/4402/3348 3333/4397/3344
f 3336/4398/3345 3340/4403/3349 3342/4404/3350 3338/4399/3346
f 3338/4400/3346 3342/4405/3350 3343/4406/3351 3339/4401/3347
f 3339/4401/3347 3343/4406/3351 3341/4407/3352 3337/4402/3348
f 3340/4403/3349 3344/4408/3353 3346/4409/3354 3342/4404/3350
f 3342/4405/3350 3346/4410/3354 3347/4411/3355 3343/4406/3351
f 3343/4406/3351 3347/4411/3355 3345/4412/3356 3341/4407/3352
f 3344/4408/3353 3348/4413/3357 3350/4414/3358 3346/4409/3354
f 3346/4415/3354 3350/4416/3358 3351/4417/3359 3347/4418/3355
f 3347/4418/3355 3351/4417/3359 3349/4419/3360 3345/4420/3356
f 3348/4413/3357 3352/4421/3361 3354/4422/3362 3350/4414/3358
f 3350/4416/3358 3354/4423/3362 3355/4424/3363 3351/4417/3359
f 3351/4417/3359 3355/4424/3363 3353/4425/3364 3349/4419/3360
f 3352/4421/3361 3356/4426/3365 3358/4427/3366 3354/4422/3362
f 3354/4423/3362 3358/4428/3366 3359/4429/3367 3355/4424/3363
f 3355/4424/3363 3359/4429/3367 3357/4430/3368 3353/4425/3364
f 3356/4426/3365 3360/4431/3369 3362/4432/3370 3358/4427/3366
f 3358/4428/3366 3362/4433/3370 3363/4434/3371 3359/4429/3367
f 3359/4429/3367 3363/4434/3371 3361/4435/3372 3357/4430/3368
f 3360/4431/3369 3364/4436/3373 3366/4437/3374 3362/4432/3370
f 3362/4433/3370 3366/4438/3374 3367/4439/3375 3363/4434/3371
f 3363/4434/3371 3367/4439/3375 3365/4440/3376 3361/4435/3372
f 3364/4436/3373 3368/4441/3377 3370/4442/3378 3366/4437/3374
f 3366/4438/3374 3370/4443/3378 3371/4444/3379 3367/4439/3375
f 3367/4439/3375 3371/4444/3379 3369/4445/3380 3365/4440/3376
f 3368/4441/3377 3372/4446/3381 3374/4447/3382 3370/4442/3378
f 3370/4443/3378 3374/4448/3382 3375/4449/3383 3371/4444/3379
f 3371/4444/3379 3375/4449/3383 3373/4450/3384 3369/4445/3380
f 3120/4128/3136 3373/4450/3384 3375/4449/3383 3122/4126/3134
f 3122/4126/3134 3375/4449/3383 3374/4448/3382 3123/4123/3132
f 3123/4122/3132 3374/4447/3382 3372/4446/3381 3121/4119/3129
f 3377/4451/3385 3380/4452/3386 3382/4453/3387 3379/4454/3388
f 3379/4454/3388 3382/4453/3387 3383/4455/3389 3378/4456/3390
f 3378/4456/3390 3383/4455/3389 3381/4457/3391 3376/4458/3392
f 3380/4452/3386 3384/4459/3393 3386/4460/3394 3382/4453/3387
f 3382/4453/3387 3386/4460/3394 3387/4461/3395 3383/4455/3389
f 3383/4462/3389 3387/4463/3395 3385/4464/3396 3381/4465/3391
f 3384/4459/3393 3388/4466/3397 3390/4467/3398 3386/4460/3394
f 3386/4460/3394 3390/4467/3398 3391/4468/3399 3387/4461/3395
f 3387/4463/3395 3391/4469/3399 3389/4470/3400 3385/4464/3396
f 3388/4466/3397 3392/4471/3401 3394/4472/3402 3390/4467/3398
f 3390/4467/3398 3394/4472/3402 3395/4473/3403 3391/4468/3399
f 3391/4469/3399 3395/4474/3403 3393/4475/3404 3389/4470/3400
f 3392/4471/3401 3396/4476/3405 3398/4477/3406 3394/4472/3402
f 3394/4472/3402 3398/4477/3406 3399/4478/3407 3395/4473/3403
f 3395/4474/3403 3399/4479/3407 3397/4480/3408 3393/4475/3404
f 3396/4476/3405 3400/4481/3409 3402/4482/3410 3398/4477/3406
f 3398/4477/3406 3402/4482/3410 3403/4483/3411 3399/4478/3407
f 3399/4479/3407 3403/4484/3411 3401/4485/3412 3397/4480/3408
f 3400/4481/3409 3404/4486/3413 3406/4487/3414 3402/4482/3410
f 3402/4482/3410 3406/4487/3414 3407/4488/3415 3403/4483/3411
f 3403/4484/3411 3407/4489/3415 3405/4490/3416 3401/4485/3412
f 3404/4486/3413 3408/4491/3417 3410/4492/3418 3406/4487/3414
f 3406/4487/3414 3410/4492/3418 3411/4493/3419 3407/4488/3415
f 3407/4489/3415 3411/4494/3419 3409/4495/3420 3405/4490/3416
f 3408/4496/3417 3412/4497/3421 3414/4498/3422 3410/4499/3418
f 3410/4499/3418 3414/4498/3422 3415/4500/3423 3411/4501/3419
f 3411/4494/3419 3415/4502/3423 3413/4503/3424 3409/4495/3420
f 3412/4497/3421 3416/4504/3425 3418/4505/3426 3414/4498/3422
f 3414/4498/3422 3418/4505/3426 3419/4506/3427 3415/4500/3423
f 3415/4502/3423 3419/4507/3427 3417/4508/3428 3413/4503/3424
f 3416/4504/3425 3420/4509/3429 3422/4510/3430 3418/4505/3426
f 3418/4505/3426 3422/4510/3430 3423/4511/3431 3419/4506/3427
f 3419/4507/3427 3423/4512/3431 3421/4513/3432 3417/4508/3428
f 3420/4509/3429 3424/4514/3433 3426/4515/3434 3422/4510/3430
f 3422/4510/3430 3426/4515/3434 3427/4516/3435 3423/4511/3431
f 3423/4512/3431 3427/4517/3435 3425/4518/3436 3421/4513/3432
f 3424/4514/3433 3428/4519/3437 3430/4520/3438 3426/4515/3434
f 3426/4515/3434 3430/4520/3438 3431/4521/3439 3427/4516/3435
f 3427/4517/3435 3431/4522/3439 3429/4523/3440 3425/4518/3436
f 3428/4519/3437 3432/4524/3441 3434/4525/3442 3430/4520/3438
f 3430/4520/3438 3434/4525/3442 3435/4526/3443 3431/4521/3439
f 3431/4522/3439 3435/4527/3443 3433/4528/3444 3429/4523/3440
f 3432/4524/3441 3436/4529/3445 3438/4530/3446 3434/4525/3442
f 3434/4525/3442 3438/4530/3446 3439/4531/3447 3435/4526/3443
f 3435/4527/3443 3439/4532/3447 3437/4533/3448 3433/4528/3444
f 3436/4529/3445 3440/4534/3449 3442/4535/3450 3438/4530/3446
f 3438/4530/3446 3442/4535/3450 3443/4536/3451 3439/4531/3447
f 3439/4531/3447 3443/4536/3451 3441/4537/3452 3437/4538/3448
f 3440/4534/3449 3444/4539/3453 3446/4540/3454 3442/4535/3450
f 3442/4535/3450 3446/4540/3454 3447/4541/3455 3443/4536/3451
f 3443/4542/3451 3447/4543/3455 3445/4544/3456 3441/4545/3452
f 3444/4539/3453 3448/4546/3457 3450/4547/3458 3446/4540/3454
f 3446/4540/3454 3450/4547/3458 3451/4548/3459 3447/4541/3455
f 3447/4543/3455 3451/4549/3459 3449/4550/3460 3445/4544/3456
f 3448/4546/3457 3452/4551/3461 3454/4552/3462 3450/4547/3458
f 3450/4547/3458 3454/4552/3462 3455/4553/3463 3451/4548/3459
f 3451/4549/3459 3455/4554/3463 3453/4555/3464 3449/4550/3460
f 3452/4551/3461 3456/4556/3465 3458/4557/3466 3454/4552/3462
f 3454/4552/3462 3458/4557/3466 3459/4558/3467 3455/4553/3463
f 3455/4554/3463 3459/4559/3467 3457/4560/3468 3453/4555/3464
f 3456/4556/3465 3460/4561/3469 3462/4562/3470 3458/4557/3466
f 3458/4557/3466 3462/4562/3470 3463/4563/3471 3459/4558/3467
f 3459/4559/3467 3463/4564/3471 3461/4565/3472 3457/4560/3468
f 3460/4561/3469 3464/4566/3473 3466/4567/3474 3462/4562/3470
f 3462/4562/3470 3466/4567/3474 3467/4568/3475 3463/4563/3471
f 3463/4564/3471 3467/4569/3475 3465/4570/3476 3461/4565/3472
f 3464/4566/3473 3468/4571/3477 3470/4572/3478 3466/4567/3474
f 3466/4567/3474 3470/4572/3478 3471/4573/3479 3467/4568/3475
f 3467/4569/3475 3471/4574/3479 3469/4575/3480 3465/4570/3476
f 3468/4571/3477 3472/4576/3481 3474/4577/3482 3470/4572/3478
f 3470/4572/3478 3474/4577/3482 3475/4578/3483 3471/4573/3479
f 3471/4574/3479 3475/4579/3483 3473/4580/3484 3469/4575/3480
f 3472/4581/3481 3476/4582/3485 3478/4583/3486 3474/4584/3482
f 3474/4584/3482 3478/4583/3486 3479/4585/3487 3475/4586/3483
f 3475/4579/3483 3479/4587/3487 3477/4588/3488 3473/4580/3484
f 3476/4582/3485 3480/4589/3489 3482/4590/3490 3478/4583/3486
f 3478/4583/3486 3482/4590/3490 3483/4591/3491 3479/4585/3487
f 3479/4587/3487 3483/4592/3491 3481/4593/3492 3477/4588/3488
f 3480/4589/3489 3484/4594/3493 3486/4595/3494 3482/4590/3490
f 3482/4590/3490 3486/4595/3494 3487/4596/3495 3483/4591/3491
f 3483/4592/3491 3487/4597/3495 3485/4598/3496 3481/4593/3492
f 3484/4594/3493 3488/4599/3497 3490/4600/3498 3486/4595/3494
f 3486/4595/3494 3490/4600/3498 3491/4601/3499 3487/4596/3495
f 3487/4597/3495 3491/4602/3499 3489/4603/3500 3485/4598/3496
f 3488/4599/3497 3492/4604/3501 3494/4605/3502 3490/4600/3498
f 3490/4600/3498 3494/4605/3502 3495/4606/3503 3491/4601/3499
f 3491/4602/3499 3495/4607/3503 3493/4608/3504 3489/4603/3500
f 3492/4604/3501 3496/4609/3505 3498/4610/3506 3494/4605/3502
f 3494/4605/3502 3498/4610/3506 3499/4611/3507 3495/4606/3503
f 3495/4607/3503 3499/4612/3507 3497/4613/3508 3493/4608/3504
f 3496/4609/3505 3500/4614/3509 3502/4615/3510 3498/4610/3506
f 3498/4610/3506 3502/4615/3510 3503/4616/3511 3499/4611/3507
f 3499/4612/3507 3503/4617/3511 3501/4618/3512 3497/4613/3508
f 3500/4614/3509 3504/4619/3513 3506/4620/3514 3502/4615/3510
f 3502/4615/3510 3506/4620/3514 3507/4621/3515 3503/4616/3511
f 3503/4616/3511 3507/4621/3515 3505/4622/3516 3501/4623/3512
f 3504/4619/3513 3508/4624/3517 3510/4625/3518 3506/4620/3514
f 3506/4620/3514 3510/4625/3518 3511/4626/3519 3507/4621/3515
f 3507/4627/3515 3511/4628/3519 3509/4629/3520 3505/4630/3516
f 3508/4624/3517 3512/4631/3521 3514/4632/3522 3510/4625/3518
f 3510/4625/3518 3514/4632/3522 3515/4633/3523 3511/4626/3519
f 3511/4628/3519 3515/4634/3523 3513/4635/3524 3509/4629/3520
f 3512/4631/3521 3516/4636/3525 3518/4637/3526 3514/4632/3522
f 3514/4632/3522 3518/4637/3526 3519/4638/3527 3515/4633/3523
f 3515/4634/3523 3519/4639/3527 3517/4640/3528 3513/4635/3524
f 3516/4636/3525 3520/4641/3529 3522/4642/3530 3518/4637/3526
f 3518/4637/3526 3522/4642/3530 3523/4643/3531 3519/4638/3527
f 3519/4639/3527 3523/4644/3531 3521/4645/3532 3517/4640/3528
f 3520/4641/3529 3524/4646/3533 3526/4647/3534 3522/4642/3530
f 3522/4642/3530 3526/4647/3534 3527/4648/3535 3523/4643/3531
f 3523/4644/3531 3527/4649/3535 3525/4650/3536 3521/4645/3532
f 3524/4646/3533 3528/4651/3537 3530/4652/3538 3526/4647/3534
f 3526/4647/3534 3530/4652/3538 3531/4653/3539 3527/4648/3535
f 3527/4649/3535 3531/4654/3539 3529/4655/3540 3525/4650/3536
f 3528/4651/3537 3532/4656/3541 3534/4657/3542 3530/4652/3538
f 3530/4652/3538 3534/4657/3542 3535/4658/3543 3531/4653/3539
f 3531/4654/3539 3535/4659/3543 3533/4660/3544 3529/4655/3540
f 3532/4656/3541 3536/4661/3545 3538/4662/3546 3534/4657/3542
f 3534/4657/3542 3538/4662/3546 3539/4663/3547 3535/4658/3543
f 3535/4659/3543 3539/4664/3547 3537/4665/3548 3533/4660/3544
f 3536/4666/3545 3540/4667/3549 3542/4668/3550 3538/4669/3546
f 3538/4669/3546 3542/4668/3550 3543/4670/3551 3539/4671/3547
f 3539/4664/3547 3543/4672/3551 3541/4673/3552 3537/4665/3548
f 3540/4667/3549 3544/4674/3553 3546/4675/3554 3542/4668/3550
f 3542/4668/3550 3546/4675/3554 3547/4676/3555 3543/4670/3551
f 3543/4672/3551 3547/4677/3555 3545/4678/3556 3541/4673/3552
f 3544/4674/3553 3548/4679/3557 3550/4680/3558 3546/4675/3554
f 3546/4675/3554 3550/4680/3558 3551/4681/3559 3547/4676/3555
f 3547/4677/3555 3551/4682/3559 3549/4683/3560 3545/4678/3556
f 3548/4679/3557 3552/4684/3561 3554/4685/3562 3550/4680/3558
f 3550/4680/3558 3554/4685/3562 3555/4686/3563 3551/4681/3559
f 3551/4682/3559 3555/4687/3563 3553/4688/3564 3549/4683/3560
f 3552/4684/3561 3556/4689/3565 3558/4690/3566 3554/4685/3562
f 3554/4685/3562 3558/4690/3566 3559/4691/3567 3555/4686/3563
f 3555/4687/3563 3559/4692/3567 3557/4693/3568 3553/4688/3564
f 3556/4689/3565 3560/4694/3569 3562/4695/3570 3558/4690/3566
f 3558/4690/3566 3562/4695/3570 3563/4696/3571 3559/4691/3567
f 3559/4692/3567 3563/4697/3571 3561/4698/3572 3557/4693/3568
f 3560/4694/3569 3564/4699/3573 3566/4700/3574 3562/4695/3570
f 3562/4695/3570 3566/4700/3574 3567/4701/3575 3563/4696/3571
f 3563/4697/3571 3567/4702/3575 3565/4703/3576 3561/4698/3572
f 3564/4699/3573 3568/4704/3577 3570/4705/3578 3566/4700/3574
f 3566/4700/3574 3570/4705/3578 3571/4706/3579 3567/4701/3575
f 3567/4702/3575 3571/4707/3579 3569/4708/3580 3565/4703/3576
f 3568/4704/3577 3572/4709/3581 3574/4710/3582 3570/4705/3578
f 3570/4705/3578 3574/4710/3582 3575/4711/3583 3571/4706/3579
f 3571/4706/3579 3575/4711/3583 3573/4712/3584 3569/4713/3580
f 3572/4709/3581 3576/4714/3585 3578/4715/3586 3574/4710/3582
f 3574/4710/3582 3578/4715/3586 3579/4716/3587 3575/4711/3583
f 3575/4717/3583 3579/4718/3587 3577/4719/3588 3573/4720/3584
f 3576/4714/3585 3580/4721/3589 3582/4722/3590 3578/4715/3586
f 3578/4715/3586 3582/4722/3590 3583/4723/3591 3579/4716/3587
f 3579/4718/3587 3583/4724/3591 3581/4725/3592 3577/4719/3588
f 3580/4721/3589 3584/4726/3593 3586/4727/3594 3582/4722/3590
f 3582/4722/3590 3586/4727/3594 3587/4728/3595 3583/4723/3591
f 3583/4724/3591 3587/4729/3595 3585/4730/3596 3581/4725/3592
f 3584/4726/3593 3588/4731/3597 3590/4732/3598 3586/4727/3594
f 3586/4727/3594 3590/4732/3598 3591/4733/3599 3587/4728/3595
f 3587/4729/3595 3591/4734/3599 3589/4735/3600 3585/4730/3596
f 3588/4731/3597 3592/4736/3601 3594/4737/3602 3590/4732/3598
f 3590/4732/3598 3594/4737/3602 3595/4738/3603 3591/4733/3599
f 3591/4734/3599 3595/4739/3603 3593/4740/3604 3589/4735/3600
f 3592/4736/3601 3596/4741/3605 3598/4742/3606 3594/4737/3602
f 3594/4737/3602 3598/4742/3606 3599/4743/3607 3595/4738/3603
f 3595/4739/3603 3599/4744/3607 3597/4745/3608 3593/4740/3604
f 3596/4741/3605 3600/4746/3609 3602/4747/3610 3598/4742/3606
f 3598/4742/3606 3602/4747/3610 3603/4748/3611 3599/4743/3607
f 3599/4744/3607 3603/4749/3611 3601/4750/3612 3597/4745/3608
f 3600/4751/3609 3604/4752/3613 3606/4753/3614 3602/4754/3610
f 3602/4754/3610 3606/4753/3614 3607/4755/3615 3603/4756/3611
f 3603/4749/3611 3607/4757/3615 3605/4758/3616 3601/4750/3612
f 3604/4752/3613 3608/4759/3617 3610/4760/3618 3606/4753/3614
f 3606/4753/3614 3610/4760/3618 3611/4761/3619 3607/4755/3615
f 3607/4757/3615 3611/4762/3619 3609/4763/3620 3605/4758/3616
f 3608/4759/3617 3612/4764/3621 3614/4765/3622 3610/4760/3618
f 3610/4760/3618 3614/4765/3622 3615/4766/3623 3611/4761/3619
f 3611/4762/3619 3615/4767/3623 3613/4768/3624 3609/4763/3620
f 3612/4764/3621 3616/4769/3625 3618/4770/3626 3614/4765/3622
f 3614/4765/3622 3618/4770/3626 3619/4771/3627 3615/4766/3623
f 3615/4767/3623 3619/4772/3627 3617/4773/3628 3613/4768/3624
f 3616/4769/3625 3620/4774/3629 3622/4775/3630 3618/4770/3626
f 3618/4770/3626 3622/4775/3630 3623/4776/3631 3619/4771/3627
f 3619/4772/3627 3623/4777/3631 3621/4778/3632 3617/4773/3628
f 3620/4774/3629 3624/4779/3633 3626/4780/3634 3622/4775/3630
f 3622/4775/3630 3626/4780/3634 3627/4781/3635 3623/4776/3631
f 3623/4777/3631 3627/4782/3635 3625/4783/3636 3621/4778/3632
f 3624/4779/3633 3628/4784/3637 3630/4785/3638 3626/4780/3634
f 3626/4780/3634 3630/4785/3638 3631/4786/3639 3627/4781/3635
f 3627/4782/3635 3631/4787/3639 3629/4788/3640 3625/4783/3636
f 3376/4789/3392 3629/4788/3640 3631/4787/3639 3378/4790/3390
f 3378/4456/3390 3631/4786/3639 3630/4785/3638 3379/4454/3388
f 3379/4454/3388 3630/4785/3638 3628/4784/3637 3377/4451/3385
f 3633/4791/3641 3637/4792/3642 3639/4793/3643 3635/4794/3644
f 3635/4794/3644 3639/4793/3643 3638/4795/3645 3634/4796/3646
s 0
f 3634/4797/3647 3638/4798/3647 3636/4799/3647 3632/4800/3647
s 1
f 3637/4801/3642 3641/4802/3648 3643/4803/3649 3639/4804/3643
f 3639/4804/3643 3643/4803/3649 3642/4805/3650 3638/4798/3645
s 0
f 3638/4798/3651 3642/4805/3651 3640/4806/3651 3636/4799/3651
s 1
f 3641/4802/3648 3645/4807/3652 3647/4808/3653 3643/4803/3649
f 3643/4803/3649 3647/4808/3653 3646/4809/3654 3642/4805/3650
s 0
f 3642/4805/3655 3646/4809/3655 3644/4810/3655 3640/4806/3655
s 1
f 3645/4807/3652 3649/4811/3656 3651/4812/3657 3647/4808/3653
f 3647/4808/3653 3651/4812/3657 3650/4813/3658 3646/4809/3654
s 0
f 3646/4809/3659 3650/4813/3659 3648/4814/3659 3644/4810/3659
s 1
f 3649/4811/3656 3653/4815/3660 3655/4816/3661 3651/4812/3657
f 3651/4812/3657 3655/4816/3661 3654/4817/3662 3650/4813/3658
s 0
f 3650/4813/3663 3654/4817/3663 3652/4818/3663 3648/4814/3663
s 1
f 3653/4815/3660 3657/4819/3664 3659/4820/3665 3655/4816/3661
f 3655/4816/3661 3659/4820/3665 3658/4821/3666 3654/4817/3662
s 0
f 3654/4817/3667 3658/4821/3667 3656/4822/3667 3652/4818/3667
s 1
f 3657/4819/3664 3661/4823/3668 3663/4824/3669 3659/4820/3665
f 3659/4820/3665 3663/4824/3669 3662/4825/3670 3658/4821/3666
s 0
f 3658/4821/3671 3662/4825/3671 3660/4826/3671 3656/4822/3671
s 1
f 3661/4823/3668 3665/4827/3672 3667/4828/3673 3663/4824/3669
f 3663/4824/3669 3667/4828/3673 3666/4829/3674 3662/4825/3670
s 0
f 3662/4825/3675 3666/4829/3675 3664/4830/3675 3660/4826/3675
s 1
f 3665/4827/3672 3669/4831/3676 3671/4832/3677 3667/4828/3673
f 3667/4828/3673 3671/4832/3677 3670/4833/3678 3666/4829/3674
s 0
f 3666/4829/3679 3670/4833/3679 3668/4834/3679 3664/4830/3679
s 1
f 3669/4831/3676 3673/4835/3680 3675/4836/3681 3671/4832/3677
f 3671/4832/3677 3675/4836/3681 3674/4837/3682 3670/4833/3678
s 0
f 3670/4833/3683 3674/4837/3683 3672/4838/3683 3668/4834/3683
s 1
f 3673/4835/3680 3677/4839/3684 3679/4840/3685 3675/4836/3681
f 3675/4836/3681 3679/4840/3685 3678/4841/3686 3674/4837/3682
s 0
f 3674/4837/3687 3678/4841/3687 3676/4842/3687 3672/4838/3687
s 1
f 3677/4839/3684 3681/4843/3688 3683/4844/3689 3679/4840/3685
f 3679/4840/3685 3683/4844/3689 3682/4845/3690 3678/4841/3686
s 0
f 3678/4841/3691 3682/4845/3691 3680/4846/3691 3676/4842/3691
s 1
f 3681/4843/3688 3685/4847/3692 3687/4848/3693 3683/4844/3689
f 3683/4844/3689 3687/4848/3693 3686/4849/3694 3682/4845/3690
s 0
f 3682/4845/3695 3686/4849/3695 3684/4850/3695 3680/4846/3695
s 1
f 3685/4847/3692 3689/4851/3696 3691/4852/3697 3687/4848/3693
f 3687/4848/3693 3691/4852/3697 3690/4853/3698 3686/4849/3694
s 0
f 3686/4849/3699 3690/4853/3699 3688/4854/3699 3684/4850/3699
s 1
f 3689/4851/3696 3693/4855/3700 3695/4856/3701 3691/4852/3697
f 3691/4852/3697 3695/4856/3701 3694/4857/3702 3690/4853/3698
s 0
f 3690/4853/3703 3694/4857/3703 3692/4858/3703 3688/4854/3703
s 1
f 3693/4859/3700 3697/4860/3704 3699/4861/3705 3695/4862/3701
f 3695/4862/3701 3699/4861/3705 3698/4863/3706 3694/4864/3702
s 0
f 3694/4857/3707 3698/4865/3707 3696/4866/3707 3692/4858/3707
s 1
f 3697/4867/3704 3701/4868/3708 3703/4869/3709 3699/4870/3705
f 3699/4870/3705 3703/4869/3709 3702/4871/3710 3698/4865/3706
s 0
f 3698/4865/3711 3702/4871/3711 3700/4872/3711 3696/4866/3711
s 1
f 3701/4868/3708 3705/4873/3712 3707/4874/3713 3703/4869/3709
f 3703/4869/3709 3707/4874/3713 3706/4875/3714 3702/4871/3710
s 0
f 3702/4871/3715 3706/4875/3715 3704/4876/3715 3700/4872/3715
s 1
f 3705/4873/3712 3709/4877/3716 3711/4878/3717 3707/4874/3713
f 3707/4874/3713 3711/4878/3717 3710/4879/3718 3706/4875/3714
s 0
f 3706/4875/3719 3710/4879/3719 3708/4880/3719 3704/4876/3719
s 1
f 3709/4877/3716 3713/4881/3720 3715/4882/3721 3711/4878/3717
f 3711/4878/3717 3715/4882/3721 3714/4883/3722 3710/4879/3718
s 0
f 3710/4879/3723 3714/4883/3723 3712/4884/3723 3708/4880/3723
s 1
f 3713/4881/3720 3717/4885/3724 3719/4886/3725 3715/4882/3721
f 3715/4882/3721 3719/4886/3725 3718/4887/3726 3714/4883/3722
s 0
f 3714/4883/3727 3718/4887/3727 3716/4888/3727 3712/4884/3727
s 1
f 3717/4885/3724 3721/4889/3728 3723/4890/3729 3719/4886/3725
f 3719/4886/3725 3723/4890/3729 3722/4891/3730 3718/4887/3726
s 0
f 3718/4887/3731 3722/4891/3731 3720/4892/3731 3716/4888/3731
s 1
f 3721/4889/3728 3725/4893/3732 3727/4894/3733 3723/4890/3729
f 3723/4890/3729 3727/4894/3733 3726/4895/3734 3722/4891/3730
s 0
f 3722/4891/3735 3726/4895/3735 3724/4896/3735 3720/4892/3735
s 1
f 3725/4893/3732 3729/4897/3736 3731/4898/3737 3727/4894/3733
f 3727/4894/3733 3731/4898/3737 3730/4899/3738 3726/4895/3734
s 0
f 3726/4895/3739 3730/4899/3739 3728/4900/3739 3724/4896/3739
s 1
f 3729/4897/3736 3733/4901/3740 3735/4902/3741 3731/4898/3737
f 3731/4898/3737 3735/4902/3741 3734/4903/3742 3730/4899/3738
s 0
f 3730/4899/3743 3734/4903/3743 3732/4904/3743 3728/4900/3743
s 1
f 3733/4901/3740 3737/4905/3744 3739/4906/3745 3735/4902/3741
f 3735/4902/3741 3739/4906/3745 3738/4907/3746 3734/4903/3742
s 0
f 3734/4903/3747 3738/4907/3747 3736/4908/3747 3732/4904/3747
s 1
f 3737/4905/3744 3741/4909/3748 3743/4910/3749 3739/4906/3745
f 3739/4906/3745 3743/4910/3749 3742/4911/3750 3738/4907/3746
s 0
f 3738/4907/3751 3742/4911/3751 3740/4912/3751 3736/4908/3751
s 1
f 3741/4909/3748 3745/4913/3752 3747/4914/3753 3743/4910/3749
f 3743/4910/3749 3747/4914/3753 3746/4915/3754 3742/4911/3750
s 0
f 3742/4911/3755 3746/4915/3755 3744/4916/3755 3740/4912/3755
s 1
f 3745/4913/3752 3749/4917/3756 3751/4918/3757 3747/4914/3753
f 3747/4914/3753 3751/4918/3757 3750/4919/3758 3746/4915/3754
s 0
f 3746/4915/3759 3750/4919/3759 3748/4920/3759 3744/4916/3759
s 1
f 3749/4917/3756 3753/4921/3760 3755/4922/3761 3751/4918/3757
f 3751/4918/3757 3755/4922/3761 3754/4923/3762 3750/4919/3758
s 0
f 3750/4919/3763 3754/4923/3763 3752/4924/3763 3748/4920/3763
s 1
f 3753/4921/3760 3757/4925/3764 3759/4926/3765 3755/4922/3761
f 3755/4922/3761 3759/4926/3765 3758/4927/3766 3754/4923/3762
s 0
f 3754/4923/3767 3758/4927/3767 3756/4928/3767 3752/4924/3767
s 1
f 3757/4929/3764 3761/4930/3768 3763/4931/3769 3759/4932/3765
f 3759/4932/3765 3763/4931/3769 3762/4933/3770 3758/4934/3766
s 0
f 3758/4927/3771 3762/4935/3771 3760/4936/3771 3756/4928/3771
s 1
f 3761/4937/3768 3765/4938/3772 3767/4939/3773 3763/4940/3769
f 3763/4940/3769 3767/4939/3773 3766/4941/3774 3762/4935/3770
s 0
f 3762/4935/3775 3766/4941/3775 3764/4942/3775 3760/4936/3775
s 1
f 3765/4938/3772 3769/4943/3776 3771/4944/3777 3767/4939/3773
f 3767/4939/3773 3771/4944/3777 3770/4945/3778 3766/4941/3774
s 0
f 3766/4941/3779 3770/4945/3779 3768/4946/3779 3764/4942/3779
s 1
f 3769/4943/3776 3773/4947/3780 3775/4948/3781 3771/4944/3777
f 3771/4944/3777 3775/4948/3781 3774/4949/3782 3770/4945/3778
s 0
f 3770/4945/3783 3774/4949/3783 3772/4950/3783 3768/4946/3783
s 1
f 3773/4947/3780 3777/4951/3784 3779/4952/3785 3775/4948/3781
f 3775/4948/3781 3779/4952/3785 3778/4953/3786 3774/4949/3782
s 0
f 3774/4949/3787 3778/4953/3787 3776/4954/3787 3772/4950/3787
s 1
f 3777/4951/3784 3781/4955/3788 3783/4956/3789 3779/4952/3785
f 3779/4952/3785 3783/4956/3789 3782/4957/3790 3778/4953/3786
s 0
f 3778/4953/3791 3782/4957/3791 3780/4958/3791 3776/4954/3791
s 1
f 3781/4955/3788 3785/4959/3792 3787/4960/3793 3783/4956/3789
f 3783/4956/3789 3787/4960/3793 3786/4961/3794 3782/4957/3790
s 0
f 3782/4957/3795 3786/4961/3795 3784/4962/3795 3780/4958/3795
s 1
f 3785/4959/3792 3789/4963/3796 3791/4964/3797 3787/4960/3793
f 3787/4960/3793 3791/4964/3797 3790/4965/3798 3786/4961/3794
s 0
f 3786/4961/3799 3790/4965/3799 3788/4966/3799 3784/4962/3799
s 1
f 3789/4963/3796 3793/4967/3800 3795/4968/3801 3791/4964/3797
f 3791/4964/3797 3795/4968/3801 3794/4969/3802 3790/4965/3798
s 0
f 3790/4965/3803 3794/4969/3803 3792/4970/3803 3788/4966/3803
s 1
f 3793/4967/3800 3797/4971/3804 3799/4972/3805 3795/4968/3801
f 3795/4968/3801 3799/4972/3805 3798/4973/3806 3794/4969/3802
s 0
f 3794/4969/3807 3798/4973/3807 3796/4974/3807 3792/4970/3807
s 1
f 3797/4971/3804 3801/4975/3808 3803/4976/3809 3799/4972/3805
f 3799/4972/3805 3803/4976/3809 3802/4977/3810 3798/4973/3806
s 0
f 3798/4973/3811 3802/4977/3811 3800/4978/3811 3796/4974/3811
s 1
f 3801/4975/3808 3805/4979/3812 3807/4980/3813 3803/4976/3809
f 3803/4976/3809 3807/4980/3813 3806/4981/3814 3802/4977/3810
s 0
f 3802/4977/3815 3806/4981/3815 3804/4982/3815 3800/4978/3815
s 1
f 3805/4979/3812 3809/4983/3816 3811/4984/3817 3807/4980/3813
f 3807/4980/3813 3811/4984/3817 3810/4985/3818 3806/4981/3814
s 0
f 3806/4981/3819 3810/4985/3819 3808/4986/3819 3804/4982/3819
s 1
f 3809/4983/3816 3813/4987/3820 3815/4988/3821 3811/4984/3817
f 3811/4984/3817 3815/4988/3821 3814/4989/3822 3810/4985/3818
s 0
f 3810/4985/3823 3814/4989/3823 3812/4990/3823 3808/4986/3823
s 1
f 3813/4987/3820 3817/4991/3824 3819/4992/3825 3815/4988/3821
f 3815/4988/3821 3819/4992/3825 3818/4993/3826 3814/4989/3822
s 0
f 3814/4989/3827 3818/4993/3827 3816/4994/3827 3812/4990/3827
s 1
f 3817/4991/3824 3821/4995/3828 3823/4996/3829 3819/4992/3825
f 3819/4992/3825 3823/4996/3829 3822/4997/3830 3818/4993/3826
s 0
f 3818/4993/3831 3822/4997/3831 3820/4998/3831 3816/4994/3831
s 1
f 3821/4995/3828 3825/4999/3832 3827/5000/3833 3823/4996/3829
f 3823/4996/3829 3827/5000/3833 3826/5001/3834 3822/4997/3830
s 0
f 3822/4997/3835 3826/5001/3835 3824/5002/3835 3820/4998/3835
s 1
f 3825/5003/3832 3829/5004/3836 3831/5005/3837 3827/5006/3833
f 3827/5006/3833 3831/5005/3837 3830/5007/3838 3826/5008/3834
s 0
f 3826/5001/3839 3830/5009/3839 3828/5010/3839 3824/5002/3839
s 1
f 3829/5011/3836 3833/5012/3840 3835/5013/3841 3831/5014/3837
f 3831/5014/3837 3835/5013/3841 3834/5015/3842 3830/5009/3838
s 0
f 3830/5009/3843 3834/5015/3843 3832/5016/3843 3828/5010/3843
s 1
f 3833/5012/3840 3837/5017/3844 3839/5018/3845 3835/5013/3841
f 3835/5013/3841 3839/5018/3845 3838/5019/3846 3834/5015/3842
s 0
f 3834/5015/3847 3838/5019/3847 3836/5020/3847 3832/5016/3847
s 1
f 3837/5017/3844 3841/5021/3848 3843/5022/3849 3839/5018/3845
f 3839/5018/3845 3843/5022/3849 3842/5023/3850 3838/5019/3846
s 0
f 3838/5019/3851 3842/5023/3851 3840/5024/3851 3836/5020/3851
s 1
f 3841/5021/3848 3845/5025/3852 3847/5026/3853 3843/5022/3849
f 3843/5022/3849 3847/5026/3853 3846/5027/3854 3842/5023/3850
s 0
f 3842/5023/3855 3846/5027/3855 3844/5028/3855 3840/5024/3855
s 1
f 3845/5025/3852 3849/5029/3856 3851/5030/3857 3847/5026/3853
f 3847/5026/3853 3851/5030/3857 3850/5031/3858 3846/5027/3854
s 0
f 3846/5027/3859 3850/5031/3859 3848/5032/3859 3844/5028/3859
s 1
f 3849/5029/3856 3853/5033/3860 3855/5034/3861 3851/5030/3857
f 3851/5030/3857 3855/5034/3861 3854/5035/3862 3850/5031/3858
s 0
f 3850/5031/3863 3854/5035/3863 3852/5036/3863 3848/5032/3863
s 1
f 3853/5033/3860 3857/5037/3864 3859/5038/3865 3855/5034/3861
f 3855/5034/3861 3859/5038/3865 3858/5039/3866 3854/5035/3862
s 0
f 3854/5035/3867 3858/5039/3867 3856/5040/3867 3852/5036/3867
s 1
f 3857/5037/3864 3861/5041/3868 3863/5042/3869 3859/5038/3865
f 3859/5038/3865 3863/5042/3869 3862/5043/3870 3858/5039/3866
s 0
f 3858/5039/3871 3862/5043/3871 3860/5044/3871 3856/5040/3871
s 1
f 3861/5041/3868 3865/5045/3872 3867/5046/3873 3863/5042/3869
f 3863/5042/3869 3867/5046/3873 3866/5047/3874 3862/5043/3870
s 0
f 3862/5043/3875 3866/5047/3875 3864/5048/3875 3860/5044/3875
s 1
f 3865/5045/3872 3869/5049/3876 3871/5050/3877 3867/5046/3873
f 3867/5046/3873 3871/5050/3877 3870/5051/3878 3866/5047/3874
s 0
f 3866/5047/3879 3870/5051/3879 3868/5052/3879 3864/5048/3879
s 1
f 3869/5049/3876 3873/5053/3880 3875/5054/3881 3871/5050/3877
f 3871/5050/3877 3875/5054/3881 3874/5055/3882 3870/5051/3878
s 0
f 3870/5051/3883 3874/5055/3883 3872/5056/3883 3868/5052/3883
s 1
f 3873/5053/3880 3877/5057/3884 3879/5058/3885 3875/5054/3881
f 3875/5054/3881 3879/5058/3885 3878/5059/3886 3874/5055/3882
s 0
f 3874/5055/3887 3878/5059/3887 3876/5060/3887 3872/5056/3887
s 1
f 3877/5057/3884 3881/5061/3888 3883/5062/3889 3879/5058/3885
f 3879/5058/3885 3883/5062/3889 3882/5063/3890 3878/5059/3886
s 0
f 3878/5059/3891 3882/5063/3891 3880/5064/3891 3876/5060/3891
s 1
f 3881/5061/3888 3885/5065/3892 3887/5066/3893 3883/5062/3889
f 3883/5062/3889 3887/5066/3893 3886/5067/3894 3882/5063/3890
s 0
f 3882/5063/3895 3886/5067/3895 3884/5068/3895 3880/5064/3895
f 3632/4800/3896 3884/5068/3896 3886/5067/3896 3634/4797/3896
f 3634/4797/3897 3886/5067/3897 3887/5066/3897 3635/5069/3897
s 1
f 3635/5069/3644 3887/5066/3893 3885/5065/3892 3633/5070/3641
f 3116/3864/2874 2865/3863/2873 3121/4119/3129 3372/4446/3381
s 0
f 3117/3869/3898 3113/3871/3898 3109/3875/3898 3105/3879/3898 3101/3883/3898 3097/3887/3898 3093/3891/3898 3089/3895/3898 3085/3899/3898 3081/3903/3898 3077/3907/3898 3073/3911/3898 3069/3915/3898 3065/3919/3898 3061/3923/3898 3057/3927/3898 3053/3931/3898 3049/3935/3898 3045/3939/3898 3041/3943/3898 3037/3947/3898 3033/3951/3898 3029/3955/3898 3025/3959/3898 3021/3963/3898 3017/3967/3898 3013/3971/3898 3009/3975/3898 3005/3979/3898 3001/3983/3898 2997/3987/3898 2993/3991/3898 2989/3995/3898 2985/3999/3898 2981/4003/3898 2977/4007/3898 2973/4011/3898 2969/4015/3898 2965/4019/3898 2961/4023/3898 2957/4027/3898 2953/4031/3898 2949/4035/3898 2945/4039/3898 2941/4043/3898 2937/4047/3898 2933/4051/3898 2929/4055/3898 2925/4059/3898 2921/4063/3898 2917/4067/3898 2913/4071/3898 2909/4075/3898 2905/4079/3898 2901/4083/3898 2897/4087/3898 2893/4091/3898 2889/4095/3898 2885/4099/3898 2881/4103/3898 2877/4107/3898 2873/4111/3898 2869/4115/3898 2864/3870/3898
s 1
f 2865/3863/2873 2868/4118/3126 3124/4120/3130 3121/4119/3129
f 2868/4118/3126 2872/4114/3122 3128/4129/3137 3124/4120/3130
f 2872/4114/3122 2876/4110/3118 3132/4134/3141 3128/4129/3137
f 2876/4110/3118 2880/4106/3114 3136/4139/3145 3132/4134/3141
f 2880/4106/3114 2884/4102/3110 3140/4144/3149 3136/4139/3145
f 2884/4102/3110 2888/4098/3106 3144/4149/3153 3140/4144/3149
f 2888/4098/3106 2892/4094/3102 3148/4154/3157 3144/4149/3153
f 2892/4094/3102 2896/4090/3098 3152/4159/3161 3148/4154/3157
f 2896/4090/3098 2900/4086/3094 3156/4164/3165 3152/4159/3161
f 2900/4086/3094 2904/4082/3090 3160/4172/3169 3156/4164/3165
f 2904/4082/3090 2908/4078/3086 3164/4177/3173 3160/4172/3169
f 2908/4078/3086 2912/4074/3082 3168/4182/3177 3164/4177/3173
f 2912/4074/3082 2916/4070/3078 3172/4187/3181 3168/4182/3177
f 2916/4070/3078 2920/4066/3074 3176/4192/3185 3172/4187/3181
f 2920/4066/3074 2924/4062/3070 3180/4197/3189 3176/4192/3185
f 2924/4062/3070 2928/4058/3066 3184/4202/3193 3180/4197/3189
f 2928/4058/3066 2932/4054/3062 3188/4207/3197 3184/4202/3193
f 2932/4054/3062 2936/4050/3058 3192/4212/3201 3188/4207/3197
f 2936/4050/3058 2940/4046/3054 3196/4217/3205 3192/4212/3201
f 2940/4046/3054 2944/4042/3050 3200/4222/3209 3196/4217/3205
f 2944/4042/3050 2948/4038/3046 3204/4227/3213 3200/4222/3209
f 2948/4038/3046 2952/4034/3042 3208/4232/3217 3204/4227/3213
f 2952/4034/3042 2956/4030/3038 3212/4237/3221 3208/4232/3217
f 2956/4030/3038 2960/4026/3034 3216/4242/3225 3212/4237/3221
f 2960/4026/3034 2964/4022/3030 3220/4247/3229 3216/4242/3225
f 2964/4022/3030 2968/4018/3026 3224/4255/3233 3220/4247/3229
f 2968/4018/3026 2972/4014/3022 3228/4260/3237 3224/4255/3233
f 2972/4014/3022 2976/4010/3018 3232/4265/3241 3228/4260/3237
f 2976/4010/3018 2980/4006/3014 3236/4270/3245 3232/4265/3241
f 2980/4006/3014 2984/4002/3010 3240/4275/3249 3236/4270/3245
f 2984/4002/3010 2988/3998/3006 3244/4280/3253 3240/4275/3249
f 2988/3998/3006 2992/3994/3002 3248/4285/3257 3244/4280/3253
f 2992/3994/3002 2996/3990/2998 3252/4290/3261 3248/4285/3257
f 2996/3990/2998 3000/3986/2994 3256/4295/3265 3252/4290/3261
f 3000/3986/2994 3004/3982/2990 3260/4300/3269 3256/4295/3265
f 3004/3982/2990 3008/3978/2986 3264/4305/3273 3260/4300/3269
f 3008/3978/2986 3012/3974/2982 3268/4310/3277 3264/4305/3273
f 3012/3974/2982 3016/3970/2978 3272/4315/3281 3268/4310/3277
f 3016/3970/2978 3020/3966/2974 3276/4320/3285 3272/4315/3281
f 3020/3966/2974 3024/3962/2970 3280/4325/3289 3276/4320/3285
f 3024/3962/2970 3028/3958/2966 3284/4330/3293 3280/4325/3289
f 3028/3958/2966 3032/3954/2962 3288/4338/3297 3284/4330/3293
f 3032/3954/2962 3036/3950/2958 3292/4343/3301 3288/4338/3297
f 3036/3950/2958 3040/3946/2954 3296/4348/3305 3292/4343/3301
f 3040/3946/2954 3044/3942/2950 3300/4353/3309 3296/4348/3305
f 3044/3942/2950 3048/3938/2946 3304/4358/3313 3300/4353/3309
f 3048/3938/2946 3052/3934/2942 3308/4363/3317 3304/4358/3313
f 3052/3934/2942 3056/3930/2938 3312/4368/3321 3308/4363/3317
f 3056/3930/2938 3060/3926/2934 3316/4373/3325 3312/4368/3321
f 3060/3926/2934 3064/3922/2930 3320/4378/3329 3316/4373/3325
f 3064/3922/2930 3068/3918/2926 3324/4383/3333 3320/4378/3329
f 3068/3918/2926 3072/3914/2922 3328/4388/3337 3324/4383/3333
f 3072/3914/2922 3076/3910/2918 3332/4393/3341 3328/4388/3337
f 3076/3910/2918 3080/3906/2914 3336/4398/3345 3332/4393/3341
f 3080/3906/2914 3084/3902/2910 3340/4403/3349 3336/4398/3345
f 3084/3902/2910 3088/3898/2906 3344/4408/3353 3340/4403/3349
f 3088/3898/2906 3092/3894/2902 3348/4413/3357 3344/4408/3353
f 3092/3894/2902 3096/3890/2898 3352/4421/3361 3348/4413/3357
f 3096/3890/2898 3100/3886/2894 3356/4426/3365 3352/4421/3361
f 3100/3886/2894 3104/3882/2890 3360/4431/3369 3356/4426/3365
f 3104/3882/2890 3108/3878/2886 3364/4436/3373 3360/4431/3369
f 3108/3878/2886 3112/3874/2882 3368/4441/3377 3364/4436/3373
f 3112/3874/2882 3116/3864/2874 3372/4446/3381 3368/4441/3377
f 3373/4450/3384 3120/4128/3136 3377/4451/3385 3628/4784/3637
f 3120/4128/3136 3125/4127/3135 3380/4452/3386 3377/4451/3385
f 3125/4127/3135 3129/4133/3140 3384/4459/3393 3380/4452/3386
f 3129/4133/3140 3133/4138/3144 3388/4466/3397 3384/4459/3393
f 3133/4138/3144 3137/4143/3148 3392/4471/3401 3388/4466/3397
f 3137/4143/3148 3141/4148/3152 3396/4476/3405 3392/4471/3401
f 3141/4148/3152 3145/4153/3156 3400/4481/3409 3396/4476/3405
f 3145/4153/3156 3149/4158/3160 3404/4486/3413 3400/4481/3409
f 3149/4158/3160 3153/4163/3164 3408/4491/3417 3404/4486/3413
f 3153/4171/3164 3157/4170/3168 3412/4497/3421 3408/4496/3417
f 3157/4170/3168 3161/4176/3172 3416/4504/3425 3412/4497/3421
f 3161/4176/3172 3165/4181/3176 3420/4509/3429 3416/4504/3425
f 3165/4181/3176 3169/4186/3180 3424/4514/3433 3420/4509/3429
f 3169/4186/3180 3173/4191/3184 3428/4519/3437 3424/4514/3433
f 3173/4191/3184 3177/4196/3188 3432/4524/3441 3428/4519/3437
f 3177/4196/3188 3181/4201/3192 3436/4529/3445 3432/4524/3441
f 3181/4201/3192 3185/4206/3196 3440/4534/3449 3436/4529/3445
f 3185/4206/3196 3189/4211/3200 3444/4539/3453 3440/4534/3449
f 3189/4211/3200 3193/4216/3204 3448/4546/3457 3444/4539/3453
f 3193/4216/3204 3197/4221/3208 3452/4551/3461 3448/4546/3457
f 3197/4221/3208 3201/4226/3212 3456/4556/3465 3452/4551/3461
f 3201/4226/3212 3205/4231/3216 3460/4561/3469 3456/4556/3465
f 3205/4231/3216 3209/4236/3220 3464/4566/3473 3460/4561/3469
f 3209/4236/3220 3213/4241/3224 3468/4571/3477 3464/4566/3473
f 3213/4241/3224 3217/4246/3228 3472/4576/3481 3468/4571/3477
f 3217/4254/3228 3221/4253/3232 3476/4582/3485 3472/4581/3481
f 3221/4253/3232 3225/4259/3236 3480/4589/3489 3476/4582/3485
f 3225/4259/3236 3229/4264/3240 3484/4594/3493 3480/4589/3489
f 3229/4264/3240 3233/4269/3244 3488/4599/3497 3484/4594/3493
f 3233/4269/3244 3237/4274/3248 3492/4604/3501 3488/4599/3497
f 3237/4274/3248 3241/4279/3252 3496/4609/3505 3492/4604/3501
f 3241/4279/3252 3245/4284/3256 3500/4614/3509 3496/4609/3505
f 3245/4284/3256 3249/4289/3260 3504/4619/3513 3500/4614/3509
f 3249/4289/3260 3253/4294/3264 3508/4624/3517 3504/4619/3513
f 3253/4294/3264 3257/4299/3268 3512/4631/3521 3508/4624/3517
f 3257/4299/3268 3261/4304/3272 3516/4636/3525 3512/4631/3521
f 3261/4304/3272 3265/4309/3276 3520/4641/3529 3516/4636/3525
f 3265/4309/3276 3269/4314/3280 3524/4646/3533 3520/4641/3529
f 3269/4314/3280 3273/4319/3284 3528/4651/3537 3524/4646/3533
f 3273/4319/3284 3277/4324/3288 3532/4656/3541 3528/4651/3537
f 3277/4324/3288 3281/4329/3292 3536/4661/3545 3532/4656/3541
f 3281/4337/3292 3285/4336/3296 3540/4667/3549 3536/4666/3545
f 3285/4336/3296 3289/4342/3300 3544/4674/3553 3540/4667/3549
f 3289/4342/3300 3293/4347/3304 3548/4679/3557 3544/4674/3553
f 3293/4347/3304 3297/4352/3308 3552/4684/3561 3548/4679/3557
f 3297/4352/3308 3301/4357/3312 3556/4689/3565 3552/4684/3561
f 3301/4357/3312 3305/4362/3316 3560/4694/3569 3556/4689/3565
f 3305/4362/3316 3309/4367/3320 3564/4699/3573 3560/4694/3569
f 3309/4367/3320 3313/4372/3324 3568/4704/3577 3564/4699/3573
f 3313/4372/3324 3317/4377/3328 3572/4709/3581 3568/4704/3577
f 3317/4377/3328 3321/4382/3332 3576/4714/3585 3572/4709/3581
f 3321/4382/3332 3325/4387/3336 3580/4721/3589 3576/4714/3585
f 3325/4387/3336 3329/4392/3340 3584/4726/3593 3580/4721/3589
f 3329/4392/3340 3333/4397/3344 3588/4731/3597 3584/4726/3593
f 3333/4397/3344 3337/4402/3348 3592/4736/3601 3588/4731/3597
f 3337/4402/3348 3341/4407/3352 3596/4741/3605 3592/4736/3601
f 3341/4407/3352 3345/4412/3356 3600/4746/3609 3596/4741/3605
f 3345/4420/3356 3349/4419/3360 3604/4752/3613 3600/4751/3609
f 3349/4419/3360 3353/4425/3364 3608/4759/3617 3604/4752/3613
f 3353/4425/3364 3357/4430/3368 3612/4764/3621 3608/4759/3617
f 3357/4430/3368 3361/4435/3372 3616/4769/3625 3612/4764/3621
f 3361/4435/3372 3365/4440/3376 3620/4774/3629 3616/4769/3625
f 3365/4440/3376 3369/4445/3380 3624/4779/3633 3620/4774/3629
f 3369/4445/3380 3373/4450/3384 3628/4784/3637 3624/4779/3633
f 3629/4788/3640 3376/4789/3392 3633/5070/3641 3885/5065/3892
f 3376/4458/3392 3381/4457/3391 3637/4792/3642 3633/4791/3641
f 3381/4465/3391 3385/4464/3396 3641/4802/3648 3637/4801/3642
f 3385/4464/3396 3389/4470/3400 3645/4807/3652 3641/4802/3648
f 3389/4470/3400 3393/4475/3404 3649/4811/3656 3645/4807/3652
f 3393/4475/3404 3397/4480/3408 3653/4815/3660 3649/4811/3656
f 3397/4480/3408 3401/4485/3412 3657/4819/3664 3653/4815/3660
f 3401/4485/3412 3405/4490/3416 3661/4823/3668 3657/4819/3664
f 3405/4490/3416 3409/4495/3420 3665/4827/3672 3661/4823/3668
f 3409/4495/3420 3413/4503/3424 3669/4831/3676 3665/4827/3672
f 3413/4503/3424 3417/4508/3428 3673/4835/3680 3669/4831/3676
f 3417/4508/3428 3421/4513/3432 3677/4839/3684 3673/4835/3680
f 3421/4513/3432 3425/4518/3436 3681/4843/3688 3677/4839/3684
f 3425/4518/3436 3429/4523/3440 3685/4847/3692 3681/4843/3688
f 3429/4523/3440 3433/4528/3444 3689/4851/3696 3685/4847/3692
f 3433/4528/3444 3437/4533/3448 3693/4855/3700 3689/4851/3696
f 3437/4538/3448 3441/4537/3452 3697/4860/3704 3693/4859/3700
f 3441/4545/3452 3445/4544/3456 3701/4868/3708 3697/4867/3704
f 3445/4544/3456 3449/4550/3460 3705/4873/3712 3701/4868/3708
f 3449/4550/3460 3453/4555/3464 3709/4877/3716 3705/4873/3712
f 3453/4555/3464 3457/4560/3468 3713/4881/3720 3709/4877/3716
f 3457/4560/3468 3461/4565/3472 3717/4885/3724 3713/4881/3720
f 3461/4565/3472 3465/4570/3476 3721/4889/3728 3717/4885/3724
f 3465/4570/3476 3469/4575/3480 3725/4893/3732 3721/4889/3728
f 3469/4575/3480 3473/4580/3484 3729/4897/3736 3725/4893/3732
f 3473/4580/3484 3477/4588/3488 3733/4901/3740 3729/4897/3736
f 3477/4588/3488 3481/4593/3492 3737/4905/3744 3733/4901/3740
f 3481/4593/3492 3485/4598/3496 3741/4909/3748 3737/4905/3744
f 3485/4598/3496 3489/4603/3500 3745/4913/3752 3741/4909/3748
f 3489/4603/3500 3493/4608/3504 3749/4917/3756 3745/4913/3752
f 3493/4608/3504 3497/4613/3508 3753/4921/3760 3749/4917/3756
f 3497/4613/3508 3501/4618/3512 3757/4925/3764 3753/4921/3760
f 3501/4623/3512 3505/4622/3516 3761/4930/3768 3757/4929/3764
f 3505/4630/3516 3509/4629/3520 3765/4938/3772 3761/4937/3768
f 3509/4629/3520 3513/4635/3524 3769/4943/3776 3765/4938/3772
f 3513/4635/3524 3517/4640/3528 3773/4947/3780 3769/4943/3776
f 3517/4640/3528 3521/4645/3532 3777/4951/3784 3773/4947/3780
f 3521/4645/3532 3525/4650/3536 3781/4955/3788 3777/4951/3784
f 3525/4650/3536 3529/4655/3540 3785/4959/3792 3781/4955/3788
f 3529/4655/3540 3533/4660/3544 3789/4963/3796 3785/4959/3792
f 3533/4660/3544 3537/4665/3548 3793/4967/3800 3789/4963/3796
f 3537/4665/3548 3541/4673/3552 3797/4971/3804 3793/4967/3800
f 3541/4673/3552 3545/4678/3556 3801/4975/3808 3797/4971/3804
f 3545/4678/3556 3549/4683/3560 3805/4979/3812 3801/4975/3808
f 3549/4683/3560 3553/4688/3564 3809/4983/3816 3805/4979/3812
f 3553/4688/3564 3557/4693/3568 3813/4987/3820 3809/4983/3816
f 3557/4693/3568 3561/4698/3572 3817/4991/3824 3813/4987/3820
f 3561/4698/3572 3565/4703/3576 3821/4995/3828 3817/4991/3824
f 3565/4703/3576 3569/4708/3580 3825/4999/3832 3821/4995/3828
f 3569/4713/3580 3573/4712/3584 3829/5004/3836 3825/5003/3832
f 3573/4720/3584 3577/4719/3588 3833/5012/3840 3829/5011/3836
f 3577/4719/3588 3581/4725/3592 3837/5017/3844 3833/5012/3840
f 3581/4725/3592 3585/4730/3596 3841/5021/3848 3837/5017/3844
f 3585/4730/3596 3589/4735/3600 3845/5025/3852 3841/5021/3848
f 3589/4735/3600 3593/4740/3604 3849/5029/3856 3845/5025/3852
f 3593/4740/3604 3597/4745/3608 3853/5033/3860 3849/5029/3856
f 3597/4745/3608 3601/4750/3612 3857/5037/3864 3853/5033/3860
f 3601/4750/3612 3605/4758/3616 3861/5041/3868 3857/5037/3864
f 3605/4758/3616 3609/4763/3620 3865/5045/3872 3861/5041/3868
f 3609/4763/3620 3613/4768/3624 3869/5049/3876 3865/5045/3872
f 3613/4768/3624 3617/4773/3628 3873/5053/3880 3869/5049/3876
f 3617/4773/3628 3621/4778/3632 3877/5057/3884 3873/5053/3880
f 3621/4778/3632 3625/4783/3636 3881/5061/3888 3877/5057/3884
f 3625/4783/3636 3629/4788/3640 3885/5065/3892 3881/5061/3888
s 0
f 3632/4800/3899 3636/4799/3899 3640/4806/3899 3644/4810/3899 3648/4814/3899 3652/4818/3899 3656/4822/3899 3660/4826/3899 3664/4830/3899 3668/4834/3899 3672/4838/3899 3676/4842/3899 3680/4846/3899 3684/4850/3899 3688/4854/3899 3692/4858/3899 3696/4866/3899 3700/4872/3899 3704/4876/3899 3708/4880/3899 3712/4884/3899 3716/4888/3899 3720/4892/3899 3724/4896/3899 3728/4900/3899 3732/4904/3899 3736/4908/3899 3740/4912/3899 3744/4916/3899 3748/4920/3899 3752/4924/3899 3756/4928/3899 3760/4936/3899 3764/4942/3899 3768/4946/3899 3772/4950/3899 3776/4954/3899 3780/4958/3899 3784/4962/3899 3788/4966/3899 3792/4970/3899 3796/4974/3899 3800/4978/3899 3804/4982/3899 3808/4986/3899 3812/4990/3899 3816/4994/3899 3820/4998/3899 3824/5002/3899 3828/5010/3899 3832/5016/3899 3836/5020/3899 3840/5024/3899 3844/5028/3899 3848/5032/3899 3852/5036/3899 3856/5040/3899 3860/5044/3899 3864/5048/3899 3868/5052/3899 3872/5056/3899 3876/5060/3899 3880/5064/3899 3884/5068/3899
o Exposed_end_grain_in_eye
v -0.430301 0.020381 -0.322899
v -0.429976 0.020388 -0.323198
v -0.430147 0.020382 -0.322939
v -0.430028 0.020384 -0.323049
v -0.430025 0.019681 -0.323216
v -0.430346 0.019716 -0.322916
v -0.430076 0.019684 -0.323066
v -0.430194 0.019696 -0.322956
v -0.430169 0.018981 -0.323233
v -0.430482 0.019056 -0.322932
v -0.430219 0.018990 -0.323083
v -0.430334 0.019017 -0.322973
v -0.430408 0.018295 -0.323251
v -0.430708 0.018408 -0.322948
v -0.430456 0.018309 -0.323101
v -0.430566 0.018350 -0.322990
v -0.430739 0.017629 -0.323267
v -0.431022 0.017776 -0.322964
v -0.430785 0.017647 -0.323117
v -0.430889 0.017701 -0.323006
v -0.431160 0.016989 -0.323283
v -0.431422 0.017166 -0.322979
v -0.431203 0.017012 -0.323133
v -0.431299 0.017077 -0.323022
v -0.431666 0.016382 -0.323299
v -0.431906 0.016586 -0.322994
v -0.431705 0.016409 -0.323148
v -0.431793 0.016484 -0.323037
v -0.432252 0.015814 -0.323313
v -0.432468 0.016040 -0.323008
v -0.432287 0.015844 -0.323162
v -0.432367 0.015927 -0.323051
v -0.432912 0.015289 -0.323326
v -0.433105 0.015534 -0.323020
v -0.432944 0.015323 -0.323175
v -0.433015 0.015413 -0.323063
v -0.433641 0.014814 -0.323338
v -0.433809 0.015075 -0.323032
v -0.433669 0.014850 -0.323187
v -0.433731 0.014945 -0.323075
v -0.434431 0.014393 -0.323348
v -0.434575 0.014666 -0.323042
v -0.434455 0.014430 -0.323198
v -0.434508 0.014531 -0.323086
v -0.435275 0.014029 -0.323358
v -0.435394 0.014313 -0.323051
v -0.435295 0.014068 -0.323207
v -0.435338 0.014172 -0.323094
v -0.436164 0.013726 -0.323365
v -0.436259 0.014018 -0.323058
v -0.436180 0.013767 -0.323214
v -0.436215 0.013874 -0.323102
v -0.437090 0.013488 -0.323371
v -0.437161 0.013786 -0.323064
v -0.437102 0.013530 -0.323220
v -0.437128 0.013639 -0.323108
v -0.438044 0.013316 -0.323375
v -0.438092 0.013618 -0.323068
v -0.438052 0.013358 -0.323225
v -0.438070 0.013469 -0.323112
v -0.439018 0.013212 -0.323378
v -0.439041 0.013517 -0.323071
v -0.439021 0.013255 -0.323227
v -0.439030 0.013366 -0.323115
v -0.440000 0.013177 -0.323379
v -0.440000 0.013483 -0.323072
v -0.440000 0.013220 -0.323228
v -0.440000 0.013332 -0.323116
v -0.440982 0.013212 -0.323378
v -0.440959 0.013517 -0.323071
v -0.440978 0.013255 -0.323227
v -0.440970 0.013366 -0.323115
v -0.441956 0.013316 -0.323375
v -0.441908 0.013618 -0.323068
v -0.441948 0.013358 -0.323225
v -0.441930 0.013469 -0.323112
v -0.442910 0.013488 -0.323371
v -0.442839 0.013786 -0.323064
v -0.442898 0.013530 -0.323220
v -0.442872 0.013639 -0.323108
v -0.443836 0.013726 -0.323365
v -0.443741 0.014018 -0.323058
v -0.443820 0.013767 -0.323214
v -0.443785 0.013874 -0.323102
v -0.444725 0.014029 -0.323358
v -0.444606 0.014313 -0.323051
v -0.444705 0.014068 -0.323207
v -0.444661 0.014172 -0.323094
v -0.445569 0.014393 -0.323348
v -0.445425 0.014666 -0.323042
v -0.445545 0.014430 -0.323198
v -0.445492 0.014531 -0.323086
v -0.446359 0.014814 -0.323338
v -0.446191 0.015075 -0.323032
v -0.446331 0.014850 -0.323187
v -0.446269 0.014945 -0.323075
v -0.447088 0.015289 -0.323326
v -0.446895 0.015534 -0.323020
v -0.447056 0.015323 -0.323175
v -0.446985 0.015413 -0.323063
v -0.447748 0.015814 -0.323313
v -0.447532 0.016040 -0.323008
v -0.447713 0.015844 -0.323162
v -0.447633 0.015927 -0.323051
v -0.448334 0.016382 -0.323299
v -0.448094 0.016586 -0.322994
v -0.448295 0.016409 -0.323148
v -0.448207 0.016484 -0.323037
v -0.448840 0.016989 -0.323283
v -0.448578 0.017166 -0.322979
v -0.448797 0.017012 -0.323133
v -0.448701 0.017077 -0.323022
v -0.449261 0.017629 -0.323267
v -0.448978 0.017776 -0.322964
v -0.449215 0.017647 -0.323117
v -0.449111 0.017701 -0.323006
v -0.449592 0.018295 -0.323251
v -0.449292 0.018408 -0.322948
v -0.449544 0.018309 -0.323101
v -0.449434 0.018350 -0.322990
v -0.449831 0.018981 -0.323233
v -0.449518 0.019056 -0.322932
v -0.449781 0.018990 -0.323083
v -0.449666 0.019017 -0.322973
v -0.449975 0.019681 -0.323216
v -0.449654 0.019716 -0.322916
v -0.449924 0.019684 -0.323066
v -0.449806 0.019696 -0.322956
v -0.450024 0.020388 -0.323198
v -0.449699 0.020381 -0.322899
v -0.449972 0.020384 -0.323049
v -0.449853 0.020382 -0.322939
v -0.449975 0.021095 -0.323180
v -0.449654 0.021045 -0.322882
v -0.449924 0.021085 -0.323031
v -0.449806 0.021067 -0.322922
v -0.449831 0.021795 -0.323163
v -0.449518 0.021705 -0.322866
v -0.449781 0.021779 -0.323014
v -0.449666 0.021746 -0.322905
v -0.449592 0.022481 -0.323146
v -0.449292 0.022353 -0.322850
v -0.449544 0.022460 -0.322997
v -0.449434 0.022413 -0.322888
v -0.449261 0.023147 -0.323129
v -0.448978 0.022985 -0.322834
v -0.449215 0.023121 -0.322980
v -0.449111 0.023062 -0.322872
v -0.448840 0.023787 -0.323113
v -0.448578 0.023595 -0.322819
v -0.448797 0.023756 -0.322964
v -0.448701 0.023686 -0.322857
v -0.448334 0.024394 -0.323098
v -0.448094 0.024175 -0.322804
v -0.448295 0.024359 -0.322949
v -0.448207 0.024279 -0.322842
v -0.447748 0.024962 -0.323084
v -0.447532 0.024721 -0.322791
v -0.447713 0.024924 -0.322935
v -0.447633 0.024836 -0.322828
v -0.447088 0.025487 -0.323071
v -0.446895 0.025227 -0.322778
v -0.447056 0.025446 -0.322922
v -0.446985 0.025351 -0.322815
v -0.446359 0.025962 -0.323059
v -0.446191 0.025686 -0.322766
v -0.446331 0.025919 -0.322910
v -0.446269 0.025818 -0.322803
v -0.445569 0.026383 -0.323049
v -0.445425 0.026095 -0.322756
v -0.445545 0.026338 -0.322900
v -0.445492 0.026232 -0.322793
v -0.444725 0.026747 -0.323040
v -0.444606 0.026448 -0.322747
v -0.444705 0.026700 -0.322891
v -0.444661 0.026591 -0.322784
v -0.443836 0.027050 -0.323032
v -0.443741 0.026743 -0.322740
v -0.443820 0.027002 -0.322883
v -0.443785 0.026889 -0.322776
v -0.442910 0.027288 -0.323026
v -0.442839 0.026975 -0.322734
v -0.442898 0.027239 -0.322877
v -0.442872 0.027124 -0.322771
v -0.441956 0.027460 -0.323022
v -0.441908 0.027143 -0.322730
v -0.441948 0.027410 -0.322873
v -0.441930 0.027294 -0.322766
v -0.440982 0.027564 -0.323019
v -0.440959 0.027244 -0.322727
v -0.440978 0.027514 -0.322871
v -0.440970 0.027397 -0.322764
v -0.440000 0.027599 -0.323018
v -0.440000 0.027278 -0.322727
v -0.440000 0.027548 -0.322870
v -0.440000 0.027431 -0.322763
v -0.439018 0.027564 -0.323019
v -0.439041 0.027244 -0.322727
v -0.439021 0.027514 -0.322871
v -0.439030 0.027397 -0.322764
v -0.438044 0.027460 -0.323022
v -0.438092 0.027143 -0.322730
v -0.438052 0.027410 -0.322873
v -0.438070 0.027294 -0.322766
v -0.437090 0.027288 -0.323026
v -0.437161 0.026975 -0.322734
v -0.437102 0.027239 -0.322877
v -0.437128 0.027124 -0.322771
v -0.436164 0.027050 -0.323032
v -0.436259 0.026743 -0.322740
v -0.436180 0.027002 -0.322883
v -0.436215 0.026889 -0.322776
v -0.435275 0.026747 -0.323040
v -0.435394 0.026448 -0.322747
v -0.435295 0.026700 -0.322891
v -0.435338 0.026591 -0.322784
v -0.434431 0.026383 -0.323049
v -0.434575 0.026095 -0.322756
v -0.434455 0.026338 -0.322900
v -0.434508 0.026232 -0.322793
v -0.433641 0.025962 -0.323059
v -0.433809 0.025686 -0.322766
v -0.433669 0.025919 -0.322910
v -0.433731 0.025818 -0.322803
v -0.432912 0.025487 -0.323071
v -0.433105 0.025227 -0.322778
v -0.432944 0.025446 -0.322922
v -0.433015 0.025351 -0.322815
v -0.432252 0.024962 -0.323084
v -0.432468 0.024721 -0.322791
v -0.432287 0.024924 -0.322935
v -0.432367 0.024836 -0.322828
v -0.431666 0.024394 -0.323098
v -0.431906 0.024175 -0.322804
v -0.431705 0.024359 -0.322949
v -0.431793 0.024279 -0.322842
v -0.431160 0.023787 -0.323113
v -0.431422 0.023595 -0.322819
v -0.431203 0.023756 -0.322964
v -0.431299 0.023686 -0.322857
v -0.430739 0.023147 -0.323129
v -0.431022 0.022985 -0.322834
v -0.430785 0.023121 -0.322980
v -0.430889 0.023062 -0.322872
v -0.430408 0.022481 -0.323146
v -0.430708 0.022353 -0.322850
v -0.430456 0.022460 -0.322997
v -0.430566 0.022413 -0.322888
v -0.430169 0.021795 -0.323163
v -0.430482 0.021705 -0.322866
v -0.430219 0.021779 -0.323014
v -0.430334 0.021746 -0.322905
v -0.430025 0.021095 -0.323180
v -0.430346 0.021045 -0.322882
v -0.430076 0.021085 -0.323031
v -0.430194 0.021067 -0.322922
v -0.429651 0.020586 -0.331097
v -0.429374 0.020578 -0.330797
v -0.429504 0.020585 -0.331056
v -0.429402 0.020582 -0.330947
v -0.429699 0.019887 -0.331114
v -0.429425 0.019839 -0.330816
v -0.429553 0.019866 -0.331074
v -0.429453 0.019848 -0.330965
v -0.429844 0.019194 -0.331131
v -0.429578 0.019108 -0.330834
v -0.429703 0.019153 -0.331092
v -0.429605 0.019121 -0.330983
v -0.430085 0.018513 -0.331148
v -0.429831 0.018391 -0.330852
v -0.429950 0.018453 -0.331110
v -0.429857 0.018408 -0.331001
v -0.430420 0.017849 -0.331165
v -0.430183 0.017695 -0.330869
v -0.430293 0.017772 -0.331127
v -0.430206 0.017716 -0.331019
v -0.430848 0.017208 -0.331181
v -0.430628 0.017026 -0.330886
v -0.430730 0.017118 -0.331143
v -0.430650 0.017051 -0.331035
v -0.431364 0.016598 -0.331196
v -0.431165 0.016392 -0.330902
v -0.431257 0.016495 -0.331159
v -0.431184 0.016420 -0.331051
v -0.431964 0.016024 -0.331211
v -0.431786 0.015798 -0.330917
v -0.431868 0.015911 -0.331173
v -0.431803 0.015828 -0.331066
v -0.432643 0.015493 -0.331224
v -0.432486 0.015250 -0.330930
v -0.432559 0.015371 -0.331187
v -0.432501 0.015282 -0.331079
v -0.433395 0.015010 -0.331236
v -0.433259 0.014754 -0.330943
v -0.433321 0.014881 -0.331199
v -0.433271 0.014787 -0.331092
v -0.434212 0.014581 -0.331247
v -0.434096 0.014313 -0.330954
v -0.434149 0.014446 -0.331210
v -0.434107 0.014348 -0.331103
v -0.435086 0.014210 -0.331256
v -0.434991 0.013933 -0.330963
v -0.435034 0.014070 -0.331219
v -0.434999 0.013969 -0.331112
v -0.436009 0.013900 -0.331264
v -0.435934 0.013617 -0.330971
v -0.435968 0.013757 -0.331227
v -0.435940 0.013653 -0.331120
v -0.436972 0.013656 -0.331270
v -0.436915 0.013368 -0.330977
v -0.436941 0.013510 -0.331233
v -0.436920 0.013405 -0.331126
v -0.437964 0.013480 -0.331274
v -0.437927 0.013188 -0.330982
v -0.437944 0.013332 -0.331238
v -0.437930 0.013225 -0.331131
v -0.438977 0.013374 -0.331277
v -0.438958 0.013079 -0.330984
v -0.438967 0.013225 -0.331240
v -0.438960 0.013117 -0.331133
v -0.440000 0.013338 -0.331278
v -0.440000 0.013043 -0.330985
v -0.440000 0.013189 -0.331241
v -0.440000 0.013081 -0.331134
v -0.441023 0.013374 -0.331277
v -0.441042 0.013079 -0.330984
v -0.441033 0.013225 -0.331240
v -0.441040 0.013117 -0.331133
v -0.442036 0.013480 -0.331274
v -0.442073 0.013188 -0.330982
v -0.442056 0.013332 -0.331238
v -0.442070 0.013225 -0.331131
v -0.443028 0.013656 -0.331270
v -0.443085 0.013368 -0.330977
v -0.443059 0.013510 -0.331233
v -0.443080 0.013405 -0.331126
v -0.443991 0.013900 -0.331264
v -0.444066 0.013617 -0.330971
v -0.444032 0.013757 -0.331227
v -0.444060 0.013653 -0.331120
v -0.444914 0.014210 -0.331256
v -0.445009 0.013933 -0.330963
v -0.444966 0.014070 -0.331219
v -0.445000 0.013969 -0.331112
v -0.445788 0.014581 -0.331247
v -0.445904 0.014313 -0.330954
v -0.445851 0.014446 -0.331210
v -0.445893 0.014348 -0.331103
v -0.446605 0.015010 -0.331236
v -0.446741 0.014754 -0.330943
v -0.446679 0.014881 -0.331199
v -0.446728 0.014787 -0.331092
v -0.447357 0.015493 -0.331224
v -0.447514 0.015250 -0.330930
v -0.447441 0.015371 -0.331187
v -0.447499 0.015282 -0.331079
v -0.448036 0.016024 -0.331211
v -0.448214 0.015798 -0.330917
v -0.448132 0.015911 -0.331173
v -0.448197 0.015828 -0.331066
v -0.448636 0.016598 -0.331196
v -0.448835 0.016392 -0.330902
v -0.448743 0.016495 -0.331159
v -0.448816 0.016420 -0.331051
v -0.449152 0.017208 -0.331181
v -0.449372 0.017026 -0.330886
v -0.449270 0.017118 -0.331143
v -0.449350 0.017051 -0.331035
v -0.449580 0.017849 -0.331165
v -0.449817 0.017695 -0.330869
v -0.449707 0.017772 -0.331127
v -0.449794 0.017716 -0.331019
v -0.449915 0.018513 -0.331148
v -0.450169 0.018391 -0.330852
v -0.450050 0.018453 -0.331110
v -0.450143 0.018408 -0.331001
v -0.450156 0.019194 -0.331131
v -0.450422 0.019108 -0.330834
v -0.450297 0.019153 -0.331092
v -0.450395 0.019121 -0.330983
v -0.450301 0.019887 -0.331114
v -0.450575 0.019839 -0.330816
v -0.450447 0.019866 -0.331074
v -0.450547 0.019848 -0.330965
v -0.450349 0.020586 -0.331097
v -0.450626 0.020578 -0.330797
v -0.450496 0.020585 -0.331056
v -0.450598 0.020582 -0.330947
v -0.450301 0.021284 -0.331079
v -0.450575 0.021317 -0.330779
v -0.450447 0.021304 -0.331038
v -0.450547 0.021315 -0.330929
v -0.450156 0.021977 -0.331062
v -0.450422 0.022048 -0.330761
v -0.450297 0.022016 -0.331021
v -0.450395 0.022042 -0.330910
v -0.449915 0.022658 -0.331045
v -0.450169 0.022765 -0.330743
v -0.450050 0.022716 -0.331003
v -0.450143 0.022755 -0.330893
v -0.449580 0.023323 -0.331028
v -0.449817 0.023462 -0.330725
v -0.449707 0.023397 -0.330986
v -0.449794 0.023447 -0.330875
v -0.449152 0.023963 -0.331012
v -0.449372 0.024130 -0.330708
v -0.449270 0.024051 -0.330970
v -0.449350 0.024112 -0.330859
v -0.448636 0.024573 -0.330997
v -0.448835 0.024764 -0.330693
v -0.448743 0.024674 -0.330954
v -0.448816 0.024744 -0.330843
v -0.448036 0.025147 -0.330982
v -0.448214 0.025358 -0.330678
v -0.448132 0.025258 -0.330940
v -0.448197 0.025335 -0.330828
v -0.447357 0.025678 -0.330969
v -0.447514 0.025906 -0.330664
v -0.447441 0.025798 -0.330926
v -0.447499 0.025881 -0.330814
v -0.446605 0.026161 -0.330957
v -0.446741 0.026403 -0.330651
v -0.446679 0.026288 -0.330914
v -0.446728 0.026376 -0.330802
v -0.445788 0.026590 -0.330946
v -0.445904 0.026843 -0.330640
v -0.445851 0.026723 -0.330903
v -0.445893 0.026816 -0.330791
v -0.444914 0.026961 -0.330937
v -0.445009 0.027223 -0.330631
v -0.444966 0.027099 -0.330893
v -0.445000 0.027195 -0.330781
v -0.443991 0.027271 -0.330929
v -0.444066 0.027539 -0.330623
v -0.444032 0.027412 -0.330886
v -0.444060 0.027510 -0.330774
v -0.443028 0.027515 -0.330923
v -0.443085 0.027788 -0.330617
v -0.443059 0.027659 -0.330879
v -0.443080 0.027759 -0.330767
v -0.442036 0.027691 -0.330919
v -0.442073 0.027968 -0.330612
v -0.442056 0.027837 -0.330875
v -0.442070 0.027938 -0.330763
v -0.441023 0.027797 -0.330916
v -0.441042 0.028077 -0.330609
v -0.441033 0.027944 -0.330872
v -0.441040 0.028047 -0.330760
v -0.440000 0.027833 -0.330915
v -0.440000 0.028113 -0.330609
v -0.440000 0.027980 -0.330871
v -0.440000 0.028083 -0.330759
v -0.438977 0.027797 -0.330916
v -0.438958 0.028077 -0.330609
v -0.438967 0.027944 -0.330872
v -0.438960 0.028047 -0.330760
v -0.437964 0.027691 -0.330919
v -0.437927 0.027968 -0.330612
v -0.437944 0.027837 -0.330875
v -0.437930 0.027938 -0.330763
v -0.436972 0.027515 -0.330923
v -0.436915 0.027788 -0.330617
v -0.436941 0.027659 -0.330879
v -0.436920 0.027759 -0.330767
v -0.436009 0.027271 -0.330929
v -0.435934 0.027539 -0.330623
v -0.435968 0.027412 -0.330886
v -0.435940 0.027510 -0.330774
v -0.435086 0.026961 -0.330937
v -0.434991 0.027223 -0.330631
v -0.435034 0.027099 -0.330893
v -0.434999 0.027195 -0.330781
v -0.434212 0.026590 -0.330946
v -0.434096 0.026843 -0.330640
v -0.434149 0.026723 -0.330903
v -0.434107 0.026816 -0.330791
v -0.433395 0.026161 -0.330957
v -0.433259 0.026403 -0.330651
v -0.433321 0.026288 -0.330914
v -0.433271 0.026376 -0.330802
v -0.432643 0.025678 -0.330969
v -0.432486 0.025906 -0.330664
v -0.432559 0.025798 -0.330926
v -0.432501 0.025881 -0.330814
v -0.431964 0.025147 -0.330982
v -0.431786 0.025358 -0.330678
v -0.431868 0.025258 -0.330940
v -0.431803 0.025335 -0.330828
v -0.431364 0.024573 -0.330997
v -0.431165 0.024764 -0.330693
v -0.431257 0.024674 -0.330954
v -0.431184 0.024744 -0.330843
v -0.430848 0.023963 -0.331012
v -0.430628 0.024130 -0.330708
v -0.430730 0.024051 -0.330970
v -0.430650 0.024112 -0.330859
v -0.430420 0.023323 -0.331028
v -0.430183 0.023462 -0.330725
v -0.430293 0.023397 -0.330986
v -0.430206 0.023447 -0.330875
v -0.430085 0.022658 -0.331045
v -0.429831 0.022765 -0.330743
v -0.429950 0.022716 -0.331003
v -0.429857 0.022755 -0.330893
v -0.429844 0.021977 -0.331062
v -0.429578 0.022048 -0.330761
v -0.429703 0.022016 -0.331021
v -0.429605 0.022042 -0.330910
v -0.429699 0.021284 -0.331079
v -0.429425 0.021317 -0.330779
v -0.429553 0.021304 -0.331038
v -0.429453 0.021315 -0.330929
vn 0.9965 -0.0021 0.0840
vn 0.9872 0.1340 0.0868
vn 0.9357 0.1198 0.3317
vn 0.9443 -0.0082 0.3290
vn 0.6772 0.0278 0.7353
vn 0.2527 -0.0069 0.9675
vn 0.2482 0.0269 0.9683
vn 0.6651 0.1187 0.7372
vn 0.9108 0.2434 0.3335
vn 0.9601 0.2652 0.0886
vn 0.2391 0.0590 0.9692
vn 0.6422 0.2050 0.7386
vn 0.8714 0.3590 0.3342
vn 0.9175 0.3875 0.0892
vn 0.2269 0.0886 0.9699
vn 0.6098 0.2847 0.7396
vn 0.8204 0.4640 0.3342
vn 0.8626 0.4981 0.0889
vn 0.2123 0.1152 0.9704
vn 0.5700 0.3562 0.7404
vn 0.7607 0.5569 0.3335
vn 0.7986 0.5955 0.0878
vn 0.1954 0.1384 0.9709
vn 0.5251 0.4189 0.7408
vn 0.6952 0.6374 0.3322
vn 0.7286 0.6795 0.0862
vn 0.1772 0.1584 0.9714
vn 0.4769 0.4729 0.7409
vn 0.6261 0.7061 0.3307
vn 0.6552 0.7508 0.0844
vn 0.1584 0.1751 0.9717
vn 0.4267 0.5188 0.7408
vn 0.5554 0.7637 0.3291
vn 0.5802 0.8103 0.0824
vn 0.1393 0.1891 0.9720
vn 0.3754 0.5573 0.7406
vn 0.4839 0.8116 0.3274
vn 0.5049 0.8594 0.0804
vn 0.1201 0.2008 0.9722
vn 0.3242 0.5889 0.7404
vn 0.4127 0.8506 0.3258
vn 0.4301 0.8994 0.0785
vn 0.1011 0.2101 0.9724
vn 0.2732 0.6146 0.7401
vn 0.3422 0.8819 0.3244
vn 0.3562 0.9312 0.0768
vn 0.0823 0.2175 0.9726
vn 0.2224 0.6350 0.7398
vn 0.2724 0.9063 0.3232
vn 0.2834 0.9560 0.0754
vn 0.0637 0.2233 0.9727
vn 0.1724 0.6506 0.7396
vn 0.2035 0.9246 0.3222
vn 0.2115 0.9745 0.0742
vn 0.0454 0.2275 0.9727
vn 0.1227 0.6620 0.7394
vn 0.1352 0.9372 0.3215
vn 0.1405 0.9874 0.0733
vn 0.0272 0.2303 0.9728
vn 0.0734 0.6694 0.7393
vn 0.0675 0.9447 0.3210
vn 0.0701 0.9949 0.0728
vn 0.0091 0.2316 0.9728
vn 0.0244 0.6730 0.7392
vn -0.0000 0.9471 0.3209
vn -0.0000 0.9974 0.0727
vn -0.0091 0.2316 0.9728
vn -0.0244 0.6730 0.7392
vn -0.0675 0.9447 0.3210
vn -0.0701 0.9949 0.0728
vn -0.0272 0.2303 0.9728
vn -0.0734 0.6694 0.7393
vn -0.1352 0.9372 0.3215
vn -0.1405 0.9874 0.0733
vn -0.0454 0.2275 0.9727
vn -0.1226 0.6620 0.7394
vn -0.2034 0.9246 0.3222
vn -0.2115 0.9746 0.0742
vn -0.0638 0.2233 0.9727
vn -0.1723 0.6507 0.7396
vn -0.2724 0.9063 0.3232
vn -0.2834 0.9560 0.0754
vn -0.0823 0.2175 0.9726
vn -0.2224 0.6350 0.7398
vn -0.3422 0.8819 0.3244
vn -0.3562 0.9312 0.0768
vn -0.1011 0.2101 0.9724
vn -0.2731 0.6146 0.7401
vn -0.4127 0.8506 0.3258
vn -0.4301 0.8994 0.0785
vn -0.1201 0.2008 0.9722
vn -0.3242 0.5889 0.7404
vn -0.4839 0.8116 0.3274
vn -0.5049 0.8594 0.0804
vn -0.1393 0.1891 0.9720
vn -0.3754 0.5573 0.7406
vn -0.5554 0.7637 0.3291
vn -0.5802 0.8103 0.0824
vn -0.1583 0.1751 0.9717
vn -0.4267 0.5188 0.7408
vn -0.6261 0.7061 0.3307
vn -0.6552 0.7508 0.0844
vn -0.1772 0.1584 0.9714
vn -0.4769 0.4729 0.7409
vn -0.6952 0.6374 0.3322
vn -0.7286 0.6795 0.0862
vn -0.1954 0.1384 0.9709
vn -0.5251 0.4189 0.7408
vn -0.7607 0.5569 0.3335
vn -0.7986 0.5955 0.0878
vn -0.2122 0.1152 0.9704
vn -0.5700 0.3562 0.7404
vn -0.8204 0.4640 0.3342
vn -0.8626 0.4981 0.0889
vn -0.2269 0.0886 0.9699
vn -0.6098 0.2847 0.7396
vn -0.8714 0.3590 0.3342
vn -0.9175 0.3875 0.0892
vn -0.2392 0.0590 0.9692
vn -0.6422 0.2050 0.7386
vn -0.9108 0.2434 0.3335
vn -0.9601 0.2652 0.0886
vn -0.2482 0.0269 0.9683
vn -0.6651 0.1187 0.7372
vn -0.9357 0.1198 0.3317
vn -0.9872 0.1340 0.0868
vn -0.2527 -0.0069 0.9675
vn -0.6772 0.0278 0.7353
vn -0.9443 -0.0082 0.3290
vn -0.9965 -0.0021 0.0840
vn -0.2527 -0.0414 0.9667
vn -0.6772 -0.0646 0.7330
vn -0.9357 -0.1362 0.3253
vn -0.9872 -0.1381 0.0800
vn -0.2482 -0.0753 0.9658
vn -0.6651 -0.1554 0.7304
vn -0.9108 -0.2598 0.3209
vn -0.9601 -0.2693 0.0752
vn -0.2391 -0.1074 0.9650
vn -0.6422 -0.2417 0.7274
vn -0.8714 -0.3753 0.3159
vn -0.9175 -0.3915 0.0697
vn -0.2269 -0.1370 0.9642
vn -0.6098 -0.3213 0.7245
vn -0.8204 -0.4801 0.3106
vn -0.8626 -0.5019 0.0639
vn -0.2123 -0.1635 0.9634
vn -0.5700 -0.3927 0.7217
vn -0.7607 -0.5729 0.3052
vn -0.7986 -0.5991 0.0579
vn -0.1954 -0.1867 0.9628
vn -0.5251 -0.4554 0.7190
vn -0.6952 -0.6532 0.3000
vn -0.7286 -0.6830 0.0522
vn -0.1772 -0.2067 0.9622
vn -0.4769 -0.5093 0.7163
vn -0.6261 -0.7217 0.2950
vn -0.6552 -0.7540 0.0467
vn -0.1584 -0.2234 0.9618
vn -0.4267 -0.5552 0.7139
vn -0.5554 -0.7792 0.2905
vn -0.5802 -0.8134 0.0418
vn -0.1393 -0.2374 0.9614
vn -0.3754 -0.5936 0.7119
vn -0.4839 -0.8269 0.2864
vn -0.5049 -0.8624 0.0373
vn -0.1201 -0.2491 0.9610
vn -0.3242 -0.6251 0.7100
vn -0.4127 -0.8658 0.2829
vn -0.4301 -0.9022 0.0334
vn -0.1011 -0.2585 0.9607
vn -0.2732 -0.6508 0.7084
vn -0.3422 -0.8970 0.2799
vn -0.3562 -0.9339 0.0302
vn -0.0823 -0.2659 0.9605
vn -0.2224 -0.6712 0.7071
vn -0.2724 -0.9213 0.2775
vn -0.2834 -0.9586 0.0275
vn -0.0637 -0.2716 0.9603
vn -0.1724 -0.6868 0.7061
vn -0.2035 -0.9395 0.2756
vn -0.2115 -0.9770 0.0254
vn -0.0454 -0.2758 0.9601
vn -0.1227 -0.6981 0.7054
vn -0.1352 -0.9521 0.2742
vn -0.1405 -0.9898 0.0239
vn -0.0272 -0.2786 0.9600
vn -0.0734 -0.7055 0.7049
vn -0.0675 -0.9595 0.2734
vn -0.0701 -0.9973 0.0230
vn -0.0091 -0.2799 0.9600
vn -0.0244 -0.7092 0.7046
vn -0.0000 -0.9620 0.2732
vn -0.0000 -0.9997 0.0227
vn 0.0091 -0.2799 0.9600
vn 0.0244 -0.7092 0.7046
vn 0.0675 -0.9595 0.2734
vn 0.0701 -0.9973 0.0230
vn 0.0272 -0.2786 0.9600
vn 0.0734 -0.7055 0.7049
vn 0.1352 -0.9521 0.2742
vn 0.1405 -0.9898 0.0239
vn 0.0454 -0.2758 0.9601
vn 0.1226 -0.6981 0.7054
vn 0.2034 -0.9395 0.2756
vn 0.2115 -0.9770 0.0254
vn 0.0638 -0.2716 0.9603
vn 0.1723 -0.6868 0.7061
vn 0.2724 -0.9213 0.2775
vn 0.2834 -0.9586 0.0275
vn 0.0823 -0.2659 0.9605
vn 0.2224 -0.6712 0.7071
vn 0.3422 -0.8970 0.2799
vn 0.3562 -0.9339 0.0302
vn 0.1011 -0.2585 0.9607
vn 0.2731 -0.6508 0.7084
vn 0.4127 -0.8658 0.2829
vn 0.4301 -0.9022 0.0334
vn 0.1201 -0.2491 0.9610
vn 0.3242 -0.6251 0.7100
vn 0.4839 -0.8269 0.2865
vn 0.5049 -0.8624 0.0373
vn 0.1393 -0.2374 0.9614
vn 0.3754 -0.5936 0.7119
vn 0.5554 -0.7792 0.2905
vn 0.5802 -0.8134 0.0418
vn 0.1583 -0.2234 0.9618
vn 0.4267 -0.5552 0.7139
vn 0.6261 -0.7217 0.2950
vn 0.6552 -0.7540 0.0467
vn 0.1772 -0.2067 0.9622
vn 0.4769 -0.5093 0.7163
vn 0.6952 -0.6532 0.3000
vn 0.7286 -0.6830 0.0522
vn 0.1954 -0.1867 0.9628
vn 0.5251 -0.4554 0.7190
vn 0.7607 -0.5729 0.3052
vn 0.7986 -0.5991 0.0579
vn 0.2122 -0.1635 0.9635
vn 0.5700 -0.3927 0.7217
vn 0.8204 -0.4801 0.3106
vn 0.8626 -0.5019 0.0639
vn 0.2269 -0.1370 0.9642
vn 0.6098 -0.3213 0.7245
vn 0.8714 -0.3753 0.3159
vn 0.9175 -0.3915 0.0697
vn 0.2392 -0.1074 0.9650
vn 0.6422 -0.2417 0.7274
vn 0.9108 -0.2598 0.3209
vn 0.9601 -0.2693 0.0752
vn 0.2482 -0.0753 0.9658
vn 0.6651 -0.1554 0.7304
vn 0.9357 -0.1362 0.3253
vn 0.9872 -0.1381 0.0800
vn 0.2527 -0.0414 0.9667
vn 0.6772 -0.0646 0.7330
vn 0.9973 -0.0019 0.0737
vn 0.9880 -0.1380 0.0697
vn 0.9730 -0.1298 -0.1906
vn 0.9824 0.0047 -0.1867
vn 0.7328 -0.0338 -0.6796
vn 0.2629 0.0059 -0.9648
vn 0.9609 -0.2693 0.0649
vn 0.9458 -0.2593 -0.1953
vn 0.7186 -0.1333 -0.6825
vn 0.2579 -0.0298 -0.9657
vn 0.9182 -0.3916 0.0594
vn 0.9031 -0.3798 -0.2005
vn 0.6916 -0.2273 -0.6856
vn 0.2480 -0.0635 -0.9667
vn 0.8632 -0.5021 0.0535
vn 0.8480 -0.4883 -0.2061
vn 0.6539 -0.3129 -0.6889
vn 0.2349 -0.0944 -0.9674
vn 0.7990 -0.5994 0.0476
vn 0.7840 -0.5835 -0.2117
vn 0.6083 -0.3886 -0.6920
vn 0.2188 -0.1218 -0.9682
vn 0.7290 -0.6833 0.0418
vn 0.7143 -0.6653 -0.2172
vn 0.5575 -0.4541 -0.6950
vn 0.2006 -0.1454 -0.9688
vn 0.6555 -0.7544 0.0364
vn 0.6414 -0.7343 -0.2222
vn 0.5036 -0.5094 -0.6977
vn 0.1814 -0.1656 -0.9694
vn 0.5804 -0.8137 0.0314
vn 0.5672 -0.7917 -0.2269
vn 0.4483 -0.5557 -0.7002
vn 0.1616 -0.1823 -0.9699
vn 0.5051 -0.8627 0.0269
vn 0.4930 -0.8388 -0.2310
vn 0.3926 -0.5937 -0.7024
vn 0.1416 -0.1961 -0.9703
vn 0.4302 -0.9024 0.0230
vn 0.4195 -0.8769 -0.2346
vn 0.3377 -0.6245 -0.7043
vn 0.1218 -0.2076 -0.9706
vn 0.3563 -0.9342 0.0198
vn 0.3471 -0.9072 -0.2376
vn 0.2834 -0.6492 -0.7059
vn 0.1024 -0.2166 -0.9709
vn 0.2834 -0.9588 0.0171
vn 0.2759 -0.9307 -0.2401
vn 0.2300 -0.6686 -0.7072
vn 0.0832 -0.2238 -0.9711
vn 0.2116 -0.9772 0.0150
vn 0.2058 -0.9482 -0.2420
vn 0.1777 -0.6832 -0.7082
vn 0.0643 -0.2293 -0.9712
vn 0.1405 -0.9900 0.0135
vn 0.1366 -0.9603 -0.2434
vn 0.1263 -0.6938 -0.7090
vn 0.0457 -0.2333 -0.9713
vn 0.0701 -0.9975 0.0126
vn 0.0682 -0.9673 -0.2442
vn 0.0755 -0.7006 -0.7095
vn 0.0273 -0.2359 -0.9714
vn -0.0000 -0.9999 0.0123
vn -0.0000 -0.9697 -0.2445
vn 0.0251 -0.7040 -0.7098
vn 0.0091 -0.2371 -0.9714
vn -0.0701 -0.9975 0.0126
vn -0.0682 -0.9673 -0.2442
vn -0.0251 -0.7040 -0.7098
vn -0.0091 -0.2371 -0.9714
vn -0.1405 -0.9900 0.0135
vn -0.1366 -0.9603 -0.2434
vn -0.0755 -0.7006 -0.7095
vn -0.0273 -0.2359 -0.9714
vn -0.2116 -0.9772 0.0150
vn -0.2058 -0.9482 -0.2420
vn -0.1263 -0.6938 -0.7090
vn -0.0457 -0.2333 -0.9713
vn -0.2834 -0.9588 0.0171
vn -0.2759 -0.9307 -0.2401
vn -0.1777 -0.6832 -0.7082
vn -0.0643 -0.2293 -0.9712
vn -0.3563 -0.9342 0.0198
vn -0.3471 -0.9072 -0.2376
vn -0.2300 -0.6686 -0.7072
vn -0.0831 -0.2238 -0.9711
vn -0.4302 -0.9024 0.0230
vn -0.4195 -0.8769 -0.2346
vn -0.2833 -0.6492 -0.7059
vn -0.1024 -0.2166 -0.9709
vn -0.5051 -0.8627 0.0269
vn -0.4930 -0.8388 -0.2310
vn -0.3377 -0.6245 -0.7043
vn -0.1218 -0.2076 -0.9706
vn -0.5804 -0.8137 0.0314
vn -0.5672 -0.7917 -0.2269
vn -0.3927 -0.5937 -0.7024
vn -0.1416 -0.1961 -0.9703
vn -0.6555 -0.7544 0.0364
vn -0.6414 -0.7343 -0.2222
vn -0.4482 -0.5557 -0.7002
vn -0.1617 -0.1823 -0.9699
vn -0.7290 -0.6833 0.0418
vn -0.7143 -0.6653 -0.2171
vn -0.5036 -0.5094 -0.6977
vn -0.1814 -0.1656 -0.9694
vn -0.7990 -0.5994 0.0476
vn -0.7840 -0.5835 -0.2117
vn -0.5575 -0.4541 -0.6950
vn -0.2006 -0.1454 -0.9688
vn -0.8632 -0.5021 0.0535
vn -0.8480 -0.4883 -0.2061
vn -0.6083 -0.3886 -0.6920
vn -0.2189 -0.1218 -0.9681
vn -0.9182 -0.3916 0.0594
vn -0.9031 -0.3798 -0.2005
vn -0.6539 -0.3129 -0.6889
vn -0.2349 -0.0944 -0.9674
vn -0.9609 -0.2693 0.0649
vn -0.9458 -0.2593 -0.1953
vn -0.6916 -0.2273 -0.6856
vn -0.2480 -0.0635 -0.9667
vn -0.9880 -0.1380 0.0697
vn -0.9730 -0.1298 -0.1906
vn -0.7186 -0.1333 -0.6825
vn -0.2579 -0.0298 -0.9657
vn -0.9973 -0.0018 0.0737
vn -0.9824 0.0047 -0.1868
vn -0.7328 -0.0338 -0.6796
vn -0.2629 0.0059 -0.9648
vn -0.9880 0.1344 0.0765
vn -0.9730 0.1392 -0.1839
vn -0.7328 0.0677 -0.6771
vn -0.2629 0.0423 -0.9639
vn -0.9609 0.2658 0.0782
vn -0.9458 0.2688 -0.1821
vn -0.7186 0.1673 -0.6750
vn -0.2579 0.0780 -0.9630
vn -0.9182 0.3881 0.0789
vn -0.9031 0.3893 -0.1813
vn -0.6916 0.2612 -0.6734
vn -0.2480 0.1117 -0.9623
vn -0.8632 0.4988 0.0785
vn -0.8480 0.4980 -0.1814
vn -0.6539 0.3470 -0.6724
vn -0.2349 0.1426 -0.9615
vn -0.7990 0.5963 0.0775
vn -0.7840 0.5933 -0.1823
vn -0.6083 0.4227 -0.6718
vn -0.2188 0.1700 -0.9609
vn -0.7290 0.6803 0.0759
vn -0.7143 0.6753 -0.1836
vn -0.5575 0.4882 -0.6714
vn -0.2006 0.1937 -0.9603
vn -0.6555 0.7516 0.0740
vn -0.6414 0.7445 -0.1853
vn -0.5036 0.5437 -0.6714
vn -0.1814 0.2138 -0.9599
vn -0.5804 0.8111 0.0720
vn -0.5672 0.8020 -0.1870
vn -0.4483 0.5900 -0.6716
vn -0.1616 0.2306 -0.9595
vn -0.5051 0.8602 0.0700
vn -0.4930 0.8493 -0.1888
vn -0.3926 0.6281 -0.6718
vn -0.1416 0.2444 -0.9593
vn -0.4302 0.9001 0.0681
vn -0.4195 0.8876 -0.1905
vn -0.3377 0.6589 -0.6722
vn -0.1218 0.2558 -0.9590
vn -0.3563 0.9320 0.0664
vn -0.3471 0.9180 -0.1920
vn -0.2834 0.6837 -0.6725
vn -0.1024 0.2649 -0.9588
vn -0.2834 0.9568 0.0650
vn -0.2759 0.9415 -0.1933
vn -0.2300 0.7031 -0.6729
vn -0.0832 0.2720 -0.9587
vn -0.2116 0.9753 0.0638
vn -0.2058 0.9591 -0.1943
vn -0.1777 0.7178 -0.6732
vn -0.0643 0.2775 -0.9586
vn -0.1405 0.9881 0.0630
vn -0.1366 0.9712 -0.1951
vn -0.1263 0.7283 -0.6735
vn -0.0457 0.2815 -0.9585
vn -0.0701 0.9956 0.0625
vn -0.0682 0.9783 -0.1956
vn -0.0755 0.7352 -0.6736
vn -0.0273 0.2841 -0.9584
vn -0.0000 0.9981 0.0623
vn -0.0000 0.9807 -0.1957
vn -0.0251 0.7386 -0.6737
vn -0.0091 0.2854 -0.9584
vn 0.0701 0.9956 0.0625
vn 0.0682 0.9783 -0.1956
vn 0.0251 0.7386 -0.6737
vn 0.0091 0.2854 -0.9584
vn 0.1405 0.9881 0.0630
vn 0.1366 0.9712 -0.1951
vn 0.0755 0.7352 -0.6736
vn 0.0273 0.2841 -0.9584
vn 0.2116 0.9753 0.0638
vn 0.2058 0.9591 -0.1943
vn 0.1263 0.7284 -0.6735
vn 0.0457 0.2815 -0.9585
vn 0.2834 0.9568 0.0650
vn 0.2759 0.9415 -0.1933
vn 0.1777 0.7178 -0.6732
vn 0.0643 0.2775 -0.9586
vn 0.3563 0.9320 0.0664
vn 0.3471 0.9180 -0.1920
vn 0.2300 0.7031 -0.6729
vn 0.0831 0.2720 -0.9587
vn 0.4302 0.9001 0.0681
vn 0.4195 0.8876 -0.1905
vn 0.2833 0.6837 -0.6726
vn 0.1024 0.2649 -0.9588
vn 0.5051 0.8602 0.0700
vn 0.4930 0.8493 -0.1888
vn 0.3377 0.6589 -0.6722
vn 0.1218 0.2558 -0.9590
vn 0.5804 0.8111 0.0720
vn 0.5672 0.8021 -0.1870
vn 0.3927 0.6281 -0.6718
vn 0.1416 0.2444 -0.9593
vn 0.6555 0.7516 0.0740
vn 0.6414 0.7445 -0.1853
vn 0.4482 0.5900 -0.6716
vn 0.1617 0.2305 -0.9595
vn 0.7290 0.6803 0.0759
vn 0.7143 0.6753 -0.1836
vn 0.5036 0.5437 -0.6714
vn 0.1814 0.2138 -0.9599
vn 0.7990 0.5963 0.0775
vn 0.7840 0.5933 -0.1823
vn 0.5575 0.4882 -0.6714
vn 0.2006 0.1937 -0.9603
vn 0.8632 0.4988 0.0785
vn 0.8480 0.4980 -0.1814
vn 0.6083 0.4227 -0.6718
vn 0.2189 0.1700 -0.9608
vn 0.9182 0.3881 0.0789
vn 0.9031 0.3893 -0.1813
vn 0.6539 0.3470 -0.6724
vn 0.2349 0.1426 -0.9615
vn 0.9609 0.2658 0.0782
vn 0.9458 0.2688 -0.1821
vn 0.6916 0.2612 -0.6734
vn 0.2480 0.1117 -0.9623
vn 0.9880 0.1344 0.0765
vn 0.9731 0.1392 -0.1839
vn 0.7186 0.1673 -0.6750
vn 0.2579 0.0780 -0.9630
vn 0.2629 0.0423 -0.9639
vn 0.7328 0.0677 -0.6770
vn -0.0000 -0.0250 0.9997
vn -0.0000 0.0250 -0.9997
vt 0.708012 0.342777
vt 0.708012 0.344902
vt 0.707112 0.344900
vt 0.707112 0.342782
vt 0.674207 0.214994
vt 0.676324 0.215063
vt 0.676282 0.215502
vt 0.674223 0.215434
vt 0.676236 0.215960
vt 0.674239 0.215894
vt 0.678227 0.216297
vt 0.678333 0.215849
vt 0.678430 0.215419
vt 0.707089 0.347016
vt 0.707989 0.347025
vt 0.680195 0.216905
vt 0.680356 0.216474
vt 0.680508 0.216060
vt 0.707043 0.349112
vt 0.707943 0.349125
vt 0.682122 0.217779
vt 0.682334 0.217372
vt 0.682536 0.216979
vt 0.706975 0.351166
vt 0.707874 0.351184
vt 0.683990 0.218914
vt 0.684248 0.218534
vt 0.684494 0.218167
vt 0.706885 0.353159
vt 0.707784 0.353180
vt 0.685782 0.220301
vt 0.686079 0.219952
vt 0.686363 0.219614
vt 0.706774 0.355071
vt 0.707673 0.355095
vt 0.687477 0.221928
vt 0.687808 0.221612
vt 0.688126 0.221304
vt 0.706644 0.356877
vt 0.707542 0.356910
vt 0.689059 0.223781
vt 0.689419 0.223498
vt 0.689765 0.223223
vt 0.731597 0.217439
vt 0.731678 0.219347
vt 0.730780 0.219402
vt 0.730699 0.217484
vt 0.690512 0.225843
vt 0.690894 0.225594
vt 0.691265 0.225351
vt 0.731523 0.215315
vt 0.730624 0.215354
vt 0.691817 0.228093
vt 0.692220 0.227878
vt 0.692610 0.227668
vt 0.731456 0.213002
vt 0.730558 0.213036
vt 0.692964 0.230511
vt 0.693382 0.230329
vt 0.693789 0.230151
vt 0.731398 0.210521
vt 0.730499 0.210550
vt 0.693938 0.233071
vt 0.694368 0.232923
vt 0.694788 0.232778
vt 0.731349 0.207898
vt 0.730450 0.207921
vt 0.694730 0.235750
vt 0.695171 0.235635
vt 0.695600 0.235522
vt 0.731309 0.205156
vt 0.730410 0.205173
vt 0.695331 0.238519
vt 0.695779 0.238438
vt 0.696216 0.238356
vt 0.731278 0.202323
vt 0.730379 0.202334
vt 0.695735 0.241353
vt 0.696188 0.241304
vt 0.696630 0.241255
vt 0.731258 0.199425
vt 0.730359 0.199431
vt 0.695939 0.244222
vt 0.696394 0.244206
vt 0.696838 0.244190
vt 0.731247 0.196491
vt 0.730348 0.196492
vt 0.695938 0.247099
vt 0.696394 0.247115
vt 0.696838 0.247133
vt 0.731247 0.193548
vt 0.730348 0.193545
vt 0.695736 0.249954
vt 0.696188 0.250003
vt 0.696630 0.250054
vt 0.731258 0.190627
vt 0.730359 0.190618
vt 0.695331 0.252759
vt 0.695779 0.252842
vt 0.696216 0.252925
vt 0.731278 0.187754
vt 0.730379 0.187740
vt 0.694731 0.255487
vt 0.695171 0.255603
vt 0.695600 0.255719
vt 0.731309 0.184958
vt 0.730409 0.184938
vt 0.693940 0.258110
vt 0.694370 0.258261
vt 0.694788 0.258410
vt 0.731349 0.182266
vt 0.730450 0.182240
vt 0.692967 0.260602
vt 0.693384 0.260788
vt 0.693788 0.260970
vt 0.731398 0.179702
vt 0.730499 0.179671
vt 0.691823 0.262939
vt 0.692223 0.263160
vt 0.692610 0.263377
vt 0.731456 0.177293
vt 0.730558 0.177255
vt 0.690521 0.265098
vt 0.690899 0.265355
vt 0.691264 0.265605
vt 0.731523 0.175060
vt 0.730625 0.175018
vt 0.689074 0.267058
vt 0.689426 0.267351
vt 0.689765 0.267635
vt 0.731597 0.173027
vt 0.730699 0.172979
vt 0.687497 0.268802
vt 0.687818 0.269129
vt 0.688126 0.269446
vt 0.731678 0.171217
vt 0.730780 0.171158
vt 0.685808 0.270312
vt 0.686092 0.270672
vt 0.686363 0.271021
vt 0.731586 0.387973
vt 0.731707 0.389682
vt 0.730809 0.389715
vt 0.730687 0.387997
vt 0.684025 0.271576
vt 0.684265 0.271967
vt 0.684494 0.272344
vt 0.731485 0.386144
vt 0.730586 0.386164
vt 0.682164 0.272584
vt 0.682355 0.273002
vt 0.682536 0.273404
vt 0.731406 0.384218
vt 0.730506 0.384235
vt 0.680244 0.273329
vt 0.680381 0.273768
vt 0.680509 0.274190
vt 0.731348 0.382215
vt 0.730449 0.382227
vt 0.678283 0.273806
vt 0.678360 0.274259
vt 0.678433 0.274694
vt 0.731314 0.380154
vt 0.730414 0.380161
vt 0.676295 0.274012
vt 0.676311 0.274472
vt 0.676327 0.274913
vt 0.731302 0.378055
vt 0.730403 0.378055
vt 0.674297 0.273947
vt 0.674252 0.274405
vt 0.674210 0.274844
vt 0.731314 0.375938
vt 0.730414 0.375931
vt 0.672307 0.273609
vt 0.672202 0.274057
vt 0.672104 0.274487
vt 0.731349 0.373821
vt 0.730449 0.373808
vt 0.670339 0.273002
vt 0.670178 0.273433
vt 0.670026 0.273847
vt 0.731406 0.371726
vt 0.730506 0.371708
vt 0.668412 0.272128
vt 0.668200 0.272535
vt 0.667998 0.272928
vt 0.731485 0.369672
vt 0.730586 0.369650
vt 0.666544 0.270993
vt 0.666286 0.271373
vt 0.666040 0.271739
vt 0.731586 0.367680
vt 0.730687 0.367654
vt 0.664752 0.269606
vt 0.664455 0.269955
vt 0.664171 0.270293
vt 0.731707 0.365776
vt 0.730809 0.365740
vt 0.663056 0.267979
vt 0.662726 0.268295
vt 0.662408 0.268603
vt 0.706727 0.112308
vt 0.706643 0.110499
vt 0.707540 0.110439
vt 0.707625 0.112259
vt 0.661474 0.266126
vt 0.661115 0.266408
vt 0.660769 0.266684
vt 0.706804 0.114342
vt 0.707703 0.114298
vt 0.660023 0.264064
vt 0.659640 0.264313
vt 0.659269 0.264556
vt 0.706875 0.116574
vt 0.707773 0.116535
vt 0.658717 0.261813
vt 0.658314 0.262028
vt 0.657924 0.262239
vt 0.706937 0.118983
vt 0.707836 0.118950
vt 0.657571 0.259396
vt 0.657152 0.259577
vt 0.656745 0.259755
vt 0.706991 0.121547
vt 0.707890 0.121519
vt 0.656596 0.256836
vt 0.656165 0.256983
vt 0.655746 0.257129
vt 0.707036 0.124240
vt 0.707935 0.124218
vt 0.655804 0.254157
vt 0.655364 0.254272
vt 0.654934 0.254385
vt 0.707071 0.127035
vt 0.707970 0.127019
vt 0.655203 0.251387
vt 0.654755 0.251469
vt 0.654318 0.251550
vt 0.707097 0.129908
vt 0.707996 0.129897
vt 0.654798 0.248554
vt 0.654346 0.248603
vt 0.653904 0.248651
vt 0.707112 0.132829
vt 0.708011 0.132824
vt 0.654595 0.245685
vt 0.654140 0.245701
vt 0.653696 0.245716
vt 0.707117 0.135772
vt 0.708017 0.135771
vt 0.654595 0.242808
vt 0.654140 0.242791
vt 0.653696 0.242774
vt 0.707112 0.138706
vt 0.708011 0.138711
vt 0.654798 0.239953
vt 0.654346 0.239903
vt 0.653904 0.239853
vt 0.707097 0.141604
vt 0.707996 0.141614
vt 0.655203 0.237148
vt 0.654755 0.237065
vt 0.654318 0.236982
vt 0.707071 0.144437
vt 0.707970 0.144453
vt 0.655803 0.234420
vt 0.655363 0.234303
vt 0.654934 0.234187
vt 0.707036 0.147179
vt 0.707935 0.147200
vt 0.656594 0.231797
vt 0.656164 0.231646
vt 0.655746 0.231497
vt 0.706991 0.149802
vt 0.707890 0.149829
vt 0.657567 0.229305
vt 0.657150 0.229119
vt 0.656746 0.228936
vt 0.706937 0.152283
vt 0.707836 0.152315
vt 0.658710 0.226968
vt 0.658311 0.226746
vt 0.657924 0.226530
vt 0.706875 0.154596
vt 0.707773 0.154634
vt 0.660013 0.224808
vt 0.659635 0.224552
vt 0.659270 0.224301
vt 0.706804 0.156720
vt 0.707703 0.156763
vt 0.661460 0.222848
vt 0.661108 0.222556
vt 0.660769 0.222272
vt 0.706727 0.158634
vt 0.707625 0.158683
vt 0.663037 0.221105
vt 0.662716 0.220778
vt 0.662408 0.220461
vt 0.706643 0.160315
vt 0.707540 0.160373
vt 0.664725 0.219595
vt 0.664442 0.219235
vt 0.664171 0.218886
vt 0.706774 0.332866
vt 0.706644 0.331158
vt 0.707542 0.331120
vt 0.707673 0.332837
vt 0.666509 0.218331
vt 0.666269 0.217940
vt 0.666040 0.217562
vt 0.706885 0.334695
vt 0.707784 0.334669
vt 0.668370 0.217323
vt 0.668178 0.216905
vt 0.667997 0.216503
vt 0.706975 0.336620
vt 0.707875 0.336598
vt 0.670289 0.216578
vt 0.670153 0.216139
vt 0.670025 0.215717
vt 0.707043 0.338623
vt 0.707943 0.338606
vt 0.672251 0.216101
vt 0.672174 0.215647
vt 0.672101 0.215212
vt 0.707089 0.340683
vt 0.707989 0.340672
vt 0.730872 0.342654
vt 0.730847 0.340454
vt 0.731747 0.340443
vt 0.731771 0.342650
vt 0.677427 0.207286
vt 0.675202 0.207209
vt 0.675251 0.206752
vt 0.677411 0.206827
vt 0.675297 0.206314
vt 0.677396 0.206386
vt 0.730799 0.338296
vt 0.731698 0.338278
vt 0.672987 0.206825
vt 0.673100 0.206380
vt 0.673205 0.205951
vt 0.730726 0.336199
vt 0.731625 0.336176
vt 0.670806 0.206138
vt 0.670977 0.205712
vt 0.671138 0.205301
vt 0.730630 0.334184
vt 0.731529 0.334157
vt 0.668678 0.205154
vt 0.668901 0.204754
vt 0.669113 0.204365
vt 0.730512 0.332271
vt 0.731411 0.332241
vt 0.666625 0.203884
vt 0.666893 0.203513
vt 0.667149 0.203152
vt 0.730373 0.330477
vt 0.731273 0.330452
vt 0.664666 0.202340
vt 0.664972 0.202000
vt 0.665267 0.201670
vt 0.730327 0.161852
vt 0.730415 0.160058
vt 0.731313 0.160105
vt 0.731225 0.161896
vt 0.662818 0.200536
vt 0.663158 0.200230
vt 0.663485 0.199931
vt 0.730496 0.158023
vt 0.731394 0.158065
vt 0.661101 0.198490
vt 0.661468 0.198218
vt 0.661823 0.197952
vt 0.730569 0.155765
vt 0.731468 0.155802
vt 0.659531 0.196222
vt 0.659920 0.195984
vt 0.660297 0.195750
vt 0.730634 0.153306
vt 0.731533 0.153337
vt 0.658122 0.193753
vt 0.658529 0.193548
vt 0.658924 0.193347
vt 0.730691 0.150670
vt 0.731590 0.150696
vt 0.656888 0.191108
vt 0.657310 0.190936
vt 0.657720 0.190766
vt 0.730737 0.147882
vt 0.731637 0.147902
vt 0.655841 0.188311
vt 0.656275 0.188172
vt 0.656697 0.188033
vt 0.730774 0.144969
vt 0.731673 0.144984
vt 0.654991 0.185389
vt 0.655433 0.185282
vt 0.655865 0.185175
vt 0.730801 0.141959
vt 0.731700 0.141969
vt 0.654347 0.182372
vt 0.654795 0.182296
vt 0.655233 0.182220
vt 0.730817 0.138882
vt 0.731716 0.138886
vt 0.653914 0.179288
vt 0.654366 0.179242
vt 0.654809 0.179196
vt 0.730823 0.135766
vt 0.731722 0.135765
vt 0.653696 0.176167
vt 0.654151 0.176151
vt 0.654595 0.176135
vt 0.730817 0.132641
vt 0.731716 0.132636
vt 0.653696 0.173037
vt 0.654151 0.173052
vt 0.654595 0.173067
vt 0.730801 0.129539
vt 0.731700 0.129529
vt 0.653913 0.169931
vt 0.654366 0.169976
vt 0.654809 0.170021
vt 0.730774 0.126488
vt 0.731673 0.126473
vt 0.654346 0.166876
vt 0.654795 0.166952
vt 0.655233 0.167029
vt 0.730737 0.123518
vt 0.731636 0.123497
vt 0.654991 0.163903
vt 0.655433 0.164011
vt 0.655864 0.164120
vt 0.730691 0.120658
vt 0.731590 0.120631
vt 0.655841 0.161040
vt 0.656274 0.161182
vt 0.656695 0.161322
vt 0.730634 0.117935
vt 0.731533 0.117903
vt 0.656888 0.158315
vt 0.657308 0.158491
vt 0.657717 0.158664
vt 0.730569 0.115376
vt 0.731468 0.115338
vt 0.658121 0.155754
vt 0.658526 0.155965
vt 0.658918 0.156172
vt 0.730496 0.113005
vt 0.731394 0.112962
vt 0.659530 0.153382
vt 0.659915 0.153628
vt 0.660287 0.153869
vt 0.730415 0.110844
vt 0.731313 0.110797
vt 0.661101 0.151222
vt 0.661461 0.151503
vt 0.661808 0.151779
vt 0.730327 0.108915
vt 0.731225 0.108871
vt 0.662818 0.149294
vt 0.663148 0.149611
vt 0.663465 0.149920
vt 0.707974 0.365179
vt 0.707845 0.367181
vt 0.706946 0.367154
vt 0.707075 0.365157
vt 0.664665 0.147617
vt 0.664959 0.147969
vt 0.665239 0.148310
vt 0.707738 0.369268
vt 0.706838 0.369244
vt 0.666625 0.146207
vt 0.666875 0.146591
vt 0.667114 0.146963
vt 0.707653 0.371419
vt 0.706754 0.371400
vt 0.668679 0.145078
vt 0.668879 0.145491
vt 0.669069 0.145890
vt 0.707592 0.373615
vt 0.706692 0.373602
vt 0.670808 0.144240
vt 0.670951 0.144677
vt 0.671086 0.145097
vt 0.707555 0.375833
vt 0.706655 0.375826
vt 0.672990 0.143703
vt 0.673071 0.144155
vt 0.673148 0.144590
vt 0.707543 0.378053
vt 0.706643 0.378053
vt 0.675205 0.143472
vt 0.675221 0.143931
vt 0.675236 0.144372
vt 0.707555 0.380253
vt 0.706655 0.380260
vt 0.677430 0.143548
vt 0.677381 0.144005
vt 0.677334 0.144444
vt 0.707592 0.382412
vt 0.706692 0.382425
vt 0.679644 0.143932
vt 0.679532 0.144378
vt 0.679427 0.144806
vt 0.707653 0.384510
vt 0.706754 0.384528
vt 0.681826 0.144620
vt 0.681655 0.145046
vt 0.681494 0.145457
vt 0.707738 0.386525
vt 0.706838 0.386547
vt 0.683954 0.145603
vt 0.683731 0.146004
vt 0.683519 0.146392
vt 0.707845 0.388439
vt 0.706946 0.388463
vt 0.686007 0.146874
vt 0.685739 0.147245
vt 0.685483 0.147605
vt 0.707974 0.390233
vt 0.707075 0.390253
vt 0.687966 0.148418
vt 0.687659 0.148757
vt 0.687365 0.149088
vt 0.707991 0.169675
vt 0.707907 0.171604
vt 0.707009 0.171558
vt 0.707093 0.169632
vt 0.689813 0.150222
vt 0.689474 0.150528
vt 0.689147 0.150827
vt 0.707829 0.173764
vt 0.706931 0.173723
vt 0.691531 0.152268
vt 0.691164 0.152540
vt 0.690810 0.152806
vt 0.707760 0.176136
vt 0.706861 0.176100
vt 0.693101 0.154536
vt 0.692712 0.154774
vt 0.692335 0.155008
vt 0.707699 0.178695
vt 0.706800 0.178665
vt 0.694510 0.157004
vt 0.694103 0.157209
vt 0.693707 0.157411
vt 0.707648 0.181418
vt 0.706749 0.181393
vt 0.695744 0.159650
vt 0.695322 0.159822
vt 0.694911 0.159991
vt 0.707606 0.184279
vt 0.706707 0.184259
vt 0.696791 0.162447
vt 0.696357 0.162586
vt 0.695935 0.162724
vt 0.707574 0.187248
vt 0.706675 0.187235
vt 0.697641 0.165368
vt 0.697198 0.165475
vt 0.696767 0.165583
vt 0.707553 0.190299
vt 0.706654 0.190291
vt 0.698285 0.168385
vt 0.697836 0.168462
vt 0.697398 0.168538
vt 0.707542 0.193402
vt 0.706643 0.193398
vt 0.698718 0.171469
vt 0.698266 0.171515
vt 0.697823 0.171561
vt 0.707542 0.196526
vt 0.706643 0.196527
vt 0.698936 0.174591
vt 0.698481 0.174607
vt 0.698037 0.174622
vt 0.707553 0.199642
vt 0.706654 0.199648
vt 0.698936 0.177720
vt 0.698481 0.177706
vt 0.698037 0.177691
vt 0.707575 0.202720
vt 0.706676 0.202731
vt 0.698718 0.180827
vt 0.698266 0.180782
vt 0.697823 0.180736
vt 0.707606 0.205729
vt 0.706707 0.205746
vt 0.698285 0.183882
vt 0.697837 0.183805
vt 0.697399 0.183729
vt 0.707649 0.208642
vt 0.706750 0.208664
vt 0.697641 0.186855
vt 0.697199 0.186746
vt 0.696768 0.186638
vt 0.707700 0.211430
vt 0.706801 0.211458
vt 0.696791 0.189718
vt 0.696358 0.189576
vt 0.695937 0.189435
vt 0.707761 0.214066
vt 0.706862 0.214099
vt 0.695744 0.192443
vt 0.695324 0.192267
vt 0.694915 0.192094
vt 0.707831 0.216525
vt 0.706932 0.216563
vt 0.694511 0.195004
vt 0.694106 0.194793
vt 0.693713 0.194586
vt 0.707908 0.218783
vt 0.707010 0.218826
vt 0.693102 0.197376
vt 0.692717 0.197130
vt 0.692345 0.196889
vt 0.707993 0.220818
vt 0.707094 0.220859
vt 0.691531 0.199536
vt 0.691171 0.199254
vt 0.690824 0.198979
vt 0.730371 0.357430
vt 0.730510 0.355531
vt 0.731409 0.355556
vt 0.731270 0.357450
vt 0.689814 0.201464
vt 0.689484 0.201147
vt 0.689167 0.200837
vt 0.730628 0.353528
vt 0.731528 0.353550
vt 0.687967 0.203141
vt 0.687673 0.202789
vt 0.687393 0.202447
vt 0.730725 0.351441
vt 0.731624 0.351460
vt 0.686007 0.204551
vt 0.685756 0.204167
vt 0.685518 0.203794
vt 0.730798 0.349289
vt 0.731697 0.349303
vt 0.683953 0.205680
vt 0.683753 0.205267
vt 0.683563 0.204868
vt 0.730847 0.347093
vt 0.731746 0.347101
vt 0.681824 0.206517
vt 0.681681 0.206081
vt 0.681546 0.205661
vt 0.730871 0.344874
vt 0.731771 0.344876
vt 0.679642 0.207055
vt 0.679561 0.206602
vt 0.679484 0.206168
s 1
usemtl 01_|_exposed_cut_wood
f 3889/5071/3900 4140/5072/3901 4142/5073/3902 3891/5074/3903
s 0
f 3891/5075/3904 4142/5076/3904 4143/5077/3904 3890/5078/3904
f 3890/5078/3905 4143/5077/3905 4141/5079/3905 3888/5080/3905
f 4137/5081/3906 4141/5079/3906 4143/5077/3906 4139/5082/3906
f 4139/5082/3907 4143/5077/3907 4142/5076/3907 4138/5083/3907
s 1
f 4138/5084/3908 4142/5073/3902 4140/5072/3901 4136/5085/3909
s 0
f 4133/5086/3910 4137/5081/3910 4139/5082/3910 4135/5087/3910
f 4135/5087/3911 4139/5082/3911 4138/5083/3911 4134/5088/3911
s 1
f 4134/5089/3912 4138/5084/3908 4136/5085/3909 4132/5090/3913
s 0
f 4129/5091/3914 4133/5086/3914 4135/5087/3914 4131/5092/3914
f 4131/5092/3915 4135/5087/3915 4134/5088/3915 4130/5093/3915
s 1
f 4130/5094/3916 4134/5089/3912 4132/5090/3913 4128/5095/3917
s 0
f 4125/5096/3918 4129/5091/3918 4131/5092/3918 4127/5097/3918
f 4127/5097/3919 4131/5092/3919 4130/5093/3919 4126/5098/3919
s 1
f 4126/5099/3920 4130/5094/3916 4128/5095/3917 4124/5100/3921
s 0
f 4121/5101/3922 4125/5096/3922 4127/5097/3922 4123/5102/3922
f 4123/5102/3923 4127/5097/3923 4126/5098/3923 4122/5103/3923
s 1
f 4122/5104/3924 4126/5099/3920 4124/5100/3921 4120/5105/3925
s 0
f 4117/5106/3926 4121/5101/3926 4123/5102/3926 4119/5107/3926
f 4119/5107/3927 4123/5102/3927 4122/5103/3927 4118/5108/3927
s 1
f 4118/5109/3928 4122/5104/3924 4120/5105/3925 4116/5110/3929
s 0
f 4113/5111/3930 4117/5106/3930 4119/5107/3930 4115/5112/3930
f 4115/5112/3931 4119/5107/3931 4118/5108/3931 4114/5113/3931
s 1
f 4114/5114/3932 4118/5115/3928 4116/5116/3929 4112/5117/3933
s 0
f 4109/5118/3934 4113/5111/3934 4115/5112/3934 4111/5119/3934
f 4111/5119/3935 4115/5112/3935 4114/5113/3935 4110/5120/3935
s 1
f 4110/5121/3936 4114/5114/3932 4112/5117/3933 4108/5122/3937
s 0
f 4105/5123/3938 4109/5118/3938 4111/5119/3938 4107/5124/3938
f 4107/5124/3939 4111/5119/3939 4110/5120/3939 4106/5125/3939
s 1
f 4106/5126/3940 4110/5121/3936 4108/5122/3937 4104/5127/3941
s 0
f 4101/5128/3942 4105/5123/3942 4107/5124/3942 4103/5129/3942
f 4103/5129/3943 4107/5124/3943 4106/5125/3943 4102/5130/3943
s 1
f 4102/5131/3944 4106/5126/3940 4104/5127/3941 4100/5132/3945
s 0
f 4097/5133/3946 4101/5128/3946 4103/5129/3946 4099/5134/3946
f 4099/5134/3947 4103/5129/3947 4102/5130/3947 4098/5135/3947
s 1
f 4098/5136/3948 4102/5131/3944 4100/5132/3945 4096/5137/3949
s 0
f 4093/5138/3950 4097/5133/3950 4099/5134/3950 4095/5139/3950
f 4095/5139/3951 4099/5134/3951 4098/5135/3951 4094/5140/3951
s 1
f 4094/5141/3952 4098/5136/3948 4096/5137/3949 4092/5142/3953
s 0
f 4089/5143/3954 4093/5138/3954 4095/5139/3954 4091/5144/3954
f 4091/5144/3955 4095/5139/3955 4094/5140/3955 4090/5145/3955
s 1
f 4090/5146/3956 4094/5141/3952 4092/5142/3953 4088/5147/3957
s 0
f 4085/5148/3958 4089/5143/3958 4091/5144/3958 4087/5149/3958
f 4087/5149/3959 4091/5144/3959 4090/5145/3959 4086/5150/3959
s 1
f 4086/5151/3960 4090/5146/3956 4088/5147/3957 4084/5152/3961
s 0
f 4081/5153/3962 4085/5148/3962 4087/5149/3962 4083/5154/3962
f 4083/5154/3963 4087/5149/3963 4086/5150/3963 4082/5155/3963
s 1
f 4082/5156/3964 4086/5151/3960 4084/5152/3961 4080/5157/3965
s 0
f 4077/5158/3966 4081/5153/3966 4083/5154/3966 4079/5159/3966
f 4079/5159/3967 4083/5154/3967 4082/5155/3967 4078/5160/3967
s 1
f 4078/5161/3968 4082/5156/3964 4080/5157/3965 4076/5162/3969
s 0
f 4073/5163/3970 4077/5158/3970 4079/5159/3970 4075/5164/3970
f 4075/5164/3971 4079/5159/3971 4078/5160/3971 4074/5165/3971
s 1
f 4074/5166/3972 4078/5161/3968 4076/5162/3969 4072/5167/3973
s 0
f 4069/5168/3974 4073/5163/3974 4075/5164/3974 4071/5169/3974
f 4071/5169/3975 4075/5164/3975 4074/5165/3975 4070/5170/3975
s 1
f 4070/5171/3976 4074/5166/3972 4072/5167/3973 4068/5172/3977
s 0
f 4065/5173/3978 4069/5168/3978 4071/5169/3978 4067/5174/3978
f 4067/5174/3979 4071/5169/3979 4070/5170/3979 4066/5175/3979
s 1
f 4066/5176/3980 4070/5171/3976 4068/5172/3977 4064/5177/3981
s 0
f 4061/5178/3982 4065/5173/3982 4067/5174/3982 4063/5179/3982
f 4063/5179/3983 4067/5174/3983 4066/5175/3983 4062/5180/3983
s 1
f 4062/5181/3984 4066/5176/3980 4064/5177/3981 4060/5182/3985
s 0
f 4057/5183/3986 4061/5178/3986 4063/5179/3986 4059/5184/3986
f 4059/5184/3987 4063/5179/3987 4062/5180/3987 4058/5185/3987
s 1
f 4058/5186/3988 4062/5181/3984 4060/5182/3985 4056/5187/3989
s 0
f 4053/5188/3990 4057/5183/3990 4059/5184/3990 4055/5189/3990
f 4055/5189/3991 4059/5184/3991 4058/5185/3991 4054/5190/3991
s 1
f 4054/5191/3992 4058/5186/3988 4056/5187/3989 4052/5192/3993
s 0
f 4049/5193/3994 4053/5188/3994 4055/5189/3994 4051/5194/3994
f 4051/5194/3995 4055/5189/3995 4054/5190/3995 4050/5195/3995
s 1
f 4050/5196/3996 4054/5191/3992 4052/5192/3993 4048/5197/3997
s 0
f 4045/5198/3998 4049/5193/3998 4051/5194/3998 4047/5199/3998
f 4047/5199/3999 4051/5194/3999 4050/5195/3999 4046/5200/3999
s 1
f 4046/5201/4000 4050/5196/3996 4048/5197/3997 4044/5202/4001
s 0
f 4041/5203/4002 4045/5198/4002 4047/5199/4002 4043/5204/4002
f 4043/5204/4003 4047/5199/4003 4046/5200/4003 4042/5205/4003
s 1
f 4042/5206/4004 4046/5201/4000 4044/5202/4001 4040/5207/4005
s 0
f 4037/5208/4006 4041/5203/4006 4043/5204/4006 4039/5209/4006
f 4039/5209/4007 4043/5204/4007 4042/5205/4007 4038/5210/4007
s 1
f 4038/5211/4008 4042/5212/4004 4040/5213/4005 4036/5214/4009
s 0
f 4033/5215/4010 4037/5208/4010 4039/5209/4010 4035/5216/4010
f 4035/5216/4011 4039/5209/4011 4038/5210/4011 4034/5217/4011
s 1
f 4034/5218/4012 4038/5211/4008 4036/5214/4009 4032/5219/4013
s 0
f 4029/5220/4014 4033/5215/4014 4035/5216/4014 4031/5221/4014
f 4031/5221/4015 4035/5216/4015 4034/5217/4015 4030/5222/4015
s 1
f 4030/5223/4016 4034/5218/4012 4032/5219/4013 4028/5224/4017
s 0
f 4025/5225/4018 4029/5220/4018 4031/5221/4018 4027/5226/4018
f 4027/5226/4019 4031/5221/4019 4030/5222/4019 4026/5227/4019
s 1
f 4026/5228/4020 4030/5223/4016 4028/5224/4017 4024/5229/4021
s 0
f 4021/5230/4022 4025/5225/4022 4027/5226/4022 4023/5231/4022
f 4023/5231/4023 4027/5226/4023 4026/5227/4023 4022/5232/4023
s 1
f 4022/5233/4024 4026/5228/4020 4024/5229/4021 4020/5234/4025
s 0
f 4017/5235/4026 4021/5230/4026 4023/5231/4026 4019/5236/4026
f 4019/5236/4027 4023/5231/4027 4022/5232/4027 4018/5237/4027
s 1
f 4018/5238/4028 4022/5233/4024 4020/5234/4025 4016/5239/4029
s 0
f 4013/5240/4030 4017/5235/4030 4019/5236/4030 4015/5241/4030
f 4015/5241/4031 4019/5236/4031 4018/5237/4031 4014/5242/4031
s 1
f 4014/5243/4032 4018/5238/4028 4016/5239/4029 4012/5244/4033
s 0
f 4009/5245/4034 4013/5240/4034 4015/5241/4034 4011/5246/4034
f 4011/5246/4035 4015/5241/4035 4014/5242/4035 4010/5247/4035
s 1
f 4010/5248/4036 4014/5243/4032 4012/5244/4033 4008/5249/4037
s 0
f 4005/5250/4038 4009/5245/4038 4011/5246/4038 4007/5251/4038
f 4007/5251/4039 4011/5246/4039 4010/5247/4039 4006/5252/4039
s 1
f 4006/5253/4040 4010/5248/4036 4008/5249/4037 4004/5254/4041
s 0
f 4001/5255/4042 4005/5250/4042 4007/5251/4042 4003/5256/4042
f 4003/5256/4043 4007/5251/4043 4006/5252/4043 4002/5257/4043
s 1
f 4002/5258/4044 4006/5253/4040 4004/5254/4041 4000/5259/4045
s 0
f 3997/5260/4046 4001/5255/4046 4003/5256/4046 3999/5261/4046
f 3999/5261/4047 4003/5256/4047 4002/5257/4047 3998/5262/4047
s 1
f 3998/5263/4048 4002/5258/4044 4000/5259/4045 3996/5264/4049
s 0
f 3993/5265/4050 3997/5260/4050 3999/5261/4050 3995/5266/4050
f 3995/5266/4051 3999/5261/4051 3998/5262/4051 3994/5267/4051
s 1
f 3994/5268/4052 3998/5263/4048 3996/5264/4049 3992/5269/4053
s 0
f 3989/5270/4054 3993/5265/4054 3995/5266/4054 3991/5271/4054
f 3991/5271/4055 3995/5266/4055 3994/5267/4055 3990/5272/4055
s 1
f 3990/5273/4056 3994/5274/4052 3992/5275/4053 3988/5276/4057
s 0
f 3985/5277/4058 3989/5270/4058 3991/5271/4058 3987/5278/4058
f 3987/5278/4059 3991/5271/4059 3990/5272/4059 3986/5279/4059
s 1
f 3986/5280/4060 3990/5273/4056 3988/5276/4057 3984/5281/4061
s 0
f 3981/5282/4062 3985/5277/4062 3987/5278/4062 3983/5283/4062
f 3983/5283/4063 3987/5278/4063 3986/5279/4063 3982/5284/4063
s 1
f 3982/5285/4064 3986/5280/4060 3984/5281/4061 3980/5286/4065
s 0
f 3977/5287/4066 3981/5282/4066 3983/5283/4066 3979/5288/4066
f 3979/5288/4067 3983/5283/4067 3982/5284/4067 3978/5289/4067
s 1
f 3978/5290/4068 3982/5285/4064 3980/5286/4065 3976/5291/4069
s 0
f 3973/5292/4070 3977/5287/4070 3979/5288/4070 3975/5293/4070
f 3975/5293/4071 3979/5288/4071 3978/5289/4071 3974/5294/4071
s 1
f 3974/5295/4072 3978/5290/4068 3976/5291/4069 3972/5296/4073
s 0
f 3969/5297/4074 3973/5292/4074 3975/5293/4074 3971/5298/4074
f 3971/5298/4075 3975/5293/4075 3974/5294/4075 3970/5299/4075
s 1
f 3970/5300/4076 3974/5295/4072 3972/5296/4073 3968/5301/4077
s 0
f 3965/5302/4078 3969/5297/4078 3971/5298/4078 3967/5303/4078
f 3967/5303/4079 3971/5298/4079 3970/5299/4079 3966/5304/4079
s 1
f 3966/5305/4080 3970/5300/4076 3968/5301/4077 3964/5306/4081
s 0
f 3961/5307/4082 3965/5302/4082 3967/5303/4082 3963/5308/4082
f 3963/5308/4083 3967/5303/4083 3966/5304/4083 3962/5309/4083
s 1
f 3962/5310/4084 3966/5305/4080 3964/5306/4081 3960/5311/4085
s 0
f 3957/5312/4086 3961/5307/4086 3963/5308/4086 3959/5313/4086
f 3959/5313/4087 3963/5308/4087 3962/5309/4087 3958/5314/4087
s 1
f 3958/5315/4088 3962/5310/4084 3960/5311/4085 3956/5316/4089
s 0
f 3953/5317/4090 3957/5312/4090 3959/5313/4090 3955/5318/4090
f 3955/5318/4091 3959/5313/4091 3958/5314/4091 3954/5319/4091
s 1
f 3954/5320/4092 3958/5315/4088 3956/5316/4089 3952/5321/4093
s 0
f 3949/5322/4094 3953/5317/4094 3955/5318/4094 3951/5323/4094
f 3951/5323/4095 3955/5318/4095 3954/5319/4095 3950/5324/4095
s 1
f 3950/5325/4096 3954/5320/4092 3952/5321/4093 3948/5326/4097
s 0
f 3945/5327/4098 3949/5322/4098 3951/5323/4098 3947/5328/4098
f 3947/5328/4099 3951/5323/4099 3950/5324/4099 3946/5329/4099
s 1
f 3946/5330/4100 3950/5325/4096 3948/5326/4097 3944/5331/4101
s 0
f 3941/5332/4102 3945/5327/4102 3947/5328/4102 3943/5333/4102
f 3943/5333/4103 3947/5328/4103 3946/5329/4103 3942/5334/4103
s 1
f 3942/5335/4104 3946/5330/4100 3944/5331/4101 3940/5336/4105
s 0
f 3937/5337/4106 3941/5332/4106 3943/5333/4106 3939/5338/4106
f 3939/5338/4107 3943/5333/4107 3942/5334/4107 3938/5339/4107
s 1
f 3938/5340/4108 3942/5335/4104 3940/5336/4105 3936/5341/4109
s 0
f 3933/5342/4110 3937/5337/4110 3939/5338/4110 3935/5343/4110
f 3935/5343/4111 3939/5338/4111 3938/5339/4111 3934/5344/4111
s 1
f 3934/5345/4112 3938/5340/4108 3936/5341/4109 3932/5346/4113
s 0
f 3929/5347/4114 3933/5342/4114 3935/5343/4114 3931/5348/4114
f 3931/5348/4115 3935/5343/4115 3934/5344/4115 3930/5349/4115
s 1
f 3930/5350/4116 3934/5345/4112 3932/5346/4113 3928/5351/4117
s 0
f 3925/5352/4118 3929/5347/4118 3931/5348/4118 3927/5353/4118
f 3927/5353/4119 3931/5348/4119 3930/5349/4119 3926/5354/4119
s 1
f 3926/5355/4120 3930/5350/4116 3928/5351/4117 3924/5356/4121
s 0
f 3921/5357/4122 3925/5352/4122 3927/5353/4122 3923/5358/4122
f 3923/5358/4123 3927/5353/4123 3926/5354/4123 3922/5359/4123
s 1
f 3922/5360/4124 3926/5355/4120 3924/5356/4121 3920/5361/4125
s 0
f 3917/5362/4126 3921/5357/4126 3923/5358/4126 3919/5363/4126
f 3919/5363/4127 3923/5358/4127 3922/5359/4127 3918/5364/4127
s 1
f 3918/5365/4128 3922/5360/4124 3920/5361/4125 3916/5366/4129
s 0
f 3913/5367/4130 3917/5362/4130 3919/5363/4130 3915/5368/4130
f 3915/5368/4131 3919/5363/4131 3918/5364/4131 3914/5369/4131
s 1
f 3914/5370/4132 3918/5365/4128 3916/5366/4129 3912/5371/4133
s 0
f 3909/5372/4134 3913/5367/4134 3915/5368/4134 3911/5373/4134
f 3911/5373/4135 3915/5368/4135 3914/5369/4135 3910/5374/4135
s 1
f 3910/5375/4136 3914/5376/4132 3912/5377/4133 3908/5378/4137
s 0
f 3905/5379/4138 3909/5372/4138 3911/5373/4138 3907/5380/4138
f 3907/5380/4139 3911/5373/4139 3910/5374/4139 3906/5381/4139
s 1
f 3906/5382/4140 3910/5375/4136 3908/5378/4137 3904/5383/4141
s 0
f 3901/5384/4142 3905/5379/4142 3907/5380/4142 3903/5385/4142
f 3903/5385/4143 3907/5380/4143 3906/5381/4143 3902/5386/4143
s 1
f 3902/5387/4144 3906/5382/4140 3904/5383/4141 3900/5388/4145
s 0
f 3897/5389/4146 3901/5384/4146 3903/5385/4146 3899/5390/4146
f 3899/5390/4147 3903/5385/4147 3902/5386/4147 3898/5391/4147
s 1
f 3898/5392/4148 3902/5387/4144 3900/5388/4145 3896/5393/4149
s 0
f 3893/5394/4150 3897/5389/4150 3899/5390/4150 3895/5395/4150
f 3895/5395/4151 3899/5390/4151 3898/5391/4151 3894/5396/4151
s 1
f 3894/5397/4152 3898/5392/4148 3896/5393/4149 3892/5398/4153
s 0
f 3888/5080/4154 3893/5394/4154 3895/5395/4154 3890/5078/4154
f 3890/5078/4155 3895/5395/4155 3894/5396/4155 3891/5075/4155
s 1
f 3891/5074/3903 3894/5397/4152 3892/5398/4153 3889/5071/3900
f 4145/5399/4156 4149/5400/4157 4151/5401/4158 4147/5402/4159
s 0
f 4147/5403/4160 4151/5404/4160 4150/5405/4160 4146/5406/4160
f 4146/5406/4161 4150/5405/4161 4148/5407/4161 4144/5408/4161
s 1
f 4149/5400/4157 4153/5409/4162 4155/5410/4163 4151/5401/4158
s 0
f 4151/5404/4164 4155/5411/4164 4154/5412/4164 4150/5405/4164
f 4150/5405/4165 4154/5412/4165 4152/5413/4165 4148/5407/4165
s 1
f 4153/5409/4162 4157/5414/4166 4159/5415/4167 4155/5410/4163
s 0
f 4155/5411/4168 4159/5416/4168 4158/5417/4168 4154/5412/4168
f 4154/5412/4169 4158/5417/4169 4156/5418/4169 4152/5413/4169
s 1
f 4157/5414/4166 4161/5419/4170 4163/5420/4171 4159/5415/4167
s 0
f 4159/5416/4172 4163/5421/4172 4162/5422/4172 4158/5417/4172
f 4158/5417/4173 4162/5422/4173 4160/5423/4173 4156/5418/4173
s 1
f 4161/5419/4170 4165/5424/4174 4167/5425/4175 4163/5420/4171
s 0
f 4163/5421/4176 4167/5426/4176 4166/5427/4176 4162/5422/4176
f 4162/5422/4177 4166/5427/4177 4164/5428/4177 4160/5423/4177
s 1
f 4165/5424/4174 4169/5429/4178 4171/5430/4179 4167/5425/4175
s 0
f 4167/5426/4180 4171/5431/4180 4170/5432/4180 4166/5427/4180
f 4166/5427/4181 4170/5432/4181 4168/5433/4181 4164/5428/4181
s 1
f 4169/5434/4178 4173/5435/4182 4175/5436/4183 4171/5437/4179
s 0
f 4171/5431/4184 4175/5438/4184 4174/5439/4184 4170/5432/4184
f 4170/5432/4185 4174/5439/4185 4172/5440/4185 4168/5433/4185
s 1
f 4173/5435/4182 4177/5441/4186 4179/5442/4187 4175/5436/4183
s 0
f 4175/5438/4188 4179/5443/4188 4178/5444/4188 4174/5439/4188
f 4174/5439/4189 4178/5444/4189 4176/5445/4189 4172/5440/4189
s 1
f 4177/5441/4186 4181/5446/4190 4183/5447/4191 4179/5442/4187
s 0
f 4179/5443/4192 4183/5448/4192 4182/5449/4192 4178/5444/4192
f 4178/5444/4193 4182/5449/4193 4180/5450/4193 4176/5445/4193
s 1
f 4181/5446/4190 4185/5451/4194 4187/5452/4195 4183/5447/4191
s 0
f 4183/5448/4196 4187/5453/4196 4186/5454/4196 4182/5449/4196
f 4182/5449/4197 4186/5454/4197 4184/5455/4197 4180/5450/4197
s 1
f 4185/5451/4194 4189/5456/4198 4191/5457/4199 4187/5452/4195
s 0
f 4187/5453/4200 4191/5458/4200 4190/5459/4200 4186/5454/4200
f 4186/5454/4201 4190/5459/4201 4188/5460/4201 4184/5455/4201
s 1
f 4189/5456/4198 4193/5461/4202 4195/5462/4203 4191/5457/4199
s 0
f 4191/5458/4204 4195/5463/4204 4194/5464/4204 4190/5459/4204
f 4190/5459/4205 4194/5464/4205 4192/5465/4205 4188/5460/4205
s 1
f 4193/5461/4202 4197/5466/4206 4199/5467/4207 4195/5462/4203
s 0
f 4195/5463/4208 4199/5468/4208 4198/5469/4208 4194/5464/4208
f 4194/5464/4209 4198/5469/4209 4196/5470/4209 4192/5465/4209
s 1
f 4197/5466/4206 4201/5471/4210 4203/5472/4211 4199/5467/4207
s 0
f 4199/5468/4212 4203/5473/4212 4202/5474/4212 4198/5469/4212
f 4198/5469/4213 4202/5474/4213 4200/5475/4213 4196/5470/4213
s 1
f 4201/5471/4210 4205/5476/4214 4207/5477/4215 4203/5472/4211
s 0
f 4203/5473/4216 4207/5478/4216 4206/5479/4216 4202/5474/4216
f 4202/5474/4217 4206/5479/4217 4204/5480/4217 4200/5475/4217
s 1
f 4205/5476/4214 4209/5481/4218 4211/5482/4219 4207/5477/4215
s 0
f 4207/5478/4220 4211/5483/4220 4210/5484/4220 4206/5479/4220
f 4206/5479/4221 4210/5484/4221 4208/5485/4221 4204/5480/4221
s 1
f 4209/5481/4218 4213/5486/4222 4215/5487/4223 4211/5482/4219
s 0
f 4211/5483/4224 4215/5488/4224 4214/5489/4224 4210/5484/4224
f 4210/5484/4225 4214/5489/4225 4212/5490/4225 4208/5485/4225
s 1
f 4213/5486/4222 4217/5491/4226 4219/5492/4227 4215/5487/4223
s 0
f 4215/5488/4228 4219/5493/4228 4218/5494/4228 4214/5489/4228
f 4214/5489/4229 4218/5494/4229 4216/5495/4229 4212/5490/4229
s 1
f 4217/5491/4226 4221/5496/4230 4223/5497/4231 4219/5492/4227
s 0
f 4219/5493/4232 4223/5498/4232 4222/5499/4232 4218/5494/4232
f 4218/5494/4233 4222/5499/4233 4220/5500/4233 4216/5495/4233
s 1
f 4221/5496/4230 4225/5501/4234 4227/5502/4235 4223/5497/4231
s 0
f 4223/5498/4236 4227/5503/4236 4226/5504/4236 4222/5499/4236
f 4222/5499/4237 4226/5504/4237 4224/5505/4237 4220/5500/4237
s 1
f 4225/5501/4234 4229/5506/4238 4231/5507/4239 4227/5502/4235
s 0
f 4227/5503/4240 4231/5508/4240 4230/5509/4240 4226/5504/4240
f 4226/5504/4241 4230/5509/4241 4228/5510/4241 4224/5505/4241
s 1
f 4229/5506/4238 4233/5511/4242 4235/5512/4243 4231/5507/4239
s 0
f 4231/5508/4244 4235/5513/4244 4234/5514/4244 4230/5509/4244
f 4230/5509/4245 4234/5514/4245 4232/5515/4245 4228/5510/4245
s 1
f 4233/5511/4242 4237/5516/4246 4239/5517/4247 4235/5512/4243
s 0
f 4235/5513/4248 4239/5518/4248 4238/5519/4248 4234/5514/4248
f 4234/5514/4249 4238/5519/4249 4236/5520/4249 4232/5515/4249
s 1
f 4237/5516/4246 4241/5521/4250 4243/5522/4251 4239/5517/4247
s 0
f 4239/5518/4252 4243/5523/4252 4242/5524/4252 4238/5519/4252
f 4238/5519/4253 4242/5524/4253 4240/5525/4253 4236/5520/4253
s 1
f 4241/5521/4250 4245/5526/4254 4247/5527/4255 4243/5522/4251
s 0
f 4243/5523/4256 4247/5528/4256 4246/5529/4256 4242/5524/4256
f 4242/5524/4257 4246/5529/4257 4244/5530/4257 4240/5525/4257
s 1
f 4245/5526/4254 4249/5531/4258 4251/5532/4259 4247/5527/4255
s 0
f 4247/5528/4260 4251/5533/4260 4250/5534/4260 4246/5529/4260
f 4246/5529/4261 4250/5534/4261 4248/5535/4261 4244/5530/4261
s 1
f 4249/5536/4258 4253/5537/4262 4255/5538/4263 4251/5539/4259
s 0
f 4251/5533/4264 4255/5540/4264 4254/5541/4264 4250/5534/4264
f 4250/5534/4265 4254/5541/4265 4252/5542/4265 4248/5535/4265
s 1
f 4253/5537/4262 4257/5543/4266 4259/5544/4267 4255/5538/4263
s 0
f 4255/5540/4268 4259/5545/4268 4258/5546/4268 4254/5541/4268
f 4254/5541/4269 4258/5546/4269 4256/5547/4269 4252/5542/4269
s 1
f 4257/5543/4266 4261/5548/4270 4263/5549/4271 4259/5544/4267
s 0
f 4259/5545/4272 4263/5550/4272 4262/5551/4272 4258/5546/4272
f 4258/5546/4273 4262/5551/4273 4260/5552/4273 4256/5547/4273
s 1
f 4261/5548/4270 4265/5553/4274 4267/5554/4275 4263/5549/4271
s 0
f 4263/5550/4276 4267/5555/4276 4266/5556/4276 4262/5551/4276
f 4262/5551/4277 4266/5556/4277 4264/5557/4277 4260/5552/4277
s 1
f 4265/5553/4274 4269/5558/4278 4271/5559/4279 4267/5554/4275
s 0
f 4267/5555/4280 4271/5560/4280 4270/5561/4280 4266/5556/4280
f 4266/5556/4281 4270/5561/4281 4268/5562/4281 4264/5557/4281
s 1
f 4269/5558/4278 4273/5563/4282 4275/5564/4283 4271/5559/4279
s 0
f 4271/5560/4284 4275/5565/4284 4274/5566/4284 4270/5561/4284
f 4270/5561/4285 4274/5566/4285 4272/5567/4285 4268/5562/4285
s 1
f 4273/5563/4282 4277/5568/4286 4279/5569/4287 4275/5564/4283
s 0
f 4275/5565/4288 4279/5570/4288 4278/5571/4288 4274/5566/4288
f 4274/5566/4289 4278/5571/4289 4276/5572/4289 4272/5567/4289
s 1
f 4277/5568/4286 4281/5573/4290 4283/5574/4291 4279/5569/4287
s 0
f 4279/5570/4292 4283/5575/4292 4282/5576/4292 4278/5571/4292
f 4278/5571/4293 4282/5576/4293 4280/5577/4293 4276/5572/4293
s 1
f 4281/5573/4290 4285/5578/4294 4287/5579/4295 4283/5574/4291
s 0
f 4283/5575/4296 4287/5580/4296 4286/5581/4296 4282/5576/4296
f 4282/5576/4297 4286/5581/4297 4284/5582/4297 4280/5577/4297
s 1
f 4285/5578/4294 4289/5583/4298 4291/5584/4299 4287/5579/4295
s 0
f 4287/5580/4300 4291/5585/4300 4290/5586/4300 4286/5581/4300
f 4286/5581/4301 4290/5586/4301 4288/5587/4301 4284/5582/4301
s 1
f 4289/5583/4298 4293/5588/4302 4295/5589/4303 4291/5584/4299
s 0
f 4291/5585/4304 4295/5590/4304 4294/5591/4304 4290/5586/4304
f 4290/5586/4305 4294/5591/4305 4292/5592/4305 4288/5587/4305
s 1
f 4293/5588/4302 4297/5593/4306 4299/5594/4307 4295/5589/4303
s 0
f 4295/5590/4308 4299/5595/4308 4298/5596/4308 4294/5591/4308
f 4294/5591/4309 4298/5596/4309 4296/5597/4309 4292/5592/4309
s 1
f 4297/5598/4306 4301/5599/4310 4303/5600/4311 4299/5601/4307
s 0
f 4299/5595/4312 4303/5602/4312 4302/5603/4312 4298/5596/4312
f 4298/5596/4313 4302/5603/4313 4300/5604/4313 4296/5597/4313
s 1
f 4301/5599/4310 4305/5605/4314 4307/5606/4315 4303/5600/4311
s 0
f 4303/5602/4316 4307/5607/4316 4306/5608/4316 4302/5603/4316
f 4302/5603/4317 4306/5608/4317 4304/5609/4317 4300/5604/4317
s 1
f 4305/5605/4314 4309/5610/4318 4311/5611/4319 4307/5606/4315
s 0
f 4307/5607/4320 4311/5612/4320 4310/5613/4320 4306/5608/4320
f 4306/5608/4321 4310/5613/4321 4308/5614/4321 4304/5609/4321
s 1
f 4309/5610/4318 4313/5615/4322 4315/5616/4323 4311/5611/4319
s 0
f 4311/5612/4324 4315/5617/4324 4314/5618/4324 4310/5613/4324
f 4310/5613/4325 4314/5618/4325 4312/5619/4325 4308/5614/4325
s 1
f 4313/5615/4322 4317/5620/4326 4319/5621/4327 4315/5616/4323
s 0
f 4315/5617/4328 4319/5622/4328 4318/5623/4328 4314/5618/4328
f 4314/5618/4329 4318/5623/4329 4316/5624/4329 4312/5619/4329
s 1
f 4317/5620/4326 4321/5625/4330 4323/5626/4331 4319/5621/4327
s 0
f 4319/5622/4332 4323/5627/4332 4322/5628/4332 4318/5623/4332
f 4318/5623/4333 4322/5628/4333 4320/5629/4333 4316/5624/4333
s 1
f 4321/5625/4330 4325/5630/4334 4327/5631/4335 4323/5626/4331
s 0
f 4323/5627/4336 4327/5632/4336 4326/5633/4336 4322/5628/4336
f 4322/5628/4337 4326/5633/4337 4324/5634/4337 4320/5629/4337
s 1
f 4325/5630/4334 4329/5635/4338 4331/5636/4339 4327/5631/4335
s 0
f 4327/5632/4340 4331/5637/4340 4330/5638/4340 4326/5633/4340
f 4326/5633/4341 4330/5638/4341 4328/5639/4341 4324/5634/4341
s 1
f 4329/5635/4338 4333/5640/4342 4335/5641/4343 4331/5636/4339
s 0
f 4331/5637/4344 4335/5642/4344 4334/5643/4344 4330/5638/4344
f 4330/5638/4345 4334/5643/4345 4332/5644/4345 4328/5639/4345
s 1
f 4333/5640/4342 4337/5645/4346 4339/5646/4347 4335/5641/4343
s 0
f 4335/5642/4348 4339/5647/4348 4338/5648/4348 4334/5643/4348
f 4334/5643/4349 4338/5648/4349 4336/5649/4349 4332/5644/4349
s 1
f 4337/5645/4346 4341/5650/4350 4343/5651/4351 4339/5646/4347
s 0
f 4339/5647/4352 4343/5652/4352 4342/5653/4352 4338/5648/4352
f 4338/5648/4353 4342/5653/4353 4340/5654/4353 4336/5649/4353
s 1
f 4341/5650/4350 4345/5655/4354 4347/5656/4355 4343/5651/4351
s 0
f 4343/5652/4356 4347/5657/4356 4346/5658/4356 4342/5653/4356
f 4342/5653/4357 4346/5658/4357 4344/5659/4357 4340/5654/4357
s 1
f 4345/5655/4354 4349/5660/4358 4351/5661/4359 4347/5656/4355
s 0
f 4347/5657/4360 4351/5662/4360 4350/5663/4360 4346/5658/4360
f 4346/5658/4361 4350/5663/4361 4348/5664/4361 4344/5659/4361
s 1
f 4349/5660/4358 4353/5665/4362 4355/5666/4363 4351/5661/4359
s 0
f 4351/5662/4364 4355/5667/4364 4354/5668/4364 4350/5663/4364
f 4350/5663/4365 4354/5668/4365 4352/5669/4365 4348/5664/4365
s 1
f 4353/5665/4362 4357/5670/4366 4359/5671/4367 4355/5666/4363
s 0
f 4355/5667/4368 4359/5672/4368 4358/5673/4368 4354/5668/4368
f 4354/5668/4369 4358/5673/4369 4356/5674/4369 4352/5669/4369
s 1
f 4357/5670/4366 4361/5675/4370 4363/5676/4371 4359/5671/4367
s 0
f 4359/5672/4372 4363/5677/4372 4362/5678/4372 4358/5673/4372
f 4358/5673/4373 4362/5678/4373 4360/5679/4373 4356/5674/4373
s 1
f 4361/5675/4370 4365/5680/4374 4367/5681/4375 4363/5676/4371
s 0
f 4363/5677/4376 4367/5682/4376 4366/5683/4376 4362/5678/4376
f 4362/5678/4377 4366/5683/4377 4364/5684/4377 4360/5679/4377
s 1
f 4365/5680/4374 4369/5685/4378 4371/5686/4379 4367/5681/4375
s 0
f 4367/5682/4380 4371/5687/4380 4370/5688/4380 4366/5683/4380
f 4366/5683/4381 4370/5688/4381 4368/5689/4381 4364/5684/4381
s 1
f 4369/5685/4378 4373/5690/4382 4375/5691/4383 4371/5686/4379
s 0
f 4371/5687/4384 4375/5692/4384 4374/5693/4384 4370/5688/4384
f 4370/5688/4385 4374/5693/4385 4372/5694/4385 4368/5689/4385
s 1
f 4373/5695/4382 4377/5696/4386 4379/5697/4387 4375/5698/4383
s 0
f 4375/5692/4388 4379/5699/4388 4378/5700/4388 4374/5693/4388
f 4374/5693/4389 4378/5700/4389 4376/5701/4389 4372/5694/4389
s 1
f 4377/5696/4386 4381/5702/4390 4383/5703/4391 4379/5697/4387
s 0
f 4379/5699/4392 4383/5704/4392 4382/5705/4392 4378/5700/4392
f 4378/5700/4393 4382/5705/4393 4380/5706/4393 4376/5701/4393
s 1
f 4381/5702/4390 4385/5707/4394 4387/5708/4395 4383/5703/4391
s 0
f 4383/5704/4396 4387/5709/4396 4386/5710/4396 4382/5705/4396
f 4382/5705/4397 4386/5710/4397 4384/5711/4397 4380/5706/4397
s 1
f 4385/5707/4394 4389/5712/4398 4391/5713/4399 4387/5708/4395
s 0
f 4387/5709/4400 4391/5714/4400 4390/5715/4400 4386/5710/4400
f 4386/5710/4401 4390/5715/4401 4388/5716/4401 4384/5711/4401
s 1
f 4389/5712/4398 4393/5717/4402 4395/5718/4403 4391/5713/4399
s 0
f 4391/5714/4404 4395/5719/4404 4394/5720/4404 4390/5715/4404
f 4390/5715/4405 4394/5720/4405 4392/5721/4405 4388/5716/4405
s 1
f 4393/5717/4402 4397/5722/4406 4399/5723/4407 4395/5718/4403
s 0
f 4395/5719/4408 4399/5724/4408 4398/5725/4408 4394/5720/4408
f 4394/5720/4409 4398/5725/4409 4396/5726/4409 4392/5721/4409
f 4144/5408/4410 4396/5726/4410 4398/5725/4410 4146/5406/4410
f 4146/5406/4411 4398/5725/4411 4399/5724/4411 4147/5403/4411
s 1
f 4147/5402/4159 4399/5723/4407 4397/5722/4406 4145/5399/4156
f 4140/5072/3901 3889/5071/3900 4145/5399/4156 4397/5722/4406
s 0
f 4141/5079/4412 4137/5081/4412 4133/5086/4412 4129/5091/4412 4125/5096/4412 4121/5101/4412 4117/5106/4412 4113/5111/4412 4109/5118/4412 4105/5123/4412 4101/5128/4412 4097/5133/4412 4093/5138/4412 4089/5143/4412 4085/5148/4412 4081/5153/4412 4077/5158/4412 4073/5163/4412 4069/5168/4412 4065/5173/4412 4061/5178/4412 4057/5183/4412 4053/5188/4412 4049/5193/4412 4045/5198/4412 4041/5203/4412 4037/5208/4412 4033/5215/4412 4029/5220/4412 4025/5225/4412 4021/5230/4412 4017/5235/4412 4013/5240/4412 4009/5245/4412 4005/5250/4412 4001/5255/4412 3997/5260/4412 3993/5265/4412 3989/5270/4412 3985/5277/4412 3981/5282/4412 3977/5287/4412 3973/5292/4412 3969/5297/4412 3965/5302/4412 3961/5307/4412 3957/5312/4412 3953/5317/4412 3949/5322/4412 3945/5327/4412 3941/5332/4412 3937/5337/4412 3933/5342/4412 3929/5347/4412 3925/5352/4412 3921/5357/4412 3917/5362/4412 3913/5367/4412 3909/5372/4412 3905/5379/4412 3901/5384/4412 3897/5389/4412 3893/5394/4412 3888/5080/4412
s 1
f 3889/5071/3900 3892/5398/4153 4149/5400/4157 4145/5399/4156
f 3892/5398/4153 3896/5393/4149 4153/5409/4162 4149/5400/4157
f 3896/5393/4149 3900/5388/4145 4157/5414/4166 4153/5409/4162
f 3900/5388/4145 3904/5383/4141 4161/5419/4170 4157/5414/4166
f 3904/5383/4141 3908/5378/4137 4165/5424/4174 4161/5419/4170
f 3908/5378/4137 3912/5377/4133 4169/5429/4178 4165/5424/4174
f 3912/5371/4133 3916/5366/4129 4173/5435/4182 4169/5434/4178
f 3916/5366/4129 3920/5361/4125 4177/5441/4186 4173/5435/4182
f 3920/5361/4125 3924/5356/4121 4181/5446/4190 4177/5441/4186
f 3924/5356/4121 3928/5351/4117 4185/5451/4194 4181/5446/4190
f 3928/5351/4117 3932/5346/4113 4189/5456/4198 4185/5451/4194
f 3932/5346/4113 3936/5341/4109 4193/5461/4202 4189/5456/4198
f 3936/5341/4109 3940/5336/4105 4197/5466/4206 4193/5461/4202
f 3940/5336/4105 3944/5331/4101 4201/5471/4210 4197/5466/4206
f 3944/5331/4101 3948/5326/4097 4205/5476/4214 4201/5471/4210
f 3948/5326/4097 3952/5321/4093 4209/5481/4218 4205/5476/4214
f 3952/5321/4093 3956/5316/4089 4213/5486/4222 4209/5481/4218
f 3956/5316/4089 3960/5311/4085 4217/5491/4226 4213/5486/4222
f 3960/5311/4085 3964/5306/4081 4221/5496/4230 4217/5491/4226
f 3964/5306/4081 3968/5301/4077 4225/5501/4234 4221/5496/4230
f 3968/5301/4077 3972/5296/4073 4229/5506/4238 4225/5501/4234
f 3972/5296/4073 3976/5291/4069 4233/5511/4242 4229/5506/4238
f 3976/5291/4069 3980/5286/4065 4237/5516/4246 4233/5511/4242
f 3980/5286/4065 3984/5281/4061 4241/5521/4250 4237/5516/4246
f 3984/5281/4061 3988/5276/4057 4245/5526/4254 4241/5521/4250
f 3988/5276/4057 3992/5275/4053 4249/5531/4258 4245/5526/4254
f 3992/5269/4053 3996/5264/4049 4253/5537/4262 4249/5536/4258
f 3996/5264/4049 4000/5259/4045 4257/5543/4266 4253/5537/4262
f 4000/5259/4045 4004/5254/4041 4261/5548/4270 4257/5543/4266
f 4004/5254/4041 4008/5249/4037 4265/5553/4274 4261/5548/4270
f 4008/5249/4037 4012/5244/4033 4269/5558/4278 4265/5553/4274
f 4012/5244/4033 4016/5239/4029 4273/5563/4282 4269/5558/4278
f 4016/5239/4029 4020/5234/4025 4277/5568/4286 4273/5563/4282
f 4020/5234/4025 4024/5229/4021 4281/5573/4290 4277/5568/4286
f 4024/5229/4021 4028/5224/4017 4285/5578/4294 4281/5573/4290
f 4028/5224/4017 4032/5219/4013 4289/5583/4298 4285/5578/4294
f 4032/5219/4013 4036/5214/4009 4293/5588/4302 4289/5583/4298
f 4036/5214/4009 4040/5213/4005 4297/5593/4306 4293/5588/4302
f 4040/5207/4005 4044/5202/4001 4301/5599/4310 4297/5598/4306
f 4044/5202/4001 4048/5197/3997 4305/5605/4314 4301/5599/4310
f 4048/5197/3997 4052/5192/3993 4309/5610/4318 4305/5605/4314
f 4052/5192/3993 4056/5187/3989 4313/5615/4322 4309/5610/4318
f 4056/5187/3989 4060/5182/3985 4317/5620/4326 4313/5615/4322
f 4060/5182/3985 4064/5177/3981 4321/5625/4330 4317/5620/4326
f 4064/5177/3981 4068/5172/3977 4325/5630/4334 4321/5625/4330
f 4068/5172/3977 4072/5167/3973 4329/5635/4338 4325/5630/4334
f 4072/5167/3973 4076/5162/3969 4333/5640/4342 4329/5635/4338
f 4076/5162/3969 4080/5157/3965 4337/5645/4346 4333/5640/4342
f 4080/5157/3965 4084/5152/3961 4341/5650/4350 4337/5645/4346
f 4084/5152/3961 4088/5147/3957 4345/5655/4354 4341/5650/4350
f 4088/5147/3957 4092/5142/3953 4349/5660/4358 4345/5655/4354
f 4092/5142/3953 4096/5137/3949 4353/5665/4362 4349/5660/4358
f 4096/5137/3949 4100/5132/3945 4357/5670/4366 4353/5665/4362
f 4100/5132/3945 4104/5127/3941 4361/5675/4370 4357/5670/4366
f 4104/5127/3941 4108/5122/3937 4365/5680/4374 4361/5675/4370
f 4108/5122/3937 4112/5117/3933 4369/5685/4378 4365/5680/4374
f 4112/5117/3933 4116/5116/3929 4373/5690/4382 4369/5685/4378
f 4116/5110/3929 4120/5105/3925 4377/5696/4386 4373/5695/4382
f 4120/5105/3925 4124/5100/3921 4381/5702/4390 4377/5696/4386
f 4124/5100/3921 4128/5095/3917 4385/5707/4394 4381/5702/4390
f 4128/5095/3917 4132/5090/3913 4389/5712/4398 4385/5707/4394
f 4132/5090/3913 4136/5085/3909 4393/5717/4402 4389/5712/4398
f 4136/5085/3909 4140/5072/3901 4397/5722/4406 4393/5717/4402
s 0
f 4144/5408/4413 4148/5407/4413 4152/5413/4413 4156/5418/4413 4160/5423/4413 4164/5428/4413 4168/5433/4413 4172/5440/4413 4176/5445/4413 4180/5450/4413 4184/5455/4413 4188/5460/4413 4192/5465/4413 4196/5470/4413 4200/5475/4413 4204/5480/4413 4208/5485/4413 4212/5490/4413 4216/5495/4413 4220/5500/4413 4224/5505/4413 4228/5510/4413 4232/5515/4413 4236/5520/4413 4240/5525/4413 4244/5530/4413 4248/5535/4413 4252/5542/4413 4256/5547/4413 4260/5552/4413 4264/5557/4413 4268/5562/4413 4272/5567/4413 4276/5572/4413 4280/5577/4413 4284/5582/4413 4288/5587/4413 4292/5592/4413 4296/5597/4413 4300/5604/4413 4304/5609/4413 4308/5614/4413 4312/5619/4413 4316/5624/4413 4320/5629/4413 4324/5634/4413 4328/5639/4413 4332/5644/4413 4336/5649/4413 4340/5654/4413 4344/5659/4413 4348/5664/4413 4352/5669/4413 4356/5674/4413 4360/5679/4413 4364/5684/4413 4368/5689/4413 4372/5694/4413 4376/5701/4413 4380/5706/4413 4384/5711/4413 4388/5716/4413 4392/5721/4413 4396/5726/4413
o Driven_steel_fixing_wedge
v -0.440750 0.025820 -0.328415
v -0.440550 0.026020 -0.328410
v -0.440550 0.025815 -0.328215
v -0.440723 0.025920 -0.328412
v -0.440723 0.025818 -0.328315
v -0.440697 0.025913 -0.328317
v -0.440550 0.025991 -0.328311
v -0.440650 0.025993 -0.328410
v -0.440646 0.025965 -0.328316
v -0.440650 0.025816 -0.328242
v -0.440550 0.025916 -0.328239
v -0.440646 0.025912 -0.328265
v -0.440550 0.026160 -0.334008
v -0.440750 0.025960 -0.334013
v -0.440550 0.025965 -0.334213
v -0.440650 0.026133 -0.334009
v -0.440550 0.026136 -0.334109
v -0.440646 0.026110 -0.334105
v -0.440723 0.025963 -0.334113
v -0.440723 0.026060 -0.334011
v -0.440697 0.026058 -0.334106
v -0.440550 0.026064 -0.334184
v -0.440650 0.025964 -0.334186
v -0.440646 0.026059 -0.334158
v -0.440750 0.015223 -0.328680
v -0.440550 0.015218 -0.328480
v -0.440550 0.015023 -0.328685
v -0.440723 0.015221 -0.328580
v -0.440723 0.015124 -0.328682
v -0.440697 0.015125 -0.328587
v -0.440550 0.015119 -0.328509
v -0.440650 0.015219 -0.328507
v -0.440646 0.015124 -0.328535
v -0.440650 0.015050 -0.328684
v -0.440550 0.015048 -0.328584
v -0.440646 0.015074 -0.328588
v -0.440750 0.015363 -0.334278
v -0.440550 0.015163 -0.334283
v -0.440550 0.015368 -0.334478
v -0.440723 0.015264 -0.334280
v -0.440723 0.015366 -0.334378
v -0.440697 0.015270 -0.334376
v -0.440550 0.015193 -0.334382
v -0.440650 0.015190 -0.334282
v -0.440646 0.015219 -0.334377
v -0.440650 0.015368 -0.334451
v -0.440550 0.015268 -0.334454
v -0.440646 0.015271 -0.334428
v -0.439450 0.026020 -0.328410
v -0.439250 0.025820 -0.328415
v -0.439450 0.025815 -0.328215
v -0.439350 0.025993 -0.328410
v -0.439450 0.025991 -0.328311
v -0.439354 0.025965 -0.328316
v -0.439277 0.025818 -0.328315
v -0.439277 0.025920 -0.328412
v -0.439303 0.025913 -0.328317
v -0.439450 0.025916 -0.328239
v -0.439350 0.025816 -0.328242
v -0.439354 0.025912 -0.328265
v -0.439450 0.026160 -0.334008
v -0.439450 0.025965 -0.334213
v -0.439250 0.025960 -0.334013
v -0.439450 0.026136 -0.334109
v -0.439350 0.026133 -0.334009
v -0.439354 0.026110 -0.334105
v -0.439350 0.025964 -0.334186
v -0.439450 0.026064 -0.334184
v -0.439354 0.026059 -0.334158
v -0.439277 0.026060 -0.334011
v -0.439277 0.025963 -0.334113
v -0.439303 0.026058 -0.334106
v -0.439250 0.015223 -0.328680
v -0.439450 0.015023 -0.328685
v -0.439450 0.015218 -0.328480
v -0.439277 0.015124 -0.328682
v -0.439277 0.015221 -0.328580
v -0.439303 0.015125 -0.328587
v -0.439450 0.015048 -0.328584
v -0.439350 0.015050 -0.328684
v -0.439354 0.015074 -0.328588
v -0.439350 0.015219 -0.328507
v -0.439450 0.015119 -0.328509
v -0.439354 0.015124 -0.328535
v -0.439450 0.015163 -0.334283
v -0.439250 0.015363 -0.334278
v -0.439450 0.015368 -0.334478
v -0.439350 0.015190 -0.334282
v -0.439450 0.015193 -0.334382
v -0.439354 0.015219 -0.334377
v -0.439277 0.015366 -0.334378
v -0.439277 0.015264 -0.334280
v -0.439303 0.015270 -0.334376
v -0.439450 0.015268 -0.334454
v -0.439350 0.015368 -0.334451
v -0.439354 0.015271 -0.334428
vn 1.0000 -0.0024 -0.0048
vn 0.8660 -0.4998 -0.0165
vn 0.7744 -0.4361 -0.4584
vn 0.8659 0.0104 -0.5001
vn 0.5001 -0.8656 -0.0257
vn 0.4473 -0.7630 -0.4665
vn 0.0223 -0.9993 -0.0297
vn 0.1216 -0.8498 -0.5130
vn 0.1216 -0.4699 -0.8743
vn 0.4473 -0.4279 -0.7854
vn 0.0223 0.0225 -0.9995
vn 0.5001 0.0195 -0.8657
vn 0.0223 -0.9995 -0.0203
vn 0.5001 -0.8658 -0.0176
vn 0.4473 -0.7854 0.4278
vn 0.1215 -0.8743 0.4699
vn 0.8660 -0.5000 -0.0085
vn 0.7745 -0.4584 0.4359
vn 1.0000 -0.0026 0.0046
vn 0.8658 -0.0146 0.5001
vn 0.5004 -0.0238 0.8655
vn 0.4473 -0.4666 0.7630
vn 0.0223 -0.0275 0.9994
vn 0.1214 -0.5131 0.8497
vn 1.0000 0.0026 -0.0047
vn 0.8659 0.0147 -0.5000
vn 0.7744 0.4585 -0.4361
vn 0.8660 0.5000 0.0085
vn 0.5001 0.0238 -0.8656
vn 0.4473 0.4666 -0.7630
vn 0.0223 0.0275 -0.9994
vn 0.1216 0.5130 -0.8498
vn 0.1216 0.8743 -0.4698
vn 0.4473 0.7854 -0.4278
vn 0.0223 0.9995 0.0203
vn 0.5001 0.8658 0.0176
vn 1.0000 0.0024 0.0048
vn 0.8660 0.4998 0.0165
vn 0.7745 0.4360 0.4583
vn 0.8658 -0.0104 0.5002
vn 0.5001 0.8656 0.0257
vn 0.4473 0.7630 0.4665
vn 0.0223 0.9993 0.0297
vn 0.1215 0.8497 0.5130
vn 0.1215 0.4700 0.8743
vn 0.4474 0.4279 0.7854
vn 0.0223 -0.0225 0.9995
vn 0.5004 -0.0195 0.8656
vn -0.0223 -0.9993 -0.0297
vn -0.5001 -0.8656 -0.0257
vn -0.4473 -0.7630 -0.4665
vn -0.1216 -0.8498 -0.5130
vn -0.8660 -0.4998 -0.0165
vn -0.7744 -0.4361 -0.4584
vn -1.0000 -0.0024 -0.0048
vn -0.8659 0.0103 -0.5001
vn -0.5001 0.0195 -0.8657
vn -0.4473 -0.4279 -0.7854
vn -0.0223 0.0225 -0.9995
vn -0.1216 -0.4699 -0.8743
vn -0.0223 -0.9995 -0.0203
vn -0.1215 -0.8743 0.4699
vn -0.4473 -0.7854 0.4278
vn -0.5001 -0.8658 -0.0176
vn -0.1215 -0.5131 0.8497
vn -0.4474 -0.4666 0.7630
vn -0.0223 -0.0275 0.9994
vn -0.5004 -0.0238 0.8655
vn -0.8658 -0.0146 0.5001
vn -0.7745 -0.4584 0.4359
vn -1.0000 -0.0026 0.0046
vn -0.8660 -0.5000 -0.0085
vn -1.0000 0.0027 -0.0046
vn -0.8660 0.5000 0.0085
vn -0.7744 0.4584 -0.4361
vn -0.8659 0.0146 -0.5000
vn -0.5001 0.8658 0.0176
vn -0.4473 0.7854 -0.4278
vn -0.0223 0.9995 0.0203
vn -0.1216 0.8743 -0.4698
vn -0.1216 0.5130 -0.8498
vn -0.4473 0.4666 -0.7631
vn -0.0223 0.0275 -0.9994
vn -0.5001 0.0238 -0.8656
vn -0.0223 0.9993 0.0297
vn -0.5001 0.8656 0.0257
vn -0.4473 0.7630 0.4665
vn -0.1215 0.8497 0.5130
vn -0.8660 0.4998 0.0165
vn -0.7745 0.4360 0.4583
vn -1.0000 0.0024 0.0048
vn -0.8658 -0.0104 0.5002
vn -0.5004 -0.0195 0.8656
vn -0.4473 0.4279 0.7854
vn -0.0223 -0.0225 0.9995
vn -0.1214 0.4700 0.8743
vt 0.724030 0.398559
vt 0.724030 0.397960
vt 0.724317 0.397960
vt 0.724630 0.398560
vt 0.706643 0.578081
vt 0.706943 0.578081
vt 0.706956 0.578367
vt 0.706643 0.578367
vt 0.707243 0.578081
vt 0.707243 0.578680
vt 0.707243 0.479327
vt 0.707242 0.479627
vt 0.706956 0.479639
vt 0.706956 0.479484
vt 0.707243 0.479926
vt 0.706943 0.479926
vt 0.706643 0.479926
vt 0.706643 0.479327
vt 0.706956 0.578522
vt 0.707243 0.561293
vt 0.706943 0.561293
vt 0.706956 0.561006
vt 0.707243 0.560693
vt 0.706643 0.561293
vt 0.706643 0.561006
vt 0.707242 0.398559
vt 0.706643 0.398560
vt 0.706956 0.397960
vt 0.707243 0.397960
vt 0.711140 0.520609
vt 0.710840 0.520609
vt 0.710827 0.520323
vt 0.711140 0.520010
vt 0.710540 0.520609
vt 0.710540 0.520310
vt 0.710540 0.520010
vt 0.710827 0.520168
vt 0.706956 0.560851
vt 0.724030 0.430337
vt 0.724630 0.430337
vt 0.724630 0.430624
vt 0.724030 0.430936
vt 0.706643 0.511703
vt 0.706943 0.511703
vt 0.706956 0.511990
vt 0.706643 0.511990
vt 0.707242 0.511703
vt 0.707242 0.512003
vt 0.707243 0.512303
vt 0.706956 0.512303
vt 0.710540 0.603775
vt 0.710840 0.603775
vt 0.710827 0.604374
vt 0.710540 0.604374
vt 0.711140 0.603775
vt 0.711140 0.604374
vt 0.707242 0.430337
vt 0.707243 0.430936
vt 0.706956 0.430936
vt 0.706643 0.430337
vt 0.711140 0.586987
vt 0.710840 0.586987
vt 0.710827 0.586700
vt 0.711140 0.586700
vt 0.710540 0.586987
vt 0.710540 0.586387
vt 0.710540 0.552986
vt 0.710540 0.552686
vt 0.710827 0.552673
vt 0.710827 0.552828
vt 0.710540 0.552387
vt 0.710840 0.552387
vt 0.711140 0.552387
vt 0.711140 0.552986
vt 0.710827 0.586545
vt 0.710540 0.578081
vt 0.710840 0.578081
vt 0.710827 0.578367
vt 0.710540 0.578680
vt 0.711140 0.578081
vt 0.711140 0.578367
vt 0.724030 0.471020
vt 0.724630 0.471020
vt 0.724317 0.471620
vt 0.724030 0.471620
vt 0.711140 0.479926
vt 0.710840 0.479926
vt 0.710827 0.479639
vt 0.711140 0.479327
vt 0.710540 0.479926
vt 0.710540 0.479627
vt 0.710540 0.479327
vt 0.710827 0.479484
vt 0.710827 0.578522
vt 0.710540 0.561293
vt 0.710540 0.560693
vt 0.710827 0.560693
vt 0.710840 0.561293
vt 0.707243 0.520010
vt 0.707242 0.520310
vt 0.706956 0.520323
vt 0.706956 0.520010
vt 0.707242 0.520609
vt 0.706943 0.520609
vt 0.706643 0.520609
vt 0.706643 0.520323
vt 0.707242 0.471020
vt 0.707242 0.471620
vt 0.706643 0.471307
vt 0.706643 0.471020
vt 0.711140 0.561293
vt 0.711140 0.560693
vt 0.724030 0.439243
vt 0.724030 0.438643
vt 0.724317 0.438643
vt 0.724630 0.439243
vt 0.706643 0.603775
vt 0.706943 0.603775
vt 0.706956 0.604061
vt 0.706643 0.604061
vt 0.707242 0.603775
vt 0.707243 0.604374
vt 0.710540 0.512303
vt 0.710540 0.512003
vt 0.710827 0.511990
vt 0.710827 0.512145
vt 0.710540 0.511703
vt 0.710840 0.511703
vt 0.711140 0.511703
vt 0.711140 0.512303
vt 0.706956 0.604216
vt 0.707243 0.586987
vt 0.706943 0.586987
vt 0.706956 0.586700
vt 0.707243 0.586387
vt 0.706643 0.586987
vt 0.706643 0.586700
vt 0.707242 0.439243
vt 0.706643 0.439243
vt 0.706956 0.438643
vt 0.707242 0.438643
vt 0.706643 0.552387
vt 0.706943 0.552387
vt 0.706956 0.552673
vt 0.706643 0.552986
vt 0.707243 0.552387
vt 0.707242 0.552686
vt 0.707243 0.552986
vt 0.706956 0.552828
vt 0.706956 0.586545
s 1
usemtl 01_|_satin_forged_steel
f 4400/5727/4414 4403/5728/4415 4405/5729/4416 4404/5730/4417
f 4403/5731/4415 4407/5732/4418 4408/5733/4419 4405/5734/4416
f 4401/5735/4420 4406/5736/4421 4408/5733/4419 4407/5732/4418
f 4406/5737/4421 4410/5738/4422 4411/5739/4423 4408/5740/4419
f 4402/5741/4424 4409/5742/4425 4411/5739/4423 4410/5738/4422
f 4409/5742/4425 4404/5743/4417 4405/5744/4416 4411/5739/4423
f 4405/5734/4416 4408/5733/4419 4411/5745/4423
f 4412/5746/4426 4415/5747/4427 4417/5748/4428 4416/5749/4429
f 4415/5747/4427 4419/5750/4430 4420/5751/4431 4417/5748/4428
f 4413/5752/4432 4418/5753/4433 4420/5754/4431 4419/5755/4430
f 4418/5756/4433 4422/5757/4434 4423/5758/4435 4420/5759/4431
f 4414/5760/4436 4421/5761/4437 4423/5758/4435 4422/5757/4434
f 4421/5761/4437 4416/5762/4429 4417/5763/4428 4423/5758/4435
f 4417/5748/4428 4420/5751/4431 4423/5764/4435
f 4424/5765/4438 4427/5766/4439 4429/5767/4440 4428/5768/4441
f 4427/5769/4439 4431/5770/4442 4432/5771/4443 4429/5772/4440
f 4425/5773/4444 4430/5774/4445 4432/5771/4443 4431/5770/4442
f 4430/5774/4445 4434/5775/4446 4435/5776/4447 4432/5771/4443
f 4426/5777/4448 4433/5778/4449 4435/5779/4447 4434/5780/4446
f 4433/5778/4449 4428/5781/4441 4429/5782/4440 4435/5779/4447
f 4429/5772/4440 4432/5771/4443 4435/5776/4447
f 4436/5783/4450 4439/5784/4451 4441/5785/4452 4440/5786/4453
f 4439/5787/4451 4443/5788/4454 4444/5789/4455 4441/5790/4452
f 4437/5791/4456 4442/5792/4457 4444/5789/4455 4443/5788/4454
f 4442/5793/4457 4446/5794/4458 4447/5795/4459 4444/5796/4455
f 4438/5797/4460 4445/5798/4461 4447/5795/4459 4446/5794/4458
f 4445/5798/4461 4440/5799/4453 4441/5800/4452 4447/5795/4459
f 4441/5790/4452 4444/5789/4455 4447/5801/4459
f 4448/5802/4462 4451/5803/4463 4453/5804/4464 4452/5805/4465
f 4451/5803/4463 4455/5806/4466 4456/5807/4467 4453/5804/4464
f 4449/5808/4468 4454/5809/4469 4456/5810/4467 4455/5811/4466
f 4454/5812/4469 4458/5813/4470 4459/5814/4471 4456/5815/4467
f 4450/5816/4472 4457/5817/4473 4459/5814/4471 4458/5813/4470
f 4457/5817/4473 4452/5818/4465 4453/5819/4464 4459/5814/4471
f 4453/5804/4464 4456/5807/4467 4459/5820/4471
f 4460/5821/4474 4463/5822/4475 4465/5823/4476 4464/5824/4477
f 4463/5825/4475 4467/5826/4478 4468/5827/4479 4465/5828/4476
f 4461/5829/4480 4466/5830/4481 4468/5827/4479 4467/5826/4478
f 4466/5830/4481 4470/5831/4482 4471/5832/4483 4468/5827/4479
f 4462/5833/4484 4469/5834/4485 4471/5835/4483 4470/5836/4482
f 4469/5837/4485 4464/5824/4477 4465/5823/4476 4471/5838/4483
f 4465/5828/4476 4468/5827/4479 4471/5832/4483
f 4472/5839/4486 4475/5840/4487 4477/5841/4488 4476/5842/4489
f 4475/5843/4487 4479/5844/4490 4480/5845/4491 4477/5846/4488
f 4473/5847/4492 4478/5848/4493 4480/5845/4491 4479/5844/4490
f 4478/5849/4493 4482/5850/4494 4483/5851/4495 4480/5852/4491
f 4474/5853/4496 4481/5854/4497 4483/5851/4495 4482/5850/4494
f 4481/5854/4497 4476/5855/4489 4477/5856/4488 4483/5851/4495
f 4477/5846/4488 4480/5845/4491 4483/5857/4495
f 4484/5858/4498 4487/5859/4499 4489/5860/4500 4488/5861/4501
f 4487/5859/4499 4491/5862/4502 4492/5863/4503 4489/5860/4500
f 4485/5864/4504 4490/5865/4505 4492/5866/4503 4491/5867/4502
f 4490/5868/4505 4494/5869/4506 4495/5870/4507 4492/5871/4503
f 4486/5872/4508 4493/5873/4509 4495/5870/4507 4494/5869/4506
f 4493/5873/4509 4488/5874/4501 4489/5875/4500 4495/5870/4507
f 4489/5860/4500 4492/5863/4503 4495/5876/4507
f 4402/5741/4424 4425/5773/4444 4431/5770/4442 4409/5742/4425
f 4409/5742/4425 4431/5770/4442 4427/5769/4439 4404/5743/4417
f 4404/5730/4417 4427/5766/4439 4424/5765/4438 4400/5727/4414
f 4401/5735/4420 4448/5802/4462 4452/5805/4465 4406/5736/4421
f 4406/5737/4421 4452/5818/4465 4457/5817/4473 4410/5738/4422
f 4410/5738/4422 4457/5817/4473 4450/5816/4472 4402/5741/4424
f 4449/5808/4468 4472/5839/4486 4476/5842/4489 4454/5809/4469
f 4454/5812/4469 4476/5855/4489 4481/5854/4497 4458/5813/4470
f 4458/5813/4470 4481/5854/4497 4474/5853/4496 4450/5816/4472
f 4425/5773/4444 4474/5853/4496 4482/5850/4494 4430/5774/4445
f 4430/5774/4445 4482/5850/4494 4478/5849/4493 4434/5775/4446
f 4434/5780/4446 4478/5848/4493 4473/5847/4492 4426/5777/4448
f 4414/5760/4436 4461/5829/4480 4467/5826/4478 4421/5761/4437
f 4421/5761/4437 4467/5826/4478 4463/5825/4475 4416/5762/4429
f 4416/5749/4429 4463/5822/4475 4460/5821/4474 4412/5746/4426
f 4413/5752/4432 4436/5783/4450 4440/5786/4453 4418/5753/4433
f 4418/5756/4433 4440/5799/4453 4445/5798/4461 4422/5757/4434
f 4422/5757/4434 4445/5798/4461 4438/5797/4460 4414/5760/4436
f 4437/5791/4456 4484/5858/4498 4488/5861/4501 4442/5792/4457
f 4442/5793/4457 4488/5874/4501 4493/5873/4509 4446/5794/4458
f 4446/5794/4458 4493/5873/4509 4486/5872/4508 4438/5797/4460
f 4461/5829/4480 4486/5872/4508 4494/5869/4506 4466/5830/4481
f 4466/5830/4481 4494/5869/4506 4490/5868/4505 4470/5831/4482
f 4470/5836/4482 4490/5865/4505 4485/5864/4504 4462/5833/4484
f 4400/5727/4414 4413/5752/4432 4419/5755/4430 4403/5728/4415
f 4403/5731/4415 4419/5750/4430 4415/5747/4427 4407/5732/4418
f 4407/5732/4418 4415/5747/4427 4412/5746/4426 4401/5735/4420
f 4448/5802/4462 4460/5821/4474 4464/5824/4477 4451/5803/4463
f 4451/5803/4463 4464/5824/4477 4469/5837/4485 4455/5806/4466
f 4455/5811/4466 4469/5834/4485 4462/5833/4484 4449/5808/4468
f 4426/5777/4448 4437/5791/4456 4443/5788/4454 4433/5778/4449
f 4433/5778/4449 4443/5788/4454 4439/5787/4451 4428/5781/4441
f 4428/5768/4441 4439/5784/4451 4436/5783/4450 4424/5765/4438
f 4472/5839/4486 4485/5864/4504 4491/5867/4502 4475/5840/4487
f 4475/5843/4487 4491/5862/4502 4487/5859/4499 4479/5844/4490
f 4479/5844/4490 4487/5859/4499 4484/5858/4498 4473/5847/4492
f 4400/5727/4414 4424/5765/4438 4436/5783/4450 4413/5752/4432
f 4402/5741/4424 4450/5816/4472 4474/5853/4496 4425/5773/4444
f 4401/5735/4420 4412/5746/4426 4460/5821/4474 4448/5802/4462
f 4414/5760/4436 4438/5797/4460 4486/5872/4508 4461/5829/4480
f 4426/5777/4448 4473/5847/4492 4484/5858/4498 4437/5791/4456
f 4449/5808/4468 4462/5833/4484 4485/5864/4504 4472/5839/4486
