# Blender 5.2.1 LTS
# www.blender.org
mtllib hammer3.mtl
o Shaped_wooden_handle.001
v 0.012021 0.006908 -0.003113
v 0.011333 0.006094 -0.003133
v 0.010536 0.005331 -0.003153
v 0.009638 0.004627 -0.003170
v 0.008647 0.003990 -0.003186
v 0.007572 0.003424 -0.003200
v 0.006425 0.002936 -0.003212
v 0.005216 0.002530 -0.003223
v 0.003957 0.002210 -0.003231
v 0.002659 0.001979 -0.003236
v 0.001336 0.001840 -0.003240
v 0.000000 0.001793 -0.003241
v -0.001336 0.001840 -0.003240
v -0.002659 0.001979 -0.003236
v -0.003957 0.002210 -0.003231
v -0.005216 0.002530 -0.003223
v -0.006425 0.002936 -0.003212
v -0.007572 0.003424 -0.003200
v -0.008647 0.003990 -0.003186
v -0.009638 0.004627 -0.003170
v -0.010536 0.005331 -0.003153
v -0.011333 0.006094 -0.003133
v -0.012021 0.006908 -0.003113
v -0.012021 0.016032 -0.002885
v -0.011333 0.016846 -0.002865
v -0.010536 0.017609 -0.002846
v -0.009638 0.018313 -0.002828
v -0.008647 0.018950 -0.002812
v -0.007572 0.019516 -0.002798
v -0.006425 0.020004 -0.002786
v -0.005216 0.020410 -0.002776
v -0.003957 0.020730 -0.002768
v -0.002659 0.020961 -0.002762
v -0.001336 0.021100 -0.002758
v -0.000000 0.021147 -0.002757
v 0.001336 0.021100 -0.002758
v 0.002659 0.020961 -0.002762
v 0.003957 0.020730 -0.002768
v 0.005216 0.020410 -0.002776
v 0.006425 0.020004 -0.002786
v 0.007572 0.019516 -0.002798
v 0.008647 0.018950 -0.002812
v 0.009638 0.018313 -0.002828
v 0.010536 0.017609 -0.002846
v 0.011333 0.016846 -0.002865
v 0.012021 0.016032 -0.002885
v 0.014500 0.011720 -0.012996
v 0.014430 0.010642 -0.013023
v 0.014221 0.009575 -0.013050
v 0.013876 0.008528 -0.013076
v 0.013396 0.007512 -0.013101
v 0.012788 0.006536 -0.013126
v 0.012056 0.005611 -0.013149
v 0.011209 0.004744 -0.013170
v 0.010253 0.003944 -0.013190
v 0.009199 0.003220 -0.013208
v 0.008056 0.002577 -0.013225
v 0.006835 0.002022 -0.013238
v 0.005549 0.001561 -0.013250
v 0.004209 0.001197 -0.013259
v 0.002829 0.000935 -0.013266
v 0.001421 0.000776 -0.013270
v 0.000000 0.000723 -0.013271
v -0.001421 0.000776 -0.013270
v -0.002829 0.000935 -0.013266
v -0.004209 0.001197 -0.013259
v -0.005549 0.001561 -0.013250
v -0.006835 0.002022 -0.013238
v -0.008056 0.002577 -0.013225
v -0.009199 0.003220 -0.013208
v -0.010253 0.003944 -0.013190
v -0.011209 0.004744 -0.013170
v -0.012056 0.005611 -0.013149
v -0.012788 0.006536 -0.013126
v -0.013396 0.007512 -0.013101
v -0.013876 0.008528 -0.013076
v -0.014221 0.009575 -0.013050
v -0.014430 0.010642 -0.013023
v -0.014500 0.011720 -0.012996
v -0.014430 0.012798 -0.012969
v -0.014221 0.013865 -0.012942
v -0.013876 0.014912 -0.012916
v -0.013396 0.015928 -0.012891
v -0.012788 0.016904 -0.012866
v -0.012056 0.017829 -0.012843
v -0.011209 0.018696 -0.012821
v -0.010253 0.019496 -0.012802
v -0.009199 0.020220 -0.012783
v -0.008056 0.020863 -0.012767
v -0.006835 0.021418 -0.012753
v -0.005549 0.021880 -0.012742
v -0.004209 0.022243 -0.012733
v -0.002829 0.022505 -0.012726
v -0.001421 0.022664 -0.012722
v -0.000000 0.022717 -0.012721
v 0.001421 0.022664 -0.012722
v 0.002829 0.022505 -0.012726
v 0.004209 0.022243 -0.012733
v 0.005549 0.021880 -0.012742
v 0.006835 0.021418 -0.012753
v 0.008056 0.020863 -0.012767
v 0.009199 0.020220 -0.012783
v 0.010253 0.019496 -0.012802
v 0.011209 0.018696 -0.012821
v 0.012056 0.017829 -0.012843
v 0.012788 0.016904 -0.012866
v 0.013396 0.015928 -0.012891
v 0.013876 0.014912 -0.012916
v 0.014221 0.013865 -0.012942
v 0.014430 0.012798 -0.012969
v 0.012195 0.012345 -0.037988
v 0.012131 0.011321 -0.038014
v 0.011941 0.010307 -0.038039
v 0.011627 0.009312 -0.038064
v 0.011191 0.008347 -0.038088
v 0.010637 0.007420 -0.038111
v 0.009971 0.006541 -0.038133
v 0.009200 0.005718 -0.038154
v 0.008330 0.004958 -0.038173
v 0.007371 0.004270 -0.038190
v 0.006331 0.003659 -0.038205
v 0.005220 0.003132 -0.038219
v 0.004050 0.002693 -0.038229
v 0.002830 0.002348 -0.038238
v 0.001574 0.002099 -0.038244
v 0.000293 0.001949 -0.038248
v -0.001000 0.001898 -0.038249
v -0.002293 0.001949 -0.038248
v -0.003574 0.002099 -0.038244
v -0.004830 0.002348 -0.038238
v -0.006050 0.002693 -0.038229
v -0.007220 0.003132 -0.038219
v -0.008331 0.003659 -0.038205
v -0.009371 0.004270 -0.038190
v -0.010330 0.004958 -0.038173
v -0.011200 0.005718 -0.038154
v -0.011971 0.006541 -0.038133
v -0.012637 0.007420 -0.038111
v -0.013191 0.008347 -0.038088
v -0.013627 0.009312 -0.038064
v -0.013941 0.010307 -0.038039
v -0.014131 0.011321 -0.038014
v -0.014195 0.012345 -0.037988
v -0.014131 0.013369 -0.037963
v -0.013941 0.014383 -0.037937
v -0.013627 0.015377 -0.037912
v -0.013191 0.016343 -0.037888
v -0.012637 0.017270 -0.037865
v -0.011971 0.018149 -0.037843
v -0.011200 0.018972 -0.037822
v -0.010330 0.019732 -0.037803
v -0.009371 0.020420 -0.037786
v -0.008331 0.021031 -0.037771
v -0.007220 0.021558 -0.037758
v -0.006050 0.021996 -0.037747
v -0.004830 0.022342 -0.037738
v -0.003574 0.022591 -0.037732
v -0.002293 0.022741 -0.037728
v -0.001000 0.022792 -0.037727
v 0.000293 0.022741 -0.037728
v 0.001574 0.022591 -0.037732
v 0.002830 0.022342 -0.037738
v 0.004050 0.021996 -0.037747
v 0.005220 0.021558 -0.037758
v 0.006331 0.021031 -0.037771
v 0.007371 0.020420 -0.037786
v 0.008330 0.019732 -0.037803
v 0.009200 0.018972 -0.037822
v 0.009971 0.018149 -0.037843
v 0.010637 0.017270 -0.037865
v 0.011191 0.016343 -0.037888
v 0.011627 0.015377 -0.037912
v 0.011941 0.014383 -0.037937
v 0.012131 0.013369 -0.037963
v 0.008745 0.013520 -0.084973
v 0.008688 0.012593 -0.084997
v 0.008519 0.011675 -0.085020
v 0.008239 0.010775 -0.085042
v 0.007851 0.009901 -0.085064
v 0.007358 0.009062 -0.085085
v 0.006766 0.008266 -0.085105
v 0.006079 0.007520 -0.085123
v 0.005305 0.006833 -0.085141
v 0.004451 0.006209 -0.085156
v 0.003525 0.005657 -0.085170
v 0.002537 0.005179 -0.085182
v 0.001495 0.004783 -0.085192
v 0.000409 0.004470 -0.085200
v -0.000709 0.004245 -0.085205
v -0.001849 0.004108 -0.085209
v -0.003000 0.004063 -0.085210
v -0.004151 0.004108 -0.085209
v -0.005291 0.004245 -0.085205
v -0.006409 0.004470 -0.085200
v -0.007495 0.004783 -0.085192
v -0.008537 0.005179 -0.085182
v -0.009525 0.005657 -0.085170
v -0.010451 0.006209 -0.085156
v -0.011305 0.006833 -0.085141
v -0.012079 0.007520 -0.085123
v -0.012766 0.008266 -0.085105
v -0.013358 0.009062 -0.085085
v -0.013851 0.009901 -0.085064
v -0.014239 0.010775 -0.085042
v -0.014519 0.011675 -0.085020
v -0.014688 0.012593 -0.084997
v -0.014745 0.013520 -0.084973
v -0.014688 0.014447 -0.084950
v -0.014519 0.015365 -0.084927
v -0.014239 0.016265 -0.084905
v -0.013851 0.017139 -0.084883
v -0.013358 0.017978 -0.084862
v -0.012766 0.018774 -0.084842
v -0.012079 0.019519 -0.084823
v -0.011305 0.020207 -0.084806
v -0.010451 0.020830 -0.084791
v -0.009525 0.021383 -0.084777
v -0.008537 0.021860 -0.084765
v -0.007495 0.022257 -0.084755
v -0.006409 0.022570 -0.084747
v -0.005291 0.022795 -0.084742
v -0.004151 0.022931 -0.084738
v -0.003000 0.022977 -0.084737
v -0.001849 0.022931 -0.084738
v -0.000709 0.022795 -0.084742
v 0.000409 0.022570 -0.084747
v 0.001495 0.022257 -0.084755
v 0.002537 0.021860 -0.084765
v 0.003525 0.021383 -0.084777
v 0.004451 0.020830 -0.084791
v 0.005305 0.020207 -0.084806
v 0.006079 0.019519 -0.084823
v 0.006766 0.018774 -0.084842
v 0.007358 0.017978 -0.084862
v 0.007851 0.017139 -0.084883
v 0.008239 0.016265 -0.084905
v 0.008519 0.015365 -0.084927
v 0.008688 0.014447 -0.084950
v 0.007020 0.015145 -0.149953
v 0.006967 0.014315 -0.149974
v 0.006808 0.013493 -0.149994
v 0.006545 0.012687 -0.150015
v 0.006181 0.011904 -0.150034
v 0.005719 0.011153 -0.150053
v 0.005163 0.010440 -0.150071
v 0.004519 0.009773 -0.150087
v 0.003792 0.009157 -0.150103
v 0.002991 0.008599 -0.150117
v 0.002122 0.008104 -0.150129
v 0.001195 0.007677 -0.150140
v 0.000217 0.007322 -0.150149
v -0.000801 0.007042 -0.150156
v -0.001850 0.006840 -0.150161
v -0.002920 0.006718 -0.150164
v -0.004000 0.006677 -0.150165
v -0.005080 0.006718 -0.150164
v -0.006150 0.006840 -0.150161
v -0.007199 0.007042 -0.150156
v -0.008217 0.007322 -0.150149
v -0.009195 0.007677 -0.150140
v -0.010122 0.008104 -0.150129
v -0.010991 0.008599 -0.150117
v -0.011792 0.009157 -0.150103
v -0.012519 0.009773 -0.150087
v -0.013163 0.010440 -0.150071
v -0.013719 0.011153 -0.150053
v -0.014181 0.011904 -0.150034
v -0.014545 0.012687 -0.150015
v -0.014808 0.013493 -0.149994
v -0.014967 0.014315 -0.149974
v -0.015020 0.015145 -0.149953
v -0.014967 0.015975 -0.149932
v -0.014808 0.016797 -0.149912
v -0.014545 0.017603 -0.149892
v -0.014181 0.018385 -0.149872
v -0.013719 0.019136 -0.149853
v -0.013163 0.019849 -0.149835
v -0.012519 0.020516 -0.149819
v -0.011792 0.021132 -0.149803
v -0.010991 0.021690 -0.149789
v -0.010122 0.022185 -0.149777
v -0.009195 0.022612 -0.149766
v -0.008217 0.022967 -0.149758
v -0.007199 0.023247 -0.149751
v -0.006150 0.023449 -0.149745
v -0.005080 0.023571 -0.149742
v -0.004000 0.023612 -0.149741
v -0.002920 0.023571 -0.149742
v -0.001850 0.023449 -0.149745
v -0.000801 0.023247 -0.149751
v 0.000217 0.022967 -0.149758
v 0.001195 0.022612 -0.149766
v 0.002122 0.022185 -0.149777
v 0.002991 0.021690 -0.149789
v 0.003792 0.021132 -0.149803
v 0.004519 0.020516 -0.149819
v 0.005163 0.019849 -0.149835
v 0.005719 0.019136 -0.149853
v 0.006181 0.018385 -0.149872
v 0.006545 0.017603 -0.149892
v 0.006808 0.016797 -0.149912
v 0.006967 0.015975 -0.149932
v 0.008295 0.016645 -0.209934
v 0.008245 0.015901 -0.209953
v 0.008097 0.015164 -0.209971
v 0.007852 0.014442 -0.209989
v 0.007511 0.013741 -0.210007
v 0.007079 0.013068 -0.210024
v 0.006560 0.012429 -0.210040
v 0.005958 0.011831 -0.210055
v 0.005280 0.011279 -0.210069
v 0.004531 0.010779 -0.210081
v 0.003720 0.010336 -0.210092
v 0.002853 0.009953 -0.210102
v 0.001940 0.009634 -0.210110
v 0.000988 0.009384 -0.210116
v 0.000008 0.009203 -0.210120
v -0.000991 0.009093 -0.210123
v -0.002000 0.009057 -0.210124
v -0.003009 0.009093 -0.210123
v -0.004008 0.009203 -0.210120
v -0.004988 0.009384 -0.210116
v -0.005940 0.009634 -0.210110
v -0.006853 0.009953 -0.210102
v -0.007720 0.010336 -0.210092
v -0.008531 0.010779 -0.210081
v -0.009280 0.011279 -0.210069
v -0.009958 0.011831 -0.210055
v -0.010560 0.012429 -0.210040
v -0.011079 0.013068 -0.210024
v -0.011511 0.013741 -0.210007
v -0.011852 0.014442 -0.209989
v -0.012097 0.015164 -0.209971
v -0.012245 0.015901 -0.209953
v -0.012295 0.016645 -0.209934
v -0.012245 0.017388 -0.209916
v -0.012097 0.018125 -0.209897
v -0.011852 0.018847 -0.209879
v -0.011511 0.019548 -0.209862
v -0.011079 0.020221 -0.209845
v -0.010560 0.020860 -0.209829
v -0.009958 0.021458 -0.209814
v -0.009280 0.022010 -0.209800
v -0.008531 0.022510 -0.209788
v -0.007720 0.022953 -0.209777
v -0.006853 0.023336 -0.209767
v -0.005940 0.023655 -0.209759
v -0.004988 0.023905 -0.209753
v -0.004008 0.024086 -0.209748
v -0.003009 0.024196 -0.209746
v -0.002000 0.024232 -0.209745
v -0.000991 0.024196 -0.209746
v 0.000008 0.024086 -0.209748
v 0.000988 0.023905 -0.209753
v 0.001940 0.023655 -0.209759
v 0.002853 0.023336 -0.209767
v 0.003720 0.022953 -0.209777
v 0.004531 0.022510 -0.209788
v 0.005280 0.022010 -0.209800
v 0.005958 0.021458 -0.209814
v 0.006560 0.020860 -0.209829
v 0.007079 0.020221 -0.209845
v 0.007511 0.019548 -0.209862
v 0.007852 0.018847 -0.209879
v 0.008097 0.018125 -0.209897
v 0.008245 0.017388 -0.209916
v 0.010005 0.018269 -0.274914
v 0.009957 0.017569 -0.274932
v 0.009813 0.016875 -0.274949
v 0.009574 0.016194 -0.274966
v 0.009243 0.015534 -0.274982
v 0.008824 0.014900 -0.274998
v 0.008319 0.014298 -0.275013
v 0.007734 0.013735 -0.275027
v 0.007075 0.013215 -0.275040
v 0.006347 0.012744 -0.275052
v 0.005558 0.012326 -0.275063
v 0.004716 0.011966 -0.275072
v 0.003829 0.011666 -0.275079
v 0.002904 0.011429 -0.275085
v 0.001952 0.011259 -0.275089
v 0.000981 0.011156 -0.275092
v 0.000000 0.011122 -0.275093
v -0.000981 0.011156 -0.275092
v -0.001952 0.011259 -0.275089
v -0.002904 0.011429 -0.275085
v -0.003829 0.011666 -0.275079
v -0.004716 0.011966 -0.275072
v -0.005558 0.012326 -0.275063
v -0.006347 0.012744 -0.275052
v -0.007075 0.013215 -0.275040
v -0.007734 0.013735 -0.275027
v -0.008319 0.014298 -0.275013
v -0.008824 0.014900 -0.274998
v -0.009243 0.015534 -0.274982
v -0.009574 0.016194 -0.274966
v -0.009813 0.016875 -0.274949
v -0.009957 0.017569 -0.274932
v -0.010005 0.018269 -0.274914
v -0.009957 0.018970 -0.274897
v -0.009813 0.019664 -0.274879
v -0.009574 0.020344 -0.274862
v -0.009243 0.021005 -0.274846
v -0.008824 0.021639 -0.274830
v -0.008319 0.022240 -0.274815
v -0.007734 0.022804 -0.274801
v -0.007075 0.023324 -0.274788
v -0.006347 0.023795 -0.274776
v -0.005558 0.024213 -0.274765
v -0.004716 0.024573 -0.274756
v -0.003829 0.024873 -0.274749
v -0.002904 0.025109 -0.274743
v -0.001952 0.025280 -0.274739
v -0.000981 0.025383 -0.274736
v -0.000000 0.025417 -0.274735
v 0.000981 0.025383 -0.274736
v 0.001952 0.025280 -0.274739
v 0.002904 0.025109 -0.274743
v 0.003829 0.024873 -0.274749
v 0.004716 0.024573 -0.274756
v 0.005558 0.024213 -0.274765
v 0.006347 0.023795 -0.274776
v 0.007075 0.023324 -0.274788
v 0.007734 0.022804 -0.274801
v 0.008319 0.022240 -0.274815
v 0.008824 0.021639 -0.274830
v 0.009243 0.021005 -0.274846
v 0.009574 0.020344 -0.274862
v 0.009813 0.019664 -0.274879
v 0.009957 0.018970 -0.274897
v 0.010608 0.011395 0.000000
v 0.011749 0.011409 -0.000567
v 0.011018 0.011397 -0.000076
v 0.011435 0.011402 -0.000284
v 0.011693 0.010566 -0.000589
v 0.010560 0.010668 -0.000018
v 0.011381 0.010583 -0.000304
v 0.010966 0.010621 -0.000096
v 0.011525 0.009730 -0.000612
v 0.010415 0.009947 -0.000036
v 0.011218 0.009772 -0.000326
v 0.010812 0.009851 -0.000115
v 0.011248 0.008910 -0.000636
v 0.010174 0.009235 -0.000054
v 0.010948 0.008975 -0.000348
v 0.010555 0.009094 -0.000134
v 0.010863 0.008114 -0.000661
v 0.009837 0.008539 -0.000071
v 0.010574 0.008201 -0.000369
v 0.010198 0.008357 -0.000154
v 0.010373 0.007349 -0.000686
v 0.009406 0.007866 -0.000088
v 0.010098 0.007457 -0.000391
v 0.009744 0.007646 -0.000172
v 0.009784 0.006622 -0.000710
v 0.008884 0.007221 -0.000104
v 0.009524 0.006750 -0.000411
v 0.009195 0.006969 -0.000190
v 0.009100 0.005942 -0.000733
v 0.008273 0.006613 -0.000120
v 0.008858 0.006087 -0.000431
v 0.008556 0.006333 -0.000207
v 0.008327 0.005313 -0.000756
v 0.007580 0.006049 -0.000134
v 0.008106 0.005475 -0.000450
v 0.007833 0.005744 -0.000222
v 0.007474 0.004743 -0.000776
v 0.006811 0.005533 -0.000147
v 0.007276 0.004919 -0.000467
v 0.007033 0.005208 -0.000236
v 0.006548 0.004237 -0.000794
v 0.005973 0.005074 -0.000158
v 0.006374 0.004425 -0.000482
v 0.006164 0.004732 -0.000249
v 0.005558 0.003799 -0.000810
v 0.005074 0.004676 -0.000168
v 0.005410 0.003999 -0.000495
v 0.005233 0.004320 -0.000260
v 0.004513 0.003436 -0.000824
v 0.004123 0.004343 -0.000176
v 0.004393 0.003644 -0.000506
v 0.004250 0.003977 -0.000269
v 0.003424 0.003149 -0.000834
v 0.003130 0.004081 -0.000183
v 0.003333 0.003365 -0.000515
v 0.003225 0.003706 -0.000276
v 0.002302 0.002942 -0.000842
v 0.002104 0.003891 -0.000188
v 0.002240 0.003163 -0.000521
v 0.002168 0.003510 -0.000282
v 0.001156 0.002817 -0.000846
v 0.001058 0.003776 -0.000191
v 0.001126 0.003041 -0.000525
v 0.001090 0.003392 -0.000285
v 0.000000 0.002775 -0.000848
v 0.000000 0.003738 -0.000191
v 0.000000 0.003000 -0.000526
v 0.000000 0.003353 -0.000286
v -0.001156 0.002817 -0.000846
v -0.001058 0.003776 -0.000191
v -0.001126 0.003041 -0.000525
v -0.001090 0.003392 -0.000285
v -0.002302 0.002942 -0.000842
v -0.002104 0.003891 -0.000188
v -0.002240 0.003163 -0.000521
v -0.002168 0.003510 -0.000282
v -0.003424 0.003149 -0.000834
v -0.003130 0.004081 -0.000183
v -0.003333 0.003365 -0.000515
v -0.003225 0.003706 -0.000276
v -0.004513 0.003436 -0.000824
v -0.004123 0.004343 -0.000176
v -0.004393 0.003644 -0.000506
v -0.004250 0.003977 -0.000269
v -0.005558 0.003799 -0.000810
v -0.005074 0.004676 -0.000168
v -0.005410 0.003999 -0.000495
v -0.005233 0.004320 -0.000260
v -0.006548 0.004237 -0.000794
v -0.005973 0.005074 -0.000158
v -0.006374 0.004425 -0.000482
v -0.006164 0.004732 -0.000249
v -0.007474 0.004743 -0.000776
v -0.006811 0.005533 -0.000147
v -0.007276 0.004919 -0.000467
v -0.007033 0.005208 -0.000236
v -0.008327 0.005313 -0.000756
v -0.007580 0.006049 -0.000134
v -0.008106 0.005475 -0.000450
v -0.007833 0.005744 -0.000222
v -0.009100 0.005942 -0.000733
v -0.008273 0.006613 -0.000120
v -0.008858 0.006087 -0.000431
v -0.008556 0.006333 -0.000207
v -0.009784 0.006622 -0.000710
v -0.008884 0.007221 -0.000104
v -0.009524 0.006750 -0.000411
v -0.009195 0.006969 -0.000190
v -0.010373 0.007349 -0.000686
v -0.009406 0.007866 -0.000088
v -0.010098 0.007457 -0.000391
v -0.009744 0.007646 -0.000172
v -0.010863 0.008114 -0.000661
v -0.009837 0.008539 -0.000071
v -0.010574 0.008201 -0.000369
v -0.010198 0.008357 -0.000154
v -0.011248 0.008910 -0.000636
v -0.010174 0.009235 -0.000054
v -0.010948 0.008975 -0.000348
v -0.010555 0.009094 -0.000134
v -0.011525 0.009730 -0.000612
v -0.010415 0.009947 -0.000036
v -0.011218 0.009772 -0.000326
v -0.010812 0.009851 -0.000115
v -0.011693 0.010566 -0.000589
v -0.010560 0.010668 -0.000018
v -0.011381 0.010583 -0.000304
v -0.010966 0.010621 -0.000096
v -0.011749 0.011409 -0.000567
v -0.010608 0.011395 -0.000000
v -0.011435 0.011402 -0.000284
v -0.011018 0.011397 -0.000076
v -0.011693 0.012253 -0.000547
v -0.010560 0.012122 0.000018
v -0.011381 0.012221 -0.000263
v -0.010966 0.012173 -0.000057
v -0.011525 0.013089 -0.000528
v -0.010415 0.012844 0.000036
v -0.011218 0.013033 -0.000244
v -0.010812 0.012943 -0.000038
v -0.011248 0.013909 -0.000511
v -0.010174 0.013555 0.000054
v -0.010948 0.013829 -0.000226
v -0.010555 0.013700 -0.000019
v -0.010863 0.014705 -0.000496
v -0.009837 0.014251 0.000071
v -0.010574 0.014603 -0.000209
v -0.010198 0.014437 -0.000001
v -0.010373 0.015470 -0.000483
v -0.009406 0.014924 0.000088
v -0.010098 0.015348 -0.000193
v -0.009744 0.015148 0.000016
v -0.009784 0.016197 -0.000471
v -0.008884 0.015569 0.000104
v -0.009524 0.016055 -0.000179
v -0.009195 0.015825 0.000032
v -0.009100 0.016878 -0.000460
v -0.008273 0.016177 0.000120
v -0.008858 0.016718 -0.000165
v -0.008556 0.016461 0.000047
v -0.008327 0.017507 -0.000451
v -0.007580 0.016742 0.000134
v -0.008106 0.017331 -0.000153
v -0.007833 0.017050 0.000061
v -0.007474 0.018078 -0.000443
v -0.006811 0.017257 0.000147
v -0.007276 0.017886 -0.000142
v -0.007033 0.017586 0.000073
v -0.006548 0.018584 -0.000436
v -0.005973 0.017716 0.000158
v -0.006374 0.018380 -0.000133
v -0.006164 0.018062 0.000084
v -0.005558 0.019022 -0.000430
v -0.005074 0.018114 0.000168
v -0.005410 0.018806 -0.000125
v -0.005233 0.018474 0.000094
v -0.004513 0.019386 -0.000425
v -0.004123 0.018447 0.000176
v -0.004393 0.019161 -0.000118
v -0.004250 0.018818 0.000102
v -0.003424 0.019672 -0.000421
v -0.003130 0.018709 0.000183
v -0.003333 0.019441 -0.000113
v -0.003225 0.019088 0.000108
v -0.002302 0.019879 -0.000418
v -0.002104 0.018899 0.000188
v -0.002240 0.019643 -0.000109
v -0.002168 0.019284 0.000113
v -0.001156 0.020004 -0.000417
v -0.001058 0.019014 0.000191
v -0.001126 0.019765 -0.000107
v -0.001090 0.019402 0.000116
v -0.000000 0.020046 -0.000416
v 0.000000 0.019052 0.000191
v 0.000000 0.019806 -0.000106
v 0.000000 0.019442 0.000116
v 0.001156 0.020004 -0.000417
v 0.001058 0.019014 0.000191
v 0.001126 0.019765 -0.000107
v 0.001090 0.019402 0.000116
v 0.002302 0.019879 -0.000418
v 0.002104 0.018899 0.000188
v 0.002240 0.019643 -0.000109
v 0.002168 0.019284 0.000113
v 0.003424 0.019672 -0.000421
v 0.003130 0.018709 0.000183
v 0.003333 0.019441 -0.000113
v 0.003225 0.019088 0.000108
v 0.004513 0.019386 -0.000425
v 0.004123 0.018447 0.000176
v 0.004393 0.019161 -0.000118
v 0.004250 0.018818 0.000102
v 0.005558 0.019022 -0.000430
v 0.005074 0.018114 0.000168
v 0.005410 0.018806 -0.000125
v 0.005233 0.018474 0.000094
v 0.006548 0.018584 -0.000436
v 0.005973 0.017716 0.000158
v 0.006374 0.018380 -0.000133
v 0.006164 0.018062 0.000084
v 0.007474 0.018078 -0.000443
v 0.006811 0.017257 0.000147
v 0.007276 0.017886 -0.000142
v 0.007033 0.017586 0.000073
v 0.008327 0.017507 -0.000451
v 0.007580 0.016742 0.000134
v 0.008106 0.017331 -0.000153
v 0.007833 0.017050 0.000061
v 0.009100 0.016878 -0.000460
v 0.008273 0.016177 0.000120
v 0.008858 0.016718 -0.000165
v 0.008556 0.016461 0.000047
v 0.009784 0.016197 -0.000471
v 0.008884 0.015569 0.000104
v 0.009524 0.016055 -0.000179
v 0.009195 0.015825 0.000032
v 0.010373 0.015470 -0.000483
v 0.009406 0.014924 0.000088
v 0.010098 0.015348 -0.000193
v 0.009744 0.015148 0.000016
v 0.010863 0.014705 -0.000496
v 0.009837 0.014251 0.000071
v 0.010574 0.014603 -0.000209
v 0.010198 0.014437 -0.000001
v 0.011248 0.013909 -0.000511
v 0.010174 0.013555 0.000054
v 0.010948 0.013829 -0.000226
v 0.010555 0.013700 -0.000019
v 0.011525 0.013089 -0.000528
v 0.010415 0.012844 0.000036
v 0.011218 0.013033 -0.000244
v 0.010812 0.012943 -0.000038
v 0.011693 0.012253 -0.000547
v 0.010560 0.012122 0.000018
v 0.011381 0.012221 -0.000263
v 0.010966 0.012173 -0.000057
v 0.013691 0.011487 -0.003696
v 0.013198 0.011456 -0.002440
v 0.013602 0.011477 -0.003273
v 0.013422 0.011465 -0.002813
v 0.013134 0.010532 -0.002463
v 0.013625 0.010530 -0.003720
v 0.013357 0.010528 -0.002836
v 0.013537 0.010527 -0.003296
v 0.012943 0.009616 -0.002485
v 0.013428 0.009582 -0.003744
v 0.013164 0.009599 -0.002859
v 0.013341 0.009586 -0.003320
v 0.012627 0.008719 -0.002506
v 0.013101 0.008652 -0.003767
v 0.012843 0.008689 -0.002881
v 0.013016 0.008664 -0.003343
v 0.012648 0.007749 -0.003789
v 0.012190 0.007848 -0.002526
v 0.012204 0.007184 -0.003106
v 0.012567 0.007769 -0.003365
v 0.012399 0.007805 -0.002902
v -0.012190 0.007848 -0.002526
v -0.012648 0.007749 -0.003789
v -0.012204 0.007184 -0.003106
v -0.012399 0.007805 -0.002902
v -0.012567 0.007769 -0.003365
v -0.012627 0.008719 -0.002506
v -0.013101 0.008652 -0.003767
v -0.012843 0.008689 -0.002881
v -0.013016 0.008664 -0.003343
v -0.012943 0.009616 -0.002485
v -0.013428 0.009582 -0.003744
v -0.013164 0.009599 -0.002859
v -0.013341 0.009586 -0.003320
v -0.013134 0.010532 -0.002463
v -0.013625 0.010530 -0.003720
v -0.013357 0.010528 -0.002836
v -0.013537 0.010527 -0.003296
v -0.013198 0.011456 -0.002440
v -0.013691 0.011487 -0.003696
v -0.013422 0.011465 -0.002813
v -0.013602 0.011477 -0.003273
v -0.013134 0.012380 -0.002417
v -0.013625 0.012445 -0.003672
v -0.013357 0.012403 -0.002789
v -0.013537 0.012427 -0.003249
v -0.012943 0.013296 -0.002393
v -0.013428 0.013393 -0.003648
v -0.013164 0.013332 -0.002766
v -0.013341 0.013367 -0.003225
v -0.012627 0.014193 -0.002369
v -0.013101 0.014323 -0.003625
v -0.012843 0.014242 -0.002742
v -0.013016 0.014290 -0.003202
v -0.012648 0.015226 -0.003602
v -0.012190 0.015064 -0.002346
v -0.012204 0.015756 -0.002892
v -0.012567 0.015185 -0.003179
v -0.012399 0.015126 -0.002719
v 0.012190 0.015064 -0.002346
v 0.012648 0.015226 -0.003602
v 0.012204 0.015756 -0.002892
v 0.012399 0.015126 -0.002719
v 0.012567 0.015185 -0.003179
v 0.012627 0.014193 -0.002369
v 0.013101 0.014323 -0.003625
v 0.012843 0.014242 -0.002742
v 0.013016 0.014290 -0.003202
v 0.012943 0.013296 -0.002393
v 0.013428 0.013393 -0.003648
v 0.013164 0.013332 -0.002766
v 0.013341 0.013367 -0.003225
v 0.013134 0.012380 -0.002417
v 0.013625 0.012445 -0.003672
v 0.013357 0.012403 -0.002789
v 0.013537 0.012427 -0.003249
v 0.009013 0.019269 -0.314902
v 0.009720 0.019252 -0.314202
v 0.009365 0.019267 -0.314808
v 0.009624 0.019261 -0.314552
v 0.008973 0.018686 -0.314916
v 0.009673 0.018572 -0.314219
v 0.009321 0.018636 -0.314824
v 0.009578 0.018594 -0.314568
v 0.008852 0.018106 -0.314931
v 0.009533 0.017899 -0.314236
v 0.009191 0.018009 -0.314839
v 0.009440 0.017934 -0.314585
v 0.008651 0.017532 -0.314945
v 0.009302 0.017240 -0.314252
v 0.008974 0.017393 -0.314855
v 0.009213 0.017286 -0.314601
v 0.008369 0.016970 -0.314959
v 0.008980 0.016599 -0.314268
v 0.008673 0.016791 -0.314870
v 0.008897 0.016656 -0.314617
v 0.008006 0.016423 -0.314973
v 0.008572 0.015984 -0.314283
v 0.008288 0.016211 -0.314884
v 0.008495 0.016050 -0.314632
v 0.007566 0.015899 -0.314986
v 0.008082 0.015401 -0.314298
v 0.007822 0.015657 -0.314898
v 0.008011 0.015475 -0.314646
v 0.007050 0.015403 -0.314998
v 0.007514 0.014854 -0.314312
v 0.007280 0.015136 -0.314911
v 0.007450 0.014935 -0.314660
v 0.006462 0.014941 -0.315010
v 0.006873 0.014350 -0.314324
v 0.006666 0.014653 -0.314923
v 0.006817 0.014437 -0.314672
v 0.005809 0.014518 -0.315020
v 0.006166 0.013894 -0.314336
v 0.005986 0.014213 -0.314934
v 0.006117 0.013985 -0.314684
v 0.005096 0.014141 -0.315030
v 0.005400 0.013488 -0.314346
v 0.005247 0.013822 -0.314944
v 0.005358 0.013583 -0.314694
v 0.004330 0.013814 -0.315038
v 0.004582 0.013139 -0.314355
v 0.004455 0.013484 -0.314952
v 0.004547 0.013237 -0.314702
v 0.003519 0.013540 -0.315045
v 0.003720 0.012848 -0.314362
v 0.003619 0.013202 -0.314959
v 0.003692 0.012948 -0.314710
v 0.002672 0.013324 -0.315050
v 0.002822 0.012619 -0.314368
v 0.002746 0.012979 -0.314965
v 0.002801 0.012721 -0.314715
v 0.001797 0.013168 -0.315054
v 0.001896 0.012453 -0.314372
v 0.001846 0.012818 -0.314969
v 0.001883 0.012557 -0.314719
v 0.000903 0.013073 -0.315057
v 0.000953 0.012353 -0.314374
v 0.000928 0.012721 -0.314971
v 0.000946 0.012458 -0.314722
v 0.000000 0.013042 -0.315057
v 0.000000 0.012320 -0.314375
v 0.000000 0.012689 -0.314972
v 0.000000 0.012425 -0.314723
v -0.000903 0.013073 -0.315057
v -0.000953 0.012353 -0.314374
v -0.000928 0.012721 -0.314971
v -0.000946 0.012458 -0.314722
v -0.001797 0.013168 -0.315054
v -0.001896 0.012453 -0.314372
v -0.001846 0.012818 -0.314969
v -0.001883 0.012557 -0.314719
v -0.002672 0.013324 -0.315050
v -0.002822 0.012619 -0.314368
v -0.002746 0.012979 -0.314965
v -0.002801 0.012721 -0.314715
v -0.003519 0.013540 -0.315045
v -0.003720 0.012848 -0.314362
v -0.003619 0.013202 -0.314959
v -0.003692 0.012948 -0.314710
v -0.004330 0.013814 -0.315038
v -0.004582 0.013139 -0.314355
v -0.004455 0.013484 -0.314952
v -0.004547 0.013237 -0.314702
v -0.005096 0.014141 -0.315030
v -0.005400 0.013488 -0.314346
v -0.005247 0.013822 -0.314944
v -0.005358 0.013583 -0.314694
v -0.005809 0.014518 -0.315020
v -0.006166 0.013894 -0.314336
v -0.005986 0.014213 -0.314934
v -0.006117 0.013985 -0.314684
v -0.006462 0.014941 -0.315010
v -0.006873 0.014350 -0.314324
v -0.006666 0.014653 -0.314923
v -0.006817 0.014437 -0.314672
v -0.007050 0.015403 -0.314998
v -0.007514 0.014854 -0.314312
v -0.007280 0.015136 -0.314911
v -0.007450 0.014935 -0.314660
v -0.007566 0.015899 -0.314986
v -0.008082 0.015401 -0.314298
v -0.007822 0.015657 -0.314898
v -0.008011 0.015475 -0.314646
v -0.008006 0.016423 -0.314973
v -0.008572 0.015984 -0.314283
v -0.008288 0.016211 -0.314884
v -0.008495 0.016050 -0.314632
v -0.008369 0.016970 -0.314959
v -0.008980 0.016599 -0.314268
v -0.008673 0.016791 -0.314870
v -0.008897 0.016656 -0.314617
v -0.008651 0.017532 -0.314945
v -0.009302 0.017240 -0.314252
v -0.008974 0.017393 -0.314855
v -0.009213 0.017286 -0.314601
v -0.008852 0.018106 -0.314931
v -0.009533 0.017899 -0.314236
v -0.009191 0.018009 -0.314839
v -0.009440 0.017934 -0.314585
v -0.008973 0.018686 -0.314916
v -0.009673 0.018572 -0.314219
v -0.009321 0.018636 -0.314824
v -0.009578 0.018594 -0.314568
v -0.009013 0.019269 -0.314902
v -0.009720 0.019252 -0.314202
v -0.009365 0.019267 -0.314808
v -0.009624 0.019261 -0.314552
v -0.008973 0.019853 -0.314887
v -0.009673 0.019931 -0.314185
v -0.009321 0.019898 -0.314792
v -0.009578 0.019927 -0.314535
v -0.008852 0.020433 -0.314872
v -0.009533 0.020604 -0.314168
v -0.009191 0.020525 -0.314776
v -0.009440 0.020587 -0.314519
v -0.008651 0.021006 -0.314858
v -0.009302 0.021264 -0.314151
v -0.008974 0.021141 -0.314761
v -0.009213 0.021235 -0.314502
v -0.008369 0.021569 -0.314844
v -0.008980 0.021904 -0.314135
v -0.008673 0.021743 -0.314746
v -0.008897 0.021865 -0.314487
v -0.008006 0.022115 -0.314830
v -0.008572 0.022519 -0.314120
v -0.008288 0.022323 -0.314731
v -0.008495 0.022471 -0.314471
v -0.007566 0.022640 -0.314817
v -0.008082 0.023103 -0.314105
v -0.007822 0.022877 -0.314718
v -0.008011 0.023046 -0.314457
v -0.007050 0.023136 -0.314805
v -0.007514 0.023649 -0.314092
v -0.007280 0.023398 -0.314705
v -0.007450 0.023586 -0.314444
v -0.006462 0.023598 -0.314793
v -0.006873 0.024153 -0.314079
v -0.006666 0.023881 -0.314692
v -0.006817 0.024084 -0.314431
v -0.005809 0.024020 -0.314783
v -0.006166 0.024610 -0.314068
v -0.005986 0.024320 -0.314681
v -0.006117 0.024536 -0.314420
v -0.005096 0.024397 -0.314773
v -0.005400 0.025015 -0.314058
v -0.005247 0.024712 -0.314672
v -0.005358 0.024938 -0.314410
v -0.004330 0.024725 -0.314765
v -0.004582 0.025365 -0.314049
v -0.004455 0.025050 -0.314663
v -0.004547 0.025284 -0.314401
v -0.003519 0.024998 -0.314758
v -0.003720 0.025656 -0.314042
v -0.003619 0.025332 -0.314656
v -0.003692 0.025573 -0.314394
v -0.002672 0.025214 -0.314753
v -0.002822 0.025885 -0.314036
v -0.002746 0.025555 -0.314651
v -0.002801 0.025800 -0.314388
v -0.001797 0.025371 -0.314749
v -0.001896 0.026050 -0.314032
v -0.001846 0.025716 -0.314647
v -0.001883 0.025964 -0.314384
v -0.000903 0.025465 -0.314747
v -0.000953 0.026150 -0.314029
v -0.000928 0.025813 -0.314644
v -0.000946 0.026063 -0.314382
v 0.000000 0.025497 -0.314746
v -0.000000 0.026183 -0.314028
v 0.000000 0.025845 -0.314643
v 0.000000 0.026096 -0.314381
v 0.000903 0.025465 -0.314747
v 0.000953 0.026150 -0.314029
v 0.000928 0.025813 -0.314644
v 0.000946 0.026063 -0.314382
v 0.001797 0.025371 -0.314749
v 0.001896 0.026050 -0.314032
v 0.001846 0.025716 -0.314647
v 0.001883 0.025964 -0.314384
v 0.002672 0.025214 -0.314753
v 0.002822 0.025885 -0.314036
v 0.002746 0.025555 -0.314651
v 0.002801 0.025800 -0.314388
v 0.003519 0.024998 -0.314758
v 0.003720 0.025656 -0.314042
v 0.003619 0.025332 -0.314656
v 0.003692 0.025573 -0.314394
v 0.004330 0.024725 -0.314765
v 0.004582 0.025365 -0.314049
v 0.004455 0.025050 -0.314663
v 0.004547 0.025284 -0.314401
v 0.005096 0.024397 -0.314773
v 0.005400 0.025015 -0.314058
v 0.005247 0.024712 -0.314672
v 0.005358 0.024938 -0.314410
v 0.005809 0.024020 -0.314783
v 0.006166 0.024610 -0.314068
v 0.005986 0.024320 -0.314681
v 0.006117 0.024536 -0.314420
v 0.006462 0.023598 -0.314793
v 0.006873 0.024153 -0.314079
v 0.006666 0.023881 -0.314692
v 0.006817 0.024084 -0.314431
v 0.007050 0.023136 -0.314805
v 0.007514 0.023649 -0.314092
v 0.007280 0.023398 -0.314705
v 0.007450 0.023586 -0.314444
v 0.007566 0.022640 -0.314817
v 0.008082 0.023103 -0.314105
v 0.007822 0.022877 -0.314718
v 0.008011 0.023046 -0.314457
v 0.008006 0.022115 -0.314830
v 0.008572 0.022519 -0.314120
v 0.008288 0.022323 -0.314731
v 0.008495 0.022471 -0.314471
v 0.008369 0.021569 -0.314844
v 0.008980 0.021904 -0.314135
v 0.008673 0.021743 -0.314746
v 0.008897 0.021865 -0.314487
v 0.008651 0.021006 -0.314858
v 0.009302 0.021264 -0.314151
v 0.008974 0.021141 -0.314761
v 0.009213 0.021235 -0.314502
v 0.008852 0.020433 -0.314872
v 0.009533 0.020604 -0.314168
v 0.009191 0.020525 -0.314776
v 0.009440 0.020587 -0.314519
v 0.008973 0.019853 -0.314887
v 0.009673 0.019931 -0.314185
v 0.009321 0.019898 -0.314792
v 0.009578 0.019927 -0.314535
vn 0.7921 -0.5835 0.1792
vn 0.7252 -0.6653 0.1773
vn 0.7522 -0.6578 -0.0383
vn 0.8187 -0.5727 -0.0419
vn 0.6539 -0.7365 0.1733
vn 0.6809 -0.7316 -0.0346
vn 0.5805 -0.7964 0.1698
vn 0.6066 -0.7944 -0.0305
vn 0.5063 -0.8461 0.1668
vn 0.5308 -0.8471 -0.0263
vn 0.4321 -0.8867 0.1644
vn 0.4543 -0.8906 -0.0221
vn 0.3584 -0.9193 0.1624
vn 0.3777 -0.9258 -0.0181
vn 0.2854 -0.9448 0.1609
vn 0.3014 -0.9534 -0.0143
vn 0.2132 -0.9638 0.1598
vn 0.2255 -0.9742 -0.0108
vn 0.1418 -0.9770 0.1590
vn 0.1501 -0.9886 -0.0077
vn 0.0707 -0.9848 0.1586
vn 0.0749 -0.9972 -0.0049
vn -0.0000 -0.9874 0.1584
vn -0.0000 -1.0000 -0.0026
vn -0.0707 -0.9848 0.1586
vn -0.0749 -0.9972 -0.0006
vn -0.1418 -0.9770 0.1590
vn -0.1500 -0.9887 0.0010
vn -0.2132 -0.9638 0.1598
vn -0.2254 -0.9743 0.0022
vn -0.2854 -0.9448 0.1609
vn -0.3013 -0.9535 0.0031
vn -0.3584 -0.9193 0.1624
vn -0.3776 -0.9260 0.0037
vn -0.4321 -0.8867 0.1644
vn -0.4541 -0.8909 0.0041
vn -0.5063 -0.8461 0.1668
vn -0.5306 -0.8476 0.0043
vn -0.5805 -0.7964 0.1698
vn -0.6065 -0.7951 0.0045
vn -0.6539 -0.7365 0.1733
vn -0.6808 -0.7325 0.0047
vn -0.7252 -0.6653 0.1773
vn -0.7522 -0.6589 0.0051
vn -0.7930 -0.5822 0.1792
vn -0.8189 -0.5740 0.0055
vn -0.7921 0.5738 0.2082
vn -0.7252 0.6557 0.2103
vn -0.7522 0.6578 0.0380
vn -0.8189 0.5730 0.0341
vn -0.6539 0.7269 0.2099
vn -0.6808 0.7313 0.0413
vn -0.5805 0.7869 0.2094
vn -0.6065 0.7939 0.0442
vn -0.5063 0.8367 0.2089
vn -0.5306 0.8463 0.0467
vn -0.4321 0.8774 0.2085
vn -0.4541 0.8896 0.0486
vn -0.3584 0.9101 0.2082
vn -0.3776 0.9246 0.0499
vn -0.2854 0.9356 0.2080
vn -0.3013 0.9522 0.0507
vn -0.2132 0.9546 0.2078
vn -0.2254 0.9729 0.0509
vn -0.1418 0.9679 0.2077
vn -0.1500 0.9874 0.0504
vn -0.0707 0.9756 0.2076
vn -0.0749 0.9960 0.0492
vn -0.0000 0.9782 0.2076
vn -0.0000 0.9989 0.0474
vn 0.0707 0.9756 0.2076
vn 0.0749 0.9962 0.0449
vn 0.1418 0.9679 0.2077
vn 0.1501 0.9878 0.0417
vn 0.2132 0.9546 0.2078
vn 0.2255 0.9735 0.0379
vn 0.2854 0.9356 0.2080
vn 0.3014 0.9529 0.0334
vn 0.3584 0.9101 0.2082
vn 0.3777 0.9255 0.0282
vn 0.4321 0.8774 0.2085
vn 0.4543 0.8906 0.0224
vn 0.5063 0.8367 0.2089
vn 0.5308 0.8474 0.0161
vn 0.5805 0.7869 0.2094
vn 0.6066 0.7949 0.0092
vn 0.6539 0.7269 0.2099
vn 0.6809 0.7324 0.0021
vn 0.7252 0.6557 0.2103
vn 0.7522 0.6589 -0.0054
vn 0.7930 0.5725 0.2081
vn 0.8187 0.5740 -0.0132
vn 0.9990 0.0011 -0.0446
vn 0.9908 -0.1266 -0.0471
vn 0.9892 -0.1214 -0.0824
vn 0.9968 0.0020 -0.0799
vn 0.9669 -0.2506 -0.0481
vn 0.9668 -0.2416 -0.0839
vn 0.9288 -0.3676 -0.0479
vn 0.9308 -0.3556 -0.0842
vn 0.8784 -0.4758 -0.0455
vn 0.8832 -0.4615 -0.0836
vn 0.8261 -0.5575 -0.0821
vn 0.7617 -0.6429 -0.0799
vn 0.6920 -0.7177 -0.0772
vn 0.6187 -0.7821 -0.0741
vn 0.5431 -0.8367 -0.0707
vn 0.4661 -0.8822 -0.0672
vn 0.3885 -0.9192 -0.0636
vn 0.3106 -0.9486 -0.0601
vn 0.2327 -0.9709 -0.0565
vn 0.1549 -0.9865 -0.0531
vn 0.0773 -0.9958 -0.0498
vn -0.0000 -0.9989 -0.0465
vn -0.0775 -0.9961 -0.0432
vn -0.1550 -0.9871 -0.0402
vn -0.2328 -0.9718 -0.0372
vn -0.3108 -0.9499 -0.0342
vn -0.3888 -0.9208 -0.0313
vn -0.4666 -0.8840 -0.0284
vn -0.5438 -0.8388 -0.0255
vn -0.6196 -0.7846 -0.0227
vn -0.6933 -0.7204 -0.0196
vn -0.7633 -0.6458 -0.0166
vn -0.8281 -0.5605 -0.0134
vn -0.8787 -0.4773 0.0057
vn -0.8855 -0.4645 -0.0102
vn -0.9293 -0.3692 0.0067
vn -0.9335 -0.3586 -0.0068
vn -0.9676 -0.2522 0.0087
vn -0.9697 -0.2443 -0.0034
vn -0.9917 -0.1281 0.0112
vn -0.9923 -0.1238 -0.0002
vn -0.9999 -0.0004 0.0142
vn -1.0000 -0.0001 0.0030
vn -0.9917 0.1274 0.0176
vn -0.9923 0.1237 0.0060
vn -0.9676 0.2514 0.0213
vn -0.9697 0.2442 0.0088
vn -0.9293 0.3684 0.0252
vn -0.9335 0.3585 0.0111
vn -0.8787 0.4764 0.0296
vn -0.8855 0.4644 0.0131
vn -0.8281 0.5604 0.0146
vn -0.7633 0.6458 0.0158
vn -0.6933 0.7205 0.0164
vn -0.6196 0.7847 0.0166
vn -0.5438 0.8391 0.0164
vn -0.4666 0.8843 0.0158
vn -0.3888 0.9212 0.0148
vn -0.3108 0.9504 0.0133
vn -0.2328 0.9725 0.0114
vn -0.1550 0.9879 0.0092
vn -0.0775 0.9970 0.0066
vn -0.0000 1.0000 0.0034
vn 0.0773 0.9970 -0.0000
vn 0.1549 0.9879 -0.0037
vn 0.2327 0.9725 -0.0079
vn 0.3106 0.9505 -0.0126
vn 0.3885 0.9213 -0.0176
vn 0.4661 0.8844 -0.0230
vn 0.5431 0.8392 -0.0288
vn 0.6187 0.7848 -0.0349
vn 0.6920 0.7207 -0.0412
vn 0.7617 0.6461 -0.0477
vn 0.8261 0.5609 -0.0542
vn 0.8784 0.4775 -0.0217
vn 0.8832 0.4651 -0.0605
vn 0.9288 0.3695 -0.0294
vn 0.9308 0.3594 -0.0664
vn 0.9669 0.2527 -0.0355
vn 0.9668 0.2454 -0.0717
vn 0.9908 0.1288 -0.0407
vn 0.9892 0.1253 -0.0763
vn 0.9913 -0.1220 -0.0502
vn 0.9989 0.0012 -0.0473
vn 0.9689 -0.2420 -0.0525
vn 0.9329 -0.3559 -0.0542
vn 0.8854 -0.4616 -0.0554
vn 0.8283 -0.5575 -0.0560
vn 0.7639 -0.6429 -0.0561
vn 0.6941 -0.7177 -0.0559
vn 0.6206 -0.7821 -0.0553
vn 0.5448 -0.8368 -0.0543
vn 0.4677 -0.8823 -0.0532
vn 0.3898 -0.9194 -0.0518
vn 0.3117 -0.9488 -0.0504
vn 0.2336 -0.9711 -0.0488
vn 0.1556 -0.9867 -0.0469
vn 0.0777 -0.9960 -0.0450
vn -0.0001 -0.9991 -0.0429
vn -0.0777 -0.9962 -0.0406
vn -0.1559 -0.9870 -0.0383
vn -0.2338 -0.9716 -0.0358
vn -0.3118 -0.9496 -0.0332
vn -0.3899 -0.9203 -0.0304
vn -0.4679 -0.8833 -0.0275
vn -0.5451 -0.8380 -0.0244
vn -0.6211 -0.7835 -0.0211
vn -0.6946 -0.7192 -0.0177
vn -0.7645 -0.6445 -0.0141
vn -0.8290 -0.5591 -0.0104
vn -0.8862 -0.4633 -0.0067
vn -0.9339 -0.3575 -0.0029
vn -0.9699 -0.2435 0.0008
vn -0.9923 -0.1235 0.0042
vn -1.0000 -0.0002 0.0075
vn -0.9923 0.1232 0.0104
vn -0.9699 0.2433 0.0129
vn -0.9339 0.3573 0.0149
vn -0.8862 0.4630 0.0165
vn -0.8290 0.5590 0.0175
vn -0.7645 0.6444 0.0181
vn -0.6946 0.7191 0.0183
vn -0.6211 0.7835 0.0181
vn -0.5451 0.8382 0.0175
vn -0.4679 0.8836 0.0167
vn -0.3899 0.9207 0.0156
vn -0.3118 0.9500 0.0143
vn -0.2338 0.9722 0.0128
vn -0.1558 0.9877 0.0111
vn -0.0777 0.9969 0.0093
vn -0.0001 1.0000 0.0071
vn 0.0777 0.9970 0.0048
vn 0.1556 0.9878 0.0024
vn 0.2336 0.9723 -0.0002
vn 0.3117 0.9502 -0.0030
vn 0.3898 0.9209 -0.0059
vn 0.4677 0.8839 -0.0090
vn 0.5449 0.8384 -0.0125
vn 0.6206 0.7839 -0.0161
vn 0.6941 0.7196 -0.0200
vn 0.7639 0.6449 -0.0239
vn 0.8283 0.5596 -0.0281
vn 0.8854 0.4638 -0.0322
vn 0.9329 0.3582 -0.0363
vn 0.9689 0.2443 -0.0403
vn 0.9913 0.1244 -0.0440
vn 0.9919 -0.1264 -0.0082
vn 1.0000 0.0001 -0.0049
vn 0.9683 -0.2494 -0.0115
vn 0.9307 -0.3655 -0.0149
vn 0.8811 -0.4726 -0.0181
vn 0.8221 -0.5690 -0.0211
vn 0.7560 -0.6541 -0.0241
vn 0.6850 -0.7280 -0.0267
vn 0.6109 -0.7911 -0.0291
vn 0.5350 -0.8442 -0.0312
vn 0.4583 -0.8882 -0.0332
vn 0.3814 -0.9238 -0.0349
vn 0.3045 -0.9518 -0.0363
vn 0.2279 -0.9730 -0.0375
vn 0.1517 -0.9877 -0.0385
vn 0.0758 -0.9963 -0.0393
vn 0.0001 -0.9992 -0.0399
vn -0.0757 -0.9963 -0.0403
vn -0.1519 -0.9876 -0.0406
vn -0.2279 -0.9728 -0.0405
vn -0.3045 -0.9517 -0.0403
vn -0.3813 -0.9236 -0.0400
vn -0.4583 -0.8879 -0.0394
vn -0.5350 -0.8440 -0.0384
vn -0.6109 -0.7908 -0.0372
vn -0.6850 -0.7277 -0.0358
vn -0.7559 -0.6538 -0.0341
vn -0.8220 -0.5686 -0.0321
vn -0.8810 -0.4722 -0.0298
vn -0.9305 -0.3652 -0.0272
vn -0.9682 -0.2490 -0.0244
vn -0.9918 -0.1261 -0.0214
vn -0.9998 0.0005 -0.0183
vn -0.9918 0.1270 -0.0151
vn -0.9682 0.2499 -0.0119
vn -0.9305 0.3661 -0.0089
vn -0.8810 0.4731 -0.0062
vn -0.8220 0.5695 -0.0036
vn -0.7559 0.6547 -0.0015
vn -0.6850 0.7286 0.0006
vn -0.6109 0.7917 0.0024
vn -0.5350 0.8448 0.0039
vn -0.4583 0.8888 0.0052
vn -0.3813 0.9244 0.0063
vn -0.3045 0.9525 0.0073
vn -0.2279 0.9737 0.0082
vn -0.1519 0.9884 0.0088
vn -0.0758 0.9971 0.0095
vn 0.0001 0.9999 0.0100
vn 0.0758 0.9971 0.0105
vn 0.1517 0.9884 0.0109
vn 0.2279 0.9736 0.0112
vn 0.3045 0.9524 0.0113
vn 0.3813 0.9244 0.0114
vn 0.4583 0.8887 0.0113
vn 0.5350 0.8448 0.0110
vn 0.6109 0.7916 0.0105
vn 0.6850 0.7284 0.0097
vn 0.7560 0.6545 0.0087
vn 0.8221 0.5693 0.0073
vn 0.8811 0.4729 0.0056
vn 0.9307 0.3658 0.0034
vn 0.9683 0.2496 0.0010
vn 0.9919 0.1267 -0.0018
vn 0.9910 -0.1326 0.0201
vn 0.9997 -0.0006 0.0238
vn 0.9654 -0.2602 0.0161
vn 0.9250 -0.3798 0.0116
vn 0.8723 -0.4889 0.0071
vn 0.8103 -0.5860 0.0025
vn 0.7418 -0.6706 -0.0021
vn 0.6695 -0.7428 -0.0064
vn 0.5945 -0.8040 -0.0106
vn 0.5187 -0.8548 -0.0145
vn 0.4429 -0.8964 -0.0182
vn 0.3677 -0.9297 -0.0216
vn 0.2930 -0.9558 -0.0249
vn 0.2189 -0.9753 -0.0278
vn 0.1454 -0.9889 -0.0306
vn 0.0725 -0.9968 -0.0332
vn -0.0000 -0.9994 -0.0357
vn -0.0727 -0.9966 -0.0379
vn -0.1457 -0.9885 -0.0400
vn -0.2191 -0.9748 -0.0419
vn -0.2927 -0.9552 -0.0436
vn -0.3674 -0.9290 -0.0452
vn -0.4429 -0.8953 -0.0466
vn -0.5186 -0.8537 -0.0477
vn -0.5945 -0.8026 -0.0487
vn -0.6691 -0.7415 -0.0493
vn -0.7416 -0.6690 -0.0496
vn -0.8100 -0.5843 -0.0495
vn -0.8719 -0.4873 -0.0488
vn -0.9245 -0.3781 -0.0476
vn -0.9649 -0.2586 -0.0458
vn -0.9905 -0.1306 -0.0433
vn -0.9992 0.0010 -0.0403
vn -0.9905 0.1326 -0.0368
vn -0.9649 0.2605 -0.0328
vn -0.9245 0.3802 -0.0287
vn -0.8719 0.4890 -0.0244
vn -0.8100 0.5861 -0.0202
vn -0.7417 0.6705 -0.0161
vn -0.6691 0.7431 -0.0122
vn -0.5944 0.8041 -0.0085
vn -0.5186 0.8550 -0.0050
vn -0.4429 0.8965 -0.0018
vn -0.3675 0.9300 0.0013
vn -0.2927 0.9562 0.0042
vn -0.2191 0.9757 0.0068
vn -0.1457 0.9893 0.0094
vn -0.0727 0.9973 0.0119
vn -0.0000 0.9999 0.0143
vn 0.0725 0.9972 0.0167
vn 0.1458 0.9891 0.0188
vn 0.2189 0.9755 0.0209
vn 0.2933 0.9557 0.0229
vn 0.3677 0.9296 0.0249
vn 0.4429 0.8962 0.0266
vn 0.5188 0.8544 0.0282
vn 0.5945 0.8036 0.0296
vn 0.6695 0.7422 0.0307
vn 0.7419 0.6697 0.0315
vn 0.8104 0.5851 0.0318
vn 0.8723 0.4880 0.0315
vn 0.9249 0.3789 0.0306
vn 0.9654 0.2590 0.0290
vn 0.9910 0.1314 0.0267
vn 0.9907 -0.1355 0.0104
vn 0.9999 -0.0003 0.0140
vn 0.9640 -0.2660 0.0066
vn 0.9218 -0.3877 0.0027
vn 0.8672 -0.4979 -0.0011
vn 0.8035 -0.5952 -0.0049
vn 0.7337 -0.6794 -0.0084
vn 0.6603 -0.7509 -0.0117
vn 0.5852 -0.8108 -0.0147
vn 0.5096 -0.8603 -0.0175
vn 0.4343 -0.9005 -0.0201
vn 0.3599 -0.9327 -0.0224
vn 0.2864 -0.9578 -0.0246
vn 0.2138 -0.9765 -0.0264
vn 0.1421 -0.9894 -0.0283
vn 0.0712 -0.9970 -0.0299
vn -0.0000 -0.9995 -0.0313
vn -0.0709 -0.9969 -0.0326
vn -0.1421 -0.9893 -0.0337
vn -0.2138 -0.9762 -0.0348
vn -0.2864 -0.9575 -0.0357
vn -0.3598 -0.9323 -0.0364
vn -0.4343 -0.9000 -0.0370
vn -0.5095 -0.8597 -0.0374
vn -0.5851 -0.8101 -0.0376
vn -0.6602 -0.7501 -0.0375
vn -0.7336 -0.6786 -0.0370
vn -0.8034 -0.5943 -0.0362
vn -0.8671 -0.4970 -0.0349
vn -0.9216 -0.3867 -0.0332
vn -0.9638 -0.2650 -0.0309
vn -0.9905 -0.1345 -0.0282
vn -0.9997 0.0006 -0.0249
vn -0.9905 0.1358 -0.0215
vn -0.9638 0.2662 -0.0177
vn -0.9216 0.3879 -0.0138
vn -0.8671 0.4981 -0.0100
vn -0.8034 0.5954 -0.0065
vn -0.7336 0.6796 -0.0030
vn -0.6602 0.7511 0.0001
vn -0.5851 0.8110 0.0030
vn -0.5095 0.8604 0.0056
vn -0.4343 0.9007 0.0080
vn -0.3598 0.9330 0.0103
vn -0.2864 0.9580 0.0122
vn -0.2138 0.9768 0.0140
vn -0.1421 0.9897 0.0157
vn -0.0710 0.9973 0.0172
vn -0.0000 0.9998 0.0187
vn 0.0712 0.9973 0.0199
vn 0.1421 0.9896 0.0213
vn 0.2138 0.9766 0.0224
vn 0.2864 0.9578 0.0233
vn 0.3599 0.9327 0.0243
vn 0.4343 0.9004 0.0249
vn 0.5096 0.8601 0.0254
vn 0.5852 0.8105 0.0258
vn 0.6603 0.7505 0.0259
vn 0.7337 0.6790 0.0256
vn 0.8035 0.5947 0.0249
vn 0.8672 0.4973 0.0238
vn 0.9218 0.3871 0.0221
vn 0.9640 0.2653 0.0199
vn 0.9907 0.1348 0.0172
vn 0.8673 -0.4904 0.0853
vn 0.8605 -0.4327 0.2689
vn 0.8259 -0.5329 0.1841
vn 0.8163 -0.4118 0.4052
vn 0.7159 -0.4233 0.5552
vn -0.7159 -0.4233 0.5552
vn -0.8163 -0.4118 0.4052
vn -0.8259 -0.5329 0.1841
vn -0.8605 -0.4327 0.2689
vn -0.8673 -0.4904 0.0853
vn -0.8673 0.4855 0.1097
vn -0.8605 0.4187 0.2901
vn -0.8259 0.5230 0.2105
vn -0.8163 0.3910 0.4252
vn -0.7159 0.3950 0.5757
vn 0.7159 0.3950 0.5757
vn 0.8163 0.3910 0.4252
vn 0.8259 0.5230 0.2105
vn 0.8605 0.4187 0.2901
vn 0.8673 0.4855 0.1097
vn 0.7754 -0.0158 0.6312
vn 0.7702 0.0890 0.6315
vn 0.5957 0.0497 0.8017
vn 0.5983 -0.0096 0.8012
vn 0.4455 0.0075 0.8953
vn 0.1826 -0.0124 0.9831
vn 0.1801 0.0117 0.9836
vn 0.4399 0.0667 0.8956
vn 0.6541 0.1614 0.7389
vn 0.7548 0.1916 0.6273
vn 0.1752 0.0351 0.9839
vn 0.4288 0.1242 0.8948
vn 0.6333 0.2472 0.7333
vn 0.7298 0.2902 0.6190
vn 0.1682 0.0573 0.9841
vn 0.4129 0.1793 0.8930
vn 0.6053 0.3284 0.7251
vn 0.6956 0.3880 0.6047
vn 0.1594 0.0779 0.9841
vn 0.3926 0.2311 0.8902
vn 0.5709 0.4039 0.7148
vn 0.6561 0.4733 0.5878
vn 0.1490 0.0969 0.9841
vn 0.3685 0.2792 0.8867
vn 0.5312 0.4730 0.7029
vn 0.6096 0.5503 0.5706
vn 0.1375 0.1141 0.9839
vn 0.3412 0.3232 0.8827
vn 0.4871 0.5352 0.6901
vn 0.5571 0.6198 0.5527
vn 0.1249 0.1294 0.9837
vn 0.3112 0.3629 0.8783
vn 0.4395 0.5903 0.6770
vn 0.5008 0.6807 0.5346
vn 0.1116 0.1429 0.9834
vn 0.2791 0.3982 0.8738
vn 0.3891 0.6384 0.6641
vn 0.4418 0.7332 0.5170
vn 0.0977 0.1546 0.9831
vn 0.2451 0.4291 0.8694
vn 0.3365 0.6795 0.6519
vn 0.3808 0.7774 0.5006
vn 0.0834 0.1645 0.9828
vn 0.2097 0.4555 0.8652
vn 0.2824 0.7138 0.6409
vn 0.3186 0.8139 0.4859
vn 0.0687 0.1727 0.9826
vn 0.1730 0.4774 0.8615
vn 0.2271 0.7415 0.6314
vn 0.2555 0.8431 0.4733
vn 0.0537 0.1793 0.9823
vn 0.1355 0.4949 0.8583
vn 0.1709 0.7628 0.6237
vn 0.1919 0.8653 0.4632
vn 0.0385 0.1841 0.9822
vn 0.0973 0.5080 0.8558
vn 0.1142 0.7778 0.6180
vn 0.1280 0.8808 0.4558
vn 0.0231 0.1873 0.9820
vn 0.0585 0.5168 0.8541
vn 0.0572 0.7868 0.6146
vn 0.0640 0.8901 0.4513
vn 0.0077 0.1889 0.9820
vn 0.0195 0.5211 0.8532
vn -0.0000 0.7898 0.6134
vn -0.0000 0.8931 0.4498
vn -0.0077 0.1889 0.9820
vn -0.0195 0.5211 0.8532
vn -0.0572 0.7868 0.6146
vn -0.0640 0.8901 0.4513
vn -0.0231 0.1873 0.9820
vn -0.0585 0.5168 0.8541
vn -0.1142 0.7778 0.6180
vn -0.1280 0.8808 0.4558
vn -0.0385 0.1841 0.9822
vn -0.0973 0.5080 0.8558
vn -0.1709 0.7628 0.6237
vn -0.1919 0.8653 0.4632
vn -0.0537 0.1793 0.9823
vn -0.1355 0.4949 0.8583
vn -0.2271 0.7415 0.6314
vn -0.2555 0.8431 0.4733
vn -0.0687 0.1727 0.9826
vn -0.1730 0.4774 0.8615
vn -0.2824 0.7138 0.6409
vn -0.3186 0.8139 0.4859
vn -0.0834 0.1645 0.9828
vn -0.2097 0.4555 0.8652
vn -0.3365 0.6795 0.6519
vn -0.3808 0.7774 0.5006
vn -0.0977 0.1546 0.9831
vn -0.2451 0.4291 0.8694
vn -0.3891 0.6384 0.6641
vn -0.4418 0.7332 0.5170
vn -0.1116 0.1429 0.9834
vn -0.2791 0.3982 0.8738
vn -0.4395 0.5903 0.6770
vn -0.5008 0.6807 0.5346
vn -0.1249 0.1294 0.9837
vn -0.3112 0.3629 0.8783
vn -0.4871 0.5352 0.6901
vn -0.5571 0.6198 0.5527
vn -0.1375 0.1141 0.9839
vn -0.3412 0.3232 0.8827
vn -0.5312 0.4730 0.7029
vn -0.6096 0.5503 0.5706
vn -0.1490 0.0969 0.9841
vn -0.3685 0.2792 0.8867
vn -0.5709 0.4039 0.7148
vn -0.6561 0.4733 0.5878
vn -0.1594 0.0779 0.9841
vn -0.3926 0.2311 0.8902
vn -0.6053 0.3284 0.7251
vn -0.6956 0.3880 0.6047
vn -0.1682 0.0573 0.9841
vn -0.4129 0.1793 0.8930
vn -0.6333 0.2472 0.7333
vn -0.7298 0.2902 0.6190
vn -0.1752 0.0351 0.9839
vn -0.4288 0.1242 0.8948
vn -0.6541 0.1614 0.7389
vn -0.7548 0.1916 0.6273
vn -0.1801 0.0117 0.9836
vn -0.4399 0.0667 0.8956
vn -0.6670 0.0723 0.7416
vn -0.7702 0.0890 0.6315
vn -0.1826 -0.0124 0.9831
vn -0.4455 0.0075 0.8953
vn -0.6713 -0.0185 0.7409
vn -0.7754 -0.0158 0.6312
vn -0.1826 -0.0368 0.9825
vn -0.4455 -0.0522 0.8938
vn -0.6670 -0.1092 0.7370
vn -0.7702 -0.1204 0.6263
vn -0.1801 -0.0609 0.9818
vn -0.4399 -0.1113 0.8911
vn -0.6541 -0.1981 0.7300
vn -0.7548 -0.2227 0.6170
vn -0.1752 -0.0842 0.9809
vn -0.4288 -0.1688 0.8875
vn -0.6333 -0.2836 0.7201
vn -0.7298 -0.3208 0.6038
vn -0.1682 -0.1064 0.9800
vn -0.4129 -0.2237 0.8829
vn -0.6053 -0.3642 0.7078
vn -0.6956 -0.4177 0.5845
vn -0.1594 -0.1270 0.9790
vn -0.3926 -0.2753 0.8775
vn -0.5709 -0.4391 0.6937
vn -0.6561 -0.5021 0.5634
vn -0.1490 -0.1460 0.9780
vn -0.3685 -0.3232 0.8717
vn -0.5312 -0.5075 0.6784
vn -0.6096 -0.5781 0.5424
vn -0.1375 -0.1631 0.9770
vn -0.3412 -0.3669 0.8654
vn -0.4871 -0.5690 0.6625
vn -0.5571 -0.6467 0.5210
vn -0.1249 -0.1784 0.9760
vn -0.3112 -0.4064 0.8591
vn -0.4395 -0.6234 0.6467
vn -0.5008 -0.7066 0.4999
vn -0.1116 -0.1919 0.9750
vn -0.2791 -0.4414 0.8528
vn -0.3891 -0.6708 0.6314
vn -0.4418 -0.7581 0.4797
vn -0.0977 -0.2036 0.9742
vn -0.2451 -0.4720 0.8468
vn -0.3365 -0.7113 0.6171
vn -0.3808 -0.8015 0.4611
vn -0.0834 -0.2135 0.9734
vn -0.2097 -0.4981 0.8414
vn -0.2824 -0.7450 0.6044
vn -0.3186 -0.8372 0.4446
vn -0.0687 -0.2216 0.9727
vn -0.1730 -0.5199 0.8365
vn -0.2271 -0.7721 0.5935
vn -0.2555 -0.8657 0.4305
vn -0.0537 -0.2281 0.9722
vn -0.1355 -0.5372 0.8325
vn -0.1709 -0.7930 0.5848
vn -0.1919 -0.8873 0.4193
vn -0.0385 -0.2330 0.9717
vn -0.0973 -0.5502 0.8294
vn -0.1142 -0.8077 0.5784
vn -0.1280 -0.9025 0.4112
vn -0.0231 -0.2362 0.9714
vn -0.0585 -0.5588 0.8272
vn -0.0572 -0.8165 0.5745
vn -0.0640 -0.9115 0.4062
vn -0.0077 -0.2378 0.9713
vn -0.0195 -0.5631 0.8261
vn -0.0000 -0.8194 0.5732
vn -0.0000 -0.9145 0.4046
vn 0.0077 -0.2378 0.9713
vn 0.0195 -0.5631 0.8261
vn 0.0572 -0.8165 0.5745
vn 0.0640 -0.9115 0.4062
vn 0.0231 -0.2362 0.9714
vn 0.0585 -0.5588 0.8272
vn 0.1142 -0.8077 0.5784
vn 0.1280 -0.9025 0.4112
vn 0.0385 -0.2330 0.9717
vn 0.0973 -0.5502 0.8294
vn 0.1709 -0.7930 0.5848
vn 0.1919 -0.8873 0.4193
vn 0.0537 -0.2281 0.9722
vn 0.1355 -0.5372 0.8325
vn 0.2271 -0.7721 0.5935
vn 0.2555 -0.8657 0.4305
vn 0.0687 -0.2216 0.9727
vn 0.1730 -0.5199 0.8365
vn 0.2824 -0.7450 0.6044
vn 0.3186 -0.8372 0.4446
vn 0.0834 -0.2135 0.9734
vn 0.2097 -0.4981 0.8414
vn 0.3365 -0.7113 0.6171
vn 0.3808 -0.8015 0.4611
vn 0.0977 -0.2036 0.9742
vn 0.2451 -0.4720 0.8468
vn 0.3891 -0.6708 0.6314
vn 0.4418 -0.7581 0.4797
vn 0.1116 -0.1919 0.9750
vn 0.2791 -0.4414 0.8528
vn 0.4395 -0.6234 0.6467
vn 0.5008 -0.7066 0.4999
vn 0.1249 -0.1784 0.9760
vn 0.3112 -0.4064 0.8591
vn 0.4871 -0.5690 0.6625
vn 0.5571 -0.6467 0.5210
vn 0.1375 -0.1631 0.9770
vn 0.3412 -0.3669 0.8654
vn 0.5312 -0.5075 0.6784
vn 0.6096 -0.5781 0.5424
vn 0.1490 -0.1460 0.9780
vn 0.3685 -0.3232 0.8717
vn 0.5709 -0.4391 0.6937
vn 0.6561 -0.5021 0.5634
vn 0.1594 -0.1270 0.9790
vn 0.3926 -0.2753 0.8775
vn 0.6053 -0.3642 0.7078
vn 0.6956 -0.4177 0.5845
vn 0.1682 -0.1064 0.9800
vn 0.4129 -0.2237 0.8829
vn 0.6333 -0.2836 0.7201
vn 0.7298 -0.3208 0.6038
vn 0.1752 -0.0842 0.9809
vn 0.4288 -0.1688 0.8875
vn 0.6541 -0.1981 0.7300
vn 0.7548 -0.2227 0.6170
vn 0.1801 -0.0609 0.9818
vn 0.4399 -0.1113 0.8911
vn 0.6670 -0.1092 0.7370
vn 0.7702 -0.1204 0.6263
vn 0.1826 -0.0368 0.9825
vn 0.4455 -0.0522 0.8938
vn 0.8026 -0.0149 0.5963
vn 0.7971 -0.1236 0.5911
vn 0.8921 -0.1341 0.4314
vn 0.8997 -0.0109 0.4364
vn 0.9481 -0.1382 0.2862
vn 0.9568 -0.0073 0.2905
vn 0.9869 -0.1344 0.0890
vn 0.9958 -0.0023 0.0918
vn 0.7806 -0.2298 0.5813
vn 0.8700 -0.2535 0.4229
vn 0.9227 -0.2646 0.2802
vn 0.9611 -0.2621 0.0872
vn 0.7540 -0.3312 0.5673
vn 0.8349 -0.3657 0.4114
vn 0.8827 -0.3826 0.2727
vn 0.9202 -0.3817 0.0865
vn -0.7540 -0.3312 0.5673
vn -0.8349 -0.3657 0.4114
vn -0.8827 -0.3826 0.2727
vn -0.9202 -0.3817 0.0865
vn -0.7806 -0.2298 0.5813
vn -0.8700 -0.2535 0.4229
vn -0.9228 -0.2646 0.2802
vn -0.9611 -0.2621 0.0872
vn -0.7971 -0.1236 0.5911
vn -0.8921 -0.1341 0.4314
vn -0.9481 -0.1382 0.2862
vn -0.9869 -0.1344 0.0890
vn -0.8026 -0.0149 0.5963
vn -0.8997 -0.0109 0.4364
vn -0.9568 -0.0073 0.2905
vn -0.9958 -0.0023 0.0918
vn -0.7971 0.0939 0.5965
vn -0.8921 0.1124 0.4375
vn -0.9481 0.1238 0.2928
vn -0.9869 0.1298 0.0956
vn -0.7806 0.2004 0.5920
vn -0.8700 0.2320 0.4350
vn -0.9227 0.2503 0.2931
vn -0.9611 0.2574 0.1002
vn -0.7540 0.3024 0.5831
vn -0.8349 0.3447 0.4291
vn -0.8827 0.3685 0.2915
vn -0.9202 0.3769 0.1055
vn 0.7540 0.3024 0.5831
vn 0.8349 0.3447 0.4291
vn 0.8827 0.3685 0.2915
vn 0.9202 0.3769 0.1055
vn 0.7806 0.2004 0.5920
vn 0.8700 0.2320 0.4350
vn 0.9228 0.2503 0.2930
vn 0.9611 0.2574 0.1002
vn 0.7971 0.0939 0.5965
vn 0.8921 0.1124 0.4375
vn 0.9481 0.1238 0.2928
vn 0.9869 0.1298 0.0956
vn 1.0000 0.0002 -0.0096
vn 0.9906 -0.1364 -0.0130
vn 0.9550 -0.1249 -0.2691
vn 0.9640 0.0066 -0.2658
vn 0.7029 -0.0306 -0.7107
vn 0.2577 0.0064 -0.9662
vn 0.9633 -0.2680 -0.0162
vn 0.9288 -0.2517 -0.2721
vn 0.6898 -0.1257 -0.7130
vn 0.2530 -0.0284 -0.9671
vn 0.9203 -0.3906 -0.0191
vn 0.8875 -0.3699 -0.2749
vn 0.6648 -0.2156 -0.7152
vn 0.2438 -0.0614 -0.9679
vn 0.8649 -0.5014 -0.0217
vn 0.8342 -0.4767 -0.2774
vn 0.6299 -0.2981 -0.7172
vn 0.2310 -0.0917 -0.9686
vn 0.8005 -0.5989 -0.0240
vn 0.7721 -0.5707 -0.2796
vn 0.5873 -0.3716 -0.7190
vn 0.2153 -0.1186 -0.9693
vn 0.7301 -0.6828 -0.0259
vn 0.7043 -0.6518 -0.2814
vn 0.5396 -0.4355 -0.7205
vn 0.1978 -0.1420 -0.9699
vn 0.6563 -0.7540 -0.0275
vn 0.6332 -0.7205 -0.2829
vn 0.4886 -0.4901 -0.7218
vn 0.1792 -0.1620 -0.9704
vn 0.5811 -0.8133 -0.0288
vn 0.5606 -0.7778 -0.2841
vn 0.4359 -0.5360 -0.7229
vn 0.1598 -0.1789 -0.9708
vn 0.5055 -0.8623 -0.0299
vn 0.4877 -0.8251 -0.2851
vn 0.3828 -0.5741 -0.7238
vn 0.1404 -0.1928 -0.9711
vn 0.4306 -0.9020 -0.0307
vn 0.4154 -0.8635 -0.2860
vn 0.3297 -0.6052 -0.7246
vn 0.1208 -0.2042 -0.9714
vn 0.3565 -0.9337 -0.0315
vn 0.3440 -0.8942 -0.2866
vn 0.2772 -0.6304 -0.7251
vn 0.1016 -0.2134 -0.9717
vn 0.2836 -0.9584 -0.0320
vn 0.2736 -0.9180 -0.2871
vn 0.2254 -0.6502 -0.7256
vn 0.0826 -0.2207 -0.9718
vn 0.2117 -0.9768 -0.0324
vn 0.2042 -0.9358 -0.2875
vn 0.1744 -0.6653 -0.7259
vn 0.0639 -0.2262 -0.9720
vn 0.1406 -0.9895 -0.0326
vn 0.1357 -0.9481 -0.2877
vn 0.1240 -0.6762 -0.7262
vn 0.0454 -0.2302 -0.9721
vn 0.0701 -0.9970 -0.0328
vn 0.0677 -0.9553 -0.2879
vn 0.0742 -0.6833 -0.7264
vn 0.0272 -0.2328 -0.9721
vn -0.0000 -0.9995 -0.0329
vn -0.0000 -0.9576 -0.2879
vn 0.0247 -0.6868 -0.7264
vn 0.0090 -0.2341 -0.9722
vn -0.0701 -0.9970 -0.0328
vn -0.0677 -0.9553 -0.2879
vn -0.0247 -0.6868 -0.7264
vn -0.0090 -0.2341 -0.9722
vn -0.1406 -0.9895 -0.0326
vn -0.1356 -0.9481 -0.2877
vn -0.0742 -0.6833 -0.7264
vn -0.0272 -0.2328 -0.9721
vn -0.2117 -0.9768 -0.0324
vn -0.2042 -0.9358 -0.2875
vn -0.1240 -0.6762 -0.7262
vn -0.0455 -0.2302 -0.9721
vn -0.2836 -0.9584 -0.0320
vn -0.2736 -0.9180 -0.2871
vn -0.1744 -0.6653 -0.7259
vn -0.0639 -0.2262 -0.9720
vn -0.3565 -0.9337 -0.0315
vn -0.3440 -0.8942 -0.2866
vn -0.2254 -0.6502 -0.7256
vn -0.0826 -0.2207 -0.9718
vn -0.4306 -0.9020 -0.0308
vn -0.4154 -0.8635 -0.2860
vn -0.2772 -0.6304 -0.7251
vn -0.1016 -0.2134 -0.9717
vn -0.5056 -0.8623 -0.0299
vn -0.4877 -0.8251 -0.2852
vn -0.3297 -0.6052 -0.7246
vn -0.1208 -0.2042 -0.9714
vn -0.5811 -0.8133 -0.0288
vn -0.5606 -0.7778 -0.2841
vn -0.3828 -0.5741 -0.7238
vn -0.1404 -0.1928 -0.9711
vn -0.6563 -0.7540 -0.0275
vn -0.6332 -0.7205 -0.2829
vn -0.4359 -0.5360 -0.7229
vn -0.1598 -0.1789 -0.9708
vn -0.7301 -0.6828 -0.0259
vn -0.7043 -0.6518 -0.2814
vn -0.4886 -0.4901 -0.7218
vn -0.1792 -0.1620 -0.9704
vn -0.8005 -0.5989 -0.0240
vn -0.7721 -0.5707 -0.2796
vn -0.5396 -0.4355 -0.7206
vn -0.1978 -0.1420 -0.9699
vn -0.8649 -0.5014 -0.0217
vn -0.8342 -0.4767 -0.2774
vn -0.5873 -0.3716 -0.7190
vn -0.2153 -0.1186 -0.9693
vn -0.9203 -0.3906 -0.0191
vn -0.8875 -0.3699 -0.2749
vn -0.6299 -0.2981 -0.7172
vn -0.2309 -0.0917 -0.9686
vn -0.9633 -0.2680 -0.0162
vn -0.9288 -0.2517 -0.2721
vn -0.6648 -0.2156 -0.7152
vn -0.2438 -0.0614 -0.9679
vn -0.9906 -0.1364 -0.0130
vn -0.9550 -0.1249 -0.2691
vn -0.6898 -0.1257 -0.7130
vn -0.2530 -0.0284 -0.9671
vn -1.0000 0.0003 -0.0096
vn -0.9640 0.0066 -0.2658
vn -0.7029 -0.0306 -0.7107
vn -0.2577 0.0064 -0.9662
vn -0.9906 0.1368 -0.0062
vn -0.9550 0.1382 -0.2625
vn -0.7029 0.0661 -0.7082
vn -0.2577 0.0419 -0.9653
vn -0.9633 0.2685 -0.0028
vn -0.9288 0.2650 -0.2592
vn -0.6898 0.1611 -0.7058
vn -0.2530 0.0767 -0.9644
vn -0.9203 0.3911 0.0004
vn -0.8875 0.3832 -0.2561
vn -0.6648 0.2511 -0.7036
vn -0.2438 0.1097 -0.9636
vn -0.8649 0.5019 0.0034
vn -0.8342 0.4899 -0.2533
vn -0.6299 0.3336 -0.7014
vn -0.2310 0.1400 -0.9628
vn -0.8005 0.5993 0.0060
vn -0.7721 0.5840 -0.2507
vn -0.5873 0.4070 -0.6995
vn -0.2153 0.1669 -0.9622
vn -0.7301 0.6833 0.0082
vn -0.7043 0.6650 -0.2484
vn -0.5396 0.4710 -0.6979
vn -0.1978 0.1903 -0.9616
vn -0.6563 0.7544 0.0102
vn -0.6332 0.7337 -0.2465
vn -0.4886 0.5256 -0.6964
vn -0.1792 0.2103 -0.9611
vn -0.5811 0.8138 0.0119
vn -0.5606 0.7911 -0.2449
vn -0.4359 0.5715 -0.6952
vn -0.1598 0.2272 -0.9606
vn -0.5055 0.8627 0.0132
vn -0.4877 0.8383 -0.2436
vn -0.3828 0.6095 -0.6942
vn -0.1404 0.2411 -0.9603
vn -0.4306 0.9024 0.0144
vn -0.4154 0.8767 -0.2425
vn -0.3297 0.6407 -0.6934
vn -0.1208 0.2525 -0.9600
vn -0.3565 0.9342 0.0152
vn -0.3440 0.9074 -0.2416
vn -0.2772 0.6658 -0.6927
vn -0.1016 0.2617 -0.9598
vn -0.2836 0.9588 0.0160
vn -0.2736 0.9312 -0.2409
vn -0.2254 0.6856 -0.6922
vn -0.0826 0.2690 -0.9596
vn -0.2117 0.9772 0.0165
vn -0.2042 0.9490 -0.2404
vn -0.1744 0.7007 -0.6918
vn -0.0639 0.2745 -0.9595
vn -0.1406 0.9899 0.0169
vn -0.1357 0.9612 -0.2400
vn -0.1240 0.7117 -0.6915
vn -0.0454 0.2785 -0.9594
vn -0.0701 0.9974 0.0171
vn -0.0677 0.9685 -0.2398
vn -0.0742 0.7187 -0.6913
vn -0.0272 0.2811 -0.9593
vn -0.0000 0.9999 0.0171
vn -0.0000 0.9708 -0.2397
vn -0.0247 0.7222 -0.6912
vn -0.0090 0.2824 -0.9593
vn 0.0701 0.9974 0.0171
vn 0.0677 0.9685 -0.2398
vn 0.0247 0.7222 -0.6912
vn 0.0090 0.2824 -0.9593
vn 0.1406 0.9899 0.0169
vn 0.1356 0.9612 -0.2400
vn 0.0742 0.7187 -0.6913
vn 0.0272 0.2811 -0.9593
vn 0.2117 0.9772 0.0165
vn 0.2042 0.9490 -0.2404
vn 0.1240 0.7116 -0.6915
vn 0.0455 0.2785 -0.9594
vn 0.2836 0.9588 0.0160
vn 0.2736 0.9312 -0.2409
vn 0.1744 0.7007 -0.6918
vn 0.0639 0.2745 -0.9595
vn 0.3565 0.9342 0.0152
vn 0.3440 0.9074 -0.2416
vn 0.2254 0.6856 -0.6922
vn 0.0826 0.2690 -0.9596
vn 0.4306 0.9024 0.0144
vn 0.4154 0.8767 -0.2425
vn 0.2772 0.6658 -0.6927
vn 0.1016 0.2617 -0.9598
vn 0.5056 0.8627 0.0132
vn 0.4877 0.8383 -0.2436
vn 0.3297 0.6407 -0.6934
vn 0.1208 0.2525 -0.9600
vn 0.5811 0.8138 0.0119
vn 0.5606 0.7911 -0.2449
vn 0.3828 0.6095 -0.6942
vn 0.1404 0.2411 -0.9603
vn 0.6563 0.7544 0.0102
vn 0.6332 0.7337 -0.2465
vn 0.4359 0.5715 -0.6952
vn 0.1598 0.2272 -0.9606
vn 0.7301 0.6833 0.0082
vn 0.7043 0.6650 -0.2484
vn 0.4886 0.5256 -0.6964
vn 0.1792 0.2103 -0.9611
vn 0.8005 0.5993 0.0060
vn 0.7721 0.5840 -0.2507
vn 0.5396 0.4710 -0.6979
vn 0.1978 0.1903 -0.9616
vn 0.8649 0.5019 0.0034
vn 0.8342 0.4899 -0.2533
vn 0.5873 0.4070 -0.6995
vn 0.2153 0.1669 -0.9622
vn 0.9203 0.3911 0.0004
vn 0.8875 0.3832 -0.2561
vn 0.6299 0.3336 -0.7014
vn 0.2309 0.1400 -0.9629
vn 0.9633 0.2685 -0.0028
vn 0.9288 0.2650 -0.2592
vn 0.6648 0.2511 -0.7036
vn 0.2438 0.1097 -0.9636
vn 0.9906 0.1368 -0.0062
vn 0.9550 0.1382 -0.2625
vn 0.6898 0.1611 -0.7058
vn 0.2530 0.0767 -0.9644
vn 0.2577 0.0419 -0.9653
vn 0.7029 0.0661 -0.7082
vn -0.0000 -0.0250 0.9997
vn -0.0000 0.0250 -0.9997
vt 0.235020 0.987191
vt 0.231660 0.987153
vt 0.231798 0.955646
vt 0.235512 0.955687
vt 0.228195 0.987112
vt 0.227981 0.955601
vt 0.224657 0.987068
vt 0.224097 0.955554
vt 0.221081 0.987021
vt 0.220183 0.955504
vt 0.217502 0.986973
vt 0.216279 0.955452
vt 0.213954 0.986923
vt 0.212420 0.955398
vt 0.210471 0.986873
vt 0.208645 0.955344
vt 0.207086 0.986822
vt 0.204990 0.955289
vt 0.203833 0.986771
vt 0.201489 0.955235
vt 0.062815 0.986254
vt 0.059551 0.986126
vt 0.062161 0.954498
vt 0.065616 0.954635
vt 0.056095 0.986007
vt 0.058490 0.954370
vt 0.052479 0.985897
vt 0.054637 0.954255
vt 0.048738 0.985799
vt 0.050640 0.954152
vt 0.044909 0.985713
vt 0.046538 0.954062
vt 0.041027 0.985640
vt 0.042369 0.953986
vt 0.037131 0.985580
vt 0.038174 0.953926
vt 0.033258 0.985535
vt 0.033993 0.953881
vt 0.029446 0.985504
vt 0.029867 0.953852
vt 0.025730 0.985487
vt 0.025835 0.953840
vt 0.022148 0.985486
vt 0.021936 0.953844
vt 0.018732 0.985500
vt 0.018208 0.953865
vt 0.015517 0.985529
vt 0.014686 0.953902
vt 0.175342 0.986688
vt 0.171982 0.986692
vt 0.171723 0.955135
vt 0.175437 0.955133
vt 0.168516 0.986699
vt 0.167905 0.955142
vt 0.164978 0.986710
vt 0.164021 0.955153
vt 0.161401 0.986725
vt 0.160106 0.955168
vt 0.157820 0.986744
vt 0.156200 0.955187
vt 0.154270 0.986766
vt 0.152340 0.955210
vt 0.150785 0.986792
vt 0.148563 0.955237
vt 0.147398 0.986820
vt 0.144905 0.955267
vt 0.144142 0.986852
vt 0.141402 0.955300
vt 0.141049 0.986885
vt 0.138087 0.955335
vt 0.128014 0.986406
vt 0.124876 0.986380
vt 0.127189 0.954765
vt 0.130521 0.954793
vt 0.121550 0.986360
vt 0.123644 0.954744
vt 0.118068 0.986348
vt 0.119919 0.954732
vt 0.114463 0.986343
vt 0.116050 0.954728
vt 0.110769 0.986346
vt 0.112074 0.954733
vt 0.107023 0.986356
vt 0.108029 0.954746
vt 0.103261 0.986373
vt 0.103955 0.954767
vt 0.099518 0.986398
vt 0.099890 0.954796
vt 0.095831 0.986429
vt 0.095875 0.954833
vt 0.092236 0.986467
vt 0.091946 0.954877
vt 0.088766 0.986511
vt 0.088143 0.954928
vt 0.085456 0.986561
vt 0.084503 0.954986
vt 0.251334 0.955832
vt 0.248642 0.955812
vt 0.244872 0.876925
vt 0.247424 0.876943
vt 0.245684 0.955788
vt 0.242079 0.876902
vt 0.242489 0.955758
vt 0.239073 0.876874
vt 0.239087 0.955725
vt 0.235881 0.876843
vt 0.232536 0.876808
vt 0.229069 0.876770
vt 0.225513 0.876729
vt 0.221903 0.876685
vt 0.218273 0.876639
vt 0.214659 0.876592
vt 0.211096 0.876543
vt 0.207617 0.876493
vt 0.204256 0.876443
vt 0.201045 0.876393
vt 0.058575 0.875724
vt 0.061708 0.875850
vt 0.055238 0.875608
vt 0.051729 0.875503
vt 0.048081 0.875410
vt 0.044329 0.875329
vt 0.040511 0.875262
vt 0.036661 0.875209
vt 0.032819 0.875171
vt 0.029020 0.875147
vt 0.025301 0.875139
vt 0.021698 0.875147
vt 0.018246 0.875169
vt 0.014978 0.875207
vt 0.011405 0.953955
vt 0.011926 0.875259
vt 0.008396 0.954023
vt 0.009118 0.875325
vt 0.005688 0.954105
vt 0.006582 0.875405
vt 0.003307 0.954202
vt 0.004342 0.875498
vt 0.193654 0.955208
vt 0.191255 0.955185
vt 0.190520 0.876387
vt 0.192805 0.876409
vt 0.188564 0.955166
vt 0.187969 0.876369
vt 0.185607 0.955152
vt 0.185178 0.876355
vt 0.182413 0.955141
vt 0.182172 0.876345
vt 0.179012 0.955135
vt 0.178981 0.876338
vt 0.175636 0.876336
vt 0.172169 0.876337
vt 0.168613 0.876343
vt 0.165002 0.876352
vt 0.161372 0.876366
vt 0.157757 0.876382
vt 0.154191 0.876403
vt 0.150711 0.876427
vt 0.147348 0.876454
vt 0.144135 0.876483
vt 0.141103 0.876516
vt 0.127610 0.876037
vt 0.130637 0.876064
vt 0.124380 0.876019
vt 0.120977 0.876008
vt 0.117435 0.876005
vt 0.113787 0.876011
vt 0.110069 0.876024
vt 0.106317 0.876045
vt 0.102566 0.876073
vt 0.098853 0.876109
vt 0.095214 0.876152
vt 0.091683 0.876201
vt 0.088295 0.876256
vt 0.081059 0.955050
vt 0.085082 0.876317
vt 0.077845 0.955119
vt 0.082075 0.876383
vt 0.074892 0.955192
vt 0.079304 0.876453
vt 0.072229 0.955270
vt 0.076794 0.876527
vt 0.253736 0.955846
vt 0.249711 0.876957
vt 0.239608 0.728648
vt 0.241917 0.728665
vt 0.237086 0.728627
vt 0.234374 0.728603
vt 0.231499 0.728575
vt 0.228488 0.728544
vt 0.225370 0.728509
vt 0.222176 0.728472
vt 0.218935 0.728433
vt 0.215680 0.728392
vt 0.212441 0.728350
vt 0.209250 0.728306
vt 0.206138 0.728262
vt 0.203134 0.728217
vt 0.200268 0.728173
vt 0.051851 0.727623
vt 0.054636 0.727735
vt 0.048882 0.727520
vt 0.045757 0.727426
vt 0.042506 0.727344
vt 0.039161 0.727272
vt 0.035753 0.727213
vt 0.032315 0.727167
vt 0.028881 0.727133
vt 0.025484 0.727114
vt 0.022156 0.727108
vt 0.018929 0.727115
vt 0.015835 0.727137
vt 0.012903 0.727171
vt 0.010162 0.727219
vt 0.007638 0.727280
vt 0.005355 0.727353
vt 0.003335 0.727437
vt 0.191485 0.728216
vt 0.193555 0.728236
vt 0.189178 0.728200
vt 0.186657 0.728187
vt 0.183946 0.728178
vt 0.181071 0.728172
vt 0.178061 0.728169
vt 0.174943 0.728171
vt 0.171748 0.728175
vt 0.168507 0.728183
vt 0.165251 0.728195
vt 0.162011 0.728210
vt 0.158819 0.728228
vt 0.155705 0.728249
vt 0.152699 0.728273
vt 0.149831 0.728299
vt 0.147127 0.728328
vt 0.128780 0.728028
vt 0.131473 0.728052
vt 0.125903 0.728012
vt 0.122870 0.728003
vt 0.119709 0.728001
vt 0.116452 0.728006
vt 0.113129 0.728018
vt 0.109773 0.728037
vt 0.106416 0.728063
vt 0.103090 0.728096
vt 0.099827 0.728135
vt 0.096659 0.728179
vt 0.093616 0.728230
vt 0.090728 0.728285
vt 0.088022 0.728345
vt 0.085525 0.728408
vt 0.083260 0.728475
vt 0.243989 0.728677
vt 0.238586 0.523695
vt 0.240658 0.523710
vt 0.236313 0.523676
vt 0.233860 0.523654
vt 0.231251 0.523628
vt 0.228511 0.523600
vt 0.225666 0.523568
vt 0.222744 0.523534
vt 0.219774 0.523498
vt 0.216783 0.523460
vt 0.213800 0.523420
vt 0.210854 0.523379
vt 0.207974 0.523338
vt 0.205187 0.523296
vt 0.202521 0.523255
vt 0.048205 0.522924
vt 0.050828 0.523028
vt 0.045416 0.522827
vt 0.042487 0.522739
vt 0.039447 0.522661
vt 0.036324 0.522593
vt 0.033150 0.522536
vt 0.029953 0.522491
vt 0.026766 0.522457
vt 0.023620 0.522436
vt 0.020543 0.522427
vt 0.017566 0.522432
vt 0.014718 0.522448
vt 0.012025 0.522477
vt 0.009515 0.522518
vt 0.007211 0.522571
vt 0.005135 0.522635
vt 0.003307 0.522710
vt 0.191805 0.523313
vt 0.193654 0.523330
vt 0.189735 0.523298
vt 0.187462 0.523287
vt 0.185010 0.523279
vt 0.182401 0.523274
vt 0.179661 0.523272
vt 0.176817 0.523274
vt 0.173895 0.523279
vt 0.170924 0.523287
vt 0.167932 0.523298
vt 0.164948 0.523313
vt 0.162001 0.523330
vt 0.159119 0.523350
vt 0.156331 0.523373
vt 0.153662 0.523398
vt 0.151139 0.523425
vt 0.126893 0.523276
vt 0.129423 0.523298
vt 0.124197 0.523260
vt 0.121363 0.523251
vt 0.118417 0.523248
vt 0.115388 0.523252
vt 0.112305 0.523262
vt 0.109197 0.523279
vt 0.106095 0.523301
vt 0.103028 0.523330
vt 0.100027 0.523364
vt 0.097119 0.523404
vt 0.094333 0.523448
vt 0.091696 0.523497
vt 0.089233 0.523551
vt 0.086968 0.523607
vt 0.084923 0.523667
vt 0.242508 0.523721
vt 0.243621 0.334613
vt 0.245481 0.334626
vt 0.241571 0.334596
vt 0.239352 0.334575
vt 0.236985 0.334552
vt 0.234492 0.334526
vt 0.231899 0.334496
vt 0.229230 0.334465
vt 0.226510 0.334432
vt 0.223766 0.334396
vt 0.221024 0.334360
vt 0.218311 0.334322
vt 0.215652 0.334283
vt 0.213074 0.334245
vt 0.210601 0.334206
vt 0.052619 0.334216
vt 0.055078 0.334313
vt 0.050011 0.334126
vt 0.047278 0.334044
vt 0.044445 0.333970
vt 0.041541 0.333906
vt 0.038594 0.333851
vt 0.035631 0.333808
vt 0.032682 0.333775
vt 0.029774 0.333753
vt 0.026936 0.333743
vt 0.024196 0.333744
vt 0.021578 0.333757
vt 0.019110 0.333781
vt 0.016813 0.333816
vt 0.014712 0.333862
vt 0.012825 0.333919
vt 0.011171 0.333985
vt 0.185877 0.334253
vt 0.187529 0.334269
vt 0.184017 0.334240
vt 0.181968 0.334230
vt 0.179749 0.334223
vt 0.177383 0.334219
vt 0.174891 0.334218
vt 0.172298 0.334220
vt 0.169628 0.334225
vt 0.166907 0.334233
vt 0.164163 0.334244
vt 0.161420 0.334258
vt 0.158705 0.334275
vt 0.156045 0.334294
vt 0.153465 0.334315
vt 0.150990 0.334338
vt 0.148644 0.334364
vt 0.118148 0.334221
vt 0.120515 0.334241
vt 0.115633 0.334206
vt 0.112994 0.334197
vt 0.110257 0.334194
vt 0.107449 0.334196
vt 0.104596 0.334205
vt 0.101726 0.334219
vt 0.098866 0.334239
vt 0.096044 0.334264
vt 0.093288 0.334294
vt 0.090623 0.334329
vt 0.088075 0.334369
vt 0.085669 0.334412
vt 0.083428 0.334460
vt 0.081374 0.334510
vt 0.079527 0.334564
vt 0.247135 0.334636
vt 0.249637 0.129785
vt 0.251393 0.129798
vt 0.247696 0.129769
vt 0.245591 0.129749
vt 0.243340 0.129727
vt 0.240965 0.129701
vt 0.238490 0.129673
vt 0.235938 0.129643
vt 0.233334 0.129611
vt 0.230702 0.129577
vt 0.228069 0.129541
vt 0.225459 0.129505
vt 0.222897 0.129468
vt 0.220409 0.129430
vt 0.218019 0.129393
vt 0.057964 0.129718
vt 0.060358 0.129812
vt 0.055427 0.129631
vt 0.052772 0.129550
vt 0.050025 0.129479
vt 0.047213 0.129415
vt 0.044361 0.129362
vt 0.041498 0.129318
vt 0.038651 0.129285
vt 0.035848 0.129262
vt 0.033116 0.129251
vt 0.030480 0.129250
vt 0.027967 0.129261
vt 0.025601 0.129282
vt 0.023404 0.129314
vt 0.021397 0.129357
vt 0.019600 0.129410
vt 0.018030 0.129472
vt 0.180837 0.129420
vt 0.182391 0.129434
vt 0.179082 0.129408
vt 0.177143 0.129398
vt 0.175038 0.129392
vt 0.172787 0.129388
vt 0.170413 0.129388
vt 0.167937 0.129390
vt 0.165385 0.129395
vt 0.162780 0.129404
vt 0.160148 0.129415
vt 0.157513 0.129428
vt 0.154902 0.129445
vt 0.152339 0.129463
vt 0.149850 0.129484
vt 0.147457 0.129507
vt 0.145185 0.129532
vt 0.110114 0.129374
vt 0.112417 0.129394
vt 0.107672 0.129360
vt 0.105115 0.129351
vt 0.102466 0.129348
vt 0.099752 0.129350
vt 0.096998 0.129357
vt 0.094232 0.129370
vt 0.091480 0.129388
vt 0.088767 0.129411
vt 0.086122 0.129440
vt 0.083568 0.129472
vt 0.081130 0.129509
vt 0.078833 0.129550
vt 0.076697 0.129595
vt 0.074745 0.129642
vt 0.072994 0.129693
vt 0.252948 0.129807
vt 0.238301 0.985030
vt 0.238225 0.986378
vt 0.236056 0.987202
vt 0.238078 0.987868
vt 0.236056 0.987202
vt 0.237898 0.989098
vt 0.013428 0.987390
vt 0.012908 0.986268
vt 0.014557 0.985542
vt 0.012381 0.985020
vt 0.014557 0.985542
vt 0.011989 0.983981
vt 0.178595 0.984490
vt 0.178537 0.985841
vt 0.176378 0.986689
vt 0.178408 0.987334
vt 0.176378 0.986689
vt 0.178243 0.988568
vt 0.083139 0.988406
vt 0.082678 0.987301
vt 0.084453 0.986579
vt 0.082221 0.986073
vt 0.084453 0.986579
vt 0.081890 0.985051
vt 0.512882 0.520916
vt 0.514803 0.519067
vt 0.515490 0.519786
vt 0.513624 0.521581
vt 0.516353 0.520766
vt 0.514586 0.522466
vt 0.517196 0.521743
vt 0.515541 0.523336
vt 0.519065 0.520367
vt 0.518347 0.519298
vt 0.517841 0.518528
vt 0.081851 0.996255
vt 0.079847 0.996313
vt 0.078819 0.994513
vt 0.080913 0.994446
vt 0.521138 0.519219
vt 0.520552 0.518077
vt 0.520135 0.517252
vt 0.084089 0.996200
vt 0.083242 0.994377
vt 0.523400 0.518311
vt 0.522949 0.517114
vt 0.522624 0.516244
vt 0.086533 0.996148
vt 0.085784 0.994308
vt 0.525835 0.517654
vt 0.525517 0.516422
vt 0.525286 0.515517
vt 0.089162 0.996100
vt 0.088515 0.994241
vt 0.528420 0.517260
vt 0.528234 0.516008
vt 0.528096 0.515078
vt 0.091951 0.996056
vt 0.091409 0.994176
vt 0.531134 0.517137
vt 0.531074 0.515879
vt 0.531029 0.514933
vt 0.094875 0.996017
vt 0.094441 0.994116
vt 0.533948 0.517290
vt 0.534009 0.516038
vt 0.534056 0.515085
vt 0.097905 0.995984
vt 0.097580 0.994061
vt 0.536834 0.517720
vt 0.537011 0.516486
vt 0.537147 0.515535
vt 0.101012 0.995956
vt 0.100797 0.994013
vt 0.539764 0.518427
vt 0.540050 0.517220
vt 0.540272 0.516279
vt 0.104165 0.995934
vt 0.104061 0.993973
vt 0.542706 0.519406
vt 0.543094 0.518233
vt 0.543400 0.517311
vt 0.107334 0.995918
vt 0.107340 0.993941
vt 0.545628 0.520648
vt 0.546114 0.519518
vt 0.546499 0.518620
vt 0.110486 0.995908
vt 0.110603 0.993918
vt 0.548502 0.522143
vt 0.549079 0.521060
vt 0.549541 0.520196
vt 0.113591 0.995905
vt 0.113816 0.993904
vt 0.551295 0.523875
vt 0.551959 0.522847
vt 0.552493 0.522022
vt 0.116618 0.995908
vt 0.116950 0.993900
vt 0.553979 0.525828
vt 0.554724 0.524860
vt 0.555327 0.524080
vt 0.119536 0.995918
vt 0.119973 0.993906
vt 0.556526 0.527983
vt 0.557349 0.527079
vt 0.558012 0.526349
vt 0.122315 0.995934
vt 0.122855 0.993921
vt 0.558911 0.530316
vt 0.559805 0.529483
vt 0.560525 0.528810
vt 0.124916 0.995957
vt 0.125568 0.993946
vt 0.561108 0.532805
vt 0.562070 0.532047
vt 0.562841 0.531437
vt 0.146296 0.996345
vt 0.143714 0.996373
vt 0.143131 0.994376
vt 0.145819 0.994351
vt 0.563096 0.535423
vt 0.564119 0.534746
vt 0.564936 0.534204
vt 0.149034 0.996319
vt 0.148653 0.994332
vt 0.564855 0.538142
vt 0.565934 0.537552
vt 0.566791 0.537084
vt 0.151888 0.996296
vt 0.151605 0.994318
vt 0.566367 0.540934
vt 0.567497 0.540437
vt 0.568387 0.540046
vt 0.154829 0.996275
vt 0.154647 0.994310
vt 0.567618 0.543771
vt 0.568792 0.543373
vt 0.569708 0.543063
vt 0.157827 0.996257
vt 0.157748 0.994307
vt 0.568597 0.546621
vt 0.569809 0.546329
vt 0.570743 0.546105
vt 0.160854 0.996242
vt 0.160879 0.994309
vt 0.569298 0.549455
vt 0.570538 0.549275
vt 0.571482 0.549139
vt 0.163878 0.996230
vt 0.164009 0.994316
vt 0.569714 0.552242
vt 0.570973 0.552183
vt 0.571919 0.552138
vt 0.166871 0.996221
vt 0.167107 0.994327
vt 0.569847 0.554955
vt 0.571112 0.555022
vt 0.572051 0.555072
vt 0.169802 0.996215
vt 0.170144 0.994341
vt 0.569698 0.557566
vt 0.570955 0.557766
vt 0.571878 0.557911
vt 0.172643 0.996213
vt 0.173092 0.994358
vt 0.569274 0.560051
vt 0.570508 0.560388
vt 0.571404 0.560629
vt 0.175368 0.996215
vt 0.175921 0.994377
vt 0.568583 0.562389
vt 0.569775 0.562865
vt 0.570636 0.563202
vt 0.177951 0.996219
vt 0.178607 0.994397
vt 0.567635 0.564560
vt 0.568767 0.565175
vt 0.569581 0.565607
vt 0.180370 0.996227
vt 0.181122 0.994416
vt 0.566441 0.566551
vt 0.567493 0.567298
vt 0.568250 0.567822
vt 0.182603 0.996238
vt 0.183446 0.994434
vt 0.565012 0.568349
vt 0.565966 0.569218
vt 0.566928 0.570104
vt 0.184640 0.996252
vt 0.185555 0.994451
vt 0.563357 0.569942
vt 0.564199 0.570919
vt 0.565194 0.572041
vt 0.567670 0.570768
vt 0.565749 0.572617
vt 0.561487 0.571318
vt 0.562205 0.572386
vt 0.562949 0.573458
vt 0.563585 0.574211
vt 0.559414 0.572466
vt 0.560000 0.573608
vt 0.560417 0.574432
vt 0.014940 0.995310
vt 0.012912 0.995371
vt 0.011859 0.993532
vt 0.013998 0.993457
vt 0.557152 0.573374
vt 0.557604 0.574570
vt 0.557928 0.575440
vt 0.017231 0.995259
vt 0.016381 0.993389
vt 0.554718 0.574030
vt 0.555035 0.575262
vt 0.555266 0.576168
vt 0.019738 0.995220
vt 0.018987 0.993331
vt 0.552132 0.574424
vt 0.552318 0.575677
vt 0.552456 0.576607
vt 0.022439 0.995193
vt 0.021792 0.993284
vt 0.549419 0.574547
vt 0.549478 0.575805
vt 0.549523 0.576752
vt 0.025309 0.995178
vt 0.024769 0.993249
vt 0.546605 0.574395
vt 0.546543 0.575646
vt 0.546497 0.576599
vt 0.028320 0.995176
vt 0.027890 0.993228
vt 0.543718 0.573965
vt 0.543541 0.575198
vt 0.543406 0.576149
vt 0.031443 0.995187
vt 0.031126 0.993220
vt 0.540788 0.573258
vt 0.540503 0.574465
vt 0.540281 0.575405
vt 0.034647 0.995210
vt 0.034445 0.993227
vt 0.537847 0.572279
vt 0.537458 0.573451
vt 0.537153 0.574373
vt 0.037902 0.995246
vt 0.037815 0.993249
vt 0.534924 0.571036
vt 0.534438 0.572167
vt 0.534053 0.573064
vt 0.041174 0.995294
vt 0.041203 0.993286
vt 0.532051 0.569542
vt 0.531474 0.570624
vt 0.531011 0.571489
vt 0.044431 0.995354
vt 0.044576 0.993337
vt 0.529258 0.567809
vt 0.528594 0.568837
vt 0.528059 0.569663
vt 0.047642 0.995424
vt 0.047902 0.993403
vt 0.526573 0.565856
vt 0.525828 0.566824
vt 0.525225 0.567604
vt 0.050774 0.995506
vt 0.051147 0.993483
vt 0.524026 0.563702
vt 0.523204 0.564605
vt 0.522540 0.565335
vt 0.053795 0.995597
vt 0.054279 0.993576
vt 0.521641 0.561368
vt 0.520747 0.562201
vt 0.520028 0.562875
vt 0.056675 0.995696
vt 0.057269 0.993681
vt 0.519444 0.558880
vt 0.518483 0.559637
vt 0.517711 0.560247
vt 0.059360 0.995802
vt 0.060086 0.993797
vt 0.517456 0.556262
vt 0.516433 0.556939
vt 0.515616 0.557480
vt 0.208606 0.996274
vt 0.205901 0.996232
vt 0.205417 0.994244
vt 0.208248 0.994296
vt 0.515698 0.553543
vt 0.514618 0.554132
vt 0.513761 0.554601
vt 0.211457 0.996317
vt 0.211199 0.994351
vt 0.514186 0.550750
vt 0.513055 0.551247
vt 0.512166 0.551638
vt 0.214397 0.996359
vt 0.214239 0.994408
vt 0.512934 0.547913
vt 0.511760 0.548311
vt 0.510844 0.548621
vt 0.217394 0.996401
vt 0.217339 0.994467
vt 0.511955 0.545063
vt 0.510743 0.545355
vt 0.509809 0.545580
vt 0.220419 0.996441
vt 0.220468 0.994527
vt 0.511254 0.542230
vt 0.510015 0.542409
vt 0.509070 0.542545
vt 0.223443 0.996480
vt 0.223597 0.994586
vt 0.510838 0.539442
vt 0.509580 0.539502
vt 0.508633 0.539546
vt 0.226435 0.996517
vt 0.226694 0.994645
vt 0.510705 0.536730
vt 0.509441 0.536662
vt 0.508502 0.536613
vt 0.229366 0.996552
vt 0.229731 0.994701
vt 0.510854 0.534119
vt 0.509597 0.533918
vt 0.508674 0.533774
vt 0.232207 0.996583
vt 0.232678 0.994753
vt 0.511278 0.531633
vt 0.510045 0.531296
vt 0.509148 0.531055
vt 0.234932 0.996612
vt 0.235507 0.994801
vt 0.511969 0.529296
vt 0.510777 0.528820
vt 0.509917 0.528482
vt 0.237516 0.996638
vt 0.238193 0.994842
vt 0.512917 0.527124
vt 0.511785 0.526510
vt 0.510971 0.526078
vt 0.239935 0.996660
vt 0.240709 0.994877
vt 0.514111 0.525133
vt 0.513059 0.524387
vt 0.512302 0.523863
vt 0.242169 0.996678
vt 0.243034 0.994903
vt 0.244208 0.996693
vt 0.245144 0.994921
vt 0.248236 0.989067
vt 0.245918 0.989052
vt 0.246435 0.987982
vt 0.248793 0.987999
vt 0.246818 0.986456
vt 0.249193 0.986756
vt 0.246910 0.985108
vt 0.249310 0.985126
vt 0.243357 0.989034
vt 0.243822 0.987959
vt 0.244167 0.986434
vt 0.244258 0.985086
vt 0.240577 0.989012
vt 0.240986 0.987931
vt 0.241290 0.986408
vt 0.241379 0.985060
vt 0.237606 0.988987
vt 0.237963 0.987900
vt 0.010779 0.987442
vt 0.010211 0.986325
vt 0.009804 0.984779
vt 0.012538 0.984721
vt 0.009710 0.983426
vt 0.012454 0.983368
vt 0.008406 0.987506
vt 0.007796 0.986396
vt 0.007360 0.985133
vt 0.007253 0.983497
vt 0.566551 0.577593
vt 0.568938 0.575863
vt 0.569512 0.576464
vt 0.567082 0.578224
vt 0.569882 0.576839
vt 0.567439 0.578607
vt 0.005258 0.985784
vt 0.005107 0.983582
vt 0.571049 0.573842
vt 0.571659 0.574409
vt 0.572052 0.574763
vt 0.191579 0.986751
vt 0.189504 0.986165
vt 0.189600 0.984532
vt 0.191723 0.984552
vt 0.188575 0.988505
vt 0.186259 0.988490
vt 0.186763 0.987403
vt 0.189120 0.987420
vt 0.187126 0.985865
vt 0.187201 0.984515
vt 0.183699 0.988481
vt 0.184151 0.987390
vt 0.184476 0.985853
vt 0.184550 0.984503
vt 0.180920 0.988477
vt 0.181315 0.987379
vt 0.181601 0.985845
vt 0.181672 0.984494
vt 0.177949 0.988477
vt 0.178293 0.987374
vt 0.080320 0.988460
vt 0.079809 0.987361
vt 0.079432 0.985827
vt 0.082340 0.985767
vt 0.079328 0.984477
vt 0.082248 0.984416
vt 0.077741 0.988518
vt 0.077178 0.987427
vt 0.076763 0.985891
vt 0.076658 0.984541
vt 0.075429 0.988581
vt 0.074825 0.987495
vt 0.074377 0.985959
vt 0.074264 0.984610
vt 0.251435 0.985138
vt 0.251262 0.987334
vt 0.508500 0.516921
vt 0.510661 0.514852
vt 0.511034 0.515226
vt 0.508893 0.517275
vt 0.511614 0.515821
vt 0.509503 0.517842
vt 0.252214 0.005907
vt 0.250511 0.005894
vt 0.250526 0.003688
vt 0.252228 0.003700
vt 0.645057 0.230284
vt 0.642913 0.230212
vt 0.643025 0.229115
vt 0.645019 0.229183
vt 0.643137 0.228013
vt 0.644980 0.228075
vt 0.248629 0.005879
vt 0.248646 0.003672
vt 0.640779 0.229846
vt 0.641036 0.228774
vt 0.641295 0.227697
vt 0.246586 0.005860
vt 0.246605 0.003653
vt 0.638675 0.229189
vt 0.639069 0.228160
vt 0.639465 0.227125
vt 0.244402 0.005838
vt 0.244422 0.003631
vt 0.636623 0.228249
vt 0.637140 0.227276
vt 0.637661 0.226298
vt 0.242097 0.005813
vt 0.242119 0.003607
vt 0.634641 0.227033
vt 0.635268 0.226127
vt 0.635900 0.225217
vt 0.239695 0.005786
vt 0.239719 0.003580
vt 0.632749 0.225553
vt 0.633472 0.224721
vt 0.634199 0.223887
vt 0.237218 0.005757
vt 0.237243 0.003550
vt 0.630965 0.223825
vt 0.631769 0.223071
vt 0.632578 0.222315
vt 0.234690 0.005725
vt 0.234716 0.003519
vt 0.629307 0.221863
vt 0.630179 0.221191
vt 0.631056 0.220516
vt 0.232135 0.005692
vt 0.232163 0.003486
vt 0.627790 0.219688
vt 0.628719 0.219097
vt 0.629653 0.218504
vt 0.229579 0.005658
vt 0.229608 0.003451
vt 0.626428 0.217321
vt 0.627405 0.216810
vt 0.628386 0.216299
vt 0.227045 0.005622
vt 0.227075 0.003416
vt 0.625236 0.214783
vt 0.626251 0.214353
vt 0.627270 0.213922
vt 0.224558 0.005586
vt 0.224588 0.003380
vt 0.624225 0.212100
vt 0.625270 0.211749
vt 0.626319 0.211398
vt 0.222141 0.005550
vt 0.222173 0.003343
vt 0.623404 0.209297
vt 0.624472 0.209025
vt 0.625544 0.208753
vt 0.219820 0.005513
vt 0.219860 0.003307
vt 0.622781 0.206401
vt 0.623866 0.206207
vt 0.624954 0.206013
vt 0.060378 0.006057
vt 0.058051 0.005966
vt 0.058053 0.003762
vt 0.060370 0.003853
vt 0.622362 0.203440
vt 0.623459 0.203324
vt 0.624558 0.203208
vt 0.055586 0.005881
vt 0.055589 0.003677
vt 0.622152 0.200444
vt 0.623254 0.200405
vt 0.624359 0.200367
vt 0.053007 0.005803
vt 0.053011 0.003599
vt 0.622152 0.197440
vt 0.623254 0.197479
vt 0.624359 0.197518
vt 0.050339 0.005733
vt 0.050344 0.003529
vt 0.622362 0.194457
vt 0.623458 0.194575
vt 0.624558 0.194692
vt 0.047607 0.005672
vt 0.047613 0.003468
vt 0.622781 0.191525
vt 0.623865 0.191721
vt 0.624954 0.191918
vt 0.044837 0.005620
vt 0.044844 0.003416
vt 0.623404 0.188672
vt 0.624471 0.188948
vt 0.625542 0.189225
vt 0.042056 0.005577
vt 0.042065 0.003373
vt 0.624225 0.185924
vt 0.625267 0.186282
vt 0.626314 0.186640
vt 0.039292 0.005545
vt 0.039301 0.003341
vt 0.625237 0.183309
vt 0.626247 0.183750
vt 0.627260 0.184191
vt 0.036570 0.005523
vt 0.036581 0.003319
vt 0.626429 0.180852
vt 0.627398 0.181377
vt 0.628370 0.181903
vt 0.033917 0.005511
vt 0.033929 0.003308
vt 0.627790 0.178576
vt 0.628708 0.179186
vt 0.629629 0.179798
vt 0.031358 0.005511
vt 0.031371 0.003307
vt 0.629307 0.176503
vt 0.630162 0.177199
vt 0.631021 0.177896
vt 0.028918 0.005521
vt 0.028933 0.003317
vt 0.630965 0.174654
vt 0.631745 0.175433
vt 0.632528 0.176215
vt 0.026621 0.005542
vt 0.026637 0.003338
vt 0.632749 0.173046
vt 0.633439 0.173906
vt 0.634132 0.174769
vt 0.024488 0.005573
vt 0.024506 0.003369
vt 0.634641 0.171694
vt 0.635225 0.172629
vt 0.635813 0.173567
vt 0.022540 0.005614
vt 0.022560 0.003410
vt 0.636622 0.170612
vt 0.637087 0.171612
vt 0.637555 0.172616
vt 0.020797 0.005665
vt 0.020818 0.003461
vt 0.638675 0.169810
vt 0.639006 0.170861
vt 0.639341 0.171918
vt 0.019274 0.005725
vt 0.019310 0.003521
vt 0.640778 0.169295
vt 0.640967 0.170382
vt 0.641155 0.171473
vt 0.181595 0.005559
vt 0.180088 0.005544
vt 0.180074 0.003338
vt 0.181566 0.003352
vt 0.642912 0.169073
vt 0.642951 0.170175
vt 0.642990 0.171282
vt 0.178386 0.005532
vt 0.178373 0.003326
vt 0.645057 0.169145
vt 0.644945 0.170242
vt 0.644832 0.171344
vt 0.176505 0.005523
vt 0.176494 0.003317
vt 0.647191 0.169512
vt 0.646934 0.170583
vt 0.646674 0.171661
vt 0.174462 0.005517
vt 0.174453 0.003311
vt 0.649294 0.170168
vt 0.648901 0.171198
vt 0.648504 0.172232
vt 0.172279 0.005514
vt 0.172271 0.003307
vt 0.651347 0.171109
vt 0.650829 0.172082
vt 0.650308 0.173059
vt 0.169974 0.005513
vt 0.169969 0.003307
vt 0.653329 0.172325
vt 0.652701 0.173231
vt 0.652070 0.174140
vt 0.167572 0.005516
vt 0.167568 0.003309
vt 0.655221 0.173804
vt 0.654497 0.174636
vt 0.653771 0.175471
vt 0.165095 0.005521
vt 0.165092 0.003314
vt 0.657004 0.175533
vt 0.656200 0.176286
vt 0.655392 0.177042
vt 0.162566 0.005529
vt 0.162564 0.003322
vt 0.658663 0.177494
vt 0.657790 0.178167
vt 0.656913 0.178842
vt 0.160011 0.005539
vt 0.160010 0.003333
vt 0.660180 0.179669
vt 0.659250 0.180261
vt 0.658316 0.180854
vt 0.157453 0.005553
vt 0.157454 0.003346
vt 0.661541 0.182037
vt 0.660564 0.182547
vt 0.659584 0.183059
vt 0.154918 0.005569
vt 0.154920 0.003362
vt 0.662733 0.184575
vt 0.661718 0.185005
vt 0.660700 0.185435
vt 0.152429 0.005587
vt 0.152432 0.003380
vt 0.663744 0.187258
vt 0.662700 0.187608
vt 0.661651 0.187959
vt 0.150011 0.005607
vt 0.150015 0.003401
vt 0.664566 0.190061
vt 0.663498 0.190333
vt 0.662426 0.190605
vt 0.147688 0.005629
vt 0.147693 0.003423
vt 0.665188 0.192957
vt 0.664103 0.193150
vt 0.663015 0.193344
vt 0.145481 0.005653
vt 0.145494 0.003447
vt 0.665607 0.195917
vt 0.664511 0.196033
vt 0.663412 0.196149
vt 0.110520 0.005557
vt 0.108283 0.005538
vt 0.108250 0.003333
vt 0.110479 0.003352
vt 0.665817 0.198914
vt 0.664716 0.198952
vt 0.663611 0.198991
vt 0.105911 0.005525
vt 0.105879 0.003319
vt 0.665817 0.201918
vt 0.664716 0.201879
vt 0.663611 0.201840
vt 0.103426 0.005516
vt 0.103396 0.003310
vt 0.665607 0.204900
vt 0.664511 0.204783
vt 0.663412 0.204666
vt 0.100854 0.005512
vt 0.100824 0.003307
vt 0.665188 0.207832
vt 0.664104 0.207636
vt 0.663016 0.207440
vt 0.098218 0.005514
vt 0.098189 0.003309
vt 0.664565 0.210686
vt 0.663499 0.210409
vt 0.662428 0.210133
vt 0.095544 0.005522
vt 0.095516 0.003316
vt 0.663744 0.213433
vt 0.662702 0.213076
vt 0.661656 0.212717
vt 0.092858 0.005534
vt 0.092831 0.003328
vt 0.662733 0.216048
vt 0.661723 0.215608
vt 0.660709 0.215166
vt 0.090185 0.005552
vt 0.090160 0.003346
vt 0.661541 0.218506
vt 0.660572 0.217981
vt 0.659599 0.217454
vt 0.087552 0.005574
vt 0.087528 0.003368
vt 0.660180 0.220782
vt 0.659262 0.220171
vt 0.658340 0.219560
vt 0.084983 0.005601
vt 0.084961 0.003396
vt 0.658663 0.222854
vt 0.657807 0.222159
vt 0.656948 0.221461
vt 0.082504 0.005633
vt 0.082483 0.003427
vt 0.657004 0.224703
vt 0.656225 0.223924
vt 0.655441 0.223142
vt 0.080138 0.005669
vt 0.080119 0.003463
vt 0.655221 0.226312
vt 0.654531 0.225452
vt 0.653838 0.224588
vt 0.077908 0.005709
vt 0.077891 0.003503
vt 0.653329 0.227663
vt 0.652744 0.226729
vt 0.652156 0.225790
vt 0.075836 0.005752
vt 0.075820 0.003546
vt 0.651347 0.228745
vt 0.650882 0.227746
vt 0.650414 0.226742
vt 0.073941 0.005798
vt 0.073927 0.003592
vt 0.649295 0.229547
vt 0.648963 0.228496
vt 0.648629 0.227440
vt 0.072243 0.005847
vt 0.072244 0.003640
vt 0.647191 0.230062
vt 0.647003 0.228976
vt 0.646814 0.227884
vt 0.253721 0.003709
vt 0.253722 0.005916
s 1
usemtl 03_|_pale_ash_straight_grain
f 1/1/1 2/2/2 53/3/3 52/4/4
f 2/2/2 3/5/5 54/6/6 53/3/3
f 3/5/5 4/7/7 55/8/8 54/6/6
f 4/7/7 5/9/9 56/10/10 55/8/8
f 5/9/9 6/11/11 57/12/12 56/10/10
f 6/11/11 7/13/13 58/14/14 57/12/12
f 7/13/13 8/15/15 59/16/16 58/14/14
f 8/15/15 9/17/17 60/18/18 59/16/16
f 9/17/17 10/19/19 61/20/20 60/18/18
f 10/21/19 11/22/21 62/23/22 61/24/20
f 11/22/21 12/25/23 63/26/24 62/23/22
f 12/25/23 13/27/25 64/28/26 63/26/24
f 13/27/25 14/29/27 65/30/28 64/28/26
f 14/29/27 15/31/29 66/32/30 65/30/28
f 15/31/29 16/33/31 67/34/32 66/32/30
f 16/33/31 17/35/33 68/36/34 67/34/32
f 17/35/33 18/37/35 69/38/36 68/36/34
f 18/37/35 19/39/37 70/40/38 69/38/36
f 19/39/37 20/41/39 71/42/40 70/40/38
f 20/41/39 21/43/41 72/44/42 71/42/40
f 21/43/41 22/45/43 73/46/44 72/44/42
f 22/45/43 23/47/45 74/48/46 73/46/44
f 24/49/47 25/50/48 85/51/49 84/52/50
f 25/50/48 26/53/51 86/54/52 85/51/49
f 26/53/51 27/55/53 87/56/54 86/54/52
f 27/55/53 28/57/55 88/58/56 87/56/54
f 28/57/55 29/59/57 89/60/58 88/58/56
f 29/59/57 30/61/59 90/62/60 89/60/58
f 30/61/59 31/63/61 91/64/62 90/62/60
f 31/63/61 32/65/63 92/66/64 91/64/62
f 32/65/63 33/67/65 93/68/66 92/66/64
f 33/67/65 34/69/67 94/70/68 93/68/66
f 34/71/67 35/72/69 95/73/70 94/74/68
f 35/72/69 36/75/71 96/76/72 95/73/70
f 36/75/71 37/77/73 97/78/74 96/76/72
f 37/77/73 38/79/75 98/80/76 97/78/74
f 38/79/75 39/81/77 99/82/78 98/80/76
f 39/81/77 40/83/79 100/84/80 99/82/78
f 40/83/79 41/85/81 101/86/82 100/84/80
f 41/85/81 42/87/83 102/88/84 101/86/82
f 42/87/83 43/89/85 103/90/86 102/88/84
f 43/89/85 44/91/87 104/92/88 103/90/86
f 44/91/87 45/93/89 105/94/90 104/92/88
f 45/93/89 46/95/91 106/96/92 105/94/90
f 47/97/93 48/98/94 112/99/95 111/100/96
f 48/98/94 49/101/97 113/102/98 112/99/95
f 49/101/97 50/103/99 114/104/100 113/102/98
f 50/103/99 51/105/101 115/106/102 114/104/100
f 51/105/101 52/4/4 116/107/103 115/106/102
f 52/4/4 53/3/3 117/108/104 116/107/103
f 53/3/3 54/6/6 118/109/105 117/108/104
f 54/6/6 55/8/8 119/110/106 118/109/105
f 55/8/8 56/10/10 120/111/107 119/110/106
f 56/10/10 57/12/12 121/112/108 120/111/107
f 57/12/12 58/14/14 122/113/109 121/112/108
f 58/14/14 59/16/16 123/114/110 122/113/109
f 59/16/16 60/18/18 124/115/111 123/114/110
f 60/18/18 61/20/20 125/116/112 124/115/111
f 61/24/20 62/23/22 126/117/113 125/118/112
f 62/23/22 63/26/24 127/119/114 126/117/113
f 63/26/24 64/28/26 128/120/115 127/119/114
f 64/28/26 65/30/28 129/121/116 128/120/115
f 65/30/28 66/32/30 130/122/117 129/121/116
f 66/32/30 67/34/32 131/123/118 130/122/117
f 67/34/32 68/36/34 132/124/119 131/123/118
f 68/36/34 69/38/36 133/125/120 132/124/119
f 69/38/36 70/40/38 134/126/121 133/125/120
f 70/40/38 71/42/40 135/127/122 134/126/121
f 71/42/40 72/44/42 136/128/123 135/127/122
f 72/44/42 73/46/44 137/129/124 136/128/123
f 73/46/44 74/48/46 138/130/125 137/129/124
f 74/48/46 75/131/126 139/132/127 138/130/125
f 75/131/126 76/133/128 140/134/129 139/132/127
f 76/133/128 77/135/130 141/136/131 140/134/129
f 77/135/130 78/137/132 142/138/133 141/136/131
f 78/139/132 79/140/134 143/141/135 142/142/133
f 79/140/134 80/143/136 144/144/137 143/141/135
f 80/143/136 81/145/138 145/146/139 144/144/137
f 81/145/138 82/147/140 146/148/141 145/146/139
f 82/147/140 83/149/142 147/150/143 146/148/141
f 83/149/142 84/52/50 148/151/144 147/150/143
f 84/52/50 85/51/49 149/152/145 148/151/144
f 85/51/49 86/54/52 150/153/146 149/152/145
f 86/54/52 87/56/54 151/154/147 150/153/146
f 87/56/54 88/58/56 152/155/148 151/154/147
f 88/58/56 89/60/58 153/156/149 152/155/148
f 89/60/58 90/62/60 154/157/150 153/156/149
f 90/62/60 91/64/62 155/158/151 154/157/150
f 91/64/62 92/66/64 156/159/152 155/158/151
f 92/66/64 93/68/66 157/160/153 156/159/152
f 93/68/66 94/70/68 158/161/154 157/160/153
f 94/74/68 95/73/70 159/162/155 158/163/154
f 95/73/70 96/76/72 160/164/156 159/162/155
f 96/76/72 97/78/74 161/165/157 160/164/156
f 97/78/74 98/80/76 162/166/158 161/165/157
f 98/80/76 99/82/78 163/167/159 162/166/158
f 99/82/78 100/84/80 164/168/160 163/167/159
f 100/84/80 101/86/82 165/169/161 164/168/160
f 101/86/82 102/88/84 166/170/162 165/169/161
f 102/88/84 103/90/86 167/171/163 166/170/162
f 103/90/86 104/92/88 168/172/164 167/171/163
f 104/92/88 105/94/90 169/173/165 168/172/164
f 105/94/90 106/96/92 170/174/166 169/173/165
f 106/96/92 107/175/167 171/176/168 170/174/166
f 107/175/167 108/177/169 172/178/170 171/176/168
f 108/177/169 109/179/171 173/180/172 172/178/170
f 109/179/171 110/181/173 174/182/174 173/180/172
f 110/183/173 47/97/93 111/100/96 174/184/174
f 111/100/96 112/99/95 176/185/175 175/186/176
f 112/99/95 113/102/98 177/187/177 176/185/175
f 113/102/98 114/104/100 178/188/178 177/187/177
f 114/104/100 115/106/102 179/189/179 178/188/178
f 115/106/102 116/107/103 180/190/180 179/189/179
f 116/107/103 117/108/104 181/191/181 180/190/180
f 117/108/104 118/109/105 182/192/182 181/191/181
f 118/109/105 119/110/106 183/193/183 182/192/182
f 119/110/106 120/111/107 184/194/184 183/193/183
f 120/111/107 121/112/108 185/195/185 184/194/184
f 121/112/108 122/113/109 186/196/186 185/195/185
f 122/113/109 123/114/110 187/197/187 186/196/186
f 123/114/110 124/115/111 188/198/188 187/197/187
f 124/115/111 125/116/112 189/199/189 188/198/188
f 125/118/112 126/117/113 190/200/190 189/201/189
f 126/117/113 127/119/114 191/202/191 190/200/190
f 127/119/114 128/120/115 192/203/192 191/202/191
f 128/120/115 129/121/116 193/204/193 192/203/192
f 129/121/116 130/122/117 194/205/194 193/204/193
f 130/122/117 131/123/118 195/206/195 194/205/194
f 131/123/118 132/124/119 196/207/196 195/206/195
f 132/124/119 133/125/120 197/208/197 196/207/196
f 133/125/120 134/126/121 198/209/198 197/208/197
f 134/126/121 135/127/122 199/210/199 198/209/198
f 135/127/122 136/128/123 200/211/200 199/210/199
f 136/128/123 137/129/124 201/212/201 200/211/200
f 137/129/124 138/130/125 202/213/202 201/212/201
f 138/130/125 139/132/127 203/214/203 202/213/202
f 139/132/127 140/134/129 204/215/204 203/214/203
f 140/134/129 141/136/131 205/216/205 204/215/204
f 141/136/131 142/138/133 206/217/206 205/216/205
f 142/142/133 143/141/135 207/218/207 206/219/206
f 143/141/135 144/144/137 208/220/208 207/218/207
f 144/144/137 145/146/139 209/221/209 208/220/208
f 145/146/139 146/148/141 210/222/210 209/221/209
f 146/148/141 147/150/143 211/223/211 210/222/210
f 147/150/143 148/151/144 212/224/212 211/223/211
f 148/151/144 149/152/145 213/225/213 212/224/212
f 149/152/145 150/153/146 214/226/214 213/225/213
f 150/153/146 151/154/147 215/227/215 214/226/214
f 151/154/147 152/155/148 216/228/216 215/227/215
f 152/155/148 153/156/149 217/229/217 216/228/216
f 153/156/149 154/157/150 218/230/218 217/229/217
f 154/157/150 155/158/151 219/231/219 218/230/218
f 155/158/151 156/159/152 220/232/220 219/231/219
f 156/159/152 157/160/153 221/233/221 220/232/220
f 157/160/153 158/161/154 222/234/222 221/233/221
f 158/163/154 159/162/155 223/235/223 222/236/222
f 159/162/155 160/164/156 224/237/224 223/235/223
f 160/164/156 161/165/157 225/238/225 224/237/224
f 161/165/157 162/166/158 226/239/226 225/238/225
f 162/166/158 163/167/159 227/240/227 226/239/226
f 163/167/159 164/168/160 228/241/228 227/240/227
f 164/168/160 165/169/161 229/242/229 228/241/228
f 165/169/161 166/170/162 230/243/230 229/242/229
f 166/170/162 167/171/163 231/244/231 230/243/230
f 167/171/163 168/172/164 232/245/232 231/244/231
f 168/172/164 169/173/165 233/246/233 232/245/232
f 169/173/165 170/174/166 234/247/234 233/246/233
f 170/174/166 171/176/168 235/248/235 234/247/234
f 171/176/168 172/178/170 236/249/236 235/248/235
f 172/178/170 173/180/172 237/250/237 236/249/236
f 173/180/172 174/182/174 238/251/238 237/250/237
f 174/184/174 111/100/96 175/186/176 238/252/238
f 175/186/176 176/185/175 240/253/239 239/254/240
f 176/185/175 177/187/177 241/255/241 240/253/239
f 177/187/177 178/188/178 242/256/242 241/255/241
f 178/188/178 179/189/179 243/257/243 242/256/242
f 179/189/179 180/190/180 244/258/244 243/257/243
f 180/190/180 181/191/181 245/259/245 244/258/244
f 181/191/181 182/192/182 246/260/246 245/259/245
f 182/192/182 183/193/183 247/261/247 246/260/246
f 183/193/183 184/194/184 248/262/248 247/261/247
f 184/194/184 185/195/185 249/263/249 248/262/248
f 185/195/185 186/196/186 250/264/250 249/263/249
f 186/196/186 187/197/187 251/265/251 250/264/250
f 187/197/187 188/198/188 252/266/252 251/265/251
f 188/198/188 189/199/189 253/267/253 252/266/252
f 189/201/189 190/200/190 254/268/254 253/269/253
f 190/200/190 191/202/191 255/270/255 254/268/254
f 191/202/191 192/203/192 256/271/256 255/270/255
f 192/203/192 193/204/193 257/272/257 256/271/256
f 193/204/193 194/205/194 258/273/258 257/272/257
f 194/205/194 195/206/195 259/274/259 258/273/258
f 195/206/195 196/207/196 260/275/260 259/274/259
f 196/207/196 197/208/197 261/276/261 260/275/260
f 197/208/197 198/209/198 262/277/262 261/276/261
f 198/209/198 199/210/199 263/278/263 262/277/262
f 199/210/199 200/211/200 264/279/264 263/278/263
f 200/211/200 201/212/201 265/280/265 264/279/264
f 201/212/201 202/213/202 266/281/266 265/280/265
f 202/213/202 203/214/203 267/282/267 266/281/266
f 203/214/203 204/215/204 268/283/268 267/282/267
f 204/215/204 205/216/205 269/284/269 268/283/268
f 205/216/205 206/217/206 270/285/270 269/284/269
f 206/219/206 207/218/207 271/286/271 270/287/270
f 207/218/207 208/220/208 272/288/272 271/286/271
f 208/220/208 209/221/209 273/289/273 272/288/272
f 209/221/209 210/222/210 274/290/274 273/289/273
f 210/222/210 211/223/211 275/291/275 274/290/274
f 211/223/211 212/224/212 276/292/276 275/291/275
f 212/224/212 213/225/213 277/293/277 276/292/276
f 213/225/213 214/226/214 278/294/278 277/293/277
f 214/226/214 215/227/215 279/295/279 278/294/278
f 215/227/215 216/228/216 280/296/280 279/295/279
f 216/228/216 217/229/217 281/297/281 280/296/280
f 217/229/217 218/230/218 282/298/282 281/297/281
f 218/230/218 219/231/219 283/299/283 282/298/282
f 219/231/219 220/232/220 284/300/284 283/299/283
f 220/232/220 221/233/221 285/301/285 284/300/284
f 221/233/221 222/234/222 286/302/286 285/301/285
f 222/236/222 223/235/223 287/303/287 286/304/286
f 223/235/223 224/237/224 288/305/288 287/303/287
f 224/237/224 225/238/225 289/306/289 288/305/288
f 225/238/225 226/239/226 290/307/290 289/306/289
f 226/239/226 227/240/227 291/308/291 290/307/290
f 227/240/227 228/241/228 292/309/292 291/308/291
f 228/241/228 229/242/229 293/310/293 292/309/292
f 229/242/229 230/243/230 294/311/294 293/310/293
f 230/243/230 231/244/231 295/312/295 294/311/294
f 231/244/231 232/245/232 296/313/296 295/312/295
f 232/245/232 233/246/233 297/314/297 296/313/296
f 233/246/233 234/247/234 298/315/298 297/314/297
f 234/247/234 235/248/235 299/316/299 298/315/298
f 235/248/235 236/249/236 300/317/300 299/316/299
f 236/249/236 237/250/237 301/318/301 300/317/300
f 237/250/237 238/251/238 302/319/302 301/318/301
f 238/252/238 175/186/176 239/254/240 302/320/302
f 239/254/240 240/253/239 304/321/303 303/322/304
f 240/253/239 241/255/241 305/323/305 304/321/303
f 241/255/241 242/256/242 306/324/306 305/323/305
f 242/256/242 243/257/243 307/325/307 306/324/306
f 243/257/243 244/258/244 308/326/308 307/325/307
f 244/258/244 245/259/245 309/327/309 308/326/308
f 245/259/245 246/260/246 310/328/310 309/327/309
f 246/260/246 247/261/247 311/329/311 310/328/310
f 247/261/247 248/262/248 312/330/312 311/329/311
f 248/262/248 249/263/249 313/331/313 312/330/312
f 249/263/249 250/264/250 314/332/314 313/331/313
f 250/264/250 251/265/251 315/333/315 314/332/314
f 251/265/251 252/266/252 316/334/316 315/333/315
f 252/266/252 253/267/253 317/335/317 316/334/316
f 253/269/253 254/268/254 318/336/318 317/337/317
f 254/268/254 255/270/255 319/338/319 318/336/318
f 255/270/255 256/271/256 320/339/320 319/338/319
f 256/271/256 257/272/257 321/340/321 320/339/320
f 257/272/257 258/273/258 322/341/322 321/340/321
f 258/273/258 259/274/259 323/342/323 322/341/322
f 259/274/259 260/275/260 324/343/324 323/342/323
f 260/275/260 261/276/261 325/344/325 324/343/324
f 261/276/261 262/277/262 326/345/326 325/344/325
f 262/277/262 263/278/263 327/346/327 326/345/326
f 263/278/263 264/279/264 328/347/328 327/346/327
f 264/279/264 265/280/265 329/348/329 328/347/328
f 265/280/265 266/281/266 330/349/330 329/348/329
f 266/281/266 267/282/267 331/350/331 330/349/330
f 267/282/267 268/283/268 332/351/332 331/350/331
f 268/283/268 269/284/269 333/352/333 332/351/332
f 269/284/269 270/285/270 334/353/334 333/352/333
f 270/287/270 271/286/271 335/354/335 334/355/334
f 271/286/271 272/288/272 336/356/336 335/354/335
f 272/288/272 273/289/273 337/357/337 336/356/336
f 273/289/273 274/290/274 338/358/338 337/357/337
f 274/290/274 275/291/275 339/359/339 338/358/338
f 275/291/275 276/292/276 340/360/340 339/359/339
f 276/292/276 277/293/277 341/361/341 340/360/340
f 277/293/277 278/294/278 342/362/342 341/361/341
f 278/294/278 279/295/279 343/363/343 342/362/342
f 279/295/279 280/296/280 344/364/344 343/363/343
f 280/296/280 281/297/281 345/365/345 344/364/344
f 281/297/281 282/298/282 346/366/346 345/365/345
f 282/298/282 283/299/283 347/367/347 346/366/346
f 283/299/283 284/300/284 348/368/348 347/367/347
f 284/300/284 285/301/285 349/369/349 348/368/348
f 285/301/285 286/302/286 350/370/350 349/369/349
f 286/304/286 287/303/287 351/371/351 350/372/350
f 287/303/287 288/305/288 352/373/352 351/371/351
f 288/305/288 289/306/289 353/374/353 352/373/352
f 289/306/289 290/307/290 354/375/354 353/374/353
f 290/307/290 291/308/291 355/376/355 354/375/354
f 291/308/291 292/309/292 356/377/356 355/376/355
f 292/309/292 293/310/293 357/378/357 356/377/356
f 293/310/293 294/311/294 358/379/358 357/378/357
f 294/311/294 295/312/295 359/380/359 358/379/358
f 295/312/295 296/313/296 360/381/360 359/380/359
f 296/313/296 297/314/297 361/382/361 360/381/360
f 297/314/297 298/315/298 362/383/362 361/382/361
f 298/315/298 299/316/299 363/384/363 362/383/362
f 299/316/299 300/317/300 364/385/364 363/384/363
f 300/317/300 301/318/301 365/386/365 364/385/364
f 301/318/301 302/319/302 366/387/366 365/386/365
f 302/320/302 239/254/240 303/322/304 366/388/366
f 303/322/304 304/321/303 368/389/367 367/390/368
f 304/321/303 305/323/305 369/391/369 368/389/367
f 305/323/305 306/324/306 370/392/370 369/391/369
f 306/324/306 307/325/307 371/393/371 370/392/370
f 307/325/307 308/326/308 372/394/372 371/393/371
f 308/326/308 309/327/309 373/395/373 372/394/372
f 309/327/309 310/328/310 374/396/374 373/395/373
f 310/328/310 311/329/311 375/397/375 374/396/374
f 311/329/311 312/330/312 376/398/376 375/397/375
f 312/330/312 313/331/313 377/399/377 376/398/376
f 313/331/313 314/332/314 378/400/378 377/399/377
f 314/332/314 315/333/315 379/401/379 378/400/378
f 315/333/315 316/334/316 380/402/380 379/401/379
f 316/334/316 317/335/317 381/403/381 380/402/380
f 317/337/317 318/336/318 382/404/382 381/405/381
f 318/336/318 319/338/319 383/406/383 382/404/382
f 319/338/319 320/339/320 384/407/384 383/406/383
f 320/339/320 321/340/321 385/408/385 384/407/384
f 321/340/321 322/341/322 386/409/386 385/408/385
f 322/341/322 323/342/323 387/410/387 386/409/386
f 323/342/323 324/343/324 388/411/388 387/410/387
f 324/343/324 325/344/325 389/412/389 388/411/388
f 325/344/325 326/345/326 390/413/390 389/412/389
f 326/345/326 327/346/327 391/414/391 390/413/390
f 327/346/327 328/347/328 392/415/392 391/414/391
f 328/347/328 329/348/329 393/416/393 392/415/392
f 329/348/329 330/349/330 394/417/394 393/416/393
f 330/349/330 331/350/331 395/418/395 394/417/394
f 331/350/331 332/351/332 396/419/396 395/418/395
f 332/351/332 333/352/333 397/420/397 396/419/396
f 333/352/333 334/353/334 398/421/398 397/420/397
f 334/355/334 335/354/335 399/422/399 398/423/398
f 335/354/335 336/356/336 400/424/400 399/422/399
f 336/356/336 337/357/337 401/425/401 400/424/400
f 337/357/337 338/358/338 402/426/402 401/425/401
f 338/358/338 339/359/339 403/427/403 402/426/402
f 339/359/339 340/360/340 404/428/404 403/427/403
f 340/360/340 341/361/341 405/429/405 404/428/404
f 341/361/341 342/362/342 406/430/406 405/429/405
f 342/362/342 343/363/343 407/431/407 406/430/406
f 343/363/343 344/364/344 408/432/408 407/431/407
f 344/364/344 345/365/345 409/433/409 408/432/408
f 345/365/345 346/366/346 410/434/410 409/433/409
f 346/366/346 347/367/347 411/435/411 410/434/410
f 347/367/347 348/368/348 412/436/412 411/435/411
f 348/368/348 349/369/349 413/437/413 412/436/412
f 349/369/349 350/370/350 414/438/414 413/437/413
f 350/372/350 351/371/351 415/439/415 414/440/414
f 351/371/351 352/373/352 416/441/416 415/439/415
f 352/373/352 353/374/353 417/442/417 416/441/416
f 353/374/353 354/375/354 418/443/418 417/442/417
f 354/375/354 355/376/355 419/444/419 418/443/418
f 355/376/355 356/377/356 420/445/420 419/444/419
f 356/377/356 357/378/357 421/446/421 420/445/420
f 357/378/357 358/379/358 422/447/422 421/446/421
f 358/379/358 359/380/359 423/448/423 422/447/422
f 359/380/359 360/381/360 424/449/424 423/448/423
f 360/381/360 361/382/361 425/450/425 424/449/424
f 361/382/361 362/383/362 426/451/426 425/450/425
f 362/383/362 363/384/363 427/452/427 426/451/426
f 363/384/363 364/385/364 428/453/428 427/452/427
f 364/385/364 365/386/365 429/454/429 428/453/428
f 365/386/365 366/387/366 430/455/430 429/454/429
f 366/388/366 303/322/304 367/390/368 430/456/430
f 703/457/431 706/458/432 705/459/433
f 706/458/432 707/460/434 705/461/433
f 707/460/434 704/462/435 705/461/433
f 708/463/436 711/464/437 710/465/438
f 711/464/437 712/466/439 710/467/438
f 712/466/439 709/468/440 710/467/438
f 741/469/441 744/470/442 743/471/443
f 744/470/442 745/472/444 743/473/443
f 745/472/444 742/474/445 743/473/443
f 746/475/446 749/476/447 748/477/448
f 749/476/447 750/478/449 748/479/448
f 750/478/449 747/480/450 748/479/448
f 432/481/451 683/482/452 685/483/453 434/484/454
f 434/484/454 685/483/453 686/485/455 433/486/455
s 0
f 433/486/456 686/485/456 684/487/456 431/488/456
f 680/489/457 684/487/457 686/485/457 682/490/457
f 682/490/458 686/485/458 685/483/458 681/491/458
s 1
f 681/492/459 685/493/453 683/494/452 679/495/460
s 0
f 676/496/461 680/489/461 682/490/461 678/497/461
f 678/497/462 682/490/462 681/491/462 677/498/462
s 1
f 677/499/463 681/492/459 679/495/460 675/500/464
s 0
f 672/501/465 676/496/465 678/497/465 674/502/465
f 674/502/466 678/497/466 677/498/466 673/503/466
s 1
f 673/504/467 677/499/463 675/500/464 671/505/468
s 0
f 668/506/469 672/501/469 674/502/469 670/507/469
f 670/507/470 674/502/470 673/503/470 669/508/470
s 1
f 669/509/471 673/504/467 671/505/468 667/510/472
s 0
f 664/511/473 668/506/473 670/507/473 666/512/473
f 666/512/474 670/507/474 669/508/474 665/513/474
s 1
f 665/514/475 669/509/471 667/510/472 663/515/476
s 0
f 660/516/477 664/511/477 666/512/477 662/517/477
f 662/517/478 666/512/478 665/513/478 661/518/478
s 1
f 661/519/479 665/514/475 663/515/476 659/520/480
s 0
f 656/521/481 660/516/481 662/517/481 658/522/481
f 658/522/482 662/517/482 661/518/482 657/523/482
s 1
f 657/524/483 661/519/479 659/520/480 655/525/484
s 0
f 652/526/485 656/521/485 658/522/485 654/527/485
f 654/527/486 658/522/486 657/523/486 653/528/486
s 1
f 653/529/487 657/524/483 655/525/484 651/530/488
s 0
f 648/531/489 652/526/489 654/527/489 650/532/489
f 650/532/490 654/527/490 653/528/490 649/533/490
s 1
f 649/534/491 653/529/487 651/530/488 647/535/492
s 0
f 644/536/493 648/531/493 650/532/493 646/537/493
f 646/537/494 650/532/494 649/533/494 645/538/494
s 1
f 645/539/495 649/534/491 647/535/492 643/540/496
s 0
f 640/541/497 644/536/497 646/537/497 642/542/497
f 642/542/498 646/537/498 645/538/498 641/543/498
s 1
f 641/544/499 645/539/495 643/540/496 639/545/500
s 0
f 636/546/501 640/541/501 642/542/501 638/547/501
f 638/547/502 642/542/502 641/543/502 637/548/502
s 1
f 637/549/503 641/544/499 639/545/500 635/550/504
s 0
f 632/551/505 636/546/505 638/547/505 634/552/505
f 634/552/506 638/547/506 637/548/506 633/553/506
s 1
f 633/554/507 637/549/503 635/550/504 631/555/508
s 0
f 628/556/509 632/551/509 634/552/509 630/557/509
f 630/557/510 634/552/510 633/553/510 629/558/510
s 1
f 629/559/511 633/554/507 631/555/508 627/560/512
s 0
f 624/561/513 628/556/513 630/557/513 626/562/513
f 626/562/514 630/557/514 629/558/514 625/563/514
s 1
f 625/564/515 629/559/511 627/560/512 623/565/516
s 0
f 620/566/517 624/561/517 626/562/517 622/567/517
f 622/567/518 626/562/518 625/563/518 621/568/518
s 1
f 621/569/519 625/564/515 623/565/516 619/570/520
s 0
f 616/571/521 620/566/521 622/567/521 618/572/521
f 618/572/522 622/567/522 621/568/522 617/573/522
s 1
f 617/574/523 621/575/519 619/576/520 615/577/524
s 0
f 612/578/525 616/571/525 618/572/525 614/579/525
f 614/579/526 618/572/526 617/573/526 613/580/526
s 1
f 613/581/527 617/574/523 615/577/524 611/582/528
s 0
f 608/583/529 612/578/529 614/579/529 610/584/529
f 610/584/530 614/579/530 613/580/530 609/585/530
s 1
f 609/586/531 613/581/527 611/582/528 607/587/532
s 0
f 604/588/533 608/583/533 610/584/533 606/589/533
f 606/589/534 610/584/534 609/585/534 605/590/534
s 1
f 605/591/535 609/586/531 607/587/532 603/592/536
s 0
f 600/593/537 604/588/537 606/589/537 602/594/537
f 602/594/538 606/589/538 605/590/538 601/595/538
s 1
f 601/596/539 605/591/535 603/592/536 599/597/540
s 0
f 596/598/541 600/593/541 602/594/541 598/599/541
f 598/599/542 602/594/542 601/595/542 597/600/542
s 1
f 597/601/543 601/596/539 599/597/540 595/602/544
s 0
f 592/603/545 596/598/545 598/599/545 594/604/545
f 594/604/546 598/599/546 597/600/546 593/605/546
s 1
f 593/606/547 597/601/543 595/602/544 591/607/548
s 0
f 588/608/549 592/603/549 594/604/549 590/609/549
f 590/609/550 594/604/550 593/605/550 589/610/550
s 1
f 589/611/551 593/606/547 591/607/548 587/612/552
s 0
f 584/613/553 588/608/553 590/609/553 586/614/553
f 586/614/554 590/609/554 589/610/554 585/615/554
s 1
f 585/616/555 589/611/551 587/612/552 583/617/556
s 0
f 580/618/557 584/613/557 586/614/557 582/619/557
f 582/619/558 586/614/558 585/615/558 581/620/558
s 1
f 581/621/559 585/616/555 583/617/556 579/622/560
s 0
f 576/623/561 580/618/561 582/619/561 578/624/561
f 578/624/562 582/619/562 581/620/562 577/625/562
s 1
f 577/626/563 581/621/559 579/622/560 575/627/564
s 0
f 572/628/565 576/623/565 578/624/565 574/629/565
f 574/629/566 578/624/566 577/625/566 573/630/566
s 1
f 573/631/567 577/626/563 575/627/564 571/632/568
s 0
f 568/633/569 572/628/569 574/629/569 570/634/569
f 570/634/570 574/629/570 573/630/570 569/635/570
s 1
f 569/636/571 573/631/567 571/632/568 567/637/572
s 0
f 564/638/573 568/633/573 570/634/573 566/639/573
f 566/639/574 570/634/574 569/635/574 565/640/574
s 1
f 565/641/575 569/636/571 567/637/572 563/642/576
s 0
f 560/643/577 564/638/577 566/639/577 562/644/577
f 562/644/578 566/639/578 565/640/578 561/645/578
s 1
f 561/646/579 565/641/575 563/642/576 559/647/580
s 0
f 556/648/581 560/643/581 562/644/581 558/649/581
f 558/649/582 562/644/582 561/645/582 557/650/582
s 1
f 557/650/583 561/645/579 559/651/580 555/652/584
s 0
f 552/653/585 556/648/585 558/649/585 554/654/585
f 554/654/586 558/649/586 557/650/586 553/655/586
s 1
f 553/655/587 557/650/583 555/652/584 551/656/588
s 0
f 548/657/589 552/653/589 554/654/589 550/658/589
f 550/658/590 554/654/590 553/655/590 549/659/590
s 1
f 549/660/591 553/661/587 551/662/588 547/663/592
s 0
f 544/664/593 548/657/593 550/658/593 546/665/593
f 546/665/594 550/658/594 549/659/594 545/666/594
s 1
f 545/667/595 549/660/591 547/663/592 543/668/596
s 0
f 540/669/597 544/664/597 546/665/597 542/670/597
f 542/670/598 546/665/598 545/666/598 541/671/598
s 1
f 541/672/599 545/667/595 543/668/596 539/673/600
s 0
f 536/674/601 540/669/601 542/670/601 538/675/601
f 538/675/602 542/670/602 541/671/602 537/676/602
s 1
f 537/677/603 541/672/599 539/673/600 535/678/604
s 0
f 532/679/605 536/674/605 538/675/605 534/680/605
f 534/680/606 538/675/606 537/676/606 533/681/606
s 1
f 533/682/607 537/677/603 535/678/604 531/683/608
s 0
f 528/684/609 532/679/609 534/680/609 530/685/609
f 530/685/610 534/680/610 533/681/610 529/686/610
s 1
f 529/687/611 533/682/607 531/683/608 527/688/612
s 0
f 524/689/613 528/684/613 530/685/613 526/690/613
f 526/690/614 530/685/614 529/686/614 525/691/614
s 1
f 525/692/615 529/687/611 527/688/612 523/693/616
s 0
f 520/694/617 524/689/617 526/690/617 522/695/617
f 522/695/618 526/690/618 525/691/618 521/696/618
s 1
f 521/697/619 525/692/615 523/693/616 519/698/620
s 0
f 516/699/621 520/694/621 522/695/621 518/700/621
f 518/700/622 522/695/622 521/696/622 517/701/622
s 1
f 517/702/623 521/697/619 519/698/620 515/703/624
s 0
f 512/704/625 516/699/625 518/700/625 514/705/625
f 514/705/626 518/700/626 517/701/626 513/706/626
s 1
f 513/707/627 517/702/623 515/703/624 511/708/628
s 0
f 508/709/629 512/704/629 514/705/629 510/710/629
f 510/710/630 514/705/630 513/706/630 509/711/630
s 1
f 509/712/631 513/707/627 511/708/628 507/713/632
s 0
f 504/714/633 508/709/633 510/710/633 506/715/633
f 506/715/634 510/710/634 509/711/634 505/716/634
s 1
f 505/717/635 509/712/631 507/713/632 503/718/636
s 0
f 500/719/637 504/714/637 506/715/637 502/720/637
f 502/720/638 506/715/638 505/716/638 501/721/638
s 1
f 501/722/639 505/717/635 503/718/636 499/723/640
s 0
f 496/724/641 500/719/641 502/720/641 498/725/641
f 498/725/642 502/720/642 501/721/642 497/726/642
s 1
f 497/727/643 501/722/639 499/723/640 495/728/644
s 0
f 492/729/645 496/724/645 498/725/645 494/730/645
f 494/730/646 498/725/646 497/726/646 493/731/646
s 1
f 493/732/647 497/727/643 495/728/644 491/733/648
s 0
f 488/734/649 492/729/649 494/730/649 490/735/649
f 490/735/650 494/730/650 493/731/650 489/736/650
s 1
f 489/737/651 493/732/647 491/733/648 487/738/652
s 0
f 484/739/653 488/734/653 490/735/653 486/740/653
f 486/740/654 490/735/654 489/736/654 485/741/654
s 1
f 485/742/655 489/743/651 487/744/652 483/745/656
s 0
f 480/746/657 484/739/657 486/740/657 482/747/657
f 482/747/658 486/740/658 485/741/658 481/748/658
s 1
f 481/749/659 485/742/655 483/745/656 479/750/660
s 0
f 476/751/661 480/746/661 482/747/661 478/752/661
f 478/752/662 482/747/662 481/748/662 477/753/662
s 1
f 477/754/663 481/749/659 479/750/660 475/755/664
s 0
f 472/756/665 476/751/665 478/752/665 474/757/665
f 474/757/666 478/752/666 477/753/666 473/758/666
s 1
f 473/759/667 477/754/663 475/755/664 471/760/668
s 0
f 468/761/669 472/756/669 474/757/669 470/762/669
f 470/762/670 474/757/670 473/758/670 469/763/670
s 1
f 469/764/671 473/759/667 471/760/668 467/765/672
s 0
f 464/766/673 468/761/673 470/762/673 466/767/673
f 466/767/674 470/762/674 469/763/674 465/768/674
s 1
f 465/769/675 469/764/671 467/765/672 463/770/676
s 0
f 460/771/677 464/766/677 466/767/677 462/772/677
f 462/772/678 466/767/678 465/768/678 461/773/678
s 1
f 461/774/679 465/769/675 463/770/676 459/775/680
s 0
f 456/776/681 460/771/681 462/772/681 458/777/681
f 458/777/682 462/772/682 461/773/682 457/778/682
s 1
f 457/779/683 461/774/679 459/775/680 455/780/684
s 0
f 452/781/685 456/776/685 458/777/685 454/782/685
f 454/782/686 458/777/686 457/778/686 453/783/686
s 1
f 453/784/687 457/779/683 455/780/684 451/785/688
s 0
f 448/786/689 452/781/689 454/782/689 450/787/689
f 450/787/690 454/782/690 453/783/690 449/788/690
s 1
f 449/789/691 453/784/687 451/785/688 447/790/692
s 0
f 444/791/693 448/786/693 450/787/693 446/792/693
f 446/792/694 450/787/694 449/788/694 445/793/694
s 1
f 445/794/695 449/789/691 447/790/692 443/795/696
s 0
f 440/796/697 444/791/697 446/792/697 442/797/697
f 442/797/698 446/792/698 445/793/698 441/798/698
s 1
f 441/799/699 445/794/695 443/795/696 439/800/700
s 0
f 436/801/701 440/796/701 442/797/701 438/802/701
f 438/802/702 442/797/702 441/798/702 437/803/702
s 1
f 437/804/703 441/799/699 439/800/700 435/805/704
s 0
f 431/488/705 436/801/705 438/802/705 433/486/705
f 433/486/706 438/802/706 437/803/706 434/484/706
s 1
f 434/806/454 437/804/703 435/805/704 432/807/451
f 688/808/707 691/809/708 693/810/709 690/811/710
f 690/811/710 693/810/709 694/812/711 689/813/712
f 689/813/712 694/812/711 692/814/713 687/815/714
f 691/809/708 695/816/715 697/817/716 693/810/709
f 693/810/709 697/817/716 698/818/717 694/812/711
f 694/812/711 698/818/717 696/819/718 692/814/713
f 695/816/715 699/820/719 701/821/720 697/817/716
f 697/817/716 701/821/720 702/822/721 698/818/717
f 698/818/717 702/822/721 700/823/722 696/819/718
f 699/820/719 704/824/435 707/825/434 701/821/720
f 701/821/720 707/825/434 706/458/432 702/822/721
f 702/822/721 706/458/432 703/457/431 700/823/722
f 708/463/436 713/826/723 715/827/724 711/464/437
f 711/464/437 715/827/724 716/828/725 712/829/439
f 712/829/439 716/828/725 714/830/726 709/831/440
f 713/826/723 717/832/727 719/833/728 715/827/724
f 715/827/724 719/833/728 720/834/729 716/828/725
f 716/828/725 720/834/729 718/835/730 714/830/726
f 717/836/727 721/837/731 723/838/732 719/839/728
f 719/839/728 723/838/732 724/840/733 720/841/729
f 720/834/729 724/842/733 722/843/734 718/835/730
f 721/837/731 725/844/735 727/845/736 723/838/732
f 723/838/732 727/845/736 728/846/737 724/840/733
f 724/847/733 728/848/737 726/849/738 722/850/734
f 725/851/735 729/852/739 731/853/740 727/854/736
f 727/854/736 731/853/740 732/855/741 728/848/737
f 728/848/737 732/855/741 730/856/742 726/849/738
f 729/852/739 733/857/743 735/858/744 731/853/740
f 731/853/740 735/858/744 736/859/745 732/855/741
f 732/855/741 736/859/745 734/860/746 730/856/742
f 733/857/743 737/861/747 739/862/748 735/858/744
f 735/858/744 739/862/748 740/863/749 736/859/745
f 736/859/745 740/863/749 738/864/750 734/860/746
f 737/861/747 742/865/445 745/866/444 739/862/748
f 739/862/748 745/866/444 744/470/442 740/863/749
f 740/863/749 744/470/442 741/469/441 738/864/750
f 746/475/446 751/867/751 753/868/752 749/476/447
f 749/476/447 753/868/752 754/869/753 750/870/449
f 750/870/449 754/869/753 752/871/754 747/872/450
f 751/867/751 755/873/755 757/874/756 753/868/752
f 753/868/752 757/874/756 758/875/757 754/869/753
f 754/869/753 758/875/757 756/876/758 752/871/754
f 755/873/755 759/877/759 761/878/760 757/874/756
f 757/874/756 761/878/760 762/879/761 758/875/757
f 758/875/757 762/879/761 760/880/762 756/876/758
f 687/815/714 760/881/762 762/882/761 689/813/712
f 689/883/712 762/884/761 761/885/760 690/886/710
f 690/886/710 761/885/760 759/887/759 688/888/707
f 764/889/763 768/890/764 770/891/765 766/892/766
s 0
f 766/893/767 770/894/767 769/895/767 765/896/767
f 765/896/768 769/895/768 767/897/768 763/898/768
s 1
f 768/890/764 772/899/769 774/900/770 770/891/765
s 0
f 770/894/771 774/901/771 773/902/771 769/895/771
f 769/895/772 773/902/772 771/903/772 767/897/772
s 1
f 772/899/769 776/904/773 778/905/774 774/900/770
s 0
f 774/901/775 778/906/775 777/907/775 773/902/775
f 773/902/776 777/907/776 775/908/776 771/903/776
s 1
f 776/904/773 780/909/777 782/910/778 778/905/774
s 0
f 778/906/779 782/911/779 781/912/779 777/907/779
f 777/907/780 781/912/780 779/913/780 775/908/780
s 1
f 780/909/777 784/914/781 786/915/782 782/910/778
s 0
f 782/911/783 786/916/783 785/917/783 781/912/783
f 781/912/784 785/917/784 783/918/784 779/913/784
s 1
f 784/914/781 788/919/785 790/920/786 786/915/782
s 0
f 786/916/787 790/921/787 789/922/787 785/917/787
f 785/917/788 789/922/788 787/923/788 783/918/788
s 1
f 788/919/785 792/924/789 794/925/790 790/920/786
s 0
f 790/921/791 794/926/791 793/927/791 789/922/791
f 789/922/792 793/927/792 791/928/792 787/923/792
s 1
f 792/924/789 796/929/793 798/930/794 794/925/790
s 0
f 794/926/795 798/931/795 797/932/795 793/927/795
f 793/927/796 797/932/796 795/933/796 791/928/796
s 1
f 796/929/793 800/934/797 802/935/798 798/930/794
s 0
f 798/931/799 802/936/799 801/937/799 797/932/799
f 797/932/800 801/937/800 799/938/800 795/933/800
s 1
f 800/934/797 804/939/801 806/940/802 802/935/798
s 0
f 802/936/803 806/941/803 805/942/803 801/937/803
f 801/937/804 805/942/804 803/943/804 799/938/804
s 1
f 804/939/801 808/944/805 810/945/806 806/940/802
s 0
f 806/941/807 810/946/807 809/947/807 805/942/807
f 805/942/808 809/947/808 807/948/808 803/943/808
s 1
f 808/944/805 812/949/809 814/950/810 810/945/806
s 0
f 810/946/811 814/951/811 813/952/811 809/947/811
f 809/947/812 813/952/812 811/953/812 807/948/812
s 1
f 812/949/809 816/954/813 818/955/814 814/950/810
s 0
f 814/951/815 818/956/815 817/957/815 813/952/815
f 813/952/816 817/957/816 815/958/816 811/953/816
s 1
f 816/954/813 820/959/817 822/960/818 818/955/814
s 0
f 818/956/819 822/961/819 821/962/819 817/957/819
f 817/957/820 821/962/820 819/963/820 815/958/820
s 1
f 820/964/817 824/965/821 826/966/822 822/967/818
s 0
f 822/961/823 826/968/823 825/969/823 821/962/823
f 821/962/824 825/969/824 823/970/824 819/963/824
s 1
f 824/965/821 828/971/825 830/972/826 826/966/822
s 0
f 826/968/827 830/973/827 829/974/827 825/969/827
f 825/969/828 829/974/828 827/975/828 823/970/828
s 1
f 828/971/825 832/976/829 834/977/830 830/972/826
s 0
f 830/973/831 834/978/831 833/979/831 829/974/831
f 829/974/832 833/979/832 831/980/832 827/975/832
s 1
f 832/976/829 836/981/833 838/982/834 834/977/830
s 0
f 834/978/835 838/983/835 837/984/835 833/979/835
f 833/979/836 837/984/836 835/985/836 831/980/836
s 1
f 836/981/833 840/986/837 842/987/838 838/982/834
s 0
f 838/983/839 842/988/839 841/989/839 837/984/839
f 837/984/840 841/989/840 839/990/840 835/985/840
s 1
f 840/986/837 844/991/841 846/992/842 842/987/838
s 0
f 842/988/843 846/993/843 845/994/843 841/989/843
f 841/989/844 845/994/844 843/995/844 839/990/844
s 1
f 844/991/841 848/996/845 850/997/846 846/992/842
s 0
f 846/993/847 850/998/847 849/999/847 845/994/847
f 845/994/848 849/999/848 847/1000/848 843/995/848
s 1
f 848/996/845 852/1001/849 854/1002/850 850/997/846
s 0
f 850/998/851 854/1003/851 853/1004/851 849/999/851
f 849/999/852 853/1004/852 851/1005/852 847/1000/852
s 1
f 852/1001/849 856/1006/853 858/1007/854 854/1002/850
s 0
f 854/1003/855 858/1008/855 857/1009/855 853/1004/855
f 853/1004/856 857/1009/856 855/1010/856 851/1005/856
s 1
f 856/1006/853 860/1011/857 862/1012/858 858/1007/854
s 0
f 858/1008/859 862/1013/859 861/1014/859 857/1009/859
f 857/1009/860 861/1014/860 859/1015/860 855/1010/860
s 1
f 860/1011/857 864/1016/861 866/1017/862 862/1012/858
s 0
f 862/1013/863 866/1018/863 865/1019/863 861/1014/863
f 861/1014/864 865/1019/864 863/1020/864 859/1015/864
s 1
f 864/1016/861 868/1021/865 870/1022/866 866/1017/862
s 0
f 866/1018/867 870/1023/867 869/1024/867 865/1019/867
f 865/1019/868 869/1024/868 867/1025/868 863/1020/868
s 1
f 868/1021/865 872/1026/869 874/1027/870 870/1022/866
s 0
f 870/1023/871 874/1028/871 873/1029/871 869/1024/871
f 869/1024/872 873/1029/872 871/1030/872 867/1025/872
s 1
f 872/1026/869 876/1031/873 878/1032/874 874/1027/870
s 0
f 874/1028/875 878/1033/875 877/1034/875 873/1029/875
f 873/1029/876 877/1034/876 875/1035/876 871/1030/876
s 1
f 876/1031/873 880/1036/877 882/1037/878 878/1032/874
s 0
f 878/1033/879 882/1038/879 881/1039/879 877/1034/879
f 877/1034/880 881/1039/880 879/1040/880 875/1035/880
s 1
f 880/1036/877 884/1041/881 886/1042/882 882/1037/878
s 0
f 882/1038/883 886/1043/883 885/1044/883 881/1039/883
f 881/1039/884 885/1044/884 883/1045/884 879/1040/884
s 1
f 884/1041/881 888/1046/885 890/1047/886 886/1042/882
s 0
f 886/1043/887 890/1048/887 889/1049/887 885/1044/887
f 885/1044/888 889/1049/888 887/1050/888 883/1045/888
s 1
f 888/1051/885 892/1052/889 894/1053/890 890/1054/886
s 0
f 890/1048/891 894/1055/891 893/1056/891 889/1049/891
f 889/1049/892 893/1056/892 891/1057/892 887/1050/892
s 1
f 892/1052/889 896/1058/893 898/1059/894 894/1053/890
s 0
f 894/1055/895 898/1060/895 897/1061/895 893/1056/895
f 893/1056/896 897/1061/896 895/1062/896 891/1057/896
s 1
f 896/1058/893 900/1063/897 902/1064/898 898/1059/894
s 0
f 898/1060/899 902/1065/899 901/1066/899 897/1061/899
f 897/1061/900 901/1066/900 899/1067/900 895/1062/900
s 1
f 900/1063/897 904/1068/901 906/1069/902 902/1064/898
s 0
f 902/1065/903 906/1070/903 905/1071/903 901/1066/903
f 901/1066/904 905/1071/904 903/1072/904 899/1067/904
s 1
f 904/1068/901 908/1073/905 910/1074/906 906/1069/902
s 0
f 906/1070/907 910/1075/907 909/1076/907 905/1071/907
f 905/1071/908 909/1076/908 907/1077/908 903/1072/908
s 1
f 908/1073/905 912/1078/909 914/1079/910 910/1074/906
s 0
f 910/1075/911 914/1080/911 913/1081/911 909/1076/911
f 909/1076/912 913/1081/912 911/1082/912 907/1077/912
s 1
f 912/1078/909 916/1083/913 918/1084/914 914/1079/910
s 0
f 914/1080/915 918/1085/915 917/1086/915 913/1081/915
f 913/1081/916 917/1086/916 915/1087/916 911/1082/916
s 1
f 916/1083/913 920/1088/917 922/1089/918 918/1084/914
s 0
f 918/1085/919 922/1090/919 921/1091/919 917/1086/919
f 917/1086/920 921/1091/920 919/1092/920 915/1087/920
s 1
f 920/1088/917 924/1093/921 926/1094/922 922/1089/918
s 0
f 922/1090/923 926/1095/923 925/1096/923 921/1091/923
f 921/1091/924 925/1096/924 923/1097/924 919/1092/924
s 1
f 924/1093/921 928/1098/925 930/1099/926 926/1094/922
s 0
f 926/1095/927 930/1100/927 929/1101/927 925/1096/927
f 925/1096/928 929/1101/928 927/1102/928 923/1097/928
s 1
f 928/1098/925 932/1103/929 934/1104/930 930/1099/926
s 0
f 930/1100/931 934/1105/931 933/1106/931 929/1101/931
f 929/1101/932 933/1106/932 931/1107/932 927/1102/932
s 1
f 932/1103/929 936/1108/933 938/1109/934 934/1104/930
s 0
f 934/1105/935 938/1110/935 937/1111/935 933/1106/935
f 933/1106/936 937/1111/936 935/1112/936 931/1107/936
s 1
f 936/1108/933 940/1113/937 942/1114/938 938/1109/934
s 0
f 938/1110/939 942/1115/939 941/1116/939 937/1111/939
f 937/1111/940 941/1116/940 939/1117/940 935/1112/940
s 1
f 940/1113/937 944/1118/941 946/1119/942 942/1114/938
s 0
f 942/1115/943 946/1120/943 945/1121/943 941/1116/943
f 941/1116/944 945/1121/944 943/1122/944 939/1117/944
s 1
f 944/1118/941 948/1123/945 950/1124/946 946/1119/942
s 0
f 946/1120/947 950/1125/947 949/1126/947 945/1121/947
f 945/1121/948 949/1126/948 947/1127/948 943/1122/948
s 1
f 948/1123/945 952/1128/949 954/1129/950 950/1124/946
s 0
f 950/1125/951 954/1130/951 953/1131/951 949/1126/951
f 949/1126/952 953/1131/952 951/1132/952 947/1127/952
s 1
f 952/1133/949 956/1134/953 958/1135/954 954/1136/950
s 0
f 954/1130/955 958/1137/955 957/1138/955 953/1131/955
f 953/1131/956 957/1138/956 955/1139/956 951/1132/956
s 1
f 956/1134/953 960/1140/957 962/1141/958 958/1135/954
s 0
f 958/1137/959 962/1142/959 961/1143/959 957/1138/959
f 957/1138/960 961/1143/960 959/1144/960 955/1139/960
s 1
f 960/1140/957 964/1145/961 966/1146/962 962/1141/958
s 0
f 962/1142/963 966/1147/963 965/1148/963 961/1143/963
f 961/1143/964 965/1148/964 963/1149/964 959/1144/964
s 1
f 964/1145/961 968/1150/965 970/1151/966 966/1146/962
s 0
f 966/1147/967 970/1152/967 969/1153/967 965/1148/967
f 965/1148/968 969/1153/968 967/1154/968 963/1149/968
s 1
f 968/1150/965 972/1155/969 974/1156/970 970/1151/966
s 0
f 970/1152/971 974/1157/971 973/1158/971 969/1153/971
f 969/1153/972 973/1158/972 971/1159/972 967/1154/972
s 1
f 972/1155/969 976/1160/973 978/1161/974 974/1156/970
s 0
f 974/1157/975 978/1162/975 977/1163/975 973/1158/975
f 973/1158/976 977/1163/976 975/1164/976 971/1159/976
s 1
f 976/1160/973 980/1165/977 982/1166/978 978/1161/974
s 0
f 978/1162/979 982/1167/979 981/1168/979 977/1163/979
f 977/1163/980 981/1168/980 979/1169/980 975/1164/980
s 1
f 980/1165/977 984/1170/981 986/1171/982 982/1166/978
s 0
f 982/1167/983 986/1172/983 985/1173/983 981/1168/983
f 981/1168/984 985/1173/984 983/1174/984 979/1169/984
s 1
f 984/1170/981 988/1175/985 990/1176/986 986/1171/982
s 0
f 986/1172/987 990/1177/987 989/1178/987 985/1173/987
f 985/1173/988 989/1178/988 987/1179/988 983/1174/988
s 1
f 988/1175/985 992/1180/989 994/1181/990 990/1176/986
s 0
f 990/1177/991 994/1182/991 993/1183/991 989/1178/991
f 989/1178/992 993/1183/992 991/1184/992 987/1179/992
s 1
f 992/1180/989 996/1185/993 998/1186/994 994/1181/990
s 0
f 994/1182/995 998/1187/995 997/1188/995 993/1183/995
f 993/1183/996 997/1188/996 995/1189/996 991/1184/996
s 1
f 996/1185/993 1000/1190/997 1002/1191/998 998/1186/994
s 0
f 998/1187/999 1002/1192/999 1001/1193/999 997/1188/999
f 997/1188/1000 1001/1193/1000 999/1194/1000 995/1189/1000
s 1
f 1000/1190/997 1004/1195/1001 1006/1196/1002 1002/1191/998
s 0
f 1002/1192/1003 1006/1197/1003 1005/1198/1003 1001/1193/1003
f 1001/1193/1004 1005/1198/1004 1003/1199/1004 999/1194/1004
s 1
f 1004/1195/1001 1008/1200/1005 1010/1201/1006 1006/1196/1002
s 0
f 1006/1197/1007 1010/1202/1007 1009/1203/1007 1005/1198/1007
f 1005/1198/1008 1009/1203/1008 1007/1204/1008 1003/1199/1008
s 1
f 1008/1200/1005 1012/1205/1009 1014/1206/1010 1010/1201/1006
s 0
f 1010/1202/1011 1014/1207/1011 1013/1208/1011 1009/1203/1011
f 1009/1203/1012 1013/1208/1012 1011/1209/1012 1007/1204/1012
s 1
f 1012/1205/1009 1016/1210/1013 1018/1211/1014 1014/1206/1010
s 0
f 1014/1207/1015 1018/1212/1015 1017/1213/1015 1013/1208/1015
f 1013/1208/1016 1017/1213/1016 1015/1214/1016 1011/1209/1016
f 763/898/1017 1015/1214/1017 1017/1213/1017 765/896/1017
f 765/896/1018 1017/1213/1018 1018/1212/1018 766/893/1018
s 1
f 766/892/766 1018/1215/1014 1016/1216/1013 764/889/763
f 683/482/452 432/481/451 688/888/707 759/887/759
s 0
f 684/487/1019 680/489/1019 676/496/1019 672/501/1019 668/506/1019 664/511/1019 660/516/1019 656/521/1019 652/526/1019 648/531/1019 644/536/1019 640/541/1019 636/546/1019 632/551/1019 628/556/1019 624/561/1019 620/566/1019 616/571/1019 612/578/1019 608/583/1019 604/588/1019 600/593/1019 596/598/1019 592/603/1019 588/608/1019 584/613/1019 580/618/1019 576/623/1019 572/628/1019 568/633/1019 564/638/1019 560/643/1019 556/648/1019 552/653/1019 548/657/1019 544/664/1019 540/669/1019 536/674/1019 532/679/1019 528/684/1019 524/689/1019 520/694/1019 516/699/1019 512/704/1019 508/709/1019 504/714/1019 500/719/1019 496/724/1019 492/729/1019 488/734/1019 484/739/1019 480/746/1019 476/751/1019 472/756/1019 468/761/1019 464/766/1019 460/771/1019 456/776/1019 452/781/1019 448/786/1019 444/791/1019 440/796/1019 436/801/1019 431/488/1019
s 1
f 432/807/451 435/805/704 691/809/708 688/808/707
f 435/805/704 439/800/700 695/816/715 691/809/708
f 439/800/700 443/795/696 699/820/719 695/816/715
f 443/795/696 447/790/692 704/824/435 699/820/719
f 447/790/692 451/785/688 1/1/1 705/459/433 704/824/435
f 451/785/688 455/780/684 2/2/2 1/1/1
f 455/780/684 459/775/680 3/5/5 2/2/2
f 459/775/680 463/770/676 4/7/7 3/5/5
f 463/770/676 467/765/672 5/9/9 4/7/7
f 467/765/672 471/760/668 6/11/11 5/9/9
f 471/760/668 475/755/664 7/13/13 6/11/11
f 475/755/664 479/750/660 8/15/15 7/13/13
f 479/750/660 483/745/656 9/17/17 8/15/15
f 483/745/656 487/744/652 10/19/19 9/17/17
f 487/738/652 491/733/648 11/22/21 10/21/19
f 491/733/648 495/728/644 12/25/23 11/22/21
f 495/728/644 499/723/640 13/27/25 12/25/23
f 499/723/640 503/718/636 14/29/27 13/27/25
f 503/718/636 507/713/632 15/31/29 14/29/27
f 507/713/632 511/708/628 16/33/31 15/31/29
f 511/708/628 515/703/624 17/35/33 16/33/31
f 515/703/624 519/698/620 18/37/35 17/35/33
f 519/698/620 523/693/616 19/39/37 18/37/35
f 523/693/616 527/688/612 20/41/39 19/39/37
f 527/688/612 531/683/608 21/43/41 20/41/39
f 531/683/608 535/678/604 22/45/43 21/43/41
f 535/678/604 539/673/600 23/47/45 22/45/43
f 539/673/600 543/668/596 708/463/436 710/465/438 23/47/45
f 543/668/596 547/663/592 713/826/723 708/463/436
f 547/663/592 551/662/588 717/832/727 713/826/723
f 551/656/588 555/652/584 721/837/731 717/836/727
f 555/652/584 559/651/580 725/844/735 721/837/731
f 559/647/580 563/642/576 729/852/739 725/851/735
f 563/642/576 567/637/572 733/857/743 729/852/739
f 567/637/572 571/632/568 737/861/747 733/857/743
f 571/632/568 575/627/564 742/865/445 737/861/747
f 575/627/564 579/622/560 24/49/47 743/471/443 742/865/445
f 579/622/560 583/617/556 25/50/48 24/49/47
f 583/617/556 587/612/552 26/53/51 25/50/48
f 587/612/552 591/607/548 27/55/53 26/53/51
f 591/607/548 595/602/544 28/57/55 27/55/53
f 595/602/544 599/597/540 29/59/57 28/57/55
f 599/597/540 603/592/536 30/61/59 29/59/57
f 603/592/536 607/587/532 31/63/61 30/61/59
f 607/587/532 611/582/528 32/65/63 31/63/61
f 611/582/528 615/577/524 33/67/65 32/65/63
f 615/577/524 619/576/520 34/69/67 33/67/65
f 619/570/520 623/565/516 35/72/69 34/71/67
f 623/565/516 627/560/512 36/75/71 35/72/69
f 627/560/512 631/555/508 37/77/73 36/75/71
f 631/555/508 635/550/504 38/79/75 37/77/73
f 635/550/504 639/545/500 39/81/77 38/79/75
f 639/545/500 643/540/496 40/83/79 39/81/77
f 643/540/496 647/535/492 41/85/81 40/83/79
f 647/535/492 651/530/488 42/87/83 41/85/81
f 651/530/488 655/525/484 43/89/85 42/87/83
f 655/525/484 659/520/480 44/91/87 43/89/85
f 659/520/480 663/515/476 45/93/89 44/91/87
f 663/515/476 667/510/472 46/95/91 45/93/89
f 667/510/472 671/505/468 746/475/446 748/477/448 46/95/91
f 671/505/468 675/500/464 751/867/751 746/475/446
f 675/500/464 679/495/460 755/873/755 751/867/751
f 679/495/460 683/494/452 759/877/759 755/873/755
f 760/881/762 687/815/714 47/97/93 110/183/173
f 687/815/714 692/814/713 48/98/94 47/97/93
f 692/814/713 696/819/718 49/101/97 48/98/94
f 696/819/718 700/823/722 50/103/99 49/101/97
f 700/823/722 703/457/431 51/105/101 50/103/99
f 703/457/431 705/459/433 1/1/1 52/4/4 51/105/101
f 709/831/440 714/830/726 76/133/128 75/131/126
f 23/47/45 710/465/438 709/831/440 75/131/126 74/48/46
f 714/830/726 718/835/730 77/135/130 76/133/128
f 718/835/730 722/843/734 78/137/132 77/135/130
f 722/850/734 726/849/738 79/140/134 78/139/132
f 726/849/738 730/856/742 80/143/136 79/140/134
f 730/856/742 734/860/746 81/145/138 80/143/136
f 734/860/746 738/864/750 82/147/140 81/145/138
f 738/864/750 741/469/441 83/149/142 82/147/140
f 741/469/441 743/471/443 24/49/47 84/52/50 83/149/142
f 747/872/450 752/871/754 108/177/169 107/175/167
f 46/95/91 748/477/448 747/872/450 107/175/167 106/96/92
f 752/871/754 756/876/758 109/179/171 108/177/169
f 756/876/758 760/880/762 110/181/173 109/179/171
f 430/456/430 367/390/368 764/889/763 1016/1216/1013
f 367/390/368 368/389/367 768/890/764 764/889/763
s 0
f 763/898/1020 767/897/1020 771/903/1020 775/908/1020 779/913/1020 783/918/1020 787/923/1020 791/928/1020 795/933/1020 799/938/1020 803/943/1020 807/948/1020 811/953/1020 815/958/1020 819/963/1020 823/970/1020 827/975/1020 831/980/1020 835/985/1020 839/990/1020 843/995/1020 847/1000/1020 851/1005/1020 855/1010/1020 859/1015/1020 863/1020/1020 867/1025/1020 871/1030/1020 875/1035/1020 879/1040/1020 883/1045/1020 887/1050/1020 891/1057/1020 895/1062/1020 899/1067/1020 903/1072/1020 907/1077/1020 911/1082/1020 915/1087/1020 919/1092/1020 923/1097/1020 927/1102/1020 931/1107/1020 935/1112/1020 939/1117/1020 943/1122/1020 947/1127/1020 951/1132/1020 955/1139/1020 959/1144/1020 963/1149/1020 967/1154/1020 971/1159/1020 975/1164/1020 979/1169/1020 983/1174/1020 987/1179/1020 991/1184/1020 995/1189/1020 999/1194/1020 1003/1199/1020 1007/1204/1020 1011/1209/1020 1015/1214/1020
s 1
f 368/389/367 369/391/369 772/899/769 768/890/764
f 369/391/369 370/392/370 776/904/773 772/899/769
f 370/392/370 371/393/371 780/909/777 776/904/773
f 371/393/371 372/394/372 784/914/781 780/909/777
f 372/394/372 373/395/373 788/919/785 784/914/781
f 373/395/373 374/396/374 792/924/789 788/919/785
f 374/396/374 375/397/375 796/929/793 792/924/789
f 375/397/375 376/398/376 800/934/797 796/929/793
f 376/398/376 377/399/377 804/939/801 800/934/797
f 377/399/377 378/400/378 808/944/805 804/939/801
f 378/400/378 379/401/379 812/949/809 808/944/805
f 379/401/379 380/402/380 816/954/813 812/949/809
f 380/402/380 381/403/381 820/959/817 816/954/813
f 381/405/381 382/404/382 824/965/821 820/964/817
f 382/404/382 383/406/383 828/971/825 824/965/821
f 383/406/383 384/407/384 832/976/829 828/971/825
f 384/407/384 385/408/385 836/981/833 832/976/829
f 385/408/385 386/409/386 840/986/837 836/981/833
f 386/409/386 387/410/387 844/991/841 840/986/837
f 387/410/387 388/411/388 848/996/845 844/991/841
f 388/411/388 389/412/389 852/1001/849 848/996/845
f 389/412/389 390/413/390 856/1006/853 852/1001/849
f 390/413/390 391/414/391 860/1011/857 856/1006/853
f 391/414/391 392/415/392 864/1016/861 860/1011/857
f 392/415/392 393/416/393 868/1021/865 864/1016/861
f 393/416/393 394/417/394 872/1026/869 868/1021/865
f 394/417/394 395/418/395 876/1031/873 872/1026/869
f 395/418/395 396/419/396 880/1036/877 876/1031/873
f 396/419/396 397/420/397 884/1041/881 880/1036/877
f 397/420/397 398/421/398 888/1046/885 884/1041/881
f 398/423/398 399/422/399 892/1052/889 888/1051/885
f 399/422/399 400/424/400 896/1058/893 892/1052/889
f 400/424/400 401/425/401 900/1063/897 896/1058/893
f 401/425/401 402/426/402 904/1068/901 900/1063/897
f 402/426/402 403/427/403 908/1073/905 904/1068/901
f 403/427/403 404/428/404 912/1078/909 908/1073/905
f 404/428/404 405/429/405 916/1083/913 912/1078/909
f 405/429/405 406/430/406 920/1088/917 916/1083/913
f 406/430/406 407/431/407 924/1093/921 920/1088/917
f 407/431/407 408/432/408 928/1098/925 924/1093/921
f 408/432/408 409/433/409 932/1103/929 928/1098/925
f 409/433/409 410/434/410 936/1108/933 932/1103/929
f 410/434/410 411/435/411 940/1113/937 936/1108/933
f 411/435/411 412/436/412 944/1118/941 940/1113/937
f 412/436/412 413/437/413 948/1123/945 944/1118/941
f 413/437/413 414/438/414 952/1128/949 948/1123/945
f 414/440/414 415/439/415 956/1134/953 952/1133/949
f 415/439/415 416/441/416 960/1140/957 956/1134/953
f 416/441/416 417/442/417 964/1145/961 960/1140/957
f 417/442/417 418/443/418 968/1150/965 964/1145/961
f 418/443/418 419/444/419 972/1155/969 968/1150/965
f 419/444/419 420/445/420 976/1160/973 972/1155/969
f 420/445/420 421/446/421 980/1165/977 976/1160/973
f 421/446/421 422/447/422 984/1170/981 980/1165/977
f 422/447/422 423/448/423 988/1175/985 984/1170/981
f 423/448/423 424/449/424 992/1180/989 988/1175/985
f 424/449/424 425/450/425 996/1185/993 992/1180/989
f 425/450/425 426/451/426 1000/1190/997 996/1185/993
f 426/451/426 427/452/427 1004/1195/1001 1000/1190/997
f 427/452/427 428/453/428 1008/1200/1005 1004/1195/1001
f 428/453/428 429/454/429 1012/1205/1009 1008/1200/1005
f 429/454/429 430/455/430 1016/1210/1013 1012/1205/1009
o Forged_cross_peen_head
v -0.046000 0.000750 -0.294358
v -0.046000 0.000992 -0.302915
v -0.046000 0.001128 -0.305022
v -0.046000 0.001304 -0.306464
v -0.046000 0.001531 -0.307579
v -0.046000 0.001813 -0.308486
v -0.046000 0.002155 -0.309241
v -0.046000 0.002562 -0.309878
v -0.046000 0.003042 -0.310416
v -0.046000 0.003603 -0.310868
v -0.046000 0.004259 -0.311243
v -0.046000 0.005031 -0.311547
v -0.046000 0.005950 -0.311783
v -0.046000 0.007075 -0.311954
v -0.046000 0.008525 -0.312058
v -0.046000 0.010636 -0.312089
v -0.046000 0.019194 -0.311902
v -0.046000 0.027751 -0.311661
v -0.046000 0.029858 -0.311524
v -0.046000 0.031301 -0.311348
v -0.046000 0.032416 -0.311121
v -0.046000 0.033322 -0.310840
v -0.046000 0.034078 -0.310498
v -0.046000 0.034714 -0.310090
v -0.046000 0.035252 -0.309611
v -0.046000 0.035705 -0.309050
v -0.046000 0.036080 -0.308393
v -0.046000 0.036383 -0.307621
v -0.046000 0.036619 -0.306702
v -0.046000 0.036790 -0.305577
v -0.046000 0.036894 -0.304127
v -0.046000 0.036925 -0.302016
v -0.046000 0.036739 -0.293458
v -0.046000 0.036497 -0.284901
v -0.046000 0.036361 -0.282795
v -0.046000 0.036184 -0.281352
v -0.046000 0.035958 -0.280237
v -0.046000 0.035676 -0.279330
v -0.046000 0.035334 -0.278575
v -0.046000 0.034927 -0.277938
v -0.046000 0.034447 -0.277400
v -0.046000 0.033886 -0.276948
v -0.046000 0.033229 -0.276573
v -0.046000 0.032458 -0.276269
v -0.046000 0.031538 -0.276033
v -0.046000 0.030413 -0.275863
v -0.046000 0.028963 -0.275758
v -0.046000 0.026853 -0.275728
v -0.046000 0.018295 -0.275914
v -0.046000 0.009737 -0.276156
v -0.046000 0.007631 -0.276292
v -0.046000 0.006188 -0.276468
v -0.046000 0.005073 -0.276695
v -0.046000 0.004167 -0.276977
v -0.046000 0.003411 -0.277319
v -0.046000 0.002774 -0.277726
v -0.046000 0.002236 -0.278205
v -0.046000 0.001784 -0.278767
v -0.046000 0.001409 -0.279423
v -0.046000 0.001105 -0.280195
v -0.046000 0.000869 -0.281114
v -0.046000 0.000699 -0.282239
v -0.046000 0.000595 -0.283689
v -0.046000 0.000564 -0.285800
v -0.020000 0.001750 -0.294333
v -0.020000 0.002037 -0.304792
v -0.020000 0.002181 -0.307367
v -0.020000 0.002358 -0.309132
v -0.020000 0.002579 -0.310496
v -0.020000 0.002852 -0.311605
v -0.020000 0.003180 -0.312531
v -0.020000 0.003569 -0.313312
v -0.020000 0.004026 -0.313973
v -0.020000 0.004559 -0.314529
v -0.020000 0.005182 -0.314992
v -0.020000 0.005913 -0.315369
v -0.020000 0.006783 -0.315664
v -0.020000 0.007847 -0.315880
v -0.020000 0.009217 -0.316017
v -0.020000 0.011211 -0.316069
v -0.020000 0.019294 -0.315901
v -0.020000 0.027376 -0.315665
v -0.020000 0.029365 -0.315513
v -0.020000 0.030726 -0.315308
v -0.020000 0.031778 -0.315039
v -0.020000 0.032632 -0.314700
v -0.020000 0.033344 -0.314288
v -0.020000 0.033942 -0.313795
v -0.020000 0.034447 -0.313212
v -0.020000 0.034870 -0.312529
v -0.020000 0.035220 -0.311730
v -0.020000 0.035502 -0.310789
v -0.020000 0.035718 -0.309667
v -0.020000 0.035872 -0.308293
v -0.020000 0.035960 -0.306522
v -0.020000 0.035974 -0.303943
v -0.020000 0.035739 -0.293483
v -0.020000 0.035451 -0.283025
v -0.020000 0.035308 -0.280449
v -0.020000 0.035131 -0.278685
v -0.020000 0.034909 -0.277321
v -0.020000 0.034637 -0.276211
v -0.020000 0.034309 -0.275285
v -0.020000 0.033920 -0.274504
v -0.020000 0.033463 -0.273843
v -0.020000 0.032929 -0.273287
v -0.020000 0.032307 -0.272824
v -0.020000 0.031576 -0.272448
v -0.020000 0.030706 -0.272153
v -0.020000 0.029642 -0.271937
v -0.020000 0.028271 -0.271799
v -0.020000 0.026277 -0.271747
v -0.020000 0.018195 -0.271915
v -0.020000 0.010113 -0.272151
v -0.020000 0.008124 -0.272303
v -0.020000 0.006762 -0.272509
v -0.020000 0.005711 -0.272778
v -0.020000 0.004856 -0.273116
v -0.020000 0.004145 -0.273528
v -0.020000 0.003546 -0.274022
v -0.020000 0.003041 -0.274604
v -0.020000 0.002618 -0.275287
v -0.020000 0.002269 -0.276086
v -0.020000 0.001987 -0.277027
v -0.020000 0.001770 -0.278149
v -0.020000 0.001617 -0.279523
v -0.020000 0.001529 -0.281294
v -0.020000 0.001514 -0.283873
v 0.017000 0.001750 -0.294333
v 0.017000 0.002037 -0.304792
v 0.017000 0.002181 -0.307367
v 0.017000 0.002358 -0.309132
v 0.017000 0.002579 -0.310496
v 0.017000 0.002852 -0.311605
v 0.017000 0.003180 -0.312531
v 0.017000 0.003569 -0.313312
v 0.017000 0.004026 -0.313973
v 0.017000 0.004559 -0.314529
v 0.017000 0.005182 -0.314992
v 0.017000 0.005913 -0.315369
v 0.017000 0.006783 -0.315664
v 0.017000 0.007847 -0.315880
v 0.017000 0.009217 -0.316017
v 0.017000 0.011211 -0.316069
v 0.017000 0.019294 -0.315901
v 0.017000 0.027376 -0.315665
v 0.017000 0.029365 -0.315513
v 0.017000 0.030726 -0.315308
v 0.017000 0.031778 -0.315039
v 0.017000 0.032632 -0.314700
v 0.017000 0.033344 -0.314288
v 0.017000 0.033942 -0.313795
v 0.017000 0.034447 -0.313212
v 0.017000 0.034870 -0.312529
v 0.017000 0.035220 -0.311730
v 0.017000 0.035502 -0.310789
v 0.017000 0.035718 -0.309667
v 0.017000 0.035872 -0.308293
v 0.017000 0.035960 -0.306522
v 0.017000 0.035974 -0.303943
v 0.017000 0.035739 -0.293483
v 0.017000 0.035451 -0.283025
v 0.017000 0.035308 -0.280449
v 0.017000 0.035131 -0.278685
v 0.017000 0.034909 -0.277321
v 0.017000 0.034637 -0.276211
v 0.017000 0.034309 -0.275285
v 0.017000 0.033920 -0.274504
v 0.017000 0.033463 -0.273843
v 0.017000 0.032929 -0.273287
v 0.017000 0.032307 -0.272824
v 0.017000 0.031576 -0.272448
v 0.017000 0.030706 -0.272153
v 0.017000 0.029642 -0.271937
v 0.017000 0.028271 -0.271799
v 0.017000 0.026277 -0.271747
v 0.017000 0.018195 -0.271915
v 0.017000 0.010113 -0.272151
v 0.017000 0.008124 -0.272303
v 0.017000 0.006762 -0.272509
v 0.017000 0.005711 -0.272778
v 0.017000 0.004856 -0.273116
v 0.017000 0.004145 -0.273528
v 0.017000 0.003546 -0.274022
v 0.017000 0.003041 -0.274604
v 0.017000 0.002618 -0.275287
v 0.017000 0.002269 -0.276086
v 0.017000 0.001987 -0.277027
v 0.017000 0.001770 -0.278149
v 0.017000 0.001617 -0.279523
v 0.017000 0.001529 -0.281294
v 0.017000 0.001514 -0.283873
v 0.033000 0.003749 -0.294283
v 0.033000 0.003962 -0.301889
v 0.033000 0.004079 -0.303762
v 0.033000 0.004228 -0.305045
v 0.033000 0.004418 -0.306036
v 0.033000 0.004654 -0.306842
v 0.033000 0.004940 -0.307514
v 0.033000 0.005281 -0.308081
v 0.033000 0.005681 -0.308560
v 0.033000 0.006150 -0.308962
v 0.033000 0.006697 -0.309296
v 0.033000 0.007341 -0.309568
v 0.033000 0.008107 -0.309779
v 0.033000 0.009045 -0.309932
v 0.033000 0.010253 -0.310026
v 0.033000 0.012012 -0.310057
v 0.033000 0.019144 -0.309903
v 0.033000 0.026275 -0.309700
v 0.033000 0.028030 -0.309582
v 0.033000 0.029233 -0.309427
v 0.033000 0.030161 -0.309227
v 0.033000 0.030916 -0.308978
v 0.033000 0.031546 -0.308675
v 0.033000 0.032076 -0.308314
v 0.033000 0.032523 -0.307888
v 0.033000 0.032899 -0.307390
v 0.033000 0.033211 -0.306807
v 0.033000 0.033463 -0.306122
v 0.033000 0.033659 -0.305305
v 0.033000 0.033799 -0.304305
v 0.033000 0.033884 -0.303017
v 0.033000 0.033907 -0.301141
v 0.033000 0.033740 -0.293533
v 0.033000 0.033526 -0.285927
v 0.033000 0.033410 -0.284054
v 0.033000 0.033261 -0.282772
v 0.033000 0.033070 -0.281780
v 0.033000 0.032834 -0.280974
v 0.033000 0.032548 -0.280302
v 0.033000 0.032208 -0.279735
v 0.033000 0.031808 -0.279257
v 0.033000 0.031339 -0.278854
v 0.033000 0.030792 -0.278520
v 0.033000 0.030148 -0.278249
v 0.033000 0.029382 -0.278038
v 0.033000 0.028444 -0.277884
v 0.033000 0.027235 -0.277790
v 0.033000 0.025476 -0.277760
v 0.033000 0.018344 -0.277913
v 0.033000 0.011214 -0.278116
v 0.033000 0.009458 -0.278234
v 0.033000 0.008256 -0.278389
v 0.033000 0.007327 -0.278589
v 0.033000 0.006572 -0.278838
v 0.033000 0.005943 -0.279141
v 0.033000 0.005413 -0.279502
v 0.033000 0.004965 -0.279928
v 0.033000 0.004589 -0.280426
v 0.033000 0.004278 -0.281009
v 0.033000 0.004026 -0.281694
v 0.033000 0.003830 -0.282511
v 0.033000 0.003689 -0.283511
v 0.033000 0.003605 -0.284800
v 0.033000 0.003582 -0.286676
v 0.061000 0.004749 -0.294258
v 0.061000 0.004830 -0.296635
v 0.061000 0.004909 -0.297219
v 0.061000 0.005029 -0.297618
v 0.061000 0.005191 -0.297925
v 0.061000 0.005399 -0.298174
v 0.061000 0.005655 -0.298379
v 0.061000 0.005964 -0.298551
v 0.061000 0.006330 -0.298695
v 0.061000 0.006760 -0.298814
v 0.061000 0.007266 -0.298910
v 0.061000 0.007862 -0.298985
v 0.061000 0.008574 -0.299039
v 0.061000 0.009447 -0.299072
v 0.061000 0.010573 -0.299083
v 0.061000 0.012213 -0.299065
v 0.061000 0.018869 -0.298907
v 0.061000 0.025525 -0.298732
v 0.061000 0.027165 -0.298668
v 0.061000 0.028289 -0.298601
v 0.061000 0.029158 -0.298524
v 0.061000 0.029866 -0.298434
v 0.061000 0.030458 -0.298330
v 0.061000 0.030958 -0.298209
v 0.061000 0.031383 -0.298069
v 0.061000 0.031741 -0.297907
v 0.061000 0.032041 -0.297720
v 0.061000 0.032287 -0.297501
v 0.061000 0.032482 -0.297243
v 0.061000 0.032628 -0.296928
v 0.061000 0.032727 -0.296523
v 0.061000 0.032778 -0.295936
v 0.061000 0.032740 -0.293558
v 0.061000 0.032659 -0.291182
v 0.061000 0.032579 -0.290597
v 0.061000 0.032460 -0.290198
v 0.061000 0.032298 -0.289891
v 0.061000 0.032090 -0.289643
v 0.061000 0.031834 -0.289437
v 0.061000 0.031525 -0.289265
v 0.061000 0.031159 -0.289121
v 0.061000 0.030728 -0.289002
v 0.061000 0.030223 -0.288906
v 0.061000 0.029626 -0.288832
v 0.061000 0.028914 -0.288777
v 0.061000 0.028042 -0.288744
v 0.061000 0.026916 -0.288733
v 0.061000 0.025275 -0.288751
v 0.061000 0.018619 -0.288910
v 0.061000 0.011964 -0.289084
v 0.061000 0.010324 -0.289148
v 0.061000 0.009200 -0.289215
v 0.061000 0.008330 -0.289292
v 0.061000 0.007622 -0.289382
v 0.061000 0.007030 -0.289486
v 0.061000 0.006530 -0.289607
v 0.061000 0.006106 -0.289748
v 0.061000 0.005747 -0.289909
v 0.061000 0.005448 -0.290097
v 0.061000 0.005202 -0.290315
v 0.061000 0.005007 -0.290574
v 0.061000 0.004860 -0.290889
v 0.061000 0.004761 -0.291293
v 0.061000 0.004711 -0.291880
v -0.061000 0.003576 -0.294287
v -0.060182 0.002640 -0.294311
v -0.060890 0.003148 -0.294298
v -0.060591 0.002805 -0.294307
v -0.060182 0.002857 -0.301969
v -0.061000 0.003790 -0.301876
v -0.060591 0.003021 -0.301936
v -0.060890 0.003363 -0.301902
v -0.060182 0.002979 -0.303854
v -0.061000 0.003909 -0.303710
v -0.060591 0.003142 -0.303810
v -0.060890 0.003483 -0.303757
v -0.060182 0.003137 -0.305145
v -0.061000 0.004059 -0.304937
v -0.060591 0.003299 -0.305090
v -0.060890 0.003636 -0.305013
v -0.060183 0.003339 -0.306143
v -0.061000 0.004245 -0.305855
v -0.060591 0.003499 -0.306074
v -0.060891 0.003830 -0.305969
v -0.060183 0.003592 -0.306954
v -0.061000 0.004468 -0.306572
v -0.060591 0.003747 -0.306871
v -0.060891 0.004067 -0.306731
v -0.060183 0.003898 -0.307631
v -0.061000 0.004726 -0.307143
v -0.060592 0.004045 -0.307531
v -0.060891 0.004349 -0.307353
v -0.060183 0.004262 -0.308200
v -0.061000 0.005021 -0.307603
v -0.060592 0.004400 -0.308085
v -0.060891 0.004677 -0.307866
v -0.060183 0.004691 -0.308682
v -0.061000 0.005358 -0.307981
v -0.060592 0.004815 -0.308551
v -0.060891 0.005059 -0.308295
v -0.060183 0.005194 -0.309087
v -0.061000 0.005752 -0.308299
v -0.060592 0.005302 -0.308943
v -0.060891 0.005507 -0.308655
v -0.060183 0.005781 -0.309422
v -0.061000 0.006227 -0.308570
v -0.060592 0.005873 -0.309270
v -0.060891 0.006036 -0.308958
v -0.060183 0.006472 -0.309694
v -0.061000 0.006810 -0.308799
v -0.060591 0.006547 -0.309535
v -0.060891 0.006671 -0.309208
v -0.060183 0.007294 -0.309905
v -0.061000 0.007537 -0.308986
v -0.060591 0.007355 -0.309743
v -0.060891 0.007444 -0.309406
v -0.060182 0.008301 -0.310058
v -0.061000 0.008464 -0.309127
v -0.060591 0.008349 -0.309893
v -0.060890 0.008408 -0.309552
v -0.060182 0.009599 -0.310151
v -0.061000 0.009696 -0.309215
v -0.060591 0.009634 -0.309986
v -0.060890 0.009670 -0.309643
v -0.060182 0.011488 -0.310179
v -0.061000 0.011534 -0.309242
v -0.060591 0.011512 -0.310013
v -0.060890 0.011529 -0.309670
v -0.060182 0.019147 -0.310012
v -0.061000 0.019124 -0.309077
v -0.060591 0.019143 -0.309847
v -0.060890 0.019134 -0.309505
v -0.060182 0.026805 -0.309796
v -0.061000 0.026712 -0.308863
v -0.060591 0.026773 -0.309631
v -0.060890 0.026739 -0.309290
v -0.060182 0.028690 -0.309674
v -0.061000 0.028546 -0.308744
v -0.060591 0.028646 -0.309510
v -0.060890 0.028594 -0.309170
v -0.060182 0.029982 -0.309516
v -0.061000 0.029773 -0.308594
v -0.060591 0.029926 -0.309354
v -0.060890 0.029849 -0.309016
v -0.060183 0.030979 -0.309313
v -0.061000 0.030691 -0.308407
v -0.060591 0.030910 -0.309154
v -0.060891 0.030805 -0.308822
v -0.060183 0.031791 -0.309061
v -0.061000 0.031408 -0.308184
v -0.060591 0.031707 -0.308906
v -0.060891 0.031567 -0.308585
v -0.060183 0.032467 -0.308755
v -0.061000 0.031979 -0.307926
v -0.060592 0.032367 -0.308607
v -0.060891 0.032189 -0.308304
v -0.060183 0.033037 -0.308390
v -0.061000 0.032439 -0.307632
v -0.060592 0.032921 -0.308253
v -0.060891 0.032703 -0.307975
v -0.060183 0.033518 -0.307961
v -0.061000 0.032817 -0.307295
v -0.060592 0.033388 -0.307837
v -0.060891 0.033131 -0.307593
v -0.060183 0.033923 -0.307459
v -0.061000 0.033135 -0.306900
v -0.060592 0.033780 -0.307350
v -0.060891 0.033491 -0.307146
v -0.060183 0.034258 -0.306871
v -0.061000 0.033406 -0.306425
v -0.060592 0.034106 -0.306780
v -0.060891 0.033794 -0.306616
v -0.060183 0.034530 -0.306181
v -0.061000 0.033636 -0.305843
v -0.060591 0.034371 -0.306105
v -0.060891 0.034044 -0.305981
v -0.060183 0.034742 -0.305358
v -0.061000 0.033822 -0.305115
v -0.060591 0.034579 -0.305297
v -0.060891 0.034242 -0.305208
v -0.060182 0.034894 -0.304351
v -0.061000 0.033963 -0.304189
v -0.060591 0.034729 -0.304304
v -0.060890 0.034388 -0.304244
v -0.060182 0.034987 -0.303054
v -0.061000 0.034051 -0.302956
v -0.060591 0.034822 -0.303018
v -0.060890 0.034479 -0.302982
v -0.060182 0.035015 -0.301165
v -0.061000 0.034078 -0.301118
v -0.060591 0.034849 -0.301141
v -0.060890 0.034506 -0.301124
v -0.060182 0.034848 -0.293506
v -0.061000 0.033913 -0.293529
v -0.060591 0.034683 -0.293510
v -0.060890 0.034341 -0.293518
v -0.060182 0.034632 -0.285847
v -0.061000 0.033699 -0.285940
v -0.060591 0.034468 -0.285880
v -0.060890 0.034126 -0.285914
v -0.060182 0.034510 -0.283962
v -0.061000 0.033580 -0.284106
v -0.060591 0.034346 -0.284006
v -0.060890 0.034006 -0.284059
v -0.060182 0.034352 -0.282671
v -0.061000 0.033430 -0.282880
v -0.060591 0.034190 -0.282727
v -0.060890 0.033852 -0.282803
v -0.060183 0.034149 -0.281673
v -0.061000 0.033243 -0.281961
v -0.060591 0.033990 -0.281742
v -0.060891 0.033658 -0.281848
v -0.060183 0.033897 -0.280862
v -0.061000 0.033021 -0.281244
v -0.060591 0.033742 -0.280945
v -0.060891 0.033421 -0.281085
v -0.060183 0.033591 -0.280186
v -0.061000 0.032762 -0.280674
v -0.060592 0.033443 -0.280285
v -0.060891 0.033140 -0.280464
v -0.060183 0.033226 -0.279616
v -0.061000 0.032468 -0.280213
v -0.060592 0.033089 -0.279731
v -0.060891 0.032811 -0.279950
v -0.060183 0.032797 -0.279134
v -0.061000 0.032131 -0.279835
v -0.060592 0.032673 -0.279265
v -0.060891 0.032429 -0.279521
v -0.060183 0.032295 -0.278730
v -0.061000 0.031736 -0.279517
v -0.060592 0.032187 -0.278873
v -0.060891 0.031982 -0.279161
v -0.060183 0.031708 -0.278394
v -0.061000 0.031262 -0.279246
v -0.060592 0.031616 -0.278547
v -0.060891 0.031453 -0.278859
v -0.060183 0.031017 -0.278122
v -0.061000 0.030679 -0.279017
v -0.060591 0.030941 -0.278281
v -0.060891 0.030818 -0.278609
v -0.060183 0.030194 -0.277911
v -0.061000 0.029951 -0.278830
v -0.060591 0.030133 -0.278074
v -0.060891 0.030044 -0.278410
v -0.060182 0.029187 -0.277758
v -0.061000 0.029025 -0.278690
v -0.060591 0.029140 -0.277923
v -0.060890 0.029080 -0.278264
v -0.060182 0.027890 -0.277665
v -0.061000 0.027792 -0.278601
v -0.060591 0.027854 -0.277831
v -0.060890 0.027818 -0.278173
v -0.060182 0.026001 -0.277637
v -0.061000 0.025955 -0.278574
v -0.060591 0.025977 -0.277803
v -0.060890 0.025960 -0.278146
v -0.060182 0.018342 -0.277804
v -0.061000 0.018365 -0.278739
v -0.060591 0.018346 -0.277969
v -0.060890 0.018354 -0.278312
v -0.060182 0.010684 -0.278020
v -0.061000 0.010776 -0.278954
v -0.060591 0.010716 -0.278185
v -0.060890 0.010750 -0.278526
v -0.060182 0.008798 -0.278142
v -0.061000 0.008943 -0.279072
v -0.060591 0.008842 -0.278306
v -0.060890 0.008895 -0.278647
v -0.060182 0.007507 -0.278300
v -0.061000 0.007716 -0.279222
v -0.060591 0.007563 -0.278463
v -0.060890 0.007639 -0.278800
v -0.060183 0.006509 -0.278503
v -0.061000 0.006798 -0.279409
v -0.060591 0.006578 -0.278663
v -0.060891 0.006684 -0.278994
v -0.060183 0.005698 -0.278755
v -0.061000 0.006080 -0.279632
v -0.060591 0.005782 -0.278910
v -0.060891 0.005921 -0.279231
v -0.060183 0.005022 -0.279061
v -0.061000 0.005510 -0.279890
v -0.060592 0.005121 -0.279209
v -0.060891 0.005300 -0.279513
v -0.060183 0.004452 -0.279426
v -0.061000 0.005049 -0.280185
v -0.060592 0.004567 -0.279563
v -0.060891 0.004786 -0.279841
v -0.060183 0.003971 -0.279855
v -0.061000 0.004671 -0.280522
v -0.060592 0.004101 -0.279979
v -0.060891 0.004357 -0.280223
v -0.060183 0.003566 -0.280358
v -0.061000 0.004353 -0.280916
v -0.060592 0.003709 -0.280466
v -0.060891 0.003997 -0.280670
v -0.060183 0.003230 -0.280945
v -0.061000 0.004082 -0.281391
v -0.060592 0.003383 -0.281037
v -0.060891 0.003695 -0.281200
v -0.060183 0.002959 -0.281635
v -0.061000 0.003853 -0.281974
v -0.060591 0.003117 -0.281711
v -0.060891 0.003445 -0.281835
v -0.060183 0.002747 -0.282458
v -0.061000 0.003666 -0.282701
v -0.060591 0.002910 -0.282519
v -0.060891 0.003246 -0.282608
v -0.060182 0.002595 -0.283465
v -0.061000 0.003526 -0.283627
v -0.060591 0.002759 -0.283513
v -0.060890 0.003100 -0.283572
v -0.060182 0.002501 -0.284763
v -0.061000 0.003437 -0.284860
v -0.060591 0.002667 -0.284798
v -0.060890 0.003010 -0.284834
v -0.060182 0.002474 -0.286652
v -0.061000 0.003410 -0.286698
v -0.060591 0.002639 -0.286676
v -0.060890 0.002982 -0.286693
v 0.068000 0.006575 -0.294212
v 0.067192 0.005633 -0.294236
v 0.067892 0.006146 -0.294223
v 0.067596 0.005801 -0.294232
v 0.068000 0.006621 -0.295309
v 0.067192 0.005686 -0.295561
v 0.067892 0.006194 -0.295384
v 0.067596 0.005852 -0.295476
v 0.068000 0.006646 -0.295419
v 0.067195 0.005756 -0.295886
v 0.067892 0.006241 -0.295589
v 0.067597 0.005915 -0.295760
v 0.068000 0.006646 -0.295419
v 0.067198 0.005864 -0.296106
v 0.067893 0.006295 -0.295691
v 0.067599 0.006008 -0.295943
v 0.068000 0.006646 -0.295419
v 0.067202 0.006014 -0.296275
v 0.067893 0.006369 -0.295769
v 0.067601 0.006137 -0.296083
v 0.068000 0.006697 -0.295452
v 0.067206 0.006206 -0.296410
v 0.067894 0.006490 -0.295849
v 0.067603 0.006310 -0.296199
v 0.068000 0.006823 -0.295505
v 0.067210 0.006445 -0.296522
v 0.067894 0.006671 -0.295927
v 0.067605 0.006532 -0.296299
v 0.068000 0.007027 -0.295565
v 0.067213 0.006733 -0.296614
v 0.067895 0.006916 -0.295999
v 0.067606 0.006808 -0.296383
v 0.068000 0.007306 -0.295621
v 0.067215 0.007075 -0.296689
v 0.067895 0.007225 -0.296062
v 0.067608 0.007140 -0.296453
v 0.068000 0.007661 -0.295669
v 0.067217 0.007477 -0.296750
v 0.067895 0.007602 -0.296115
v 0.067609 0.007535 -0.296510
v 0.068000 0.008095 -0.295709
v 0.067219 0.007950 -0.296799
v 0.067895 0.008054 -0.296157
v 0.067609 0.008001 -0.296555
v 0.068000 0.008623 -0.295739
v 0.067220 0.008507 -0.296834
v 0.067895 0.008594 -0.296188
v 0.067610 0.008552 -0.296589
v 0.068000 0.009263 -0.295757
v 0.067221 0.009173 -0.296857
v 0.067896 0.009246 -0.296207
v 0.067610 0.009213 -0.296610
v 0.068000 0.010058 -0.295765
v 0.067222 0.009990 -0.296867
v 0.067896 0.010049 -0.296215
v 0.067611 0.010024 -0.296618
v 0.068000 0.011092 -0.295758
v 0.067222 0.011044 -0.296862
v 0.067896 0.011090 -0.296209
v 0.067611 0.011072 -0.296613
v 0.068000 0.012607 -0.295732
v 0.067222 0.012580 -0.296837
v 0.067896 0.012611 -0.296182
v 0.067611 0.012601 -0.296587
v 0.068000 0.018786 -0.295581
v 0.067222 0.018814 -0.296685
v 0.067896 0.018797 -0.296031
v 0.067611 0.018807 -0.296435
v 0.068000 0.024965 -0.295423
v 0.067222 0.025047 -0.296525
v 0.067896 0.024984 -0.295873
v 0.067611 0.025014 -0.296276
v 0.068000 0.026479 -0.295373
v 0.067222 0.026583 -0.296474
v 0.067896 0.026504 -0.295823
v 0.067611 0.026542 -0.296226
v 0.068000 0.027512 -0.295328
v 0.067222 0.027636 -0.296426
v 0.067896 0.027544 -0.295777
v 0.067611 0.027589 -0.296179
v 0.068000 0.028306 -0.295281
v 0.067221 0.028451 -0.296375
v 0.067896 0.028346 -0.295730
v 0.067610 0.028399 -0.296130
v 0.068000 0.028945 -0.295230
v 0.067220 0.029115 -0.296319
v 0.067895 0.028995 -0.295677
v 0.067610 0.029058 -0.296076
v 0.068000 0.029470 -0.295174
v 0.067219 0.029670 -0.296255
v 0.067895 0.029534 -0.295619
v 0.067609 0.029607 -0.296015
v 0.068000 0.029902 -0.295113
v 0.067217 0.030140 -0.296184
v 0.067895 0.029983 -0.295555
v 0.067609 0.030070 -0.295947
v 0.068000 0.030254 -0.295047
v 0.067215 0.030539 -0.296102
v 0.067895 0.030357 -0.295484
v 0.067608 0.030461 -0.295870
v 0.068000 0.030529 -0.294977
v 0.067213 0.030876 -0.296010
v 0.067895 0.030663 -0.295405
v 0.067606 0.030790 -0.295783
v 0.068000 0.030730 -0.294907
v 0.067210 0.031159 -0.295904
v 0.067894 0.030904 -0.295321
v 0.067605 0.031060 -0.295686
v 0.068000 0.030853 -0.294848
v 0.067206 0.031392 -0.295781
v 0.067894 0.031081 -0.295234
v 0.067603 0.031278 -0.295575
v 0.068000 0.030903 -0.294813
v 0.067202 0.031577 -0.295636
v 0.067893 0.031197 -0.295149
v 0.067601 0.031444 -0.295450
v 0.068000 0.030903 -0.294812
v 0.067198 0.031718 -0.295460
v 0.067893 0.031268 -0.295067
v 0.067599 0.031566 -0.295304
v 0.068000 0.030903 -0.294812
v 0.067195 0.031815 -0.295234
v 0.067892 0.031316 -0.294962
v 0.067597 0.031650 -0.295116
v 0.068000 0.030923 -0.294702
v 0.067192 0.031869 -0.294906
v 0.067892 0.031352 -0.294755
v 0.067596 0.031698 -0.294830
v 0.068000 0.030914 -0.293604
v 0.067192 0.031856 -0.293580
v 0.067892 0.031343 -0.293593
v 0.067596 0.031687 -0.293584
v 0.068000 0.030868 -0.292507
v 0.067192 0.031802 -0.292255
v 0.067892 0.031294 -0.292432
v 0.067596 0.031636 -0.292340
v 0.068000 0.030843 -0.292398
v 0.067195 0.031733 -0.291930
v 0.067892 0.031247 -0.292227
v 0.067597 0.031573 -0.292056
v 0.068000 0.030843 -0.292398
v 0.067198 0.031625 -0.291710
v 0.067893 0.031194 -0.292125
v 0.067599 0.031480 -0.291874
v 0.068000 0.030842 -0.292397
v 0.067202 0.031475 -0.291541
v 0.067893 0.031120 -0.292047
v 0.067601 0.031351 -0.291734
v 0.068000 0.030791 -0.292365
v 0.067206 0.031282 -0.291406
v 0.067894 0.030999 -0.291968
v 0.067603 0.031179 -0.291617
v 0.068000 0.030665 -0.292311
v 0.067210 0.031044 -0.291295
v 0.067894 0.030818 -0.291889
v 0.067605 0.030956 -0.291517
v 0.068000 0.030461 -0.292252
v 0.067213 0.030756 -0.291203
v 0.067895 0.030573 -0.291817
v 0.067606 0.030681 -0.291433
v 0.068000 0.030182 -0.292196
v 0.067215 0.030414 -0.291127
v 0.067895 0.030264 -0.291754
v 0.067608 0.030349 -0.291363
v 0.068000 0.029828 -0.292147
v 0.067217 0.030012 -0.291066
v 0.067895 0.029887 -0.291702
v 0.067609 0.029954 -0.291306
v 0.068000 0.029394 -0.292107
v 0.067219 0.029539 -0.291018
v 0.067895 0.029435 -0.291660
v 0.067609 0.029488 -0.291261
v 0.068000 0.028866 -0.292078
v 0.067220 0.028981 -0.290982
v 0.067895 0.028894 -0.291629
v 0.067610 0.028936 -0.291228
v 0.068000 0.028225 -0.292059
v 0.067221 0.028315 -0.290959
v 0.067896 0.028243 -0.291609
v 0.067610 0.028276 -0.291207
v 0.068000 0.027430 -0.292052
v 0.067222 0.027499 -0.290949
v 0.067896 0.027440 -0.291601
v 0.067611 0.027465 -0.291198
v 0.068000 0.026396 -0.292058
v 0.067222 0.026445 -0.290954
v 0.067896 0.026399 -0.291608
v 0.067611 0.026417 -0.291204
v 0.068000 0.024881 -0.292084
v 0.067222 0.024908 -0.290980
v 0.067896 0.024878 -0.291634
v 0.067611 0.024888 -0.291230
v 0.068000 0.018703 -0.292235
v 0.067222 0.018675 -0.291131
v 0.067896 0.018691 -0.291785
v 0.067611 0.018681 -0.291381
v 0.068000 0.012524 -0.292393
v 0.067222 0.012442 -0.291291
v 0.067896 0.012505 -0.291943
v 0.067611 0.012475 -0.291540
v 0.068000 0.011009 -0.292443
v 0.067222 0.010906 -0.291343
v 0.067896 0.010984 -0.291993
v 0.067611 0.010947 -0.291590
v 0.068000 0.009976 -0.292488
v 0.067222 0.009853 -0.291390
v 0.067896 0.009945 -0.292039
v 0.067611 0.009899 -0.291637
v 0.068000 0.009183 -0.292535
v 0.067221 0.009038 -0.291441
v 0.067896 0.009143 -0.292087
v 0.067610 0.009090 -0.291686
v 0.068000 0.008544 -0.292586
v 0.067220 0.008374 -0.291497
v 0.067895 0.008493 -0.292139
v 0.067610 0.008431 -0.291740
v 0.068000 0.008018 -0.292642
v 0.067219 0.007819 -0.291561
v 0.067895 0.007955 -0.292197
v 0.067609 0.007882 -0.291801
v 0.068000 0.007586 -0.292703
v 0.067217 0.007349 -0.291632
v 0.067895 0.007505 -0.292261
v 0.067609 0.007419 -0.291869
v 0.068000 0.007235 -0.292769
v 0.067215 0.006950 -0.291714
v 0.067895 0.007132 -0.292333
v 0.067608 0.007027 -0.291946
v 0.068000 0.006959 -0.292839
v 0.067213 0.006613 -0.291806
v 0.067895 0.006826 -0.292411
v 0.067606 0.006699 -0.292033
v 0.068000 0.006758 -0.292909
v 0.067210 0.006330 -0.291913
v 0.067894 0.006585 -0.292495
v 0.067605 0.006428 -0.292131
v 0.068000 0.006635 -0.292969
v 0.067206 0.006097 -0.292036
v 0.067894 0.006408 -0.292583
v 0.067603 0.006211 -0.292241
v 0.068000 0.006586 -0.293004
v 0.067202 0.005911 -0.292180
v 0.067893 0.006291 -0.292668
v 0.067601 0.006044 -0.292366
v 0.068000 0.006586 -0.293004
v 0.067198 0.005770 -0.292356
v 0.067893 0.006221 -0.292750
v 0.067599 0.005923 -0.292513
v 0.068000 0.006586 -0.293004
v 0.067195 0.005673 -0.292582
v 0.067892 0.006173 -0.292854
v 0.067597 0.005839 -0.292700
v 0.068000 0.006566 -0.293115
v 0.067192 0.005620 -0.292910
v 0.067892 0.006136 -0.293061
v 0.067596 0.005790 -0.292986
v -0.010607 0.018548 -0.315917
v -0.010659 0.019294 -0.315901
v -0.009847 0.016382 -0.315962
v -0.010200 0.017085 -0.315947
v -0.010454 0.017810 -0.315932
v -0.008239 0.014466 -0.316002
v -0.008862 0.015066 -0.315989
v 0.010659 0.019294 -0.315901
v 0.010607 0.018548 -0.315917
v -0.009400 0.015707 -0.315976
v -0.007537 0.013913 -0.316013
v -0.006762 0.013412 -0.316024
v -0.004079 0.012264 -0.316047
v -0.005024 0.012583 -0.316041
v -0.005922 0.012967 -0.316033
v -0.001045 0.011721 -0.316059
v -0.002079 0.011830 -0.316057
v 0.002079 0.011830 -0.316057
v 0.001045 0.011721 -0.316059
v 0.000000 0.011684 -0.316060
v -0.003094 0.012012 -0.316053
v 0.004079 0.012264 -0.316047
v 0.005024 0.012583 -0.316041
v 0.006762 0.013412 -0.316024
v 0.007537 0.013913 -0.316013
v 0.005922 0.012967 -0.316033
v 0.008862 0.015066 -0.315989
v 0.009400 0.015707 -0.315976
v 0.010200 0.017085 -0.315947
v 0.010454 0.017810 -0.315932
v 0.009847 0.016382 -0.315962
v 0.008239 0.014466 -0.316002
v 0.003094 0.012012 -0.316053
v -0.010200 0.021503 -0.315837
v -0.008862 0.023521 -0.315778
v -0.009400 0.022881 -0.315796
v -0.009847 0.022206 -0.315816
v -0.006762 0.025176 -0.315729
v -0.007537 0.024674 -0.315744
v -0.004079 0.026324 -0.315696
v -0.005024 0.026004 -0.315705
v -0.005922 0.025620 -0.315717
v -0.008239 0.024121 -0.315760
v -0.002079 0.026756 -0.315683
v -0.000000 0.026903 -0.315679
v 0.001045 0.026866 -0.315680
v -0.001045 0.026866 -0.315680
v 0.003094 0.026575 -0.315689
v 0.004079 0.026324 -0.315696
v 0.005922 0.025620 -0.315717
v 0.006762 0.025176 -0.315729
v 0.005024 0.026004 -0.315705
v 0.002079 0.026756 -0.315683
v -0.003094 0.026575 -0.315689
v -0.010659 0.019294 -0.315901
v -0.010607 0.020040 -0.315879
v -0.010454 0.020779 -0.315858
v 0.008239 0.024121 -0.315760
v 0.007537 0.024674 -0.315744
v 0.009400 0.022881 -0.315796
v 0.010200 0.021503 -0.315837
v 0.009847 0.022206 -0.315816
v 0.010607 0.020040 -0.315879
v 0.010659 0.019294 -0.315901
v 0.010454 0.020779 -0.315858
v 0.008862 0.023521 -0.315778
v -0.010195 0.018915 -0.271900
v -0.010245 0.018195 -0.271915
v -0.009465 0.021008 -0.271856
v -0.009804 0.020328 -0.271871
v -0.009035 0.021660 -0.271843
v -0.010048 0.019629 -0.271885
v -0.008518 0.022279 -0.271830
v -0.007244 0.023393 -0.271807
v -0.007919 0.022858 -0.271818
v 0.010048 0.019629 -0.271885
v 0.010195 0.018915 -0.271900
v 0.010245 0.018195 -0.271915
v -0.005692 0.024307 -0.271788
v -0.006499 0.023877 -0.271797
v -0.004829 0.024678 -0.271780
v -0.003921 0.024986 -0.271774
v -0.002974 0.025229 -0.271769
v -0.001999 0.025405 -0.271765
v -0.001004 0.025511 -0.271763
v 0.001004 0.025511 -0.271763
v 0.001999 0.025405 -0.271765
v -0.000000 0.025546 -0.271762
v 0.003921 0.024986 -0.271774
v 0.004829 0.024678 -0.271780
v 0.006499 0.023877 -0.271797
v 0.007244 0.023393 -0.271807
v 0.005692 0.024307 -0.271788
v 0.008518 0.022279 -0.271830
v 0.009035 0.021660 -0.271843
v 0.009804 0.020328 -0.271871
v 0.009465 0.021008 -0.271856
v 0.007919 0.022858 -0.271818
v 0.002974 0.025229 -0.271769
v -0.009465 0.015382 -0.271997
v -0.009035 0.014730 -0.272016
v -0.008518 0.014111 -0.272034
v -0.007919 0.013532 -0.272051
v -0.006499 0.012513 -0.272081
v -0.007244 0.012997 -0.272067
v -0.003921 0.011404 -0.272113
v -0.004829 0.011712 -0.272104
v -0.005692 0.012083 -0.272094
v -0.001999 0.010986 -0.272126
v 0.000000 0.010844 -0.272130
v 0.001004 0.010880 -0.272129
v -0.001004 0.010880 -0.272129
v 0.003921 0.011404 -0.272113
v 0.002974 0.011161 -0.272120
v 0.005692 0.012083 -0.272094
v 0.004829 0.011712 -0.272104
v 0.001999 0.010986 -0.272126
v -0.002974 0.011161 -0.272120
v -0.010245 0.018194 -0.271915
v -0.010048 0.016760 -0.271957
v -0.010195 0.017474 -0.271936
v 0.007244 0.012997 -0.272067
v 0.006499 0.012513 -0.272081
v -0.009804 0.016061 -0.271977
v 0.008518 0.014111 -0.272034
v 0.009465 0.015382 -0.271997
v 0.009035 0.014730 -0.272016
v 0.010048 0.016760 -0.271957
v 0.010245 0.018194 -0.271915
v 0.010195 0.017474 -0.271936
v 0.009804 0.016061 -0.271977
v 0.007919 0.013532 -0.272051
vn -0.0162 -0.9996 -0.0250
vn -0.0167 -0.9993 -0.0345
vn 0.0147 -0.9993 -0.0335
vn 0.0149 -0.9996 -0.0250
vn -0.0210 -0.9964 -0.0824
vn 0.0129 -0.9970 -0.0760
vn -0.0276 -0.9891 -0.1446
vn 0.0100 -0.9913 -0.1315
vn -0.0371 -0.9734 -0.2259
vn 0.0058 -0.9789 -0.2044
vn -0.0496 -0.9441 -0.3259
vn 0.0001 -0.9554 -0.2954
vn -0.0647 -0.8948 -0.4418
vn -0.0073 -0.9150 -0.4035
vn -0.0817 -0.8197 -0.5669
vn -0.0162 -0.8513 -0.5245
vn -0.0988 -0.7173 -0.6898
vn -0.0260 -0.7598 -0.6496
vn -0.1142 -0.5928 -0.7972
vn -0.0360 -0.6419 -0.7659
vn -0.1264 -0.4585 -0.8797
vn -0.0450 -0.5069 -0.8608
vn -0.1350 -0.3282 -0.9349
vn -0.0524 -0.3691 -0.9279
vn -0.1403 -0.2125 -0.9670
vn -0.0576 -0.2423 -0.9685
vn -0.1432 -0.1168 -0.9828
vn -0.0611 -0.1354 -0.9889
vn -0.1446 -0.0433 -0.9885
vn -0.0631 -0.0522 -0.9966
vn -0.1451 0.0135 -0.9893
vn -0.0642 0.0121 -0.9979
vn -0.1451 0.0247 -0.9891
vn -0.0644 0.0249 -0.9976
vn -0.1451 0.0360 -0.9888
vn -0.0643 0.0378 -0.9972
vn -0.1446 0.0926 -0.9852
vn -0.0631 0.1020 -0.9928
vn -0.1432 0.1658 -0.9757
vn -0.0611 0.1846 -0.9809
vn -0.1403 0.2605 -0.9552
vn -0.0576 0.2904 -0.9552
vn -0.1350 0.3745 -0.9173
vn -0.0524 0.4150 -0.9083
vn -0.1264 0.5019 -0.8556
vn -0.0450 0.5493 -0.8344
vn -0.1142 0.6319 -0.7666
vn -0.0360 0.6794 -0.7329
vn -0.0988 0.7508 -0.6531
vn -0.0260 0.7913 -0.6108
vn -0.0817 0.8470 -0.5253
vn -0.0162 0.8764 -0.4813
vn -0.0647 0.9157 -0.3966
vn -0.0073 0.9340 -0.3572
vn -0.0496 0.9592 -0.2783
vn 0.0001 0.9690 -0.2472
vn -0.0371 0.9835 -0.1770
vn 0.0058 0.9879 -0.1553
vn -0.0276 0.9951 -0.0950
vn 0.0100 0.9966 -0.0818
vn -0.0210 0.9993 -0.0325
vn 0.0129 0.9996 -0.0261
vn -0.0167 0.9997 0.0154
vn 0.0147 0.9998 0.0165
vn -0.0162 0.9996 0.0250
vn 0.0150 0.9996 0.0250
vn -0.0167 0.9993 0.0345
vn 0.0147 0.9993 0.0335
vn -0.0210 0.9964 0.0824
vn 0.0129 0.9970 0.0760
vn -0.0276 0.9891 0.1446
vn 0.0100 0.9913 0.1315
vn -0.0371 0.9734 0.2259
vn 0.0058 0.9789 0.2044
vn -0.0496 0.9441 0.3259
vn 0.0001 0.9554 0.2954
vn -0.0647 0.8948 0.4418
vn -0.0073 0.9150 0.4035
vn -0.0817 0.8197 0.5669
vn -0.0162 0.8513 0.5245
vn -0.0988 0.7173 0.6898
vn -0.0260 0.7598 0.6496
vn -0.1142 0.5928 0.7972
vn -0.0360 0.6419 0.7659
vn -0.1264 0.4585 0.8797
vn -0.0450 0.5069 0.8608
vn -0.1350 0.3282 0.9349
vn -0.0524 0.3691 0.9279
vn -0.1403 0.2125 0.9670
vn -0.0576 0.2423 0.9685
vn -0.1432 0.1168 0.9828
vn -0.0611 0.1354 0.9889
vn -0.1446 0.0433 0.9885
vn -0.0631 0.0522 0.9966
vn -0.1451 -0.0135 0.9893
vn -0.0643 -0.0121 0.9979
vn -0.1451 -0.0247 0.9891
vn -0.0644 -0.0249 0.9976
vn -0.1451 -0.0360 0.9888
vn -0.0643 -0.0378 0.9972
vn -0.1446 -0.0926 0.9852
vn -0.0631 -0.1020 0.9928
vn -0.1432 -0.1658 0.9757
vn -0.0611 -0.1846 0.9809
vn -0.1403 -0.2606 0.9552
vn -0.0576 -0.2904 0.9552
vn -0.1350 -0.3745 0.9173
vn -0.0524 -0.4150 0.9083
vn -0.1264 -0.5019 0.8556
vn -0.0450 -0.5493 0.8344
vn -0.1142 -0.6319 0.7666
vn -0.0360 -0.6794 0.7329
vn -0.0988 -0.7508 0.6531
vn -0.0260 -0.7913 0.6108
vn -0.0817 -0.8470 0.5253
vn -0.0162 -0.8764 0.4813
vn -0.0647 -0.9157 0.3966
vn -0.0073 -0.9340 0.3572
vn -0.0496 -0.9592 0.2783
vn 0.0001 -0.9690 0.2472
vn -0.0371 -0.9835 0.1770
vn 0.0058 -0.9879 0.1553
vn -0.0276 -0.9951 0.0950
vn 0.0100 -0.9966 0.0818
vn -0.0210 -0.9993 0.0325
vn 0.0129 -0.9996 0.0261
vn -0.0167 -0.9997 -0.0154
vn 0.0147 -0.9998 -0.0165
vn 0.0344 -0.9989 -0.0332
vn 0.0340 -0.9991 -0.0250
vn 0.0369 -0.9965 -0.0747
vn 0.0409 -0.9908 -0.1287
vn 0.0466 -0.9787 -0.1997
vn 0.0540 -0.9560 -0.2885
vn 0.0631 -0.9168 -0.3943
vn 0.0733 -0.8550 -0.5135
vn 0.0838 -0.7656 -0.6378
vn 0.0934 -0.6494 -0.7547
vn 0.1008 -0.5149 -0.8513
vn 0.1056 -0.3764 -0.9204
vn 0.1079 -0.2479 -0.9628
vn 0.1086 -0.1390 -0.9843
vn 0.1084 -0.0541 -0.9926
vn 0.1079 0.0117 -0.9941
vn -0.7633 0.0443 -0.6445
vn 0.1078 0.0249 -0.9939
vn 0.7194 0.1251 -0.6832
vn 0.7080 0.2128 -0.6734
vn 0.6735 0.3059 -0.6729
vn 0.6282 0.3906 -0.6729
vn 0.5748 0.4650 -0.6734
vn 0.5161 0.5283 -0.6742
vn 0.4545 0.5808 -0.6754
vn 0.3919 0.6233 -0.6768
vn 0.3296 0.6566 -0.6784
vn 0.2685 0.6822 -0.6801
vn 0.2091 0.7009 -0.6819
vn 0.1517 0.7137 -0.6838
vn 0.0961 0.7215 -0.6857
vn 0.0423 0.7248 -0.6877
vn -0.0099 0.7242 -0.6896
vn -0.0607 0.7198 -0.6915
vn -0.1104 0.7121 -0.6934
vn -0.1593 0.7009 -0.6952
vn -0.2076 0.6863 -0.6971
vn -0.2554 0.6680 -0.6989
vn -0.3028 0.6460 -0.7007
vn -0.3500 0.6195 -0.7026
vn -0.3969 0.5884 -0.7044
vn -0.4435 0.5518 -0.7063
vn -0.4892 0.5092 -0.7081
vn -0.5334 0.4597 -0.7100
vn -0.5753 0.4026 -0.7120
vn -0.6135 0.3375 -0.7140
vn -0.6462 0.2641 -0.7161
vn -0.6714 0.1828 -0.7182
vn -0.6871 0.0951 -0.7203
vn -0.6914 0.0028 -0.7225
vn 0.1079 0.0380 -0.9934
vn -0.7614 -0.0725 -0.6443
vn -0.6628 -0.1768 -0.7276
vn -0.6306 -0.2640 -0.7298
vn -0.5887 -0.3438 -0.7316
vn -0.5394 -0.4144 -0.7330
vn -0.4852 -0.4754 -0.7339
vn -0.4282 -0.5268 -0.7342
vn -0.3701 -0.5694 -0.7340
vn -0.3122 -0.6040 -0.7333
vn -0.2550 -0.6318 -0.7320
vn -0.1990 -0.6535 -0.7303
vn -0.1443 -0.6699 -0.7282
vn -0.0911 -0.6818 -0.7258
vn -0.0391 -0.6896 -0.7232
vn 0.0120 -0.6936 -0.7202
vn 0.0621 -0.6941 -0.7172
vn 0.1118 -0.6910 -0.7141
vn 0.1611 -0.6845 -0.7110
vn 0.2103 -0.6743 -0.7079
vn 0.2596 -0.6602 -0.7048
vn 0.3092 -0.6417 -0.7019
vn 0.3591 -0.6184 -0.6990
vn 0.4093 -0.5897 -0.6963
vn 0.4595 -0.5548 -0.6936
vn 0.5094 -0.5128 -0.6910
vn 0.5582 -0.4630 -0.6885
vn 0.6048 -0.4044 -0.6861
vn 0.6475 -0.3366 -0.6837
vn 0.6846 -0.2592 -0.6813
vn 0.7134 -0.1729 -0.6791
vn 0.7318 -0.0792 -0.6769
vn 0.7376 0.0196 -0.6750
vn 0.7288 0.1201 -0.6741
vn 0.1084 0.1036 -0.9887
vn 0.1086 0.1880 -0.9761
vn 0.1079 0.2957 -0.9492
vn 0.1056 0.4219 -0.9005
vn 0.1008 0.5568 -0.8245
vn 0.0934 0.6863 -0.7213
vn 0.0838 0.7965 -0.5988
vn 0.0733 0.8795 -0.4701
vn 0.0631 0.9354 -0.3480
vn 0.0540 0.9692 -0.2403
vn 0.0466 0.9875 -0.1506
vn 0.0409 0.9960 -0.0790
vn 0.0369 0.9990 -0.0248
vn 0.0344 0.9993 0.0167
vn 0.0340 0.9991 0.0250
vn 0.0344 0.9989 0.0332
vn 0.0369 0.9965 0.0747
vn 0.0409 0.9908 0.1287
vn 0.0466 0.9787 0.1997
vn 0.0540 0.9560 0.2885
vn 0.0631 0.9168 0.3943
vn 0.0733 0.8550 0.5135
vn 0.0838 0.7656 0.6378
vn 0.0934 0.6494 0.7547
vn 0.1008 0.5149 0.8513
vn 0.1056 0.3764 0.9204
vn 0.1079 0.2479 0.9628
vn 0.1086 0.1390 0.9843
vn 0.1084 0.0541 0.9926
vn 0.1079 -0.0117 0.9941
vn 0.1078 -0.0249 0.9939
vn 0.7253 -0.1265 0.6767
vn 0.7137 -0.2139 0.6670
vn 0.6787 -0.3077 0.6668
vn 0.6329 -0.3930 0.6671
vn 0.5789 -0.4677 0.6679
vn 0.5196 -0.5314 0.6691
vn 0.4575 -0.5840 0.6705
vn 0.3945 -0.6266 0.6722
vn 0.3318 -0.6601 0.6740
vn 0.2704 -0.6857 0.6758
vn 0.2108 -0.7044 0.6777
vn 0.1531 -0.7174 0.6796
vn 0.0973 -0.7253 0.6815
vn 0.0433 -0.7288 0.6834
vn -0.0092 -0.7283 0.6852
vn -0.0603 -0.7242 0.6870
vn -0.1104 -0.7166 0.6887
vn -0.1596 -0.7057 0.6903
vn -0.2083 -0.6913 0.6919
vn -0.2565 -0.6733 0.6935
vn -0.3045 -0.6513 0.6950
vn -0.3523 -0.6250 0.6965
vn -0.4000 -0.5939 0.6981
vn -0.4472 -0.5573 0.6996
vn -0.4936 -0.5146 0.7011
vn -0.5387 -0.4649 0.7027
vn -0.5813 -0.4074 0.7043
vn -0.6203 -0.3417 0.7061
vn -0.6536 -0.2676 0.7079
vn -0.6794 -0.1855 0.7099
vn -0.6954 -0.0967 0.7121
vn -0.6998 -0.0034 0.7143
vn -0.7690 -0.0466 0.6376
vn 0.7351 -0.1203 0.6672
vn 0.1079 -0.0380 0.9934
vn -0.7683 0.0717 0.6361
vn -0.6707 0.1782 0.7200
vn -0.6380 0.2663 0.7225
vn -0.5954 0.3467 0.7248
vn -0.5454 0.4179 0.7266
vn -0.4904 0.4793 0.7279
vn -0.4328 0.5309 0.7286
vn -0.3740 0.5736 0.7288
vn -0.3154 0.6084 0.7283
vn -0.2576 0.6361 0.7273
vn -0.2012 0.6578 0.7258
vn -0.1462 0.6742 0.7239
vn -0.0925 0.6861 0.7216
vn -0.0401 0.6938 0.7190
vn 0.0112 0.6978 0.7162
vn 0.0618 0.6982 0.7132
vn 0.1117 0.6952 0.7101
vn 0.1613 0.6887 0.7069
vn 0.2108 0.6785 0.7037
vn 0.2605 0.6644 0.7005
vn 0.3104 0.6460 0.6974
vn 0.3607 0.6228 0.6943
vn 0.4113 0.5941 0.6913
vn 0.4621 0.5592 0.6884
vn 0.5124 0.5172 0.6855
vn 0.5618 0.4672 0.6827
vn 0.6089 0.4084 0.6800
vn 0.6523 0.3402 0.6774
vn 0.6898 0.2623 0.6748
vn 0.7192 0.1753 0.6723
vn 0.7378 0.0808 0.6701
vn 0.7437 -0.0189 0.6682
vn 0.1084 -0.1036 0.9887
vn 0.1086 -0.1880 0.9761
vn 0.1079 -0.2957 0.9492
vn 0.1056 -0.4219 0.9005
vn 0.1008 -0.5568 0.8245
vn 0.0934 -0.6863 0.7213
vn 0.0838 -0.7965 0.5988
vn 0.0733 -0.8795 0.4701
vn 0.0631 -0.9354 0.3480
vn 0.0540 -0.9692 0.2403
vn 0.0466 -0.9875 0.1506
vn 0.0409 -0.9960 0.0790
vn 0.0369 -0.9990 0.0248
vn 0.0344 -0.9993 -0.0167
vn 0.0828 -0.9959 -0.0364
vn 0.0810 -0.9964 -0.0249
vn 0.0959 -0.9909 -0.0940
vn 0.1160 -0.9789 -0.1681
vn 0.1439 -0.9540 -0.2632
vn 0.1787 -0.9093 -0.3757
vn 0.2177 -0.8392 -0.4983
vn 0.2569 -0.7420 -0.6192
vn 0.2917 -0.6232 -0.7256
vn 0.3189 -0.4949 -0.8083
vn 0.3377 -0.3699 -0.8655
vn 0.3493 -0.2578 -0.9008
vn 0.3557 -0.1633 -0.9202
vn 0.3587 -0.0873 -0.9294
vn 0.3598 -0.0297 -0.9326
vn 0.3599 0.0145 -0.9329
vn 0.3598 0.0233 -0.9327
vn 0.3599 0.0321 -0.9324
vn 0.3598 0.0762 -0.9299
vn 0.3587 0.1337 -0.9238
vn 0.3557 0.2090 -0.9109
vn 0.3491 0.3026 -0.8869
vn 0.3376 0.4127 -0.8460
vn 0.3189 0.5347 -0.7826
vn 0.2917 0.6587 -0.6935
vn 0.2569 0.7720 -0.5814
vn 0.2177 0.8631 -0.4557
vn 0.1787 0.9270 -0.3298
vn 0.1439 0.9659 -0.2151
vn 0.1160 0.9861 -0.1190
vn 0.0959 0.9944 -0.0444
vn 0.0828 0.9965 0.0134
vn 0.0811 0.9964 0.0249
vn 0.0828 0.9959 0.0364
vn 0.0959 0.9909 0.0940
vn 0.1160 0.9789 0.1681
vn 0.1439 0.9540 0.2632
vn 0.1787 0.9093 0.3757
vn 0.2177 0.8392 0.4983
vn 0.2569 0.7420 0.6192
vn 0.2917 0.6232 0.7256
vn 0.3189 0.4949 0.8083
vn 0.3377 0.3699 0.8655
vn 0.3493 0.2578 0.9008
vn 0.3557 0.1633 0.9202
vn 0.3587 0.0873 0.9294
vn 0.3598 0.0297 0.9326
vn 0.3599 -0.0145 0.9329
vn 0.3598 -0.0233 0.9327
vn 0.3599 -0.0321 0.9324
vn 0.3598 -0.0762 0.9299
vn 0.3587 -0.1337 0.9238
vn 0.3557 -0.2090 0.9109
vn 0.3491 -0.3025 0.8869
vn 0.3376 -0.4127 0.8460
vn 0.3189 -0.5347 0.7826
vn 0.2917 -0.6587 0.6935
vn 0.2569 -0.7720 0.5814
vn 0.2177 -0.8631 0.4557
vn 0.1787 -0.9270 0.3298
vn 0.1439 -0.9659 0.2151
vn 0.1160 -0.9861 0.1190
vn 0.0959 -0.9944 0.0444
vn 0.0828 -0.9965 -0.0134
vn 0.0466 -0.9981 -0.0410
vn 0.0442 -0.9987 -0.0250
vn 0.0655 -0.9905 -0.1212
vn 0.0939 -0.9703 -0.2228
vn 0.1325 -0.9281 -0.3480
vn 0.1777 -0.8560 -0.4855
vn 0.2239 -0.7533 -0.6184
vn 0.2651 -0.6293 -0.7306
vn 0.2976 -0.4995 -0.8136
vn 0.3210 -0.3777 -0.8685
vn 0.3367 -0.2714 -0.9016
vn 0.3469 -0.1831 -0.9198
vn 0.3533 -0.1120 -0.9288
vn 0.3571 -0.0564 -0.9323
vn 0.3593 -0.0148 -0.9331
vn 0.3604 0.0170 -0.9327
vn 0.3605 0.0233 -0.9325
vn 0.3604 0.0296 -0.9323
vn 0.3593 0.0614 -0.9312
vn 0.3571 0.1030 -0.9284
vn 0.3533 0.1583 -0.9220
vn 0.3469 0.2288 -0.9095
vn 0.3367 0.3162 -0.8869
vn 0.3210 0.4206 -0.8486
vn 0.2976 0.5396 -0.7876
vn 0.2651 0.6650 -0.6982
vn 0.2239 0.7832 -0.5800
vn 0.1777 0.8792 -0.4422
vn 0.1325 0.9443 -0.3012
vn 0.0940 0.9803 -0.1740
vn 0.0655 0.9953 -0.0715
vn 0.0466 0.9989 0.0089
vn 0.0442 0.9987 0.0250
vn 0.0466 0.9981 0.0410
vn 0.0655 0.9905 0.1212
vn 0.0939 0.9703 0.2228
vn 0.1325 0.9281 0.3480
vn 0.1777 0.8560 0.4855
vn 0.2239 0.7533 0.6184
vn 0.2651 0.6293 0.7306
vn 0.2976 0.4995 0.8136
vn 0.3210 0.3777 0.8685
vn 0.3367 0.2714 0.9016
vn 0.3469 0.1831 0.9198
vn 0.3533 0.1120 0.9288
vn 0.3571 0.0564 0.9323
vn 0.3593 0.0148 0.9331
vn 0.3604 -0.0170 0.9327
vn 0.3605 -0.0233 0.9325
vn 0.3604 -0.0296 0.9323
vn 0.3593 -0.0614 0.9312
vn 0.3571 -0.1030 0.9284
vn 0.3533 -0.1583 0.9220
vn 0.3469 -0.2288 0.9095
vn 0.3367 -0.3162 0.8869
vn 0.3210 -0.4206 0.8486
vn 0.2976 -0.5396 0.7876
vn 0.2651 -0.6650 0.6982
vn 0.2239 -0.7832 0.5800
vn 0.1777 -0.8792 0.4422
vn 0.1325 -0.9443 0.3012
vn 0.0940 -0.9803 0.1740
vn 0.0655 -0.9953 0.0715
vn 0.0466 -0.9989 -0.0089
vn -0.1391 -0.9900 -0.0248
vn -0.1396 -0.9901 -0.0144
vn -0.5609 -0.8278 -0.0143
vn -0.5156 -0.8566 -0.0207
vn -0.7528 -0.6581 -0.0143
vn -0.9687 -0.2481 -0.0054
vn -0.9688 -0.2479 0.0036
vn -0.7535 -0.6574 0.0096
vn -0.3778 -0.9252 0.0350
vn -0.1429 -0.9890 0.0375
vn -0.9688 -0.2471 0.0177
vn -0.7547 -0.6544 0.0470
vn -0.3818 -0.9190 0.0979
vn -0.1476 -0.9835 0.1049
vn -0.9689 -0.2445 0.0370
vn -0.7563 -0.6468 0.0980
vn -0.3871 -0.9039 0.1822
vn -0.1537 -0.9691 0.1928
vn -0.9691 -0.2391 0.0614
vn -0.7583 -0.6314 0.1621
vn -0.3927 -0.8755 0.2815
vn -0.1604 -0.9403 0.3002
vn -0.9692 -0.2292 0.0902
vn -0.7603 -0.6045 0.2378
vn -0.3981 -0.8280 0.3950
vn -0.1668 -0.8905 0.4232
vn -0.9693 -0.2135 0.1220
vn -0.7620 -0.5623 0.3212
vn -0.4020 -0.7570 0.5151
vn -0.1715 -0.8150 0.5535
vn -0.9693 -0.1914 0.1541
vn -0.7630 -0.5034 0.4055
vn -0.4034 -0.6630 0.6306
vn -0.1732 -0.7136 0.6788
vn -0.9693 -0.1635 0.1834
vn -0.7630 -0.4301 0.4825
vn -0.4020 -0.5523 0.7303
vn -0.1715 -0.5936 0.7863
vn -0.9693 -0.1325 0.2072
vn -0.7620 -0.3489 0.5456
vn -0.3981 -0.4359 0.8072
vn -0.1668 -0.4672 0.8683
vn -0.9692 -0.1015 0.2245
vn -0.7603 -0.2677 0.5918
vn -0.3927 -0.3249 0.8604
vn -0.1604 -0.3468 0.9241
vn -0.9691 -0.0733 0.2357
vn -0.7583 -0.1935 0.6225
vn -0.3871 -0.2271 0.8936
vn -0.1537 -0.2410 0.9583
vn -0.9689 -0.0492 0.2423
vn -0.7563 -0.1301 0.6412
vn -0.3819 -0.1438 0.9130
vn -0.1476 -0.1539 0.9770
vn -0.9688 -0.0301 0.2459
vn -0.7547 -0.0796 0.6513
vn -0.3778 -0.0813 0.9223
vn -0.1429 -0.0869 0.9859
vn -0.9688 -0.0160 0.2474
vn -0.7535 -0.0425 0.6561
vn -0.3750 -0.0328 0.9264
vn -0.1396 -0.0351 0.9896
vn -0.9687 -0.0070 0.2480
vn -0.7529 -0.0186 0.6579
vn -0.3746 -0.0232 0.9269
vn -0.1392 -0.0247 0.9900
vn -0.9687 -0.0054 0.2481
vn -0.7529 -0.0143 0.6580
vn -0.3750 -0.0135 0.9269
vn -0.1396 -0.0144 0.9901
vn -0.9688 0.0036 0.2479
vn -0.7535 0.0096 0.6574
vn -0.3778 0.0351 0.9252
vn -0.1429 0.0375 0.9890
vn -0.9688 0.0177 0.2471
vn -0.7547 0.0470 0.6544
vn -0.3819 0.0979 0.9190
vn -0.1476 0.1049 0.9835
vn -0.9689 0.0370 0.2445
vn -0.7563 0.0979 0.6469
vn -0.3871 0.1822 0.9039
vn -0.1536 0.1928 0.9691
vn -0.9691 0.0614 0.2390
vn -0.7583 0.1622 0.6314
vn -0.3927 0.2815 0.8755
vn -0.1604 0.3002 0.9403
vn -0.9692 0.0902 0.2292
vn -0.7603 0.2378 0.6045
vn -0.3981 0.3950 0.8280
vn -0.1668 0.4232 0.8905
vn -0.9693 0.1220 0.2136
vn -0.7620 0.3212 0.5623
vn -0.4020 0.5151 0.7570
vn -0.1715 0.5535 0.8150
vn -0.9693 0.1541 0.1914
vn -0.7630 0.4055 0.5034
vn -0.4034 0.6306 0.6630
vn -0.1732 0.6788 0.7136
vn -0.9693 0.1834 0.1635
vn -0.7630 0.4825 0.4301
vn -0.4020 0.7303 0.5523
vn -0.1715 0.7863 0.5936
vn -0.9693 0.2072 0.1325
vn -0.7620 0.5456 0.3489
vn -0.3981 0.8072 0.4359
vn -0.1668 0.8683 0.4672
vn -0.9692 0.2245 0.1015
vn -0.7603 0.5918 0.2677
vn -0.3927 0.8604 0.3249
vn -0.1604 0.9241 0.3468
vn -0.9691 0.2357 0.0733
vn -0.7583 0.6225 0.1935
vn -0.3871 0.8936 0.2271
vn -0.1537 0.9583 0.2410
vn -0.9689 0.2423 0.0492
vn -0.7563 0.6411 0.1302
vn -0.3818 0.9130 0.1438
vn -0.1476 0.9770 0.1539
vn -0.9688 0.2459 0.0301
vn -0.7547 0.6513 0.0796
vn -0.3778 0.9223 0.0812
vn -0.1429 0.9859 0.0869
vn -0.9688 0.2474 0.0160
vn -0.7535 0.6561 0.0424
vn -0.3750 0.9264 0.0328
vn -0.1396 0.9896 0.0351
vn -0.9687 0.2480 0.0070
vn -0.7528 0.6580 0.0186
vn -0.3746 0.9269 0.0232
vn -0.1391 0.9900 0.0247
vn -0.9687 0.2481 0.0054
vn -0.7528 0.6581 0.0143
vn -0.3750 0.9269 0.0135
vn -0.1396 0.9901 0.0144
vn -0.9688 0.2479 -0.0036
vn -0.7535 0.6574 -0.0096
vn -0.3779 0.9252 -0.0351
vn -0.1429 0.9890 -0.0375
vn -0.9688 0.2470 -0.0177
vn -0.7547 0.6544 -0.0470
vn -0.3818 0.9190 -0.0979
vn -0.1476 0.9835 -0.1049
vn -0.9689 0.2445 -0.0370
vn -0.7563 0.6468 -0.0980
vn -0.3871 0.9039 -0.1822
vn -0.1537 0.9691 -0.1928
vn -0.9691 0.2391 -0.0614
vn -0.7583 0.6314 -0.1621
vn -0.3927 0.8755 -0.2815
vn -0.1604 0.9403 -0.3002
vn -0.9692 0.2292 -0.0902
vn -0.7603 0.6045 -0.2378
vn -0.3981 0.8280 -0.3950
vn -0.1668 0.8905 -0.4232
vn -0.9693 0.2135 -0.1220
vn -0.7620 0.5623 -0.3212
vn -0.4019 0.7570 -0.5151
vn -0.1715 0.8150 -0.5535
vn -0.9693 0.1914 -0.1541
vn -0.7630 0.5034 -0.4055
vn -0.4034 0.6630 -0.6306
vn -0.1732 0.7136 -0.6788
vn -0.9693 0.1635 -0.1834
vn -0.7630 0.4301 -0.4826
vn -0.4020 0.5523 -0.7303
vn -0.1715 0.5936 -0.7863
vn -0.9693 0.1325 -0.2072
vn -0.7620 0.3489 -0.5456
vn -0.3981 0.4359 -0.8072
vn -0.1668 0.4672 -0.8683
vn -0.9692 0.1015 -0.2244
vn -0.7603 0.2677 -0.5918
vn -0.3928 0.3249 -0.8603
vn -0.1604 0.3468 -0.9241
vn -0.9691 0.0733 -0.2357
vn -0.7583 0.1935 -0.6225
vn -0.3871 0.2271 -0.8936
vn -0.1537 0.2410 -0.9583
vn -0.9689 0.0492 -0.2424
vn -0.7563 0.1301 -0.6411
vn -0.3819 0.1438 -0.9130
vn -0.1476 0.1539 -0.9770
vn -0.9688 0.0301 -0.2459
vn -0.7547 0.0796 -0.6513
vn -0.3778 0.0813 -0.9223
vn -0.1429 0.0869 -0.9859
vn -0.9688 0.0160 -0.2474
vn -0.7535 0.0425 -0.6561
vn -0.3750 0.0328 -0.9264
vn -0.1396 0.0351 -0.9896
vn -0.9687 0.0070 -0.2480
vn -0.7529 0.0186 -0.6579
vn -0.3747 0.0232 -0.9269
vn -0.1392 0.0247 -0.9900
vn -0.9687 0.0054 -0.2481
vn -0.7528 0.0143 -0.6581
vn -0.3750 0.0135 -0.9269
vn -0.1396 0.0144 -0.9901
vn -0.9688 -0.0036 -0.2479
vn -0.7535 -0.0096 -0.6574
vn -0.3778 -0.0351 -0.9252
vn -0.1429 -0.0375 -0.9890
vn -0.9688 -0.0177 -0.2471
vn -0.7547 -0.0470 -0.6544
vn -0.3819 -0.0979 -0.9190
vn -0.1476 -0.1049 -0.9835
vn -0.9689 -0.0370 -0.2445
vn -0.7563 -0.0979 -0.6468
vn -0.3871 -0.1822 -0.9039
vn -0.1537 -0.1928 -0.9691
vn -0.9691 -0.0614 -0.2390
vn -0.7583 -0.1622 -0.6315
vn -0.3928 -0.2815 -0.8755
vn -0.1604 -0.3002 -0.9403
vn -0.9692 -0.0902 -0.2292
vn -0.7603 -0.2378 -0.6045
vn -0.3981 -0.3950 -0.8280
vn -0.1668 -0.4232 -0.8905
vn -0.9693 -0.1220 -0.2136
vn -0.7620 -0.3212 -0.5623
vn -0.4020 -0.5151 -0.7570
vn -0.1715 -0.5535 -0.8150
vn -0.9693 -0.1541 -0.1914
vn -0.7630 -0.4055 -0.5034
vn -0.4034 -0.6306 -0.6630
vn -0.1732 -0.6788 -0.7136
vn -0.9693 -0.1834 -0.1635
vn -0.7630 -0.4825 -0.4301
vn -0.4019 -0.7303 -0.5523
vn -0.1715 -0.7863 -0.5936
vn -0.9693 -0.2072 -0.1325
vn -0.7620 -0.5456 -0.3489
vn -0.3981 -0.8072 -0.4359
vn -0.1668 -0.8683 -0.4672
vn -0.9692 -0.2245 -0.1015
vn -0.7603 -0.5918 -0.2677
vn -0.3927 -0.8604 -0.3249
vn -0.1604 -0.9241 -0.3468
vn -0.9691 -0.2357 -0.0733
vn -0.7583 -0.6225 -0.1935
vn -0.3871 -0.8936 -0.2271
vn -0.1537 -0.9583 -0.2410
vn -0.9689 -0.2423 -0.0492
vn -0.7563 -0.6411 -0.1302
vn -0.3818 -0.9130 -0.1437
vn -0.1477 -0.9770 -0.1539
vn -0.9688 -0.2459 -0.0301
vn -0.7547 -0.6513 -0.0796
vn -0.3779 -0.9223 -0.0812
vn -0.1429 -0.9859 -0.0869
vn -0.9688 -0.2475 -0.0160
vn -0.7535 -0.6561 -0.0424
vn -0.3750 -0.9264 -0.0328
vn -0.1396 -0.9896 -0.0351
vn -0.9687 -0.2480 -0.0070
vn -0.7528 -0.6580 -0.0186
vn 0.1538 -0.9878 -0.0247
vn 0.1584 -0.9855 -0.0611
vn 0.5871 -0.8074 -0.0589
vn 0.5203 -0.8536 -0.0249
vn 0.7648 -0.6393 -0.0792
vn 0.7593 -0.6502 -0.0268
vn 0.9696 -0.2446 -0.0102
vn 0.1928 -0.9522 -0.2371
vn 0.6102 -0.7487 -0.2590
vn 0.7769 -0.5951 -0.2057
vn 0.9702 -0.2365 -0.0535
vn 0.2349 -0.8703 -0.4329
vn 0.6334 -0.6424 -0.4315
vn 0.7899 -0.5084 -0.3430
vn 0.9710 -0.2137 -0.1073
vn 0.9985 -0.0014 0.0544
vn 0.2748 -0.7371 -0.6173
vn 0.6525 -0.5029 -0.5669
vn 0.7993 -0.3963 -0.4517
vn 0.9719 -0.1744 -0.1583
vn 0.3036 -0.5831 -0.7535
vn 0.6649 -0.3702 -0.6487
vn 0.8048 -0.2904 -0.5176
vn 0.9725 -0.1293 -0.1936
vn 0.3211 -0.4408 -0.8382
vn 0.6725 -0.2651 -0.6910
vn 0.8081 -0.2070 -0.5514
vn 0.9730 -0.0923 -0.2117
vn 0.3312 -0.3241 -0.8861
vn 0.6775 -0.1876 -0.7112
vn 0.8104 -0.1460 -0.5674
vn 0.9733 -0.0654 -0.2201
vn 0.3372 -0.2332 -0.9121
vn 0.6810 -0.1310 -0.7205
vn 0.8121 -0.1017 -0.5746
vn 0.9735 -0.0459 -0.2239
vn 0.3411 -0.1633 -0.9257
vn 0.6837 -0.0893 -0.7243
vn 0.8135 -0.0691 -0.5774
vn 0.9737 -0.0315 -0.2256
vn 0.3438 -0.1096 -0.9326
vn 0.6859 -0.0580 -0.7254
vn 0.8147 -0.0447 -0.5782
vn 0.9739 -0.0210 -0.2261
vn 0.3458 -0.0681 -0.9358
vn 0.6923 -0.0332 -0.7209
vn 0.8156 -0.0262 -0.5781
vn 0.9740 -0.0130 -0.2262
vn 0.3473 -0.0361 -0.9371
vn 0.6937 -0.0152 -0.7201
vn 0.8163 -0.0120 -0.5775
vn 0.9741 -0.0069 -0.2261
vn 0.3484 -0.0115 -0.9373
vn 0.6948 -0.0015 -0.7192
vn 0.8169 -0.0013 -0.5768
vn 0.9742 -0.0022 -0.2258
vn 0.3491 0.0068 -0.9371
vn 0.6956 0.0087 -0.7184
vn 0.8173 0.0071 -0.5762
vn 0.9742 0.0014 -0.2256
vn 0.3495 0.0207 -0.9367
vn 0.6961 0.0164 -0.7177
vn 0.8175 0.0131 -0.5757
vn 0.9743 0.0039 -0.2254
vn 0.3496 0.0234 -0.9366
vn 0.6962 0.0179 -0.7176
vn 0.8176 0.0144 -0.5757
vn 0.9743 0.0055 -0.2253
vn 0.3495 0.0262 -0.9366
vn 0.6961 0.0195 -0.7177
vn 0.8175 0.0156 -0.5757
vn 0.9743 0.0058 -0.2253
vn 0.3491 0.0401 -0.9362
vn 0.6956 0.0272 -0.7179
vn 0.8173 0.0216 -0.5758
vn 0.9743 0.0074 -0.2253
vn 0.3483 0.0583 -0.9355
vn 0.6948 0.0374 -0.7182
vn 0.8169 0.0301 -0.5761
vn 0.9742 0.0099 -0.2254
vn 0.3473 0.0829 -0.9341
vn 0.6937 0.0512 -0.7184
vn 0.8163 0.0409 -0.5762
vn 0.9742 0.0134 -0.2254
vn 0.3458 0.1148 -0.9313
vn 0.6923 0.0692 -0.7183
vn 0.8156 0.0550 -0.5761
vn 0.9741 0.0181 -0.2254
vn 0.3438 0.1561 -0.9260
vn 0.6859 0.0942 -0.7216
vn 0.8146 0.0736 -0.5753
vn 0.9740 0.0243 -0.2253
vn 0.3411 0.2094 -0.9164
vn 0.6837 0.1254 -0.7189
vn 0.8135 0.0979 -0.5733
vn 0.9739 0.0323 -0.2248
vn 0.3372 0.2785 -0.8993
vn 0.6810 0.1668 -0.7130
vn 0.8121 0.1303 -0.5687
vn 0.9737 0.0428 -0.2237
vn 0.3312 0.3680 -0.8688
vn 0.6775 0.2229 -0.7010
vn 0.8104 0.1742 -0.5594
vn 0.9735 0.0570 -0.2214
vn 0.3211 0.4822 -0.8151
vn 0.6725 0.2993 -0.6769
vn 0.8081 0.2343 -0.5404
vn 0.9733 0.0763 -0.2166
vn 0.3036 0.6201 -0.7234
vn 0.6649 0.4022 -0.6294
vn 0.8048 0.3159 -0.5025
vn 0.9730 0.1027 -0.2068
vn 0.2748 0.7671 -0.5797
vn 0.6525 0.5306 -0.5411
vn 0.7993 0.4184 -0.4313
vn 0.9725 0.1388 -0.1869
vn 0.2349 0.8908 -0.3889
vn 0.6333 0.6632 -0.3988
vn 0.7899 0.5249 -0.3172
vn 0.9719 0.1821 -0.1494
vn 0.1928 0.9628 -0.1892
vn 0.6102 0.7607 -0.2212
vn 0.7769 0.6046 -0.1757
vn 0.9710 0.2189 -0.0964
vn 0.1584 0.9873 -0.0117
vn 0.5871 0.8093 -0.0185
vn 0.7648 0.6425 -0.0472
vn 0.9701 0.2389 -0.0416
vn 0.1538 0.9878 0.0247
vn 0.5857 0.8103 0.0203
vn 0.7594 0.6505 0.0163
vn 0.9696 0.2448 0.0021
vn 0.1584 0.9855 0.0611
vn 0.5871 0.8074 0.0589
vn 0.7648 0.6393 0.0792
vn 0.9696 0.2446 0.0102
vn 0.1928 0.9522 0.2371
vn 0.6102 0.7487 0.2590
vn 0.7769 0.5951 0.2057
vn 0.9702 0.2365 0.0535
vn 0.2349 0.8703 0.4329
vn 0.6334 0.6424 0.4315
vn 0.7899 0.5084 0.3430
vn 0.9710 0.2137 0.1072
vn -0.9995 0.0008 -0.0327
vn 0.2748 0.7371 0.6173
vn 0.6525 0.5029 0.5669
vn 0.7993 0.3963 0.4517
vn 0.9719 0.1744 0.1583
vn 0.3036 0.5831 0.7535
vn 0.6649 0.3702 0.6487
vn 0.8048 0.2904 0.5176
vn 0.9725 0.1293 0.1936
vn 0.3211 0.4408 0.8382
vn 0.6725 0.2651 0.6910
vn 0.8081 0.2070 0.5514
vn 0.9730 0.0923 0.2117
vn 0.3312 0.3241 0.8861
vn 0.6775 0.1876 0.7112
vn 0.8104 0.1460 0.5674
vn 0.9733 0.0654 0.2201
vn 0.3372 0.2332 0.9121
vn 0.6810 0.1310 0.7205
vn 0.8121 0.1017 0.5746
vn 0.9735 0.0459 0.2239
vn 0.3411 0.1634 0.9257
vn 0.6837 0.0893 0.7243
vn 0.8135 0.0691 0.5774
vn 0.9737 0.0315 0.2256
vn 0.3438 0.1096 0.9326
vn 0.6859 0.0580 0.7254
vn 0.8147 0.0447 0.5782
vn 0.9739 0.0210 0.2261
vn 0.3458 0.0681 0.9358
vn 0.6923 0.0332 0.7209
vn 0.8156 0.0262 0.5781
vn 0.9740 0.0130 0.2262
vn 0.3473 0.0361 0.9371
vn 0.6937 0.0152 0.7201
vn 0.8163 0.0120 0.5775
vn 0.9741 0.0069 0.2261
vn 0.3484 0.0115 0.9373
vn 0.6949 0.0015 0.7192
vn 0.8169 0.0013 0.5768
vn 0.9742 0.0022 0.2258
vn 0.3491 -0.0068 0.9371
vn 0.6956 -0.0087 0.7184
vn 0.8173 -0.0071 0.5762
vn 0.9742 -0.0014 0.2256
vn 0.3495 -0.0207 0.9367
vn 0.6961 -0.0164 0.7177
vn 0.8175 -0.0131 0.5758
vn 0.9743 -0.0039 0.2254
vn 0.3496 -0.0234 0.9366
vn 0.6962 -0.0179 0.7176
vn 0.8176 -0.0144 0.5757
vn 0.9743 -0.0055 0.2253
vn 0.3495 -0.0262 0.9366
vn 0.6961 -0.0195 0.7177
vn 0.8175 -0.0156 0.5757
vn 0.9743 -0.0058 0.2253
vn 0.3491 -0.0401 0.9362
vn 0.6956 -0.0272 0.7179
vn 0.8173 -0.0216 0.5758
vn 0.9743 -0.0074 0.2253
vn 0.3484 -0.0583 0.9355
vn 0.6949 -0.0374 0.7182
vn 0.8169 -0.0301 0.5760
vn 0.9742 -0.0099 0.2254
vn 0.3473 -0.0829 0.9341
vn 0.6937 -0.0512 0.7184
vn 0.8163 -0.0409 0.5762
vn 0.9742 -0.0134 0.2254
vn 0.3458 -0.1148 0.9313
vn 0.6923 -0.0692 0.7183
vn 0.8156 -0.0550 0.5760
vn 0.9741 -0.0181 0.2254
vn 0.3438 -0.1561 0.9260
vn 0.6859 -0.0942 0.7216
vn 0.8147 -0.0736 0.5753
vn 0.9740 -0.0243 0.2253
vn 0.3411 -0.2094 0.9164
vn 0.6837 -0.1253 0.7189
vn 0.8135 -0.0979 0.5733
vn 0.9739 -0.0323 0.2248
vn 0.3372 -0.2785 0.8993
vn 0.6810 -0.1668 0.7130
vn 0.8121 -0.1303 0.5688
vn 0.9737 -0.0428 0.2237
vn 0.3312 -0.3680 0.8688
vn 0.6775 -0.2229 0.7010
vn 0.8104 -0.1742 0.5594
vn 0.9735 -0.0570 0.2214
vn 0.3211 -0.4822 0.8151
vn 0.6725 -0.2993 0.6769
vn 0.8081 -0.2343 0.5404
vn 0.9733 -0.0763 0.2165
vn 0.3036 -0.6201 0.7234
vn 0.6649 -0.4022 0.6294
vn 0.8048 -0.3159 0.5025
vn 0.9730 -0.1027 0.2068
vn 0.2748 -0.7671 0.5797
vn 0.6525 -0.5305 0.5410
vn 0.7993 -0.4184 0.4313
vn 0.9725 -0.1388 0.1869
vn 0.2349 -0.8908 0.3889
vn 0.6334 -0.6632 0.3988
vn 0.7899 -0.5249 0.3172
vn 0.9719 -0.1820 0.1494
vn 0.1928 -0.9628 0.1892
vn 0.6102 -0.7607 0.2212
vn 0.7769 -0.6046 0.1757
vn 0.9710 -0.2189 0.0964
vn 0.8223 0.0142 -0.5689
vn 0.1584 -0.9873 0.0117
vn 0.5348 -0.8412 0.0792
vn 0.7684 -0.6310 0.1068
vn 0.9702 -0.2389 0.0416
vn 0.9696 -0.2448 -0.0021
vn 0.7593 -0.6507 -0.0058
vn -1.0000 -0.0000 -0.0000
vn 1.0000 -0.0000 -0.0000
vt 0.323934 0.460000
vt 0.350913 0.459998
vt 0.356988 0.541970
vt 0.324014 0.541972
vt 0.357567 0.459998
vt 0.365118 0.541970
vt 0.362138 0.459999
vt 0.370702 0.541970
vt 0.365684 0.460001
vt 0.375032 0.541972
vt 0.368583 0.460003
vt 0.378569 0.541974
vt 0.371016 0.460006
vt 0.381535 0.541977
vt 0.373085 0.460009
vt 0.384056 0.541980
vt 0.374855 0.460014
vt 0.386209 0.541984
vt 0.376368 0.460019
vt 0.388045 0.541989
vt 0.396427 0.461445
vt 0.398461 0.461267
vt 0.400975 0.540661
vt 0.399055 0.540878
vt 0.400865 0.461121
vt 0.403244 0.540481
vt 0.403740 0.461003
vt 0.405959 0.540337
vt 0.407269 0.460913
vt 0.409291 0.540227
vt 0.411829 0.460849
vt 0.413596 0.540149
vt 0.418477 0.460811
vt 0.419875 0.540103
vt 0.445462 0.460798
vt 0.445360 0.540087
vt 0.472448 0.460811
vt 0.470848 0.540103
vt 0.479098 0.460849
vt 0.477129 0.540149
vt 0.483661 0.460913
vt 0.481439 0.540227
vt 0.487195 0.461003
vt 0.484777 0.540337
vt 0.490077 0.461121
vt 0.487500 0.540481
vt 0.492490 0.461267
vt 0.489780 0.540661
vt 0.494534 0.461445
vt 0.491712 0.540878
vt 0.496273 0.461657
vt 0.493356 0.541137
vt 0.375000 0.361390
vt 0.373265 0.361385
vt 0.384169 0.279431
vt 0.386289 0.279436
vt 0.371225 0.361381
vt 0.381676 0.279428
vt 0.368816 0.361378
vt 0.378732 0.279425
vt 0.365936 0.361375
vt 0.375212 0.279422
vt 0.362404 0.361373
vt 0.370895 0.279421
vt 0.357843 0.361372
vt 0.365320 0.279419
vt 0.351193 0.361371
vt 0.357193 0.279418
vt 0.324208 0.361371
vt 0.324211 0.279418
vt 0.297222 0.361371
vt 0.291228 0.279419
vt 0.290572 0.361372
vt 0.283101 0.279419
vt 0.286012 0.361374
vt 0.277527 0.279421
vt 0.282481 0.361376
vt 0.273211 0.279423
vt 0.279603 0.361378
vt 0.269693 0.279425
vt 0.277196 0.361381
vt 0.266751 0.279428
vt 0.275158 0.361385
vt 0.264260 0.279432
vt 0.273426 0.361390
vt 0.262143 0.279436
vt 0.496273 0.364162
vt 0.494546 0.364373
vt 0.491917 0.284941
vt 0.493547 0.284682
vt 0.492512 0.364551
vt 0.489998 0.285158
vt 0.490108 0.364698
vt 0.487729 0.285337
vt 0.487233 0.364816
vt 0.485014 0.285481
vt 0.483704 0.364906
vt 0.481682 0.285591
vt 0.479144 0.364970
vt 0.477376 0.285669
vt 0.472496 0.365008
vt 0.471098 0.285716
vt 0.445511 0.365020
vt 0.445612 0.285731
vt 0.418525 0.365008
vt 0.420125 0.285716
vt 0.411875 0.364970
vt 0.413844 0.285669
vt 0.407312 0.364906
vt 0.409534 0.285591
vt 0.403778 0.364816
vt 0.406195 0.285481
vt 0.400895 0.364698
vt 0.403472 0.285337
vt 0.398483 0.364551
vt 0.401193 0.285158
vt 0.396439 0.364373
vt 0.399261 0.284941
vt 0.394700 0.364162
vt 0.397617 0.284682
vt 0.273314 0.460021
vt 0.275009 0.460017
vt 0.264185 0.541989
vt 0.262103 0.541993
vt 0.277017 0.460013
vt 0.266647 0.541985
vt 0.279398 0.460010
vt 0.269565 0.541982
vt 0.282255 0.460007
vt 0.273063 0.541980
vt 0.285770 0.460005
vt 0.277363 0.541978
vt 0.290319 0.460003
vt 0.282926 0.541976
vt 0.296959 0.460002
vt 0.291044 0.541975
vt 0.356988 0.658609
vt 0.324014 0.658611
vt 0.365118 0.658609
vt 0.370702 0.658610
vt 0.375032 0.658611
vt 0.378569 0.658613
vt 0.381535 0.658616
vt 0.384056 0.658619
vt 0.386209 0.658623
vt 0.388045 0.658628
vt 0.400905 0.656082
vt 0.398985 0.656299
vt 0.403174 0.655903
vt 0.405889 0.655759
vt 0.409221 0.655648
vt 0.413526 0.655570
vt 0.419805 0.655524
vt 0.445303 0.635727
vt 0.445291 0.655508
vt 0.445343 0.569227
vt 0.442991 0.569389
vt 0.440662 0.569869
vt 0.438377 0.570663
vt 0.436159 0.571764
vt 0.434030 0.573160
vt 0.432009 0.574839
vt 0.430117 0.576784
vt 0.428371 0.578976
vt 0.426788 0.581395
vt 0.425384 0.584017
vt 0.424171 0.586816
vt 0.423163 0.589767
vt 0.422368 0.592839
vt 0.421794 0.596005
vt 0.421446 0.599232
vt 0.421329 0.602492
vt 0.421442 0.605751
vt 0.421786 0.608978
vt 0.422356 0.612143
vt 0.423147 0.615214
vt 0.424152 0.618163
vt 0.425361 0.620961
vt 0.426762 0.623581
vt 0.428342 0.625998
vt 0.430085 0.628188
vt 0.431976 0.630131
vt 0.433994 0.631808
vt 0.436122 0.633201
vt 0.438338 0.634299
vt 0.440622 0.635091
vt 0.442951 0.635568
vt 0.470778 0.655524
vt 0.445303 0.635727
vt 0.447655 0.635568
vt 0.449985 0.635091
vt 0.452269 0.634299
vt 0.454487 0.633201
vt 0.456617 0.631808
vt 0.458637 0.630131
vt 0.460530 0.628188
vt 0.462276 0.625998
vt 0.463859 0.623581
vt 0.465263 0.620961
vt 0.466475 0.618163
vt 0.467484 0.615214
vt 0.468279 0.612143
vt 0.468853 0.608978
vt 0.469201 0.605751
vt 0.469318 0.602492
vt 0.469205 0.599232
vt 0.468861 0.596005
vt 0.468291 0.592839
vt 0.467499 0.589767
vt 0.466494 0.586816
vt 0.465286 0.584017
vt 0.463884 0.581395
vt 0.462305 0.578976
vt 0.460561 0.576784
vt 0.458671 0.574839
vt 0.456652 0.573160
vt 0.454524 0.571764
vt 0.452308 0.570663
vt 0.450024 0.569869
vt 0.447695 0.569389
vt 0.445343 0.569227
vt 0.477059 0.655570
vt 0.481369 0.655648
vt 0.484707 0.655759
vt 0.487430 0.655903
vt 0.489710 0.656082
vt 0.491642 0.656299
vt 0.388086 0.279441
vt 0.386289 0.162797
vt 0.388086 0.162802
vt 0.384169 0.162792
vt 0.381676 0.162789
vt 0.378732 0.162786
vt 0.375212 0.162783
vt 0.370895 0.162781
vt 0.365320 0.162780
vt 0.357193 0.162779
vt 0.324211 0.162779
vt 0.291228 0.162780
vt 0.283101 0.162780
vt 0.277527 0.162782
vt 0.273211 0.162784
vt 0.269693 0.162786
vt 0.266751 0.162789
vt 0.264260 0.162793
vt 0.262143 0.162797
vt 0.260349 0.279441
vt 0.260349 0.162802
vt 0.490068 0.169737
vt 0.491987 0.169519
vt 0.487799 0.169916
vt 0.485084 0.170060
vt 0.481752 0.170170
vt 0.477446 0.170248
vt 0.471168 0.170295
vt 0.445682 0.170310
vt 0.445631 0.255300
vt 0.447902 0.255145
vt 0.450153 0.254683
vt 0.452360 0.253920
vt 0.454502 0.252862
vt 0.456559 0.251520
vt 0.458511 0.249906
vt 0.460340 0.248037
vt 0.462026 0.245930
vt 0.463555 0.243605
vt 0.464912 0.241085
vt 0.466083 0.238394
vt 0.467057 0.235559
vt 0.467826 0.232605
vt 0.468380 0.229563
vt 0.468716 0.226460
vt 0.468829 0.223327
vt 0.468720 0.220195
vt 0.468388 0.217093
vt 0.467837 0.214051
vt 0.467072 0.211098
vt 0.466101 0.208264
vt 0.464933 0.205574
vt 0.463580 0.203056
vt 0.462054 0.200733
vt 0.460369 0.198628
vt 0.458544 0.196761
vt 0.456593 0.195150
vt 0.454538 0.193810
vt 0.452397 0.192755
vt 0.450191 0.191994
vt 0.447941 0.191536
vt 0.445670 0.191383
vt 0.445630 0.255300
vt 0.420195 0.170295
vt 0.445669 0.191383
vt 0.443397 0.191536
vt 0.441147 0.191994
vt 0.438939 0.192755
vt 0.436797 0.193810
vt 0.434740 0.195150
vt 0.432788 0.196761
vt 0.430959 0.198628
vt 0.429273 0.200733
vt 0.427743 0.203056
vt 0.426387 0.205574
vt 0.425216 0.208264
vt 0.424241 0.211098
vt 0.423473 0.214051
vt 0.422919 0.217093
vt 0.422583 0.220195
vt 0.422469 0.223327
vt 0.422579 0.226460
vt 0.422911 0.229563
vt 0.423462 0.232605
vt 0.424226 0.235559
vt 0.425197 0.238394
vt 0.426365 0.241085
vt 0.427719 0.243605
vt 0.429245 0.245930
vt 0.430929 0.248037
vt 0.432755 0.249906
vt 0.434706 0.251520
vt 0.436761 0.252862
vt 0.438902 0.253920
vt 0.441109 0.254683
vt 0.443358 0.255145
vt 0.413914 0.170248
vt 0.409604 0.170170
vt 0.406265 0.170060
vt 0.403542 0.169916
vt 0.401263 0.169737
vt 0.399331 0.169519
vt 0.260349 0.541998
vt 0.262103 0.658633
vt 0.260349 0.658638
vt 0.264185 0.658628
vt 0.266647 0.658625
vt 0.269565 0.658621
vt 0.273063 0.658619
vt 0.277363 0.658617
vt 0.282926 0.658615
vt 0.291044 0.658614
vt 0.348155 0.709067
vt 0.324173 0.709068
vt 0.354069 0.709067
vt 0.358131 0.709068
vt 0.361283 0.709069
vt 0.363858 0.709071
vt 0.366019 0.709073
vt 0.367857 0.709076
vt 0.369428 0.709080
vt 0.397356 0.656558
vt 0.404477 0.708722
vt 0.403038 0.708910
vt 0.406172 0.708564
vt 0.408175 0.708434
vt 0.410571 0.708329
vt 0.413511 0.708249
vt 0.417311 0.708192
vt 0.422851 0.708158
vt 0.445338 0.708147
vt 0.467827 0.708158
vt 0.473369 0.708192
vt 0.477171 0.708249
vt 0.480117 0.708329
vt 0.482519 0.708434
vt 0.484529 0.708564
vt 0.486233 0.708722
vt 0.493286 0.656558
vt 0.487682 0.708910
vt 0.367824 0.112372
vt 0.369366 0.112376
vt 0.366010 0.112369
vt 0.363869 0.112366
vt 0.361309 0.112364
vt 0.358170 0.112362
vt 0.354115 0.112361
vt 0.348204 0.112361
vt 0.324217 0.112360
vt 0.300229 0.112361
vt 0.294319 0.112361
vt 0.290265 0.112363
vt 0.287127 0.112364
vt 0.284568 0.112366
vt 0.282429 0.112369
vt 0.280617 0.112372
vt 0.279078 0.112376
vt 0.493617 0.169260
vt 0.486496 0.117096
vt 0.487935 0.116908
vt 0.484801 0.117254
vt 0.482798 0.117385
vt 0.480402 0.117489
vt 0.477461 0.117570
vt 0.473662 0.117626
vt 0.468122 0.117660
vt 0.445635 0.117671
vt 0.423146 0.117660
vt 0.417604 0.117626
vt 0.413801 0.117570
vt 0.410856 0.117489
vt 0.408454 0.117385
vt 0.406444 0.117254
vt 0.404740 0.117096
vt 0.397687 0.169260
vt 0.403290 0.116908
vt 0.280678 0.709083
vt 0.279169 0.709087
vt 0.282464 0.709080
vt 0.284582 0.709077
vt 0.287123 0.709075
vt 0.290248 0.709073
vt 0.294292 0.709072
vt 0.300195 0.709071
vt 0.331748 0.797345
vt 0.324253 0.797345
vt 0.333600 0.797346
vt 0.334875 0.797346
vt 0.335868 0.797348
vt 0.336683 0.797350
vt 0.337372 0.797352
vt 0.337963 0.797355
vt 0.401820 0.709133
vt 0.405934 0.800731
vt 0.404794 0.800800
vt 0.407281 0.800672
vt 0.408865 0.800622
vt 0.410737 0.800582
vt 0.412975 0.800549
vt 0.415721 0.800524
vt 0.419268 0.800506
vt 0.424440 0.800496
vt 0.445428 0.800492
vt 0.466417 0.800496
vt 0.471589 0.800506
vt 0.475137 0.800524
vt 0.477885 0.800549
vt 0.480125 0.800582
vt 0.481999 0.800622
vt 0.483586 0.800672
vt 0.484936 0.800731
vt 0.488913 0.709133
vt 0.486080 0.800800
vt 0.337282 0.024111
vt 0.337849 0.024114
vt 0.336612 0.024108
vt 0.335812 0.024106
vt 0.334831 0.024105
vt 0.333563 0.024104
vt 0.331716 0.024103
vt 0.324220 0.024103
vt 0.316724 0.024103
vt 0.314877 0.024104
vt 0.313610 0.024105
vt 0.312630 0.024106
vt 0.311831 0.024108
vt 0.311163 0.024111
vt 0.310597 0.024114
vt 0.489152 0.116686
vt 0.485038 0.025088
vt 0.486179 0.025018
vt 0.483692 0.025147
vt 0.482107 0.025196
vt 0.480236 0.025237
vt 0.477998 0.025270
vt 0.475252 0.025295
vt 0.471705 0.025312
vt 0.466533 0.025323
vt 0.445545 0.025326
vt 0.424556 0.025323
vt 0.419384 0.025312
vt 0.415836 0.025295
vt 0.413088 0.025270
vt 0.410848 0.025237
vt 0.408974 0.025196
vt 0.407387 0.025147
vt 0.406037 0.025088
vt 0.402060 0.116686
vt 0.404893 0.025018
vt 0.311261 0.797354
vt 0.310719 0.797357
vt 0.311910 0.797352
vt 0.312693 0.797350
vt 0.313662 0.797348
vt 0.314920 0.797347
vt 0.316761 0.797346
vt 0.324085 0.415310
vt 0.299944 0.415312
vt 0.300046 0.414024
vt 0.324098 0.414022
vt 0.558920 0.217626
vt 0.534858 0.217626
vt 0.534934 0.216546
vt 0.558915 0.216546
vt 0.534979 0.215197
vt 0.558910 0.215198
vt 0.529189 0.214987
vt 0.529078 0.216333
vt 0.528943 0.217410
vt 0.294139 0.414025
vt 0.294001 0.415313
vt 0.525310 0.214623
vt 0.525107 0.215961
vt 0.524897 0.217031
vt 0.290106 0.414026
vt 0.289930 0.415313
vt 0.522400 0.214117
vt 0.522078 0.215434
vt 0.521776 0.216488
vt 0.287002 0.414028
vt 0.286785 0.415314
vt 0.520120 0.213478
vt 0.519656 0.214755
vt 0.519244 0.215779
vt 0.284491 0.414030
vt 0.284228 0.415316
vt 0.518299 0.212715
vt 0.517671 0.213924
vt 0.517137 0.214896
vt 0.282410 0.414032
vt 0.282097 0.415318
vt 0.516822 0.211828
vt 0.516023 0.212934
vt 0.515360 0.213829
vt 0.280664 0.414035
vt 0.280300 0.415321
vt 0.515601 0.210800
vt 0.514639 0.211768
vt 0.513853 0.212560
vt 0.279194 0.414039
vt 0.278783 0.415325
vt 0.514564 0.209585
vt 0.513464 0.210391
vt 0.512575 0.211061
vt 0.401894 0.409037
vt 0.400386 0.408853
vt 0.399987 0.407638
vt 0.401543 0.407827
vt 0.513668 0.208114
vt 0.512464 0.208750
vt 0.511496 0.209292
vt 0.403671 0.409191
vt 0.403373 0.407986
vt 0.512893 0.206298
vt 0.511620 0.206771
vt 0.510600 0.207190
vt 0.405779 0.409319
vt 0.405531 0.408116
vt 0.512239 0.204022
vt 0.510925 0.204352
vt 0.509874 0.204662
vt 0.408312 0.409422
vt 0.408111 0.408221
vt 0.511715 0.201115
vt 0.510379 0.201328
vt 0.509311 0.201545
vt 0.411434 0.409501
vt 0.411273 0.408301
vt 0.511326 0.197239
vt 0.509981 0.197359
vt 0.508905 0.197502
vt 0.415480 0.409558
vt 0.415357 0.408357
vt 0.511078 0.191451
vt 0.509730 0.191505
vt 0.508651 0.191588
vt 0.421395 0.409591
vt 0.421309 0.408391
vt 0.510922 0.167519
vt 0.509574 0.167523
vt 0.508496 0.167527
vt 0.445457 0.409602
vt 0.445460 0.408402
vt 0.510922 0.143587
vt 0.509574 0.143542
vt 0.508496 0.143465
vt 0.469518 0.409591
vt 0.469610 0.408391
vt 0.511133 0.137798
vt 0.509787 0.137686
vt 0.508711 0.137550
vt 0.475431 0.409558
vt 0.475560 0.408357
vt 0.511497 0.133919
vt 0.510160 0.133715
vt 0.509090 0.133505
vt 0.479474 0.409501
vt 0.479640 0.408301
vt 0.512003 0.131009
vt 0.510686 0.130687
vt 0.509633 0.130384
vt 0.482591 0.409422
vt 0.482798 0.408221
vt 0.512642 0.128729
vt 0.511365 0.128264
vt 0.510343 0.127851
vt 0.485118 0.409319
vt 0.485371 0.408116
vt 0.513404 0.126908
vt 0.512196 0.126280
vt 0.511226 0.125744
vt 0.487218 0.409191
vt 0.487523 0.407986
vt 0.514291 0.125431
vt 0.513186 0.124632
vt 0.512292 0.123967
vt 0.488987 0.409037
vt 0.489343 0.407827
vt 0.515320 0.124209
vt 0.514352 0.123247
vt 0.513561 0.122461
vt 0.490485 0.408853
vt 0.490888 0.407638
vt 0.516535 0.123173
vt 0.515729 0.122072
vt 0.515060 0.121182
vt 0.280670 0.407403
vt 0.279169 0.407407
vt 0.278767 0.406119
vt 0.280317 0.406114
vt 0.518006 0.122276
vt 0.517371 0.121072
vt 0.516830 0.120104
vt 0.282443 0.407399
vt 0.282141 0.406110
vt 0.519822 0.121502
vt 0.519349 0.120228
vt 0.518931 0.119207
vt 0.284546 0.407396
vt 0.284295 0.406107
vt 0.522097 0.120848
vt 0.521768 0.119533
vt 0.521459 0.118481
vt 0.287076 0.407393
vt 0.286870 0.406104
vt 0.525004 0.120323
vt 0.524793 0.118987
vt 0.524576 0.117918
vt 0.290194 0.407391
vt 0.290030 0.406101
vt 0.528881 0.119934
vt 0.528761 0.118589
vt 0.528619 0.117513
vt 0.294238 0.407390
vt 0.294112 0.406099
vt 0.534669 0.119686
vt 0.534616 0.118338
vt 0.534533 0.117259
vt 0.300152 0.407389
vt 0.300063 0.406098
vt 0.558601 0.119531
vt 0.558597 0.118182
vt 0.558594 0.117103
vt 0.324214 0.407388
vt 0.324214 0.406097
vt 0.582532 0.119531
vt 0.582578 0.118182
vt 0.582656 0.117103
vt 0.348275 0.407389
vt 0.348364 0.406098
vt 0.588322 0.119742
vt 0.588434 0.118396
vt 0.588571 0.117318
vt 0.354190 0.407389
vt 0.354315 0.406099
vt 0.592201 0.120105
vt 0.592405 0.118768
vt 0.592617 0.117698
vt 0.358235 0.407391
vt 0.358398 0.406101
vt 0.595111 0.120612
vt 0.595433 0.119294
vt 0.595737 0.118240
vt 0.361354 0.407393
vt 0.361559 0.406103
vt 0.597391 0.121250
vt 0.597856 0.119973
vt 0.598269 0.118950
vt 0.363885 0.407396
vt 0.364136 0.406107
vt 0.599212 0.122013
vt 0.599840 0.120805
vt 0.600377 0.119833
vt 0.365991 0.407399
vt 0.366291 0.406110
vt 0.600689 0.122900
vt 0.601488 0.121794
vt 0.602154 0.120900
vt 0.367765 0.407403
vt 0.368117 0.406114
vt 0.601910 0.123929
vt 0.602873 0.122960
vt 0.603661 0.122169
vt 0.369269 0.407407
vt 0.369670 0.406118
vt 0.602947 0.125144
vt 0.604048 0.124337
vt 0.604939 0.123667
vt 0.489079 0.416782
vt 0.490587 0.416965
vt 0.490986 0.418181
vt 0.489429 0.417992
vt 0.603843 0.126615
vt 0.605048 0.125979
vt 0.606017 0.125437
vt 0.487301 0.416627
vt 0.487600 0.417833
vt 0.604618 0.128430
vt 0.605892 0.127957
vt 0.606914 0.127539
vt 0.485193 0.416499
vt 0.485442 0.417702
vt 0.605272 0.130707
vt 0.606587 0.130376
vt 0.607640 0.130066
vt 0.482660 0.416396
vt 0.482862 0.417598
vt 0.605796 0.133613
vt 0.607133 0.133401
vt 0.608203 0.133183
vt 0.479539 0.416317
vt 0.479699 0.417518
vt 0.606185 0.137490
vt 0.607531 0.137369
vt 0.608608 0.137227
vt 0.475493 0.416261
vt 0.475616 0.417462
vt 0.606433 0.143277
vt 0.607782 0.143223
vt 0.608862 0.143140
vt 0.469578 0.416227
vt 0.469664 0.417428
vt 0.606589 0.167210
vt 0.607938 0.167205
vt 0.609018 0.167202
vt 0.445516 0.416216
vt 0.445513 0.417417
vt 0.606589 0.191142
vt 0.607938 0.191187
vt 0.609018 0.191263
vt 0.421455 0.416227
vt 0.421363 0.417428
vt 0.606378 0.196931
vt 0.607724 0.197042
vt 0.608803 0.197178
vt 0.415542 0.416261
vt 0.415413 0.417461
vt 0.606014 0.200810
vt 0.607352 0.201013
vt 0.608423 0.201224
vt 0.411499 0.416317
vt 0.411333 0.417518
vt 0.605508 0.203720
vt 0.606826 0.204042
vt 0.607881 0.204345
vt 0.408382 0.416396
vt 0.408175 0.417598
vt 0.604869 0.206000
vt 0.606147 0.206465
vt 0.607171 0.206877
vt 0.405855 0.416499
vt 0.405601 0.417702
vt 0.604107 0.207821
vt 0.605315 0.208449
vt 0.606288 0.208984
vt 0.403754 0.416627
vt 0.403450 0.417833
vt 0.603220 0.209297
vt 0.604326 0.210097
vt 0.605221 0.210761
vt 0.401986 0.416782
vt 0.401630 0.417991
vt 0.602191 0.210519
vt 0.603160 0.211482
vt 0.603953 0.212268
vt 0.400488 0.416965
vt 0.400084 0.418181
vt 0.600976 0.211556
vt 0.601783 0.212656
vt 0.602454 0.213546
vt 0.367731 0.414029
vt 0.369265 0.414032
vt 0.369656 0.415318
vt 0.368072 0.415314
vt 0.599505 0.212452
vt 0.600141 0.213657
vt 0.600684 0.214625
vt 0.365931 0.414026
vt 0.366220 0.415312
vt 0.597689 0.213227
vt 0.598162 0.214501
vt 0.598582 0.215521
vt 0.363805 0.414024
vt 0.364043 0.415310
vt 0.595414 0.213880
vt 0.595744 0.215195
vt 0.596055 0.216247
vt 0.361257 0.414022
vt 0.361449 0.415309
vt 0.592507 0.214405
vt 0.592719 0.215742
vt 0.592938 0.216810
vt 0.358125 0.414021
vt 0.358275 0.415308
vt 0.588630 0.214794
vt 0.588750 0.216140
vt 0.588894 0.217216
vt 0.354072 0.414021
vt 0.354185 0.415308
vt 0.582842 0.215042
vt 0.582896 0.216391
vt 0.582981 0.217470
vt 0.348154 0.414021
vt 0.348230 0.415308
vt 0.324323 0.816873
vt 0.328504 0.816875
vt 0.328263 0.818149
vt 0.324337 0.818148
vt 0.682075 0.003307
vt 0.686001 0.003367
vt 0.685737 0.004452
vt 0.682075 0.004394
vt 0.685536 0.005802
vt 0.682076 0.005745
vt 0.329537 0.816882
vt 0.329166 0.818153
vt 0.686900 0.003543
vt 0.686386 0.004583
vt 0.685883 0.005873
vt 0.330249 0.816894
vt 0.329756 0.818159
vt 0.687484 0.003821
vt 0.686713 0.004743
vt 0.674132 0.536365
vt 0.674132 0.537767
vt 0.330804 0.816908
vt 0.330217 0.818167
vt 0.687936 0.004215
vt 0.686966 0.004971
vt 0.685884 0.005874
vt 0.685883 0.005873
vt 0.405148 0.821181
vt 0.405743 0.821130
vt 0.406089 0.822463
vt 0.405555 0.822512
vt 0.688317 0.004751
vt 0.687225 0.005345
vt 0.685991 0.006032
vt 0.406485 0.821088
vt 0.406780 0.822421
vt 0.688649 0.005444
vt 0.687487 0.005910
vt 0.686170 0.006424
vt 0.407383 0.821052
vt 0.407641 0.822384
vt 0.688936 0.006305
vt 0.687734 0.006676
vt 0.686374 0.007063
vt 0.408453 0.821022
vt 0.408681 0.822352
vt 0.689184 0.007346
vt 0.687958 0.007645
vt 0.686572 0.007937
vt 0.409716 0.820995
vt 0.409919 0.822325
vt 0.689397 0.008585
vt 0.688154 0.008829
vt 0.686755 0.009050
vt 0.411201 0.820973
vt 0.411383 0.822302
vt 0.689576 0.010049
vt 0.688322 0.010249
vt 0.686914 0.010416
vt 0.412955 0.820954
vt 0.413118 0.822282
vt 0.689725 0.011785
vt 0.688464 0.011951
vt 0.687050 0.012076
vt 0.415052 0.820939
vt 0.415198 0.822266
vt 0.689845 0.013866
vt 0.688578 0.014002
vt 0.687162 0.014094
vt 0.417624 0.820928
vt 0.417753 0.822254
vt 0.689938 0.016421
vt 0.688667 0.016532
vt 0.687249 0.016598
vt 0.420946 0.820919
vt 0.421057 0.822246
vt 0.690004 0.019725
vt 0.688731 0.019813
vt 0.687312 0.019857
vt 0.425789 0.820915
vt 0.425876 0.822241
vt 0.690046 0.024544
vt 0.688772 0.024608
vt 0.687351 0.024633
vt 0.445445 0.820913
vt 0.445447 0.822239
vt 0.690071 0.044116
vt 0.688796 0.044117
vt 0.687376 0.044118
vt 0.465101 0.820915
vt 0.465020 0.822241
vt 0.690071 0.063688
vt 0.688797 0.063626
vt 0.687376 0.063602
vt 0.469945 0.820919
vt 0.469839 0.822246
vt 0.690036 0.068508
vt 0.688763 0.068421
vt 0.687343 0.068378
vt 0.473268 0.820928
vt 0.473143 0.822254
vt 0.689973 0.071812
vt 0.688703 0.071702
vt 0.687284 0.071638
vt 0.475841 0.820939
vt 0.475699 0.822266
vt 0.689884 0.074367
vt 0.688617 0.074232
vt 0.687201 0.074142
vt 0.477939 0.820954
vt 0.477780 0.822282
vt 0.689766 0.076447
vt 0.688505 0.076283
vt 0.687092 0.076161
vt 0.479694 0.820973
vt 0.479516 0.822302
vt 0.689620 0.078183
vt 0.688366 0.077985
vt 0.686958 0.077821
vt 0.481180 0.820995
vt 0.480982 0.822325
vt 0.689442 0.079648
vt 0.688199 0.079406
vt 0.686800 0.079186
vt 0.482445 0.821022
vt 0.482222 0.822352
vt 0.689232 0.080888
vt 0.688005 0.080590
vt 0.686619 0.080300
vt 0.483517 0.821052
vt 0.483264 0.822384
vt 0.688985 0.081929
vt 0.687782 0.081559
vt 0.686421 0.081174
vt 0.484418 0.821088
vt 0.484127 0.822421
vt 0.688698 0.082790
vt 0.687536 0.082325
vt 0.686219 0.081813
vt 0.485162 0.821130
vt 0.484821 0.822463
vt 0.688368 0.083484
vt 0.687275 0.082891
vt 0.686040 0.082206
vt 0.485761 0.821181
vt 0.485358 0.822512
vt 0.687987 0.084020
vt 0.687016 0.083265
vt 0.685933 0.082364
vt 0.330680 0.004563
vt 0.330136 0.004575
vt 0.329632 0.003312
vt 0.330084 0.003307
vt 0.687536 0.084414
vt 0.686763 0.083493
vt 0.685932 0.082365
vt 0.329432 0.004585
vt 0.329048 0.003317
vt 0.686952 0.084694
vt 0.686437 0.083654
vt 0.674132 0.544380
vt 0.674132 0.545765
vt 0.328403 0.004591
vt 0.328149 0.003320
vt 0.686054 0.084870
vt 0.685788 0.083785
vt 0.685586 0.082436
vt 0.685932 0.082365
vt 0.324223 0.004593
vt 0.324223 0.003320
vt 0.682128 0.084936
vt 0.682126 0.083849
vt 0.682125 0.082497
vt 0.320042 0.004591
vt 0.320298 0.003320
vt 0.678202 0.084875
vt 0.678464 0.083790
vt 0.678665 0.082441
vt 0.319014 0.004585
vt 0.319399 0.003317
vt 0.677303 0.084700
vt 0.677815 0.083659
vt 0.678318 0.082370
vt 0.318310 0.004575
vt 0.318815 0.003312
vt 0.676719 0.084421
vt 0.677489 0.083499
vt 0.674132 0.529752
vt 0.674132 0.528350
vt 0.317768 0.004563
vt 0.318365 0.003307
vt 0.676268 0.084027
vt 0.677235 0.083272
vt 0.678317 0.082368
vt 0.678318 0.082370
vt 0.485824 0.004637
vt 0.485229 0.004688
vt 0.484884 0.003355
vt 0.485418 0.003307
vt 0.675886 0.083492
vt 0.676976 0.082897
vt 0.678210 0.082211
vt 0.484488 0.004730
vt 0.484192 0.003398
vt 0.675555 0.082799
vt 0.676715 0.082332
vt 0.678031 0.081818
vt 0.483589 0.004766
vt 0.483332 0.003434
vt 0.675267 0.081938
vt 0.676467 0.081567
vt 0.677827 0.081180
vt 0.482519 0.004797
vt 0.482292 0.003466
vt 0.675019 0.080897
vt 0.676244 0.080598
vt 0.677628 0.080305
vt 0.481257 0.004823
vt 0.481054 0.003494
vt 0.674807 0.079658
vt 0.676047 0.079414
vt 0.677446 0.079193
vt 0.479772 0.004846
vt 0.479590 0.003517
vt 0.674627 0.078193
vt 0.675879 0.077993
vt 0.677286 0.077827
vt 0.478018 0.004864
vt 0.477854 0.003536
vt 0.674478 0.076457
vt 0.675738 0.076292
vt 0.677150 0.076167
vt 0.475921 0.004879
vt 0.475775 0.003552
vt 0.674358 0.074377
vt 0.675623 0.074240
vt 0.677039 0.074149
vt 0.473349 0.004891
vt 0.473220 0.003564
vt 0.674265 0.071822
vt 0.675534 0.071710
vt 0.676952 0.071645
vt 0.470027 0.004899
vt 0.469916 0.003573
vt 0.674199 0.068518
vt 0.675470 0.068430
vt 0.676889 0.068385
vt 0.465183 0.004904
vt 0.465097 0.003578
vt 0.674157 0.063699
vt 0.675430 0.063635
vt 0.676849 0.063609
vt 0.445528 0.004906
vt 0.445525 0.003579
vt 0.674132 0.044127
vt 0.675405 0.044126
vt 0.676825 0.044125
vt 0.425871 0.004904
vt 0.425953 0.003578
vt 0.674132 0.024554
vt 0.675405 0.024616
vt 0.676824 0.024640
vt 0.421028 0.004899
vt 0.421133 0.003573
vt 0.674167 0.019735
vt 0.675439 0.019821
vt 0.676858 0.019864
vt 0.417705 0.004891
vt 0.417829 0.003564
vt 0.674230 0.016431
vt 0.675499 0.016541
vt 0.676916 0.016605
vt 0.415132 0.004879
vt 0.415274 0.003552
vt 0.674319 0.013876
vt 0.675584 0.014010
vt 0.677000 0.014100
vt 0.413034 0.004864
vt 0.413193 0.003536
vt 0.674437 0.011795
vt 0.675696 0.011959
vt 0.677109 0.012082
vt 0.411279 0.004846
vt 0.411456 0.003517
vt 0.674583 0.010059
vt 0.675835 0.010257
vt 0.677243 0.010422
vt 0.409792 0.004823
vt 0.409991 0.003494
vt 0.674761 0.008594
vt 0.676002 0.008836
vt 0.677401 0.009056
vt 0.408528 0.004797
vt 0.408751 0.003466
vt 0.674972 0.007355
vt 0.676197 0.007652
vt 0.677582 0.007943
vt 0.407456 0.004766
vt 0.407709 0.003434
vt 0.675218 0.006314
vt 0.676419 0.006683
vt 0.677780 0.007068
vt 0.406555 0.004730
vt 0.406846 0.003398
vt 0.675505 0.005452
vt 0.676666 0.005917
vt 0.677982 0.006430
vt 0.405810 0.004688
vt 0.406152 0.003355
vt 0.675835 0.004759
vt 0.676926 0.005352
vt 0.678161 0.006037
vt 0.405212 0.004637
vt 0.405615 0.003307
vt 0.676216 0.004223
vt 0.677185 0.004977
vt 0.678267 0.005879
vt 0.317895 0.816909
vt 0.318427 0.816895
vt 0.318943 0.818160
vt 0.318502 0.818168
vt 0.676667 0.003828
vt 0.677438 0.004749
vt 0.678269 0.005878
vt 0.319122 0.816883
vt 0.319520 0.818154
vt 0.677251 0.003549
vt 0.677764 0.004589
vt 0.674132 0.552378
vt 0.320146 0.816875
vt 0.320414 0.818150
vt 0.678150 0.003372
vt 0.678413 0.004457
vt 0.678615 0.005806
vt 0.678269 0.005878
vt 0.394700 0.461657
vt 0.402416 0.801093
vt 0.403048 0.800978
vt 0.403837 0.800882
vt 0.487042 0.800882
vt 0.487836 0.800978
vt 0.488475 0.801093
vt 0.488557 0.024725
vt 0.487925 0.024840
vt 0.487136 0.024937
vt 0.403931 0.024937
vt 0.403136 0.024840
vt 0.402498 0.024725
vt 0.519474 0.730559
vt 0.521826 0.730541
vt 0.522279 0.869249
vt 0.522279 0.869249
vt 0.520007 0.869247
vt 0.521827 0.730541
vt 0.524178 0.730544
vt 0.524551 0.869232
vt 0.526507 0.730546
vt 0.526802 0.869215
vt 0.528792 0.730549
vt 0.529008 0.869200
vt 0.531009 0.730553
vt 0.531150 0.869185
vt 0.533138 0.730556
vt 0.533206 0.869171
vt 0.535157 0.730560
vt 0.535157 0.869158
vt 0.509579 0.508238
vt 0.508495 0.369641
vt 0.510466 0.369648
vt 0.511473 0.508229
vt 0.512686 0.369653
vt 0.513606 0.508220
vt 0.515134 0.369658
vt 0.515960 0.508212
vt 0.517787 0.369662
vt 0.518510 0.508205
vt 0.520619 0.369667
vt 0.521232 0.508199
vt 0.523603 0.369670
vt 0.524100 0.508194
vt 0.526710 0.369672
vt 0.527086 0.508190
vt 0.529910 0.369674
vt 0.530163 0.508187
vt 0.533173 0.369675
vt 0.533299 0.508185
vt 0.536467 0.369675
vt 0.536465 0.508185
vt 0.539760 0.369675
vt 0.539630 0.508185
vt 0.543020 0.369674
vt 0.542764 0.508187
vt 0.546217 0.369672
vt 0.545837 0.508190
vt 0.549319 0.369670
vt 0.548818 0.508194
vt 0.552297 0.369667
vt 0.551680 0.508199
vt 0.555121 0.369663
vt 0.554395 0.508205
vt 0.557765 0.369658
vt 0.556937 0.508212
vt 0.560204 0.369653
vt 0.559280 0.508220
vt 0.562413 0.369648
vt 0.561403 0.508229
vt 0.564371 0.369641
vt 0.563285 0.508238
vt 0.509401 0.723921
vt 0.508495 0.585326
vt 0.510515 0.585309
vt 0.511352 0.723921
vt 0.512644 0.585292
vt 0.513409 0.723922
vt 0.514861 0.585274
vt 0.515551 0.723923
vt 0.517145 0.585256
vt 0.517757 0.723924
vt 0.519474 0.585238
vt 0.520007 0.723926
vt 0.521826 0.585220
vt 0.521826 0.585220
vt 0.522279 0.723928
vt 0.524178 0.585223
vt 0.524551 0.723911
vt 0.522280 0.723928
vt 0.526507 0.585225
vt 0.526802 0.723894
vt 0.528792 0.585228
vt 0.529008 0.723879
vt 0.531009 0.585232
vt 0.531150 0.723864
vt 0.533138 0.585235
vt 0.533206 0.723850
vt 0.535157 0.585239
vt 0.535157 0.723837
vt 0.508496 0.224464
vt 0.510466 0.224424
vt 0.511483 0.362974
vt 0.509589 0.363028
vt 0.512685 0.224387
vt 0.513616 0.362924
vt 0.515133 0.224354
vt 0.515969 0.362879
vt 0.517786 0.224324
vt 0.518519 0.362839
vt 0.520618 0.224299
vt 0.521241 0.362805
vt 0.523602 0.224278
vt 0.524109 0.362776
vt 0.526709 0.224261
vt 0.527095 0.362754
vt 0.529909 0.224249
vt 0.530171 0.362737
vt 0.533172 0.224242
vt 0.533308 0.362727
vt 0.536465 0.224239
vt 0.536474 0.362724
vt 0.539758 0.224242
vt 0.539639 0.362727
vt 0.543019 0.224249
vt 0.542773 0.362737
vt 0.546216 0.224261
vt 0.545846 0.362754
vt 0.549318 0.224278
vt 0.548827 0.362776
vt 0.552296 0.224299
vt 0.551690 0.362805
vt 0.555120 0.224324
vt 0.554405 0.362839
vt 0.557765 0.224354
vt 0.556946 0.362879
vt 0.560203 0.224387
vt 0.559290 0.362924
vt 0.562412 0.224424
vt 0.561413 0.362974
vt 0.564371 0.224464
vt 0.563296 0.363028
vt 0.508495 0.730647
vt 0.510515 0.730630
vt 0.511352 0.869242
vt 0.509401 0.869242
vt 0.512644 0.730613
vt 0.513409 0.869243
vt 0.514861 0.730595
vt 0.515551 0.869244
vt 0.517145 0.730577
vt 0.517757 0.869245
s 1
usemtl 03_|_blue_tempered_steel
f 1019/1217/1021 1020/1218/1022 1084/1219/1023 1083/1220/1024
f 1020/1218/1022 1021/1221/1025 1085/1222/1026 1084/1219/1023
f 1021/1221/1025 1022/1223/1027 1086/1224/1028 1085/1222/1026
f 1022/1223/1027 1023/1225/1029 1087/1226/1030 1086/1224/1028
f 1023/1225/1029 1024/1227/1031 1088/1228/1032 1087/1226/1030
f 1024/1227/1031 1025/1229/1033 1089/1230/1034 1088/1228/1032
f 1025/1229/1033 1026/1231/1035 1090/1232/1036 1089/1230/1034
f 1026/1231/1035 1027/1233/1037 1091/1234/1038 1090/1232/1036
f 1027/1233/1037 1028/1235/1039 1092/1236/1040 1091/1234/1038
f 1028/1237/1039 1029/1238/1041 1093/1239/1042 1092/1240/1040
f 1029/1238/1041 1030/1241/1043 1094/1242/1044 1093/1239/1042
f 1030/1241/1043 1031/1243/1045 1095/1244/1046 1094/1242/1044
f 1031/1243/1045 1032/1245/1047 1096/1246/1048 1095/1244/1046
f 1032/1245/1047 1033/1247/1049 1097/1248/1050 1096/1246/1048
f 1033/1247/1049 1034/1249/1051 1098/1250/1052 1097/1248/1050
f 1034/1249/1051 1035/1251/1053 1099/1252/1054 1098/1250/1052
f 1035/1251/1053 1036/1253/1055 1100/1254/1056 1099/1252/1054
f 1036/1253/1055 1037/1255/1057 1101/1256/1058 1100/1254/1056
f 1037/1255/1057 1038/1257/1059 1102/1258/1060 1101/1256/1058
f 1038/1257/1059 1039/1259/1061 1103/1260/1062 1102/1258/1060
f 1039/1259/1061 1040/1261/1063 1104/1262/1064 1103/1260/1062
f 1040/1261/1063 1041/1263/1065 1105/1264/1066 1104/1262/1064
f 1041/1263/1065 1042/1265/1067 1106/1266/1068 1105/1264/1066
f 1042/1265/1067 1043/1267/1069 1107/1268/1070 1106/1266/1068
f 1043/1269/1069 1044/1270/1071 1108/1271/1072 1107/1272/1070
f 1044/1270/1071 1045/1273/1073 1109/1274/1074 1108/1271/1072
f 1045/1273/1073 1046/1275/1075 1110/1276/1076 1109/1274/1074
f 1046/1275/1075 1047/1277/1077 1111/1278/1078 1110/1276/1076
f 1047/1277/1077 1048/1279/1079 1112/1280/1080 1111/1278/1078
f 1048/1279/1079 1049/1281/1081 1113/1282/1082 1112/1280/1080
f 1049/1281/1081 1050/1283/1083 1114/1284/1084 1113/1282/1082
f 1050/1283/1083 1051/1285/1085 1115/1286/1086 1114/1284/1084
f 1051/1285/1085 1052/1287/1087 1116/1288/1088 1115/1286/1086
f 1052/1287/1087 1053/1289/1089 1117/1290/1090 1116/1288/1088
f 1053/1289/1089 1054/1291/1091 1118/1292/1092 1117/1290/1090
f 1054/1291/1091 1055/1293/1093 1119/1294/1094 1118/1292/1092
f 1055/1293/1093 1056/1295/1095 1120/1296/1096 1119/1294/1094
f 1056/1295/1095 1057/1297/1097 1121/1298/1098 1120/1296/1096
f 1057/1297/1097 1058/1299/1099 1122/1300/1100 1121/1298/1098
f 1058/1299/1099 1059/1301/1101 1123/1302/1102 1122/1300/1100
f 1059/1303/1101 1060/1304/1103 1124/1305/1104 1123/1306/1102
f 1060/1304/1103 1061/1307/1105 1125/1308/1106 1124/1305/1104
f 1061/1307/1105 1062/1309/1107 1126/1310/1108 1125/1308/1106
f 1062/1309/1107 1063/1311/1109 1127/1312/1110 1126/1310/1108
f 1063/1311/1109 1064/1313/1111 1128/1314/1112 1127/1312/1110
f 1064/1313/1111 1065/1315/1113 1129/1316/1114 1128/1314/1112
f 1065/1315/1113 1066/1317/1115 1130/1318/1116 1129/1316/1114
f 1066/1317/1115 1067/1319/1117 1131/1320/1118 1130/1318/1116
f 1067/1319/1117 1068/1321/1119 1132/1322/1120 1131/1320/1118
f 1068/1321/1119 1069/1323/1121 1133/1324/1122 1132/1322/1120
f 1069/1323/1121 1070/1325/1123 1134/1326/1124 1133/1324/1122
f 1070/1325/1123 1071/1327/1125 1135/1328/1126 1134/1326/1124
f 1071/1327/1125 1072/1329/1127 1136/1330/1128 1135/1328/1126
f 1072/1329/1127 1073/1331/1129 1137/1332/1130 1136/1330/1128
f 1073/1331/1129 1074/1333/1131 1138/1334/1132 1137/1332/1130
f 1074/1333/1131 1075/1335/1133 1139/1336/1134 1138/1334/1132
f 1075/1337/1133 1076/1338/1135 1140/1339/1136 1139/1340/1134
f 1076/1338/1135 1077/1341/1137 1141/1342/1138 1140/1339/1136
f 1077/1341/1137 1078/1343/1139 1142/1344/1140 1141/1342/1138
f 1078/1343/1139 1079/1345/1141 1143/1346/1142 1142/1344/1140
f 1079/1345/1141 1080/1347/1143 1144/1348/1144 1143/1346/1142
f 1080/1347/1143 1081/1349/1145 1145/1350/1146 1144/1348/1144
f 1081/1349/1145 1082/1351/1147 1146/1352/1148 1145/1350/1146
f 1082/1351/1147 1019/1217/1021 1083/1220/1024 1146/1352/1148
f 1083/1220/1024 1084/1219/1023 1148/1353/1149 1147/1354/1150
f 1084/1219/1023 1085/1222/1026 1149/1355/1151 1148/1353/1149
f 1085/1222/1026 1086/1224/1028 1150/1356/1152 1149/1355/1151
f 1086/1224/1028 1087/1226/1030 1151/1357/1153 1150/1356/1152
f 1087/1226/1030 1088/1228/1032 1152/1358/1154 1151/1357/1153
f 1088/1228/1032 1089/1230/1034 1153/1359/1155 1152/1358/1154
f 1089/1230/1034 1090/1232/1036 1154/1360/1156 1153/1359/1155
f 1090/1232/1036 1091/1234/1038 1155/1361/1157 1154/1360/1156
f 1091/1234/1038 1092/1236/1040 1156/1362/1158 1155/1361/1157
f 1092/1240/1040 1093/1239/1042 1157/1363/1159 1156/1364/1158
f 1093/1239/1042 1094/1242/1044 1158/1365/1160 1157/1363/1159
f 1094/1242/1044 1095/1244/1046 1159/1366/1161 1158/1365/1160
f 1095/1244/1046 1096/1246/1048 1160/1367/1162 1159/1366/1161
f 1096/1246/1048 1097/1248/1050 1161/1368/1163 1160/1367/1162
f 1097/1248/1050 1098/1250/1052 1162/1369/1164 1161/1368/1163
f 1858/1370/1165 1163/1371/1166 1162/1369/1164 1098/1250/1052 1099/1252/1054 1852/1372/1167 1851/1373/1168 1855/1374/1169 1854/1375/1170 1853/1376/1171 1860/1377/1172 1857/1378/1173 1856/1379/1174 1861/1380/1175 1862/1381/1176 1865/1382/1177 1864/1383/1178 1863/1384/1179 1871/1385/1180 1867/1386/1181 1866/1387/1182 1870/1388/1183 1869/1389/1184 1868/1390/1185 1883/1391/1186 1872/1392/1187 1873/1393/1188 1876/1394/1189 1874/1395/1190 1875/1396/1191 1882/1397/1192 1877/1398/1193 1878/1399/1194 1881/1400/1195 1879/1401/1196 1880/1402/1197 1859/1403/1198
f 1099/1252/1054 1100/1254/1056 1164/1404/1199 1163/1371/1166 1858/1370/1165 1914/1405/1200 1913/1406/1201 1915/1407/1202 1911/1408/1203 1912/1409/1204 1910/1410/1205 1916/1411/1206 1908/1412/1207 1909/1413/1208 1901/1414/1209 1900/1415/1210 1902/1416/1211 1899/1417/1212 1898/1418/1213 1903/1419/1214 1896/1420/1215 1895/1421/1216 1897/1422/1217 1894/1423/1218 1904/1424/1219 1890/1425/1220 1891/1426/1221 1892/1427/1222 1888/1428/1223 1889/1429/1224 1893/1430/1225 1885/1431/1226 1886/1432/1227 1887/1433/1228 1884/1434/1229 1907/1435/1230 1906/1436/1231 1905/1437/1232 1852/1372/1167
f 1100/1254/1056 1101/1256/1058 1165/1438/1233 1164/1404/1199
f 1101/1256/1058 1102/1258/1060 1166/1439/1234 1165/1438/1233
f 1102/1258/1060 1103/1260/1062 1167/1440/1235 1166/1439/1234
f 1103/1260/1062 1104/1262/1064 1168/1441/1236 1167/1440/1235
f 1104/1262/1064 1105/1264/1066 1169/1442/1237 1168/1441/1236
f 1105/1264/1066 1106/1266/1068 1170/1443/1238 1169/1442/1237
f 1106/1444/1068 1107/1272/1070 1171/1445/1239 1170/1446/1238
f 1107/1272/1070 1108/1271/1072 1172/1447/1240 1171/1445/1239
f 1108/1271/1072 1109/1274/1074 1173/1448/1241 1172/1447/1240
f 1109/1274/1074 1110/1276/1076 1174/1449/1242 1173/1448/1241
f 1110/1276/1076 1111/1278/1078 1175/1450/1243 1174/1449/1242
f 1111/1278/1078 1112/1280/1080 1176/1451/1244 1175/1450/1243
f 1112/1280/1080 1113/1282/1082 1177/1452/1245 1176/1451/1244
f 1113/1282/1082 1114/1284/1084 1178/1453/1246 1177/1452/1245
f 1114/1284/1084 1115/1286/1086 1179/1454/1247 1178/1453/1246
f 1115/1286/1086 1116/1288/1088 1180/1455/1248 1179/1454/1247
f 1116/1288/1088 1117/1290/1090 1181/1456/1249 1180/1455/1248
f 1117/1290/1090 1118/1292/1092 1182/1457/1250 1181/1456/1249
f 1118/1292/1092 1119/1294/1094 1183/1458/1251 1182/1457/1250
f 1119/1294/1094 1120/1296/1096 1184/1459/1252 1183/1458/1251
f 1120/1296/1096 1121/1298/1098 1185/1460/1253 1184/1459/1252
f 1121/1298/1098 1122/1300/1100 1186/1461/1254 1185/1460/1253
f 1122/1300/1100 1123/1302/1102 1187/1462/1255 1186/1461/1254
f 1123/1302/1102 1124/1463/1104 1188/1464/1256 1187/1462/1255
f 1124/1305/1104 1125/1308/1106 1189/1465/1257 1188/1466/1256
f 1125/1308/1106 1126/1310/1108 1190/1467/1258 1189/1465/1257
f 1126/1310/1108 1127/1312/1110 1191/1468/1259 1190/1467/1258
f 1127/1312/1110 1128/1314/1112 1192/1469/1260 1191/1468/1259
f 1128/1314/1112 1129/1316/1114 1193/1470/1261 1192/1469/1260
f 1129/1316/1114 1130/1318/1116 1194/1471/1262 1193/1470/1261
f 1195/1472/1263 1194/1471/1262 1130/1318/1116 1131/1320/1118 1918/1473/1264 1917/1474/1265 1922/1475/1266 1920/1476/1267 1919/1477/1268 1921/1478/1269 1923/1479/1270 1925/1480/1271 1924/1481/1272 1930/1482/1273 1929/1483/1274 1931/1484/1275 1932/1485/1276 1933/1486/1277 1934/1487/1278 1935/1488/1279 1938/1489/1280 1936/1490/1281 1937/1491/1282 1949/1492/1283 1939/1493/1284 1940/1494/1285 1943/1495/1286 1941/1496/1287 1942/1497/1288 1948/1498/1289 1944/1499/1290 1945/1500/1291 1947/1501/1292 1946/1502/1293 1926/1503/1294 1927/1504/1295 1928/1505/1296
f 1969/1506/1297 1918/1473/1264 1131/1320/1118 1132/1322/1120 1196/1507/1298 1195/1472/1263 1928/1505/1296 1979/1508/1299 1980/1509/1300 1978/1510/1301 1981/1511/1302 1976/1512/1303 1977/1513/1304 1975/1514/1305 1982/1515/1306 1972/1516/1307 1973/1517/1308 1965/1518/1309 1966/1519/1310 1963/1520/1311 1964/1521/1312 1967/1522/1313 1961/1523/1314 1960/1524/1315 1962/1525/1316 1959/1526/1317 1968/1527/1318 1956/1528/1319 1957/1529/1320 1958/1530/1321 1954/1531/1322 1955/1532/1323 1953/1533/1324 1952/1534/1325 1951/1535/1326 1950/1536/1327 1974/1537/1328 1970/1538/1329 1971/1539/1330
f 1132/1322/1120 1133/1324/1122 1197/1540/1331 1196/1507/1298
f 1133/1324/1122 1134/1326/1124 1198/1541/1332 1197/1540/1331
f 1134/1326/1124 1135/1328/1126 1199/1542/1333 1198/1541/1332
f 1135/1328/1126 1136/1330/1128 1200/1543/1334 1199/1542/1333
f 1136/1330/1128 1137/1332/1130 1201/1544/1335 1200/1543/1334
f 1137/1332/1130 1138/1334/1132 1202/1545/1336 1201/1544/1335
f 1138/1546/1132 1139/1340/1134 1203/1547/1337 1202/1548/1336
f 1139/1340/1134 1140/1339/1136 1204/1549/1338 1203/1547/1337
f 1140/1339/1136 1141/1342/1138 1205/1550/1339 1204/1549/1338
f 1141/1342/1138 1142/1344/1140 1206/1551/1340 1205/1550/1339
f 1142/1344/1140 1143/1346/1142 1207/1552/1341 1206/1551/1340
f 1143/1346/1142 1144/1348/1144 1208/1553/1342 1207/1552/1341
f 1144/1348/1144 1145/1350/1146 1209/1554/1343 1208/1553/1342
f 1145/1350/1146 1146/1352/1148 1210/1555/1344 1209/1554/1343
f 1146/1352/1148 1083/1220/1024 1147/1354/1150 1210/1555/1344
f 1147/1354/1150 1148/1353/1149 1212/1556/1345 1211/1557/1346
f 1148/1353/1149 1149/1355/1151 1213/1558/1347 1212/1556/1345
f 1149/1355/1151 1150/1356/1152 1214/1559/1348 1213/1558/1347
f 1150/1356/1152 1151/1357/1153 1215/1560/1349 1214/1559/1348
f 1151/1357/1153 1152/1358/1154 1216/1561/1350 1215/1560/1349
f 1152/1358/1154 1153/1359/1155 1217/1562/1351 1216/1561/1350
f 1153/1359/1155 1154/1360/1156 1218/1563/1352 1217/1562/1351
f 1154/1360/1156 1155/1361/1157 1219/1564/1353 1218/1563/1352
f 1155/1565/1157 1156/1364/1158 1220/1566/1354 1219/1567/1353
f 1156/1364/1158 1157/1363/1159 1221/1568/1355 1220/1566/1354
f 1157/1363/1159 1158/1365/1160 1222/1569/1356 1221/1568/1355
f 1158/1365/1160 1159/1366/1161 1223/1570/1357 1222/1569/1356
f 1159/1366/1161 1160/1367/1162 1224/1571/1358 1223/1570/1357
f 1160/1367/1162 1161/1368/1163 1225/1572/1359 1224/1571/1358
f 1161/1368/1163 1162/1369/1164 1226/1573/1360 1225/1572/1359
f 1162/1369/1164 1163/1371/1166 1227/1574/1361 1226/1573/1360
f 1163/1371/1166 1164/1404/1199 1228/1575/1362 1227/1574/1361
f 1164/1404/1199 1165/1438/1233 1229/1576/1363 1228/1575/1362
f 1165/1438/1233 1166/1439/1234 1230/1577/1364 1229/1576/1363
f 1166/1439/1234 1167/1440/1235 1231/1578/1365 1230/1577/1364
f 1167/1440/1235 1168/1441/1236 1232/1579/1366 1231/1578/1365
f 1168/1441/1236 1169/1442/1237 1233/1580/1367 1232/1579/1366
f 1169/1442/1237 1170/1443/1238 1234/1581/1368 1233/1580/1367
f 1170/1443/1238 1171/1582/1239 1235/1583/1369 1234/1581/1368
f 1171/1445/1239 1172/1447/1240 1236/1584/1370 1235/1585/1369
f 1172/1447/1240 1173/1448/1241 1237/1586/1371 1236/1584/1370
f 1173/1448/1241 1174/1449/1242 1238/1587/1372 1237/1586/1371
f 1174/1449/1242 1175/1450/1243 1239/1588/1373 1238/1587/1372
f 1175/1450/1243 1176/1451/1244 1240/1589/1374 1239/1588/1373
f 1176/1451/1244 1177/1452/1245 1241/1590/1375 1240/1589/1374
f 1177/1452/1245 1178/1453/1246 1242/1591/1376 1241/1590/1375
f 1178/1453/1246 1179/1454/1247 1243/1592/1377 1242/1591/1376
f 1179/1454/1247 1180/1455/1248 1244/1593/1378 1243/1592/1377
f 1180/1455/1248 1181/1456/1249 1245/1594/1379 1244/1593/1378
f 1181/1456/1249 1182/1457/1250 1246/1595/1380 1245/1594/1379
f 1182/1457/1250 1183/1458/1251 1247/1596/1381 1246/1595/1380
f 1183/1458/1251 1184/1459/1252 1248/1597/1382 1247/1596/1381
f 1184/1459/1252 1185/1460/1253 1249/1598/1383 1248/1597/1382
f 1185/1460/1253 1186/1461/1254 1250/1599/1384 1249/1598/1383
f 1186/1461/1254 1187/1462/1255 1251/1600/1385 1250/1599/1384
f 1187/1601/1255 1188/1466/1256 1252/1602/1386 1251/1603/1385
f 1188/1466/1256 1189/1465/1257 1253/1604/1387 1252/1602/1386
f 1189/1465/1257 1190/1467/1258 1254/1605/1388 1253/1604/1387
f 1190/1467/1258 1191/1468/1259 1255/1606/1389 1254/1605/1388
f 1191/1468/1259 1192/1469/1260 1256/1607/1390 1255/1606/1389
f 1192/1469/1260 1193/1470/1261 1257/1608/1391 1256/1607/1390
f 1193/1470/1261 1194/1471/1262 1258/1609/1392 1257/1608/1391
f 1194/1471/1262 1195/1472/1263 1259/1610/1393 1258/1609/1392
f 1195/1472/1263 1196/1507/1298 1260/1611/1394 1259/1610/1393
f 1196/1507/1298 1197/1540/1331 1261/1612/1395 1260/1611/1394
f 1197/1540/1331 1198/1541/1332 1262/1613/1396 1261/1612/1395
f 1198/1541/1332 1199/1542/1333 1263/1614/1397 1262/1613/1396
f 1199/1542/1333 1200/1543/1334 1264/1615/1398 1263/1614/1397
f 1200/1543/1334 1201/1544/1335 1265/1616/1399 1264/1615/1398
f 1201/1544/1335 1202/1545/1336 1266/1617/1400 1265/1616/1399
f 1202/1545/1336 1203/1618/1337 1267/1619/1401 1266/1617/1400
f 1203/1547/1337 1204/1549/1338 1268/1620/1402 1267/1621/1401
f 1204/1549/1338 1205/1550/1339 1269/1622/1403 1268/1620/1402
f 1205/1550/1339 1206/1551/1340 1270/1623/1404 1269/1622/1403
f 1206/1551/1340 1207/1552/1341 1271/1624/1405 1270/1623/1404
f 1207/1552/1341 1208/1553/1342 1272/1625/1406 1271/1624/1405
f 1208/1553/1342 1209/1554/1343 1273/1626/1407 1272/1625/1406
f 1209/1554/1343 1210/1555/1344 1274/1627/1408 1273/1626/1407
f 1210/1555/1344 1147/1354/1150 1211/1557/1346 1274/1627/1408
f 1211/1557/1346 1212/1556/1345 1276/1628/1409 1275/1629/1410
f 1212/1556/1345 1213/1558/1347 1277/1630/1411 1276/1628/1409
f 1213/1558/1347 1214/1559/1348 1278/1631/1412 1277/1630/1411
f 1214/1559/1348 1215/1560/1349 1279/1632/1413 1278/1631/1412
f 1215/1560/1349 1216/1561/1350 1280/1633/1414 1279/1632/1413
f 1216/1561/1350 1217/1562/1351 1281/1634/1415 1280/1633/1414
f 1217/1562/1351 1218/1563/1352 1282/1635/1416 1281/1634/1415
f 1218/1636/1352 1219/1567/1353 1283/1637/1417 1282/1638/1416
f 1219/1567/1353 1220/1566/1354 1284/1639/1418 1283/1637/1417
f 1220/1566/1354 1221/1568/1355 1285/1640/1419 1284/1639/1418
f 1221/1568/1355 1222/1569/1356 1286/1641/1420 1285/1640/1419
f 1222/1569/1356 1223/1570/1357 1287/1642/1421 1286/1641/1420
f 1223/1570/1357 1224/1571/1358 1288/1643/1422 1287/1642/1421
f 1224/1571/1358 1225/1572/1359 1289/1644/1423 1288/1643/1422
f 1225/1572/1359 1226/1573/1360 1290/1645/1424 1289/1644/1423
f 1226/1573/1360 1227/1574/1361 1291/1646/1425 1290/1645/1424
f 1227/1574/1361 1228/1575/1362 1292/1647/1426 1291/1646/1425
f 1228/1575/1362 1229/1576/1363 1293/1648/1427 1292/1647/1426
f 1229/1576/1363 1230/1577/1364 1294/1649/1428 1293/1648/1427
f 1230/1577/1364 1231/1578/1365 1295/1650/1429 1294/1649/1428
f 1231/1578/1365 1232/1579/1366 1296/1651/1430 1295/1650/1429
f 1232/1579/1366 1233/1580/1367 1297/1652/1431 1296/1651/1430
f 1233/1580/1367 1234/1581/1368 1298/1653/1432 1297/1652/1431
f 1234/1581/1368 1235/1583/1369 1299/1654/1433 1298/1653/1432
f 1235/1583/1369 1236/1655/1370 1300/1656/1434 1299/1654/1433
f 1236/1584/1370 1237/1586/1371 1301/1657/1435 1300/1658/1434
f 1237/1586/1371 1238/1587/1372 1302/1659/1436 1301/1657/1435
f 1238/1587/1372 1239/1588/1373 1303/1660/1437 1302/1659/1436
f 1239/1588/1373 1240/1589/1374 1304/1661/1438 1303/1660/1437
f 1240/1589/1374 1241/1590/1375 1305/1662/1439 1304/1661/1438
f 1241/1590/1375 1242/1591/1376 1306/1663/1440 1305/1662/1439
f 1242/1591/1376 1243/1592/1377 1307/1664/1441 1306/1663/1440
f 1243/1592/1377 1244/1593/1378 1308/1665/1442 1307/1664/1441
f 1244/1593/1378 1245/1594/1379 1309/1666/1443 1308/1665/1442
f 1245/1594/1379 1246/1595/1380 1310/1667/1444 1309/1666/1443
f 1246/1595/1380 1247/1596/1381 1311/1668/1445 1310/1667/1444
f 1247/1596/1381 1248/1597/1382 1312/1669/1446 1311/1668/1445
f 1248/1597/1382 1249/1598/1383 1313/1670/1447 1312/1669/1446
f 1249/1598/1383 1250/1599/1384 1314/1671/1448 1313/1670/1447
f 1250/1672/1384 1251/1603/1385 1315/1673/1449 1314/1674/1448
f 1251/1603/1385 1252/1602/1386 1316/1675/1450 1315/1673/1449
f 1252/1602/1386 1253/1604/1387 1317/1676/1451 1316/1675/1450
f 1253/1604/1387 1254/1605/1388 1318/1677/1452 1317/1676/1451
f 1254/1605/1388 1255/1606/1389 1319/1678/1453 1318/1677/1452
f 1255/1606/1389 1256/1607/1390 1320/1679/1454 1319/1678/1453
f 1256/1607/1390 1257/1608/1391 1321/1680/1455 1320/1679/1454
f 1257/1608/1391 1258/1609/1392 1322/1681/1456 1321/1680/1455
f 1258/1609/1392 1259/1610/1393 1323/1682/1457 1322/1681/1456
f 1259/1610/1393 1260/1611/1394 1324/1683/1458 1323/1682/1457
f 1260/1611/1394 1261/1612/1395 1325/1684/1459 1324/1683/1458
f 1261/1612/1395 1262/1613/1396 1326/1685/1460 1325/1684/1459
f 1262/1613/1396 1263/1614/1397 1327/1686/1461 1326/1685/1460
f 1263/1614/1397 1264/1615/1398 1328/1687/1462 1327/1686/1461
f 1264/1615/1398 1265/1616/1399 1329/1688/1463 1328/1687/1462
f 1265/1616/1399 1266/1617/1400 1330/1689/1464 1329/1688/1463
f 1266/1617/1400 1267/1619/1401 1331/1690/1465 1330/1689/1464
f 1267/1619/1401 1268/1691/1402 1332/1692/1466 1331/1690/1465
f 1268/1620/1402 1269/1622/1403 1333/1693/1467 1332/1694/1466
f 1269/1622/1403 1270/1623/1404 1334/1695/1468 1333/1693/1467
f 1270/1623/1404 1271/1624/1405 1335/1696/1469 1334/1695/1468
f 1271/1624/1405 1272/1625/1406 1336/1697/1470 1335/1696/1469
f 1272/1625/1406 1273/1626/1407 1337/1698/1471 1336/1697/1470
f 1273/1626/1407 1274/1627/1408 1338/1699/1472 1337/1698/1471
f 1274/1627/1408 1211/1557/1346 1275/1629/1410 1338/1699/1472
f 1340/1700/1473 1591/1701/1474 1593/1702/1475 1342/1703/1476
f 1342/1704/1476 1593/1705/1475 1594/1706/1477 1341/1707/1477
s 0
f 1341/1707/1478 1594/1706/1478 1592/1708/1478 1339/1709/1478
f 1588/1710/1479 1592/1708/1479 1594/1706/1479 1590/1711/1479
f 1590/1711/1480 1594/1706/1480 1593/1705/1480 1589/1712/1480
s 1
f 1589/1713/1481 1593/1702/1475 1591/1701/1474 1587/1714/1482
s 0
f 1584/1715/1483 1588/1710/1483 1590/1711/1483 1586/1716/1483
f 1586/1716/1484 1590/1711/1484 1589/1712/1484 1585/1717/1484
s 1
f 1585/1718/1485 1589/1713/1481 1587/1714/1482 1583/1719/1486
s 0
f 1580/1720/1487 1584/1715/1487 1586/1716/1487 1582/1721/1487
f 1582/1721/1488 1586/1716/1488 1585/1717/1488 1581/1722/1488
s 1
f 1581/1723/1489 1585/1718/1485 1583/1719/1486 1579/1724/1490
s 0
f 1576/1725/1491 1580/1720/1491 1582/1721/1491 1578/1726/1491
f 1578/1726/1492 1582/1721/1492 1581/1722/1492 1577/1727/1492
s 1
f 1577/1728/1493 1581/1723/1489 1579/1724/1490 1575/1729/1494
s 0
f 1572/1730/1495 1576/1725/1495 1578/1726/1495 1574/1731/1495
f 1574/1731/1496 1578/1726/1496 1577/1727/1496 1573/1732/1496
s 1
f 1573/1733/1497 1577/1728/1493 1575/1729/1494 1571/1734/1498
s 0
f 1568/1735/1499 1572/1730/1499 1574/1731/1499 1570/1736/1499
f 1570/1736/1500 1574/1731/1500 1573/1732/1500 1569/1737/1500
s 1
f 1569/1738/1501 1573/1733/1497 1571/1734/1498 1567/1739/1502
s 0
f 1564/1740/1503 1568/1735/1503 1570/1736/1503 1566/1741/1503
f 1566/1741/1504 1570/1736/1504 1569/1737/1504 1565/1742/1504
s 1
f 1565/1743/1505 1569/1738/1501 1567/1739/1502 1563/1744/1506
s 0
f 1560/1745/1507 1564/1740/1507 1566/1741/1507 1562/1746/1507
f 1562/1746/1508 1566/1741/1508 1565/1742/1508 1561/1747/1508
s 1
f 1561/1748/1509 1565/1749/1505 1563/1750/1506 1559/1751/1510
s 0
f 1556/1752/1511 1560/1745/1511 1562/1746/1511 1558/1753/1511
f 1558/1753/1512 1562/1746/1512 1561/1747/1512 1557/1754/1512
s 1
f 1557/1755/1513 1561/1748/1509 1559/1751/1510 1555/1756/1514
s 0
f 1552/1757/1515 1556/1752/1515 1558/1753/1515 1554/1758/1515
f 1554/1758/1516 1558/1753/1516 1557/1754/1516 1553/1759/1516
s 1
f 1553/1760/1517 1557/1755/1513 1555/1756/1514 1551/1761/1518
s 0
f 1548/1762/1519 1552/1757/1519 1554/1758/1519 1550/1763/1519
f 1550/1763/1520 1554/1758/1520 1553/1759/1520 1549/1764/1520
s 1
f 1549/1765/1521 1553/1760/1517 1551/1761/1518 1547/1766/1522
s 0
f 1544/1767/1523 1548/1762/1523 1550/1763/1523 1546/1768/1523
f 1546/1768/1524 1550/1763/1524 1549/1764/1524 1545/1769/1524
s 1
f 1545/1770/1525 1549/1765/1521 1547/1766/1522 1543/1771/1526
s 0
f 1540/1772/1527 1544/1767/1527 1546/1768/1527 1542/1773/1527
f 1542/1773/1528 1546/1768/1528 1545/1769/1528 1541/1774/1528
s 1
f 1541/1775/1529 1545/1770/1525 1543/1771/1526 1539/1776/1530
s 0
f 1536/1777/1531 1540/1772/1531 1542/1773/1531 1538/1778/1531
f 1538/1778/1532 1542/1773/1532 1541/1774/1532 1537/1779/1532
s 1
f 1537/1780/1533 1541/1775/1529 1539/1776/1530 1535/1781/1534
s 0
f 1532/1782/1535 1536/1777/1535 1538/1778/1535 1534/1783/1535
f 1534/1783/1536 1538/1778/1536 1537/1779/1536 1533/1784/1536
s 1
f 1533/1785/1537 1537/1780/1533 1535/1781/1534 1531/1786/1538
s 0
f 1528/1787/1539 1532/1782/1539 1534/1783/1539 1530/1788/1539
f 1530/1788/1540 1534/1783/1540 1533/1784/1540 1529/1789/1540
s 1
f 1529/1790/1541 1533/1785/1537 1531/1786/1538 1527/1791/1542
s 0
f 1524/1792/1543 1528/1787/1543 1530/1788/1543 1526/1793/1543
f 1526/1793/1544 1530/1788/1544 1529/1789/1544 1525/1794/1544
s 1
f 1525/1795/1545 1529/1790/1541 1527/1791/1542 1523/1796/1546
s 0
f 1520/1797/1547 1524/1792/1547 1526/1793/1547 1522/1798/1547
f 1522/1798/1548 1526/1793/1548 1525/1794/1548 1521/1799/1548
s 1
f 1521/1800/1549 1525/1795/1545 1523/1796/1546 1519/1801/1550
s 0
f 1516/1802/1551 1520/1797/1551 1522/1798/1551 1518/1803/1551
f 1518/1803/1552 1522/1798/1552 1521/1799/1552 1517/1804/1552
s 1
f 1517/1805/1553 1521/1800/1549 1519/1801/1550 1515/1806/1554
s 0
f 1512/1807/1555 1516/1802/1555 1518/1803/1555 1514/1808/1555
f 1514/1808/1556 1518/1803/1556 1517/1804/1556 1513/1809/1556
s 1
f 1513/1810/1557 1517/1805/1553 1515/1806/1554 1511/1811/1558
s 0
f 1508/1812/1559 1512/1807/1559 1514/1808/1559 1510/1813/1559
f 1510/1813/1560 1514/1808/1560 1513/1809/1560 1509/1814/1560
s 1
f 1509/1815/1561 1513/1810/1557 1511/1811/1558 1507/1816/1562
s 0
f 1504/1817/1563 1508/1812/1563 1510/1813/1563 1506/1818/1563
f 1506/1818/1564 1510/1813/1564 1509/1814/1564 1505/1819/1564
s 1
f 1505/1820/1565 1509/1815/1561 1507/1816/1562 1503/1821/1566
s 0
f 1500/1822/1567 1504/1817/1567 1506/1818/1567 1502/1823/1567
f 1502/1823/1568 1506/1818/1568 1505/1819/1568 1501/1824/1568
s 1
f 1501/1825/1569 1505/1820/1565 1503/1821/1566 1499/1826/1570
s 0
f 1496/1827/1571 1500/1822/1571 1502/1823/1571 1498/1828/1571
f 1498/1828/1572 1502/1823/1572 1501/1824/1572 1497/1829/1572
s 1
f 1497/1830/1573 1501/1831/1569 1499/1832/1570 1495/1833/1574
s 0
f 1492/1834/1575 1496/1827/1575 1498/1828/1575 1494/1835/1575
f 1494/1835/1576 1498/1828/1576 1497/1829/1576 1493/1836/1576
s 1
f 1493/1837/1577 1497/1830/1573 1495/1833/1574 1491/1838/1578
s 0
f 1488/1839/1579 1492/1834/1579 1494/1835/1579 1490/1840/1579
f 1490/1840/1580 1494/1835/1580 1493/1836/1580 1489/1841/1580
s 1
f 1489/1842/1581 1493/1837/1577 1491/1838/1578 1487/1843/1582
s 0
f 1484/1844/1583 1488/1839/1583 1490/1840/1583 1486/1845/1583
f 1486/1845/1584 1490/1840/1584 1489/1841/1584 1485/1846/1584
s 1
f 1485/1847/1585 1489/1842/1581 1487/1843/1582 1483/1848/1586
s 0
f 1480/1849/1587 1484/1844/1587 1486/1845/1587 1482/1850/1587
f 1482/1850/1588 1486/1845/1588 1485/1846/1588 1481/1851/1588
s 1
f 1481/1852/1589 1485/1847/1585 1483/1848/1586 1479/1853/1590
s 0
f 1476/1854/1591 1480/1849/1591 1482/1850/1591 1478/1855/1591
f 1478/1855/1592 1482/1850/1592 1481/1851/1592 1477/1856/1592
s 1
f 1477/1857/1593 1481/1852/1589 1479/1853/1590 1475/1858/1594
s 0
f 1472/1859/1595 1476/1854/1595 1478/1855/1595 1474/1860/1595
f 1474/1860/1596 1478/1855/1596 1477/1856/1596 1473/1861/1596
s 1
f 1473/1862/1597 1477/1857/1593 1475/1858/1594 1471/1863/1598
s 0
f 1468/1864/1599 1472/1859/1599 1474/1860/1599 1470/1865/1599
f 1470/1865/1600 1474/1860/1600 1473/1861/1600 1469/1866/1600
s 1
f 1469/1867/1601 1473/1862/1597 1471/1863/1598 1467/1868/1602
s 0
f 1464/1869/1603 1468/1864/1603 1470/1865/1603 1466/1870/1603
f 1466/1870/1604 1470/1865/1604 1469/1866/1604 1465/1871/1604
s 1
f 1465/1872/1605 1469/1867/1601 1467/1868/1602 1463/1873/1606
s 0
f 1460/1874/1607 1464/1869/1607 1466/1870/1607 1462/1875/1607
f 1462/1875/1608 1466/1870/1608 1465/1871/1608 1461/1876/1608
s 1
f 1461/1877/1609 1465/1872/1605 1463/1873/1606 1459/1878/1610
s 0
f 1456/1879/1611 1460/1874/1611 1462/1875/1611 1458/1880/1611
f 1458/1880/1612 1462/1875/1612 1461/1876/1612 1457/1881/1612
s 1
f 1457/1882/1613 1461/1877/1609 1459/1878/1610 1455/1883/1614
s 0
f 1452/1884/1615 1456/1879/1615 1458/1880/1615 1454/1885/1615
f 1454/1885/1616 1458/1880/1616 1457/1881/1616 1453/1886/1616
s 1
f 1453/1887/1617 1457/1882/1613 1455/1883/1614 1451/1888/1618
s 0
f 1448/1889/1619 1452/1884/1619 1454/1885/1619 1450/1890/1619
f 1450/1890/1620 1454/1885/1620 1453/1886/1620 1449/1891/1620
s 1
f 1449/1892/1621 1453/1887/1617 1451/1888/1618 1447/1893/1622
s 0
f 1444/1894/1623 1448/1889/1623 1450/1890/1623 1446/1895/1623
f 1446/1895/1624 1450/1890/1624 1449/1891/1624 1445/1896/1624
s 1
f 1445/1897/1625 1449/1892/1621 1447/1893/1622 1443/1898/1626
s 0
f 1440/1899/1627 1444/1894/1627 1446/1895/1627 1442/1900/1627
f 1442/1900/1628 1446/1895/1628 1445/1896/1628 1441/1901/1628
s 1
f 1441/1902/1629 1445/1897/1625 1443/1898/1626 1439/1903/1630
s 0
f 1436/1904/1631 1440/1899/1631 1442/1900/1631 1438/1905/1631
f 1438/1905/1632 1442/1900/1632 1441/1901/1632 1437/1906/1632
s 1
f 1437/1907/1633 1441/1902/1629 1439/1903/1630 1435/1908/1634
s 0
f 1432/1909/1635 1436/1904/1635 1438/1905/1635 1434/1910/1635
f 1434/1910/1636 1438/1905/1636 1437/1906/1636 1433/1911/1636
s 1
f 1433/1912/1637 1437/1913/1633 1435/1914/1634 1431/1915/1638
s 0
f 1428/1916/1639 1432/1909/1639 1434/1910/1639 1430/1917/1639
f 1430/1917/1640 1434/1910/1640 1433/1911/1640 1429/1918/1640
s 1
f 1429/1919/1641 1433/1912/1637 1431/1915/1638 1427/1920/1642
s 0
f 1424/1921/1643 1428/1916/1643 1430/1917/1643 1426/1922/1643
f 1426/1922/1644 1430/1917/1644 1429/1918/1644 1425/1923/1644
s 1
f 1425/1924/1645 1429/1919/1641 1427/1920/1642 1423/1925/1646
s 0
f 1420/1926/1647 1424/1921/1647 1426/1922/1647 1422/1927/1647
f 1422/1927/1648 1426/1922/1648 1425/1923/1648 1421/1928/1648
s 1
f 1421/1929/1649 1425/1924/1645 1423/1925/1646 1419/1930/1650
s 0
f 1416/1931/1651 1420/1926/1651 1422/1927/1651 1418/1932/1651
f 1418/1932/1652 1422/1927/1652 1421/1928/1652 1417/1933/1652
s 1
f 1417/1934/1653 1421/1929/1649 1419/1930/1650 1415/1935/1654
s 0
f 1412/1936/1655 1416/1931/1655 1418/1932/1655 1414/1937/1655
f 1414/1937/1656 1418/1932/1656 1417/1933/1656 1413/1938/1656
s 1
f 1413/1939/1657 1417/1934/1653 1415/1935/1654 1411/1940/1658
s 0
f 1408/1941/1659 1412/1936/1659 1414/1937/1659 1410/1942/1659
f 1410/1942/1660 1414/1937/1660 1413/1938/1660 1409/1943/1660
s 1
f 1409/1944/1661 1413/1939/1657 1411/1940/1658 1407/1945/1662
s 0
f 1404/1946/1663 1408/1941/1663 1410/1942/1663 1406/1947/1663
f 1406/1947/1664 1410/1942/1664 1409/1943/1664 1405/1948/1664
s 1
f 1405/1949/1665 1409/1944/1661 1407/1945/1662 1403/1950/1666
s 0
f 1400/1951/1667 1404/1946/1667 1406/1947/1667 1402/1952/1667
f 1402/1952/1668 1406/1947/1668 1405/1948/1668 1401/1953/1668
s 1
f 1401/1954/1669 1405/1949/1665 1403/1950/1666 1399/1955/1670
s 0
f 1396/1956/1671 1400/1951/1671 1402/1952/1671 1398/1957/1671
f 1398/1957/1672 1402/1952/1672 1401/1953/1672 1397/1958/1672
s 1
f 1397/1959/1673 1401/1954/1669 1399/1955/1670 1395/1960/1674
s 0
f 1392/1961/1675 1396/1956/1675 1398/1957/1675 1394/1962/1675
f 1394/1962/1676 1398/1957/1676 1397/1958/1676 1393/1963/1676
s 1
f 1393/1964/1677 1397/1959/1673 1395/1960/1674 1391/1965/1678
s 0
f 1388/1966/1679 1392/1961/1679 1394/1962/1679 1390/1967/1679
f 1390/1967/1680 1394/1962/1680 1393/1963/1680 1389/1968/1680
s 1
f 1389/1969/1681 1393/1964/1677 1391/1965/1678 1387/1970/1682
s 0
f 1384/1971/1683 1388/1966/1683 1390/1967/1683 1386/1972/1683
f 1386/1972/1684 1390/1967/1684 1389/1968/1684 1385/1973/1684
s 1
f 1385/1974/1685 1389/1969/1681 1387/1970/1682 1383/1975/1686
s 0
f 1380/1976/1687 1384/1971/1687 1386/1972/1687 1382/1977/1687
f 1382/1977/1688 1386/1972/1688 1385/1973/1688 1381/1978/1688
s 1
f 1381/1979/1689 1385/1974/1685 1383/1975/1686 1379/1980/1690
s 0
f 1376/1981/1691 1380/1976/1691 1382/1977/1691 1378/1982/1691
f 1378/1982/1692 1382/1977/1692 1381/1978/1692 1377/1983/1692
s 1
f 1377/1984/1693 1381/1979/1689 1379/1980/1690 1375/1985/1694
s 0
f 1372/1986/1695 1376/1981/1695 1378/1982/1695 1374/1987/1695
f 1374/1987/1696 1378/1982/1696 1377/1983/1696 1373/1988/1696
s 1
f 1373/1989/1697 1377/1984/1693 1375/1985/1694 1371/1990/1698
s 0
f 1368/1991/1699 1372/1986/1699 1374/1987/1699 1370/1992/1699
f 1370/1992/1700 1374/1987/1700 1373/1988/1700 1369/1993/1700
s 1
f 1369/1994/1701 1373/1995/1697 1371/1996/1698 1367/1997/1702
s 0
f 1364/1998/1703 1368/1991/1703 1370/1992/1703 1366/1999/1703
f 1366/1999/1704 1370/1992/1704 1369/1993/1704 1365/2000/1704
s 1
f 1365/2001/1705 1369/1994/1701 1367/1997/1702 1363/2002/1706
s 0
f 1360/2003/1707 1364/1998/1707 1366/1999/1707 1362/2004/1707
f 1362/2004/1708 1366/1999/1708 1365/2000/1708 1361/2005/1708
s 1
f 1361/2006/1709 1365/2001/1705 1363/2002/1706 1359/2007/1710
s 0
f 1356/2008/1711 1360/2003/1711 1362/2004/1711 1358/2009/1711
f 1358/2009/1712 1362/2004/1712 1361/2005/1712 1357/2010/1712
s 1
f 1357/2011/1713 1361/2006/1709 1359/2007/1710 1355/2012/1714
s 0
f 1352/2013/1715 1356/2008/1715 1358/2009/1715 1354/2014/1715
f 1354/2014/1716 1358/2009/1716 1357/2010/1716 1353/2015/1716
s 1
f 1353/2016/1717 1357/2011/1713 1355/2012/1714 1351/2017/1718
s 0
f 1348/2018/1719 1352/2013/1719 1354/2014/1719 1350/2019/1719
f 1350/2019/1720 1354/2014/1720 1353/2015/1720 1349/2020/1720
s 1
f 1349/2021/1721 1353/2016/1717 1351/2017/1718 1347/2022/1722
s 0
f 1344/2023/1723 1348/2018/1723 1350/2019/1723 1346/2024/1723
f 1346/2024/1724 1350/2019/1724 1349/2020/1724 1345/2025/1724
s 1
f 1345/2026/1725 1349/2021/1721 1347/2022/1722 1343/2027/1726
s 0
f 1339/1709/1727 1344/2023/1727 1346/2024/1727 1341/1707/1727
f 1341/1707/1728 1346/2024/1728 1345/2025/1728 1342/1704/1728
s 1
f 1342/1703/1476 1345/2026/1725 1343/2027/1726 1340/1700/1473
f 1596/2028/1729 1600/2029/1730 1602/2030/1731 1598/2031/1732
f 1598/2032/1732 1602/2033/1731 1601/2034/1733 1597/2035/1734
s 0
f 1597/2035/1735 1601/2034/1735 1599/2036/1735 1595/2037/1735
s 1
f 1600/2029/1730 1604/2038/1736 1606/2039/1737 1602/2030/1731
f 1602/2033/1731 1606/2040/1737 1605/2041/1738 1601/2034/1733
s 0
f 1601/2034/1739 1605/2041/1739 1603/2042/1739 1599/2036/1739
s 1
f 1604/2038/1736 1608/2043/1740 1610/2044/1741 1606/2039/1737
f 1606/2040/1737 1610/2045/1741 1609/2046/1742 1605/2041/1738
s 0
f 1605/2041/1743 1609/2046/1743 1603/2042/1743
f 1609/2047/1744 1607/2048/1744 1603/2048/1744
s 1
f 1608/2043/1740 1612/2049/1745 1614/2050/1746 1610/2044/1741
f 1610/2045/1741 1614/2051/1746 1613/2052/1747 1609/2046/1742
s 0
f 1609/2046/1748 1613/2052/1748 1611/2053/1748 1607/2054/1748
s 1
f 1612/2055/1745 1616/2056/1749 1618/2057/1750 1614/2058/1746
f 1614/2051/1746 1618/2059/1750 1617/2060/1751 1613/2052/1747
s 0
f 1613/2052/1752 1617/2060/1752 1615/2061/1752 1611/2053/1752
s 1
f 1616/2056/1749 1620/2062/1753 1622/2063/1754 1618/2057/1750
f 1618/2059/1750 1622/2064/1754 1621/2065/1755 1617/2060/1751
s 0
f 1617/2060/1756 1621/2065/1756 1619/2066/1756 1615/2061/1756
s 1
f 1620/2062/1753 1624/2067/1757 1626/2068/1758 1622/2063/1754
f 1622/2064/1754 1626/2069/1758 1625/2070/1759 1621/2065/1755
s 0
f 1621/2065/1760 1625/2070/1760 1623/2071/1760 1619/2066/1760
s 1
f 1624/2067/1757 1628/2072/1761 1630/2073/1762 1626/2068/1758
f 1626/2069/1758 1630/2074/1762 1629/2075/1763 1625/2070/1759
s 0
f 1625/2070/1764 1629/2075/1764 1627/2076/1764 1623/2071/1764
s 1
f 1628/2072/1761 1632/2077/1765 1634/2078/1766 1630/2073/1762
f 1630/2074/1762 1634/2079/1766 1633/2080/1767 1629/2075/1763
s 0
f 1629/2075/1768 1633/2080/1768 1631/2081/1768 1627/2076/1768
s 1
f 1632/2077/1765 1636/2082/1769 1638/2083/1770 1634/2078/1766
f 1634/2079/1766 1638/2084/1770 1637/2085/1771 1633/2080/1767
s 0
f 1633/2080/1772 1637/2085/1772 1635/2086/1772 1631/2081/1772
s 1
f 1636/2082/1769 1640/2087/1773 1642/2088/1774 1638/2083/1770
f 1638/2084/1770 1642/2089/1774 1641/2090/1775 1637/2085/1771
s 0
f 1637/2085/1776 1641/2090/1776 1639/2091/1776 1635/2086/1776
s 1
f 1640/2087/1773 1644/2092/1777 1646/2093/1778 1642/2088/1774
f 1642/2089/1774 1646/2094/1778 1645/2095/1779 1641/2090/1775
s 0
f 1641/2090/1780 1645/2095/1780 1643/2096/1780 1639/2091/1780
s 1
f 1644/2092/1777 1648/2097/1781 1650/2098/1782 1646/2093/1778
f 1646/2094/1778 1650/2099/1782 1649/2100/1783 1645/2095/1779
s 0
f 1645/2095/1784 1649/2100/1784 1647/2101/1784 1643/2096/1784
s 1
f 1648/2097/1781 1652/2102/1785 1654/2103/1786 1650/2098/1782
f 1650/2099/1782 1654/2104/1786 1653/2105/1787 1649/2100/1783
s 0
f 1649/2100/1788 1653/2105/1788 1651/2106/1788 1647/2101/1788
s 1
f 1652/2102/1785 1656/2107/1789 1658/2108/1790 1654/2103/1786
f 1654/2104/1786 1658/2109/1790 1657/2110/1791 1653/2105/1787
s 0
f 1653/2105/1792 1657/2110/1792 1655/2111/1792 1651/2106/1792
s 1
f 1656/2107/1789 1660/2112/1793 1662/2113/1794 1658/2108/1790
f 1658/2109/1790 1662/2114/1794 1661/2115/1795 1657/2110/1791
s 0
f 1657/2110/1796 1661/2115/1796 1659/2116/1796 1655/2111/1796
s 1
f 1660/2112/1793 1664/2117/1797 1666/2118/1798 1662/2113/1794
f 1662/2114/1794 1666/2119/1798 1665/2120/1799 1661/2115/1795
s 0
f 1661/2115/1800 1665/2120/1800 1663/2121/1800 1659/2116/1800
s 1
f 1664/2117/1797 1668/2122/1801 1670/2123/1802 1666/2118/1798
f 1666/2119/1798 1670/2124/1802 1669/2125/1803 1665/2120/1799
s 0
f 1665/2120/1804 1669/2125/1804 1667/2126/1804 1663/2121/1804
s 1
f 1668/2122/1801 1672/2127/1805 1674/2128/1806 1670/2123/1802
f 1670/2124/1802 1674/2129/1806 1673/2130/1807 1669/2125/1803
s 0
f 1669/2125/1808 1673/2130/1808 1671/2131/1808 1667/2126/1808
s 1
f 1672/2127/1805 1676/2132/1809 1678/2133/1810 1674/2128/1806
f 1674/2129/1806 1678/2134/1810 1677/2135/1811 1673/2130/1807
s 0
f 1673/2130/1812 1677/2135/1812 1675/2136/1812 1671/2131/1812
s 1
f 1676/2132/1809 1680/2137/1813 1682/2138/1814 1678/2133/1810
f 1678/2134/1810 1682/2139/1814 1681/2140/1815 1677/2135/1811
s 0
f 1677/2135/1816 1681/2140/1816 1679/2141/1816 1675/2136/1816
s 1
f 1680/2137/1813 1684/2142/1817 1686/2143/1818 1682/2138/1814
f 1682/2139/1814 1686/2144/1818 1685/2145/1819 1681/2140/1815
s 0
f 1681/2140/1820 1685/2145/1820 1683/2146/1820 1679/2141/1820
s 1
f 1684/2142/1817 1688/2147/1821 1690/2148/1822 1686/2143/1818
f 1686/2144/1818 1690/2149/1822 1689/2150/1823 1685/2145/1819
s 0
f 1685/2145/1824 1689/2150/1824 1687/2151/1824 1683/2146/1824
s 1
f 1688/2147/1821 1692/2152/1825 1694/2153/1826 1690/2148/1822
f 1690/2149/1822 1694/2154/1826 1693/2155/1827 1689/2150/1823
s 0
f 1689/2150/1828 1693/2155/1828 1691/2156/1828 1687/2151/1828
s 1
f 1692/2152/1825 1696/2157/1829 1698/2158/1830 1694/2153/1826
f 1694/2154/1826 1698/2159/1830 1697/2160/1831 1693/2155/1827
s 0
f 1693/2155/1832 1697/2160/1832 1695/2161/1832 1691/2156/1832
s 1
f 1696/2157/1829 1700/2162/1833 1702/2163/1834 1698/2158/1830
f 1698/2159/1830 1702/2164/1834 1701/2165/1835 1697/2160/1831
s 0
f 1697/2160/1836 1701/2165/1836 1699/2166/1836 1695/2161/1836
s 1
f 1700/2162/1833 1704/2167/1837 1706/2168/1838 1702/2163/1834
f 1702/2164/1834 1706/2169/1838 1705/2170/1839 1701/2165/1835
s 0
f 1701/2165/1840 1705/2170/1840 1703/2171/1840 1699/2166/1840
s 1
f 1704/2167/1837 1708/2172/1841 1710/2173/1842 1706/2168/1838
f 1706/2169/1838 1710/2174/1842 1709/2175/1843 1705/2170/1839
s 0
f 1705/2170/1844 1709/2175/1844 1707/2176/1844 1703/2171/1844
s 1
f 1708/2177/1841 1712/2178/1845 1714/2179/1846 1710/2180/1842
f 1710/2174/1842 1714/2181/1846 1713/2182/1847 1709/2175/1843
s 0
f 1709/2175/1848 1713/2182/1848 1711/2183/1848 1707/2176/1848
s 1
f 1712/2178/1845 1716/2184/1849 1718/2185/1850 1714/2179/1846
f 1714/2181/1846 1718/2186/1850 1717/2187/1851 1713/2182/1847
s 0
f 1713/2182/1852 1717/2187/1852 1711/2183/1852
f 1717/2188/1744 1715/2189/1744 1711/2189/1744
s 1
f 1716/2184/1849 1720/2190/1853 1722/2191/1854 1718/2185/1850
f 1718/2186/1850 1722/2192/1854 1721/2193/1855 1717/2187/1851
s 0
f 1717/2187/1856 1721/2193/1856 1719/2194/1856 1715/2195/1856
s 1
f 1720/2190/1853 1724/2196/1857 1726/2197/1858 1722/2191/1854
f 1722/2192/1854 1726/2198/1858 1725/2199/1859 1721/2193/1855
s 0
f 1721/2193/1860 1725/2199/1860 1723/2200/1860 1719/2194/1860
s 1
f 1724/2196/1857 1728/2201/1861 1730/2202/1862 1726/2197/1858
f 1726/2198/1858 1730/2203/1862 1729/2204/1863 1725/2199/1859
s 0
f 1725/2199/1864 1729/2204/1864 1727/2205/1864 1723/2200/1864
s 1
f 1728/2201/1861 1732/2206/1865 1734/2207/1866 1730/2202/1862
f 1730/2203/1862 1734/2208/1866 1733/2209/1867 1729/2204/1863
s 0
f 1729/2204/1868 1733/2209/1868 1731/2210/1868 1727/2205/1868
s 1
f 1732/2206/1865 1736/2211/1869 1738/2212/1870 1734/2207/1866
f 1734/2208/1866 1738/2213/1870 1737/2214/1871 1733/2209/1867
s 0
f 1733/2209/1872 1737/2214/1872 1731/2210/1872
f 1737/2215/1873 1735/2216/1873 1731/2216/1873
s 1
f 1736/2211/1869 1740/2217/1874 1742/2218/1875 1738/2212/1870
f 1738/2213/1870 1742/2219/1875 1741/2220/1876 1737/2214/1871
s 0
f 1737/2214/1877 1741/2220/1877 1739/2221/1877 1735/2222/1877
s 1
f 1740/2223/1874 1744/2224/1878 1746/2225/1879 1742/2226/1875
f 1742/2219/1875 1746/2227/1879 1745/2228/1880 1741/2220/1876
s 0
f 1741/2220/1881 1745/2228/1881 1743/2229/1881 1739/2221/1881
s 1
f 1744/2224/1878 1748/2230/1882 1750/2231/1883 1746/2225/1879
f 1746/2227/1879 1750/2232/1883 1749/2233/1884 1745/2228/1880
s 0
f 1745/2228/1885 1749/2233/1885 1747/2234/1885 1743/2229/1885
s 1
f 1748/2230/1882 1752/2235/1886 1754/2236/1887 1750/2231/1883
f 1750/2232/1883 1754/2237/1887 1753/2238/1888 1749/2233/1884
s 0
f 1749/2233/1889 1753/2238/1889 1751/2239/1889 1747/2234/1889
s 1
f 1752/2235/1886 1756/2240/1890 1758/2241/1891 1754/2236/1887
f 1754/2237/1887 1758/2242/1891 1757/2243/1892 1753/2238/1888
s 0
f 1753/2238/1893 1757/2243/1893 1755/2244/1893 1751/2239/1893
s 1
f 1756/2240/1890 1760/2245/1894 1762/2246/1895 1758/2241/1891
f 1758/2242/1891 1762/2247/1895 1761/2248/1896 1757/2243/1892
s 0
f 1757/2243/1897 1761/2248/1897 1759/2249/1897 1755/2244/1897
s 1
f 1760/2245/1894 1764/2250/1898 1766/2251/1899 1762/2246/1895
f 1762/2247/1895 1766/2252/1899 1765/2253/1900 1761/2248/1896
s 0
f 1761/2248/1901 1765/2253/1901 1763/2254/1901 1759/2249/1901
s 1
f 1764/2250/1898 1768/2255/1902 1770/2256/1903 1766/2251/1899
f 1766/2252/1899 1770/2257/1903 1769/2258/1904 1765/2253/1900
s 0
f 1765/2253/1905 1769/2258/1905 1767/2259/1905 1763/2254/1905
s 1
f 1768/2255/1902 1772/2260/1906 1774/2261/1907 1770/2256/1903
f 1770/2257/1903 1774/2262/1907 1773/2263/1908 1769/2258/1904
s 0
f 1769/2258/1909 1773/2263/1909 1771/2264/1909 1767/2259/1909
s 1
f 1772/2260/1906 1776/2265/1910 1778/2266/1911 1774/2261/1907
f 1774/2262/1907 1778/2267/1911 1777/2268/1912 1773/2263/1908
s 0
f 1773/2263/1913 1777/2268/1913 1775/2269/1913 1771/2264/1913
s 1
f 1776/2265/1910 1780/2270/1914 1782/2271/1915 1778/2266/1911
f 1778/2267/1911 1782/2272/1915 1781/2273/1916 1777/2268/1912
s 0
f 1777/2268/1917 1781/2273/1917 1779/2274/1917 1775/2269/1917
s 1
f 1780/2270/1914 1784/2275/1918 1786/2276/1919 1782/2271/1915
f 1782/2272/1915 1786/2277/1919 1785/2278/1920 1781/2273/1916
s 0
f 1781/2273/1921 1785/2278/1921 1783/2279/1921 1779/2274/1921
s 1
f 1784/2275/1918 1788/2280/1922 1790/2281/1923 1786/2276/1919
f 1786/2277/1919 1790/2282/1923 1789/2283/1924 1785/2278/1920
s 0
f 1785/2278/1925 1789/2283/1925 1787/2284/1925 1783/2279/1925
s 1
f 1788/2280/1922 1792/2285/1926 1794/2286/1927 1790/2281/1923
f 1790/2282/1923 1794/2287/1927 1793/2288/1928 1789/2283/1924
s 0
f 1789/2283/1929 1793/2288/1929 1791/2289/1929 1787/2284/1929
s 1
f 1792/2285/1926 1796/2290/1930 1798/2291/1931 1794/2286/1927
f 1794/2287/1927 1798/2292/1931 1797/2293/1932 1793/2288/1928
s 0
f 1793/2288/1933 1797/2293/1933 1795/2294/1933 1791/2289/1933
s 1
f 1796/2290/1930 1800/2295/1934 1802/2296/1935 1798/2291/1931
f 1798/2292/1931 1802/2297/1935 1801/2298/1936 1797/2293/1932
s 0
f 1797/2293/1937 1801/2298/1937 1799/2299/1937 1795/2294/1937
s 1
f 1800/2295/1934 1804/2300/1938 1806/2301/1939 1802/2296/1935
f 1802/2297/1935 1806/2302/1939 1805/2303/1940 1801/2298/1936
s 0
f 1801/2298/1941 1805/2303/1941 1803/2304/1941 1799/2299/1941
s 1
f 1804/2300/1938 1808/2305/1942 1810/2306/1943 1806/2301/1939
f 1806/2302/1939 1810/2307/1943 1809/2308/1944 1805/2303/1940
s 0
f 1805/2303/1945 1809/2308/1945 1807/2309/1945 1803/2304/1945
s 1
f 1808/2305/1942 1812/2310/1946 1814/2311/1947 1810/2306/1943
f 1810/2307/1943 1814/2312/1947 1813/2313/1948 1809/2308/1944
s 0
f 1809/2308/1949 1813/2313/1949 1811/2314/1949 1807/2309/1949
s 1
f 1812/2310/1946 1816/2315/1950 1818/2316/1951 1814/2311/1947
f 1814/2312/1947 1818/2317/1951 1817/2318/1952 1813/2313/1948
s 0
f 1813/2313/1953 1817/2318/1953 1815/2319/1953 1811/2314/1953
s 1
f 1816/2315/1950 1820/2320/1954 1822/2321/1955 1818/2316/1951
f 1818/2317/1951 1822/2322/1955 1821/2323/1956 1817/2318/1952
s 0
f 1817/2318/1957 1821/2323/1957 1819/2324/1957 1815/2319/1957
s 1
f 1820/2320/1954 1824/2325/1958 1826/2326/1959 1822/2321/1955
f 1822/2322/1955 1826/2327/1959 1825/2328/1960 1821/2323/1956
s 0
f 1821/2323/1961 1825/2328/1961 1823/2329/1961 1819/2324/1961
s 1
f 1824/2325/1958 1828/2330/1962 1830/2331/1963 1826/2326/1959
f 1826/2327/1959 1830/2332/1963 1829/2333/1964 1825/2328/1960
s 0
f 1825/2328/1965 1829/2333/1965 1827/2334/1965 1823/2329/1965
s 1
f 1828/2330/1962 1832/2335/1966 1834/2336/1967 1830/2331/1963
f 1830/2332/1963 1834/2337/1967 1833/2338/1968 1829/2333/1964
s 0
f 1829/2333/1969 1833/2338/1969 1831/2339/1969 1827/2334/1969
s 1
f 1832/2335/1966 1836/2340/1970 1838/2341/1971 1834/2336/1967
f 1834/2337/1967 1838/2342/1971 1837/2343/1972 1833/2338/1968
s 0
f 1833/2338/1973 1837/2343/1973 1835/2344/1973 1831/2339/1973
s 1
f 1836/2345/1970 1840/2346/1974 1842/2347/1975 1838/2348/1971
f 1838/2342/1971 1842/2349/1975 1841/2350/1976 1837/2343/1972
s 0
f 1837/2343/1977 1841/2350/1977 1839/2351/1977 1835/2344/1977
s 1
f 1840/2346/1974 1844/2352/1978 1846/2353/1979 1842/2347/1975
f 1842/2349/1975 1846/2354/1979 1845/2355/1980 1841/2350/1976
s 0
f 1841/2350/1981 1845/2355/1981 1839/2351/1981
f 1845/2356/1982 1843/2356/1982 1839/2356/1982
s 1
f 1844/2352/1978 1848/2357/1983 1850/2358/1984 1846/2353/1979
f 1846/2354/1979 1850/2359/1984 1849/2360/1985 1845/2355/1980
s 0
f 1845/2355/1986 1849/2360/1986 1847/2361/1986 1843/2362/1986
f 1595/2037/1987 1847/2361/1987 1849/2360/1987 1597/2035/1987
f 1597/2035/1988 1849/2360/1988 1850/2359/1988 1598/2032/1988
s 1
f 1598/2031/1732 1850/2358/1984 1848/2357/1983 1596/2028/1729
f 1591/1701/1474 1340/1700/1473 1019/1217/1021 1082/1351/1147
s 0
f 1444/1894/1989 1440/1899/1989 1436/1904/1989 1432/1909/1989 1428/1916/1989 1424/1921/1989 1420/1926/1989 1416/1931/1989 1412/1936/1989 1408/1941/1989 1404/1946/1989 1400/1951/1989 1396/1956/1989 1392/1961/1989 1388/1966/1989 1384/1971/1989 1380/1976/1989 1376/1981/1989 1372/1986/1989 1368/1991/1989 1364/1998/1989 1360/2003/1989 1356/2008/1989 1352/2013/1989 1348/2018/1989 1344/2023/1989 1339/1709/1989 1592/1708/1989 1588/1710/1989 1584/1715/1989 1580/1720/1989 1576/1725/1989 1572/1730/1989 1568/1735/1989 1564/1740/1989 1560/1745/1989 1556/1752/1989 1552/1757/1989 1548/1762/1989 1544/1767/1989 1540/1772/1989 1536/1777/1989 1532/1782/1989 1528/1787/1989 1524/1792/1989 1520/1797/1989 1516/1802/1989 1512/1807/1989 1508/1812/1989 1504/1817/1989 1500/1822/1989 1496/1827/1989 1492/1834/1989 1488/1839/1989 1484/1844/1989 1480/1849/1989 1476/1854/1989 1472/1859/1989 1468/1864/1989 1464/1869/1989 1460/1874/1989 1456/1879/1989 1452/1884/1989 1448/1889/1989
s 1
f 1340/1700/1473 1343/2027/1726 1020/1218/1022 1019/1217/1021
f 1343/2027/1726 1347/2022/1722 1021/1221/1025 1020/1218/1022
f 1347/2022/1722 1351/2017/1718 1022/1223/1027 1021/1221/1025
f 1351/2017/1718 1355/2012/1714 1023/1225/1029 1022/1223/1027
f 1355/2012/1714 1359/2007/1710 1024/1227/1031 1023/1225/1029
f 1359/2007/1710 1363/2002/1706 1025/1229/1033 1024/1227/1031
f 1363/2002/1706 1367/1997/1702 1026/1231/1035 1025/1229/1033
f 1367/1997/1702 1371/1996/1698 1027/1233/1037 1026/1231/1035
f 1371/1990/1698 1375/1985/1694 1028/1237/1039 1027/2363/1037
f 1375/1985/1694 1379/1980/1690 1029/1238/1041 1028/1237/1039
f 1379/1980/1690 1383/1975/1686 1030/1241/1043 1029/1238/1041
f 1383/1975/1686 1387/1970/1682 1031/1243/1045 1030/1241/1043
f 1387/1970/1682 1391/1965/1678 1032/1245/1047 1031/1243/1045
f 1391/1965/1678 1395/1960/1674 1033/1247/1049 1032/1245/1047
f 1395/1960/1674 1399/1955/1670 1034/1249/1051 1033/1247/1049
f 1399/1955/1670 1403/1950/1666 1035/1251/1053 1034/1249/1051
f 1403/1950/1666 1407/1945/1662 1036/1253/1055 1035/1251/1053
f 1407/1945/1662 1411/1940/1658 1037/1255/1057 1036/1253/1055
f 1411/1940/1658 1415/1935/1654 1038/1257/1059 1037/1255/1057
f 1415/1935/1654 1419/1930/1650 1039/1259/1061 1038/1257/1059
f 1419/1930/1650 1423/1925/1646 1040/1261/1063 1039/1259/1061
f 1423/1925/1646 1427/1920/1642 1041/1263/1065 1040/1261/1063
f 1427/1920/1642 1431/1915/1638 1042/1265/1067 1041/1263/1065
f 1431/1915/1638 1435/1914/1634 1043/1267/1069 1042/1265/1067
f 1435/1908/1634 1439/1903/1630 1044/1270/1071 1043/1269/1069
f 1439/1903/1630 1443/1898/1626 1045/1273/1073 1044/1270/1071
f 1443/1898/1626 1447/1893/1622 1046/1275/1075 1045/1273/1073
f 1447/1893/1622 1451/1888/1618 1047/1277/1077 1046/1275/1075
f 1451/1888/1618 1455/1883/1614 1048/1279/1079 1047/1277/1077
f 1455/1883/1614 1459/1878/1610 1049/1281/1081 1048/1279/1079
f 1459/1878/1610 1463/1873/1606 1050/1283/1083 1049/1281/1081
f 1463/1873/1606 1467/1868/1602 1051/1285/1085 1050/1283/1083
f 1467/1868/1602 1471/1863/1598 1052/1287/1087 1051/1285/1085
f 1471/1863/1598 1475/1858/1594 1053/1289/1089 1052/1287/1087
f 1475/1858/1594 1479/1853/1590 1054/1291/1091 1053/1289/1089
f 1479/1853/1590 1483/1848/1586 1055/1293/1093 1054/1291/1091
f 1483/1848/1586 1487/1843/1582 1056/1295/1095 1055/1293/1093
f 1487/1843/1582 1491/1838/1578 1057/1297/1097 1056/1295/1095
f 1491/1838/1578 1495/1833/1574 1058/1299/1099 1057/1297/1097
f 1495/1833/1574 1499/1832/1570 1059/1301/1101 1058/1299/1099
f 1499/1826/1570 1503/1821/1566 1060/1304/1103 1059/1303/1101
f 1503/1821/1566 1507/1816/1562 1061/1307/1105 1060/1304/1103
f 1507/1816/1562 1511/1811/1558 1062/1309/1107 1061/1307/1105
f 1511/1811/1558 1515/1806/1554 1063/1311/1109 1062/1309/1107
f 1515/1806/1554 1519/1801/1550 1064/1313/1111 1063/1311/1109
f 1519/1801/1550 1523/1796/1546 1065/1315/1113 1064/1313/1111
f 1523/1796/1546 1527/1791/1542 1066/1317/1115 1065/1315/1113
f 1527/1791/1542 1531/1786/1538 1067/1319/1117 1066/1317/1115
f 1531/1786/1538 1535/1781/1534 1068/1321/1119 1067/1319/1117
f 1535/1781/1534 1539/1776/1530 1069/1323/1121 1068/1321/1119
f 1539/1776/1530 1543/1771/1526 1070/1325/1123 1069/1323/1121
f 1543/1771/1526 1547/1766/1522 1071/1327/1125 1070/1325/1123
f 1547/1766/1522 1551/1761/1518 1072/1329/1127 1071/1327/1125
f 1551/1761/1518 1555/1756/1514 1073/1331/1129 1072/1329/1127
f 1555/1756/1514 1559/1751/1510 1074/1333/1131 1073/1331/1129
f 1559/1751/1510 1563/1750/1506 1075/1335/1133 1074/1333/1131
f 1563/1744/1506 1567/1739/1502 1076/1338/1135 1075/1337/1133
f 1567/1739/1502 1571/1734/1498 1077/1341/1137 1076/1338/1135
f 1571/1734/1498 1575/1729/1494 1078/1343/1139 1077/1341/1137
f 1575/1729/1494 1579/1724/1490 1079/1345/1141 1078/1343/1139
f 1579/1724/1490 1583/1719/1486 1080/1347/1143 1079/1345/1141
f 1583/1719/1486 1587/1714/1482 1081/1349/1145 1080/1347/1143
f 1587/1714/1482 1591/1701/1474 1082/1351/1147 1081/1349/1145
f 1338/1699/1472 1275/1629/1410 1596/2028/1729 1848/2357/1983
f 1275/1629/1410 1276/1628/1409 1600/2029/1730 1596/2028/1729
s 0
f 1847/2361/1990 1595/2037/1990 1599/2036/1990 1603/2042/1990 1607/2054/1990 1611/2053/1990 1615/2061/1990 1619/2066/1990 1623/2071/1990 1627/2076/1990 1631/2081/1990 1635/2086/1990 1639/2091/1990 1643/2096/1990 1647/2101/1990 1651/2106/1990 1655/2111/1990 1659/2116/1990 1663/2121/1990 1667/2126/1990 1671/2131/1990 1675/2136/1990 1679/2141/1990 1683/2146/1990 1687/2151/1990 1691/2156/1990 1695/2161/1990 1699/2166/1990 1703/2171/1990 1707/2176/1990 1711/2183/1990 1715/2195/1990 1719/2194/1990 1723/2200/1990 1727/2205/1990 1731/2210/1990 1735/2222/1990 1739/2221/1990 1743/2229/1990 1747/2234/1990 1751/2239/1990 1755/2244/1990 1759/2249/1990 1763/2254/1990 1767/2259/1990 1771/2264/1990 1775/2269/1990 1779/2274/1990 1783/2279/1990 1787/2284/1990 1791/2289/1990 1795/2294/1990 1799/2299/1990 1803/2304/1990 1807/2309/1990 1811/2314/1990 1815/2319/1990 1819/2324/1990 1823/2329/1990 1827/2334/1990 1831/2339/1990 1835/2344/1990 1839/2351/1990 1843/2362/1990
s 1
f 1276/1628/1409 1277/1630/1411 1604/2038/1736 1600/2029/1730
f 1277/1630/1411 1278/1631/1412 1608/2043/1740 1604/2038/1736
f 1278/1631/1412 1279/1632/1413 1612/2049/1745 1608/2043/1740
f 1279/2364/1413 1280/2365/1414 1616/2056/1749 1612/2055/1745
f 1280/2365/1414 1281/2366/1415 1620/2062/1753 1616/2056/1749
f 1281/2366/1415 1282/1638/1416 1624/2067/1757 1620/2062/1753
f 1282/1638/1416 1283/1637/1417 1628/2072/1761 1624/2067/1757
f 1283/1637/1417 1284/1639/1418 1632/2077/1765 1628/2072/1761
f 1284/1639/1418 1285/1640/1419 1636/2082/1769 1632/2077/1765
f 1285/1640/1419 1286/1641/1420 1640/2087/1773 1636/2082/1769
f 1286/1641/1420 1287/1642/1421 1644/2092/1777 1640/2087/1773
f 1287/1642/1421 1288/1643/1422 1648/2097/1781 1644/2092/1777
f 1288/1643/1422 1289/1644/1423 1652/2102/1785 1648/2097/1781
f 1289/1644/1423 1290/1645/1424 1656/2107/1789 1652/2102/1785
f 1290/1645/1424 1291/1646/1425 1660/2112/1793 1656/2107/1789
f 1291/1646/1425 1292/1647/1426 1664/2117/1797 1660/2112/1793
f 1292/1647/1426 1293/1648/1427 1668/2122/1801 1664/2117/1797
f 1293/1648/1427 1294/1649/1428 1672/2127/1805 1668/2122/1801
f 1294/1649/1428 1295/1650/1429 1676/2132/1809 1672/2127/1805
f 1295/1650/1429 1296/1651/1430 1680/2137/1813 1676/2132/1809
f 1296/1651/1430 1297/1652/1431 1684/2142/1817 1680/2137/1813
f 1297/1652/1431 1298/1653/1432 1688/2147/1821 1684/2142/1817
f 1298/1653/1432 1299/1654/1433 1692/2152/1825 1688/2147/1821
f 1299/1654/1433 1300/1656/1434 1696/2157/1829 1692/2152/1825
f 1300/1656/1434 1301/2367/1435 1700/2162/1833 1696/2157/1829
f 1301/2367/1435 1302/2368/1436 1704/2167/1837 1700/2162/1833
f 1302/2368/1436 1303/2369/1437 1708/2172/1841 1704/2167/1837
f 1303/1660/1437 1304/1661/1438 1712/2178/1845 1708/2177/1841
f 1304/1661/1438 1305/1662/1439 1716/2184/1849 1712/2178/1845
f 1305/1662/1439 1306/1663/1440 1720/2190/1853 1716/2184/1849
f 1306/1663/1440 1307/1664/1441 1724/2196/1857 1720/2190/1853
f 1307/1664/1441 1308/1665/1442 1728/2201/1861 1724/2196/1857
f 1308/1665/1442 1309/1666/1443 1732/2206/1865 1728/2201/1861
f 1309/1666/1443 1310/1667/1444 1736/2211/1869 1732/2206/1865
f 1310/1667/1444 1311/1668/1445 1740/2217/1874 1736/2211/1869
f 1311/2370/1445 1312/2371/1446 1744/2224/1878 1740/2223/1874
f 1312/2371/1446 1313/2372/1447 1748/2230/1882 1744/2224/1878
f 1313/2372/1447 1314/1674/1448 1752/2235/1886 1748/2230/1882
f 1314/1674/1448 1315/1673/1449 1756/2240/1890 1752/2235/1886
f 1315/1673/1449 1316/1675/1450 1760/2245/1894 1756/2240/1890
f 1316/1675/1450 1317/1676/1451 1764/2250/1898 1760/2245/1894
f 1317/1676/1451 1318/1677/1452 1768/2255/1902 1764/2250/1898
f 1318/1677/1452 1319/1678/1453 1772/2260/1906 1768/2255/1902
f 1319/1678/1453 1320/1679/1454 1776/2265/1910 1772/2260/1906
f 1320/1679/1454 1321/1680/1455 1780/2270/1914 1776/2265/1910
f 1321/1680/1455 1322/1681/1456 1784/2275/1918 1780/2270/1914
f 1322/1681/1456 1323/1682/1457 1788/2280/1922 1784/2275/1918
f 1323/1682/1457 1324/1683/1458 1792/2285/1926 1788/2280/1922
f 1324/1683/1458 1325/1684/1459 1796/2290/1930 1792/2285/1926
f 1325/1684/1459 1326/1685/1460 1800/2295/1934 1796/2290/1930
f 1326/1685/1460 1327/1686/1461 1804/2300/1938 1800/2295/1934
f 1327/1686/1461 1328/1687/1462 1808/2305/1942 1804/2300/1938
f 1328/1687/1462 1329/1688/1463 1812/2310/1946 1808/2305/1942
f 1329/1688/1463 1330/1689/1464 1816/2315/1950 1812/2310/1946
f 1330/1689/1464 1331/1690/1465 1820/2320/1954 1816/2315/1950
f 1331/1690/1465 1332/1692/1466 1824/2325/1958 1820/2320/1954
f 1332/1692/1466 1333/2373/1467 1828/2330/1962 1824/2325/1958
f 1333/2373/1467 1334/2374/1468 1832/2335/1966 1828/2330/1962
f 1334/2374/1468 1335/2375/1469 1836/2340/1970 1832/2335/1966
f 1335/1696/1469 1336/1697/1470 1840/2346/1974 1836/2345/1970
f 1336/1697/1470 1337/1698/1471 1844/2352/1978 1840/2346/1974
f 1337/1698/1471 1338/1699/1472 1848/2357/1983 1844/2352/1978
f 1913/2376/1201 1914/2377/1200 1979/2378/1299 1928/2379/1296 1927/2380/1295
f 1914/2377/1200 1858/2381/1165 1859/2382/1198 1980/2383/1300 1979/2378/1299
f 1859/2382/1198 1880/2384/1197 1978/2385/1301 1980/2383/1300
f 1880/2384/1197 1879/2386/1196 1981/2387/1302 1978/2385/1301
f 1879/2386/1196 1881/2388/1195 1976/2389/1303 1981/2387/1302
f 1881/2388/1195 1878/2390/1194 1977/2391/1304 1976/2389/1303
f 1878/2390/1194 1877/2392/1193 1975/2393/1305 1977/2391/1304
f 1975/2394/1305 1877/2395/1193 1882/2396/1192 1982/2397/1306
f 1982/2397/1306 1882/2396/1192 1875/2398/1191 1972/2399/1307
f 1972/2399/1307 1875/2398/1191 1874/2400/1190 1973/2401/1308
f 1973/2401/1308 1874/2400/1190 1876/2402/1189 1965/2403/1309
f 1965/2403/1309 1876/2402/1189 1873/2404/1188 1966/2405/1310
f 1966/2405/1310 1873/2404/1188 1872/2406/1187 1963/2407/1311
f 1963/2407/1311 1872/2406/1187 1883/2408/1186 1964/2409/1312
f 1964/2409/1312 1883/2408/1186 1868/2410/1185 1967/2411/1313
f 1967/2411/1313 1868/2410/1185 1869/2412/1184 1961/2413/1314
f 1961/2413/1314 1869/2412/1184 1870/2414/1183 1960/2415/1315
f 1960/2415/1315 1870/2414/1183 1866/2416/1182 1962/2417/1316
f 1962/2417/1316 1866/2416/1182 1867/2418/1181 1959/2419/1317
f 1959/2419/1317 1867/2418/1181 1871/2420/1180 1968/2421/1318
f 1968/2421/1318 1871/2420/1180 1863/2422/1179 1956/2423/1319
f 1956/2423/1319 1863/2422/1179 1864/2424/1178 1957/2425/1320
f 1957/2425/1320 1864/2424/1178 1865/2426/1177 1958/2427/1321
f 1865/2426/1177 1862/2428/1176 1954/2429/1322 1958/2427/1321
f 1862/2428/1176 1861/2430/1175 1955/2431/1323 1954/2429/1322
f 1861/2430/1175 1856/2432/1174 1953/2433/1324 1955/2431/1323
f 1856/2432/1174 1857/2434/1173 1952/2435/1325 1953/2433/1324
f 1952/2436/1325 1857/2437/1173 1860/2438/1172 1951/2439/1326
f 1951/2439/1326 1860/2438/1172 1853/2440/1171 1950/2441/1327
f 1950/2441/1327 1853/2440/1171 1854/2442/1170 1974/2443/1328
f 1974/2443/1328 1854/2442/1170 1855/2444/1169 1970/2445/1329
f 1970/2445/1329 1855/2444/1169 1851/2446/1168 1971/2447/1330
f 1971/2447/1330 1851/2446/1168 1852/2448/1167 1905/2449/1232 1969/2450/1297
f 1969/2450/1297 1905/2449/1232 1906/2451/1231 1917/2452/1265 1918/2453/1264
f 1917/2452/1265 1906/2451/1231 1907/2454/1230 1922/2455/1266
f 1922/2455/1266 1907/2454/1230 1884/2456/1229 1920/2457/1267
f 1920/2457/1267 1884/2456/1229 1887/2458/1228 1919/2459/1268
f 1919/2459/1268 1887/2458/1228 1886/2460/1227 1921/2461/1269
f 1921/2461/1269 1886/2460/1227 1885/2462/1226 1923/2463/1270
f 1885/2464/1226 1893/2465/1225 1925/2466/1271 1923/2467/1270
f 1893/2465/1225 1889/2468/1224 1924/2469/1272 1925/2466/1271
f 1889/2468/1224 1888/2470/1223 1930/2471/1273 1924/2469/1272
f 1888/2470/1223 1892/2472/1222 1929/2473/1274 1930/2471/1273
f 1892/2472/1222 1891/2474/1221 1931/2475/1275 1929/2473/1274
f 1891/2474/1221 1890/2476/1220 1932/2477/1276 1931/2475/1275
f 1890/2476/1220 1904/2478/1219 1933/2479/1277 1932/2477/1276
f 1904/2478/1219 1894/2480/1218 1934/2481/1278 1933/2479/1277
f 1894/2480/1218 1897/2482/1217 1935/2483/1279 1934/2481/1278
f 1897/2482/1217 1895/2484/1216 1938/2485/1280 1935/2483/1279
f 1895/2484/1216 1896/2486/1215 1936/2487/1281 1938/2485/1280
f 1896/2486/1215 1903/2488/1214 1937/2489/1282 1936/2487/1281
f 1903/2488/1214 1898/2490/1213 1949/2491/1283 1937/2489/1282
f 1898/2490/1213 1899/2492/1212 1939/2493/1284 1949/2491/1283
f 1899/2492/1212 1902/2494/1211 1940/2495/1285 1939/2493/1284
f 1902/2494/1211 1900/2496/1210 1943/2497/1286 1940/2495/1285
f 1900/2496/1210 1901/2498/1209 1941/2499/1287 1943/2497/1286
f 1941/2499/1287 1901/2498/1209 1909/2500/1208 1942/2501/1288
f 1942/2501/1288 1909/2500/1208 1908/2502/1207 1948/2503/1289
f 1948/2503/1289 1908/2502/1207 1916/2504/1206 1944/2505/1290
f 1916/2506/1206 1910/2507/1205 1945/2508/1291 1944/2509/1290
f 1910/2507/1205 1912/2510/1204 1947/2511/1292 1945/2508/1291
f 1912/2510/1204 1911/2512/1203 1946/2513/1293 1947/2511/1292
f 1911/2512/1203 1915/2514/1202 1926/2515/1294 1946/2513/1293
f 1915/2514/1202 1913/2376/1201 1927/2380/1295 1926/2515/1294
o Polished_square_striking_face
v -0.066000 0.004249 -0.294271
v -0.065661 0.003411 -0.294292
v -0.065955 0.003954 -0.294278
v -0.065831 0.003647 -0.294286
v -0.065662 0.003636 -0.302481
v -0.066000 0.004469 -0.302276
v -0.065831 0.003869 -0.302384
v -0.065955 0.004174 -0.302309
v -0.065664 0.003740 -0.304151
v -0.066000 0.004567 -0.303882
v -0.065832 0.003971 -0.304033
v -0.065955 0.004274 -0.303935
v -0.065666 0.003871 -0.305264
v -0.066000 0.004689 -0.304940
v -0.065833 0.004099 -0.305130
v -0.065955 0.004399 -0.305011
v -0.065669 0.004038 -0.306108
v -0.066000 0.004842 -0.305725
v -0.065835 0.004262 -0.305960
v -0.065956 0.004556 -0.305820
v -0.065672 0.004245 -0.306785
v -0.066000 0.005025 -0.306337
v -0.065836 0.004463 -0.306625
v -0.065956 0.004749 -0.306460
v -0.065675 0.004496 -0.307345
v -0.066000 0.005240 -0.306824
v -0.065838 0.004706 -0.307171
v -0.065956 0.004979 -0.306980
v -0.065677 0.004793 -0.307813
v -0.066000 0.005489 -0.307218
v -0.065838 0.004994 -0.307626
v -0.065957 0.005249 -0.307408
v -0.065677 0.005144 -0.308206
v -0.066000 0.005776 -0.307542
v -0.065839 0.005333 -0.308007
v -0.065957 0.005565 -0.307764
v -0.065677 0.005554 -0.308537
v -0.066000 0.006113 -0.307812
v -0.065838 0.005731 -0.308327
v -0.065957 0.005936 -0.308061
v -0.065675 0.006037 -0.308810
v -0.066000 0.006519 -0.308041
v -0.065838 0.006200 -0.308592
v -0.065956 0.006377 -0.308310
v -0.065672 0.006608 -0.309032
v -0.066000 0.007017 -0.308231
v -0.065836 0.006757 -0.308807
v -0.065956 0.006907 -0.308514
v -0.065669 0.007295 -0.309205
v -0.066000 0.007637 -0.308384
v -0.065835 0.007431 -0.308975
v -0.065956 0.007556 -0.308674
v -0.065666 0.008146 -0.309330
v -0.066000 0.008429 -0.308497
v -0.065833 0.008269 -0.309096
v -0.065955 0.008372 -0.308791
v -0.065664 0.009264 -0.309406
v -0.066000 0.009491 -0.308566
v -0.065832 0.009371 -0.309169
v -0.065955 0.009454 -0.308862
v -0.065662 0.010937 -0.309426
v -0.066000 0.011101 -0.308584
v -0.065831 0.011022 -0.309188
v -0.065955 0.011082 -0.308880
v -0.065661 0.019127 -0.309242
v -0.066000 0.019106 -0.308404
v -0.065831 0.019121 -0.309006
v -0.065955 0.019114 -0.308699
v -0.065662 0.027317 -0.309016
v -0.066000 0.027112 -0.308184
v -0.065831 0.027221 -0.308783
v -0.065955 0.027145 -0.308478
v -0.065664 0.028987 -0.308913
v -0.066000 0.028719 -0.308086
v -0.065832 0.028869 -0.308682
v -0.065955 0.028771 -0.308379
v -0.065666 0.030100 -0.308781
v -0.066000 0.029776 -0.307963
v -0.065833 0.029966 -0.308553
v -0.065955 0.029848 -0.308254
v -0.065669 0.030944 -0.308614
v -0.066000 0.030561 -0.307811
v -0.065835 0.030797 -0.308390
v -0.065956 0.030656 -0.308096
v -0.065672 0.031622 -0.308407
v -0.066000 0.031173 -0.307627
v -0.065836 0.031461 -0.308189
v -0.065956 0.031297 -0.307904
v -0.065675 0.032181 -0.308157
v -0.066000 0.031660 -0.307412
v -0.065838 0.032007 -0.307946
v -0.065956 0.031816 -0.307674
v -0.065677 0.032649 -0.307859
v -0.066000 0.032054 -0.307164
v -0.065838 0.032462 -0.307658
v -0.065957 0.032244 -0.307404
v -0.065677 0.033043 -0.307509
v -0.066000 0.032378 -0.306877
v -0.065839 0.032843 -0.307319
v -0.065957 0.032600 -0.307088
v -0.065677 0.033373 -0.307098
v -0.066000 0.032649 -0.306539
v -0.065838 0.033163 -0.306921
v -0.065957 0.032898 -0.306717
v -0.065675 0.033647 -0.306616
v -0.066000 0.032877 -0.306133
v -0.065838 0.033428 -0.306452
v -0.065956 0.033146 -0.306276
v -0.065672 0.033869 -0.306045
v -0.066000 0.033067 -0.305636
v -0.065836 0.033643 -0.305895
v -0.065956 0.033350 -0.305745
v -0.065669 0.034042 -0.305358
v -0.066000 0.033220 -0.305015
v -0.065835 0.033811 -0.305221
v -0.065956 0.033510 -0.305096
v -0.065666 0.034167 -0.304506
v -0.066000 0.033333 -0.304224
v -0.065833 0.033932 -0.304384
v -0.065955 0.033627 -0.304280
v -0.065664 0.034242 -0.303388
v -0.066000 0.033403 -0.303161
v -0.065832 0.034005 -0.303282
v -0.065955 0.033698 -0.303199
v -0.065662 0.034262 -0.301715
v -0.066000 0.033420 -0.301552
v -0.065831 0.034024 -0.301630
v -0.065955 0.033716 -0.301570
v -0.065661 0.034078 -0.293525
v -0.066000 0.033240 -0.293546
v -0.065831 0.033842 -0.293531
v -0.065955 0.033535 -0.293539
v -0.065662 0.033853 -0.285335
v -0.066000 0.033020 -0.285541
v -0.065831 0.033619 -0.285432
v -0.065955 0.033315 -0.285507
v -0.065664 0.033749 -0.283665
v -0.066000 0.032922 -0.283934
v -0.065832 0.033518 -0.283783
v -0.065955 0.033215 -0.283882
v -0.065666 0.033618 -0.282553
v -0.066000 0.032799 -0.282876
v -0.065833 0.033390 -0.282686
v -0.065955 0.033090 -0.282805
v -0.065669 0.033450 -0.281708
v -0.066000 0.032647 -0.282091
v -0.065835 0.033227 -0.281856
v -0.065956 0.032933 -0.281996
v -0.065672 0.033243 -0.281031
v -0.066000 0.032463 -0.281480
v -0.065836 0.033025 -0.281192
v -0.065956 0.032740 -0.281356
v -0.065675 0.032993 -0.280472
v -0.066000 0.032248 -0.280992
v -0.065838 0.032783 -0.280646
v -0.065956 0.032510 -0.280836
v -0.065677 0.032695 -0.280004
v -0.066000 0.032000 -0.280598
v -0.065838 0.032494 -0.280191
v -0.065957 0.032240 -0.280408
v -0.065677 0.032345 -0.279610
v -0.066000 0.031713 -0.280274
v -0.065839 0.032155 -0.279809
v -0.065957 0.031924 -0.280052
v -0.065677 0.031934 -0.279280
v -0.066000 0.031375 -0.280004
v -0.065838 0.031758 -0.279490
v -0.065957 0.031553 -0.279755
v -0.065675 0.031452 -0.279006
v -0.066000 0.030969 -0.279776
v -0.065838 0.031289 -0.279225
v -0.065956 0.031112 -0.279506
v -0.065672 0.030881 -0.278784
v -0.066000 0.030472 -0.279585
v -0.065836 0.030731 -0.279009
v -0.065956 0.030581 -0.279303
v -0.065669 0.030194 -0.278611
v -0.066000 0.029851 -0.279432
v -0.065835 0.030058 -0.278842
v -0.065956 0.029932 -0.279142
v -0.065666 0.029342 -0.278486
v -0.066000 0.029060 -0.279319
v -0.065833 0.029220 -0.278720
v -0.065955 0.029117 -0.279025
v -0.065664 0.028225 -0.278410
v -0.066000 0.027997 -0.279250
v -0.065832 0.028118 -0.278647
v -0.065955 0.028035 -0.278954
v -0.065662 0.026551 -0.278390
v -0.066000 0.026388 -0.279232
v -0.065831 0.026467 -0.278628
v -0.065955 0.026407 -0.278936
v -0.065661 0.018362 -0.278574
v -0.066000 0.018383 -0.279413
v -0.065831 0.018368 -0.278811
v -0.065955 0.018375 -0.279117
v -0.065662 0.010171 -0.278800
v -0.066000 0.010377 -0.279632
v -0.065831 0.010268 -0.279033
v -0.065955 0.010343 -0.279338
v -0.065664 0.008501 -0.278903
v -0.066000 0.008770 -0.279731
v -0.065832 0.008620 -0.279135
v -0.065955 0.008718 -0.279437
v -0.065666 0.007389 -0.279035
v -0.066000 0.007712 -0.279853
v -0.065833 0.007523 -0.279263
v -0.065955 0.007641 -0.279562
v -0.065669 0.006545 -0.279202
v -0.066000 0.006928 -0.280005
v -0.065835 0.006692 -0.279426
v -0.065956 0.006832 -0.279720
v -0.065672 0.005867 -0.279409
v -0.066000 0.006316 -0.280189
v -0.065836 0.006028 -0.279627
v -0.065956 0.006192 -0.279913
v -0.065675 0.005308 -0.279660
v -0.066000 0.005828 -0.280404
v -0.065838 0.005482 -0.279870
v -0.065956 0.005672 -0.280142
v -0.065677 0.004840 -0.279957
v -0.066000 0.005434 -0.280653
v -0.065838 0.005027 -0.280158
v -0.065957 0.005244 -0.280413
v -0.065677 0.004446 -0.280307
v -0.066000 0.005111 -0.280940
v -0.065839 0.004645 -0.280497
v -0.065957 0.004889 -0.280728
v -0.065677 0.004116 -0.280718
v -0.066000 0.004840 -0.281277
v -0.065838 0.004326 -0.280895
v -0.065957 0.004591 -0.281100
v -0.065675 0.003842 -0.281201
v -0.066000 0.004612 -0.281683
v -0.065838 0.004061 -0.281364
v -0.065956 0.004343 -0.281540
v -0.065672 0.003620 -0.281772
v -0.066000 0.004421 -0.282181
v -0.065836 0.003846 -0.281921
v -0.065956 0.004139 -0.282071
v -0.065669 0.003447 -0.282459
v -0.066000 0.004268 -0.282801
v -0.065835 0.003678 -0.282595
v -0.065956 0.003978 -0.282720
v -0.065666 0.003322 -0.283310
v -0.066000 0.004155 -0.283592
v -0.065833 0.003557 -0.283432
v -0.065955 0.003862 -0.283536
v -0.065664 0.003246 -0.284428
v -0.066000 0.004086 -0.284655
v -0.065832 0.003483 -0.284534
v -0.065955 0.003791 -0.284617
v -0.065662 0.003226 -0.286101
v -0.066000 0.004068 -0.286265
v -0.065831 0.003464 -0.286186
v -0.065955 0.003772 -0.286246
v -0.063500 0.001750 -0.294333
v -0.064339 0.002088 -0.294325
v -0.063795 0.001795 -0.294332
v -0.064102 0.001919 -0.294329
v -0.064338 0.002332 -0.303221
v -0.063500 0.001999 -0.303410
v -0.064102 0.002165 -0.303316
v -0.063795 0.002043 -0.303385
v -0.064336 0.002441 -0.305038
v -0.063500 0.002112 -0.305262
v -0.064101 0.002276 -0.305150
v -0.063795 0.002156 -0.305232
v -0.064334 0.002578 -0.306251
v -0.063500 0.002255 -0.306498
v -0.064100 0.002417 -0.306374
v -0.063795 0.002298 -0.306465
v -0.064331 0.002754 -0.307173
v -0.063500 0.002437 -0.307436
v -0.064098 0.002596 -0.307305
v -0.063794 0.002479 -0.307401
v -0.064328 0.002973 -0.307915
v -0.063500 0.002663 -0.308191
v -0.064097 0.002818 -0.308053
v -0.063794 0.002705 -0.308154
v -0.064325 0.003240 -0.308528
v -0.063500 0.002938 -0.308813
v -0.064095 0.003089 -0.308671
v -0.063794 0.002979 -0.308775
v -0.064323 0.003561 -0.309041
v -0.063500 0.003267 -0.309334
v -0.064095 0.003414 -0.309188
v -0.063793 0.003306 -0.309295
v -0.064323 0.003941 -0.309471
v -0.063500 0.003655 -0.309772
v -0.064094 0.003798 -0.309621
v -0.063793 0.003693 -0.309731
v -0.064323 0.004389 -0.309829
v -0.063500 0.004111 -0.310137
v -0.064095 0.004250 -0.309983
v -0.063793 0.004148 -0.310096
v -0.064325 0.004917 -0.310123
v -0.063500 0.004648 -0.310439
v -0.064095 0.004782 -0.310281
v -0.063794 0.004684 -0.310397
v -0.064328 0.005543 -0.310360
v -0.063500 0.005283 -0.310683
v -0.064097 0.005413 -0.310521
v -0.063794 0.005318 -0.310640
v -0.064331 0.006295 -0.310541
v -0.063500 0.006048 -0.310871
v -0.064098 0.006171 -0.310706
v -0.063794 0.006081 -0.310827
v -0.064334 0.007225 -0.310671
v -0.063500 0.006995 -0.311006
v -0.064100 0.007110 -0.310839
v -0.063795 0.007026 -0.310961
v -0.064336 0.008443 -0.310748
v -0.063500 0.008236 -0.311087
v -0.064101 0.008340 -0.310917
v -0.063795 0.008263 -0.311042
v -0.064338 0.010263 -0.310766
v -0.063500 0.010091 -0.311108
v -0.064102 0.010177 -0.310937
v -0.063795 0.010114 -0.311062
v -0.064339 0.019160 -0.310564
v -0.063500 0.019169 -0.310903
v -0.064102 0.019164 -0.310734
v -0.063795 0.019167 -0.310857
v -0.064338 0.028057 -0.310321
v -0.063500 0.028246 -0.310654
v -0.064102 0.028152 -0.310487
v -0.063795 0.028221 -0.310609
v -0.064336 0.029874 -0.310212
v -0.063500 0.030098 -0.310541
v -0.064101 0.029986 -0.310376
v -0.063795 0.030068 -0.310497
v -0.064334 0.031087 -0.310074
v -0.063500 0.031334 -0.310398
v -0.064100 0.031210 -0.310236
v -0.063795 0.031301 -0.310354
v -0.064331 0.032010 -0.309898
v -0.063500 0.032273 -0.310216
v -0.064098 0.032141 -0.310057
v -0.063794 0.032237 -0.310173
v -0.064328 0.032752 -0.309679
v -0.063500 0.033027 -0.309989
v -0.064097 0.032889 -0.309834
v -0.063794 0.032990 -0.309948
v -0.064325 0.033365 -0.309412
v -0.063500 0.033649 -0.309714
v -0.064095 0.033507 -0.309563
v -0.063794 0.033611 -0.309674
v -0.064323 0.033877 -0.309091
v -0.063500 0.034170 -0.309386
v -0.064095 0.034024 -0.309239
v -0.063793 0.034131 -0.309346
v -0.064323 0.034307 -0.308711
v -0.063500 0.034608 -0.308998
v -0.064094 0.034457 -0.308855
v -0.063793 0.034568 -0.308959
v -0.064323 0.034665 -0.308263
v -0.063500 0.034974 -0.308541
v -0.064095 0.034819 -0.308402
v -0.063793 0.034932 -0.308504
v -0.064325 0.034960 -0.307735
v -0.063500 0.035275 -0.308005
v -0.064095 0.035117 -0.307870
v -0.063794 0.035233 -0.307969
v -0.064328 0.035196 -0.307110
v -0.063500 0.035519 -0.307369
v -0.064097 0.035357 -0.307239
v -0.063794 0.035476 -0.307334
v -0.064331 0.035378 -0.306358
v -0.063500 0.035707 -0.306604
v -0.064098 0.035543 -0.306481
v -0.063794 0.035663 -0.306571
v -0.064334 0.035507 -0.305427
v -0.063500 0.035843 -0.305658
v -0.064100 0.035675 -0.305542
v -0.063795 0.035798 -0.305627
v -0.064336 0.035584 -0.304209
v -0.063500 0.035924 -0.304417
v -0.064101 0.035754 -0.304313
v -0.063795 0.035878 -0.304389
v -0.064338 0.035602 -0.302389
v -0.063500 0.035944 -0.302561
v -0.064102 0.035773 -0.302475
v -0.063795 0.035898 -0.302538
v -0.064339 0.035401 -0.293492
v -0.063500 0.035739 -0.293484
v -0.064102 0.035570 -0.293488
v -0.063795 0.035694 -0.293485
v -0.064338 0.035157 -0.284595
v -0.063500 0.035490 -0.284406
v -0.064102 0.035323 -0.284501
v -0.063795 0.035445 -0.284432
v -0.064336 0.035048 -0.282779
v -0.063500 0.035377 -0.282554
v -0.064101 0.035212 -0.282666
v -0.063795 0.035333 -0.282584
v -0.064334 0.034910 -0.281566
v -0.063500 0.035234 -0.281319
v -0.064100 0.035072 -0.281442
v -0.063795 0.035191 -0.281352
v -0.064331 0.034735 -0.280643
v -0.063500 0.035052 -0.280380
v -0.064098 0.034893 -0.280511
v -0.063794 0.035009 -0.280415
v -0.064328 0.034515 -0.279901
v -0.063500 0.034825 -0.279626
v -0.064097 0.034670 -0.279763
v -0.063794 0.034784 -0.279663
v -0.064325 0.034248 -0.279288
v -0.063500 0.034550 -0.279003
v -0.064095 0.034399 -0.279145
v -0.063794 0.034510 -0.279041
v -0.064323 0.033928 -0.278775
v -0.063500 0.034222 -0.278482
v -0.064095 0.034075 -0.278629
v -0.063793 0.034183 -0.278521
v -0.064323 0.033548 -0.278346
v -0.063500 0.033834 -0.278045
v -0.064094 0.033691 -0.278195
v -0.063793 0.033796 -0.278085
v -0.064323 0.033099 -0.277987
v -0.063500 0.033378 -0.277679
v -0.064095 0.033238 -0.277833
v -0.063793 0.033340 -0.277720
v -0.064325 0.032571 -0.277693
v -0.063500 0.032841 -0.277377
v -0.064095 0.032706 -0.277535
v -0.063794 0.032805 -0.277419
v -0.064328 0.031946 -0.277457
v -0.063500 0.032205 -0.277133
v -0.064097 0.032075 -0.277295
v -0.063794 0.032170 -0.277177
v -0.064331 0.031194 -0.277275
v -0.063500 0.031441 -0.276945
v -0.064098 0.031317 -0.277110
v -0.063794 0.031408 -0.276989
v -0.064334 0.030263 -0.277145
v -0.063500 0.030494 -0.276810
v -0.064100 0.030379 -0.276978
v -0.063795 0.030463 -0.276855
v -0.064336 0.029045 -0.277069
v -0.063500 0.029253 -0.276729
v -0.064101 0.029149 -0.276899
v -0.063795 0.029225 -0.276774
v -0.064338 0.027225 -0.277050
v -0.063500 0.027397 -0.276709
v -0.064102 0.027311 -0.276880
v -0.063795 0.027374 -0.276754
v -0.064339 0.018329 -0.277252
v -0.063500 0.018320 -0.276913
v -0.064102 0.018325 -0.277083
v -0.063795 0.018321 -0.276959
v -0.064338 0.009431 -0.277495
v -0.063500 0.009242 -0.277163
v -0.064102 0.009337 -0.277329
v -0.063795 0.009268 -0.277207
v -0.064336 0.007615 -0.277604
v -0.063500 0.007390 -0.277276
v -0.064101 0.007502 -0.277440
v -0.063795 0.007420 -0.277320
v -0.064334 0.006402 -0.277742
v -0.063500 0.006155 -0.277418
v -0.064100 0.006278 -0.277580
v -0.063795 0.006188 -0.277462
v -0.064331 0.005479 -0.277918
v -0.063500 0.005216 -0.277601
v -0.064098 0.005348 -0.277759
v -0.063794 0.005251 -0.277643
v -0.064328 0.004737 -0.278137
v -0.063500 0.004462 -0.277827
v -0.064097 0.004599 -0.277982
v -0.063794 0.004499 -0.277869
v -0.064325 0.004124 -0.278404
v -0.063500 0.003839 -0.278102
v -0.064095 0.003982 -0.278253
v -0.063794 0.003877 -0.278143
v -0.064323 0.003611 -0.278725
v -0.063500 0.003318 -0.278430
v -0.064095 0.003465 -0.278578
v -0.063793 0.003358 -0.278470
v -0.064323 0.003182 -0.279105
v -0.063500 0.002881 -0.278819
v -0.064094 0.003031 -0.278962
v -0.063793 0.002921 -0.278857
v -0.064323 0.002824 -0.279553
v -0.063500 0.002515 -0.279275
v -0.064095 0.002669 -0.279414
v -0.063793 0.002556 -0.279312
v -0.064325 0.002529 -0.280081
v -0.063500 0.002213 -0.279812
v -0.064095 0.002371 -0.279946
v -0.063794 0.002255 -0.279848
v -0.064328 0.002293 -0.280707
v -0.063500 0.001970 -0.280447
v -0.064097 0.002131 -0.280577
v -0.063794 0.002013 -0.280482
v -0.064331 0.002111 -0.281459
v -0.063500 0.001781 -0.281212
v -0.064098 0.001946 -0.281335
v -0.063794 0.001825 -0.281245
v -0.064334 0.001982 -0.282389
v -0.063500 0.001646 -0.282158
v -0.064100 0.001814 -0.282274
v -0.063795 0.001691 -0.282189
v -0.064336 0.001905 -0.283607
v -0.063500 0.001565 -0.283399
v -0.064101 0.001735 -0.283503
v -0.063795 0.001611 -0.283427
v -0.064338 0.001887 -0.285427
v -0.063500 0.001545 -0.285255
v -0.064102 0.001716 -0.285341
v -0.063795 0.001591 -0.285278
v -0.060000 0.002249 -0.294321
v -0.060500 0.001750 -0.294333
v -0.060067 0.002000 -0.294327
v -0.060250 0.001817 -0.294331
v -0.060000 0.002499 -0.303393
v -0.060500 0.001999 -0.303410
v -0.060067 0.002249 -0.303402
v -0.060250 0.002066 -0.303408
v -0.060000 0.002610 -0.305218
v -0.060500 0.002112 -0.305262
v -0.060067 0.002361 -0.305240
v -0.060250 0.002179 -0.305256
v -0.060000 0.002749 -0.306421
v -0.060500 0.002255 -0.306498
v -0.060067 0.002502 -0.306459
v -0.060250 0.002321 -0.306487
v -0.060000 0.002923 -0.307317
v -0.060500 0.002437 -0.307436
v -0.060067 0.002680 -0.307377
v -0.060250 0.002502 -0.307420
v -0.060000 0.003133 -0.308017
v -0.060500 0.002663 -0.308191
v -0.060067 0.002898 -0.308104
v -0.060250 0.002726 -0.308167
v -0.060000 0.003381 -0.308578
v -0.060500 0.002938 -0.308813
v -0.060067 0.003160 -0.308695
v -0.060250 0.002998 -0.308782
v -0.060000 0.003668 -0.309033
v -0.060500 0.003267 -0.309334
v -0.060067 0.003467 -0.309184
v -0.060250 0.003320 -0.309294
v -0.060000 0.004001 -0.309408
v -0.060500 0.003655 -0.309772
v -0.060067 0.003828 -0.309590
v -0.060250 0.003701 -0.309723
v -0.060000 0.004392 -0.309722
v -0.060500 0.004111 -0.310137
v -0.060067 0.004251 -0.309930
v -0.060250 0.004149 -0.310082
v -0.060000 0.004861 -0.309986
v -0.060500 0.004648 -0.310439
v -0.060067 0.004754 -0.310212
v -0.060250 0.004676 -0.310378
v -0.060000 0.005433 -0.310205
v -0.060500 0.005283 -0.310683
v -0.060067 0.005358 -0.310444
v -0.060250 0.005304 -0.310619
v -0.060000 0.006143 -0.310380
v -0.060500 0.006048 -0.310871
v -0.060067 0.006096 -0.310625
v -0.060250 0.006061 -0.310805
v -0.060000 0.007047 -0.310509
v -0.060500 0.006995 -0.311006
v -0.060067 0.007021 -0.310757
v -0.060250 0.007002 -0.310940
v -0.060000 0.008255 -0.310588
v -0.060500 0.008236 -0.311087
v -0.060067 0.008245 -0.310837
v -0.060250 0.008238 -0.311020
v -0.060000 0.010083 -0.310608
v -0.060500 0.010091 -0.311108
v -0.060067 0.010087 -0.310858
v -0.060250 0.010090 -0.311041
v -0.060000 0.019156 -0.310403
v -0.060500 0.019169 -0.310903
v -0.060067 0.019162 -0.310653
v -0.060250 0.019167 -0.310836
v -0.060000 0.028230 -0.310154
v -0.060500 0.028246 -0.310654
v -0.060067 0.028238 -0.310404
v -0.060250 0.028244 -0.310587
v -0.060000 0.030054 -0.310042
v -0.060500 0.030098 -0.310541
v -0.060067 0.030076 -0.310292
v -0.060250 0.030093 -0.310474
v -0.060000 0.031257 -0.309903
v -0.060500 0.031334 -0.310398
v -0.060067 0.031295 -0.310150
v -0.060250 0.031324 -0.310331
v -0.060000 0.032153 -0.309729
v -0.060500 0.032273 -0.310216
v -0.060067 0.032213 -0.309972
v -0.060250 0.032257 -0.310150
v -0.060000 0.032853 -0.309519
v -0.060500 0.033027 -0.309989
v -0.060067 0.032940 -0.309754
v -0.060250 0.033003 -0.309926
v -0.060000 0.033414 -0.309272
v -0.060500 0.033649 -0.309714
v -0.060067 0.033532 -0.309493
v -0.060250 0.033618 -0.309655
v -0.060000 0.033869 -0.308985
v -0.060500 0.034170 -0.309386
v -0.060067 0.034020 -0.309185
v -0.060250 0.034130 -0.309332
v -0.060000 0.034244 -0.308652
v -0.060500 0.034608 -0.308998
v -0.060067 0.034426 -0.308825
v -0.060250 0.034559 -0.308951
v -0.060000 0.034558 -0.308261
v -0.060500 0.034974 -0.308541
v -0.060067 0.034766 -0.308401
v -0.060250 0.034918 -0.308504
v -0.060000 0.034822 -0.307792
v -0.060500 0.035275 -0.308005
v -0.060067 0.035049 -0.307898
v -0.060250 0.035215 -0.307976
v -0.060000 0.035041 -0.307219
v -0.060500 0.035519 -0.307369
v -0.060067 0.035280 -0.307294
v -0.060250 0.035455 -0.307349
v -0.060000 0.035216 -0.306509
v -0.060500 0.035707 -0.306604
v -0.060067 0.035462 -0.306557
v -0.060250 0.035642 -0.306592
v -0.060000 0.035345 -0.305606
v -0.060500 0.035843 -0.305658
v -0.060067 0.035594 -0.305632
v -0.060250 0.035776 -0.305651
v -0.060000 0.035424 -0.304398
v -0.060500 0.035924 -0.304417
v -0.060067 0.035674 -0.304407
v -0.060250 0.035857 -0.304414
v -0.060000 0.035444 -0.302570
v -0.060500 0.035944 -0.302561
v -0.060067 0.035694 -0.302565
v -0.060250 0.035877 -0.302562
v -0.060000 0.035239 -0.293497
v -0.060500 0.035739 -0.293484
v -0.060067 0.035489 -0.293490
v -0.060250 0.035672 -0.293486
v -0.060000 0.034990 -0.284423
v -0.060500 0.035490 -0.284406
v -0.060067 0.035240 -0.284415
v -0.060250 0.035423 -0.284408
v -0.060000 0.034879 -0.282598
v -0.060500 0.035377 -0.282554
v -0.060067 0.035128 -0.282576
v -0.060250 0.035310 -0.282560
v -0.060000 0.034739 -0.281395
v -0.060500 0.035234 -0.281319
v -0.060067 0.034987 -0.281357
v -0.060250 0.035168 -0.281329
v -0.060000 0.034566 -0.280500
v -0.060500 0.035052 -0.280380
v -0.060067 0.034809 -0.280440
v -0.060250 0.034987 -0.280396
v -0.060000 0.034355 -0.279799
v -0.060500 0.034825 -0.279626
v -0.060067 0.034590 -0.279712
v -0.060250 0.034762 -0.279649
v -0.060000 0.034108 -0.279239
v -0.060500 0.034550 -0.279003
v -0.060067 0.034329 -0.279121
v -0.060250 0.034491 -0.279035
v -0.060000 0.033821 -0.278783
v -0.060500 0.034222 -0.278482
v -0.060067 0.034021 -0.278633
v -0.060250 0.034168 -0.278522
v -0.060000 0.033488 -0.278408
v -0.060500 0.033834 -0.278045
v -0.060067 0.033661 -0.278226
v -0.060250 0.033788 -0.278093
v -0.060000 0.033097 -0.278095
v -0.060500 0.033378 -0.277679
v -0.060067 0.033237 -0.277887
v -0.060250 0.033340 -0.277735
v -0.060000 0.032628 -0.277831
v -0.060500 0.032841 -0.277377
v -0.060067 0.032734 -0.277604
v -0.060250 0.032812 -0.277438
v -0.060000 0.032055 -0.277611
v -0.060500 0.032205 -0.277133
v -0.060067 0.032130 -0.277372
v -0.060250 0.032185 -0.277197
v -0.060000 0.031345 -0.277436
v -0.060500 0.031441 -0.276945
v -0.060067 0.031393 -0.277191
v -0.060250 0.031428 -0.277011
v -0.060000 0.030442 -0.277308
v -0.060500 0.030494 -0.276810
v -0.060067 0.030468 -0.277059
v -0.060250 0.030487 -0.276877
v -0.060000 0.029234 -0.277229
v -0.060500 0.029253 -0.276729
v -0.060067 0.029243 -0.276979
v -0.060250 0.029250 -0.276796
v -0.060000 0.027406 -0.277209
v -0.060500 0.027397 -0.276709
v -0.060067 0.027402 -0.276959
v -0.060250 0.027399 -0.276776
v -0.060000 0.018333 -0.277413
v -0.060500 0.018320 -0.276913
v -0.060067 0.018327 -0.277163
v -0.060250 0.018322 -0.276980
v -0.060000 0.009259 -0.277662
v -0.060500 0.009242 -0.277163
v -0.060067 0.009251 -0.277412
v -0.060250 0.009245 -0.277229
v -0.060000 0.007434 -0.277774
v -0.060500 0.007390 -0.277276
v -0.060067 0.007412 -0.277525
v -0.060250 0.007396 -0.277342
v -0.060000 0.006231 -0.277913
v -0.060500 0.006155 -0.277418
v -0.060067 0.006193 -0.277666
v -0.060250 0.006165 -0.277485
v -0.060000 0.005336 -0.278087
v -0.060500 0.005216 -0.277601
v -0.060067 0.005276 -0.277844
v -0.060250 0.005232 -0.277666
v -0.060000 0.004635 -0.278297
v -0.060500 0.004462 -0.277827
v -0.060067 0.004549 -0.278062
v -0.060250 0.004485 -0.277890
v -0.060000 0.004075 -0.278545
v -0.060500 0.003839 -0.278102
v -0.060067 0.003957 -0.278323
v -0.060250 0.003871 -0.278161
v -0.060000 0.003619 -0.278832
v -0.060500 0.003318 -0.278430
v -0.060067 0.003469 -0.278631
v -0.060250 0.003359 -0.278484
v -0.060000 0.003244 -0.279164
v -0.060500 0.002881 -0.278819
v -0.060067 0.003063 -0.278992
v -0.060250 0.002929 -0.278865
v -0.060000 0.002931 -0.279556
v -0.060500 0.002515 -0.279275
v -0.060067 0.002723 -0.279415
v -0.060250 0.002571 -0.279312
v -0.060000 0.002667 -0.280025
v -0.060500 0.002213 -0.279812
v -0.060067 0.002440 -0.279918
v -0.060250 0.002274 -0.279840
v -0.060000 0.002448 -0.280597
v -0.060500 0.001970 -0.280447
v -0.060067 0.002209 -0.280522
v -0.060250 0.002034 -0.280467
v -0.060000 0.002273 -0.281307
v -0.060500 0.001781 -0.281212
v -0.060067 0.002027 -0.281259
v -0.060250 0.001847 -0.281225
v -0.060000 0.002144 -0.282210
v -0.060500 0.001646 -0.282158
v -0.060067 0.001895 -0.282184
v -0.060250 0.001713 -0.282165
v -0.060000 0.002065 -0.283418
v -0.060500 0.001565 -0.283399
v -0.060067 0.001815 -0.283409
v -0.060250 0.001632 -0.283402
v -0.060000 0.002045 -0.285247
v -0.060500 0.001545 -0.285255
v -0.060067 0.001795 -0.285251
v -0.060250 0.001612 -0.285254
vn -0.7218 -0.6918 -0.0173
vn -0.7228 -0.6909 -0.0117
vn -0.8747 -0.4845 -0.0092
vn -0.8598 -0.5104 -0.0124
vn -0.9274 -0.3741 -0.0085
vn -0.9884 -0.1516 -0.0034
vn -0.9886 -0.1508 0.0016
vn -0.9285 -0.3714 0.0039
vn -0.8192 -0.5732 0.0183
vn -0.7316 -0.6814 0.0223
vn -0.9888 -0.1491 0.0096
vn -0.9305 -0.3655 0.0235
vn -0.8265 -0.5604 0.0532
vn -0.7434 -0.6656 0.0657
vn -0.9891 -0.1459 0.0206
vn -0.9332 -0.3557 0.0501
vn -0.8357 -0.5403 0.0989
vn -0.7579 -0.6410 0.1212
vn -0.9894 -0.1410 0.0345
vn -0.9363 -0.3412 0.0833
vn -0.8454 -0.5115 0.1540
vn -0.7731 -0.6062 0.1870
vn -0.9897 -0.1336 0.0509
vn -0.9393 -0.3208 0.1221
vn -0.8541 -0.4728 0.2165
vn -0.7865 -0.5599 0.2605
vn -0.9900 -0.1232 0.0691
vn -0.9416 -0.2937 0.1646
vn -0.8603 -0.4241 0.2829
vn -0.7959 -0.5024 0.3378
vn -0.9901 -0.1094 0.0876
vn -0.9429 -0.2600 0.2081
vn -0.8625 -0.3667 0.3488
vn -0.7993 -0.4354 0.4142
vn -0.9901 -0.0930 0.1049
vn -0.9429 -0.2208 0.2492
vn -0.8603 -0.3038 0.4094
vn -0.7959 -0.3625 0.4849
vn -0.9900 -0.0751 0.1196
vn -0.9416 -0.1791 0.2851
vn -0.8541 -0.2399 0.4614
vn -0.7865 -0.2881 0.5462
vn -0.9897 -0.0575 0.1309
vn -0.9393 -0.1380 0.3143
vn -0.8454 -0.1794 0.5031
vn -0.7731 -0.2170 0.5961
vn -0.9894 -0.0415 0.1391
vn -0.9363 -0.1003 0.3366
vn -0.8356 -0.1258 0.5347
vn -0.7579 -0.1531 0.6342
vn -0.9891 -0.0279 0.1447
vn -0.9333 -0.0679 0.3527
vn -0.8265 -0.0812 0.5571
vn -0.7434 -0.0989 0.6615
vn -0.9888 -0.0170 0.1484
vn -0.9305 -0.0417 0.3638
vn -0.8192 -0.0469 0.5716
vn -0.7316 -0.0563 0.6794
vn -0.9886 -0.0091 0.1506
vn -0.9285 -0.0224 0.3707
vn -0.8747 -0.0150 0.4844
vn -0.7228 -0.0229 0.6907
vn -0.9884 -0.0042 0.1516
vn -0.9273 -0.0094 0.3741
vn -0.9273 -0.0103 0.3741
vn -0.8798 -0.0119 0.4752
vn -0.7218 -0.0173 0.6919
vn -0.9884 -0.0034 0.1516
vn -0.9274 -0.0085 0.3741
vn -0.8747 -0.0092 0.4846
vn -0.7228 -0.0117 0.6909
vn -0.9886 0.0016 0.1509
vn -0.9285 0.0039 0.3714
vn -0.8192 0.0183 0.5732
vn -0.7316 0.0223 0.6814
vn -0.9888 0.0096 0.1490
vn -0.9305 0.0234 0.3654
vn -0.8265 0.0532 0.5605
vn -0.7434 0.0657 0.6656
vn -0.9891 0.0206 0.1459
vn -0.9333 0.0502 0.3557
vn -0.8356 0.0989 0.5403
vn -0.7579 0.1212 0.6410
vn -0.9894 0.0345 0.1410
vn -0.9363 0.0833 0.3412
vn -0.8454 0.1541 0.5115
vn -0.7731 0.1870 0.6061
vn -0.9897 0.0509 0.1336
vn -0.9393 0.1221 0.3208
vn -0.8541 0.2165 0.4728
vn -0.7865 0.2605 0.5599
vn -0.9900 0.0691 0.1232
vn -0.9416 0.1646 0.2937
vn -0.8603 0.2829 0.4241
vn -0.7959 0.3378 0.5024
vn -0.9901 0.0876 0.1094
vn -0.9429 0.2081 0.2600
vn -0.8625 0.3488 0.3667
vn -0.7993 0.4142 0.4354
vn -0.9901 0.1049 0.0930
vn -0.9429 0.2492 0.2208
vn -0.8603 0.4094 0.3038
vn -0.7959 0.4849 0.3625
vn -0.9900 0.1196 0.0751
vn -0.9416 0.2852 0.1791
vn -0.8541 0.4614 0.2399
vn -0.7865 0.5462 0.2881
vn -0.9897 0.1308 0.0575
vn -0.9393 0.3143 0.1380
vn -0.8454 0.5031 0.1794
vn -0.7731 0.5961 0.2170
vn -0.9894 0.1391 0.0415
vn -0.9363 0.3366 0.1003
vn -0.8357 0.5347 0.1258
vn -0.7579 0.6341 0.1531
vn -0.9891 0.1447 0.0279
vn -0.9333 0.3528 0.0679
vn -0.8265 0.5570 0.0812
vn -0.7434 0.6615 0.0989
vn -0.9888 0.1484 0.0170
vn -0.9305 0.3638 0.0417
vn -0.8192 0.5716 0.0470
vn -0.7316 0.6794 0.0563
vn -0.9886 0.1506 0.0091
vn -0.9285 0.3707 0.0224
vn -0.8136 0.5811 0.0192
vn -0.7228 0.6907 0.0229
vn -0.9884 0.1516 0.0042
vn -0.9273 0.3741 0.0103
vn -0.8130 0.5821 0.0146
vn -0.7218 0.6918 0.0173
vn -0.9884 0.1516 0.0034
vn -0.9274 0.3741 0.0085
vn -0.8136 0.5813 0.0098
vn -0.7228 0.6909 0.0117
vn -0.9886 0.1508 -0.0016
vn -0.9285 0.3714 -0.0039
vn -0.8192 0.5732 -0.0183
vn -0.7316 0.6814 -0.0223
vn -0.9888 0.1491 -0.0096
vn -0.9305 0.3655 -0.0235
vn -0.8265 0.5604 -0.0532
vn -0.7434 0.6656 -0.0657
vn -0.9891 0.1459 -0.0206
vn -0.9333 0.3557 -0.0501
vn -0.8356 0.5403 -0.0989
vn -0.7579 0.6410 -0.1212
vn -0.9894 0.1410 -0.0345
vn -0.9363 0.3412 -0.0833
vn -0.8454 0.5115 -0.1540
vn -0.7731 0.6062 -0.1870
vn -0.9897 0.1336 -0.0509
vn -0.9393 0.3208 -0.1221
vn -0.8541 0.4728 -0.2165
vn -0.7865 0.5599 -0.2605
vn -0.9900 0.1232 -0.0691
vn -0.9416 0.2937 -0.1646
vn -0.8603 0.4241 -0.2829
vn -0.7959 0.5024 -0.3378
vn -0.9901 0.1094 -0.0876
vn -0.9429 0.2599 -0.2081
vn -0.8625 0.3667 -0.3488
vn -0.7993 0.4354 -0.4142
vn -0.9901 0.0930 -0.1049
vn -0.9429 0.2208 -0.2492
vn -0.8603 0.3038 -0.4094
vn -0.7959 0.3625 -0.4849
vn -0.9900 0.0751 -0.1196
vn -0.9416 0.1791 -0.2851
vn -0.8541 0.2399 -0.4614
vn -0.7865 0.2881 -0.5462
vn -0.9897 0.0575 -0.1309
vn -0.9393 0.1379 -0.3142
vn -0.8454 0.1794 -0.5031
vn -0.7730 0.2170 -0.5961
vn -0.9894 0.0415 -0.1391
vn -0.9363 0.1003 -0.3366
vn -0.8356 0.1258 -0.5347
vn -0.7579 0.1531 -0.6342
vn -0.9891 0.0279 -0.1447
vn -0.9333 0.0679 -0.3527
vn -0.8265 0.0812 -0.5571
vn -0.7434 0.0989 -0.6614
vn -0.9888 0.0170 -0.1484
vn -0.9305 0.0417 -0.3638
vn -0.8192 0.0469 -0.5716
vn -0.7316 0.0563 -0.6794
vn -0.9886 0.0091 -0.1506
vn -0.9285 0.0225 -0.3707
vn -0.8748 0.0150 -0.4843
vn -0.7228 0.0229 -0.6907
vn -0.9884 0.0042 -0.1516
vn -0.9274 0.0094 -0.3741
vn -0.9274 0.0103 -0.3740
vn -0.8798 0.0119 -0.4751
vn -0.7219 0.0173 -0.6918
vn -0.9884 0.0034 -0.1516
vn -0.9273 0.0085 -0.3741
vn -0.8747 0.0092 -0.4845
vn -0.7228 0.0117 -0.6909
vn -0.9886 -0.0016 -0.1509
vn -0.9285 -0.0039 -0.3714
vn -0.8192 -0.0183 -0.5732
vn -0.7316 -0.0223 -0.6814
vn -0.9888 -0.0096 -0.1491
vn -0.9305 -0.0234 -0.3655
vn -0.8265 -0.0532 -0.5604
vn -0.7434 -0.0657 -0.6656
vn -0.9891 -0.0206 -0.1459
vn -0.9333 -0.0502 -0.3557
vn -0.8357 -0.0989 -0.5403
vn -0.7579 -0.1212 -0.6410
vn -0.9894 -0.0345 -0.1410
vn -0.9363 -0.0833 -0.3412
vn -0.8454 -0.1540 -0.5115
vn -0.7730 -0.1870 -0.6062
vn -0.9897 -0.0509 -0.1336
vn -0.9393 -0.1221 -0.3207
vn -0.8541 -0.2165 -0.4728
vn -0.7865 -0.2605 -0.5599
vn -0.9900 -0.0691 -0.1232
vn -0.9416 -0.1646 -0.2937
vn -0.8603 -0.2829 -0.4241
vn -0.7959 -0.3378 -0.5024
vn -0.9901 -0.0876 -0.1094
vn -0.9429 -0.2080 -0.2599
vn -0.8625 -0.3488 -0.3667
vn -0.7993 -0.4142 -0.4354
vn -0.9901 -0.1049 -0.0930
vn -0.9429 -0.2492 -0.2208
vn -0.8603 -0.4095 -0.3038
vn -0.7959 -0.4849 -0.3625
vn -0.9900 -0.1196 -0.0751
vn -0.9416 -0.2851 -0.1791
vn -0.8541 -0.4614 -0.2399
vn -0.7865 -0.5462 -0.2881
vn -0.9897 -0.1308 -0.0575
vn -0.9392 -0.3143 -0.1380
vn -0.8454 -0.5031 -0.1794
vn -0.7731 -0.5961 -0.2170
vn -0.9894 -0.1391 -0.0415
vn -0.9363 -0.3366 -0.1003
vn -0.8357 -0.5347 -0.1258
vn -0.7579 -0.6341 -0.1531
vn -0.9891 -0.1447 -0.0279
vn -0.9333 -0.3528 -0.0679
vn -0.8265 -0.5570 -0.0812
vn -0.7434 -0.6615 -0.0989
vn -0.9888 -0.1484 -0.0170
vn -0.9305 -0.3638 -0.0417
vn -0.8192 -0.5716 -0.0470
vn -0.7316 -0.6794 -0.0563
vn -0.9886 -0.1506 -0.0091
vn -0.9285 -0.3707 -0.0224
vn -0.8136 -0.5811 -0.0192
vn -0.7228 -0.6907 -0.0229
vn -0.9884 -0.1516 -0.0042
vn -0.9274 -0.3740 -0.0103
vn -0.6908 -0.7228 -0.0181
vn -0.6918 -0.7217 -0.0239
vn -0.4754 -0.8793 -0.0291
vn -0.4744 -0.8801 -0.0220
vn -0.2708 -0.9621 -0.0318
vn -0.2701 -0.9625 -0.0241
vn -0.0138 -0.9994 -0.0331
vn -0.0138 -0.9996 -0.0250
vn -0.7015 -0.7103 -0.0589
vn -0.4843 -0.8720 -0.0720
vn -0.2765 -0.9577 -0.0792
vn -0.0141 -0.9965 -0.0826
vn -0.7145 -0.6919 -0.1035
vn -0.4966 -0.8585 -0.1278
vn -0.2846 -0.9482 -0.1415
vn -0.0145 -0.9889 -0.1479
vn -0.7305 -0.6639 -0.1602
vn -0.5123 -0.8350 -0.2008
vn -0.2951 -0.9289 -0.2237
vn -0.0150 -0.9720 -0.2346
vn -0.7472 -0.6245 -0.2274
vn -0.5346 -0.7929 -0.2925
vn -0.2994 -0.8947 -0.3315
vn -0.0157 -0.9395 -0.3421
vn -0.7621 -0.5727 -0.3021
vn -0.5494 -0.7378 -0.3922
vn -0.3096 -0.8390 -0.4474
vn -0.0163 -0.8844 -0.4665
vn -0.7725 -0.5086 -0.3802
vn -0.5600 -0.6627 -0.4972
vn -0.3170 -0.7582 -0.5698
vn -0.0167 -0.8008 -0.5986
vn -0.7762 -0.4345 -0.4568
vn -0.5638 -0.5692 -0.5984
vn -0.3197 -0.6530 -0.6865
vn -0.0169 -0.6891 -0.7245
vn -0.7725 -0.3543 -0.5270
vn -0.5600 -0.4635 -0.6867
vn -0.3170 -0.5312 -0.7857
vn -0.0167 -0.5579 -0.8298
vn -0.7621 -0.2730 -0.5871
vn -0.5494 -0.3549 -0.7565
vn -0.3095 -0.4050 -0.8603
vn -0.0163 -0.4217 -0.9066
vn -0.7472 -0.1959 -0.6351
vn -0.5346 -0.2525 -0.8065
vn -0.2994 -0.2863 -0.9102
vn -0.0157 -0.2947 -0.9555
vn -0.7305 -0.1268 -0.6711
vn -0.5123 -0.1588 -0.8440
vn -0.2951 -0.1770 -0.9389
vn -0.0150 -0.1858 -0.9825
vn -0.7145 -0.0687 -0.6962
vn -0.4966 -0.0848 -0.8638
vn -0.2846 -0.0939 -0.9540
vn -0.0145 -0.0983 -0.9951
vn -0.7015 -0.0233 -0.7123
vn -0.4843 -0.0283 -0.8745
vn -0.2765 -0.0312 -0.9605
vn -0.0141 -0.0327 -0.9994
vn -0.6918 0.0122 -0.7219
vn -0.4753 0.0149 -0.8797
vn -0.2708 0.0163 -0.9625
vn -0.0138 0.0169 -0.9998
vn -0.6908 0.0181 -0.7229
vn -0.4744 0.0220 -0.8801
vn -0.2701 0.0241 -0.9625
vn -0.0137 0.0250 -0.9996
vn -0.6919 0.0239 -0.7216
vn -0.4753 0.0291 -0.8793
vn -0.2707 0.0319 -0.9621
vn -0.0138 0.0331 -0.9994
vn -0.7015 0.0589 -0.7103
vn -0.4843 0.0720 -0.8720
vn -0.2765 0.0792 -0.9577
vn -0.0141 0.0826 -0.9965
vn -0.7145 0.1035 -0.6919
vn -0.4966 0.1278 -0.8585
vn -0.2846 0.1414 -0.9481
vn -0.0145 0.1479 -0.9889
vn -0.7305 0.1602 -0.6639
vn -0.5123 0.2008 -0.8350
vn -0.2951 0.2237 -0.9289
vn -0.0151 0.2346 -0.9720
vn -0.7472 0.2274 -0.6245
vn -0.5346 0.2925 -0.7929
vn -0.2993 0.3315 -0.8947
vn -0.0157 0.3421 -0.9395
vn -0.7621 0.3020 -0.5727
vn -0.5494 0.3922 -0.7378
vn -0.3095 0.4475 -0.8390
vn -0.0163 0.4665 -0.8844
vn -0.7725 0.3802 -0.5087
vn -0.5600 0.4972 -0.6627
vn -0.3170 0.5698 -0.7582
vn -0.0167 0.5986 -0.8009
vn -0.7762 0.4568 -0.4345
vn -0.5638 0.5984 -0.5692
vn -0.3197 0.6865 -0.6531
vn -0.0169 0.7245 -0.6891
vn -0.7725 0.5270 -0.3543
vn -0.5600 0.6867 -0.4635
vn -0.3170 0.7857 -0.5312
vn -0.0167 0.8298 -0.5578
vn -0.7621 0.5871 -0.2731
vn -0.5494 0.7565 -0.3548
vn -0.3096 0.8603 -0.4049
vn -0.0163 0.9066 -0.4217
vn -0.7472 0.6351 -0.1959
vn -0.5346 0.8065 -0.2525
vn -0.2994 0.9102 -0.2863
vn -0.0157 0.9555 -0.2947
vn -0.7304 0.6711 -0.1268
vn -0.5123 0.8440 -0.1588
vn -0.2951 0.9389 -0.1770
vn -0.0150 0.9825 -0.1858
vn -0.7145 0.6962 -0.0687
vn -0.4966 0.8638 -0.0848
vn -0.2846 0.9540 -0.0939
vn -0.0145 0.9951 -0.0983
vn -0.7015 0.7123 -0.0233
vn -0.4843 0.8745 -0.0283
vn -0.2765 0.9605 -0.0312
vn -0.0141 0.9994 -0.0327
vn -0.6918 0.7219 0.0122
vn -0.4754 0.8797 0.0149
vn -0.2707 0.9625 0.0162
vn -0.0138 0.9998 0.0169
vn -0.6908 0.7228 0.0181
vn -0.4744 0.8801 0.0220
vn -0.2701 0.9625 0.0241
vn -0.0138 0.9996 0.0250
vn -0.6918 0.7216 0.0239
vn -0.4754 0.8793 0.0291
vn -0.2708 0.9621 0.0318
vn -0.0138 0.9994 0.0331
vn -0.7015 0.7103 0.0589
vn -0.4843 0.8720 0.0720
vn -0.2765 0.9577 0.0792
vn -0.0141 0.9965 0.0826
vn -0.7145 0.6919 0.1035
vn -0.4966 0.8585 0.1278
vn -0.2846 0.9482 0.1414
vn -0.0145 0.9889 0.1479
vn -0.7304 0.6639 0.1602
vn -0.5123 0.8350 0.2008
vn -0.2951 0.9289 0.2237
vn -0.0150 0.9720 0.2346
vn -0.7472 0.6245 0.2274
vn -0.5346 0.7929 0.2925
vn -0.2994 0.8947 0.3315
vn -0.0157 0.9395 0.3421
vn -0.7621 0.5727 0.3021
vn -0.5494 0.7378 0.3922
vn -0.3096 0.8390 0.4474
vn -0.0163 0.8844 0.4665
vn -0.7725 0.5086 0.3802
vn -0.5600 0.6627 0.4972
vn -0.3170 0.7582 0.5698
vn -0.0168 0.8008 0.5986
vn -0.7762 0.4345 0.4568
vn -0.5638 0.5692 0.5984
vn -0.3197 0.6530 0.6865
vn -0.0169 0.6891 0.7245
vn -0.7725 0.3543 0.5270
vn -0.5600 0.4635 0.6867
vn -0.3170 0.5312 0.7857
vn -0.0168 0.5579 0.8298
vn -0.7621 0.2730 0.5871
vn -0.5494 0.3548 0.7565
vn -0.3096 0.4050 0.8603
vn -0.0163 0.4217 0.9066
vn -0.7472 0.1959 0.6351
vn -0.5346 0.2525 0.8065
vn -0.2994 0.2863 0.9102
vn -0.0157 0.2947 0.9555
vn -0.7304 0.1269 0.6711
vn -0.5123 0.1588 0.8440
vn -0.2951 0.1770 0.9389
vn -0.0150 0.1858 0.9825
vn -0.7145 0.0688 0.6962
vn -0.4966 0.0848 0.8638
vn -0.2846 0.0939 0.9540
vn -0.0145 0.0983 0.9951
vn -0.7015 0.0233 0.7123
vn -0.4843 0.0283 0.8745
vn -0.2765 0.0312 0.9605
vn -0.0141 0.0327 0.9994
vn -0.6919 -0.0122 0.7219
vn -0.4754 -0.0149 0.8797
vn -0.2708 -0.0163 0.9625
vn -0.0138 -0.0169 0.9998
vn -0.6908 -0.0181 0.7228
vn -0.4743 -0.0220 0.8801
vn -0.2701 -0.0241 0.9625
vn -0.0138 -0.0250 0.9996
vn -0.6918 -0.0239 0.7217
vn -0.4753 -0.0291 0.8793
vn -0.2707 -0.0319 0.9621
vn -0.0138 -0.0331 0.9994
vn -0.7015 -0.0589 0.7103
vn -0.4843 -0.0720 0.8720
vn -0.2765 -0.0792 0.9577
vn -0.0141 -0.0826 0.9965
vn -0.7145 -0.1035 0.6919
vn -0.4966 -0.1278 0.8585
vn -0.2846 -0.1414 0.9482
vn -0.0145 -0.1479 0.9889
vn -0.7304 -0.1602 0.6639
vn -0.5123 -0.2008 0.8350
vn -0.2951 -0.2237 0.9289
vn -0.0150 -0.2346 0.9720
vn -0.7472 -0.2274 0.6245
vn -0.5346 -0.2925 0.7929
vn -0.2994 -0.3315 0.8947
vn -0.0157 -0.3421 0.9395
vn -0.7621 -0.3020 0.5727
vn -0.5494 -0.3922 0.7378
vn -0.3096 -0.4475 0.8390
vn -0.0163 -0.4665 0.8844
vn -0.7725 -0.3802 0.5087
vn -0.5600 -0.4972 0.6627
vn -0.3170 -0.5698 0.7582
vn -0.0168 -0.5986 0.8009
vn -0.7762 -0.4568 0.4345
vn -0.5638 -0.5984 0.5692
vn -0.3197 -0.6865 0.6531
vn -0.0169 -0.7245 0.6891
vn -0.7725 -0.5270 0.3543
vn -0.5600 -0.6868 0.4635
vn -0.3170 -0.7857 0.5312
vn -0.0168 -0.8298 0.5578
vn -0.7621 -0.5871 0.2731
vn -0.5494 -0.7565 0.3548
vn -0.3096 -0.8603 0.4049
vn -0.0163 -0.9066 0.4217
vn -0.7472 -0.6351 0.1959
vn -0.5346 -0.8065 0.2525
vn -0.2994 -0.9102 0.2863
vn -0.0157 -0.9555 0.2947
vn -0.7304 -0.6711 0.1268
vn -0.5123 -0.8440 0.1588
vn -0.2951 -0.9389 0.1770
vn -0.0151 -0.9825 0.1858
vn -0.7145 -0.6962 0.0687
vn -0.4966 -0.8638 0.0848
vn -0.2846 -0.9540 0.0939
vn -0.0145 -0.9951 0.0983
vn -0.7015 -0.7123 0.0233
vn -0.4843 -0.8745 0.0283
vn -0.2765 -0.9605 0.0312
vn -0.0141 -0.9994 0.0327
vn -0.6918 -0.7219 -0.0122
vn -0.4754 -0.8797 -0.0149
vn -0.2708 -0.9625 -0.0163
vn -0.0138 -0.9998 -0.0169
vn 0.0206 -0.9995 -0.0250
vn 0.0206 -0.9992 -0.0331
vn 0.5000 -0.8656 -0.0287
vn 0.4998 -0.8658 -0.0217
vn 0.7072 -0.7066 -0.0234
vn 0.7071 -0.7069 -0.0177
vn 0.9659 -0.2587 -0.0071
vn 0.0206 -0.9964 -0.0826
vn 0.4995 -0.8633 -0.0716
vn 0.7072 -0.7043 -0.0622
vn 0.9659 -0.2584 -0.0158
vn 0.0206 -0.9888 -0.1479
vn 0.4992 -0.8569 -0.1281
vn 0.7074 -0.6985 -0.1080
vn 0.9659 -0.2571 -0.0297
vn 0.0206 -0.9719 -0.2346
vn 0.4969 -0.8426 -0.2077
vn 0.7075 -0.6861 -0.1692
vn 0.9659 -0.2541 -0.0493
vn 0.0206 -0.9394 -0.3421
vn 0.4962 -0.8144 -0.3008
vn 0.7078 -0.6627 -0.2447
vn 0.9659 -0.2479 -0.0744
vn 0.0205 -0.8843 -0.4665
vn 0.4957 -0.7667 -0.4080
vn 0.7081 -0.6234 -0.3318
vn 0.9659 -0.2367 -0.1045
vn 0.0205 -0.8008 -0.5986
vn 0.4953 -0.6947 -0.5216
vn 0.7083 -0.5645 -0.4239
vn 0.9659 -0.2190 -0.1380
vn 0.0205 -0.6891 -0.7244
vn 0.4952 -0.5988 -0.6295
vn 0.7084 -0.4865 -0.5114
vn 0.9659 -0.1936 -0.1718
vn 0.0205 -0.5578 -0.8297
vn 0.4953 -0.4862 -0.7199
vn 0.7083 -0.3951 -0.5850
vn 0.9659 -0.1619 -0.2020
vn 0.0205 -0.4217 -0.9065
vn 0.4957 -0.3692 -0.7861
vn 0.7081 -0.3002 -0.6392
vn 0.9659 -0.1269 -0.2256
vn 0.0206 -0.2947 -0.9554
vn 0.4962 -0.2597 -0.8284
vn 0.7078 -0.2113 -0.6741
vn 0.9659 -0.0926 -0.2417
vn 0.0206 -0.1858 -0.9824
vn 0.4969 -0.1653 -0.8519
vn 0.7076 -0.1346 -0.6937
vn 0.9659 -0.0619 -0.2513
vn 0.0206 -0.0983 -0.9949
vn 0.4993 -0.0851 -0.8623
vn 0.7074 -0.0730 -0.7030
vn 0.9659 -0.0366 -0.2562
vn 0.0206 -0.0327 -0.9993
vn 0.4995 -0.0283 -0.8659
vn 0.7073 -0.0269 -0.7064
vn 0.9659 -0.0169 -0.2583
vn 0.0206 0.0169 -0.9996
vn 0.4999 0.0146 -0.8659
vn 0.7072 0.0119 -0.7069
vn 0.9659 -0.0028 -0.2588
vn 0.0206 0.0250 -0.9995
vn 0.5001 0.0216 -0.8657
vn 0.7072 0.0177 -0.7068
vn 0.9659 0.0058 -0.2587
vn 0.0206 0.0331 -0.9992
vn 0.4999 0.0286 -0.8656
vn 0.7072 0.0234 -0.7066
vn 0.9659 0.0071 -0.2587
vn 0.0206 0.0826 -0.9964
vn 0.4995 0.0716 -0.8634
vn 0.7073 0.0622 -0.7042
vn 0.9659 0.0158 -0.2583
vn 0.0206 0.1479 -0.9888
vn 0.4993 0.1281 -0.8569
vn 0.7074 0.1081 -0.6985
vn 0.9659 0.0298 -0.2571
vn 0.0206 0.2346 -0.9719
vn 0.4969 0.2077 -0.8426
vn 0.7076 0.1691 -0.6861
vn 0.9659 0.0493 -0.2541
vn 0.0206 0.3421 -0.9394
vn 0.4962 0.3008 -0.8144
vn 0.7078 0.2447 -0.6627
vn 0.9659 0.0744 -0.2479
vn 0.0205 0.4665 -0.8843
vn 0.4957 0.4080 -0.7667
vn 0.7081 0.3318 -0.6234
vn 0.9659 0.1046 -0.2368
vn 0.0205 0.5986 -0.8008
vn 0.4953 0.5216 -0.6947
vn 0.7083 0.4239 -0.5645
vn 0.9659 0.1380 -0.2190
vn 0.0205 0.7244 -0.6890
vn 0.4952 0.6295 -0.5988
vn 0.7083 0.5114 -0.4865
vn 0.9659 0.1718 -0.1936
vn 0.0205 0.8297 -0.5578
vn 0.4953 0.7199 -0.4862
vn 0.7083 0.5850 -0.3951
vn 0.9659 0.2020 -0.1619
vn 0.0205 0.9065 -0.4217
vn 0.4957 0.7861 -0.3692
vn 0.7081 0.6392 -0.3002
vn 0.9659 0.2256 -0.1269
vn 0.0205 0.9554 -0.2947
vn 0.4962 0.8285 -0.2597
vn 0.7078 0.6741 -0.2113
vn 0.9659 0.2417 -0.0926
vn 0.0206 0.9824 -0.1857
vn 0.4969 0.8519 -0.1654
vn 0.7075 0.6937 -0.1347
vn 0.9659 0.2513 -0.0619
vn 0.0206 0.9949 -0.0983
vn 0.4993 0.8623 -0.0851
vn 0.7074 0.7031 -0.0730
vn 0.9659 0.2562 -0.0366
vn 0.0206 0.9993 -0.0327
vn 0.4995 0.8658 -0.0283
vn 0.7072 0.7065 -0.0269
vn 0.9659 0.2583 -0.0169
vn 0.0206 0.9996 0.0169
vn 0.5000 0.8659 0.0146
vn 0.7071 0.7070 0.0119
vn 0.9659 0.2588 -0.0028
vn 0.0206 0.9995 0.0250
vn 0.4998 0.8658 0.0217
vn 0.7071 0.7069 0.0177
vn 0.9659 0.2588 0.0058
vn 0.0206 0.9992 0.0331
vn 0.5000 0.8656 0.0287
vn 0.7072 0.7066 0.0234
vn 0.9659 0.2587 0.0071
vn 0.0206 0.9964 0.0826
vn 0.4995 0.8633 0.0716
vn 0.7072 0.7043 0.0622
vn 0.9659 0.2584 0.0158
vn 0.0206 0.9888 0.1479
vn 0.4993 0.8569 0.1281
vn 0.7074 0.6985 0.1080
vn 0.9659 0.2571 0.0297
vn 0.0206 0.9719 0.2346
vn 0.4969 0.8426 0.2077
vn 0.7076 0.6861 0.1692
vn 0.9659 0.2541 0.0493
vn 0.0205 0.9394 0.3421
vn 0.4962 0.8144 0.3008
vn 0.7078 0.6627 0.2447
vn 0.9659 0.2479 0.0744
vn 0.0206 0.8843 0.4665
vn 0.4957 0.7667 0.4080
vn 0.7081 0.6233 0.3318
vn 0.9659 0.2367 0.1045
vn 0.0205 0.8008 0.5986
vn 0.4953 0.6947 0.5216
vn 0.7083 0.5645 0.4239
vn 0.9659 0.2190 0.1380
vn 0.0205 0.6891 0.7244
vn 0.4952 0.5988 0.6295
vn 0.7084 0.4865 0.5114
vn 0.9659 0.1936 0.1718
vn 0.0205 0.5578 0.8297
vn 0.4953 0.4862 0.7199
vn 0.7083 0.3951 0.5850
vn 0.9659 0.1619 0.2020
vn 0.0206 0.4217 0.9065
vn 0.4957 0.3692 0.7861
vn 0.7080 0.3002 0.6392
vn 0.9659 0.1269 0.2256
vn 0.0206 0.2947 0.9554
vn 0.4962 0.2597 0.8284
vn 0.7078 0.2113 0.6741
vn 0.9659 0.0926 0.2417
vn 0.0206 0.1858 0.9824
vn 0.4969 0.1653 0.8519
vn 0.7076 0.1346 0.6937
vn 0.9659 0.0620 0.2513
vn 0.0206 0.0983 0.9949
vn 0.4993 0.0851 0.8622
vn 0.7074 0.0730 0.7030
vn 0.9659 0.0366 0.2562
vn 0.0206 0.0327 0.9993
vn 0.4995 0.0283 0.8659
vn 0.7073 0.0269 0.7064
vn 0.9659 0.0169 0.2583
vn 0.0206 -0.0169 0.9996
vn 0.4999 -0.0147 0.8659
vn 0.7072 -0.0119 0.7069
vn 0.9659 0.0028 0.2588
vn 0.0206 -0.0250 0.9995
vn 0.5001 -0.0216 0.8657
vn 0.7072 -0.0177 0.7068
vn 0.9659 -0.0058 0.2587
vn 0.0206 -0.0331 0.9992
vn 0.4999 -0.0287 0.8656
vn 0.7072 -0.0234 0.7066
vn 0.9659 -0.0071 0.2587
vn 0.0206 -0.0826 0.9964
vn 0.4995 -0.0716 0.8634
vn 0.7073 -0.0622 0.7042
vn 0.9659 -0.0158 0.2583
vn 0.0206 -0.1479 0.9888
vn 0.4993 -0.1281 0.8569
vn 0.7074 -0.1081 0.6985
vn 0.9659 -0.0298 0.2571
vn 0.0206 -0.2346 0.9719
vn 0.4969 -0.2077 0.8426
vn 0.7076 -0.1691 0.6861
vn 0.9659 -0.0493 0.2541
vn 0.0206 -0.3421 0.9394
vn 0.4962 -0.3008 0.8144
vn 0.7078 -0.2447 0.6627
vn 0.9659 -0.0744 0.2479
vn 0.0206 -0.4665 0.8843
vn 0.4957 -0.4080 0.7667
vn 0.7080 -0.3318 0.6234
vn 0.9659 -0.1046 0.2368
vn 0.0206 -0.5986 0.8008
vn 0.4954 -0.5216 0.6947
vn 0.7083 -0.4238 0.5645
vn 0.9659 -0.1380 0.2190
vn 0.0205 -0.7244 0.6890
vn 0.4952 -0.6295 0.5988
vn 0.7084 -0.5114 0.4865
vn 0.9659 -0.1718 0.1936
vn 0.0205 -0.8297 0.5578
vn 0.4953 -0.7199 0.4862
vn 0.7083 -0.5850 0.3951
vn 0.9659 -0.2020 0.1619
vn 0.0205 -0.9065 0.4217
vn 0.4957 -0.7861 0.3692
vn 0.7081 -0.6391 0.3002
vn 0.9659 -0.2256 0.1269
vn 0.0205 -0.9554 0.2947
vn 0.4962 -0.8285 0.2597
vn 0.7078 -0.6741 0.2113
vn 0.9659 -0.2417 0.0926
vn 0.0206 -0.9824 0.1858
vn 0.4969 -0.8519 0.1654
vn 0.7075 -0.6937 0.1347
vn 0.9659 -0.2513 0.0620
vn 0.0206 -0.9949 0.0983
vn 0.4993 -0.8623 0.0851
vn 0.7074 -0.7031 0.0730
vn 0.9659 -0.2562 0.0366
vn 0.0206 -0.9993 0.0327
vn 0.4995 -0.8658 0.0283
vn 0.7072 -0.7065 0.0269
vn 0.9659 -0.2583 0.0169
vn 0.0206 -0.9996 -0.0169
vn 0.5000 -0.8659 -0.0146
vn 0.7071 -0.7070 -0.0119
vn 0.9659 -0.2588 0.0028
vn 0.9659 -0.2588 -0.0058
vn -1.0000 -0.0000 -0.0000
vn 1.0000 -0.0000 -0.0000
vt 0.562017 0.008544
vt 0.587843 0.008609
vt 0.587559 0.009248
vt 0.562017 0.009184
vt 0.587344 0.010319
vt 0.562017 0.010257
vt 0.587261 0.011250
vt 0.562017 0.011188
vt 0.592333 0.011432
vt 0.592475 0.010504
vt 0.592767 0.009440
vt 0.593114 0.008804
vt 0.595676 0.011735
vt 0.595878 0.010813
vt 0.596240 0.009763
vt 0.596631 0.009131
vt 0.598161 0.012153
vt 0.598439 0.011246
vt 0.598878 0.010217
vt 0.599305 0.009592
vt 0.600104 0.012684
vt 0.600472 0.011803
vt 0.600995 0.010806
vt 0.601456 0.010191
vt 0.601657 0.013324
vt 0.602128 0.012486
vt 0.602744 0.011537
vt 0.603238 0.010936
vt 0.602918 0.014075
vt 0.603498 0.013304
vt 0.604210 0.012419
vt 0.604737 0.011837
vt 0.603961 0.014954
vt 0.604644 0.014271
vt 0.605449 0.013466
vt 0.606005 0.012910
vt 0.604840 0.015997
vt 0.605611 0.015417
vt 0.606496 0.014705
vt 0.607078 0.014178
vt 0.605591 0.017258
vt 0.606429 0.016787
vt 0.607378 0.016171
vt 0.607979 0.015677
vt 0.606231 0.018811
vt 0.607112 0.018443
vt 0.608109 0.017920
vt 0.608724 0.017459
vt 0.606762 0.020754
vt 0.607669 0.020476
vt 0.608698 0.020037
vt 0.609323 0.019610
vt 0.607180 0.023239
vt 0.608102 0.023037
vt 0.609152 0.022675
vt 0.609784 0.022284
vt 0.607483 0.026582
vt 0.608411 0.026441
vt 0.609474 0.026148
vt 0.610110 0.025800
vt 0.607665 0.031653
vt 0.608811 0.031594
vt 0.609666 0.031354
vt 0.610306 0.031072
vt 0.607727 0.056901
vt 0.609303 0.056901
vt 0.641066 0.575653
vt 0.641066 0.600913
vt 0.640639 0.601196
vt 0.640638 0.575653
vt 0.640001 0.601482
vt 0.639999 0.575653
vt 0.607665 0.082143
vt 0.608811 0.082202
vt 0.641066 0.550398
vt 0.640639 0.550115
vt 0.640001 0.549829
vt 0.607483 0.087214
vt 0.608411 0.087355
vt 0.609666 0.082442
vt 0.609474 0.087648
vt 0.610306 0.082724
vt 0.610111 0.087996
vt 0.607181 0.090557
vt 0.608102 0.090759
vt 0.609152 0.091121
vt 0.609784 0.091512
vt 0.606762 0.093042
vt 0.607669 0.093320
vt 0.608698 0.093759
vt 0.609323 0.094186
vt 0.606231 0.094985
vt 0.607112 0.095353
vt 0.608109 0.095876
vt 0.608724 0.096338
vt 0.605591 0.096538
vt 0.606429 0.097009
vt 0.607378 0.097625
vt 0.607979 0.098119
vt 0.604840 0.097799
vt 0.605611 0.098379
vt 0.606496 0.099091
vt 0.607078 0.099618
vt 0.603961 0.098842
vt 0.604644 0.099525
vt 0.605448 0.100330
vt 0.606005 0.100886
vt 0.602918 0.099721
vt 0.603498 0.100492
vt 0.604210 0.101377
vt 0.604737 0.101959
vt 0.601657 0.100472
vt 0.602128 0.101310
vt 0.602744 0.102259
vt 0.603238 0.102860
vt 0.600104 0.101112
vt 0.600472 0.101993
vt 0.600995 0.102990
vt 0.601456 0.103605
vt 0.598161 0.101643
vt 0.598439 0.102550
vt 0.598878 0.103579
vt 0.599305 0.104204
vt 0.595676 0.102061
vt 0.595877 0.102983
vt 0.596240 0.104033
vt 0.596631 0.104665
vt 0.592333 0.102364
vt 0.592475 0.103292
vt 0.592767 0.104356
vt 0.593114 0.104992
vt 0.587262 0.102546
vt 0.587344 0.103477
vt 0.587559 0.104548
vt 0.587843 0.105187
vt 0.562014 0.102608
vt 0.562014 0.103539
vt 0.562014 0.104612
vt 0.562014 0.105252
vt 0.536773 0.102546
vt 0.536690 0.103477
vt 0.536475 0.104548
vt 0.536191 0.105187
vt 0.531700 0.102364
vt 0.531560 0.103292
vt 0.531267 0.104356
vt 0.530919 0.104992
vt 0.528358 0.102061
vt 0.528156 0.102983
vt 0.527794 0.104033
vt 0.527403 0.104665
vt 0.525872 0.101643
vt 0.525595 0.102550
vt 0.525156 0.103579
vt 0.524729 0.104204
vt 0.523930 0.101112
vt 0.523562 0.101993
vt 0.523039 0.102990
vt 0.522577 0.103605
vt 0.522377 0.100473
vt 0.521906 0.101310
vt 0.521290 0.102259
vt 0.520795 0.102860
vt 0.521116 0.099721
vt 0.520536 0.100492
vt 0.519824 0.101377
vt 0.519297 0.101959
vt 0.520073 0.098842
vt 0.519390 0.099525
vt 0.518585 0.100330
vt 0.518028 0.100886
vt 0.519194 0.097799
vt 0.518423 0.098379
vt 0.517538 0.099091
vt 0.516956 0.099618
vt 0.518442 0.096538
vt 0.517605 0.097009
vt 0.516656 0.097625
vt 0.516055 0.098119
vt 0.517802 0.094985
vt 0.516921 0.095353
vt 0.515925 0.095876
vt 0.515310 0.096338
vt 0.517272 0.093042
vt 0.516365 0.093320
vt 0.515336 0.093759
vt 0.514710 0.094186
vt 0.516853 0.090557
vt 0.515932 0.090759
vt 0.514881 0.091121
vt 0.514250 0.091512
vt 0.516551 0.087214
vt 0.515623 0.087355
vt 0.514559 0.087648
vt 0.513923 0.087996
vt 0.516369 0.082143
vt 0.515223 0.082202
vt 0.514368 0.082442
vt 0.513728 0.082724
vt 0.516307 0.056896
vt 0.514731 0.056896
vt 0.622152 0.471436
vt 0.622152 0.446177
vt 0.622579 0.445894
vt 0.622580 0.471436
vt 0.623217 0.445608
vt 0.623219 0.471436
vt 0.516369 0.031653
vt 0.515223 0.031594
vt 0.622152 0.496692
vt 0.622579 0.496975
vt 0.623217 0.497261
vt 0.516551 0.026582
vt 0.515623 0.026441
vt 0.514368 0.031354
vt 0.514559 0.026148
vt 0.513728 0.031072
vt 0.513923 0.025800
vt 0.516854 0.023239
vt 0.515932 0.023037
vt 0.514881 0.022675
vt 0.514250 0.022284
vt 0.517272 0.020754
vt 0.516365 0.020476
vt 0.515336 0.020037
vt 0.514711 0.019610
vt 0.517803 0.018811
vt 0.516921 0.018443
vt 0.515925 0.017920
vt 0.515310 0.017459
vt 0.518442 0.017258
vt 0.517605 0.016787
vt 0.516656 0.016171
vt 0.516055 0.015677
vt 0.519194 0.015997
vt 0.518423 0.015417
vt 0.517538 0.014705
vt 0.516956 0.014178
vt 0.520073 0.014954
vt 0.519390 0.014271
vt 0.518585 0.013466
vt 0.518028 0.012910
vt 0.521116 0.014075
vt 0.520536 0.013304
vt 0.519824 0.012419
vt 0.519297 0.011837
vt 0.522377 0.013324
vt 0.521906 0.012486
vt 0.521290 0.011537
vt 0.520795 0.010936
vt 0.523930 0.012684
vt 0.523562 0.011803
vt 0.523039 0.010806
vt 0.522577 0.010191
vt 0.525872 0.012153
vt 0.525595 0.011246
vt 0.525156 0.010217
vt 0.524729 0.009592
vt 0.528358 0.011735
vt 0.528156 0.010813
vt 0.527794 0.009763
vt 0.527403 0.009131
vt 0.531700 0.011432
vt 0.531559 0.010504
vt 0.531267 0.009440
vt 0.530919 0.008804
vt 0.536772 0.011250
vt 0.536690 0.010319
vt 0.536475 0.009248
vt 0.536191 0.008609
vt 0.562017 0.004374
vt 0.533961 0.004440
vt 0.533674 0.003803
vt 0.562017 0.003735
vt 0.533430 0.003377
vt 0.562017 0.003307
vt 0.622152 0.679877
vt 0.622152 0.651290
vt 0.623728 0.651252
vt 0.623728 0.679877
vt 0.528227 0.004641
vt 0.527880 0.004009
vt 0.527589 0.003585
vt 0.622152 0.645449
vt 0.623728 0.645406
vt 0.524394 0.004979
vt 0.524004 0.004355
vt 0.523685 0.003936
vt 0.622152 0.641545
vt 0.623728 0.641501
vt 0.521472 0.005460
vt 0.521048 0.004848
vt 0.520710 0.004433
vt 0.622152 0.638570
vt 0.623728 0.638529
vt 0.519117 0.006093
vt 0.518662 0.005495
vt 0.518310 0.005085
vt 0.622152 0.636170
vt 0.623728 0.636134
vt 0.517164 0.006886
vt 0.516681 0.006307
vt 0.516317 0.005901
vt 0.622152 0.634177
vt 0.623728 0.634150
vt 0.515523 0.007856
vt 0.515013 0.007297
vt 0.514639 0.006896
vt 0.622152 0.632499
vt 0.623728 0.632482
vt 0.514139 0.009020
vt 0.513466 0.008365
vt 0.513224 0.008085
vt 0.622152 0.631085
vt 0.623728 0.631073
vt 0.512975 0.010404
vt 0.511988 0.009565
vt 0.628457 0.520196
vt 0.628457 0.518767
vt 0.629108 0.518809
vt 0.629109 0.520227
vt 0.630033 0.518829
vt 0.630033 0.520238
vt 0.512005 0.012045
vt 0.510989 0.011272
vt 0.628457 0.517060
vt 0.629108 0.517120
vt 0.630033 0.517161
vt 0.511211 0.013998
vt 0.510177 0.013288
vt 0.628457 0.515045
vt 0.629107 0.515117
vt 0.630033 0.515177
vt 0.510579 0.016354
vt 0.509533 0.015703
vt 0.628457 0.512629
vt 0.629105 0.512709
vt 0.630033 0.512783
vt 0.510098 0.019275
vt 0.509044 0.018686
vt 0.628457 0.509647
vt 0.629104 0.509729
vt 0.630033 0.509810
vt 0.509760 0.023108
vt 0.508700 0.022587
vt 0.628457 0.505745
vt 0.629103 0.505824
vt 0.630033 0.505906
vt 0.509559 0.028842
vt 0.508495 0.028273
vt 0.628172 0.499870
vt 0.629102 0.499986
vt 0.630033 0.500059
vt 0.627391 0.499490
vt 0.627390 0.471437
vt 0.628029 0.471437
vt 0.629102 0.471437
vt 0.630033 0.471437
vt 0.627391 0.443378
vt 0.628172 0.442999
vt 0.629102 0.442883
vt 0.630033 0.442809
vt 0.509559 0.084954
vt 0.509760 0.090688
vt 0.508700 0.091209
vt 0.508495 0.085523
vt 0.628457 0.437124
vt 0.629103 0.437045
vt 0.630033 0.436963
vt 0.510098 0.094521
vt 0.509044 0.095110
vt 0.628457 0.433222
vt 0.629104 0.433140
vt 0.630033 0.433059
vt 0.510579 0.097443
vt 0.509533 0.098093
vt 0.628457 0.430240
vt 0.629105 0.430160
vt 0.630033 0.430086
vt 0.511211 0.099798
vt 0.510177 0.100508
vt 0.628457 0.427824
vt 0.629107 0.427752
vt 0.630033 0.427691
vt 0.512005 0.101751
vt 0.510989 0.102524
vt 0.628457 0.425808
vt 0.629108 0.425749
vt 0.630033 0.425707
vt 0.512975 0.103392
vt 0.511988 0.104231
vt 0.628457 0.424101
vt 0.629108 0.424060
vt 0.630033 0.424040
vt 0.514139 0.104776
vt 0.513466 0.105431
vt 0.628457 0.422673
vt 0.629109 0.422642
vt 0.630033 0.422630
vt 0.515523 0.105940
vt 0.515013 0.106499
vt 0.514639 0.106900
vt 0.513224 0.105711
vt 0.634762 0.735306
vt 0.634762 0.736720
vt 0.633185 0.736704
vt 0.633185 0.735295
vt 0.517164 0.106910
vt 0.516681 0.107489
vt 0.516317 0.107895
vt 0.634762 0.738398
vt 0.633185 0.738371
vt 0.519117 0.107703
vt 0.518662 0.108301
vt 0.518310 0.108711
vt 0.634762 0.740391
vt 0.633185 0.740356
vt 0.521472 0.108336
vt 0.521048 0.108948
vt 0.520710 0.109363
vt 0.634762 0.742791
vt 0.633185 0.742750
vt 0.524394 0.108817
vt 0.524004 0.109441
vt 0.523685 0.109860
vt 0.634762 0.745767
vt 0.633185 0.745723
vt 0.528227 0.109155
vt 0.527880 0.109787
vt 0.527589 0.110211
vt 0.634762 0.749670
vt 0.633185 0.749627
vt 0.533961 0.109356
vt 0.533674 0.109993
vt 0.533430 0.110420
vt 0.634762 0.755511
vt 0.633185 0.755473
vt 0.562014 0.109422
vt 0.562014 0.110061
vt 0.562014 0.110489
vt 0.634762 0.784096
vt 0.633185 0.784096
vt 0.590073 0.109356
vt 0.590359 0.109993
vt 0.590604 0.110420
vt 0.634762 0.812685
vt 0.633185 0.812723
vt 0.595806 0.109155
vt 0.596154 0.109787
vt 0.596445 0.110211
vt 0.634762 0.818527
vt 0.633185 0.818570
vt 0.599639 0.108817
vt 0.600029 0.109441
vt 0.600349 0.109860
vt 0.634762 0.822430
vt 0.633185 0.822474
vt 0.602561 0.108336
vt 0.602986 0.108948
vt 0.603324 0.109363
vt 0.634762 0.825406
vt 0.633185 0.825447
vt 0.604917 0.107704
vt 0.605372 0.108301
vt 0.605724 0.108711
vt 0.634762 0.827806
vt 0.633185 0.827841
vt 0.606870 0.106910
vt 0.607353 0.107489
vt 0.607717 0.107895
vt 0.634762 0.829798
vt 0.633185 0.829826
vt 0.608510 0.105940
vt 0.609020 0.106499
vt 0.609395 0.106900
vt 0.634762 0.831477
vt 0.633185 0.831493
vt 0.609895 0.104776
vt 0.610568 0.105431
vt 0.610810 0.105711
vt 0.634762 0.832891
vt 0.633185 0.832902
vt 0.611059 0.103392
vt 0.612046 0.104231
vt 0.634761 0.526894
vt 0.634762 0.528323
vt 0.634110 0.528281
vt 0.634110 0.526863
vt 0.633185 0.528261
vt 0.633185 0.526852
vt 0.612028 0.101751
vt 0.613045 0.102524
vt 0.634761 0.530030
vt 0.634111 0.529970
vt 0.633185 0.529929
vt 0.612822 0.099798
vt 0.613857 0.100508
vt 0.634762 0.532045
vt 0.634112 0.531973
vt 0.633185 0.531913
vt 0.613455 0.097443
vt 0.614501 0.098093
vt 0.634762 0.534461
vt 0.634113 0.534381
vt 0.633185 0.534307
vt 0.613936 0.094521
vt 0.614990 0.095110
vt 0.634762 0.537444
vt 0.634114 0.537362
vt 0.633185 0.537280
vt 0.614274 0.090688
vt 0.615334 0.091209
vt 0.634762 0.541345
vt 0.634115 0.541267
vt 0.633185 0.541184
vt 0.614474 0.084954
vt 0.615538 0.085523
vt 0.635046 0.547220
vt 0.634116 0.547104
vt 0.633185 0.547031
vt 0.635827 0.547600
vt 0.635829 0.575653
vt 0.635190 0.575653
vt 0.634116 0.575653
vt 0.633185 0.575653
vt 0.635827 0.603712
vt 0.635046 0.604091
vt 0.634116 0.604207
vt 0.633185 0.604281
vt 0.614474 0.028842
vt 0.614274 0.023108
vt 0.615334 0.022588
vt 0.615538 0.028273
vt 0.634762 0.609966
vt 0.634115 0.610045
vt 0.633185 0.610127
vt 0.613936 0.019275
vt 0.614990 0.018686
vt 0.634762 0.613868
vt 0.634114 0.613950
vt 0.633185 0.614031
vt 0.613455 0.016354
vt 0.614501 0.015703
vt 0.634762 0.616851
vt 0.634113 0.616930
vt 0.633185 0.617004
vt 0.612822 0.013998
vt 0.613857 0.013288
vt 0.634762 0.619266
vt 0.634112 0.619338
vt 0.633185 0.619399
vt 0.612028 0.012045
vt 0.613045 0.011272
vt 0.634762 0.621282
vt 0.634111 0.621341
vt 0.633185 0.621383
vt 0.611059 0.010404
vt 0.612046 0.009565
vt 0.634762 0.622989
vt 0.634110 0.623030
vt 0.633185 0.623051
vt 0.609895 0.009020
vt 0.610568 0.008365
vt 0.634762 0.624417
vt 0.634110 0.624448
vt 0.633185 0.624460
vt 0.608510 0.007856
vt 0.609020 0.007298
vt 0.609395 0.006896
vt 0.610809 0.008085
vt 0.622152 0.728670
vt 0.622152 0.727255
vt 0.623728 0.727272
vt 0.623728 0.728681
vt 0.606870 0.006886
vt 0.607353 0.006307
vt 0.607717 0.005901
vt 0.622152 0.725577
vt 0.623728 0.725604
vt 0.604917 0.006093
vt 0.605372 0.005495
vt 0.605724 0.005085
vt 0.622152 0.723585
vt 0.623728 0.723620
vt 0.602561 0.005460
vt 0.602986 0.004848
vt 0.603324 0.004433
vt 0.622152 0.721185
vt 0.623728 0.721226
vt 0.599639 0.004979
vt 0.600029 0.004355
vt 0.600349 0.003936
vt 0.622152 0.718209
vt 0.623728 0.718253
vt 0.595806 0.004641
vt 0.596154 0.004009
vt 0.596445 0.003585
vt 0.622152 0.714305
vt 0.623728 0.714348
vt 0.590073 0.004440
vt 0.590359 0.003803
vt 0.590604 0.003377
vt 0.622152 0.708464
vt 0.623728 0.708502
vt 0.633185 0.679877
vt 0.633185 0.651252
vt 0.633973 0.651250
vt 0.633973 0.679877
vt 0.634762 0.651243
vt 0.634762 0.679877
vt 0.448160 0.829125
vt 0.476794 0.829126
vt 0.476776 0.830701
vt 0.448164 0.830701
vt 0.633185 0.645406
vt 0.633973 0.645406
vt 0.634762 0.645406
vt 0.482632 0.829322
vt 0.482537 0.830895
vt 0.633185 0.641501
vt 0.633973 0.641502
vt 0.634762 0.641502
vt 0.486537 0.829666
vt 0.486339 0.831230
vt 0.633185 0.638529
vt 0.633973 0.638529
vt 0.634762 0.638529
vt 0.489511 0.830160
vt 0.489176 0.831700
vt 0.633185 0.636134
vt 0.633973 0.636135
vt 0.634762 0.636135
vt 0.491906 0.830809
vt 0.491401 0.832302
vt 0.633185 0.634150
vt 0.633973 0.634151
vt 0.634762 0.634152
vt 0.493892 0.831623
vt 0.493190 0.833034
vt 0.633185 0.632482
vt 0.633973 0.632483
vt 0.634762 0.632485
vt 0.495561 0.832613
vt 0.494649 0.833899
vt 0.633185 0.631073
vt 0.633973 0.631087
vt 0.634762 0.631125
vt 0.496971 0.833798
vt 0.495860 0.834915
vt 0.639490 0.520238
vt 0.639490 0.518829
vt 0.640278 0.518828
vt 0.640278 0.520225
vt 0.641066 0.518826
vt 0.641066 0.520187
vt 0.498163 0.835203
vt 0.496882 0.836121
vt 0.639490 0.517161
vt 0.640278 0.517161
vt 0.641066 0.517159
vt 0.499162 0.836867
vt 0.497754 0.837576
vt 0.639490 0.515177
vt 0.640278 0.515177
vt 0.641066 0.515176
vt 0.499985 0.838848
vt 0.498494 0.839361
vt 0.639490 0.512783
vt 0.640278 0.512783
vt 0.641066 0.512783
vt 0.500646 0.841240
vt 0.499107 0.841583
vt 0.639490 0.509810
vt 0.640278 0.509810
vt 0.641066 0.509810
vt 0.501154 0.844212
vt 0.499592 0.844418
vt 0.639490 0.505906
vt 0.640278 0.505906
vt 0.641066 0.505905
vt 0.501517 0.848116
vt 0.499945 0.848219
vt 0.639490 0.500059
vt 0.640278 0.500062
vt 0.641066 0.500068
vt 0.501742 0.853952
vt 0.500166 0.853977
vt 0.639490 0.471437
vt 0.640278 0.471437
vt 0.641066 0.471437
vt 0.501882 0.882583
vt 0.500306 0.882587
vt 0.639490 0.442809
vt 0.640278 0.442807
vt 0.641066 0.442801
vt 0.501881 0.911219
vt 0.500305 0.911202
vt 0.639490 0.436963
vt 0.640278 0.436963
vt 0.641066 0.436963
vt 0.501685 0.917057
vt 0.500112 0.916961
vt 0.639490 0.433059
vt 0.640278 0.433059
vt 0.641066 0.433059
vt 0.501341 0.920962
vt 0.499778 0.920764
vt 0.639490 0.430086
vt 0.640278 0.430086
vt 0.641066 0.430086
vt 0.500847 0.923937
vt 0.499307 0.923602
vt 0.639490 0.427691
vt 0.640278 0.427692
vt 0.641066 0.427692
vt 0.500198 0.926332
vt 0.498705 0.925827
vt 0.639490 0.425707
vt 0.640278 0.425708
vt 0.641066 0.425709
vt 0.499385 0.928317
vt 0.497973 0.927615
vt 0.639490 0.424040
vt 0.640278 0.424040
vt 0.641066 0.424043
vt 0.498394 0.929986
vt 0.497108 0.929074
vt 0.639490 0.422630
vt 0.640278 0.422644
vt 0.641066 0.422682
vt 0.497209 0.931397
vt 0.496092 0.930286
vt 0.623728 0.735295
vt 0.623728 0.736704
vt 0.622940 0.736704
vt 0.622940 0.735308
vt 0.622152 0.736707
vt 0.622152 0.735346
vt 0.495804 0.932589
vt 0.494887 0.931307
vt 0.623728 0.738371
vt 0.622940 0.738372
vt 0.622152 0.738373
vt 0.494140 0.933587
vt 0.493432 0.932180
vt 0.623728 0.740356
vt 0.622940 0.740356
vt 0.622152 0.740356
vt 0.492159 0.934410
vt 0.491646 0.932920
vt 0.623728 0.742750
vt 0.622940 0.742750
vt 0.622152 0.742750
vt 0.489767 0.935071
vt 0.489424 0.933533
vt 0.623728 0.745723
vt 0.622940 0.745723
vt 0.622152 0.745723
vt 0.486795 0.935580
vt 0.486590 0.934017
vt 0.623728 0.749627
vt 0.622940 0.749627
vt 0.622152 0.749627
vt 0.482892 0.935943
vt 0.482789 0.934370
vt 0.623728 0.755473
vt 0.622940 0.755471
vt 0.622152 0.755465
vt 0.477055 0.936167
vt 0.477030 0.934592
vt 0.623728 0.784096
vt 0.622940 0.784096
vt 0.622152 0.784096
vt 0.448424 0.936307
vt 0.448420 0.934731
vt 0.623728 0.812723
vt 0.622940 0.812726
vt 0.622152 0.812732
vt 0.419788 0.936307
vt 0.419805 0.934731
vt 0.623728 0.818570
vt 0.622940 0.818570
vt 0.622152 0.818570
vt 0.413950 0.936111
vt 0.414045 0.934537
vt 0.623728 0.822474
vt 0.622940 0.822474
vt 0.622152 0.822474
vt 0.410045 0.935767
vt 0.410243 0.934203
vt 0.623728 0.825447
vt 0.622940 0.825447
vt 0.622152 0.825447
vt 0.407071 0.935273
vt 0.407406 0.933733
vt 0.623728 0.827841
vt 0.622940 0.827841
vt 0.622152 0.827840
vt 0.404675 0.934624
vt 0.405180 0.933130
vt 0.623728 0.829826
vt 0.622940 0.829825
vt 0.622152 0.829824
vt 0.402690 0.933810
vt 0.403392 0.932399
vt 0.623728 0.831493
vt 0.622940 0.831492
vt 0.622152 0.831490
vt 0.401021 0.932820
vt 0.401932 0.931534
vt 0.623728 0.832902
vt 0.622940 0.832889
vt 0.622152 0.832851
vt 0.399610 0.931635
vt 0.400722 0.930518
vt 0.623728 0.526852
vt 0.623728 0.528261
vt 0.622940 0.528262
vt 0.622940 0.526866
vt 0.622152 0.528264
vt 0.622152 0.526903
vt 0.398418 0.930230
vt 0.399700 0.929312
vt 0.623728 0.529929
vt 0.622940 0.529929
vt 0.622152 0.529931
vt 0.397420 0.928566
vt 0.398828 0.927857
vt 0.623728 0.531913
vt 0.622940 0.531913
vt 0.622152 0.531914
vt 0.396597 0.926585
vt 0.398088 0.926072
vt 0.623728 0.534307
vt 0.622940 0.534307
vt 0.622152 0.534307
vt 0.395936 0.924193
vt 0.397475 0.923850
vt 0.623728 0.537280
vt 0.622940 0.537280
vt 0.622152 0.537281
vt 0.395427 0.921221
vt 0.396990 0.921014
vt 0.623728 0.541184
vt 0.622940 0.541185
vt 0.622152 0.541185
vt 0.395064 0.917317
vt 0.396637 0.917214
vt 0.623728 0.547031
vt 0.622940 0.547028
vt 0.622152 0.547022
vt 0.394840 0.911481
vt 0.396416 0.911455
vt 0.623728 0.575653
vt 0.622940 0.575653
vt 0.622152 0.575653
vt 0.394700 0.882850
vt 0.396276 0.882846
vt 0.623728 0.604281
vt 0.622940 0.604283
vt 0.622152 0.604289
vt 0.394700 0.854213
vt 0.396276 0.854231
vt 0.623728 0.610127
vt 0.622940 0.610127
vt 0.622152 0.610127
vt 0.394896 0.848376
vt 0.396469 0.848471
vt 0.623728 0.614031
vt 0.622940 0.614031
vt 0.622152 0.614031
vt 0.395240 0.844470
vt 0.396804 0.844669
vt 0.623728 0.617004
vt 0.622940 0.617004
vt 0.622152 0.617004
vt 0.395734 0.841496
vt 0.397275 0.841831
vt 0.623728 0.619399
vt 0.622940 0.619398
vt 0.622152 0.619398
vt 0.396384 0.839101
vt 0.397877 0.839606
vt 0.623728 0.621383
vt 0.622940 0.621382
vt 0.622152 0.621381
vt 0.397197 0.837116
vt 0.398608 0.837818
vt 0.623728 0.623051
vt 0.622940 0.623050
vt 0.622152 0.623047
vt 0.398187 0.835447
vt 0.399473 0.836358
vt 0.623728 0.624460
vt 0.622940 0.624446
vt 0.622152 0.624409
vt 0.399372 0.834036
vt 0.400489 0.835147
vt 0.633185 0.728681
vt 0.633185 0.727272
vt 0.633973 0.727271
vt 0.633973 0.728667
vt 0.634762 0.727269
vt 0.634762 0.728630
vt 0.400777 0.832844
vt 0.401695 0.834126
vt 0.633185 0.725604
vt 0.633973 0.725604
vt 0.634762 0.725602
vt 0.402441 0.831846
vt 0.403150 0.833254
vt 0.633185 0.723620
vt 0.633973 0.723620
vt 0.634762 0.723619
vt 0.404423 0.831023
vt 0.404935 0.832513
vt 0.633185 0.721226
vt 0.633973 0.721226
vt 0.634762 0.721225
vt 0.406815 0.830361
vt 0.407158 0.831900
vt 0.633185 0.718253
vt 0.633973 0.718253
vt 0.634762 0.718253
vt 0.409786 0.829853
vt 0.409992 0.831416
vt 0.633185 0.714348
vt 0.633973 0.714348
vt 0.634762 0.714348
vt 0.413690 0.829490
vt 0.413793 0.831063
vt 0.633185 0.708502
vt 0.633973 0.708504
vt 0.634762 0.708511
vt 0.419527 0.829265
vt 0.419552 0.830841
s 1
usemtl 03_|_bright_milled_steel
f 1984/2516/1991 2235/2517/1992 2237/2518/1993 1986/2519/1994
f 1986/2519/1994 2237/2518/1993 2238/2520/1995 1985/2521/1995
s 0
f 1985/2521/1996 2238/2520/1996 2236/2522/1996 1983/2523/1996
f 2232/2524/1997 2236/2522/1997 2238/2520/1997 2234/2525/1997
f 2234/2525/1998 2238/2520/1998 2237/2518/1998 2233/2526/1998
s 1
f 2233/2526/1999 2237/2518/1993 2235/2517/1992 2231/2527/2000
s 0
f 2228/2528/2001 2232/2524/2001 2234/2525/2001 2230/2529/2001
f 2230/2529/2002 2234/2525/2002 2233/2526/2002 2229/2530/2002
s 1
f 2229/2530/2003 2233/2526/1999 2231/2527/2000 2227/2531/2004
s 0
f 2224/2532/2005 2228/2528/2005 2230/2529/2005 2226/2533/2005
f 2226/2533/2006 2230/2529/2006 2229/2530/2006 2225/2534/2006
s 1
f 2225/2534/2007 2229/2530/2003 2227/2531/2004 2223/2535/2008
s 0
f 2220/2536/2009 2224/2532/2009 2226/2533/2009 2222/2537/2009
f 2222/2537/2010 2226/2533/2010 2225/2534/2010 2221/2538/2010
s 1
f 2221/2538/2011 2225/2534/2007 2223/2535/2008 2219/2539/2012
s 0
f 2216/2540/2013 2220/2536/2013 2222/2537/2013 2218/2541/2013
f 2218/2541/2014 2222/2537/2014 2221/2538/2014 2217/2542/2014
s 1
f 2217/2542/2015 2221/2538/2011 2219/2539/2012 2215/2543/2016
s 0
f 2212/2544/2017 2216/2540/2017 2218/2541/2017 2214/2545/2017
f 2214/2545/2018 2218/2541/2018 2217/2542/2018 2213/2546/2018
s 1
f 2213/2546/2019 2217/2542/2015 2215/2543/2016 2211/2547/2020
s 0
f 2208/2548/2021 2212/2544/2021 2214/2545/2021 2210/2549/2021
f 2210/2549/2022 2214/2545/2022 2213/2546/2022 2209/2550/2022
s 1
f 2209/2550/2023 2213/2546/2019 2211/2547/2020 2207/2551/2024
s 0
f 2204/2552/2025 2208/2548/2025 2210/2549/2025 2206/2553/2025
f 2206/2553/2026 2210/2549/2026 2209/2550/2026 2205/2554/2026
s 1
f 2205/2554/2027 2209/2550/2023 2207/2551/2024 2203/2555/2028
s 0
f 2200/2556/2029 2204/2552/2029 2206/2553/2029 2202/2557/2029
f 2202/2557/2030 2206/2553/2030 2205/2554/2030 2201/2558/2030
s 1
f 2201/2558/2031 2205/2554/2027 2203/2555/2028 2199/2559/2032
s 0
f 2196/2560/2033 2200/2556/2033 2202/2557/2033 2198/2561/2033
f 2198/2561/2034 2202/2557/2034 2201/2558/2034 2197/2562/2034
s 1
f 2197/2562/2035 2201/2558/2031 2199/2559/2032 2195/2563/2036
s 0
f 2192/2564/2037 2196/2560/2037 2198/2561/2037 2194/2565/2037
f 2194/2565/2038 2198/2561/2038 2197/2562/2038 2193/2566/2038
s 1
f 2193/2566/2039 2197/2562/2035 2195/2563/2036 2191/2567/2040
s 0
f 2188/2568/2041 2192/2564/2041 2194/2565/2041 2190/2569/2041
f 2190/2569/2042 2194/2565/2042 2193/2566/2042 2189/2570/2042
s 1
f 2189/2570/2043 2193/2566/2039 2191/2567/2040 2187/2571/2044
s 0
f 2184/2572/2045 2188/2568/2045 2190/2569/2045 2186/2573/2045
f 2186/2573/2046 2190/2569/2046 2189/2570/2046 2185/2574/2046
s 1
f 2185/2574/2047 2189/2570/2043 2187/2571/2044 2183/2575/2048
s 0
f 2180/2576/2049 2184/2572/2049 2186/2573/2049 2182/2577/2049
f 2182/2577/2050 2186/2573/2050 2185/2574/2050 2181/2578/2050
s 1
f 2181/2578/2051 2185/2574/2047 2183/2575/2048 2179/2579/2052
s 0
f 2176/2580/2053 2180/2576/2053 2182/2577/2053 2178/2581/2053
s 1
f 2178/2582/2054 2182/2583/2055 2181/2584/2051 2177/2585/2056
f 2177/2585/2056 2181/2584/2051 2179/2586/2052 2175/2587/2057
s 0
f 2172/2588/2058 2176/2580/2058 2178/2581/2058 2174/2589/2058
s 1
f 2174/2590/2059 2178/2582/2054 2177/2585/2056 2173/2591/2060
f 2173/2591/2060 2177/2585/2056 2175/2587/2057 2171/2592/2061
s 0
f 2168/2593/2062 2172/2588/2062 2174/2589/2062 2170/2594/2062
f 2170/2594/2063 2174/2589/2063 2173/2595/2063 2169/2596/2063
s 1
f 2169/2596/2064 2173/2595/2060 2171/2597/2061 2167/2598/2065
s 0
f 2164/2599/2066 2168/2593/2066 2170/2594/2066 2166/2600/2066
f 2166/2600/2067 2170/2594/2067 2169/2596/2067 2165/2601/2067
s 1
f 2165/2601/2068 2169/2596/2064 2167/2598/2065 2163/2602/2069
s 0
f 2160/2603/2070 2164/2599/2070 2166/2600/2070 2162/2604/2070
f 2162/2604/2071 2166/2600/2071 2165/2601/2071 2161/2605/2071
s 1
f 2161/2605/2072 2165/2601/2068 2163/2602/2069 2159/2606/2073
s 0
f 2156/2607/2074 2160/2603/2074 2162/2604/2074 2158/2608/2074
f 2158/2608/2075 2162/2604/2075 2161/2605/2075 2157/2609/2075
s 1
f 2157/2609/2076 2161/2605/2072 2159/2606/2073 2155/2610/2077
s 0
f 2152/2611/2078 2156/2607/2078 2158/2608/2078 2154/2612/2078
f 2154/2612/2079 2158/2608/2079 2157/2609/2079 2153/2613/2079
s 1
f 2153/2613/2080 2157/2609/2076 2155/2610/2077 2151/2614/2081
s 0
f 2148/2615/2082 2152/2611/2082 2154/2612/2082 2150/2616/2082
f 2150/2616/2083 2154/2612/2083 2153/2613/2083 2149/2617/2083
s 1
f 2149/2617/2084 2153/2613/2080 2151/2614/2081 2147/2618/2085
s 0
f 2144/2619/2086 2148/2615/2086 2150/2616/2086 2146/2620/2086
f 2146/2620/2087 2150/2616/2087 2149/2617/2087 2145/2621/2087
s 1
f 2145/2621/2088 2149/2617/2084 2147/2618/2085 2143/2622/2089
s 0
f 2140/2623/2090 2144/2619/2090 2146/2620/2090 2142/2624/2090
f 2142/2624/2091 2146/2620/2091 2145/2621/2091 2141/2625/2091
s 1
f 2141/2625/2092 2145/2621/2088 2143/2622/2089 2139/2626/2093
s 0
f 2136/2627/2094 2140/2623/2094 2142/2624/2094 2138/2628/2094
f 2138/2628/2095 2142/2624/2095 2141/2625/2095 2137/2629/2095
s 1
f 2137/2629/2096 2141/2625/2092 2139/2626/2093 2135/2630/2097
s 0
f 2132/2631/2098 2136/2627/2098 2138/2628/2098 2134/2632/2098
f 2134/2632/2099 2138/2628/2099 2137/2629/2099 2133/2633/2099
s 1
f 2133/2633/2100 2137/2629/2096 2135/2630/2097 2131/2634/2101
s 0
f 2128/2635/2102 2132/2631/2102 2134/2632/2102 2130/2636/2102
f 2130/2636/2103 2134/2632/2103 2133/2633/2103 2129/2637/2103
s 1
f 2129/2637/2104 2133/2633/2100 2131/2634/2101 2127/2638/2105
s 0
f 2124/2639/2106 2128/2635/2106 2130/2636/2106 2126/2640/2106
f 2126/2640/2107 2130/2636/2107 2129/2637/2107 2125/2641/2107
s 1
f 2125/2641/2108 2129/2637/2104 2127/2638/2105 2123/2642/2109
s 0
f 2120/2643/2110 2124/2639/2110 2126/2640/2110 2122/2644/2110
f 2122/2644/2111 2126/2640/2111 2125/2641/2111 2121/2645/2111
s 1
f 2121/2645/2112 2125/2641/2108 2123/2642/2109 2119/2646/2113
s 0
f 2116/2647/2114 2120/2643/2114 2122/2644/2114 2118/2648/2114
f 2118/2648/2115 2122/2644/2115 2121/2645/2115 2117/2649/2115
s 1
f 2117/2649/2116 2121/2645/2112 2119/2646/2113 2115/2650/2117
s 0
f 2112/2651/2118 2116/2647/2118 2118/2648/2118 2114/2652/2118
f 2114/2652/2119 2118/2648/2119 2117/2649/2119 2113/2653/2119
s 1
f 2113/2653/2120 2117/2649/2116 2115/2650/2117 2111/2654/2121
s 0
f 2108/2655/2122 2112/2651/2122 2114/2652/2122 2110/2656/2122
f 2110/2656/2123 2114/2652/2123 2113/2653/2123 2109/2657/2123
s 1
f 2109/2657/2124 2113/2653/2120 2111/2654/2121 2107/2658/2125
s 0
f 2104/2659/2126 2108/2655/2126 2110/2656/2126 2106/2660/2126
f 2106/2660/2127 2110/2656/2127 2109/2657/2127 2105/2661/2127
s 1
f 2105/2661/2128 2109/2657/2124 2107/2658/2125 2103/2662/2129
s 0
f 2100/2663/2130 2104/2659/2130 2106/2660/2130 2102/2664/2130
f 2102/2664/2131 2106/2660/2131 2105/2661/2131 2101/2665/2131
s 1
f 2101/2665/2132 2105/2661/2128 2103/2662/2129 2099/2666/2133
s 0
f 2096/2667/2134 2100/2663/2134 2102/2664/2134 2098/2668/2134
f 2098/2668/2135 2102/2664/2135 2101/2665/2135 2097/2669/2135
s 1
f 2097/2669/2136 2101/2665/2132 2099/2666/2133 2095/2670/2137
s 0
f 2092/2671/2138 2096/2667/2138 2098/2668/2138 2094/2672/2138
f 2094/2672/2139 2098/2668/2139 2097/2669/2139 2093/2673/2139
s 1
f 2093/2673/2140 2097/2669/2136 2095/2670/2137 2091/2674/2141
s 0
f 2088/2675/2142 2092/2671/2142 2094/2672/2142 2090/2676/2142
f 2090/2676/2143 2094/2672/2143 2093/2673/2143 2089/2677/2143
s 1
f 2089/2677/2144 2093/2673/2140 2091/2674/2141 2087/2678/2145
s 0
f 2084/2679/2146 2088/2675/2146 2090/2676/2146 2086/2680/2146
f 2086/2680/2147 2090/2676/2147 2089/2677/2147 2085/2681/2147
s 1
f 2085/2681/2148 2089/2677/2144 2087/2678/2145 2083/2682/2149
s 0
f 2080/2683/2150 2084/2679/2150 2086/2680/2150 2082/2684/2150
f 2082/2684/2151 2086/2680/2151 2085/2681/2151 2081/2685/2151
s 1
f 2081/2685/2152 2085/2681/2148 2083/2682/2149 2079/2686/2153
s 0
f 2076/2687/2154 2080/2683/2154 2082/2684/2154 2078/2688/2154
f 2078/2688/2155 2082/2684/2155 2081/2685/2155 2077/2689/2155
s 1
f 2077/2689/2156 2081/2685/2152 2079/2686/2153 2075/2690/2157
s 0
f 2072/2691/2158 2076/2687/2158 2078/2688/2158 2074/2692/2158
f 2074/2692/2159 2078/2688/2159 2077/2689/2159 2073/2693/2159
s 1
f 2073/2693/2160 2077/2689/2156 2075/2690/2157 2071/2694/2161
s 0
f 2068/2695/2162 2072/2691/2162 2074/2692/2162 2070/2696/2162
f 2070/2696/2163 2074/2692/2163 2073/2693/2163 2069/2697/2163
s 1
f 2069/2697/2164 2073/2693/2160 2071/2694/2161 2067/2698/2165
s 0
f 2064/2699/2166 2068/2695/2166 2070/2696/2166 2066/2700/2166
f 2066/2700/2167 2070/2696/2167 2069/2697/2167 2065/2701/2167
s 1
f 2065/2701/2168 2069/2697/2164 2067/2698/2165 2063/2702/2169
s 0
f 2060/2703/2170 2064/2699/2170 2066/2700/2170 2062/2704/2170
f 2062/2704/2171 2066/2700/2171 2065/2701/2171 2061/2705/2171
s 1
f 2061/2705/2172 2065/2701/2168 2063/2702/2169 2059/2706/2173
s 0
f 2056/2707/2174 2060/2703/2174 2062/2704/2174 2058/2708/2174
f 2058/2708/2175 2062/2704/2175 2061/2705/2175 2057/2709/2175
s 1
f 2057/2709/2176 2061/2705/2172 2059/2706/2173 2055/2710/2177
s 0
f 2052/2711/2178 2056/2707/2178 2058/2708/2178 2054/2712/2178
f 2054/2712/2179 2058/2708/2179 2057/2709/2179 2053/2713/2179
s 1
f 2053/2713/2180 2057/2709/2176 2055/2710/2177 2051/2714/2181
s 0
f 2048/2715/2182 2052/2711/2182 2054/2712/2182 2050/2716/2182
s 1
f 2050/2717/2183 2054/2718/2184 2053/2719/2180 2049/2720/2185
f 2049/2720/2185 2053/2719/2180 2051/2721/2181 2047/2722/2186
s 0
f 2044/2723/2187 2048/2715/2187 2050/2716/2187 2046/2724/2187
s 1
f 2046/2725/2188 2050/2717/2183 2049/2720/2185 2045/2726/2189
f 2045/2726/2189 2049/2720/2185 2047/2722/2186 2043/2727/2190
s 0
f 2040/2728/2191 2044/2723/2191 2046/2724/2191 2042/2729/2191
f 2042/2729/2192 2046/2724/2192 2045/2730/2192 2041/2731/2192
s 1
f 2041/2731/2193 2045/2730/2189 2043/2732/2190 2039/2733/2194
s 0
f 2036/2734/2195 2040/2728/2195 2042/2729/2195 2038/2735/2195
f 2038/2735/2196 2042/2729/2196 2041/2731/2196 2037/2736/2196
s 1
f 2037/2736/2197 2041/2731/2193 2039/2733/2194 2035/2737/2198
s 0
f 2032/2738/2199 2036/2734/2199 2038/2735/2199 2034/2739/2199
f 2034/2739/2200 2038/2735/2200 2037/2736/2200 2033/2740/2200
s 1
f 2033/2740/2201 2037/2736/2197 2035/2737/2198 2031/2741/2202
s 0
f 2028/2742/2203 2032/2738/2203 2034/2739/2203 2030/2743/2203
f 2030/2743/2204 2034/2739/2204 2033/2740/2204 2029/2744/2204
s 1
f 2029/2744/2205 2033/2740/2201 2031/2741/2202 2027/2745/2206
s 0
f 2024/2746/2207 2028/2742/2207 2030/2743/2207 2026/2747/2207
f 2026/2747/2208 2030/2743/2208 2029/2744/2208 2025/2748/2208
s 1
f 2025/2748/2209 2029/2744/2205 2027/2745/2206 2023/2749/2210
s 0
f 2020/2750/2211 2024/2746/2211 2026/2747/2211 2022/2751/2211
f 2022/2751/2212 2026/2747/2212 2025/2748/2212 2021/2752/2212
s 1
f 2021/2752/2213 2025/2748/2209 2023/2749/2210 2019/2753/2214
s 0
f 2016/2754/2215 2020/2750/2215 2022/2751/2215 2018/2755/2215
f 2018/2755/2216 2022/2751/2216 2021/2752/2216 2017/2756/2216
s 1
f 2017/2756/2217 2021/2752/2213 2019/2753/2214 2015/2757/2218
s 0
f 2012/2758/2219 2016/2754/2219 2018/2755/2219 2014/2759/2219
f 2014/2759/2220 2018/2755/2220 2017/2756/2220 2013/2760/2220
s 1
f 2013/2760/2221 2017/2756/2217 2015/2757/2218 2011/2761/2222
s 0
f 2008/2762/2223 2012/2758/2223 2014/2759/2223 2010/2763/2223
f 2010/2763/2224 2014/2759/2224 2013/2760/2224 2009/2764/2224
s 1
f 2009/2764/2225 2013/2760/2221 2011/2761/2222 2007/2765/2226
s 0
f 2004/2766/2227 2008/2762/2227 2010/2763/2227 2006/2767/2227
f 2006/2767/2228 2010/2763/2228 2009/2764/2228 2005/2768/2228
s 1
f 2005/2768/2229 2009/2764/2225 2007/2765/2226 2003/2769/2230
s 0
f 2000/2770/2231 2004/2766/2231 2006/2767/2231 2002/2771/2231
f 2002/2771/2232 2006/2767/2232 2005/2768/2232 2001/2772/2232
s 1
f 2001/2772/2233 2005/2768/2229 2003/2769/2230 1999/2773/2234
s 0
f 1996/2774/2235 2000/2770/2235 2002/2771/2235 1998/2775/2235
f 1998/2775/2236 2002/2771/2236 2001/2772/2236 1997/2776/2236
s 1
f 1997/2776/2237 2001/2772/2233 1999/2773/2234 1995/2777/2238
s 0
f 1992/2778/2239 1996/2774/2239 1998/2775/2239 1994/2779/2239
f 1994/2779/2240 1998/2775/2240 1997/2776/2240 1993/2780/2240
s 1
f 1993/2780/2241 1997/2776/2237 1995/2777/2238 1991/2781/2242
s 0
f 1988/2782/2243 1992/2778/2243 1994/2779/2243 1990/2783/2243
f 1990/2783/2244 1994/2779/2244 1993/2780/2244 1989/2784/2244
s 1
f 1989/2784/2245 1993/2780/2241 1991/2781/2242 1987/2785/2246
s 0
f 1983/2523/2247 1988/2782/2247 1990/2783/2247 1985/2521/2247
f 1985/2521/2248 1990/2783/2248 1989/2784/2248 1986/2519/2248
s 1
f 1986/2519/1994 1989/2784/2245 1987/2785/2246 1984/2516/1991
f 2240/2786/2249 2243/2787/2250 2245/2788/2251 2242/2789/2252
f 2242/2789/2252 2245/2788/2251 2246/2790/2253 2241/2791/2254
f 2241/2792/2254 2246/2793/2253 2244/2794/2255 2239/2795/2256
f 2243/2787/2250 2247/2796/2257 2249/2797/2258 2245/2788/2251
f 2245/2788/2251 2249/2797/2258 2250/2798/2259 2246/2790/2253
f 2246/2793/2253 2250/2799/2259 2248/2800/2260 2244/2794/2255
f 2247/2796/2257 2251/2801/2261 2253/2802/2262 2249/2797/2258
f 2249/2797/2258 2253/2802/2262 2254/2803/2263 2250/2798/2259
f 2250/2799/2259 2254/2804/2263 2252/2805/2264 2248/2800/2260
f 2251/2801/2261 2255/2806/2265 2257/2807/2266 2253/2802/2262
f 2253/2802/2262 2257/2807/2266 2258/2808/2267 2254/2803/2263
f 2254/2804/2263 2258/2809/2267 2256/2810/2268 2252/2805/2264
f 2255/2806/2265 2259/2811/2269 2261/2812/2270 2257/2807/2266
f 2257/2807/2266 2261/2812/2270 2262/2813/2271 2258/2808/2267
f 2258/2809/2267 2262/2814/2271 2260/2815/2272 2256/2810/2268
f 2259/2811/2269 2263/2816/2273 2265/2817/2274 2261/2812/2270
f 2261/2812/2270 2265/2817/2274 2266/2818/2275 2262/2813/2271
f 2262/2814/2271 2266/2819/2275 2264/2820/2276 2260/2815/2272
f 2263/2816/2273 2267/2821/2277 2269/2822/2278 2265/2817/2274
f 2265/2817/2274 2269/2822/2278 2270/2823/2279 2266/2818/2275
f 2266/2819/2275 2270/2824/2279 2268/2825/2280 2264/2820/2276
f 2267/2821/2277 2271/2826/2281 2273/2827/2282 2269/2822/2278
f 2269/2822/2278 2273/2827/2282 2274/2828/2283 2270/2823/2279
f 2270/2824/2279 2274/2829/2283 2272/2830/2284 2268/2825/2280
f 2271/2826/2281 2275/2831/2285 2277/2832/2286 2273/2827/2282
f 2273/2833/2282 2277/2834/2286 2278/2835/2287 2274/2836/2283
f 2274/2836/2283 2278/2835/2287 2276/2837/2288 2272/2838/2284
f 2275/2831/2285 2279/2839/2289 2281/2840/2290 2277/2832/2286
f 2277/2834/2286 2281/2841/2290 2282/2842/2291 2278/2835/2287
f 2278/2835/2287 2282/2842/2291 2280/2843/2292 2276/2837/2288
f 2279/2839/2289 2283/2844/2293 2285/2845/2294 2281/2840/2290
f 2281/2841/2290 2285/2846/2294 2286/2847/2295 2282/2842/2291
f 2282/2842/2291 2286/2847/2295 2284/2848/2296 2280/2843/2292
f 2283/2844/2293 2287/2849/2297 2289/2850/2298 2285/2845/2294
f 2285/2846/2294 2289/2851/2298 2290/2852/2299 2286/2847/2295
f 2286/2847/2295 2290/2852/2299 2288/2853/2300 2284/2848/2296
f 2287/2849/2297 2291/2854/2301 2293/2855/2302 2289/2850/2298
f 2289/2851/2298 2293/2856/2302 2294/2857/2303 2290/2852/2299
f 2290/2852/2299 2294/2857/2303 2292/2858/2304 2288/2853/2300
f 2291/2854/2301 2295/2859/2305 2297/2860/2306 2293/2855/2302
f 2293/2856/2302 2297/2861/2306 2298/2862/2307 2294/2857/2303
f 2294/2857/2303 2298/2862/2307 2296/2863/2308 2292/2858/2304
f 2295/2859/2305 2299/2864/2309 2301/2865/2310 2297/2860/2306
f 2297/2861/2306 2301/2866/2310 2302/2867/2311 2298/2862/2307
f 2298/2862/2307 2302/2867/2311 2300/2868/2312 2296/2863/2308
f 2299/2869/2309 2303/2870/2313 2305/2871/2314 2301/2866/2310
f 2301/2866/2310 2305/2871/2314 2306/2872/2315 2302/2867/2311
f 2302/2867/2311 2306/2872/2315 2304/2873/2316 2300/2868/2312
f 2303/2870/2313 2307/2874/2317 2309/2875/2318 2305/2871/2314
f 2305/2871/2314 2309/2875/2318 2310/2876/2319 2306/2872/2315
f 2306/2872/2315 2310/2876/2319 2308/2877/2320 2304/2873/2316
f 2307/2878/2317 2311/2879/2321 2313/2880/2322 2309/2881/2318
f 2309/2875/2318 2313/2882/2322 2314/2883/2323 2310/2876/2319
f 2310/2876/2319 2314/2883/2323 2312/2884/2324 2308/2877/2320
f 2311/2879/2321 2315/2885/2325 2317/2886/2326 2313/2880/2322
f 2313/2882/2322 2317/2887/2326 2318/2888/2327 2314/2883/2323
f 2314/2883/2323 2318/2888/2327 2316/2889/2328 2312/2884/2324
f 2315/2885/2325 2319/2890/2329 2321/2891/2330 2317/2886/2326
f 2317/2887/2326 2321/2892/2330 2322/2893/2331 2318/2888/2327
f 2318/2888/2327 2322/2893/2331 2320/2894/2332 2316/2889/2328
f 2319/2890/2329 2323/2895/2333 2325/2896/2334 2321/2891/2330
f 2321/2892/2330 2325/2897/2334 2326/2898/2335 2322/2893/2331
f 2322/2893/2331 2326/2898/2335 2324/2899/2336 2320/2894/2332
f 2323/2895/2333 2327/2900/2337 2329/2901/2338 2325/2896/2334
f 2325/2897/2334 2329/2902/2338 2330/2903/2339 2326/2898/2335
f 2326/2898/2335 2330/2903/2339 2328/2904/2340 2324/2899/2336
f 2327/2900/2337 2331/2905/2341 2333/2906/2342 2329/2901/2338
f 2329/2902/2338 2333/2907/2342 2334/2908/2343 2330/2903/2339
f 2330/2903/2339 2334/2908/2343 2332/2909/2344 2328/2904/2340
f 2331/2905/2341 2335/2910/2345 2337/2911/2346 2333/2906/2342
f 2333/2907/2342 2337/2912/2346 2338/2913/2347 2334/2908/2343
f 2334/2908/2343 2338/2913/2347 2336/2914/2348 2332/2909/2344
f 2335/2910/2345 2339/2915/2349 2341/2916/2350 2337/2911/2346
f 2337/2911/2346 2341/2916/2350 2342/2917/2351 2338/2918/2347
f 2338/2919/2347 2342/2920/2351 2340/2921/2352 2336/2922/2348
f 2339/2915/2349 2343/2923/2353 2345/2924/2354 2341/2916/2350
f 2341/2916/2350 2345/2924/2354 2346/2925/2355 2342/2917/2351
f 2342/2920/2351 2346/2926/2355 2344/2927/2356 2340/2921/2352
f 2343/2923/2353 2347/2928/2357 2349/2929/2358 2345/2924/2354
f 2345/2924/2354 2349/2929/2358 2350/2930/2359 2346/2925/2355
f 2346/2926/2355 2350/2931/2359 2348/2932/2360 2344/2927/2356
f 2347/2928/2357 2351/2933/2361 2353/2934/2362 2349/2929/2358
f 2349/2929/2358 2353/2934/2362 2354/2935/2363 2350/2930/2359
f 2350/2931/2359 2354/2936/2363 2352/2937/2364 2348/2932/2360
f 2351/2933/2361 2355/2938/2365 2357/2939/2366 2353/2934/2362
f 2353/2934/2362 2357/2939/2366 2358/2940/2367 2354/2935/2363
f 2354/2936/2363 2358/2941/2367 2356/2942/2368 2352/2937/2364
f 2355/2938/2365 2359/2943/2369 2361/2944/2370 2357/2939/2366
f 2357/2939/2366 2361/2944/2370 2362/2945/2371 2358/2940/2367
f 2358/2941/2367 2362/2946/2371 2360/2947/2372 2356/2942/2368
f 2359/2943/2369 2363/2948/2373 2365/2949/2374 2361/2944/2370
f 2361/2944/2370 2365/2949/2374 2366/2950/2375 2362/2945/2371
f 2362/2946/2371 2366/2951/2375 2364/2952/2376 2360/2947/2372
f 2363/2948/2373 2367/2953/2377 2369/2954/2378 2365/2949/2374
f 2365/2949/2374 2369/2954/2378 2370/2955/2379 2366/2950/2375
f 2366/2951/2375 2370/2956/2379 2368/2957/2380 2364/2952/2376
f 2367/2953/2377 2371/2958/2381 2373/2959/2382 2369/2954/2378
f 2369/2954/2378 2373/2959/2382 2374/2960/2383 2370/2955/2379
f 2370/2956/2379 2374/2961/2383 2372/2962/2384 2368/2957/2380
f 2371/2958/2381 2375/2963/2385 2377/2964/2386 2373/2959/2382
f 2373/2959/2382 2377/2964/2386 2378/2965/2387 2374/2960/2383
f 2374/2961/2383 2378/2966/2387 2376/2967/2388 2372/2962/2384
f 2375/2963/2385 2379/2968/2389 2381/2969/2390 2377/2964/2386
f 2377/2964/2386 2381/2969/2390 2382/2970/2391 2378/2965/2387
f 2378/2966/2387 2382/2971/2391 2380/2972/2392 2376/2967/2388
f 2379/2968/2389 2383/2973/2393 2385/2974/2394 2381/2969/2390
f 2381/2969/2390 2385/2974/2394 2386/2975/2395 2382/2970/2391
f 2382/2971/2391 2386/2976/2395 2384/2977/2396 2380/2972/2392
f 2383/2973/2393 2387/2978/2397 2389/2979/2398 2385/2974/2394
f 2385/2974/2394 2389/2979/2398 2390/2980/2399 2386/2975/2395
f 2386/2976/2395 2390/2981/2399 2388/2982/2400 2384/2977/2396
f 2387/2978/2397 2391/2983/2401 2393/2984/2402 2389/2979/2398
f 2389/2979/2398 2393/2984/2402 2394/2985/2403 2390/2980/2399
f 2390/2981/2399 2394/2986/2403 2392/2987/2404 2388/2982/2400
f 2391/2983/2401 2395/2988/2405 2397/2989/2406 2393/2984/2402
f 2393/2984/2402 2397/2989/2406 2398/2990/2407 2394/2985/2403
f 2394/2986/2403 2398/2991/2407 2396/2992/2408 2392/2987/2404
f 2395/2988/2405 2399/2993/2409 2401/2994/2410 2397/2989/2406
f 2397/2989/2406 2401/2994/2410 2402/2995/2411 2398/2990/2407
f 2398/2991/2407 2402/2996/2411 2400/2997/2412 2396/2992/2408
f 2399/2993/2409 2403/2998/2413 2405/2999/2414 2401/2994/2410
f 2401/3000/2410 2405/3001/2414 2406/3002/2415 2402/3003/2411
f 2402/3003/2411 2406/3002/2415 2404/3004/2416 2400/3005/2412
f 2403/2998/2413 2407/3006/2417 2409/3007/2418 2405/2999/2414
f 2405/3001/2414 2409/3008/2418 2410/3009/2419 2406/3002/2415
f 2406/3002/2415 2410/3009/2419 2408/3010/2420 2404/3004/2416
f 2407/3006/2417 2411/3011/2421 2413/3012/2422 2409/3007/2418
f 2409/3008/2418 2413/3013/2422 2414/3014/2423 2410/3009/2419
f 2410/3009/2419 2414/3014/2423 2412/3015/2424 2408/3010/2420
f 2411/3011/2421 2415/3016/2425 2417/3017/2426 2413/3012/2422
f 2413/3013/2422 2417/3018/2426 2418/3019/2427 2414/3014/2423
f 2414/3014/2423 2418/3019/2427 2416/3020/2428 2412/3015/2424
f 2415/3016/2425 2419/3021/2429 2421/3022/2430 2417/3017/2426
f 2417/3018/2426 2421/3023/2430 2422/3024/2431 2418/3019/2427
f 2418/3019/2427 2422/3024/2431 2420/3025/2432 2416/3020/2428
f 2419/3021/2429 2423/3026/2433 2425/3027/2434 2421/3022/2430
f 2421/3023/2430 2425/3028/2434 2426/3029/2435 2422/3024/2431
f 2422/3024/2431 2426/3029/2435 2424/3030/2436 2420/3025/2432
f 2423/3026/2433 2427/3031/2437 2429/3032/2438 2425/3027/2434
f 2425/3028/2434 2429/3033/2438 2430/3034/2439 2426/3029/2435
f 2426/3029/2435 2430/3034/2439 2428/3035/2440 2424/3030/2436
f 2427/3036/2437 2431/3037/2441 2433/3038/2442 2429/3033/2438
f 2429/3033/2438 2433/3038/2442 2434/3039/2443 2430/3034/2439
f 2430/3034/2439 2434/3039/2443 2432/3040/2444 2428/3035/2440
f 2431/3037/2441 2435/3041/2445 2437/3042/2446 2433/3038/2442
f 2433/3038/2442 2437/3042/2446 2438/3043/2447 2434/3039/2443
f 2434/3039/2443 2438/3043/2447 2436/3044/2448 2432/3040/2444
f 2435/3045/2445 2439/3046/2449 2441/3047/2450 2437/3048/2446
f 2437/3042/2446 2441/3049/2450 2442/3050/2451 2438/3043/2447
f 2438/3043/2447 2442/3050/2451 2440/3051/2452 2436/3044/2448
f 2439/3046/2449 2443/3052/2453 2445/3053/2454 2441/3047/2450
f 2441/3049/2450 2445/3054/2454 2446/3055/2455 2442/3050/2451
f 2442/3050/2451 2446/3055/2455 2444/3056/2456 2440/3051/2452
f 2443/3052/2453 2447/3057/2457 2449/3058/2458 2445/3053/2454
f 2445/3054/2454 2449/3059/2458 2450/3060/2459 2446/3055/2455
f 2446/3055/2455 2450/3060/2459 2448/3061/2460 2444/3056/2456
f 2447/3057/2457 2451/3062/2461 2453/3063/2462 2449/3058/2458
f 2449/3059/2458 2453/3064/2462 2454/3065/2463 2450/3060/2459
f 2450/3060/2459 2454/3065/2463 2452/3066/2464 2448/3061/2460
f 2451/3062/2461 2455/3067/2465 2457/3068/2466 2453/3063/2462
f 2453/3064/2462 2457/3069/2466 2458/3070/2467 2454/3065/2463
f 2454/3065/2463 2458/3070/2467 2456/3071/2468 2452/3066/2464
f 2455/3067/2465 2459/3072/2469 2461/3073/2470 2457/3068/2466
f 2457/3069/2466 2461/3074/2470 2462/3075/2471 2458/3070/2467
f 2458/3070/2467 2462/3075/2471 2460/3076/2472 2456/3071/2468
f 2459/3072/2469 2463/3077/2473 2465/3078/2474 2461/3073/2470
f 2461/3074/2470 2465/3079/2474 2466/3080/2475 2462/3075/2471
f 2462/3075/2471 2466/3080/2475 2464/3081/2476 2460/3076/2472
f 2463/3077/2473 2467/3082/2477 2469/3083/2478 2465/3078/2474
f 2465/3078/2474 2469/3083/2478 2470/3084/2479 2466/3085/2475
f 2466/3086/2475 2470/3087/2479 2468/3088/2480 2464/3089/2476
f 2467/3082/2477 2471/3090/2481 2473/3091/2482 2469/3083/2478
f 2469/3083/2478 2473/3091/2482 2474/3092/2483 2470/3084/2479
f 2470/3087/2479 2474/3093/2483 2472/3094/2484 2468/3088/2480
f 2471/3090/2481 2475/3095/2485 2477/3096/2486 2473/3091/2482
f 2473/3091/2482 2477/3096/2486 2478/3097/2487 2474/3092/2483
f 2474/3093/2483 2478/3098/2487 2476/3099/2488 2472/3094/2484
f 2475/3095/2485 2479/3100/2489 2481/3101/2490 2477/3096/2486
f 2477/3096/2486 2481/3101/2490 2482/3102/2491 2478/3097/2487
f 2478/3098/2487 2482/3103/2491 2480/3104/2492 2476/3099/2488
f 2479/3100/2489 2483/3105/2493 2485/3106/2494 2481/3101/2490
f 2481/3101/2490 2485/3106/2494 2486/3107/2495 2482/3102/2491
f 2482/3103/2491 2486/3108/2495 2484/3109/2496 2480/3104/2492
f 2483/3105/2493 2487/3110/2497 2489/3111/2498 2485/3106/2494
f 2485/3106/2494 2489/3111/2498 2490/3112/2499 2486/3107/2495
f 2486/3108/2495 2490/3113/2499 2488/3114/2500 2484/3109/2496
f 2487/3110/2497 2491/3115/2501 2493/3116/2502 2489/3111/2498
f 2489/3111/2498 2493/3116/2502 2494/3117/2503 2490/3112/2499
f 2490/3113/2499 2494/3118/2503 2492/3119/2504 2488/3114/2500
f 2239/2795/2256 2492/3119/2504 2494/3118/2503 2241/2792/2254
f 2241/2791/2254 2494/3117/2503 2493/3116/2502 2242/2789/2252
f 2242/2789/2252 2493/3116/2502 2491/3115/2501 2240/2786/2249
f 2496/3120/2505 2500/3121/2506 2502/3122/2507 2498/3123/2508
f 2498/3123/2508 2502/3122/2507 2501/3124/2509 2497/3125/2510
s 0
f 2497/3126/2511 2501/3127/2511 2499/3128/2511 2495/3129/2511
s 1
f 2500/3121/2506 2504/3130/2512 2506/3131/2513 2502/3122/2507
f 2502/3122/2507 2506/3131/2513 2505/3132/2514 2501/3124/2509
s 0
f 2501/3127/2515 2505/3133/2515 2503/3134/2515 2499/3128/2515
s 1
f 2504/3130/2512 2508/3135/2516 2510/3136/2517 2506/3131/2513
f 2506/3131/2513 2510/3136/2517 2509/3137/2518 2505/3132/2514
s 0
f 2505/3133/2519 2509/3138/2519 2507/3139/2519 2503/3134/2519
s 1
f 2508/3135/2516 2512/3140/2520 2514/3141/2521 2510/3136/2517
f 2510/3136/2517 2514/3141/2521 2513/3142/2522 2509/3137/2518
s 0
f 2509/3138/2523 2513/3143/2523 2511/3144/2523 2507/3139/2523
s 1
f 2512/3140/2520 2516/3145/2524 2518/3146/2525 2514/3141/2521
f 2514/3141/2521 2518/3146/2525 2517/3147/2526 2513/3142/2522
s 0
f 2513/3143/2527 2517/3148/2527 2515/3149/2527 2511/3144/2527
s 1
f 2516/3145/2524 2520/3150/2528 2522/3151/2529 2518/3146/2525
f 2518/3146/2525 2522/3151/2529 2521/3152/2530 2517/3147/2526
s 0
f 2517/3148/2531 2521/3153/2531 2519/3154/2531 2515/3149/2531
s 1
f 2520/3150/2528 2524/3155/2532 2526/3156/2533 2522/3151/2529
f 2522/3151/2529 2526/3156/2533 2525/3157/2534 2521/3152/2530
s 0
f 2521/3153/2535 2525/3158/2535 2523/3159/2535 2519/3154/2535
s 1
f 2524/3155/2532 2528/3160/2536 2530/3161/2537 2526/3156/2533
f 2526/3156/2533 2530/3161/2537 2529/3162/2538 2525/3157/2534
s 0
f 2525/3158/2539 2529/3163/2539 2527/3164/2539 2523/3159/2539
s 1
f 2528/3165/2536 2532/3166/2540 2534/3167/2541 2530/3168/2537
f 2530/3168/2537 2534/3167/2541 2533/3169/2542 2529/3170/2538
s 0
f 2529/3163/2543 2533/3171/2543 2531/3172/2543 2527/3164/2543
s 1
f 2532/3166/2540 2536/3173/2544 2538/3174/2545 2534/3167/2541
f 2534/3167/2541 2538/3174/2545 2537/3175/2546 2533/3169/2542
s 0
f 2533/3171/2547 2537/3176/2547 2535/3177/2547 2531/3172/2547
s 1
f 2536/3173/2544 2540/3178/2548 2542/3179/2549 2538/3174/2545
f 2538/3174/2545 2542/3179/2549 2541/3180/2550 2537/3175/2546
s 0
f 2537/3176/2551 2541/3181/2551 2539/3182/2551 2535/3177/2551
s 1
f 2540/3178/2548 2544/3183/2552 2546/3184/2553 2542/3179/2549
f 2542/3179/2549 2546/3184/2553 2545/3185/2554 2541/3180/2550
s 0
f 2541/3181/2555 2545/3186/2555 2543/3187/2555 2539/3182/2555
s 1
f 2544/3183/2552 2548/3188/2556 2550/3189/2557 2546/3184/2553
f 2546/3184/2553 2550/3189/2557 2549/3190/2558 2545/3185/2554
s 0
f 2545/3186/2559 2549/3191/2559 2547/3192/2559 2543/3187/2559
s 1
f 2548/3188/2556 2552/3193/2560 2554/3194/2561 2550/3189/2557
f 2550/3189/2557 2554/3194/2561 2553/3195/2562 2549/3190/2558
s 0
f 2549/3191/2563 2553/3196/2563 2551/3197/2563 2547/3192/2563
s 1
f 2552/3193/2560 2556/3198/2564 2558/3199/2565 2554/3194/2561
f 2554/3194/2561 2558/3199/2565 2557/3200/2566 2553/3195/2562
s 0
f 2553/3196/2567 2557/3201/2567 2555/3202/2567 2551/3197/2567
s 1
f 2556/3198/2564 2560/3203/2568 2562/3204/2569 2558/3199/2565
f 2558/3199/2565 2562/3204/2569 2561/3205/2570 2557/3200/2566
s 0
f 2557/3201/2571 2561/3206/2571 2559/3207/2571 2555/3202/2571
s 1
f 2560/3203/2568 2564/3208/2572 2566/3209/2573 2562/3204/2569
f 2562/3204/2569 2566/3209/2573 2565/3210/2574 2561/3205/2570
s 0
f 2561/3206/2575 2565/3211/2575 2563/3212/2575 2559/3207/2575
s 1
f 2564/3208/2572 2568/3213/2576 2570/3214/2577 2566/3209/2573
f 2566/3209/2573 2570/3214/2577 2569/3215/2578 2565/3210/2574
s 0
f 2565/3211/2579 2569/3216/2579 2567/3217/2579 2563/3212/2579
s 1
f 2568/3213/2576 2572/3218/2580 2574/3219/2581 2570/3214/2577
f 2570/3214/2577 2574/3219/2581 2573/3220/2582 2569/3215/2578
s 0
f 2569/3216/2583 2573/3221/2583 2571/3222/2583 2567/3217/2583
s 1
f 2572/3218/2580 2576/3223/2584 2578/3224/2585 2574/3219/2581
f 2574/3219/2581 2578/3224/2585 2577/3225/2586 2573/3220/2582
s 0
f 2573/3221/2587 2577/3226/2587 2575/3227/2587 2571/3222/2587
s 1
f 2576/3223/2584 2580/3228/2588 2582/3229/2589 2578/3224/2585
f 2578/3224/2585 2582/3229/2589 2581/3230/2590 2577/3225/2586
s 0
f 2577/3226/2591 2581/3231/2591 2579/3232/2591 2575/3227/2591
s 1
f 2580/3228/2588 2584/3233/2592 2586/3234/2593 2582/3229/2589
f 2582/3229/2589 2586/3234/2593 2585/3235/2594 2581/3230/2590
s 0
f 2581/3231/2595 2585/3236/2595 2583/3237/2595 2579/3232/2595
s 1
f 2584/3233/2592 2588/3238/2596 2590/3239/2597 2586/3234/2593
f 2586/3234/2593 2590/3239/2597 2589/3240/2598 2585/3235/2594
s 0
f 2585/3236/2599 2589/3241/2599 2587/3242/2599 2583/3237/2599
s 1
f 2588/3238/2596 2592/3243/2600 2594/3244/2601 2590/3239/2597
f 2590/3239/2597 2594/3244/2601 2593/3245/2602 2589/3240/2598
s 0
f 2589/3241/2603 2593/3246/2603 2591/3247/2603 2587/3242/2603
s 1
f 2592/3248/2600 2596/3249/2604 2598/3250/2605 2594/3251/2601
f 2594/3251/2601 2598/3250/2605 2597/3252/2606 2593/3253/2602
s 0
f 2593/3246/2607 2597/3254/2607 2595/3255/2607 2591/3247/2607
s 1
f 2596/3249/2604 2600/3256/2608 2602/3257/2609 2598/3250/2605
f 2598/3250/2605 2602/3257/2609 2601/3258/2610 2597/3252/2606
s 0
f 2597/3254/2611 2601/3259/2611 2599/3260/2611 2595/3255/2611
s 1
f 2600/3256/2608 2604/3261/2612 2606/3262/2613 2602/3257/2609
f 2602/3257/2609 2606/3262/2613 2605/3263/2614 2601/3258/2610
s 0
f 2601/3259/2615 2605/3264/2615 2603/3265/2615 2599/3260/2615
s 1
f 2604/3261/2612 2608/3266/2616 2610/3267/2617 2606/3262/2613
f 2606/3262/2613 2610/3267/2617 2609/3268/2618 2605/3263/2614
s 0
f 2605/3264/2619 2609/3269/2619 2607/3270/2619 2603/3265/2619
s 1
f 2608/3266/2616 2612/3271/2620 2614/3272/2621 2610/3267/2617
f 2610/3267/2617 2614/3272/2621 2613/3273/2622 2609/3268/2618
s 0
f 2609/3269/2623 2613/3274/2623 2611/3275/2623 2607/3270/2623
s 1
f 2612/3271/2620 2616/3276/2624 2618/3277/2625 2614/3272/2621
f 2614/3272/2621 2618/3277/2625 2617/3278/2626 2613/3273/2622
s 0
f 2613/3274/2627 2617/3279/2627 2615/3280/2627 2611/3275/2627
s 1
f 2616/3276/2624 2620/3281/2628 2622/3282/2629 2618/3277/2625
f 2618/3277/2625 2622/3282/2629 2621/3283/2630 2617/3278/2626
s 0
f 2617/3279/2631 2621/3284/2631 2619/3285/2631 2615/3280/2631
s 1
f 2620/3281/2628 2624/3286/2632 2626/3287/2633 2622/3282/2629
f 2622/3282/2629 2626/3287/2633 2625/3288/2634 2621/3283/2630
s 0
f 2621/3284/2635 2625/3289/2635 2623/3290/2635 2619/3285/2635
s 1
f 2624/3286/2632 2628/3291/2636 2630/3292/2637 2626/3287/2633
f 2626/3287/2633 2630/3292/2637 2629/3293/2638 2625/3288/2634
s 0
f 2625/3289/2639 2629/3294/2639 2627/3295/2639 2623/3290/2639
s 1
f 2628/3291/2636 2632/3296/2640 2634/3297/2641 2630/3292/2637
f 2630/3292/2637 2634/3297/2641 2633/3298/2642 2629/3293/2638
s 0
f 2629/3294/2643 2633/3299/2643 2631/3300/2643 2627/3295/2643
s 1
f 2632/3296/2640 2636/3301/2644 2638/3302/2645 2634/3297/2641
f 2634/3297/2641 2638/3302/2645 2637/3303/2646 2633/3298/2642
s 0
f 2633/3299/2647 2637/3304/2647 2635/3305/2647 2631/3300/2647
s 1
f 2636/3301/2644 2640/3306/2648 2642/3307/2649 2638/3302/2645
f 2638/3302/2645 2642/3307/2649 2641/3308/2650 2637/3303/2646
s 0
f 2637/3304/2651 2641/3309/2651 2639/3310/2651 2635/3305/2651
s 1
f 2640/3306/2648 2644/3311/2652 2646/3312/2653 2642/3307/2649
f 2642/3307/2649 2646/3312/2653 2645/3313/2654 2641/3308/2650
s 0
f 2641/3309/2655 2645/3314/2655 2643/3315/2655 2639/3310/2655
s 1
f 2644/3311/2652 2648/3316/2656 2650/3317/2657 2646/3312/2653
f 2646/3312/2653 2650/3317/2657 2649/3318/2658 2645/3313/2654
s 0
f 2645/3314/2659 2649/3319/2659 2647/3320/2659 2643/3315/2659
s 1
f 2648/3316/2656 2652/3321/2660 2654/3322/2661 2650/3317/2657
f 2650/3317/2657 2654/3322/2661 2653/3323/2662 2649/3318/2658
s 0
f 2649/3319/2663 2653/3324/2663 2651/3325/2663 2647/3320/2663
s 1
f 2652/3321/2660 2656/3326/2664 2658/3327/2665 2654/3322/2661
f 2654/3322/2661 2658/3327/2665 2657/3328/2666 2653/3323/2662
s 0
f 2653/3324/2667 2657/3329/2667 2655/3330/2667 2651/3325/2667
s 1
f 2656/3331/2664 2660/3332/2668 2662/3333/2669 2658/3334/2665
f 2658/3334/2665 2662/3333/2669 2661/3335/2670 2657/3336/2666
s 0
f 2657/3329/2671 2661/3337/2671 2659/3338/2671 2655/3330/2671
s 1
f 2660/3332/2668 2664/3339/2672 2666/3340/2673 2662/3333/2669
f 2662/3333/2669 2666/3340/2673 2665/3341/2674 2661/3335/2670
s 0
f 2661/3337/2675 2665/3342/2675 2663/3343/2675 2659/3338/2675
s 1
f 2664/3339/2672 2668/3344/2676 2670/3345/2677 2666/3340/2673
f 2666/3340/2673 2670/3345/2677 2669/3346/2678 2665/3341/2674
s 0
f 2665/3342/2679 2669/3347/2679 2667/3348/2679 2663/3343/2679
s 1
f 2668/3344/2676 2672/3349/2680 2674/3350/2681 2670/3345/2677
f 2670/3345/2677 2674/3350/2681 2673/3351/2682 2669/3346/2678
s 0
f 2669/3347/2683 2673/3352/2683 2671/3353/2683 2667/3348/2683
s 1
f 2672/3349/2680 2676/3354/2684 2678/3355/2685 2674/3350/2681
f 2674/3350/2681 2678/3355/2685 2677/3356/2686 2673/3351/2682
s 0
f 2673/3352/2687 2677/3357/2687 2675/3358/2687 2671/3353/2687
s 1
f 2676/3354/2684 2680/3359/2688 2682/3360/2689 2678/3355/2685
f 2678/3355/2685 2682/3360/2689 2681/3361/2690 2677/3356/2686
s 0
f 2677/3357/2691 2681/3362/2691 2679/3363/2691 2675/3358/2691
s 1
f 2680/3359/2688 2684/3364/2692 2686/3365/2693 2682/3360/2689
f 2682/3360/2689 2686/3365/2693 2685/3366/2694 2681/3361/2690
s 0
f 2681/3362/2695 2685/3367/2695 2683/3368/2695 2679/3363/2695
s 1
f 2684/3364/2692 2688/3369/2696 2690/3370/2697 2686/3365/2693
f 2686/3365/2693 2690/3370/2697 2689/3371/2698 2685/3366/2694
s 0
f 2685/3367/2699 2689/3372/2699 2687/3373/2699 2683/3368/2699
s 1
f 2688/3369/2696 2692/3374/2700 2694/3375/2701 2690/3370/2697
f 2690/3370/2697 2694/3375/2701 2693/3376/2702 2689/3371/2698
s 0
f 2689/3372/2703 2693/3377/2703 2691/3378/2703 2687/3373/2703
s 1
f 2692/3374/2700 2696/3379/2704 2698/3380/2705 2694/3375/2701
f 2694/3375/2701 2698/3380/2705 2697/3381/2706 2693/3376/2702
s 0
f 2693/3377/2707 2697/3382/2707 2695/3383/2707 2691/3378/2707
s 1
f 2696/3379/2704 2700/3384/2708 2702/3385/2709 2698/3380/2705
f 2698/3380/2705 2702/3385/2709 2701/3386/2710 2697/3381/2706
s 0
f 2697/3382/2711 2701/3387/2711 2699/3388/2711 2695/3383/2711
s 1
f 2700/3384/2708 2704/3389/2712 2706/3390/2713 2702/3385/2709
f 2702/3385/2709 2706/3390/2713 2705/3391/2714 2701/3386/2710
s 0
f 2701/3387/2715 2705/3392/2715 2703/3393/2715 2699/3388/2715
s 1
f 2704/3389/2712 2708/3394/2716 2710/3395/2717 2706/3390/2713
f 2706/3390/2713 2710/3395/2717 2709/3396/2718 2705/3391/2714
s 0
f 2705/3392/2719 2709/3397/2719 2707/3398/2719 2703/3393/2719
s 1
f 2708/3394/2716 2712/3399/2720 2714/3400/2721 2710/3395/2717
f 2710/3395/2717 2714/3400/2721 2713/3401/2722 2709/3396/2718
s 0
f 2709/3397/2723 2713/3402/2723 2711/3403/2723 2707/3398/2723
s 1
f 2712/3399/2720 2716/3404/2724 2718/3405/2725 2714/3400/2721
f 2714/3400/2721 2718/3405/2725 2717/3406/2726 2713/3401/2722
s 0
f 2713/3402/2727 2717/3407/2727 2715/3408/2727 2711/3403/2727
s 1
f 2716/3404/2724 2720/3409/2728 2722/3410/2729 2718/3405/2725
f 2718/3405/2725 2722/3410/2729 2721/3411/2730 2717/3406/2726
s 0
f 2717/3407/2731 2721/3412/2731 2719/3413/2731 2715/3408/2731
s 1
f 2720/3414/2728 2724/3415/2732 2726/3416/2733 2722/3417/2729
f 2722/3417/2729 2726/3416/2733 2725/3418/2734 2721/3419/2730
s 0
f 2721/3412/2735 2725/3420/2735 2723/3421/2735 2719/3413/2735
s 1
f 2724/3415/2732 2728/3422/2736 2730/3423/2737 2726/3416/2733
f 2726/3416/2733 2730/3423/2737 2729/3424/2738 2725/3418/2734
s 0
f 2725/3420/2739 2729/3425/2739 2727/3426/2739 2723/3421/2739
s 1
f 2728/3422/2736 2732/3427/2740 2734/3428/2741 2730/3423/2737
f 2730/3423/2737 2734/3428/2741 2733/3429/2742 2729/3424/2738
s 0
f 2729/3425/2743 2733/3430/2743 2731/3431/2743 2727/3426/2743
s 1
f 2732/3427/2740 2736/3432/2744 2738/3433/2745 2734/3428/2741
f 2734/3428/2741 2738/3433/2745 2737/3434/2746 2733/3429/2742
s 0
f 2733/3430/2747 2737/3435/2747 2735/3436/2747 2731/3431/2747
s 1
f 2736/3432/2744 2740/3437/2748 2742/3438/2749 2738/3433/2745
f 2738/3433/2745 2742/3438/2749 2741/3439/2750 2737/3434/2746
s 0
f 2737/3435/2751 2741/3440/2751 2739/3441/2751 2735/3436/2751
s 1
f 2740/3437/2748 2744/3442/2752 2746/3443/2753 2742/3438/2749
f 2742/3438/2749 2746/3443/2753 2745/3444/2754 2741/3439/2750
s 0
f 2741/3440/2755 2745/3445/2755 2743/3446/2755 2739/3441/2755
s 1
f 2744/3442/2752 2748/3447/2756 2750/3448/2757 2746/3443/2753
f 2746/3443/2753 2750/3448/2757 2749/3449/2758 2745/3444/2754
s 0
f 2745/3445/2759 2749/3450/2759 2747/3451/2759 2743/3446/2759
f 2495/3129/2760 2747/3451/2760 2749/3450/2760 2497/3126/2760
s 1
f 2497/3125/2510 2749/3449/2758 2750/3448/2757 2498/3123/2508
f 2498/3123/2508 2750/3448/2757 2748/3447/2756 2496/3120/2505
f 2235/2517/1992 1984/2516/1991 2240/2786/2249 2491/3115/2501
s 0
f 2236/2522/2761 2232/2524/2761 2228/2528/2761 2224/2532/2761 2220/2536/2761 2216/2540/2761 2212/2544/2761 2208/2548/2761 2204/2552/2761 2200/2556/2761 2196/2560/2761 2192/2564/2761 2188/2568/2761 2184/2572/2761 2180/2576/2761 2176/2580/2761 2172/2588/2761 2168/2593/2761 2164/2599/2761 2160/2603/2761 2156/2607/2761 2152/2611/2761 2148/2615/2761 2144/2619/2761 2140/2623/2761 2136/2627/2761 2132/2631/2761 2128/2635/2761 2124/2639/2761 2120/2643/2761 2116/2647/2761 2112/2651/2761 2108/2655/2761 2104/2659/2761 2100/2663/2761 2096/2667/2761 2092/2671/2761 2088/2675/2761 2084/2679/2761 2080/2683/2761 2076/2687/2761 2072/2691/2761 2068/2695/2761 2064/2699/2761 2060/2703/2761 2056/2707/2761 2052/2711/2761 2048/2715/2761 2044/2723/2761 2040/2728/2761 2036/2734/2761 2032/2738/2761 2028/2742/2761 2024/2746/2761 2020/2750/2761 2016/2754/2761 2012/2758/2761 2008/2762/2761 2004/2766/2761 2000/2770/2761 1996/2774/2761 1992/2778/2761 1988/2782/2761 1983/2523/2761
s 1
f 1984/2516/1991 1987/2785/2246 2243/2787/2250 2240/2786/2249
f 1987/2785/2246 1991/2781/2242 2247/2796/2257 2243/2787/2250
f 1991/2781/2242 1995/2777/2238 2251/2801/2261 2247/2796/2257
f 1995/2777/2238 1999/2773/2234 2255/2806/2265 2251/2801/2261
f 1999/2773/2234 2003/2769/2230 2259/2811/2269 2255/2806/2265
f 2003/2769/2230 2007/2765/2226 2263/2816/2273 2259/2811/2269
f 2007/2765/2226 2011/2761/2222 2267/2821/2277 2263/2816/2273
f 2011/2761/2222 2015/2757/2218 2271/2826/2281 2267/2821/2277
f 2015/2757/2218 2019/2753/2214 2275/2831/2285 2271/2826/2281
f 2019/2753/2214 2023/2749/2210 2279/2839/2289 2275/2831/2285
f 2023/2749/2210 2027/2745/2206 2283/2844/2293 2279/2839/2289
f 2027/2745/2206 2031/2741/2202 2287/2849/2297 2283/2844/2293
f 2031/2741/2202 2035/2737/2198 2291/2854/2301 2287/2849/2297
f 2035/2737/2198 2039/2733/2194 2295/2859/2305 2291/2854/2301
f 2039/2733/2194 2043/2732/2190 2299/2864/2309 2295/2859/2305
f 2043/2727/2190 2047/2722/2186 2303/2870/2313 2299/2869/2309
f 2047/2722/2186 2051/2721/2181 2307/2874/2317 2303/2870/2313
f 2051/2714/2181 2055/2710/2177 2311/2879/2321 2307/2878/2317
f 2055/2710/2177 2059/2706/2173 2315/2885/2325 2311/2879/2321
f 2059/2706/2173 2063/2702/2169 2319/2890/2329 2315/2885/2325
f 2063/2702/2169 2067/2698/2165 2323/2895/2333 2319/2890/2329
f 2067/2698/2165 2071/2694/2161 2327/2900/2337 2323/2895/2333
f 2071/2694/2161 2075/2690/2157 2331/2905/2341 2327/2900/2337
f 2075/2690/2157 2079/2686/2153 2335/2910/2345 2331/2905/2341
f 2079/2686/2153 2083/2682/2149 2339/2915/2349 2335/2910/2345
f 2083/2682/2149 2087/2678/2145 2343/2923/2353 2339/2915/2349
f 2087/2678/2145 2091/2674/2141 2347/2928/2357 2343/2923/2353
f 2091/2674/2141 2095/2670/2137 2351/2933/2361 2347/2928/2357
f 2095/2670/2137 2099/2666/2133 2355/2938/2365 2351/2933/2361
f 2099/2666/2133 2103/2662/2129 2359/2943/2369 2355/2938/2365
f 2103/2662/2129 2107/2658/2125 2363/2948/2373 2359/2943/2369
f 2107/2658/2125 2111/2654/2121 2367/2953/2377 2363/2948/2373
f 2111/2654/2121 2115/2650/2117 2371/2958/2381 2367/2953/2377
f 2115/2650/2117 2119/2646/2113 2375/2963/2385 2371/2958/2381
f 2119/2646/2113 2123/2642/2109 2379/2968/2389 2375/2963/2385
f 2123/2642/2109 2127/2638/2105 2383/2973/2393 2379/2968/2389
f 2127/2638/2105 2131/2634/2101 2387/2978/2397 2383/2973/2393
f 2131/2634/2101 2135/2630/2097 2391/2983/2401 2387/2978/2397
f 2135/2630/2097 2139/2626/2093 2395/2988/2405 2391/2983/2401
f 2139/2626/2093 2143/2622/2089 2399/2993/2409 2395/2988/2405
f 2143/2622/2089 2147/2618/2085 2403/2998/2413 2399/2993/2409
f 2147/2618/2085 2151/2614/2081 2407/3006/2417 2403/2998/2413
f 2151/2614/2081 2155/2610/2077 2411/3011/2421 2407/3006/2417
f 2155/2610/2077 2159/2606/2073 2415/3016/2425 2411/3011/2421
f 2159/2606/2073 2163/2602/2069 2419/3021/2429 2415/3016/2425
f 2163/2602/2069 2167/2598/2065 2423/3026/2433 2419/3021/2429
f 2167/2598/2065 2171/2597/2061 2427/3031/2437 2423/3026/2433
f 2171/2592/2061 2175/2587/2057 2431/3037/2441 2427/3036/2437
f 2175/2587/2057 2179/2586/2052 2435/3041/2445 2431/3037/2441
f 2179/2579/2052 2183/2575/2048 2439/3046/2449 2435/3045/2445
f 2183/2575/2048 2187/2571/2044 2443/3052/2453 2439/3046/2449
f 2187/2571/2044 2191/2567/2040 2447/3057/2457 2443/3052/2453
f 2191/2567/2040 2195/2563/2036 2451/3062/2461 2447/3057/2457
f 2195/2563/2036 2199/2559/2032 2455/3067/2465 2451/3062/2461
f 2199/2559/2032 2203/2555/2028 2459/3072/2469 2455/3067/2465
f 2203/2555/2028 2207/2551/2024 2463/3077/2473 2459/3072/2469
f 2207/2551/2024 2211/2547/2020 2467/3082/2477 2463/3077/2473
f 2211/2547/2020 2215/2543/2016 2471/3090/2481 2467/3082/2477
f 2215/2543/2016 2219/2539/2012 2475/3095/2485 2471/3090/2481
f 2219/2539/2012 2223/2535/2008 2479/3100/2489 2475/3095/2485
f 2223/2535/2008 2227/2531/2004 2483/3105/2493 2479/3100/2489
f 2227/2531/2004 2231/2527/2000 2487/3110/2497 2483/3105/2493
f 2231/2527/2000 2235/2517/1992 2491/3115/2501 2487/3110/2497
f 2492/3119/2504 2239/2795/2256 2496/3120/2505 2748/3447/2756
f 2239/2795/2256 2244/2794/2255 2500/3121/2506 2496/3120/2505
f 2244/2794/2255 2248/2800/2260 2504/3130/2512 2500/3121/2506
f 2248/2800/2260 2252/2805/2264 2508/3135/2516 2504/3130/2512
f 2252/2805/2264 2256/2810/2268 2512/3140/2520 2508/3135/2516
f 2256/2810/2268 2260/2815/2272 2516/3145/2524 2512/3140/2520
f 2260/2815/2272 2264/2820/2276 2520/3150/2528 2516/3145/2524
f 2264/2820/2276 2268/2825/2280 2524/3155/2532 2520/3150/2528
f 2268/2825/2280 2272/2830/2284 2528/3160/2536 2524/3155/2532
f 2272/2838/2284 2276/2837/2288 2532/3166/2540 2528/3165/2536
f 2276/2837/2288 2280/2843/2292 2536/3173/2544 2532/3166/2540
f 2280/2843/2292 2284/2848/2296 2540/3178/2548 2536/3173/2544
f 2284/2848/2296 2288/2853/2300 2544/3183/2552 2540/3178/2548
f 2288/2853/2300 2292/2858/2304 2548/3188/2556 2544/3183/2552
f 2292/2858/2304 2296/2863/2308 2552/3193/2560 2548/3188/2556
f 2296/2863/2308 2300/2868/2312 2556/3198/2564 2552/3193/2560
f 2300/2868/2312 2304/2873/2316 2560/3203/2568 2556/3198/2564
f 2304/2873/2316 2308/2877/2320 2564/3208/2572 2560/3203/2568
f 2308/2877/2320 2312/2884/2324 2568/3213/2576 2564/3208/2572
f 2312/2884/2324 2316/2889/2328 2572/3218/2580 2568/3213/2576
f 2316/2889/2328 2320/2894/2332 2576/3223/2584 2572/3218/2580
f 2320/2894/2332 2324/2899/2336 2580/3228/2588 2576/3223/2584
f 2324/2899/2336 2328/2904/2340 2584/3233/2592 2580/3228/2588
f 2328/2904/2340 2332/2909/2344 2588/3238/2596 2584/3233/2592
f 2332/2909/2344 2336/2914/2348 2592/3243/2600 2588/3238/2596
f 2336/2922/2348 2340/2921/2352 2596/3249/2604 2592/3248/2600
f 2340/2921/2352 2344/2927/2356 2600/3256/2608 2596/3249/2604
f 2344/2927/2356 2348/2932/2360 2604/3261/2612 2600/3256/2608
f 2348/2932/2360 2352/2937/2364 2608/3266/2616 2604/3261/2612
f 2352/2937/2364 2356/2942/2368 2612/3271/2620 2608/3266/2616
f 2356/2942/2368 2360/2947/2372 2616/3276/2624 2612/3271/2620
f 2360/2947/2372 2364/2952/2376 2620/3281/2628 2616/3276/2624
f 2364/2952/2376 2368/2957/2380 2624/3286/2632 2620/3281/2628
f 2368/2957/2380 2372/2962/2384 2628/3291/2636 2624/3286/2632
f 2372/2962/2384 2376/2967/2388 2632/3296/2640 2628/3291/2636
f 2376/2967/2388 2380/2972/2392 2636/3301/2644 2632/3296/2640
f 2380/2972/2392 2384/2977/2396 2640/3306/2648 2636/3301/2644
f 2384/2977/2396 2388/2982/2400 2644/3311/2652 2640/3306/2648
f 2388/2982/2400 2392/2987/2404 2648/3316/2656 2644/3311/2652
f 2392/2987/2404 2396/2992/2408 2652/3321/2660 2648/3316/2656
f 2396/2992/2408 2400/2997/2412 2656/3326/2664 2652/3321/2660
f 2400/3005/2412 2404/3004/2416 2660/3332/2668 2656/3331/2664
f 2404/3004/2416 2408/3010/2420 2664/3339/2672 2660/3332/2668
f 2408/3010/2420 2412/3015/2424 2668/3344/2676 2664/3339/2672
f 2412/3015/2424 2416/3020/2428 2672/3349/2680 2668/3344/2676
f 2416/3020/2428 2420/3025/2432 2676/3354/2684 2672/3349/2680
f 2420/3025/2432 2424/3030/2436 2680/3359/2688 2676/3354/2684
f 2424/3030/2436 2428/3035/2440 2684/3364/2692 2680/3359/2688
f 2428/3035/2440 2432/3040/2444 2688/3369/2696 2684/3364/2692
f 2432/3040/2444 2436/3044/2448 2692/3374/2700 2688/3369/2696
f 2436/3044/2448 2440/3051/2452 2696/3379/2704 2692/3374/2700
f 2440/3051/2452 2444/3056/2456 2700/3384/2708 2696/3379/2704
f 2444/3056/2456 2448/3061/2460 2704/3389/2712 2700/3384/2708
f 2448/3061/2460 2452/3066/2464 2708/3394/2716 2704/3389/2712
f 2452/3066/2464 2456/3071/2468 2712/3399/2720 2708/3394/2716
f 2456/3071/2468 2460/3076/2472 2716/3404/2724 2712/3399/2720
f 2460/3076/2472 2464/3081/2476 2720/3409/2728 2716/3404/2724
f 2464/3089/2476 2468/3088/2480 2724/3415/2732 2720/3414/2728
f 2468/3088/2480 2472/3094/2484 2728/3422/2736 2724/3415/2732
f 2472/3094/2484 2476/3099/2488 2732/3427/2740 2728/3422/2736
f 2476/3099/2488 2480/3104/2492 2736/3432/2744 2732/3427/2740
f 2480/3104/2492 2484/3109/2496 2740/3437/2748 2736/3432/2744
f 2484/3109/2496 2488/3114/2500 2744/3442/2752 2740/3437/2748
f 2488/3114/2500 2492/3119/2504 2748/3447/2756 2744/3442/2752
s 0
f 2495/3129/2762 2499/3128/2762 2503/3134/2762 2507/3139/2762 2511/3144/2762 2515/3149/2762 2519/3154/2762 2523/3159/2762 2527/3164/2762 2531/3172/2762 2535/3177/2762 2539/3182/2762 2543/3187/2762 2547/3192/2762 2551/3197/2762 2555/3202/2762 2559/3207/2762 2563/3212/2762 2567/3217/2762 2571/3222/2762 2575/3227/2762 2579/3232/2762 2583/3237/2762 2587/3242/2762 2591/3247/2762 2595/3255/2762 2599/3260/2762 2603/3265/2762 2607/3270/2762 2611/3275/2762 2615/3280/2762 2619/3285/2762 2623/3290/2762 2627/3295/2762 2631/3300/2762 2635/3305/2762 2639/3310/2762 2643/3315/2762 2647/3320/2762 2651/3325/2762 2655/3330/2762 2659/3338/2762 2663/3343/2762 2667/3348/2762 2671/3353/2762 2675/3358/2762 2679/3363/2762 2683/3368/2762 2687/3373/2762 2691/3378/2762 2695/3383/2762 2699/3388/2762 2703/3393/2762 2707/3398/2762 2711/3403/2762 2715/3408/2762 2719/3413/2762 2723/3421/2762 2727/3426/2762 2731/3431/2762 2735/3436/2762 2739/3441/2762 2743/3446/2762 2747/3451/2762
o Ground_cross_peen_tip
v 0.068000 0.005548 -0.294238
v 0.068000 0.005602 -0.295222
v 0.068000 0.005697 -0.295577
v 0.068000 0.005847 -0.295836
v 0.068000 0.006056 -0.296043
v 0.068000 0.006324 -0.296215
v 0.068000 0.006654 -0.296360
v 0.068000 0.007049 -0.296483
v 0.068000 0.007514 -0.296585
v 0.068000 0.008054 -0.296670
v 0.068000 0.008680 -0.296737
v 0.068000 0.009403 -0.296789
v 0.068000 0.010247 -0.296823
v 0.068000 0.011250 -0.296841
v 0.068000 0.012489 -0.296841
v 0.068000 0.014174 -0.296817
v 0.068000 0.018814 -0.296707
v 0.068000 0.023454 -0.296585
v 0.068000 0.025138 -0.296525
v 0.068000 0.026376 -0.296463
v 0.068000 0.027377 -0.296395
v 0.068000 0.028218 -0.296318
v 0.068000 0.028938 -0.296231
v 0.068000 0.029559 -0.296132
v 0.068000 0.030095 -0.296021
v 0.068000 0.030554 -0.295895
v 0.068000 0.030942 -0.295753
v 0.068000 0.031265 -0.295592
v 0.068000 0.031524 -0.295406
v 0.068000 0.031722 -0.295189
v 0.068000 0.031859 -0.294923
v 0.068000 0.031936 -0.294563
v 0.068000 0.031940 -0.293578
v 0.068000 0.031887 -0.292595
v 0.068000 0.031792 -0.292239
v 0.068000 0.031641 -0.291980
v 0.068000 0.031433 -0.291773
v 0.068000 0.031165 -0.291601
v 0.068000 0.030835 -0.291456
v 0.068000 0.030440 -0.291333
v 0.068000 0.029975 -0.291231
v 0.068000 0.029434 -0.291146
v 0.068000 0.028809 -0.291079
v 0.068000 0.028085 -0.291028
v 0.068000 0.027242 -0.290993
v 0.068000 0.026239 -0.290975
v 0.068000 0.025000 -0.290975
v 0.068000 0.023315 -0.290999
v 0.068000 0.018674 -0.291109
v 0.068000 0.014034 -0.291231
v 0.068000 0.012350 -0.291291
v 0.068000 0.011112 -0.291353
v 0.068000 0.010112 -0.291421
v 0.068000 0.009271 -0.291498
v 0.068000 0.008551 -0.291585
v 0.068000 0.007930 -0.291684
v 0.068000 0.007394 -0.291796
v 0.068000 0.006935 -0.291921
v 0.068000 0.006546 -0.292063
v 0.068000 0.006224 -0.292224
v 0.068000 0.005965 -0.292410
v 0.068000 0.005767 -0.292627
v 0.068000 0.005630 -0.292894
v 0.068000 0.005552 -0.293253
v 0.061000 0.004849 -0.294256
v 0.061295 0.004591 -0.294262
v 0.061039 0.004704 -0.294259
v 0.061147 0.004610 -0.294262
v 0.061294 0.004666 -0.296054
v 0.061000 0.004924 -0.296059
v 0.061147 0.004686 -0.296068
v 0.061039 0.004780 -0.296070
v 0.061294 0.004775 -0.296702
v 0.061000 0.005026 -0.296678
v 0.061147 0.004794 -0.296717
v 0.061039 0.004886 -0.296708
v 0.061293 0.004941 -0.297177
v 0.061000 0.005175 -0.297110
v 0.061147 0.004958 -0.297189
v 0.061039 0.005044 -0.297165
v 0.061292 0.005169 -0.297559
v 0.061000 0.005373 -0.297447
v 0.061146 0.005182 -0.297568
v 0.061039 0.005257 -0.297527
v 0.061291 0.005459 -0.297877
v 0.061000 0.005627 -0.297729
v 0.061145 0.005468 -0.297884
v 0.061039 0.005529 -0.297829
v 0.061289 0.005816 -0.298148
v 0.061000 0.005945 -0.297973
v 0.061145 0.005820 -0.298153
v 0.061039 0.005867 -0.298089
v 0.061288 0.006242 -0.298379
v 0.061000 0.006336 -0.298188
v 0.061144 0.006242 -0.298383
v 0.061039 0.006276 -0.298313
v 0.061287 0.006743 -0.298574
v 0.061000 0.006807 -0.298375
v 0.061144 0.006739 -0.298579
v 0.061038 0.006763 -0.298506
v 0.061286 0.007324 -0.298739
v 0.061000 0.007365 -0.298535
v 0.061143 0.007318 -0.298744
v 0.061038 0.007333 -0.298669
v 0.061285 0.007997 -0.298874
v 0.061000 0.008019 -0.298669
v 0.061143 0.007989 -0.298880
v 0.061038 0.007997 -0.298805
v 0.061285 0.008774 -0.298981
v 0.061000 0.008781 -0.298776
v 0.061142 0.008765 -0.298987
v 0.061038 0.008768 -0.298912
v 0.061284 0.009680 -0.299060
v 0.061000 0.009677 -0.298856
v 0.061142 0.009671 -0.299067
v 0.061038 0.009670 -0.298993
v 0.061284 0.010756 -0.299112
v 0.061000 0.010745 -0.298908
v 0.061142 0.010747 -0.299120
v 0.061038 0.010743 -0.299045
v 0.061284 0.012086 -0.299135
v 0.061000 0.012070 -0.298931
v 0.061142 0.012078 -0.299143
v 0.061038 0.012072 -0.299068
v 0.061284 0.013894 -0.299123
v 0.061000 0.013877 -0.298920
v 0.061142 0.013888 -0.299131
v 0.061038 0.013881 -0.299057
v 0.061284 0.018872 -0.299009
v 0.061000 0.018867 -0.298807
v 0.061142 0.018872 -0.299018
v 0.061038 0.018870 -0.298944
v 0.061284 0.023849 -0.298874
v 0.061000 0.023856 -0.298671
v 0.061142 0.023856 -0.298882
v 0.061038 0.023859 -0.298807
v 0.061284 0.025655 -0.298795
v 0.061000 0.025661 -0.298592
v 0.061142 0.025664 -0.298803
v 0.061038 0.025666 -0.298729
v 0.061284 0.026982 -0.298706
v 0.061000 0.026984 -0.298502
v 0.061142 0.026992 -0.298714
v 0.061038 0.026992 -0.298639
v 0.061284 0.028055 -0.298601
v 0.061000 0.028048 -0.298396
v 0.061142 0.028064 -0.298608
v 0.061038 0.028062 -0.298533
v 0.061285 0.028956 -0.298476
v 0.061000 0.028938 -0.298272
v 0.061142 0.028965 -0.298482
v 0.061038 0.028958 -0.298407
v 0.061285 0.029727 -0.298331
v 0.061000 0.029695 -0.298127
v 0.061143 0.029735 -0.298336
v 0.061038 0.029723 -0.298261
v 0.061286 0.030391 -0.298162
v 0.061000 0.030341 -0.297961
v 0.061143 0.030398 -0.298167
v 0.061038 0.030379 -0.298093
v 0.061287 0.030964 -0.297969
v 0.061000 0.030890 -0.297773
v 0.061144 0.030968 -0.297973
v 0.061038 0.030941 -0.297901
v 0.061288 0.031454 -0.297748
v 0.061000 0.031351 -0.297563
v 0.061144 0.031455 -0.297752
v 0.061039 0.031417 -0.297684
v 0.061289 0.031868 -0.297497
v 0.061000 0.031731 -0.297328
v 0.061145 0.031865 -0.297502
v 0.061039 0.031814 -0.297440
v 0.061291 0.032211 -0.297209
v 0.061000 0.032037 -0.297068
v 0.061145 0.032203 -0.297215
v 0.061039 0.032139 -0.297164
v 0.061292 0.032486 -0.296876
v 0.061000 0.032275 -0.296774
v 0.061146 0.032473 -0.296885
v 0.061039 0.032396 -0.296848
v 0.061293 0.032694 -0.296483
v 0.061000 0.032456 -0.296427
v 0.061147 0.032677 -0.296496
v 0.061039 0.032590 -0.296476
v 0.061294 0.032836 -0.296001
v 0.061000 0.032584 -0.295989
v 0.061147 0.032818 -0.296016
v 0.061039 0.032725 -0.296012
v 0.061294 0.032912 -0.295347
v 0.061000 0.032655 -0.295366
v 0.061147 0.032893 -0.295363
v 0.061039 0.032799 -0.295369
v 0.061295 0.032898 -0.293554
v 0.061000 0.032640 -0.293561
v 0.061147 0.032879 -0.293555
v 0.061039 0.032784 -0.293557
v 0.061294 0.032822 -0.291763
v 0.061000 0.032564 -0.291757
v 0.061147 0.032803 -0.291748
v 0.061039 0.032708 -0.291746
v 0.061294 0.032714 -0.291114
v 0.061000 0.032462 -0.291139
v 0.061147 0.032695 -0.291099
v 0.061039 0.032603 -0.291108
v 0.061293 0.032547 -0.290639
v 0.061000 0.032313 -0.290707
v 0.061147 0.032530 -0.290627
v 0.061039 0.032445 -0.290652
v 0.061292 0.032320 -0.290258
v 0.061000 0.032115 -0.290370
v 0.061146 0.032307 -0.290248
v 0.061039 0.032232 -0.290289
v 0.061291 0.032029 -0.289939
v 0.061000 0.031862 -0.290088
v 0.061145 0.032021 -0.289932
v 0.061039 0.031959 -0.289987
v 0.061289 0.031673 -0.289668
v 0.061000 0.031544 -0.289843
v 0.061145 0.031669 -0.289663
v 0.061039 0.031622 -0.289727
v 0.061288 0.031246 -0.289438
v 0.061000 0.031153 -0.289628
v 0.061144 0.031247 -0.289433
v 0.061039 0.031212 -0.289503
v 0.061287 0.030746 -0.289242
v 0.061000 0.030682 -0.289441
v 0.061144 0.030749 -0.289237
v 0.061038 0.030726 -0.289310
v 0.061286 0.030164 -0.289077
v 0.061000 0.030124 -0.289281
v 0.061143 0.030170 -0.289072
v 0.061038 0.030156 -0.289147
v 0.061285 0.029492 -0.288942
v 0.061000 0.029470 -0.289147
v 0.061143 0.029500 -0.288937
v 0.061038 0.029492 -0.289012
v 0.061285 0.028715 -0.288835
v 0.061000 0.028707 -0.289041
v 0.061142 0.028723 -0.288829
v 0.061038 0.028721 -0.288904
v 0.061284 0.027809 -0.288756
v 0.061000 0.027812 -0.288961
v 0.061142 0.027818 -0.288749
v 0.061038 0.027819 -0.288824
v 0.061284 0.026732 -0.288704
v 0.061000 0.026744 -0.288908
v 0.061142 0.026741 -0.288696
v 0.061038 0.026746 -0.288771
v 0.061284 0.025402 -0.288682
v 0.061000 0.025418 -0.288885
v 0.061142 0.025411 -0.288673
v 0.061038 0.025417 -0.288748
v 0.061284 0.023594 -0.288694
v 0.061000 0.023612 -0.288896
v 0.061142 0.023601 -0.288685
v 0.061038 0.023607 -0.288759
v 0.061284 0.018617 -0.288807
v 0.061000 0.018622 -0.289010
v 0.061142 0.018617 -0.288799
v 0.061038 0.018618 -0.288873
v 0.061284 0.013640 -0.288942
v 0.061000 0.013633 -0.289146
v 0.061142 0.013633 -0.288934
v 0.061038 0.013630 -0.289009
v 0.061284 0.011833 -0.289021
v 0.061000 0.011828 -0.289225
v 0.061142 0.011825 -0.289013
v 0.061038 0.011823 -0.289088
v 0.061284 0.010506 -0.289110
v 0.061000 0.010505 -0.289314
v 0.061142 0.010497 -0.289103
v 0.061038 0.010496 -0.289177
v 0.061284 0.009434 -0.289215
v 0.061000 0.009441 -0.289420
v 0.061142 0.009424 -0.289209
v 0.061038 0.009427 -0.289284
v 0.061285 0.008533 -0.289340
v 0.061000 0.008550 -0.289545
v 0.061142 0.008524 -0.289334
v 0.061038 0.008530 -0.289409
v 0.061285 0.007762 -0.289486
v 0.061000 0.007794 -0.289689
v 0.061143 0.007754 -0.289480
v 0.061038 0.007766 -0.289555
v 0.061286 0.007097 -0.289654
v 0.061000 0.007148 -0.289855
v 0.061143 0.007091 -0.289649
v 0.061038 0.007109 -0.289723
v 0.061287 0.006525 -0.289847
v 0.061000 0.006599 -0.290043
v 0.061144 0.006521 -0.289843
v 0.061038 0.006548 -0.289915
v 0.061288 0.006034 -0.290068
v 0.061000 0.006137 -0.290254
v 0.061144 0.006034 -0.290064
v 0.061039 0.006072 -0.290132
v 0.061289 0.005620 -0.290320
v 0.061000 0.005757 -0.290488
v 0.061145 0.005624 -0.290315
v 0.061039 0.005674 -0.290376
v 0.061291 0.005277 -0.290608
v 0.061000 0.005452 -0.290748
v 0.061145 0.005286 -0.290601
v 0.061039 0.005350 -0.290652
v 0.061292 0.005003 -0.290941
v 0.061000 0.005213 -0.291042
v 0.061146 0.005016 -0.290931
v 0.061039 0.005093 -0.290968
v 0.061293 0.004795 -0.291333
v 0.061000 0.005032 -0.291389
v 0.061147 0.004811 -0.291320
v 0.061039 0.004898 -0.291340
v 0.061294 0.004653 -0.291816
v 0.061000 0.004905 -0.291828
v 0.061147 0.004671 -0.291800
v 0.061039 0.004763 -0.291804
v 0.061294 0.004577 -0.292469
v 0.061000 0.004834 -0.292450
v 0.061147 0.004595 -0.292454
v 0.061039 0.004690 -0.292447
v 0.069000 0.006548 -0.294213
v 0.068744 0.006069 -0.294225
v 0.068966 0.006374 -0.294217
v 0.068872 0.006199 -0.294222
v 0.069000 0.006594 -0.295012
v 0.068744 0.006118 -0.295104
v 0.068966 0.006421 -0.295043
v 0.068872 0.006247 -0.295077
v 0.069000 0.006661 -0.295242
v 0.068743 0.006209 -0.295422
v 0.068966 0.006500 -0.295312
v 0.068872 0.006334 -0.295378
v 0.069000 0.006759 -0.295394
v 0.068743 0.006353 -0.295653
v 0.068965 0.006620 -0.295500
v 0.068871 0.006471 -0.295595
v 0.069000 0.006902 -0.295523
v 0.068741 0.006551 -0.295838
v 0.068965 0.006790 -0.295655
v 0.068871 0.006662 -0.295770
v 0.069000 0.007109 -0.295643
v 0.068739 0.006807 -0.295992
v 0.068965 0.007021 -0.295789
v 0.068870 0.006910 -0.295917
v 0.069000 0.007386 -0.295753
v 0.068737 0.007123 -0.296122
v 0.068965 0.007316 -0.295906
v 0.068868 0.007219 -0.296042
v 0.069000 0.007733 -0.295849
v 0.068735 0.007501 -0.296232
v 0.068964 0.007677 -0.296007
v 0.068867 0.007592 -0.296148
v 0.069000 0.008154 -0.295932
v 0.068732 0.007946 -0.296324
v 0.068964 0.008108 -0.296093
v 0.068866 0.008032 -0.296236
v 0.069000 0.008650 -0.296001
v 0.068731 0.008464 -0.296399
v 0.068964 0.008613 -0.296164
v 0.068865 0.008545 -0.296309
v 0.069000 0.009231 -0.296057
v 0.068729 0.009065 -0.296459
v 0.068964 0.009200 -0.296220
v 0.068865 0.009139 -0.296368
v 0.069000 0.009907 -0.296099
v 0.068728 0.009759 -0.296504
v 0.068964 0.009882 -0.296263
v 0.068864 0.009828 -0.296411
v 0.069000 0.010699 -0.296126
v 0.068727 0.010570 -0.296535
v 0.068963 0.010679 -0.296291
v 0.068863 0.010632 -0.296440
v 0.069000 0.011642 -0.296139
v 0.068726 0.011534 -0.296549
v 0.068963 0.011627 -0.296304
v 0.068863 0.011588 -0.296454
v 0.069000 0.012811 -0.296136
v 0.068726 0.012725 -0.296547
v 0.068963 0.012801 -0.296301
v 0.068863 0.012769 -0.296452
v 0.069000 0.014404 -0.296112
v 0.068725 0.014345 -0.296523
v 0.068963 0.014398 -0.296277
v 0.068863 0.014377 -0.296427
v 0.069000 0.018797 -0.296007
v 0.068725 0.018807 -0.296417
v 0.068963 0.018801 -0.296172
v 0.068863 0.018805 -0.296322
v 0.069000 0.023190 -0.295892
v 0.068725 0.023269 -0.296300
v 0.068963 0.023203 -0.296057
v 0.068863 0.023232 -0.296206
v 0.069000 0.024781 -0.295837
v 0.068726 0.024888 -0.296243
v 0.068963 0.024800 -0.296001
v 0.068863 0.024839 -0.296150
v 0.069000 0.025949 -0.295782
v 0.068726 0.026078 -0.296186
v 0.068963 0.025972 -0.295945
v 0.068863 0.026019 -0.296093
v 0.069000 0.026891 -0.295721
v 0.068727 0.027039 -0.296123
v 0.068963 0.026919 -0.295885
v 0.068863 0.026973 -0.296032
v 0.069000 0.027680 -0.295654
v 0.068728 0.027848 -0.296052
v 0.068964 0.027713 -0.295817
v 0.068864 0.027775 -0.295962
v 0.069000 0.028353 -0.295579
v 0.068729 0.028539 -0.295972
v 0.068964 0.028392 -0.295740
v 0.068865 0.028460 -0.295884
v 0.069000 0.028930 -0.295494
v 0.068731 0.029136 -0.295882
v 0.068964 0.028976 -0.295655
v 0.068865 0.029051 -0.295797
v 0.069000 0.029422 -0.295401
v 0.068732 0.029650 -0.295781
v 0.068964 0.029477 -0.295559
v 0.068866 0.029560 -0.295698
v 0.069000 0.029838 -0.295297
v 0.068735 0.030090 -0.295667
v 0.068964 0.029903 -0.295452
v 0.068867 0.029995 -0.295587
v 0.069000 0.030181 -0.295183
v 0.068737 0.030462 -0.295539
v 0.068965 0.030259 -0.295333
v 0.068868 0.030362 -0.295463
v 0.069000 0.030452 -0.295059
v 0.068739 0.030771 -0.295393
v 0.068965 0.030547 -0.295201
v 0.068870 0.030664 -0.295323
v 0.069000 0.030652 -0.294929
v 0.068741 0.031018 -0.295227
v 0.068965 0.030771 -0.295055
v 0.068871 0.030905 -0.295164
v 0.069000 0.030789 -0.294793
v 0.068743 0.031208 -0.295032
v 0.068965 0.030933 -0.294892
v 0.068871 0.031087 -0.294980
v 0.069000 0.030879 -0.294637
v 0.068743 0.031340 -0.294793
v 0.068966 0.031044 -0.294698
v 0.068872 0.031212 -0.294756
v 0.069000 0.030935 -0.294404
v 0.068744 0.031414 -0.294472
v 0.068966 0.031109 -0.294426
v 0.068872 0.031284 -0.294451
v 0.069000 0.030940 -0.293603
v 0.068744 0.031420 -0.293591
v 0.068966 0.031114 -0.293599
v 0.068872 0.031290 -0.293594
v 0.069000 0.030895 -0.292804
v 0.068744 0.031370 -0.292712
v 0.068966 0.031067 -0.292773
v 0.068872 0.031241 -0.292739
v 0.069000 0.030827 -0.292574
v 0.068743 0.031280 -0.292395
v 0.068966 0.030989 -0.292504
v 0.068872 0.031155 -0.292438
v 0.069000 0.030730 -0.292423
v 0.068743 0.031136 -0.292163
v 0.068965 0.030869 -0.292316
v 0.068871 0.031018 -0.292221
v 0.069000 0.030587 -0.292293
v 0.068741 0.030937 -0.291978
v 0.068965 0.030699 -0.292162
v 0.068871 0.030827 -0.292046
v 0.069000 0.030380 -0.292173
v 0.068739 0.030681 -0.291824
v 0.068965 0.030468 -0.292027
v 0.068870 0.030578 -0.291899
v 0.069000 0.030103 -0.292064
v 0.068737 0.030366 -0.291694
v 0.068965 0.030173 -0.291910
v 0.068868 0.030269 -0.291775
v 0.069000 0.029755 -0.291967
v 0.068735 0.029988 -0.291584
v 0.068964 0.029812 -0.291809
v 0.068867 0.029897 -0.291669
v 0.069000 0.029334 -0.291884
v 0.068732 0.029542 -0.291492
v 0.068964 0.029381 -0.291723
v 0.068866 0.029457 -0.291580
v 0.069000 0.028838 -0.291815
v 0.068731 0.029024 -0.291417
v 0.068964 0.028876 -0.291652
v 0.068865 0.028944 -0.291507
v 0.069000 0.028258 -0.291759
v 0.068729 0.028424 -0.291357
v 0.068964 0.028289 -0.291596
v 0.068865 0.028349 -0.291449
v 0.069000 0.027582 -0.291718
v 0.068728 0.027729 -0.291312
v 0.068964 0.027607 -0.291554
v 0.068864 0.027661 -0.291405
v 0.069000 0.026790 -0.291690
v 0.068727 0.026918 -0.291282
v 0.068963 0.026810 -0.291526
v 0.068863 0.026857 -0.291376
v 0.069000 0.025846 -0.291677
v 0.068726 0.025955 -0.291267
v 0.068963 0.025861 -0.291512
v 0.068863 0.025901 -0.291362
v 0.069000 0.024677 -0.291680
v 0.068726 0.024764 -0.291269
v 0.068963 0.024688 -0.291515
v 0.068863 0.024719 -0.291365
v 0.069000 0.023085 -0.291704
v 0.068725 0.023143 -0.291293
v 0.068963 0.023090 -0.291539
v 0.068863 0.023112 -0.291389
v 0.069000 0.018692 -0.291809
v 0.068725 0.018682 -0.291399
v 0.068963 0.018688 -0.291644
v 0.068863 0.018684 -0.291494
v 0.069000 0.014299 -0.291924
v 0.068725 0.014220 -0.291516
v 0.068963 0.014285 -0.291759
v 0.068863 0.014256 -0.291610
v 0.069000 0.012708 -0.291979
v 0.068726 0.012601 -0.291573
v 0.068963 0.012689 -0.291815
v 0.068863 0.012650 -0.291666
v 0.069000 0.011540 -0.292035
v 0.068726 0.011411 -0.291630
v 0.068963 0.011516 -0.291871
v 0.068863 0.011469 -0.291723
v 0.069000 0.010598 -0.292095
v 0.068727 0.010449 -0.291693
v 0.068963 0.010570 -0.291932
v 0.068863 0.010515 -0.291785
v 0.069000 0.009808 -0.292162
v 0.068728 0.009641 -0.291764
v 0.068964 0.009775 -0.291999
v 0.068864 0.009714 -0.291854
v 0.069000 0.009135 -0.292238
v 0.068729 0.008949 -0.291844
v 0.068964 0.009096 -0.292076
v 0.068865 0.009028 -0.291932
v 0.069000 0.008558 -0.292322
v 0.068731 0.008353 -0.291934
v 0.068964 0.008513 -0.292162
v 0.068865 0.008437 -0.292020
v 0.069000 0.008066 -0.292416
v 0.068732 0.007839 -0.292035
v 0.068964 0.008012 -0.292257
v 0.068866 0.007929 -0.292118
v 0.069000 0.007650 -0.292520
v 0.068735 0.007399 -0.292149
v 0.068964 0.007586 -0.292365
v 0.068867 0.007494 -0.292229
v 0.069000 0.007308 -0.292634
v 0.068737 0.007027 -0.292277
v 0.068965 0.007230 -0.292484
v 0.068868 0.007127 -0.292353
v 0.069000 0.007037 -0.292757
v 0.068739 0.006718 -0.292423
v 0.068965 0.006941 -0.292616
v 0.068870 0.006825 -0.292493
v 0.069000 0.006836 -0.292887
v 0.068741 0.006470 -0.292590
v 0.068965 0.006718 -0.292761
v 0.068871 0.006584 -0.292652
v 0.069000 0.006699 -0.293023
v 0.068743 0.006281 -0.292785
v 0.068965 0.006555 -0.292924
v 0.068871 0.006402 -0.292837
v 0.069000 0.006610 -0.293180
v 0.068743 0.006149 -0.293023
v 0.068966 0.006445 -0.293118
v 0.068872 0.006276 -0.293060
v 0.069000 0.006554 -0.293413
v 0.068744 0.006074 -0.293345
v 0.068966 0.006380 -0.293390
v 0.068872 0.006204 -0.293365
vn 0.1351 -0.9905 -0.0248
vn 0.1408 -0.9893 0.0370
vn -0.1198 -0.9911 0.0574
vn -0.1282 -0.9914 -0.0248
vn -0.6585 -0.7525 -0.0061
vn -0.9646 -0.2637 -0.0022
vn -0.9644 -0.2628 0.0300
vn -0.6518 -0.7534 0.0863
vn -0.0974 -0.9739 0.2051
vn 0.1701 -0.9572 0.2340
vn -0.9640 -0.2553 0.0741
vn -0.6401 -0.7376 0.2150
vn -0.0667 -0.9214 0.3828
vn 0.2048 -0.8748 0.4392
vn -0.9636 -0.2371 0.1236
vn -0.6260 -0.6909 0.3616
vn -0.2247 -0.7947 0.5640
vn 0.2366 -0.7482 0.6199
vn -0.9633 -0.2084 0.1692
vn -0.6084 -0.5648 0.5575
vn -0.6122 -0.6130 0.4994
vn -0.3195 -0.6748 0.6653
vn 0.2603 -0.6081 0.7500
vn -0.9631 -0.1746 0.2047
vn -0.5992 -0.4689 0.6489
vn -0.3053 -0.5572 0.7722
vn 0.2765 -0.4801 0.8325
vn -0.9631 -0.1412 0.2291
vn -0.5931 -0.3778 0.7110
vn -0.2958 -0.4471 0.8441
vn 0.2876 -0.3740 0.8817
vn -0.9631 -0.1117 0.2447
vn -0.5892 -0.2982 0.7509
vn -0.2896 -0.3519 0.8901
vn 0.2957 -0.2893 0.9104
vn -0.9632 -0.0870 0.2542
vn -0.5867 -0.2317 0.7760
vn -0.2854 -0.2728 0.9187
vn 0.3020 -0.2223 0.9270
vn -0.9633 -0.0667 0.2598
vn -0.5850 -0.1772 0.7914
vn -0.2825 -0.2083 0.9364
vn 0.3068 -0.1693 0.9366
vn -0.9634 -0.0504 0.2633
vn -0.5839 -0.1328 0.8009
vn -0.2803 -0.1559 0.9472
vn 0.3108 -0.1271 0.9420
vn -0.9635 -0.0371 0.2651
vn -0.5830 -0.0967 0.8067
vn -0.2789 -0.1135 0.9536
vn 0.3138 -0.0933 0.9449
vn -0.9635 -0.0265 0.2663
vn -0.5823 -0.0679 0.8101
vn -0.2778 -0.0797 0.9573
vn 0.3162 -0.0663 0.9464
vn -0.9636 -0.0181 0.2668
vn -0.5819 -0.0454 0.8120
vn -0.2771 -0.0533 0.9594
vn 0.3178 -0.0454 0.9471
vn -0.9636 -0.0117 0.2671
vn -0.5819 -0.0290 0.8128
vn -0.2594 -0.0305 0.9653
vn 0.3187 -0.0287 0.9474
vn -0.9636 -0.0073 0.2672
vn -0.5819 -0.0203 0.8130
vn -0.2595 -0.0241 0.9655
vn 0.3189 -0.0237 0.9475
vn -0.9636 -0.0061 0.2672
vn -0.5819 -0.0117 0.8132
vn -0.2594 -0.0178 0.9656
vn 0.3187 -0.0187 0.9477
vn -0.9636 -0.0017 0.2674
vn -0.5819 0.0048 0.8132
vn -0.2771 0.0053 0.9608
vn 0.3178 -0.0020 0.9482
vn -0.9636 0.0047 0.2673
vn -0.5823 0.0274 0.8125
vn -0.2778 0.0317 0.9601
vn 0.3162 0.0190 0.9485
vn -0.9635 0.0132 0.2673
vn -0.5830 0.0563 0.8105
vn -0.2789 0.0657 0.9581
vn 0.3138 0.0459 0.9484
vn -0.9635 0.0238 0.2667
vn -0.5839 0.0926 0.8065
vn -0.2803 0.1084 0.9538
vn 0.3108 0.0798 0.9471
vn -0.9634 0.0372 0.2655
vn -0.5850 0.1374 0.7993
vn -0.2825 0.1613 0.9456
vn 0.3068 0.1223 0.9439
vn -0.9633 0.0537 0.2629
vn -0.5867 0.1927 0.7866
vn -0.2854 0.2266 0.9312
vn 0.3020 0.1757 0.9370
vn -0.9632 0.0742 0.2582
vn -0.5892 0.2603 0.7649
vn -0.2896 0.3070 0.9066
vn 0.2957 0.2434 0.9237
vn -0.9631 0.0993 0.2500
vn -0.5931 0.3417 0.7290
vn -0.2958 0.4044 0.8654
vn 0.2876 0.3294 0.8993
vn -0.9631 0.1296 0.2359
vn -0.5992 0.4359 0.6715
vn -0.3053 0.5180 0.7991
vn 0.2765 0.4379 0.8555
vn -0.9631 0.1642 0.2132
vn -0.6084 0.5363 0.5850
vn -0.3195 0.6407 0.6981
vn 0.2603 0.5698 0.7795
vn -0.9633 0.1997 0.1794
vn -0.6122 0.5873 0.5295
vn -0.2247 0.7655 0.6030
vn 0.2365 0.7163 0.6565
vn -0.9636 0.2306 0.1353
vn -0.6260 0.6720 0.3957
vn -0.0668 0.9011 0.4283
vn 0.2048 0.8517 0.4823
vn -0.9640 0.2513 0.0867
vn -0.6401 0.7259 0.2516
vn -0.0974 0.9624 0.2535
vn 0.1701 0.9443 0.2816
vn -0.9644 0.2610 0.0431
vn -0.6518 0.7482 0.1239
vn -0.1198 0.9870 0.1069
vn 0.1409 0.9863 0.0864
vn -0.9646 0.2635 0.0110
vn -0.6585 0.7519 0.0315
vn -0.1282 0.9914 0.0248
vn 0.1351 0.9905 0.0248
vn -0.9646 0.2637 0.0022
vn -0.6585 0.7525 0.0061
vn -0.1198 0.9911 -0.0574
vn 0.1409 0.9893 -0.0370
vn -0.9644 0.2628 -0.0300
vn -0.6518 0.7534 -0.0863
vn -0.0974 0.9739 -0.2051
vn 0.1701 0.9572 -0.2340
vn -0.9640 0.2553 -0.0741
vn -0.6401 0.7376 -0.2150
vn -0.0668 0.9214 -0.3828
vn 0.2048 0.8748 -0.4392
vn -0.9636 0.2371 -0.1236
vn -0.6259 0.6910 -0.3616
vn -0.2248 0.7946 -0.5639
vn 0.2366 0.7482 -0.6199
vn -0.9633 0.2084 -0.1692
vn -0.6084 0.5648 -0.5575
vn -0.6122 0.6130 -0.4994
vn -0.3196 0.6748 -0.6652
vn 0.2603 0.6081 -0.7500
vn -0.9631 0.1746 -0.2047
vn -0.5992 0.4689 -0.6489
vn -0.3053 0.5572 -0.7722
vn 0.2765 0.4801 -0.8325
vn -0.9631 0.1412 -0.2291
vn -0.5931 0.3778 -0.7110
vn -0.2958 0.4471 -0.8441
vn 0.2876 0.3740 -0.8817
vn -0.9631 0.1117 -0.2447
vn -0.5892 0.2983 -0.7509
vn -0.2895 0.3519 -0.8901
vn 0.2957 0.2893 -0.9104
vn -0.9632 0.0870 -0.2542
vn -0.5866 0.2317 -0.7760
vn -0.2854 0.2729 -0.9188
vn 0.3020 0.2223 -0.9270
vn -0.9634 0.0667 -0.2598
vn -0.5850 0.1772 -0.7914
vn -0.2825 0.2083 -0.9364
vn 0.3069 0.1693 -0.9366
vn -0.9634 0.0504 -0.2633
vn -0.5839 0.1328 -0.8009
vn -0.2803 0.1559 -0.9472
vn 0.3108 0.1271 -0.9420
vn -0.9635 0.0371 -0.2652
vn -0.5830 0.0967 -0.8067
vn -0.2789 0.1135 -0.9536
vn 0.3138 0.0933 -0.9449
vn -0.9635 0.0265 -0.2663
vn -0.5823 0.0679 -0.8101
vn -0.2778 0.0797 -0.9573
vn 0.3162 0.0663 -0.9464
vn -0.9636 0.0181 -0.2668
vn -0.5820 0.0454 -0.8119
vn -0.2772 0.0533 -0.9593
vn 0.3177 0.0454 -0.9471
vn -0.9636 0.0117 -0.2671
vn -0.5820 0.0290 -0.8127
vn -0.2594 0.0305 -0.9653
vn 0.3187 0.0287 -0.9474
vn -0.9636 0.0073 -0.2672
vn -0.5819 0.0203 -0.8130
vn -0.2594 0.0241 -0.9655
vn 0.3189 0.0237 -0.9475
vn -0.9636 0.0061 -0.2672
vn -0.5820 0.0117 -0.8131
vn -0.2594 0.0178 -0.9656
vn 0.3187 0.0187 -0.9477
vn -0.9636 0.0017 -0.2674
vn -0.5820 -0.0048 -0.8132
vn -0.2772 -0.0053 -0.9608
vn 0.3177 0.0020 -0.9482
vn -0.9636 -0.0047 -0.2673
vn -0.5823 -0.0274 -0.8125
vn -0.2778 -0.0317 -0.9601
vn 0.3162 -0.0190 -0.9485
vn -0.9635 -0.0132 -0.2673
vn -0.5830 -0.0563 -0.8105
vn -0.2789 -0.0657 -0.9581
vn 0.3138 -0.0459 -0.9484
vn -0.9635 -0.0238 -0.2667
vn -0.5839 -0.0926 -0.8065
vn -0.2803 -0.1084 -0.9538
vn 0.3108 -0.0798 -0.9471
vn -0.9634 -0.0372 -0.2655
vn -0.5850 -0.1374 -0.7993
vn -0.2825 -0.1613 -0.9456
vn 0.3069 -0.1223 -0.9439
vn -0.9634 -0.0537 -0.2628
vn -0.5866 -0.1927 -0.7866
vn -0.2854 -0.2266 -0.9312
vn 0.3020 -0.1757 -0.9370
vn -0.9632 -0.0742 -0.2582
vn -0.5892 -0.2603 -0.7649
vn -0.2895 -0.3070 -0.9066
vn 0.2957 -0.2434 -0.9237
vn -0.9631 -0.0993 -0.2500
vn -0.5931 -0.3418 -0.7290
vn -0.2958 -0.4044 -0.8654
vn 0.2876 -0.3294 -0.8993
vn -0.9631 -0.1296 -0.2359
vn -0.5991 -0.4359 -0.6716
vn -0.3053 -0.5180 -0.7991
vn 0.2765 -0.4379 -0.8555
vn -0.9631 -0.1642 -0.2132
vn -0.6084 -0.5363 -0.5851
vn -0.3195 -0.6407 -0.6981
vn 0.2603 -0.5698 -0.7795
vn -0.9633 -0.1997 -0.1794
vn -0.6122 -0.5873 -0.5295
vn -0.2248 -0.7655 -0.6030
vn 0.2366 -0.7163 -0.6565
vn -0.9636 -0.2306 -0.1353
vn -0.6259 -0.6721 -0.3957
vn -0.0668 -0.9011 -0.4283
vn 0.2048 -0.8517 -0.4823
vn -0.9640 -0.2513 -0.0867
vn -0.6401 -0.7259 -0.2516
vn -0.0974 -0.9624 -0.2535
vn 0.1701 -0.9443 -0.2816
vn -0.9644 -0.2610 -0.0431
vn -0.6518 -0.7482 -0.1239
vn -0.1198 -0.9870 -0.1069
vn 0.1409 -0.9863 -0.0864
vn -0.9646 -0.2635 -0.0110
vn -0.6585 -0.7519 -0.0315
vn 0.5973 -0.8018 -0.0201
vn 0.6009 -0.7941 -0.0907
vn 0.8038 -0.5866 -0.0994
vn 0.8041 -0.5943 -0.0149
vn 0.8839 -0.4611 -0.0784
vn 0.8820 -0.4710 -0.0118
vn 0.9811 -0.1933 -0.0111
vn 0.6489 -0.6968 -0.3056
vn 0.8033 -0.5427 -0.2453
vn 0.8844 -0.4245 -0.1941
vn 0.9812 -0.1854 -0.0543
vn 0.6341 -0.5981 -0.4901
vn 0.7952 -0.4625 -0.3922
vn 0.8799 -0.3598 -0.3103
vn 0.9810 -0.1635 -0.1047
vn 0.6059 -0.4789 -0.6352
vn 0.7807 -0.3672 -0.5057
vn 0.8716 -0.2843 -0.3994
vn 0.9804 -0.1316 -0.1463
vn 0.5746 -0.3673 -0.7314
vn 0.7650 -0.2799 -0.5800
vn 0.8626 -0.2160 -0.4575
vn 0.9797 -0.1003 -0.1735
vn 0.5473 -0.2756 -0.7902
vn 0.7514 -0.2094 -0.6257
vn 0.8547 -0.1613 -0.4935
vn 0.9790 -0.0748 -0.1897
vn 0.5259 -0.2041 -0.8257
vn 0.7405 -0.1548 -0.6540
vn 0.8483 -0.1191 -0.5159
vn 0.9783 -0.0552 -0.1996
vn 0.5098 -0.1487 -0.8474
vn 0.7322 -0.1127 -0.6717
vn 0.8434 -0.0866 -0.5302
vn 0.9777 -0.0405 -0.2059
vn 0.4343 -0.1110 -0.8939
vn 0.7260 -0.0799 -0.6831
vn 0.8396 -0.0614 -0.5397
vn 0.9773 -0.0291 -0.2100
vn 0.4250 -0.0753 -0.9021
vn 0.7213 -0.0541 -0.6905
vn 0.8367 -0.0414 -0.5461
vn 0.9769 -0.0202 -0.2128
vn 0.4183 -0.0468 -0.9071
vn 0.7180 -0.0334 -0.6952
vn 0.8346 -0.0255 -0.5502
vn 0.9766 -0.0131 -0.2147
vn 0.4137 -0.0241 -0.9101
vn 0.7157 -0.0169 -0.6982
vn 0.8330 -0.0127 -0.5531
vn 0.9764 -0.0075 -0.2161
vn 0.4105 -0.0060 -0.9118
vn 0.7140 -0.0038 -0.7001
vn 0.8319 -0.0025 -0.5549
vn 0.9762 -0.0030 -0.2169
vn 0.4084 0.0082 -0.9128
vn 0.7129 0.0064 -0.7012
vn 0.8312 0.0053 -0.5559
vn 0.9761 0.0006 -0.2175
vn 0.4071 0.0195 -0.9132
vn 0.7173 0.0150 -0.6966
vn 0.8308 0.0120 -0.5565
vn 0.9760 0.0033 -0.2179
vn 0.4069 0.0228 -0.9132
vn 0.7172 0.0174 -0.6966
vn 0.8307 0.0139 -0.5566
vn 0.9759 0.0052 -0.2180
vn 0.4071 0.0262 -0.9130
vn 0.7173 0.0199 -0.6965
vn 0.8308 0.0159 -0.5564
vn 0.9759 0.0057 -0.2180
vn 0.4084 0.0374 -0.9120
vn 0.7129 0.0287 -0.7007
vn 0.8312 0.0224 -0.5555
vn 0.9760 0.0076 -0.2178
vn 0.4105 0.0515 -0.9104
vn 0.7140 0.0388 -0.6990
vn 0.8319 0.0303 -0.5541
vn 0.9761 0.0103 -0.2173
vn 0.4137 0.0696 -0.9078
vn 0.7157 0.0518 -0.6965
vn 0.8330 0.0403 -0.5517
vn 0.9762 0.0138 -0.2165
vn 0.4183 0.0921 -0.9036
vn 0.7180 0.0681 -0.6927
vn 0.8346 0.0529 -0.5483
vn 0.9764 0.0183 -0.2154
vn 0.4250 0.1203 -0.8972
vn 0.7213 0.0885 -0.6869
vn 0.8367 0.0687 -0.5434
vn 0.9766 0.0239 -0.2138
vn 0.4343 0.1556 -0.8872
vn 0.7260 0.1140 -0.6782
vn 0.8396 0.0883 -0.5360
vn 0.9769 0.0308 -0.2115
vn 0.5098 0.1908 -0.8389
vn 0.7321 0.1462 -0.6653
vn 0.8434 0.1130 -0.5252
vn 0.9773 0.0396 -0.2083
vn 0.5258 0.2451 -0.8145
vn 0.7404 0.1874 -0.6455
vn 0.8483 0.1448 -0.5093
vn 0.9777 0.0507 -0.2036
vn 0.5473 0.3148 -0.7755
vn 0.7514 0.2405 -0.6145
vn 0.8546 0.1857 -0.4848
vn 0.9783 0.0651 -0.1966
vn 0.5746 0.4034 -0.7121
vn 0.7650 0.3086 -0.5652
vn 0.8626 0.2386 -0.4462
vn 0.9790 0.0842 -0.1858
vn 0.6059 0.5100 -0.6105
vn 0.7807 0.3920 -0.4867
vn 0.8716 0.3039 -0.3847
vn 0.9797 0.1089 -0.1682
vn 0.6341 0.6218 -0.4596
vn 0.7952 0.4815 -0.3686
vn 0.8799 0.3749 -0.2919
vn 0.9805 0.1387 -0.1396
vn 0.6489 0.7112 -0.2704
vn 0.8033 0.5543 -0.2179
vn 0.8844 0.4337 -0.1727
vn 0.9810 0.1685 -0.0964
vn 0.6009 0.7977 -0.0509
vn 0.8038 0.5908 -0.0700
vn 0.8839 0.4644 -0.0552
vn 0.9812 0.1879 -0.0449
vn 0.5973 0.8018 0.0201
vn 0.8041 0.5943 0.0149
vn 0.8821 0.4710 0.0118
vn 0.9811 0.1936 -0.0014
vn 0.6009 0.7941 0.0907
vn 0.8038 0.5866 0.0994
vn 0.8839 0.4611 0.0784
vn 0.9811 0.1933 0.0111
vn 0.6489 0.6968 0.3056
vn 0.8033 0.5427 0.2453
vn 0.8844 0.4245 0.1941
vn 0.9812 0.1854 0.0543
vn 0.6341 0.5981 0.4901
vn 0.7952 0.4625 0.3922
vn 0.8799 0.3598 0.3103
vn 0.9810 0.1635 0.1047
vn 0.6060 0.4789 0.6352
vn 0.7807 0.3672 0.5056
vn 0.8716 0.2843 0.3994
vn 0.9804 0.1316 0.1463
vn 0.5746 0.3673 0.7314
vn 0.7650 0.2799 0.5800
vn 0.8626 0.2160 0.4575
vn 0.9797 0.1003 0.1735
vn 0.5473 0.2756 0.7902
vn 0.7514 0.2094 0.6257
vn 0.8547 0.1613 0.4935
vn 0.9790 0.0748 0.1898
vn 0.5259 0.2040 0.8257
vn 0.7405 0.1548 0.6539
vn 0.8483 0.1191 0.5159
vn 0.9783 0.0553 0.1996
vn 0.5098 0.1487 0.8473
vn 0.7322 0.1127 0.6717
vn 0.8434 0.0866 0.5302
vn 0.9777 0.0405 0.2059
vn 0.4343 0.1110 0.8939
vn 0.7260 0.0799 0.6831
vn 0.8396 0.0614 0.5398
vn 0.9773 0.0291 0.2100
vn 0.4250 0.0753 0.9021
vn 0.7213 0.0541 0.6905
vn 0.8367 0.0414 0.5461
vn 0.9769 0.0202 0.2128
vn 0.4183 0.0468 0.9071
vn 0.7180 0.0334 0.6952
vn 0.8346 0.0255 0.5502
vn 0.9766 0.0131 0.2147
vn 0.4137 0.0241 0.9101
vn 0.7157 0.0169 0.6982
vn 0.8331 0.0127 0.5530
vn 0.9764 0.0075 0.2161
vn 0.4105 0.0060 0.9118
vn 0.7140 0.0038 0.7001
vn 0.8319 0.0025 0.5549
vn 0.9762 0.0030 0.2169
vn 0.4084 -0.0082 0.9128
vn 0.7129 -0.0064 0.7012
vn 0.8312 -0.0053 0.5560
vn 0.9761 -0.0006 0.2175
vn 0.4072 -0.0195 0.9132
vn 0.7173 -0.0150 0.6966
vn 0.8307 -0.0120 0.5566
vn 0.9760 -0.0033 0.2179
vn 0.4069 -0.0228 0.9132
vn 0.7172 -0.0174 0.6966
vn 0.8306 -0.0139 0.5566
vn 0.9759 -0.0052 0.2180
vn 0.4071 -0.0262 0.9130
vn 0.7173 -0.0199 0.6965
vn 0.8307 -0.0159 0.5564
vn 0.9759 -0.0057 0.2180
vn 0.4084 -0.0374 0.9120
vn 0.7129 -0.0287 0.7007
vn 0.8312 -0.0224 0.5555
vn 0.9760 -0.0076 0.2177
vn 0.4105 -0.0515 0.9104
vn 0.7140 -0.0388 0.6991
vn 0.8319 -0.0303 0.5540
vn 0.9761 -0.0103 0.2172
vn 0.4137 -0.0696 0.9078
vn 0.7157 -0.0518 0.6965
vn 0.8331 -0.0403 0.5517
vn 0.9762 -0.0138 0.2165
vn 0.4183 -0.0921 0.9036
vn 0.7180 -0.0681 0.6927
vn 0.8346 -0.0529 0.5483
vn 0.9764 -0.0183 0.2154
vn 0.4250 -0.1203 0.8972
vn 0.7213 -0.0885 0.6869
vn 0.8367 -0.0687 0.5434
vn 0.9766 -0.0239 0.2137
vn 0.4343 -0.1556 0.8872
vn 0.7260 -0.1140 0.6782
vn 0.8396 -0.0883 0.5360
vn 0.9769 -0.0308 0.2115
vn 0.5098 -0.1908 0.8388
vn 0.7322 -0.1461 0.6652
vn 0.8434 -0.1130 0.5252
vn 0.9773 -0.0396 0.2083
vn 0.5259 -0.2451 0.8145
vn 0.7405 -0.1873 0.6454
vn 0.8484 -0.1447 0.5092
vn 0.9777 -0.0507 0.2036
vn 0.5473 -0.3148 0.7755
vn 0.7514 -0.2405 0.6145
vn 0.8547 -0.1857 0.4848
vn 0.9783 -0.0651 0.1966
vn 0.5746 -0.4034 0.7121
vn 0.7650 -0.3086 0.5652
vn 0.8625 -0.2386 0.4462
vn 0.9790 -0.0842 0.1858
vn 0.6060 -0.5100 0.6105
vn 0.7807 -0.3920 0.4867
vn 0.8716 -0.3039 0.3847
vn 0.9797 -0.1088 0.1682
vn 0.6341 -0.6218 0.4596
vn 0.7952 -0.4815 0.3686
vn 0.8799 -0.3749 0.2919
vn 0.9805 -0.1387 0.1396
vn 0.6489 -0.7112 0.2704
vn 0.8033 -0.5543 0.2179
vn 0.8844 -0.4337 0.1727
vn 0.9810 -0.1685 0.0964
vn 0.6009 -0.7977 0.0509
vn 0.8037 -0.5908 0.0700
vn 0.8839 -0.4644 0.0552
vn 0.9812 -0.1879 0.0449
vn 0.9811 -0.1936 0.0014
vn 0.1797 -0.9834 -0.0246
vn 0.1854 -0.9819 0.0388
vn -1.0000 -0.0000 -0.0000
vn 0.1854 -0.9787 -0.0879
vn 0.2137 -0.9337 -0.2872
vn 0.2449 -0.8369 -0.4896
vn 0.2711 -0.6987 -0.6620
vn 0.2888 -0.5526 -0.7819
vn 0.2999 -0.4229 -0.8551
vn 0.3071 -0.3173 -0.8972
vn 0.3123 -0.2340 -0.9207
vn 0.3163 -0.1687 -0.9335
vn 0.3197 -0.1171 -0.9402
vn 0.3225 -0.0762 -0.9435
vn 0.3247 -0.0435 -0.9448
vn 0.3265 -0.0175 -0.9450
vn 0.3277 0.0027 -0.9448
vn 0.3284 0.0188 -0.9443
vn 0.3285 0.0236 -0.9442
vn 0.3284 0.0284 -0.9441
vn 0.3277 0.0445 -0.9437
vn 0.3265 0.0647 -0.9430
vn 0.3247 0.0907 -0.9415
vn 0.3225 0.1232 -0.9385
vn 0.3197 0.1640 -0.9332
vn 0.3163 0.2151 -0.9239
vn 0.3123 0.2797 -0.9079
vn 0.3070 0.3618 -0.8802
vn 0.2999 0.4651 -0.8329
vn 0.2888 0.5909 -0.7533
vn 0.2711 0.7309 -0.6263
vn 0.2449 0.8603 -0.4471
vn 0.2137 0.9469 -0.2402
vn 0.1854 0.9819 -0.0388
vn 0.1797 0.9834 0.0246
vn 0.1854 0.9787 0.0878
vn 0.2137 0.9337 0.2872
vn 0.2449 0.8369 0.4896
vn 0.2711 0.6987 0.6620
vn 0.2888 0.5526 0.7819
vn 0.2999 0.4229 0.8551
vn 0.3070 0.3173 0.8972
vn 0.3123 0.2340 0.9207
vn 0.3163 0.1687 0.9335
vn 0.3197 0.1171 0.9402
vn 0.3225 0.0762 0.9435
vn 0.3247 0.0435 0.9448
vn 0.3265 0.0175 0.9451
vn 0.3277 -0.0027 0.9448
vn 0.3284 -0.0188 0.9443
vn 0.3285 -0.0236 0.9442
vn 0.3284 -0.0284 0.9441
vn 0.3277 -0.0445 0.9437
vn 0.3265 -0.0647 0.9430
vn 0.3247 -0.0907 0.9414
vn 0.3225 -0.1232 0.9385
vn 0.3197 -0.1640 0.9332
vn 0.3163 -0.2151 0.9239
vn 0.3123 -0.2798 0.9079
vn 0.3070 -0.3618 0.8802
vn 0.2999 -0.4651 0.8329
vn 0.2888 -0.5909 0.7533
vn 0.2711 -0.7309 0.6263
vn 0.2449 -0.8603 0.4471
vn 0.2137 -0.9469 0.2402
vn 1.0000 -0.0000 -0.0000
vt 0.684774 0.330478
vt 0.679122 0.330544
vt 0.679036 0.329628
vt 0.684768 0.329561
vt 0.638646 0.092835
vt 0.632913 0.092752
vt 0.632932 0.092261
vt 0.638645 0.092345
vt 0.632953 0.091807
vt 0.638644 0.091890
vt 0.630996 0.091538
vt 0.630912 0.091983
vt 0.630826 0.092469
vt 0.676950 0.329739
vt 0.677070 0.330655
vt 0.629622 0.091105
vt 0.629459 0.091525
vt 0.629286 0.091991
vt 0.675412 0.329915
vt 0.675561 0.330830
vt 0.628543 0.090511
vt 0.628191 0.091012
vt 0.628065 0.091327
vt 0.674195 0.330153
vt 0.674342 0.331072
vt 0.627632 0.089736
vt 0.626963 0.090404
vt 0.623790 0.330711
vt 0.624157 0.329791
vt 0.624657 0.329856
vt 0.624284 0.330795
vt 0.625099 0.329897
vt 0.624722 0.330843
vt 0.626834 0.088756
vt 0.626060 0.089299
vt 0.623464 0.331866
vt 0.623963 0.331946
vt 0.624399 0.331992
vt 0.626123 0.087542
vt 0.625280 0.087969
vt 0.623184 0.333237
vt 0.623687 0.333311
vt 0.624121 0.333356
vt 0.625493 0.086073
vt 0.624606 0.086401
vt 0.622943 0.334841
vt 0.623449 0.334907
vt 0.623882 0.334951
vt 0.624941 0.084329
vt 0.624027 0.084575
vt 0.622738 0.336696
vt 0.623246 0.336755
vt 0.623678 0.336799
vt 0.624463 0.082280
vt 0.623535 0.082460
vt 0.622565 0.338835
vt 0.623075 0.338886
vt 0.623507 0.338929
vt 0.624062 0.079886
vt 0.623124 0.080012
vt 0.622424 0.341303
vt 0.622935 0.341347
vt 0.623366 0.341388
vt 0.623733 0.077071
vt 0.622791 0.077154
vt 0.622312 0.344174
vt 0.622824 0.344212
vt 0.623255 0.344250
vt 0.623475 0.073709
vt 0.622531 0.073758
vt 0.622229 0.347579
vt 0.622742 0.347611
vt 0.623173 0.347646
vt 0.623288 0.069534
vt 0.622343 0.069557
vt 0.622175 0.351783
vt 0.622688 0.351808
vt 0.623119 0.351838
vt 0.623168 0.063840
vt 0.622223 0.063845
vt 0.622152 0.357492
vt 0.622665 0.357510
vt 0.623096 0.357533
vt 0.623097 0.048106
vt 0.622152 0.048108
vt 0.622182 0.373205
vt 0.622695 0.373204
vt 0.623126 0.373204
vt 0.623098 0.032372
vt 0.622152 0.032371
vt 0.622238 0.388913
vt 0.622751 0.388895
vt 0.623182 0.388872
vt 0.623191 0.026678
vt 0.622246 0.026659
vt 0.622293 0.394611
vt 0.622805 0.394585
vt 0.623236 0.394556
vt 0.623360 0.022502
vt 0.622415 0.022457
vt 0.622370 0.398795
vt 0.622882 0.398763
vt 0.623313 0.398728
vt 0.623602 0.019139
vt 0.622659 0.019060
vt 0.622471 0.402172
vt 0.622983 0.402135
vt 0.623414 0.402097
vt 0.623918 0.016322
vt 0.622980 0.016200
vt 0.622599 0.405008
vt 0.623109 0.404965
vt 0.623541 0.404924
vt 0.624309 0.013927
vt 0.623380 0.013750
vt 0.622753 0.407431
vt 0.623263 0.407382
vt 0.623695 0.407340
vt 0.624776 0.011875
vt 0.623862 0.011633
vt 0.622938 0.409517
vt 0.623446 0.409461
vt 0.623877 0.409418
vt 0.625322 0.010129
vt 0.624433 0.009805
vt 0.623153 0.411310
vt 0.623659 0.411247
vt 0.624091 0.411204
vt 0.625945 0.008657
vt 0.625100 0.008234
vt 0.623402 0.412840
vt 0.623905 0.412771
vt 0.624339 0.412728
vt 0.626650 0.007440
vt 0.625874 0.006900
vt 0.623690 0.414127
vt 0.624189 0.414052
vt 0.624624 0.414009
vt 0.627444 0.006456
vt 0.626772 0.005791
vt 0.624022 0.415184
vt 0.624515 0.415106
vt 0.624953 0.415062
vt 0.628351 0.005677
vt 0.627997 0.005177
vt 0.624393 0.415994
vt 0.624893 0.415935
vt 0.625335 0.415896
vt 0.629427 0.005078
vt 0.629263 0.004659
vt 0.627870 0.004863
vt 0.629087 0.004194
vt 0.675415 0.387855
vt 0.674195 0.387631
vt 0.674331 0.386711
vt 0.675554 0.386938
vt 0.630799 0.004639
vt 0.630714 0.004194
vt 0.630625 0.003708
vt 0.676955 0.388013
vt 0.677064 0.387096
vt 0.632755 0.004361
vt 0.632732 0.003907
vt 0.632710 0.003416
vt 0.679042 0.388100
vt 0.679117 0.387183
vt 0.638445 0.004253
vt 0.638444 0.003797
vt 0.638443 0.003307
vt 0.684775 0.388100
vt 0.684769 0.387183
vt 0.644136 0.004336
vt 0.644157 0.003881
vt 0.644176 0.003390
vt 0.690507 0.388033
vt 0.690421 0.387117
vt 0.646093 0.004604
vt 0.646177 0.004159
vt 0.646263 0.003673
vt 0.692592 0.387921
vt 0.692473 0.387006
vt 0.647467 0.005037
vt 0.647629 0.004618
vt 0.647803 0.004151
vt 0.694130 0.387745
vt 0.693981 0.386831
vt 0.648546 0.005632
vt 0.648897 0.005130
vt 0.649023 0.004815
vt 0.695348 0.387507
vt 0.695201 0.386589
vt 0.649456 0.006406
vt 0.650126 0.005738
vt 0.648319 0.322206
vt 0.647952 0.323125
vt 0.647452 0.323061
vt 0.647825 0.322121
vt 0.647010 0.323019
vt 0.647387 0.322073
vt 0.650255 0.007386
vt 0.651029 0.006843
vt 0.648645 0.321051
vt 0.648146 0.320970
vt 0.647710 0.320924
vt 0.650965 0.008601
vt 0.651809 0.008173
vt 0.648926 0.319679
vt 0.648422 0.319605
vt 0.647988 0.319560
vt 0.651596 0.010069
vt 0.652482 0.009741
vt 0.649166 0.318076
vt 0.648660 0.318010
vt 0.648227 0.317965
vt 0.652148 0.011813
vt 0.653061 0.011567
vt 0.649372 0.316220
vt 0.648863 0.316162
vt 0.648431 0.316117
vt 0.652625 0.013863
vt 0.653553 0.013682
vt 0.649544 0.314081
vt 0.649034 0.314030
vt 0.648602 0.313987
vt 0.653027 0.016257
vt 0.653964 0.016130
vt 0.649685 0.311614
vt 0.649174 0.311569
vt 0.648743 0.311528
vt 0.653356 0.019072
vt 0.654298 0.018988
vt 0.649797 0.308742
vt 0.649285 0.308704
vt 0.648854 0.308666
vt 0.653613 0.022434
vt 0.654558 0.022385
vt 0.649880 0.305337
vt 0.649368 0.305305
vt 0.648937 0.305270
vt 0.653800 0.026608
vt 0.654746 0.026585
vt 0.649934 0.301133
vt 0.649421 0.301108
vt 0.648990 0.301078
vt 0.653920 0.032302
vt 0.654866 0.032297
vt 0.649957 0.295424
vt 0.649444 0.295406
vt 0.649013 0.295383
vt 0.653991 0.048036
vt 0.654937 0.048034
vt 0.649927 0.279712
vt 0.649414 0.279712
vt 0.648983 0.279712
vt 0.653991 0.063770
vt 0.654937 0.063771
vt 0.649871 0.264003
vt 0.649358 0.264022
vt 0.648927 0.264044
vt 0.653897 0.069465
vt 0.654843 0.069484
vt 0.649816 0.258306
vt 0.649304 0.258331
vt 0.648873 0.258361
vt 0.653729 0.073640
vt 0.654674 0.073685
vt 0.649740 0.254122
vt 0.649227 0.254153
vt 0.648796 0.254188
vt 0.653487 0.077003
vt 0.654429 0.077082
vt 0.649638 0.250744
vt 0.649126 0.250781
vt 0.648696 0.250819
vt 0.653171 0.079820
vt 0.654109 0.079942
vt 0.649511 0.247908
vt 0.649000 0.247952
vt 0.648569 0.247992
vt 0.652780 0.082215
vt 0.653709 0.082392
vt 0.649356 0.245485
vt 0.648846 0.245534
vt 0.648415 0.245576
vt 0.652312 0.084267
vt 0.653226 0.084509
vt 0.649172 0.243399
vt 0.648664 0.243455
vt 0.648232 0.243498
vt 0.651767 0.086014
vt 0.652656 0.086338
vt 0.648957 0.241606
vt 0.648450 0.241669
vt 0.648018 0.241712
vt 0.651144 0.087485
vt 0.651989 0.087908
vt 0.648707 0.240076
vt 0.648204 0.240146
vt 0.647770 0.240188
vt 0.650438 0.088702
vt 0.651215 0.089242
vt 0.648419 0.238789
vt 0.647921 0.238864
vt 0.647485 0.238907
vt 0.649645 0.089687
vt 0.650317 0.090351
vt 0.648087 0.237732
vt 0.647594 0.237810
vt 0.647156 0.237854
vt 0.648738 0.090465
vt 0.649092 0.090965
vt 0.647716 0.236922
vt 0.647216 0.236982
vt 0.646774 0.237020
vt 0.647661 0.091064
vt 0.647826 0.091483
vt 0.649219 0.091279
vt 0.648001 0.091948
vt 0.694127 0.329806
vt 0.695348 0.330030
vt 0.695211 0.330950
vt 0.693989 0.330722
vt 0.646289 0.091503
vt 0.646375 0.091948
vt 0.646463 0.092434
vt 0.692588 0.329648
vt 0.692479 0.330565
vt 0.644334 0.091781
vt 0.644357 0.092235
vt 0.644378 0.092726
vt 0.690501 0.329561
vt 0.690426 0.330478
vt 0.684912 0.354120
vt 0.687686 0.354134
vt 0.687625 0.354682
vt 0.684915 0.354668
vt 0.687581 0.355090
vt 0.684917 0.355074
vt 0.681651 0.091550
vt 0.684315 0.091637
vt 0.684174 0.092574
vt 0.681653 0.092496
vt 0.688694 0.354217
vt 0.688601 0.354765
vt 0.688532 0.355173
vt 0.685265 0.091891
vt 0.684905 0.092767
vt 0.689436 0.354361
vt 0.689318 0.354905
vt 0.689230 0.355313
vt 0.685963 0.092306
vt 0.685390 0.093061
vt 0.690037 0.354566
vt 0.689896 0.355104
vt 0.689773 0.355503
vt 0.686535 0.092893
vt 0.685810 0.093502
vt 0.622988 0.241362
vt 0.623180 0.242127
vt 0.622695 0.242411
vt 0.622510 0.241661
vt 0.622323 0.242635
vt 0.622152 0.241909
vt 0.687026 0.093675
vt 0.686205 0.094145
vt 0.623348 0.243086
vt 0.622859 0.243360
vt 0.622479 0.243583
vt 0.687447 0.094647
vt 0.686572 0.095008
vt 0.623496 0.244247
vt 0.623002 0.244512
vt 0.622614 0.244732
vt 0.687810 0.095817
vt 0.686906 0.096095
vt 0.623624 0.245623
vt 0.623127 0.245879
vt 0.622732 0.246093
vt 0.688123 0.097198
vt 0.687203 0.097414
vt 0.623736 0.247233
vt 0.623235 0.247477
vt 0.622834 0.247684
vt 0.688392 0.098805
vt 0.687461 0.098972
vt 0.623832 0.249103
vt 0.623328 0.249334
vt 0.622922 0.249531
vt 0.688621 0.100667
vt 0.687684 0.100797
vt 0.623914 0.251275
vt 0.623407 0.251491
vt 0.622997 0.251675
vt 0.688812 0.102824
vt 0.687871 0.102924
vt 0.623982 0.253815
vt 0.623473 0.254012
vt 0.623059 0.254180
vt 0.688967 0.105342
vt 0.688024 0.105417
vt 0.624037 0.256839
vt 0.623526 0.257013
vt 0.623110 0.257163
vt 0.689088 0.108336
vt 0.688143 0.108390
vt 0.624081 0.260582
vt 0.623569 0.260729
vt 0.623151 0.260854
vt 0.689175 0.112038
vt 0.688230 0.112074
vt 0.624115 0.265679
vt 0.623602 0.265787
vt 0.623183 0.265879
vt 0.689231 0.117074
vt 0.688285 0.117094
vt 0.624160 0.279724
vt 0.623646 0.279726
vt 0.623227 0.279727
vt 0.689264 0.130946
vt 0.688318 0.130947
vt 0.624192 0.293771
vt 0.623678 0.293666
vt 0.623259 0.293576
vt 0.689264 0.144817
vt 0.688318 0.144800
vt 0.624186 0.298873
vt 0.623673 0.298730
vt 0.623254 0.298607
vt 0.689220 0.149853
vt 0.688275 0.149819
vt 0.624163 0.302626
vt 0.623651 0.302454
vt 0.623234 0.302307
vt 0.689141 0.153555
vt 0.688197 0.153504
vt 0.624124 0.305663
vt 0.623614 0.305469
vt 0.623200 0.305302
vt 0.689028 0.156549
vt 0.688085 0.156477
vt 0.624070 0.308220
vt 0.623562 0.308007
vt 0.623151 0.307825
vt 0.688878 0.159068
vt 0.687937 0.158971
vt 0.624000 0.310414
vt 0.623495 0.310184
vt 0.623088 0.309989
vt 0.688693 0.161226
vt 0.687756 0.161098
vt 0.623914 0.312310
vt 0.623413 0.312067
vt 0.623010 0.311861
vt 0.688469 0.163088
vt 0.687537 0.162924
vt 0.623812 0.313950
vt 0.623313 0.313695
vt 0.622917 0.313480
vt 0.688203 0.164696
vt 0.687282 0.164482
vt 0.623691 0.315361
vt 0.623196 0.315096
vt 0.622807 0.314875
vt 0.687894 0.166077
vt 0.686989 0.165801
vt 0.623550 0.316562
vt 0.623059 0.316288
vt 0.622678 0.316064
vt 0.687533 0.167248
vt 0.686658 0.166890
vt 0.623387 0.317568
vt 0.622900 0.317283
vt 0.622527 0.317058
vt 0.687115 0.168222
vt 0.686292 0.167754
vt 0.623199 0.318389
vt 0.622715 0.318092
vt 0.622350 0.317866
vt 0.686625 0.169005
vt 0.685899 0.168397
vt 0.622977 0.319032
vt 0.622504 0.318715
vt 0.622159 0.318451
vt 0.686055 0.169593
vt 0.685480 0.168840
vt 0.689152 0.363246
vt 0.688412 0.363399
vt 0.688312 0.362853
vt 0.689018 0.362705
vt 0.688239 0.362445
vt 0.688891 0.362308
vt 0.685358 0.170010
vt 0.684995 0.169134
vt 0.687405 0.363494
vt 0.687338 0.362947
vt 0.687289 0.362539
vt 0.684408 0.170265
vt 0.684265 0.169330
vt 0.684631 0.363541
vt 0.684628 0.362993
vt 0.684626 0.362586
vt 0.681745 0.170359
vt 0.681744 0.169414
vt 0.681857 0.363527
vt 0.681918 0.362978
vt 0.681962 0.362570
vt 0.679081 0.170272
vt 0.679222 0.169336
vt 0.680849 0.363443
vt 0.680942 0.362896
vt 0.681011 0.362487
vt 0.678130 0.170018
vt 0.678491 0.169142
vt 0.680107 0.363299
vt 0.680224 0.362755
vt 0.680313 0.362348
vt 0.677433 0.169603
vt 0.678005 0.168849
vt 0.679506 0.363095
vt 0.679647 0.362556
vt 0.679770 0.362158
vt 0.676861 0.169016
vt 0.677586 0.168407
vt 0.649122 0.411554
vt 0.648929 0.410789
vt 0.649415 0.410505
vt 0.649599 0.411255
vt 0.649786 0.410281
vt 0.649957 0.411007
vt 0.676370 0.168234
vt 0.677191 0.167764
vt 0.648761 0.409830
vt 0.649250 0.409556
vt 0.649630 0.409333
vt 0.675949 0.167262
vt 0.676823 0.166902
vt 0.648614 0.408669
vt 0.649107 0.408404
vt 0.649495 0.408184
vt 0.675586 0.166092
vt 0.676490 0.165814
vt 0.648485 0.407293
vt 0.648982 0.407038
vt 0.649377 0.406823
vt 0.675272 0.164712
vt 0.676193 0.164495
vt 0.648373 0.405684
vt 0.648874 0.405439
vt 0.649275 0.405233
vt 0.675003 0.163104
vt 0.675934 0.162937
vt 0.648277 0.403813
vt 0.648781 0.403582
vt 0.649187 0.403385
vt 0.674775 0.161242
vt 0.675712 0.161113
vt 0.648195 0.401641
vt 0.648702 0.401425
vt 0.649112 0.401242
vt 0.674584 0.159085
vt 0.675525 0.158985
vt 0.648127 0.399101
vt 0.648636 0.398904
vt 0.649050 0.398736
vt 0.674429 0.156567
vt 0.675372 0.156492
vt 0.648072 0.396077
vt 0.648583 0.395903
vt 0.648999 0.395753
vt 0.674308 0.153573
vt 0.675253 0.153519
vt 0.648028 0.392334
vt 0.648540 0.392187
vt 0.648958 0.392062
vt 0.674221 0.149871
vt 0.675166 0.149835
vt 0.647995 0.387237
vt 0.648508 0.387129
vt 0.648926 0.387037
vt 0.674165 0.144835
vt 0.675111 0.144815
vt 0.647949 0.373192
vt 0.648463 0.373191
vt 0.648882 0.373189
vt 0.674132 0.130964
vt 0.675078 0.130962
vt 0.647918 0.359145
vt 0.648431 0.359250
vt 0.648850 0.359340
vt 0.674132 0.117092
vt 0.675078 0.117110
vt 0.647923 0.354043
vt 0.648436 0.354187
vt 0.648855 0.354310
vt 0.674176 0.112056
vt 0.675121 0.112090
vt 0.647946 0.350290
vt 0.648458 0.350462
vt 0.648875 0.350609
vt 0.674255 0.108354
vt 0.675199 0.108405
vt 0.647985 0.347253
vt 0.648495 0.347448
vt 0.648910 0.347614
vt 0.674368 0.105360
vt 0.675311 0.105432
vt 0.648039 0.344696
vt 0.648547 0.344909
vt 0.648958 0.345091
vt 0.674517 0.102841
vt 0.675458 0.102939
vt 0.648109 0.342503
vt 0.648614 0.342732
vt 0.649021 0.342927
vt 0.674703 0.100683
vt 0.675640 0.100811
vt 0.648195 0.340607
vt 0.648697 0.340850
vt 0.649099 0.341055
vt 0.674927 0.098821
vt 0.675858 0.098986
vt 0.648298 0.338967
vt 0.648796 0.339222
vt 0.649192 0.339436
vt 0.675192 0.097213
vt 0.676113 0.097428
vt 0.648418 0.337555
vt 0.648913 0.337820
vt 0.649302 0.338041
vt 0.675502 0.095832
vt 0.676407 0.096108
vt 0.648559 0.336354
vt 0.649050 0.336628
vt 0.649431 0.336852
vt 0.675862 0.094661
vt 0.676738 0.095019
vt 0.648722 0.335348
vt 0.649209 0.335633
vt 0.649582 0.335858
vt 0.676281 0.093687
vt 0.677103 0.094155
vt 0.648910 0.334528
vt 0.649394 0.334825
vt 0.649759 0.335050
vt 0.676771 0.092904
vt 0.677497 0.093512
vt 0.649132 0.333884
vt 0.649606 0.334201
vt 0.649951 0.334465
vt 0.677341 0.092316
vt 0.677916 0.093069
vt 0.680391 0.354414
vt 0.681131 0.354261
vt 0.681230 0.354808
vt 0.680525 0.354955
vt 0.681304 0.355215
vt 0.680652 0.355352
vt 0.678038 0.091900
vt 0.678401 0.092775
vt 0.682138 0.354166
vt 0.682205 0.354714
vt 0.682254 0.355121
vt 0.678988 0.091644
vt 0.679131 0.092580
vt 0.684895 0.351353
vt 0.681792 0.351402
vt 0.687999 0.351366
vt 0.689127 0.351453
vt 0.689956 0.351606
vt 0.690627 0.351824
vt 0.625588 0.240595
vt 0.625379 0.239796
vt 0.625767 0.241596
vt 0.625923 0.242807
vt 0.626058 0.244242
vt 0.626176 0.245919
vt 0.626277 0.247866
vt 0.626363 0.250127
vt 0.626435 0.252770
vt 0.626493 0.255915
vt 0.626539 0.259809
vt 0.626575 0.265110
vt 0.626622 0.279716
vt 0.626655 0.294325
vt 0.626649 0.299632
vt 0.626624 0.303536
vt 0.626583 0.306697
vt 0.626526 0.309358
vt 0.626452 0.311643
vt 0.626362 0.313619
vt 0.626253 0.315330
vt 0.626126 0.316804
vt 0.625977 0.318060
vt 0.625803 0.319114
vt 0.625599 0.319974
vt 0.689705 0.365996
vt 0.690373 0.365770
vt 0.688877 0.366158
vt 0.687751 0.366259
vt 0.684647 0.366308
vt 0.681543 0.366295
vt 0.680416 0.366207
vt 0.679587 0.366055
vt 0.678915 0.365837
vt 0.646522 0.412321
vt 0.646730 0.413120
vt 0.646342 0.411320
vt 0.646186 0.410109
vt 0.646051 0.408674
vt 0.645933 0.406997
vt 0.645832 0.405050
vt 0.645746 0.402789
vt 0.645674 0.400146
vt 0.645616 0.397001
vt 0.645570 0.393107
vt 0.645534 0.387807
vt 0.645487 0.373200
vt 0.645454 0.358591
vt 0.645461 0.353284
vt 0.645485 0.349380
vt 0.645526 0.346220
vt 0.645583 0.343558
vt 0.645657 0.341273
vt 0.645747 0.339297
vt 0.645856 0.337586
vt 0.645983 0.336112
vt 0.646132 0.334856
vt 0.646306 0.333802
vt 0.646510 0.332942
vt 0.679838 0.351665
vt 0.679169 0.351891
vt 0.680666 0.351503
vt 0.625356 0.320650
vt 0.646753 0.332266
s 1
usemtl 03_|_bright_milled_steel
f 2816/3452/2763 3067/3453/2764 3069/3454/2765 2818/3455/2766
s 0
f 2818/3456/2767 3069/3457/2767 3070/3458/2767 2817/3459/2767
f 2817/3459/2768 3070/3458/2768 3068/3460/2768 2815/3461/2768
f 3064/3462/2769 3068/3460/2769 3070/3458/2769 3066/3463/2769
f 3066/3463/2770 3070/3458/2770 3069/3457/2770 3065/3464/2770
s 1
f 3065/3465/2771 3069/3454/2765 3067/3453/2764 3063/3466/2772
s 0
f 3060/3467/2773 3064/3462/2773 3066/3463/2773 3062/3468/2773
f 3062/3468/2774 3066/3463/2774 3065/3464/2774 3061/3469/2774
s 1
f 3061/3470/2775 3065/3465/2771 3063/3466/2772 3059/3471/2776
s 0
f 3056/3472/2777 3060/3467/2777 3062/3468/2777 3058/3473/2777
f 3058/3473/2778 3062/3468/2778 3061/3469/2778 3057/3474/2778
s 1
f 3057/3475/2779 3061/3470/2775 3059/3471/2776 3055/3476/2780
s 0
f 3052/3477/2781 3056/3472/2781 3058/3473/2781 3054/3478/2781
s 1
f 3054/3479/2782 3058/3480/2783 3057/3481/2779 3053/3482/2784
f 3053/3482/2784 3057/3481/2779 3055/3483/2780 3051/3484/2785
s 0
f 3048/3485/2786 3052/3477/2786 3054/3478/2786 3050/3486/2786
s 1
f 3050/3487/2787 3054/3479/2782 3053/3482/2784 3049/3488/2788
f 3049/3488/2788 3053/3482/2784 3051/3484/2785 3047/3489/2789
s 0
f 3044/3490/2790 3048/3485/2790 3050/3486/2790 3046/3491/2790
s 1
f 3046/3492/2791 3050/3487/2787 3049/3488/2788 3045/3493/2792
f 3045/3493/2792 3049/3488/2788 3047/3489/2789 3043/3494/2793
s 0
f 3040/3495/2794 3044/3490/2794 3046/3491/2794 3042/3496/2794
s 1
f 3042/3497/2795 3046/3492/2791 3045/3493/2792 3041/3498/2796
f 3041/3498/2796 3045/3493/2792 3043/3494/2793 3039/3499/2797
s 0
f 3036/3500/2798 3040/3495/2798 3042/3496/2798 3038/3501/2798
s 1
f 3038/3502/2799 3042/3497/2795 3041/3498/2796 3037/3503/2800
f 3037/3503/2800 3041/3498/2796 3039/3499/2797 3035/3504/2801
s 0
f 3032/3505/2802 3036/3500/2802 3038/3501/2802 3034/3506/2802
s 1
f 3034/3507/2803 3038/3502/2799 3037/3503/2800 3033/3508/2804
f 3033/3508/2804 3037/3503/2800 3035/3504/2801 3031/3509/2805
s 0
f 3028/3510/2806 3032/3505/2806 3034/3506/2806 3030/3511/2806
s 1
f 3030/3512/2807 3034/3507/2803 3033/3508/2804 3029/3513/2808
f 3029/3513/2808 3033/3508/2804 3031/3509/2805 3027/3514/2809
s 0
f 3024/3515/2810 3028/3510/2810 3030/3511/2810 3026/3516/2810
s 1
f 3026/3517/2811 3030/3512/2807 3029/3513/2808 3025/3518/2812
f 3025/3518/2812 3029/3513/2808 3027/3514/2809 3023/3519/2813
s 0
f 3020/3520/2814 3024/3515/2814 3026/3516/2814 3022/3521/2814
s 1
f 3022/3522/2815 3026/3517/2811 3025/3518/2812 3021/3523/2816
f 3021/3523/2816 3025/3518/2812 3023/3519/2813 3019/3524/2817
s 0
f 3016/3525/2818 3020/3520/2818 3022/3521/2818 3018/3526/2818
s 1
f 3018/3527/2819 3022/3522/2815 3021/3523/2816 3017/3528/2820
f 3017/3528/2820 3021/3523/2816 3019/3524/2817 3015/3529/2821
s 0
f 3012/3530/2822 3016/3525/2822 3018/3526/2822 3014/3531/2822
s 1
f 3014/3532/2823 3018/3527/2819 3017/3528/2820 3013/3533/2824
f 3013/3533/2824 3017/3528/2820 3015/3529/2821 3011/3534/2825
s 0
f 3008/3535/2826 3012/3530/2826 3014/3531/2826 3010/3536/2826
s 1
f 3010/3537/2827 3014/3532/2823 3013/3533/2824 3009/3538/2828
f 3009/3538/2828 3013/3533/2824 3011/3534/2825 3007/3539/2829
s 0
f 3004/3540/2830 3008/3535/2830 3010/3536/2830 3006/3541/2830
s 1
f 3006/3542/2831 3010/3537/2827 3009/3538/2828 3005/3543/2832
f 3005/3543/2832 3009/3538/2828 3007/3539/2829 3003/3544/2833
s 0
f 3000/3545/2834 3004/3540/2834 3006/3541/2834 3002/3546/2834
s 1
f 3002/3547/2835 3006/3542/2831 3005/3543/2832 3001/3548/2836
f 3001/3548/2836 3005/3543/2832 3003/3544/2833 2999/3549/2837
s 0
f 2996/3550/2838 3000/3545/2838 3002/3546/2838 2998/3551/2838
s 1
f 2998/3552/2839 3002/3547/2835 3001/3548/2836 2997/3553/2840
f 2997/3553/2840 3001/3548/2836 2999/3549/2837 2995/3554/2841
s 0
f 2992/3555/2842 2996/3550/2842 2998/3551/2842 2994/3556/2842
s 1
f 2994/3557/2843 2998/3552/2839 2997/3553/2840 2993/3558/2844
f 2993/3558/2844 2997/3553/2840 2995/3554/2841 2991/3559/2845
s 0
f 2988/3560/2846 2992/3555/2846 2994/3556/2846 2990/3561/2846
s 1
f 2990/3562/2847 2994/3557/2843 2993/3558/2844 2989/3563/2848
f 2989/3563/2848 2993/3558/2844 2991/3559/2845 2987/3564/2849
s 0
f 2984/3565/2850 2988/3560/2850 2990/3561/2850 2986/3566/2850
s 1
f 2986/3567/2851 2990/3562/2847 2989/3563/2848 2985/3568/2852
f 2985/3568/2852 2989/3563/2848 2987/3564/2849 2983/3569/2853
s 0
f 2980/3570/2854 2984/3565/2854 2986/3566/2854 2982/3571/2854
s 1
f 2982/3572/2855 2986/3567/2851 2985/3568/2852 2981/3573/2856
f 2981/3573/2856 2985/3568/2852 2983/3569/2853 2979/3574/2857
s 0
f 2976/3575/2858 2980/3570/2858 2982/3571/2858 2978/3576/2858
s 1
f 2978/3577/2859 2982/3572/2855 2981/3573/2856 2977/3578/2860
f 2977/3578/2860 2981/3573/2856 2979/3574/2857 2975/3579/2861
s 0
f 2972/3580/2862 2976/3575/2862 2978/3576/2862 2974/3581/2862
s 1
f 2974/3582/2863 2978/3577/2859 2977/3578/2860 2973/3583/2864
f 2973/3583/2864 2977/3578/2860 2975/3579/2861 2971/3584/2865
s 0
f 2968/3585/2866 2972/3580/2866 2974/3581/2866 2970/3586/2866
s 1
f 2970/3587/2867 2974/3582/2863 2973/3583/2864 2969/3588/2868
f 2969/3588/2868 2973/3583/2864 2971/3584/2865 2967/3589/2869
s 0
f 2964/3590/2870 2968/3585/2870 2970/3586/2870 2966/3591/2870
s 1
f 2966/3592/2871 2970/3587/2867 2969/3588/2868 2965/3593/2872
f 2965/3593/2872 2969/3588/2868 2967/3589/2869 2963/3594/2873
s 0
f 2960/3595/2874 2964/3590/2874 2966/3591/2874 2962/3596/2874
s 1
f 2962/3597/2875 2966/3592/2871 2965/3593/2872 2961/3598/2876
f 2961/3598/2876 2965/3593/2872 2963/3594/2873 2959/3599/2877
s 0
f 2956/3600/2878 2960/3595/2878 2962/3596/2878 2958/3601/2878
f 2958/3601/2879 2962/3596/2879 2961/3602/2879 2957/3603/2879
s 1
f 2957/3604/2880 2961/3605/2876 2959/3606/2877 2955/3607/2881
s 0
f 2952/3608/2882 2956/3600/2882 2958/3601/2882 2954/3609/2882
f 2954/3609/2883 2958/3601/2883 2957/3603/2883 2953/3610/2883
s 1
f 2953/3611/2884 2957/3604/2880 2955/3607/2881 2951/3612/2885
s 0
f 2948/3613/2886 2952/3608/2886 2954/3609/2886 2950/3614/2886
f 2950/3614/2887 2954/3609/2887 2953/3610/2887 2949/3615/2887
s 1
f 2949/3616/2888 2953/3611/2884 2951/3612/2885 2947/3617/2889
s 0
f 2944/3618/2890 2948/3613/2890 2950/3614/2890 2946/3619/2890
f 2946/3619/2891 2950/3614/2891 2949/3615/2891 2945/3620/2891
s 1
f 2945/3621/2892 2949/3616/2888 2947/3617/2889 2943/3622/2893
s 0
f 2940/3623/2894 2944/3618/2894 2946/3619/2894 2942/3624/2894
f 2942/3624/2895 2946/3619/2895 2945/3620/2895 2941/3625/2895
s 1
f 2941/3626/2896 2945/3621/2892 2943/3622/2893 2939/3627/2897
s 0
f 2936/3628/2898 2940/3623/2898 2942/3624/2898 2938/3629/2898
f 2938/3629/2899 2942/3624/2899 2941/3625/2899 2937/3630/2899
s 1
f 2937/3631/2900 2941/3626/2896 2939/3627/2897 2935/3632/2901
s 0
f 2932/3633/2902 2936/3628/2902 2938/3629/2902 2934/3634/2902
f 2934/3634/2903 2938/3629/2903 2937/3630/2903 2933/3635/2903
s 1
f 2933/3636/2904 2937/3631/2900 2935/3632/2901 2931/3637/2905
s 0
f 2928/3638/2906 2932/3633/2906 2934/3634/2906 2930/3639/2906
f 2930/3639/2907 2934/3634/2907 2933/3635/2907 2929/3640/2907
s 1
f 2929/3641/2908 2933/3636/2904 2931/3637/2905 2927/3642/2909
s 0
f 2924/3643/2910 2928/3638/2910 2930/3639/2910 2926/3644/2910
s 1
f 2926/3645/2911 2930/3646/2912 2929/3647/2908 2925/3648/2913
f 2925/3648/2913 2929/3647/2908 2927/3649/2909 2923/3650/2914
s 0
f 2920/3651/2915 2924/3643/2915 2926/3644/2915 2922/3652/2915
s 1
f 2922/3653/2916 2926/3645/2911 2925/3648/2913 2921/3654/2917
f 2921/3654/2917 2925/3648/2913 2923/3650/2914 2919/3655/2918
s 0
f 2916/3656/2919 2920/3651/2919 2922/3652/2919 2918/3657/2919
s 1
f 2918/3658/2920 2922/3653/2916 2921/3654/2917 2917/3659/2921
f 2917/3659/2921 2921/3654/2917 2919/3655/2918 2915/3660/2922
s 0
f 2912/3661/2923 2916/3656/2923 2918/3657/2923 2914/3662/2923
s 1
f 2914/3663/2924 2918/3658/2920 2917/3659/2921 2913/3664/2925
f 2913/3664/2925 2917/3659/2921 2915/3660/2922 2911/3665/2926
s 0
f 2908/3666/2927 2912/3661/2927 2914/3662/2927 2910/3667/2927
s 1
f 2910/3668/2928 2914/3663/2924 2913/3664/2925 2909/3669/2929
f 2909/3669/2929 2913/3664/2925 2911/3665/2926 2907/3670/2930
s 0
f 2904/3671/2931 2908/3666/2931 2910/3667/2931 2906/3672/2931
s 1
f 2906/3673/2932 2910/3668/2928 2909/3669/2929 2905/3674/2933
f 2905/3674/2933 2909/3669/2929 2907/3670/2930 2903/3675/2934
s 0
f 2900/3676/2935 2904/3671/2935 2906/3672/2935 2902/3677/2935
s 1
f 2902/3678/2936 2906/3673/2932 2905/3674/2933 2901/3679/2937
f 2901/3679/2937 2905/3674/2933 2903/3675/2934 2899/3680/2938
s 0
f 2896/3681/2939 2900/3676/2939 2902/3677/2939 2898/3682/2939
s 1
f 2898/3683/2940 2902/3678/2936 2901/3679/2937 2897/3684/2941
f 2897/3684/2941 2901/3679/2937 2899/3680/2938 2895/3685/2942
s 0
f 2892/3686/2943 2896/3681/2943 2898/3682/2943 2894/3687/2943
s 1
f 2894/3688/2944 2898/3683/2940 2897/3684/2941 2893/3689/2945
f 2893/3689/2945 2897/3684/2941 2895/3685/2942 2891/3690/2946
s 0
f 2888/3691/2947 2892/3686/2947 2894/3687/2947 2890/3692/2947
s 1
f 2890/3693/2948 2894/3688/2944 2893/3689/2945 2889/3694/2949
f 2889/3694/2949 2893/3689/2945 2891/3690/2946 2887/3695/2950
s 0
f 2884/3696/2951 2888/3691/2951 2890/3692/2951 2886/3697/2951
s 1
f 2886/3698/2952 2890/3693/2948 2889/3694/2949 2885/3699/2953
f 2885/3699/2953 2889/3694/2949 2887/3695/2950 2883/3700/2954
s 0
f 2880/3701/2955 2884/3696/2955 2886/3697/2955 2882/3702/2955
s 1
f 2882/3703/2956 2886/3698/2952 2885/3699/2953 2881/3704/2957
f 2881/3704/2957 2885/3699/2953 2883/3700/2954 2879/3705/2958
s 0
f 2876/3706/2959 2880/3701/2959 2882/3702/2959 2878/3707/2959
s 1
f 2878/3708/2960 2882/3703/2956 2881/3704/2957 2877/3709/2961
f 2877/3709/2961 2881/3704/2957 2879/3705/2958 2875/3710/2962
s 0
f 2872/3711/2963 2876/3706/2963 2878/3707/2963 2874/3712/2963
s 1
f 2874/3713/2964 2878/3708/2960 2877/3709/2961 2873/3714/2965
f 2873/3714/2965 2877/3709/2961 2875/3710/2962 2871/3715/2966
s 0
f 2868/3716/2967 2872/3711/2967 2874/3712/2967 2870/3717/2967
s 1
f 2870/3718/2968 2874/3713/2964 2873/3714/2965 2869/3719/2969
f 2869/3719/2969 2873/3714/2965 2871/3715/2966 2867/3720/2970
s 0
f 2864/3721/2971 2868/3716/2971 2870/3717/2971 2866/3722/2971
s 1
f 2866/3723/2972 2870/3718/2968 2869/3719/2969 2865/3724/2973
f 2865/3724/2973 2869/3719/2969 2867/3720/2970 2863/3725/2974
s 0
f 2860/3726/2975 2864/3721/2975 2866/3722/2975 2862/3727/2975
s 1
f 2862/3728/2976 2866/3723/2972 2865/3724/2973 2861/3729/2977
f 2861/3729/2977 2865/3724/2973 2863/3725/2974 2859/3730/2978
s 0
f 2856/3731/2979 2860/3726/2979 2862/3727/2979 2858/3732/2979
s 1
f 2858/3733/2980 2862/3728/2976 2861/3729/2977 2857/3734/2981
f 2857/3734/2981 2861/3729/2977 2859/3730/2978 2855/3735/2982
s 0
f 2852/3736/2983 2856/3731/2983 2858/3732/2983 2854/3737/2983
s 1
f 2854/3738/2984 2858/3733/2980 2857/3734/2981 2853/3739/2985
f 2853/3739/2985 2857/3734/2981 2855/3735/2982 2851/3740/2986
s 0
f 2848/3741/2987 2852/3736/2987 2854/3737/2987 2850/3742/2987
s 1
f 2850/3743/2988 2854/3738/2984 2853/3739/2985 2849/3744/2989
f 2849/3744/2989 2853/3739/2985 2851/3740/2986 2847/3745/2990
s 0
f 2844/3746/2991 2848/3741/2991 2850/3742/2991 2846/3747/2991
s 1
f 2846/3748/2992 2850/3743/2988 2849/3744/2989 2845/3749/2993
f 2845/3749/2993 2849/3744/2989 2847/3745/2990 2843/3750/2994
s 0
f 2840/3751/2995 2844/3746/2995 2846/3747/2995 2842/3752/2995
s 1
f 2842/3753/2996 2846/3748/2992 2845/3749/2993 2841/3754/2997
f 2841/3754/2997 2845/3749/2993 2843/3750/2994 2839/3755/2998
s 0
f 2836/3756/2999 2840/3751/2999 2842/3752/2999 2838/3757/2999
s 1
f 2838/3758/3000 2842/3753/2996 2841/3754/2997 2837/3759/3001
f 2837/3759/3001 2841/3754/2997 2839/3755/2998 2835/3760/3002
s 0
f 2832/3761/3003 2836/3756/3003 2838/3757/3003 2834/3762/3003
s 1
f 2834/3763/3004 2838/3758/3000 2837/3759/3001 2833/3764/3005
f 2833/3764/3005 2837/3759/3001 2835/3760/3002 2831/3765/3006
s 0
f 2828/3766/3007 2832/3761/3007 2834/3762/3007 2830/3767/3007
f 2830/3767/3008 2834/3762/3008 2833/3768/3008 2829/3769/3008
s 1
f 2829/3770/3009 2833/3771/3005 2831/3772/3006 2827/3773/3010
s 0
f 2824/3774/3011 2828/3766/3011 2830/3767/3011 2826/3775/3011
f 2826/3775/3012 2830/3767/3012 2829/3769/3012 2825/3776/3012
s 1
f 2825/3777/3013 2829/3770/3009 2827/3773/3010 2823/3778/3014
s 0
f 2820/3779/3015 2824/3774/3015 2826/3775/3015 2822/3780/3015
f 2822/3780/3016 2826/3775/3016 2825/3776/3016 2821/3781/3016
s 1
f 2821/3782/3017 2825/3777/3013 2823/3778/3014 2819/3783/3018
s 0
f 2815/3461/3019 2820/3779/3019 2822/3780/3019 2817/3459/3019
f 2817/3459/3020 2822/3780/3020 2821/3781/3020 2818/3456/3020
s 1
f 2818/3455/2766 2821/3782/3017 2819/3783/3018 2816/3452/2763
f 3072/3784/3021 3076/3785/3022 3078/3786/3023 3074/3787/3024
f 3074/3787/3024 3078/3786/3023 3077/3788/3025 3073/3789/3026
s 0
f 3073/3790/3027 3077/3791/3027 3075/3792/3027 3071/3793/3027
s 1
f 3076/3785/3022 3080/3794/3028 3082/3795/3029 3078/3786/3023
f 3078/3786/3023 3082/3795/3029 3081/3796/3030 3077/3788/3025
s 0
f 3077/3791/3031 3081/3797/3031 3079/3798/3031 3075/3792/3031
s 1
f 3080/3794/3028 3084/3799/3032 3086/3800/3033 3082/3795/3029
f 3082/3795/3029 3086/3800/3033 3085/3801/3034 3081/3796/3030
s 0
f 3081/3797/3035 3085/3802/3035 3083/3803/3035 3079/3798/3035
s 1
f 3084/3799/3032 3088/3804/3036 3090/3805/3037 3086/3800/3033
f 3086/3800/3033 3090/3805/3037 3089/3806/3038 3085/3801/3034
s 0
f 3085/3802/3039 3089/3807/3039 3087/3808/3039 3083/3803/3039
s 1
f 3088/3809/3036 3092/3810/3040 3094/3811/3041 3090/3812/3037
f 3090/3812/3037 3094/3811/3041 3093/3813/3042 3089/3814/3038
s 0
f 3089/3807/3043 3093/3815/3043 3091/3816/3043 3087/3808/3043
s 1
f 3092/3810/3040 3096/3817/3044 3098/3818/3045 3094/3811/3041
f 3094/3811/3041 3098/3818/3045 3097/3819/3046 3093/3813/3042
s 0
f 3093/3815/3047 3097/3820/3047 3095/3821/3047 3091/3816/3047
s 1
f 3096/3817/3044 3100/3822/3048 3102/3823/3049 3098/3818/3045
f 3098/3818/3045 3102/3823/3049 3101/3824/3050 3097/3819/3046
s 0
f 3097/3820/3051 3101/3825/3051 3099/3826/3051 3095/3821/3051
s 1
f 3100/3822/3048 3104/3827/3052 3106/3828/3053 3102/3823/3049
f 3102/3823/3049 3106/3828/3053 3105/3829/3054 3101/3824/3050
s 0
f 3101/3825/3055 3105/3830/3055 3103/3831/3055 3099/3826/3055
s 1
f 3104/3827/3052 3108/3832/3056 3110/3833/3057 3106/3828/3053
f 3106/3828/3053 3110/3833/3057 3109/3834/3058 3105/3829/3054
s 0
f 3105/3830/3059 3109/3835/3059 3107/3836/3059 3103/3831/3059
s 1
f 3108/3832/3056 3112/3837/3060 3114/3838/3061 3110/3833/3057
f 3110/3833/3057 3114/3838/3061 3113/3839/3062 3109/3834/3058
s 0
f 3109/3835/3063 3113/3840/3063 3111/3841/3063 3107/3836/3063
s 1
f 3112/3837/3060 3116/3842/3064 3118/3843/3065 3114/3838/3061
f 3114/3838/3061 3118/3843/3065 3117/3844/3066 3113/3839/3062
s 0
f 3113/3840/3067 3117/3845/3067 3115/3846/3067 3111/3841/3067
s 1
f 3116/3842/3064 3120/3847/3068 3122/3848/3069 3118/3843/3065
f 3118/3843/3065 3122/3848/3069 3121/3849/3070 3117/3844/3066
s 0
f 3117/3845/3071 3121/3850/3071 3119/3851/3071 3115/3846/3071
s 1
f 3120/3847/3068 3124/3852/3072 3126/3853/3073 3122/3848/3069
f 3122/3848/3069 3126/3853/3073 3125/3854/3074 3121/3849/3070
s 0
f 3121/3850/3075 3125/3855/3075 3123/3856/3075 3119/3851/3075
s 1
f 3124/3852/3072 3128/3857/3076 3130/3858/3077 3126/3853/3073
f 3126/3853/3073 3130/3858/3077 3129/3859/3078 3125/3854/3074
s 0
f 3125/3855/3079 3129/3860/3079 3127/3861/3079 3123/3856/3079
s 1
f 3128/3857/3076 3132/3862/3080 3134/3863/3081 3130/3858/3077
f 3130/3858/3077 3134/3863/3081 3133/3864/3082 3129/3859/3078
s 0
f 3129/3860/3083 3133/3865/3083 3131/3866/3083 3127/3861/3083
s 1
f 3132/3862/3080 3136/3867/3084 3138/3868/3085 3134/3863/3081
f 3134/3863/3081 3138/3868/3085 3137/3869/3086 3133/3864/3082
s 0
f 3133/3865/3087 3137/3870/3087 3135/3871/3087 3131/3866/3087
s 1
f 3136/3867/3084 3140/3872/3088 3142/3873/3089 3138/3868/3085
f 3138/3868/3085 3142/3873/3089 3141/3874/3090 3137/3869/3086
s 0
f 3137/3870/3091 3141/3875/3091 3139/3876/3091 3135/3871/3091
s 1
f 3140/3872/3088 3144/3877/3092 3146/3878/3093 3142/3873/3089
f 3142/3873/3089 3146/3878/3093 3145/3879/3094 3141/3874/3090
s 0
f 3141/3875/3095 3145/3880/3095 3143/3881/3095 3139/3876/3095
s 1
f 3144/3877/3092 3148/3882/3096 3150/3883/3097 3146/3878/3093
f 3146/3878/3093 3150/3883/3097 3149/3884/3098 3145/3879/3094
s 0
f 3145/3880/3099 3149/3885/3099 3147/3886/3099 3143/3881/3099
s 1
f 3148/3882/3096 3152/3887/3100 3154/3888/3101 3150/3883/3097
f 3150/3883/3097 3154/3888/3101 3153/3889/3102 3149/3884/3098
s 0
f 3149/3885/3103 3153/3890/3103 3151/3891/3103 3147/3886/3103
s 1
f 3152/3887/3100 3156/3892/3104 3158/3893/3105 3154/3888/3101
f 3154/3888/3101 3158/3893/3105 3157/3894/3106 3153/3889/3102
s 0
f 3153/3890/3107 3157/3895/3107 3155/3896/3107 3151/3891/3107
s 1
f 3156/3892/3104 3160/3897/3108 3162/3898/3109 3158/3893/3105
f 3158/3893/3105 3162/3898/3109 3161/3899/3110 3157/3894/3106
s 0
f 3157/3895/3111 3161/3900/3111 3159/3901/3111 3155/3896/3111
s 1
f 3160/3897/3108 3164/3902/3112 3166/3903/3113 3162/3898/3109
f 3162/3898/3109 3166/3903/3113 3165/3904/3114 3161/3899/3110
s 0
f 3161/3900/3115 3165/3905/3115 3163/3906/3115 3159/3901/3115
s 1
f 3164/3902/3112 3168/3907/3116 3170/3908/3117 3166/3903/3113
f 3166/3903/3113 3170/3908/3117 3169/3909/3118 3165/3904/3114
s 0
f 3165/3905/3119 3169/3910/3119 3167/3911/3119 3163/3906/3119
s 1
f 3168/3907/3116 3172/3912/3120 3174/3913/3121 3170/3908/3117
f 3170/3908/3117 3174/3913/3121 3173/3914/3122 3169/3909/3118
s 0
f 3169/3910/3123 3173/3915/3123 3171/3916/3123 3167/3911/3123
s 1
f 3172/3912/3120 3176/3917/3124 3178/3918/3125 3174/3913/3121
f 3174/3913/3121 3178/3918/3125 3177/3919/3126 3173/3914/3122
s 0
f 3173/3915/3127 3177/3920/3127 3175/3921/3127 3171/3916/3127
s 1
f 3176/3917/3124 3180/3922/3128 3182/3923/3129 3178/3918/3125
f 3178/3918/3125 3182/3923/3129 3181/3924/3130 3177/3919/3126
s 0
f 3177/3920/3131 3181/3925/3131 3179/3926/3131 3175/3921/3131
s 1
f 3180/3922/3128 3184/3927/3132 3186/3928/3133 3182/3923/3129
f 3182/3923/3129 3186/3928/3133 3185/3929/3134 3181/3924/3130
s 0
f 3181/3925/3135 3185/3930/3135 3183/3931/3135 3179/3926/3135
s 1
f 3184/3927/3132 3188/3932/3136 3190/3933/3137 3186/3928/3133
f 3186/3928/3133 3190/3933/3137 3189/3934/3138 3185/3929/3134
s 0
f 3185/3930/3139 3189/3935/3139 3187/3936/3139 3183/3931/3139
s 1
f 3188/3937/3136 3192/3938/3140 3194/3939/3141 3190/3940/3137
f 3190/3940/3137 3194/3939/3141 3193/3941/3142 3189/3942/3138
s 0
f 3189/3935/3143 3193/3943/3143 3191/3944/3143 3187/3936/3143
s 1
f 3192/3938/3140 3196/3945/3144 3198/3946/3145 3194/3939/3141
f 3194/3939/3141 3198/3946/3145 3197/3947/3146 3193/3941/3142
s 0
f 3193/3943/3147 3197/3948/3147 3195/3949/3147 3191/3944/3147
s 1
f 3196/3945/3144 3200/3950/3148 3202/3951/3149 3198/3946/3145
f 3198/3946/3145 3202/3951/3149 3201/3952/3150 3197/3947/3146
s 0
f 3197/3948/3151 3201/3953/3151 3199/3954/3151 3195/3949/3151
s 1
f 3200/3950/3148 3204/3955/3152 3206/3956/3153 3202/3951/3149
f 3202/3951/3149 3206/3956/3153 3205/3957/3154 3201/3952/3150
s 0
f 3201/3953/3155 3205/3958/3155 3203/3959/3155 3199/3954/3155
s 1
f 3204/3955/3152 3208/3960/3156 3210/3961/3157 3206/3956/3153
f 3206/3956/3153 3210/3961/3157 3209/3962/3158 3205/3957/3154
s 0
f 3205/3958/3159 3209/3963/3159 3207/3964/3159 3203/3959/3159
s 1
f 3208/3960/3156 3212/3965/3160 3214/3966/3161 3210/3961/3157
f 3210/3961/3157 3214/3966/3161 3213/3967/3162 3209/3962/3158
s 0
f 3209/3963/3163 3213/3968/3163 3211/3969/3163 3207/3964/3163
s 1
f 3212/3965/3160 3216/3970/3164 3218/3971/3165 3214/3966/3161
f 3214/3966/3161 3218/3971/3165 3217/3972/3166 3213/3967/3162
s 0
f 3213/3968/3167 3217/3973/3167 3215/3974/3167 3211/3969/3167
s 1
f 3216/3975/3164 3220/3976/3168 3222/3977/3169 3218/3978/3165
f 3218/3978/3165 3222/3977/3169 3221/3979/3170 3217/3980/3166
s 0
f 3217/3973/3171 3221/3981/3171 3219/3982/3171 3215/3974/3171
s 1
f 3220/3976/3168 3224/3983/3172 3226/3984/3173 3222/3977/3169
f 3222/3977/3169 3226/3984/3173 3225/3985/3174 3221/3979/3170
s 0
f 3221/3981/3175 3225/3986/3175 3223/3987/3175 3219/3982/3175
s 1
f 3224/3983/3172 3228/3988/3176 3230/3989/3177 3226/3984/3173
f 3226/3984/3173 3230/3989/3177 3229/3990/3178 3225/3985/3174
s 0
f 3225/3986/3179 3229/3991/3179 3227/3992/3179 3223/3987/3179
s 1
f 3228/3988/3176 3232/3993/3180 3234/3994/3181 3230/3989/3177
f 3230/3989/3177 3234/3994/3181 3233/3995/3182 3229/3990/3178
s 0
f 3229/3991/3183 3233/3996/3183 3231/3997/3183 3227/3992/3183
s 1
f 3232/3993/3180 3236/3998/3184 3238/3999/3185 3234/3994/3181
f 3234/3994/3181 3238/3999/3185 3237/4000/3186 3233/3995/3182
s 0
f 3233/3996/3187 3237/4001/3187 3235/4002/3187 3231/3997/3187
s 1
f 3236/3998/3184 3240/4003/3188 3242/4004/3189 3238/3999/3185
f 3238/3999/3185 3242/4004/3189 3241/4005/3190 3237/4000/3186
s 0
f 3237/4001/3191 3241/4006/3191 3239/4007/3191 3235/4002/3191
s 1
f 3240/4003/3188 3244/4008/3192 3246/4009/3193 3242/4004/3189
f 3242/4004/3189 3246/4009/3193 3245/4010/3194 3241/4005/3190
s 0
f 3241/4006/3195 3245/4011/3195 3243/4012/3195 3239/4007/3195
s 1
f 3244/4008/3192 3248/4013/3196 3250/4014/3197 3246/4009/3193
f 3246/4009/3193 3250/4014/3197 3249/4015/3198 3245/4010/3194
s 0
f 3245/4011/3199 3249/4016/3199 3247/4017/3199 3243/4012/3199
s 1
f 3248/4013/3196 3252/4018/3200 3254/4019/3201 3250/4014/3197
f 3250/4014/3197 3254/4019/3201 3253/4020/3202 3249/4015/3198
s 0
f 3249/4016/3203 3253/4021/3203 3251/4022/3203 3247/4017/3203
s 1
f 3252/4018/3200 3256/4023/3204 3258/4024/3205 3254/4019/3201
f 3254/4019/3201 3258/4024/3205 3257/4025/3206 3253/4020/3202
s 0
f 3253/4021/3207 3257/4026/3207 3255/4027/3207 3251/4022/3207
s 1
f 3256/4023/3204 3260/4028/3208 3262/4029/3209 3258/4024/3205
f 3258/4024/3205 3262/4029/3209 3261/4030/3210 3257/4025/3206
s 0
f 3257/4026/3211 3261/4031/3211 3259/4032/3211 3255/4027/3211
s 1
f 3260/4028/3208 3264/4033/3212 3266/4034/3213 3262/4029/3209
f 3262/4029/3209 3266/4034/3213 3265/4035/3214 3261/4030/3210
s 0
f 3261/4031/3215 3265/4036/3215 3263/4037/3215 3259/4032/3215
s 1
f 3264/4033/3212 3268/4038/3216 3270/4039/3217 3266/4034/3213
f 3266/4034/3213 3270/4039/3217 3269/4040/3218 3265/4035/3214
s 0
f 3265/4036/3219 3269/4041/3219 3267/4042/3219 3263/4037/3219
s 1
f 3268/4038/3216 3272/4043/3220 3274/4044/3221 3270/4039/3217
f 3270/4039/3217 3274/4044/3221 3273/4045/3222 3269/4040/3218
s 0
f 3269/4041/3223 3273/4046/3223 3271/4047/3223 3267/4042/3223
s 1
f 3272/4043/3220 3276/4048/3224 3278/4049/3225 3274/4044/3221
f 3274/4044/3221 3278/4049/3225 3277/4050/3226 3273/4045/3222
s 0
f 3273/4046/3227 3277/4051/3227 3275/4052/3227 3271/4047/3227
s 1
f 3276/4048/3224 3280/4053/3228 3282/4054/3229 3278/4049/3225
f 3278/4049/3225 3282/4054/3229 3281/4055/3230 3277/4050/3226
s 0
f 3277/4051/3231 3281/4056/3231 3279/4057/3231 3275/4052/3231
s 1
f 3280/4053/3228 3284/4058/3232 3286/4059/3233 3282/4054/3229
f 3282/4054/3229 3286/4059/3233 3285/4060/3234 3281/4055/3230
s 0
f 3281/4056/3235 3285/4061/3235 3283/4062/3235 3279/4057/3235
s 1
f 3284/4058/3232 3288/4063/3236 3290/4064/3237 3286/4059/3233
f 3286/4059/3233 3290/4064/3237 3289/4065/3238 3285/4060/3234
s 0
f 3285/4061/3239 3289/4066/3239 3287/4067/3239 3283/4062/3239
s 1
f 3288/4063/3236 3292/4068/3240 3294/4069/3241 3290/4064/3237
f 3290/4064/3237 3294/4069/3241 3293/4070/3242 3289/4065/3238
s 0
f 3289/4066/3243 3293/4071/3243 3291/4072/3243 3287/4067/3243
s 1
f 3292/4068/3240 3296/4073/3244 3298/4074/3245 3294/4069/3241
f 3294/4069/3241 3298/4074/3245 3297/4075/3246 3293/4070/3242
s 0
f 3293/4071/3247 3297/4076/3247 3295/4077/3247 3291/4072/3247
s 1
f 3296/4073/3244 3300/4078/3248 3302/4079/3249 3298/4074/3245
f 3298/4074/3245 3302/4079/3249 3301/4080/3250 3297/4075/3246
s 0
f 3297/4076/3251 3301/4081/3251 3299/4082/3251 3295/4077/3251
s 1
f 3300/4078/3248 3304/4083/3252 3306/4084/3253 3302/4079/3249
f 3302/4079/3249 3306/4084/3253 3305/4085/3254 3301/4080/3250
s 0
f 3301/4081/3255 3305/4086/3255 3303/4087/3255 3299/4082/3255
s 1
f 3304/4083/3252 3308/4088/3256 3310/4089/3257 3306/4084/3253
f 3306/4084/3253 3310/4089/3257 3309/4090/3258 3305/4085/3254
s 0
f 3305/4086/3259 3309/4091/3259 3307/4092/3259 3303/4087/3259
s 1
f 3308/4088/3256 3312/4093/3260 3314/4094/3261 3310/4089/3257
f 3310/4089/3257 3314/4094/3261 3313/4095/3262 3309/4090/3258
s 0
f 3309/4091/3263 3313/4096/3263 3311/4097/3263 3307/4092/3263
s 1
f 3312/4093/3260 3316/4098/3264 3318/4099/3265 3314/4094/3261
f 3314/4094/3261 3318/4099/3265 3317/4100/3266 3313/4095/3262
s 0
f 3313/4096/3267 3317/4101/3267 3315/4102/3267 3311/4097/3267
s 1
f 3316/4103/3264 3320/4104/3268 3322/4105/3269 3318/4106/3265
f 3318/4106/3265 3322/4105/3269 3321/4107/3270 3317/4108/3266
s 0
f 3317/4101/3271 3321/4109/3271 3319/4110/3271 3315/4102/3271
s 1
f 3320/4104/3268 3324/4111/3272 3326/4112/3273 3322/4105/3269
f 3322/4105/3269 3326/4112/3273 3325/4113/3274 3321/4107/3270
s 0
f 3321/4109/3275 3325/4114/3275 3323/4115/3275 3319/4110/3275
f 3071/3793/3276 3323/4115/3276 3325/4114/3276 3073/3790/3276
s 1
f 3073/3789/3026 3325/4113/3274 3326/4112/3273 3074/3787/3024
f 3074/3787/3024 3326/4112/3273 3324/4111/3272 3072/3784/3021
f 3067/3453/2764 2816/3452/2763 2751/4116/3277 2814/4117/3278
s 0
f 3068/3460/3279 3064/3462/3279 3060/3467/3279 3056/3472/3279 3052/3477/3279 3048/3485/3279 3044/3490/3279 3040/3495/3279 3036/3500/3279 3032/3505/3279 3028/3510/3279 3024/3515/3279 3020/3520/3279 3016/3525/3279 3012/3530/3279 3008/3535/3279 3004/3540/3279 3000/3545/3279 2996/3550/3279 2992/3555/3279 2988/3560/3279 2984/3565/3279 2980/3570/3279 2976/3575/3279 2972/3580/3279 2968/3585/3279 2964/3590/3279 2960/3595/3279 2956/3600/3279 2952/3608/3279 2948/3613/3279 2944/3618/3279 2940/3623/3279 2936/3628/3279 2932/3633/3279 2928/3638/3279 2924/3643/3279 2920/3651/3279 2916/3656/3279 2912/3661/3279 2908/3666/3279 2904/3671/3279 2900/3676/3279 2896/3681/3279 2892/3686/3279 2888/3691/3279 2884/3696/3279 2880/3701/3279 2876/3706/3279 2872/3711/3279 2868/3716/3279 2864/3721/3279 2860/3726/3279 2856/3731/3279 2852/3736/3279 2848/3741/3279 2844/3746/3279 2840/3751/3279 2836/3756/3279 2832/3761/3279 2828/3766/3279 2824/3774/3279 2820/3779/3279 2815/3461/3279
s 1
f 2816/3452/2763 2819/3783/3018 2752/4118/3280 2751/4116/3277
f 2819/3783/3018 2823/3778/3014 2753/4119/3281 2752/4118/3280
f 2823/3778/3014 2827/3773/3010 2754/4120/3282 2753/4119/3281
f 2827/3773/3010 2831/3772/3006 2755/4121/3283 2754/4120/3282
f 2831/3765/3006 2835/3760/3002 2756/4122/3284 2755/4123/3283
f 2835/3760/3002 2839/3755/2998 2757/4124/3285 2756/4122/3284
f 2839/3755/2998 2843/3750/2994 2758/4125/3286 2757/4124/3285
f 2843/3750/2994 2847/3745/2990 2759/4126/3287 2758/4125/3286
f 2847/3745/2990 2851/3740/2986 2760/4127/3288 2759/4126/3287
f 2851/3740/2986 2855/3735/2982 2761/4128/3289 2760/4127/3288
f 2855/3735/2982 2859/3730/2978 2762/4129/3290 2761/4128/3289
f 2859/3730/2978 2863/3725/2974 2763/4130/3291 2762/4129/3290
f 2863/3725/2974 2867/3720/2970 2764/4131/3292 2763/4130/3291
f 2867/3720/2970 2871/3715/2966 2765/4132/3293 2764/4131/3292
f 2871/3715/2966 2875/3710/2962 2766/4133/3294 2765/4132/3293
f 2875/3710/2962 2879/3705/2958 2767/4134/3295 2766/4133/3294
f 2879/3705/2958 2883/3700/2954 2768/4135/3296 2767/4134/3295
f 2883/3700/2954 2887/3695/2950 2769/4136/3297 2768/4135/3296
f 2887/3695/2950 2891/3690/2946 2770/4137/3298 2769/4136/3297
f 2891/3690/2946 2895/3685/2942 2771/4138/3299 2770/4137/3298
f 2895/3685/2942 2899/3680/2938 2772/4139/3300 2771/4138/3299
f 2899/3680/2938 2903/3675/2934 2773/4140/3301 2772/4139/3300
f 2903/3675/2934 2907/3670/2930 2774/4141/3302 2773/4140/3301
f 2907/3670/2930 2911/3665/2926 2775/4142/3303 2774/4141/3302
f 2911/3665/2926 2915/3660/2922 2776/4143/3304 2775/4142/3303
f 2915/3660/2922 2919/3655/2918 2777/4144/3305 2776/4143/3304
f 2919/3655/2918 2923/3650/2914 2778/4145/3306 2777/4144/3305
f 2923/3650/2914 2927/3649/2909 2779/4146/3307 2778/4145/3306
f 2927/3642/2909 2931/3637/2905 2780/4147/3308 2779/4148/3307
f 2931/3637/2905 2935/3632/2901 2781/4149/3309 2780/4147/3308
f 2935/3632/2901 2939/3627/2897 2782/4150/3310 2781/4149/3309
f 2939/3627/2897 2943/3622/2893 2783/4151/3311 2782/4150/3310
f 2943/3622/2893 2947/3617/2889 2784/4152/3312 2783/4151/3311
f 2947/3617/2889 2951/3612/2885 2785/4153/3313 2784/4152/3312
f 2951/3612/2885 2955/3607/2881 2786/4154/3314 2785/4153/3313
f 2955/3607/2881 2959/3606/2877 2787/4155/3315 2786/4154/3314
f 2959/3599/2877 2963/3594/2873 2788/4156/3316 2787/4157/3315
f 2963/3594/2873 2967/3589/2869 2789/4158/3317 2788/4156/3316
f 2967/3589/2869 2971/3584/2865 2790/4159/3318 2789/4158/3317
f 2971/3584/2865 2975/3579/2861 2791/4160/3319 2790/4159/3318
f 2975/3579/2861 2979/3574/2857 2792/4161/3320 2791/4160/3319
f 2979/3574/2857 2983/3569/2853 2793/4162/3321 2792/4161/3320
f 2983/3569/2853 2987/3564/2849 2794/4163/3322 2793/4162/3321
f 2987/3564/2849 2991/3559/2845 2795/4164/3323 2794/4163/3322
f 2991/3559/2845 2995/3554/2841 2796/4165/3324 2795/4164/3323
f 2995/3554/2841 2999/3549/2837 2797/4166/3325 2796/4165/3324
f 2999/3549/2837 3003/3544/2833 2798/4167/3326 2797/4166/3325
f 3003/3544/2833 3007/3539/2829 2799/4168/3327 2798/4167/3326
f 3007/3539/2829 3011/3534/2825 2800/4169/3328 2799/4168/3327
f 3011/3534/2825 3015/3529/2821 2801/4170/3329 2800/4169/3328
f 3015/3529/2821 3019/3524/2817 2802/4171/3330 2801/4170/3329
f 3019/3524/2817 3023/3519/2813 2803/4172/3331 2802/4171/3330
f 3023/3519/2813 3027/3514/2809 2804/4173/3332 2803/4172/3331
f 3027/3514/2809 3031/3509/2805 2805/4174/3333 2804/4173/3332
f 3031/3509/2805 3035/3504/2801 2806/4175/3334 2805/4174/3333
f 3035/3504/2801 3039/3499/2797 2807/4176/3335 2806/4175/3334
f 3039/3499/2797 3043/3494/2793 2808/4177/3336 2807/4176/3335
f 3043/3494/2793 3047/3489/2789 2809/4178/3337 2808/4177/3336
f 3047/3489/2789 3051/3484/2785 2810/4179/3338 2809/4178/3337
f 3051/3484/2785 3055/3483/2780 2811/4180/3339 2810/4179/3338
f 3055/3476/2780 3059/3471/2776 2812/4181/3340 2811/4182/3339
f 3059/3471/2776 3063/3466/2772 2813/4183/3341 2812/4181/3340
f 3063/3466/2772 3067/3453/2764 2814/4117/3278 2813/4183/3341
f 2814/4117/3278 2751/4116/3277 3072/3784/3021 3324/4111/3272
f 2751/4116/3277 2752/4118/3280 3076/3785/3022 3072/3784/3021
s 0
f 3071/3793/3342 3075/3792/3342 3079/3798/3342 3083/3803/3342 3087/3808/3342 3091/3816/3342 3095/3821/3342 3099/3826/3342 3103/3831/3342 3107/3836/3342 3111/3841/3342 3115/3846/3342 3119/3851/3342 3123/3856/3342 3127/3861/3342 3131/3866/3342 3135/3871/3342 3139/3876/3342 3143/3881/3342 3147/3886/3342 3151/3891/3342 3155/3896/3342 3159/3901/3342 3163/3906/3342 3167/3911/3342 3171/3916/3342 3175/3921/3342 3179/3926/3342 3183/3931/3342 3187/3936/3342 3191/3944/3342 3195/3949/3342 3199/3954/3342 3203/3959/3342 3207/3964/3342 3211/3969/3342 3215/3974/3342 3219/3982/3342 3223/3987/3342 3227/3992/3342 3231/3997/3342 3235/4002/3342 3239/4007/3342 3243/4012/3342 3247/4017/3342 3251/4022/3342 3255/4027/3342 3259/4032/3342 3263/4037/3342 3267/4042/3342 3271/4047/3342 3275/4052/3342 3279/4057/3342 3283/4062/3342 3287/4067/3342 3291/4072/3342 3295/4077/3342 3299/4082/3342 3303/4087/3342 3307/4092/3342 3311/4097/3342 3315/4102/3342 3319/4110/3342 3323/4115/3342
s 1
f 2752/4118/3280 2753/4119/3281 3080/3794/3028 3076/3785/3022
f 2753/4119/3281 2754/4120/3282 3084/3799/3032 3080/3794/3028
f 2754/4120/3282 2755/4121/3283 3088/3804/3036 3084/3799/3032
f 2755/4123/3283 2756/4122/3284 3092/3810/3040 3088/3809/3036
f 2756/4122/3284 2757/4124/3285 3096/3817/3044 3092/3810/3040
f 2757/4124/3285 2758/4125/3286 3100/3822/3048 3096/3817/3044
f 2758/4125/3286 2759/4126/3287 3104/3827/3052 3100/3822/3048
f 2759/4126/3287 2760/4127/3288 3108/3832/3056 3104/3827/3052
f 2760/4127/3288 2761/4128/3289 3112/3837/3060 3108/3832/3056
f 2761/4128/3289 2762/4129/3290 3116/3842/3064 3112/3837/3060
f 2762/4129/3290 2763/4130/3291 3120/3847/3068 3116/3842/3064
f 2763/4130/3291 2764/4131/3292 3124/3852/3072 3120/3847/3068
f 2764/4131/3292 2765/4132/3293 3128/3857/3076 3124/3852/3072
f 2765/4132/3293 2766/4133/3294 3132/3862/3080 3128/3857/3076
f 2766/4133/3294 2767/4134/3295 3136/3867/3084 3132/3862/3080
f 2767/4134/3295 2768/4135/3296 3140/3872/3088 3136/3867/3084
f 2768/4135/3296 2769/4136/3297 3144/3877/3092 3140/3872/3088
f 2769/4136/3297 2770/4137/3298 3148/3882/3096 3144/3877/3092
f 2770/4137/3298 2771/4138/3299 3152/3887/3100 3148/3882/3096
f 2771/4138/3299 2772/4139/3300 3156/3892/3104 3152/3887/3100
f 2772/4139/3300 2773/4140/3301 3160/3897/3108 3156/3892/3104
f 2773/4140/3301 2774/4141/3302 3164/3902/3112 3160/3897/3108
f 2774/4141/3302 2775/4142/3303 3168/3907/3116 3164/3902/3112
f 2775/4142/3303 2776/4143/3304 3172/3912/3120 3168/3907/3116
f 2776/4143/3304 2777/4144/3305 3176/3917/3124 3172/3912/3120
f 2777/4144/3305 2778/4145/3306 3180/3922/3128 3176/3917/3124
f 2778/4145/3306 2779/4146/3307 3184/3927/3132 3180/3922/3128
f 2779/4146/3307 2780/4184/3308 3188/3932/3136 3184/3927/3132
f 2780/4147/3308 2781/4149/3309 3192/3938/3140 3188/3937/3136
f 2781/4149/3309 2782/4150/3310 3196/3945/3144 3192/3938/3140
f 2782/4150/3310 2783/4151/3311 3200/3950/3148 3196/3945/3144
f 2783/4151/3311 2784/4152/3312 3204/3955/3152 3200/3950/3148
f 2784/4152/3312 2785/4153/3313 3208/3960/3156 3204/3955/3152
f 2785/4153/3313 2786/4154/3314 3212/3965/3160 3208/3960/3156
f 2786/4154/3314 2787/4155/3315 3216/3970/3164 3212/3965/3160
f 2787/4157/3315 2788/4156/3316 3220/3976/3168 3216/3975/3164
f 2788/4156/3316 2789/4158/3317 3224/3983/3172 3220/3976/3168
f 2789/4158/3317 2790/4159/3318 3228/3988/3176 3224/3983/3172
f 2790/4159/3318 2791/4160/3319 3232/3993/3180 3228/3988/3176
f 2791/4160/3319 2792/4161/3320 3236/3998/3184 3232/3993/3180
f 2792/4161/3320 2793/4162/3321 3240/4003/3188 3236/3998/3184
f 2793/4162/3321 2794/4163/3322 3244/4008/3192 3240/4003/3188
f 2794/4163/3322 2795/4164/3323 3248/4013/3196 3244/4008/3192
f 2795/4164/3323 2796/4165/3324 3252/4018/3200 3248/4013/3196
f 2796/4165/3324 2797/4166/3325 3256/4023/3204 3252/4018/3200
f 2797/4166/3325 2798/4167/3326 3260/4028/3208 3256/4023/3204
f 2798/4167/3326 2799/4168/3327 3264/4033/3212 3260/4028/3208
f 2799/4168/3327 2800/4169/3328 3268/4038/3216 3264/4033/3212
f 2800/4169/3328 2801/4170/3329 3272/4043/3220 3268/4038/3216
f 2801/4170/3329 2802/4171/3330 3276/4048/3224 3272/4043/3220
f 2802/4171/3330 2803/4172/3331 3280/4053/3228 3276/4048/3224
f 2803/4172/3331 2804/4173/3332 3284/4058/3232 3280/4053/3228
f 2804/4173/3332 2805/4174/3333 3288/4063/3236 3284/4058/3232
f 2805/4174/3333 2806/4175/3334 3292/4068/3240 3288/4063/3236
f 2806/4175/3334 2807/4176/3335 3296/4073/3244 3292/4068/3240
f 2807/4176/3335 2808/4177/3336 3300/4078/3248 3296/4073/3244
f 2808/4177/3336 2809/4178/3337 3304/4083/3252 3300/4078/3248
f 2809/4178/3337 2810/4179/3338 3308/4088/3256 3304/4083/3252
f 2810/4179/3338 2811/4180/3339 3312/4093/3260 3308/4088/3256
f 2811/4180/3339 2812/4185/3340 3316/4098/3264 3312/4093/3260
f 2812/4181/3340 2813/4183/3341 3320/4104/3268 3316/4103/3264
f 2813/4183/3341 2814/4117/3278 3324/4111/3272 3320/4104/3268
o Exposed_end_grain_in_eye.001
v 0.009699 0.019094 -0.307904
v 0.010024 0.019102 -0.308203
v 0.009853 0.019095 -0.307944
v 0.009972 0.019098 -0.308053
v 0.009975 0.018395 -0.308221
v 0.009654 0.018429 -0.307920
v 0.009924 0.018397 -0.308071
v 0.009806 0.018410 -0.307961
v 0.009831 0.017695 -0.308238
v 0.009518 0.017770 -0.307937
v 0.009781 0.017703 -0.308088
v 0.009666 0.017731 -0.307978
v 0.009592 0.017009 -0.308255
v 0.009292 0.017121 -0.307953
v 0.009544 0.017022 -0.308105
v 0.009434 0.017064 -0.307995
v 0.009261 0.016342 -0.308272
v 0.008978 0.016489 -0.307969
v 0.009215 0.016361 -0.308122
v 0.009111 0.016415 -0.308011
v 0.008840 0.015703 -0.308288
v 0.008578 0.015880 -0.307984
v 0.008797 0.015726 -0.308138
v 0.008701 0.015791 -0.308026
v 0.008334 0.015096 -0.308303
v 0.008094 0.015300 -0.307999
v 0.008295 0.015123 -0.308153
v 0.008207 0.015198 -0.308041
v 0.007748 0.014527 -0.308317
v 0.007532 0.014754 -0.308012
v 0.007713 0.014558 -0.308167
v 0.007633 0.014641 -0.308055
v 0.007088 0.014003 -0.308331
v 0.006895 0.014248 -0.308025
v 0.007056 0.014037 -0.308180
v 0.006985 0.014126 -0.308068
v 0.006359 0.013528 -0.308343
v 0.006191 0.013789 -0.308036
v 0.006331 0.013564 -0.308192
v 0.006269 0.013659 -0.308080
v 0.005569 0.013106 -0.308353
v 0.005425 0.013380 -0.308047
v 0.005545 0.013144 -0.308202
v 0.005492 0.013244 -0.308090
v 0.004725 0.012743 -0.308362
v 0.004606 0.013026 -0.308055
v 0.004705 0.012782 -0.308211
v 0.004661 0.012886 -0.308099
v 0.003836 0.012440 -0.308370
v 0.003741 0.012732 -0.308063
v 0.003820 0.012481 -0.308219
v 0.003785 0.012588 -0.308107
v 0.002910 0.012202 -0.308376
v 0.002839 0.012500 -0.308069
v 0.002898 0.012243 -0.308225
v 0.002872 0.012352 -0.308113
v 0.001956 0.012030 -0.308380
v 0.001908 0.012332 -0.308073
v 0.001948 0.012072 -0.308229
v 0.001930 0.012183 -0.308117
v 0.000982 0.011926 -0.308383
v 0.000959 0.012231 -0.308075
v 0.000978 0.011969 -0.308232
v 0.000970 0.012080 -0.308119
v 0.000000 0.011891 -0.308384
v 0.000000 0.012197 -0.308076
v 0.000000 0.011934 -0.308233
v 0.000000 0.012046 -0.308120
v -0.000982 0.011926 -0.308383
v -0.000959 0.012231 -0.308075
v -0.000978 0.011969 -0.308232
v -0.000970 0.012080 -0.308119
v -0.001956 0.012030 -0.308380
v -0.001908 0.012332 -0.308073
v -0.001948 0.012072 -0.308229
v -0.001930 0.012183 -0.308117
v -0.002910 0.012202 -0.308376
v -0.002839 0.012500 -0.308069
v -0.002898 0.012243 -0.308225
v -0.002872 0.012352 -0.308113
v -0.003836 0.012440 -0.308370
v -0.003741 0.012732 -0.308063
v -0.003820 0.012481 -0.308219
v -0.003785 0.012588 -0.308107
v -0.004725 0.012743 -0.308362
v -0.004606 0.013026 -0.308055
v -0.004705 0.012782 -0.308211
v -0.004661 0.012886 -0.308099
v -0.005569 0.013106 -0.308353
v -0.005425 0.013380 -0.308047
v -0.005545 0.013144 -0.308202
v -0.005492 0.013244 -0.308090
v -0.006359 0.013528 -0.308343
v -0.006191 0.013789 -0.308036
v -0.006331 0.013564 -0.308192
v -0.006269 0.013659 -0.308080
v -0.007088 0.014003 -0.308331
v -0.006895 0.014248 -0.308025
v -0.007056 0.014037 -0.308180
v -0.006985 0.014126 -0.308068
v -0.007748 0.014527 -0.308317
v -0.007532 0.014754 -0.308012
v -0.007713 0.014558 -0.308167
v -0.007633 0.014641 -0.308055
v -0.008334 0.015096 -0.308303
v -0.008094 0.015300 -0.307999
v -0.008295 0.015123 -0.308153
v -0.008207 0.015198 -0.308041
v -0.008840 0.015703 -0.308288
v -0.008578 0.015880 -0.307984
v -0.008797 0.015726 -0.308138
v -0.008701 0.015791 -0.308026
v -0.009261 0.016342 -0.308272
v -0.008978 0.016489 -0.307969
v -0.009215 0.016361 -0.308122
v -0.009111 0.016415 -0.308011
v -0.009592 0.017009 -0.308255
v -0.009292 0.017121 -0.307953
v -0.009544 0.017022 -0.308105
v -0.009434 0.017064 -0.307995
v -0.009831 0.017695 -0.308238
v -0.009518 0.017770 -0.307937
v -0.009781 0.017703 -0.308088
v -0.009666 0.017731 -0.307978
v -0.009975 0.018395 -0.308221
v -0.009654 0.018429 -0.307920
v -0.009924 0.018397 -0.308071
v -0.009806 0.018410 -0.307961
v -0.010024 0.019102 -0.308203
v -0.009699 0.019094 -0.307904
v -0.009972 0.019098 -0.308053
v -0.009853 0.019095 -0.307944
v -0.009975 0.019809 -0.308185
v -0.009654 0.019759 -0.307887
v -0.009924 0.019799 -0.308036
v -0.009806 0.019781 -0.307927
v -0.009831 0.020508 -0.308168
v -0.009518 0.020419 -0.307871
v -0.009781 0.020493 -0.308018
v -0.009666 0.020460 -0.307910
v -0.009592 0.021195 -0.308151
v -0.009292 0.021067 -0.307854
v -0.009544 0.021174 -0.308001
v -0.009434 0.021127 -0.307893
v -0.009261 0.021861 -0.308134
v -0.008978 0.021699 -0.307839
v -0.009215 0.021835 -0.307985
v -0.009111 0.021776 -0.307877
v -0.008840 0.022501 -0.308118
v -0.008578 0.022308 -0.307823
v -0.008797 0.022470 -0.307969
v -0.008701 0.022400 -0.307861
v -0.008334 0.023108 -0.308103
v -0.008094 0.022889 -0.307809
v -0.008295 0.023073 -0.307954
v -0.008207 0.022993 -0.307846
v -0.007748 0.023676 -0.308089
v -0.007532 0.023435 -0.307795
v -0.007713 0.023638 -0.307940
v -0.007633 0.023550 -0.307832
v -0.007088 0.024200 -0.308076
v -0.006895 0.023940 -0.307783
v -0.007056 0.024159 -0.307927
v -0.006985 0.024064 -0.307820
v -0.006359 0.024676 -0.308064
v -0.006191 0.024400 -0.307771
v -0.006331 0.024632 -0.307915
v -0.006269 0.024531 -0.307808
v -0.005569 0.025097 -0.308053
v -0.005425 0.024809 -0.307761
v -0.005545 0.025052 -0.307905
v -0.005492 0.024946 -0.307798
v -0.004725 0.025461 -0.308044
v -0.004606 0.025162 -0.307752
v -0.004705 0.025414 -0.307896
v -0.004661 0.025305 -0.307789
v -0.003836 0.025763 -0.308037
v -0.003741 0.025457 -0.307745
v -0.003820 0.025715 -0.307888
v -0.003785 0.025603 -0.307781
v -0.002910 0.026002 -0.308031
v -0.002839 0.025689 -0.307739
v -0.002898 0.025953 -0.307882
v -0.002872 0.025838 -0.307775
v -0.001956 0.026174 -0.308026
v -0.001908 0.025857 -0.307735
v -0.001948 0.026124 -0.307878
v -0.001930 0.026008 -0.307771
v -0.000982 0.026278 -0.308024
v -0.000959 0.025958 -0.307732
v -0.000978 0.026227 -0.307875
v -0.000970 0.026110 -0.307768
v -0.000000 0.026312 -0.308023
v 0.000000 0.025992 -0.307731
v 0.000000 0.026262 -0.307874
v 0.000000 0.026145 -0.307768
v 0.000982 0.026278 -0.308024
v 0.000959 0.025958 -0.307732
v 0.000978 0.026227 -0.307875
v 0.000970 0.026110 -0.307768
v 0.001956 0.026174 -0.308026
v 0.001908 0.025857 -0.307735
v 0.001948 0.026124 -0.307878
v 0.001930 0.026008 -0.307771
v 0.002910 0.026002 -0.308031
v 0.002839 0.025689 -0.307739
v 0.002898 0.025953 -0.307882
v 0.002872 0.025838 -0.307775
v 0.003836 0.025763 -0.308037
v 0.003741 0.025457 -0.307745
v 0.003820 0.025715 -0.307888
v 0.003785 0.025603 -0.307781
v 0.004725 0.025461 -0.308044
v 0.004606 0.025162 -0.307752
v 0.004705 0.025414 -0.307896
v 0.004661 0.025305 -0.307789
v 0.005569 0.025097 -0.308053
v 0.005425 0.024809 -0.307761
v 0.005545 0.025052 -0.307905
v 0.005492 0.024946 -0.307798
v 0.006359 0.024676 -0.308064
v 0.006191 0.024400 -0.307771
v 0.006331 0.024632 -0.307915
v 0.006269 0.024531 -0.307808
v 0.007088 0.024200 -0.308076
v 0.006895 0.023940 -0.307783
v 0.007056 0.024159 -0.307927
v 0.006985 0.024064 -0.307820
v 0.007748 0.023676 -0.308089
v 0.007532 0.023435 -0.307795
v 0.007713 0.023638 -0.307940
v 0.007633 0.023550 -0.307832
v 0.008334 0.023108 -0.308103
v 0.008094 0.022889 -0.307809
v 0.008295 0.023073 -0.307954
v 0.008207 0.022993 -0.307846
v 0.008840 0.022501 -0.308118
v 0.008578 0.022308 -0.307823
v 0.008797 0.022470 -0.307969
v 0.008701 0.022400 -0.307861
v 0.009261 0.021861 -0.308134
v 0.008978 0.021699 -0.307839
v 0.009215 0.021835 -0.307985
v 0.009111 0.021776 -0.307877
v 0.009592 0.021195 -0.308151
v 0.009292 0.021067 -0.307854
v 0.009544 0.021174 -0.308001
v 0.009434 0.021127 -0.307893
v 0.009831 0.020508 -0.308168
v 0.009518 0.020419 -0.307871
v 0.009781 0.020493 -0.308018
v 0.009666 0.020460 -0.307910
v 0.009975 0.019809 -0.308185
v 0.009654 0.019759 -0.307887
v 0.009924 0.019799 -0.308036
v 0.009806 0.019781 -0.307927
v 0.010349 0.019299 -0.316101
v 0.010626 0.019292 -0.315802
v 0.010496 0.019298 -0.316061
v 0.010598 0.019296 -0.315952
v 0.010301 0.018601 -0.316119
v 0.010575 0.018553 -0.315821
v 0.010447 0.018579 -0.316079
v 0.010547 0.018562 -0.315970
v 0.010156 0.017908 -0.316136
v 0.010422 0.017822 -0.315839
v 0.010297 0.017867 -0.316097
v 0.010395 0.017835 -0.315988
v 0.009915 0.017226 -0.316153
v 0.010169 0.017105 -0.315857
v 0.010050 0.017167 -0.316114
v 0.010143 0.017122 -0.316006
v 0.009580 0.016562 -0.316170
v 0.009817 0.016408 -0.315874
v 0.009707 0.016486 -0.316131
v 0.009794 0.016430 -0.316023
v 0.009152 0.015922 -0.316186
v 0.009372 0.015740 -0.315891
v 0.009270 0.015831 -0.316148
v 0.009350 0.015765 -0.316040
v 0.008636 0.015312 -0.316201
v 0.008835 0.015106 -0.315907
v 0.008743 0.015209 -0.316163
v 0.008816 0.015133 -0.316056
v 0.008036 0.014738 -0.316215
v 0.008214 0.014512 -0.315921
v 0.008132 0.014625 -0.316178
v 0.008197 0.014542 -0.316070
v 0.007357 0.014207 -0.316229
v 0.007514 0.013964 -0.315935
v 0.007442 0.014085 -0.316191
v 0.007499 0.013996 -0.316084
v 0.006605 0.013724 -0.316241
v 0.006741 0.013467 -0.315947
v 0.006679 0.013595 -0.316204
v 0.006729 0.013501 -0.316096
v 0.005788 0.013295 -0.316251
v 0.005904 0.013027 -0.315958
v 0.005851 0.013160 -0.316215
v 0.005893 0.013062 -0.316107
v 0.004914 0.012923 -0.316261
v 0.005009 0.012647 -0.315968
v 0.004966 0.012784 -0.316224
v 0.005001 0.012682 -0.316117
v 0.003991 0.012614 -0.316268
v 0.004066 0.012330 -0.315976
v 0.004032 0.012471 -0.316232
v 0.004060 0.012367 -0.316125
v 0.003028 0.012370 -0.316274
v 0.003085 0.012081 -0.315982
v 0.003059 0.012224 -0.316238
v 0.003080 0.012118 -0.316131
v 0.002036 0.012194 -0.316279
v 0.002073 0.011902 -0.315986
v 0.002056 0.012046 -0.316242
v 0.002070 0.011939 -0.316135
v 0.001023 0.012087 -0.316281
v 0.001042 0.011793 -0.315989
v 0.001033 0.011938 -0.316245
v 0.001040 0.011831 -0.316138
v 0.000000 0.012052 -0.316282
v 0.000000 0.011757 -0.315990
v 0.000000 0.011902 -0.316246
v 0.000000 0.011794 -0.316139
v -0.001023 0.012087 -0.316281
v -0.001042 0.011793 -0.315989
v -0.001033 0.011938 -0.316245
v -0.001040 0.011831 -0.316138
v -0.002036 0.012194 -0.316279
v -0.002073 0.011902 -0.315986
v -0.002056 0.012046 -0.316242
v -0.002070 0.011939 -0.316135
v -0.003028 0.012370 -0.316274
v -0.003085 0.012081 -0.315982
v -0.003059 0.012224 -0.316238
v -0.003080 0.012118 -0.316131
v -0.003991 0.012614 -0.316268
v -0.004066 0.012330 -0.315976
v -0.004032 0.012471 -0.316232
v -0.004060 0.012367 -0.316125
v -0.004914 0.012923 -0.316261
v -0.005009 0.012647 -0.315968
v -0.004966 0.012784 -0.316224
v -0.005001 0.012682 -0.316117
v -0.005788 0.013295 -0.316251
v -0.005904 0.013027 -0.315958
v -0.005851 0.013160 -0.316215
v -0.005893 0.013062 -0.316107
v -0.006605 0.013724 -0.316241
v -0.006741 0.013467 -0.315947
v -0.006679 0.013595 -0.316204
v -0.006729 0.013501 -0.316096
v -0.007357 0.014207 -0.316229
v -0.007514 0.013964 -0.315935
v -0.007442 0.014085 -0.316191
v -0.007499 0.013996 -0.316084
v -0.008036 0.014738 -0.316215
v -0.008214 0.014512 -0.315921
v -0.008132 0.014625 -0.316178
v -0.008197 0.014542 -0.316070
v -0.008636 0.015312 -0.316201
v -0.008835 0.015106 -0.315907
v -0.008743 0.015209 -0.316163
v -0.008816 0.015133 -0.316056
v -0.009152 0.015922 -0.316186
v -0.009372 0.015740 -0.315891
v -0.009270 0.015831 -0.316148
v -0.009350 0.015765 -0.316040
v -0.009580 0.016562 -0.316170
v -0.009817 0.016408 -0.315874
v -0.009707 0.016486 -0.316131
v -0.009794 0.016430 -0.316023
v -0.009915 0.017226 -0.316153
v -0.010169 0.017105 -0.315857
v -0.010050 0.017167 -0.316114
v -0.010143 0.017122 -0.316006
v -0.010156 0.017908 -0.316136
v -0.010422 0.017822 -0.315839
v -0.010297 0.017867 -0.316097
v -0.010395 0.017835 -0.315988
v -0.010301 0.018601 -0.316119
v -0.010575 0.018553 -0.315821
v -0.010447 0.018579 -0.316079
v -0.010547 0.018562 -0.315970
v -0.010349 0.019299 -0.316101
v -0.010626 0.019292 -0.315802
v -0.010496 0.019298 -0.316061
v -0.010598 0.019296 -0.315952
v -0.010301 0.019998 -0.316084
v -0.010575 0.020030 -0.315784
v -0.010447 0.020017 -0.316043
v -0.010547 0.020029 -0.315933
v -0.010156 0.020691 -0.316066
v -0.010422 0.020762 -0.315765
v -0.010297 0.020730 -0.316025
v -0.010395 0.020756 -0.315915
v -0.009915 0.021372 -0.316049
v -0.010169 0.021479 -0.315747
v -0.010050 0.021430 -0.316008
v -0.010143 0.021469 -0.315897
v -0.009580 0.022036 -0.316033
v -0.009817 0.022175 -0.315730
v -0.009707 0.022110 -0.315991
v -0.009794 0.022161 -0.315880
v -0.009152 0.022677 -0.316017
v -0.009372 0.022844 -0.315713
v -0.009270 0.022765 -0.315974
v -0.009350 0.022826 -0.315863
v -0.008636 0.023287 -0.316001
v -0.008835 0.023478 -0.315697
v -0.008743 0.023388 -0.315959
v -0.008816 0.023458 -0.315847
v -0.008036 0.023860 -0.315987
v -0.008214 0.024072 -0.315682
v -0.008132 0.023972 -0.315944
v -0.008197 0.024049 -0.315833
v -0.007357 0.024391 -0.315974
v -0.007514 0.024620 -0.315669
v -0.007442 0.024512 -0.315931
v -0.007499 0.024595 -0.315819
v -0.006605 0.024874 -0.315962
v -0.006741 0.025116 -0.315656
v -0.006679 0.025002 -0.315918
v -0.006729 0.025090 -0.315807
v -0.005788 0.025304 -0.315951
v -0.005904 0.025557 -0.315645
v -0.005851 0.025437 -0.315908
v -0.005893 0.025530 -0.315796
v -0.004914 0.025675 -0.315942
v -0.005009 0.025937 -0.315635
v -0.004966 0.025813 -0.315898
v -0.005001 0.025909 -0.315786
v -0.003991 0.025984 -0.315934
v -0.004066 0.026253 -0.315628
v -0.004032 0.026126 -0.315890
v -0.004060 0.026224 -0.315778
v -0.003028 0.026229 -0.315928
v -0.003085 0.026502 -0.315621
v -0.003059 0.026373 -0.315884
v -0.003080 0.026473 -0.315772
v -0.002036 0.026405 -0.315923
v -0.002073 0.026682 -0.315617
v -0.002056 0.026551 -0.315880
v -0.002070 0.026652 -0.315767
v -0.001023 0.026511 -0.315921
v -0.001042 0.026790 -0.315614
v -0.001033 0.026658 -0.315877
v -0.001040 0.026760 -0.315765
v -0.000000 0.026547 -0.315920
v -0.000000 0.026827 -0.315613
v -0.000000 0.026694 -0.315876
v -0.000000 0.026797 -0.315764
v 0.001023 0.026511 -0.315921
v 0.001042 0.026790 -0.315614
v 0.001033 0.026658 -0.315877
v 0.001040 0.026760 -0.315765
v 0.002036 0.026405 -0.315923
v 0.002073 0.026682 -0.315617
v 0.002056 0.026551 -0.315880
v 0.002070 0.026652 -0.315767
v 0.003028 0.026229 -0.315928
v 0.003085 0.026502 -0.315621
v 0.003059 0.026373 -0.315884
v 0.003080 0.026473 -0.315772
v 0.003991 0.025984 -0.315934
v 0.004066 0.026253 -0.315628
v 0.004032 0.026126 -0.315890
v 0.004060 0.026224 -0.315778
v 0.004914 0.025675 -0.315942
v 0.005009 0.025937 -0.315635
v 0.004966 0.025813 -0.315898
v 0.005001 0.025909 -0.315786
v 0.005788 0.025304 -0.315951
v 0.005904 0.025557 -0.315645
v 0.005851 0.025437 -0.315908
v 0.005893 0.025530 -0.315796
v 0.006605 0.024874 -0.315962
v 0.006741 0.025116 -0.315656
v 0.006679 0.025002 -0.315918
v 0.006729 0.025090 -0.315807
v 0.007357 0.024391 -0.315974
v 0.007514 0.024620 -0.315669
v 0.007442 0.024512 -0.315931
v 0.007499 0.024595 -0.315819
v 0.008036 0.023860 -0.315987
v 0.008214 0.024072 -0.315682
v 0.008132 0.023972 -0.315944
v 0.008197 0.024049 -0.315833
v 0.008636 0.023287 -0.316001
v 0.008835 0.023478 -0.315697
v 0.008743 0.023388 -0.315959
v 0.008816 0.023458 -0.315847
v 0.009152 0.022677 -0.316017
v 0.009372 0.022844 -0.315713
v 0.009270 0.022765 -0.315974
v 0.009350 0.022826 -0.315863
v 0.009580 0.022036 -0.316033
v 0.009817 0.022175 -0.315730
v 0.009707 0.022110 -0.315991
v 0.009794 0.022161 -0.315880
v 0.009915 0.021372 -0.316049
v 0.010169 0.021479 -0.315747
v 0.010050 0.021430 -0.316008
v 0.010143 0.021469 -0.315897
v 0.010156 0.020691 -0.316066
v 0.010422 0.020762 -0.315765
v 0.010297 0.020730 -0.316025
v 0.010395 0.020756 -0.315915
v 0.010301 0.019998 -0.316084
v 0.010575 0.020030 -0.315784
v 0.010447 0.020017 -0.316043
v 0.010547 0.020029 -0.315933
vn 0.9965 -0.0021 0.0840
vn 0.9872 0.1340 0.0868
vn 0.9357 0.1198 0.3317
vn 0.9443 -0.0082 0.3290
vn 0.6773 0.0279 0.7352
vn 0.2524 -0.0070 0.9676
vn 0.2481 0.0269 0.9684
vn 0.6651 0.1187 0.7372
vn 0.9108 0.2435 0.3335
vn 0.9601 0.2652 0.0886
vn 0.2392 0.0591 0.9692
vn 0.6423 0.2050 0.7385
vn 0.8714 0.3590 0.3343
vn 0.9175 0.3875 0.0892
vn 0.2271 0.0886 0.9698
vn 0.6099 0.2846 0.7396
vn 0.8204 0.4640 0.3342
vn 0.8626 0.4981 0.0888
vn 0.2120 0.1152 0.9704
vn 0.5700 0.3562 0.7404
vn 0.7607 0.5569 0.3334
vn 0.7986 0.5955 0.0878
vn 0.1953 0.1384 0.9709
vn 0.5252 0.4189 0.7408
vn 0.6952 0.6374 0.3322
vn 0.7286 0.6795 0.0862
vn 0.1770 0.1582 0.9714
vn 0.4770 0.4729 0.7408
vn 0.6261 0.7061 0.3307
vn 0.6552 0.7508 0.0844
vn 0.1584 0.1751 0.9717
vn 0.4266 0.5189 0.7408
vn 0.5553 0.7638 0.3291
vn 0.5802 0.8103 0.0824
vn 0.1393 0.1892 0.9720
vn 0.3756 0.5572 0.7406
vn 0.4839 0.8115 0.3274
vn 0.5049 0.8594 0.0804
vn 0.1202 0.2008 0.9722
vn 0.3240 0.5889 0.7404
vn 0.4127 0.8506 0.3258
vn 0.4301 0.8994 0.0785
vn 0.1012 0.2103 0.9724
vn 0.2731 0.6145 0.7401
vn 0.3421 0.8819 0.3244
vn 0.3562 0.9312 0.0768
vn 0.0824 0.2177 0.9725
vn 0.2224 0.6350 0.7398
vn 0.2724 0.9063 0.3232
vn 0.2834 0.9560 0.0754
vn 0.0638 0.2233 0.9727
vn 0.1722 0.6507 0.7396
vn 0.2035 0.9245 0.3222
vn 0.2115 0.9745 0.0742
vn 0.0454 0.2273 0.9728
vn 0.1227 0.6621 0.7393
vn 0.1353 0.9372 0.3214
vn 0.1405 0.9874 0.0734
vn 0.0272 0.2299 0.9728
vn 0.0734 0.6695 0.7392
vn 0.0675 0.9447 0.3210
vn 0.0701 0.9949 0.0729
vn 0.0090 0.2312 0.9729
vn 0.0245 0.6731 0.7391
vn -0.0000 0.9471 0.3208
vn -0.0000 0.9974 0.0727
vn -0.0090 0.2312 0.9729
vn -0.0245 0.6731 0.7391
vn -0.0675 0.9447 0.3210
vn -0.0701 0.9949 0.0729
vn -0.0272 0.2299 0.9728
vn -0.0734 0.6695 0.7392
vn -0.1353 0.9372 0.3214
vn -0.1405 0.9874 0.0734
vn -0.0454 0.2273 0.9728
vn -0.1227 0.6621 0.7393
vn -0.2035 0.9245 0.3222
vn -0.2115 0.9745 0.0742
vn -0.0638 0.2233 0.9727
vn -0.1723 0.6507 0.7396
vn -0.2724 0.9063 0.3232
vn -0.2834 0.9560 0.0754
vn -0.0824 0.2177 0.9725
vn -0.2224 0.6350 0.7398
vn -0.3421 0.8819 0.3244
vn -0.3562 0.9312 0.0768
vn -0.1012 0.2103 0.9724
vn -0.2731 0.6145 0.7401
vn -0.4127 0.8506 0.3258
vn -0.4301 0.8994 0.0785
vn -0.1202 0.2008 0.9722
vn -0.3240 0.5889 0.7404
vn -0.4839 0.8115 0.3274
vn -0.5049 0.8594 0.0804
vn -0.1393 0.1892 0.9720
vn -0.3755 0.5572 0.7406
vn -0.5553 0.7638 0.3291
vn -0.5802 0.8103 0.0824
vn -0.1584 0.1751 0.9717
vn -0.4266 0.5189 0.7408
vn -0.6261 0.7061 0.3307
vn -0.6552 0.7508 0.0844
vn -0.1770 0.1582 0.9714
vn -0.4770 0.4729 0.7408
vn -0.6952 0.6374 0.3322
vn -0.7286 0.6795 0.0862
vn -0.1953 0.1384 0.9709
vn -0.5252 0.4189 0.7408
vn -0.7607 0.5569 0.3334
vn -0.7986 0.5955 0.0878
vn -0.2120 0.1152 0.9704
vn -0.5700 0.3562 0.7404
vn -0.8204 0.4640 0.3342
vn -0.8626 0.4981 0.0888
vn -0.2270 0.0886 0.9698
vn -0.6099 0.2846 0.7396
vn -0.8714 0.3590 0.3343
vn -0.9176 0.3875 0.0892
vn -0.2393 0.0591 0.9691
vn -0.6422 0.2051 0.7386
vn -0.9108 0.2435 0.3335
vn -0.9601 0.2652 0.0886
vn -0.2481 0.0269 0.9684
vn -0.6651 0.1187 0.7372
vn -0.9357 0.1198 0.3317
vn -0.9872 0.1340 0.0868
vn -0.2524 -0.0070 0.9676
vn -0.6773 0.0279 0.7352
vn -0.9443 -0.0082 0.3290
vn -0.9965 -0.0021 0.0840
vn -0.2524 -0.0414 0.9667
vn -0.6773 -0.0646 0.7329
vn -0.9357 -0.1362 0.3253
vn -0.9872 -0.1382 0.0800
vn -0.2481 -0.0753 0.9658
vn -0.6651 -0.1554 0.7304
vn -0.9108 -0.2598 0.3209
vn -0.9601 -0.2693 0.0752
vn -0.2392 -0.1075 0.9650
vn -0.6423 -0.2417 0.7274
vn -0.8714 -0.3753 0.3159
vn -0.9175 -0.3915 0.0697
vn -0.2271 -0.1370 0.9642
vn -0.6099 -0.3212 0.7245
vn -0.8204 -0.4801 0.3106
vn -0.8626 -0.5019 0.0638
vn -0.2120 -0.1635 0.9635
vn -0.5700 -0.3927 0.7217
vn -0.7607 -0.5728 0.3052
vn -0.7986 -0.5991 0.0579
vn -0.1953 -0.1867 0.9628
vn -0.5252 -0.4554 0.7189
vn -0.6952 -0.6532 0.3000
vn -0.7286 -0.6830 0.0522
vn -0.1770 -0.2066 0.9623
vn -0.4770 -0.5093 0.7163
vn -0.6261 -0.7217 0.2950
vn -0.6552 -0.7540 0.0467
vn -0.1584 -0.2235 0.9617
vn -0.4266 -0.5552 0.7140
vn -0.5553 -0.7793 0.2905
vn -0.5802 -0.8134 0.0418
vn -0.1393 -0.2376 0.9613
vn -0.3756 -0.5935 0.7118
vn -0.4839 -0.8269 0.2865
vn -0.5049 -0.8624 0.0373
vn -0.1202 -0.2491 0.9610
vn -0.3240 -0.6252 0.7101
vn -0.4127 -0.8658 0.2829
vn -0.4301 -0.9022 0.0334
vn -0.1012 -0.2586 0.9607
vn -0.2731 -0.6507 0.7085
vn -0.3421 -0.8970 0.2799
vn -0.3562 -0.9339 0.0302
vn -0.0824 -0.2660 0.9604
vn -0.2224 -0.6711 0.7072
vn -0.2724 -0.9213 0.2775
vn -0.2834 -0.9586 0.0275
vn -0.0638 -0.2716 0.9603
vn -0.1722 -0.6868 0.7061
vn -0.2035 -0.9395 0.2756
vn -0.2115 -0.9770 0.0254
vn -0.0454 -0.2756 0.9602
vn -0.1227 -0.6982 0.7053
vn -0.1353 -0.9521 0.2742
vn -0.1405 -0.9898 0.0239
vn -0.0272 -0.2782 0.9601
vn -0.0734 -0.7056 0.7048
vn -0.0675 -0.9595 0.2734
vn -0.0701 -0.9973 0.0230
vn -0.0090 -0.2795 0.9601
vn -0.0245 -0.7092 0.7045
vn -0.0000 -0.9620 0.2731
vn -0.0000 -0.9997 0.0227
vn 0.0090 -0.2795 0.9601
vn 0.0245 -0.7092 0.7045
vn 0.0675 -0.9595 0.2734
vn 0.0701 -0.9973 0.0230
vn 0.0272 -0.2782 0.9601
vn 0.0734 -0.7056 0.7048
vn 0.1353 -0.9521 0.2742
vn 0.1405 -0.9898 0.0239
vn 0.0454 -0.2756 0.9602
vn 0.1227 -0.6982 0.7053
vn 0.2035 -0.9395 0.2756
vn 0.2115 -0.9770 0.0254
vn 0.0638 -0.2716 0.9603
vn 0.1723 -0.6868 0.7061
vn 0.2724 -0.9213 0.2775
vn 0.2834 -0.9586 0.0275
vn 0.0824 -0.2660 0.9604
vn 0.2224 -0.6711 0.7072
vn 0.3421 -0.8970 0.2799
vn 0.3562 -0.9339 0.0302
vn 0.1012 -0.2586 0.9607
vn 0.2731 -0.6508 0.7085
vn 0.4127 -0.8658 0.2829
vn 0.4301 -0.9022 0.0334
vn 0.1202 -0.2491 0.9610
vn 0.3240 -0.6252 0.7101
vn 0.4839 -0.8269 0.2865
vn 0.5049 -0.8624 0.0373
vn 0.1393 -0.2376 0.9613
vn 0.3755 -0.5935 0.7119
vn 0.5553 -0.7793 0.2905
vn 0.5802 -0.8134 0.0418
vn 0.1584 -0.2235 0.9617
vn 0.4266 -0.5552 0.7140
vn 0.6261 -0.7217 0.2950
vn 0.6552 -0.7540 0.0467
vn 0.1770 -0.2066 0.9623
vn 0.4770 -0.5093 0.7163
vn 0.6952 -0.6532 0.3000
vn 0.7286 -0.6830 0.0522
vn 0.1953 -0.1867 0.9628
vn 0.5252 -0.4554 0.7189
vn 0.7607 -0.5728 0.3052
vn 0.7986 -0.5991 0.0579
vn 0.2120 -0.1635 0.9635
vn 0.5700 -0.3927 0.7217
vn 0.8204 -0.4801 0.3106
vn 0.8626 -0.5019 0.0638
vn 0.2270 -0.1370 0.9642
vn 0.6099 -0.3212 0.7245
vn 0.8714 -0.3753 0.3159
vn 0.9176 -0.3915 0.0697
vn 0.2393 -0.1075 0.9650
vn 0.6422 -0.2417 0.7274
vn 0.9108 -0.2598 0.3209
vn 0.9601 -0.2693 0.0752
vn 0.2481 -0.0753 0.9658
vn 0.6651 -0.1554 0.7304
vn 0.9357 -0.1362 0.3253
vn 0.9872 -0.1382 0.0800
vn 0.2524 -0.0414 0.9667
vn 0.6773 -0.0646 0.7329
vn 0.9973 -0.0018 0.0737
vn 0.9880 -0.1380 0.0697
vn 0.9731 -0.1298 -0.1906
vn 0.9824 0.0047 -0.1867
vn 0.7329 -0.0338 -0.6795
vn 0.2625 0.0059 -0.9649
vn 0.9609 -0.2693 0.0649
vn 0.9458 -0.2593 -0.1953
vn 0.7185 -0.1334 -0.6826
vn 0.2577 -0.0298 -0.9658
vn 0.9182 -0.3916 0.0594
vn 0.9031 -0.3797 -0.2005
vn 0.6917 -0.2272 -0.6855
vn 0.2481 -0.0636 -0.9666
vn 0.8632 -0.5021 0.0535
vn 0.8480 -0.4883 -0.2061
vn 0.6540 -0.3128 -0.6888
vn 0.2347 -0.0944 -0.9675
vn 0.7990 -0.5994 0.0476
vn 0.7840 -0.5835 -0.2117
vn 0.6083 -0.3887 -0.6920
vn 0.2186 -0.1217 -0.9682
vn 0.7290 -0.6833 0.0418
vn 0.7144 -0.6652 -0.2171
vn 0.5576 -0.4540 -0.6950
vn 0.2005 -0.1454 -0.9688
vn 0.6555 -0.7544 0.0363
vn 0.6415 -0.7343 -0.2222
vn 0.5036 -0.5095 -0.6977
vn 0.1813 -0.1654 -0.9694
vn 0.5804 -0.8137 0.0314
vn 0.5672 -0.7917 -0.2269
vn 0.4483 -0.5557 -0.7002
vn 0.1616 -0.1823 -0.9699
vn 0.5051 -0.8627 0.0269
vn 0.4930 -0.8388 -0.2310
vn 0.3926 -0.5937 -0.7024
vn 0.1417 -0.1963 -0.9703
vn 0.4302 -0.9024 0.0230
vn 0.4195 -0.8769 -0.2346
vn 0.3374 -0.6246 -0.7043
vn 0.1219 -0.2076 -0.9706
vn 0.3563 -0.9342 0.0198
vn 0.3471 -0.9072 -0.2376
vn 0.2833 -0.6492 -0.7059
vn 0.1024 -0.2168 -0.9708
vn 0.2834 -0.9588 0.0171
vn 0.2758 -0.9307 -0.2401
vn 0.2301 -0.6685 -0.7072
vn 0.0832 -0.2239 -0.9711
vn 0.2116 -0.9773 0.0150
vn 0.2058 -0.9482 -0.2420
vn 0.1778 -0.6832 -0.7082
vn 0.0643 -0.2293 -0.9712
vn 0.1406 -0.9900 0.0135
vn 0.1367 -0.9603 -0.2434
vn 0.1263 -0.6938 -0.7090
vn 0.0457 -0.2331 -0.9714
vn 0.0701 -0.9975 0.0126
vn 0.0682 -0.9673 -0.2442
vn 0.0755 -0.7007 -0.7094
vn 0.0273 -0.2355 -0.9715
vn -0.0000 -0.9999 0.0123
vn -0.0000 -0.9697 -0.2445
vn 0.0251 -0.7041 -0.7097
vn 0.0091 -0.2368 -0.9715
vn -0.0701 -0.9975 0.0126
vn -0.0682 -0.9673 -0.2442
vn -0.0251 -0.7041 -0.7097
vn -0.0091 -0.2368 -0.9715
vn -0.1406 -0.9900 0.0135
vn -0.1367 -0.9603 -0.2434
vn -0.0755 -0.7007 -0.7094
vn -0.0273 -0.2355 -0.9715
vn -0.2116 -0.9773 0.0150
vn -0.2058 -0.9482 -0.2420
vn -0.1263 -0.6938 -0.7090
vn -0.0457 -0.2331 -0.9714
vn -0.2834 -0.9588 0.0171
vn -0.2758 -0.9307 -0.2401
vn -0.1778 -0.6832 -0.7082
vn -0.0643 -0.2293 -0.9712
vn -0.3563 -0.9342 0.0198
vn -0.3470 -0.9072 -0.2376
vn -0.2301 -0.6685 -0.7072
vn -0.0832 -0.2239 -0.9710
vn -0.4302 -0.9024 0.0230
vn -0.4195 -0.8769 -0.2346
vn -0.2834 -0.6491 -0.7059
vn -0.1024 -0.2168 -0.9708
vn -0.5051 -0.8627 0.0269
vn -0.4930 -0.8388 -0.2310
vn -0.3374 -0.6246 -0.7043
vn -0.1219 -0.2076 -0.9706
vn -0.5804 -0.8137 0.0314
vn -0.5672 -0.7917 -0.2269
vn -0.3926 -0.5937 -0.7024
vn -0.1417 -0.1963 -0.9703
vn -0.6555 -0.7544 0.0363
vn -0.6415 -0.7343 -0.2222
vn -0.4483 -0.5557 -0.7002
vn -0.1616 -0.1823 -0.9699
vn -0.7290 -0.6833 0.0418
vn -0.7144 -0.6652 -0.2171
vn -0.5036 -0.5095 -0.6977
vn -0.1813 -0.1654 -0.9694
vn -0.7990 -0.5994 0.0476
vn -0.7840 -0.5835 -0.2117
vn -0.5576 -0.4540 -0.6950
vn -0.2005 -0.1454 -0.9688
vn -0.8632 -0.5021 0.0535
vn -0.8480 -0.4883 -0.2061
vn -0.6083 -0.3887 -0.6920
vn -0.2186 -0.1217 -0.9682
vn -0.9182 -0.3916 0.0594
vn -0.9031 -0.3797 -0.2005
vn -0.6540 -0.3128 -0.6888
vn -0.2347 -0.0944 -0.9675
vn -0.9609 -0.2693 0.0649
vn -0.9458 -0.2593 -0.1953
vn -0.6917 -0.2272 -0.6855
vn -0.2481 -0.0636 -0.9666
vn -0.9880 -0.1380 0.0697
vn -0.9731 -0.1298 -0.1906
vn -0.7185 -0.1334 -0.6826
vn -0.2577 -0.0298 -0.9658
vn -0.9973 -0.0018 0.0737
vn -0.9824 0.0047 -0.1867
vn -0.7329 -0.0338 -0.6795
vn -0.2625 0.0059 -0.9649
vn -0.9880 0.1344 0.0766
vn -0.9731 0.1392 -0.1838
vn -0.7329 0.0677 -0.6769
vn -0.2625 0.0423 -0.9640
vn -0.9609 0.2658 0.0782
vn -0.9458 0.2688 -0.1821
vn -0.7185 0.1673 -0.6751
vn -0.2577 0.0780 -0.9631
vn -0.9182 0.3882 0.0789
vn -0.9031 0.3893 -0.1813
vn -0.6917 0.2612 -0.6733
vn -0.2481 0.1118 -0.9623
vn -0.8632 0.4988 0.0785
vn -0.8480 0.4979 -0.1814
vn -0.6540 0.3469 -0.6723
vn -0.2347 0.1426 -0.9616
vn -0.7990 0.5963 0.0775
vn -0.7840 0.5934 -0.1823
vn -0.6083 0.4228 -0.6717
vn -0.2186 0.1699 -0.9609
vn -0.7290 0.6803 0.0759
vn -0.7144 0.6753 -0.1836
vn -0.5576 0.4882 -0.6714
vn -0.2005 0.1937 -0.9604
vn -0.6555 0.7516 0.0740
vn -0.6415 0.7445 -0.1852
vn -0.5036 0.5437 -0.6714
vn -0.1813 0.2137 -0.9599
vn -0.5804 0.8111 0.0720
vn -0.5672 0.8020 -0.1870
vn -0.4483 0.5900 -0.6715
vn -0.1616 0.2306 -0.9595
vn -0.5051 0.8602 0.0700
vn -0.4930 0.8493 -0.1888
vn -0.3926 0.6280 -0.6719
vn -0.1417 0.2445 -0.9592
vn -0.4302 0.9001 0.0681
vn -0.4195 0.8875 -0.1905
vn -0.3374 0.6590 -0.6722
vn -0.1219 0.2558 -0.9590
vn -0.3563 0.9320 0.0664
vn -0.3471 0.9180 -0.1920
vn -0.2833 0.6836 -0.6726
vn -0.1024 0.2651 -0.9588
vn -0.2834 0.9568 0.0650
vn -0.2758 0.9416 -0.1933
vn -0.2301 0.7030 -0.6729
vn -0.0832 0.2722 -0.9586
vn -0.2116 0.9753 0.0638
vn -0.2058 0.9591 -0.1943
vn -0.1778 0.7178 -0.6732
vn -0.0643 0.2775 -0.9586
vn -0.1406 0.9881 0.0630
vn -0.1367 0.9712 -0.1951
vn -0.1263 0.7284 -0.6734
vn -0.0457 0.2813 -0.9585
vn -0.0701 0.9956 0.0625
vn -0.0682 0.9783 -0.1955
vn -0.0755 0.7353 -0.6735
vn -0.0273 0.2838 -0.9585
vn -0.0000 0.9981 0.0623
vn -0.0000 0.9807 -0.1957
vn -0.0251 0.7386 -0.6736
vn -0.0091 0.2850 -0.9585
vn 0.0701 0.9956 0.0625
vn 0.0682 0.9783 -0.1955
vn 0.0251 0.7386 -0.6736
vn 0.0091 0.2850 -0.9585
vn 0.1406 0.9881 0.0630
vn 0.1367 0.9712 -0.1951
vn 0.0755 0.7353 -0.6735
vn 0.0273 0.2838 -0.9585
vn 0.2116 0.9753 0.0638
vn 0.2058 0.9591 -0.1943
vn 0.1263 0.7284 -0.6734
vn 0.0457 0.2813 -0.9585
vn 0.2834 0.9568 0.0650
vn 0.2758 0.9416 -0.1933
vn 0.1778 0.7178 -0.6732
vn 0.0643 0.2775 -0.9586
vn 0.3563 0.9320 0.0664
vn 0.3470 0.9180 -0.1920
vn 0.2301 0.7030 -0.6729
vn 0.0832 0.2722 -0.9586
vn 0.4302 0.9002 0.0681
vn 0.4195 0.8876 -0.1905
vn 0.2834 0.6836 -0.6726
vn 0.1024 0.2651 -0.9588
vn 0.5051 0.8602 0.0700
vn 0.4930 0.8493 -0.1888
vn 0.3374 0.6590 -0.6722
vn 0.1219 0.2558 -0.9590
vn 0.5804 0.8111 0.0720
vn 0.5672 0.8020 -0.1870
vn 0.3926 0.6280 -0.6719
vn 0.1417 0.2445 -0.9592
vn 0.6555 0.7516 0.0740
vn 0.6415 0.7445 -0.1852
vn 0.4483 0.5900 -0.6715
vn 0.1616 0.2306 -0.9595
vn 0.7290 0.6803 0.0759
vn 0.7144 0.6753 -0.1836
vn 0.5036 0.5437 -0.6714
vn 0.1813 0.2137 -0.9599
vn 0.7990 0.5963 0.0775
vn 0.7840 0.5934 -0.1823
vn 0.5576 0.4882 -0.6714
vn 0.2005 0.1937 -0.9604
vn 0.8632 0.4988 0.0785
vn 0.8480 0.4979 -0.1814
vn 0.6083 0.4228 -0.6717
vn 0.2186 0.1699 -0.9609
vn 0.9182 0.3882 0.0789
vn 0.9031 0.3893 -0.1813
vn 0.6540 0.3469 -0.6723
vn 0.2347 0.1426 -0.9616
vn 0.9609 0.2658 0.0782
vn 0.9458 0.2688 -0.1821
vn 0.6917 0.2612 -0.6733
vn 0.2481 0.1118 -0.9623
vn 0.9880 0.1344 0.0766
vn 0.9731 0.1392 -0.1838
vn 0.7185 0.1673 -0.6751
vn 0.2577 0.0780 -0.9631
vn 0.2625 0.0423 -0.9640
vn 0.7329 0.0677 -0.6769
vn -0.0000 -0.0250 0.9997
vn -0.0000 0.0250 -0.9997
vt 0.699116 0.189934
vt 0.699141 0.187720
vt 0.700087 0.187732
vt 0.700063 0.189939
vt 0.643721 0.099449
vt 0.645946 0.099522
vt 0.645902 0.099984
vt 0.643737 0.099913
vt 0.645854 0.100465
vt 0.643754 0.100396
vt 0.647948 0.100820
vt 0.648059 0.100349
vt 0.648162 0.099897
vt 0.700135 0.185566
vt 0.699189 0.185547
vt 0.650017 0.101459
vt 0.650187 0.101006
vt 0.650347 0.100571
vt 0.700207 0.183460
vt 0.699261 0.183437
vt 0.652044 0.102378
vt 0.652266 0.101950
vt 0.652479 0.101537
vt 0.700301 0.181435
vt 0.699356 0.181408
vt 0.654009 0.103571
vt 0.654279 0.103172
vt 0.654538 0.102786
vt 0.700418 0.179512
vt 0.699473 0.179482
vt 0.655892 0.105030
vt 0.656204 0.104663
vt 0.656504 0.104307
vt 0.700555 0.177715
vt 0.699610 0.177676
vt 0.657675 0.106741
vt 0.658023 0.106408
vt 0.658357 0.106085
vt 0.622237 0.903616
vt 0.622152 0.901713
vt 0.623096 0.901651
vt 0.623181 0.903565
vt 0.659339 0.108690
vt 0.659716 0.108392
vt 0.660081 0.108102
vt 0.622315 0.905754
vt 0.623259 0.905709
vt 0.660866 0.110858
vt 0.661268 0.110596
vt 0.661658 0.110340
vt 0.622385 0.908102
vt 0.623329 0.908062
vt 0.662239 0.113224
vt 0.662662 0.112998
vt 0.663073 0.112777
vt 0.622446 0.910635
vt 0.623391 0.910602
vt 0.663444 0.115766
vt 0.663884 0.115576
vt 0.664312 0.115388
vt 0.622498 0.913331
vt 0.623443 0.913304
vt 0.664468 0.118459
vt 0.664922 0.118303
vt 0.665363 0.118150
vt 0.622540 0.916163
vt 0.623485 0.916141
vt 0.665301 0.121275
vt 0.665765 0.121155
vt 0.666217 0.121036
vt 0.622572 0.919103
vt 0.623517 0.919088
vt 0.665933 0.124188
vt 0.666405 0.124102
vt 0.666864 0.124016
vt 0.622593 0.922123
vt 0.623539 0.922114
vt 0.666359 0.127167
vt 0.666835 0.127116
vt 0.667300 0.127065
vt 0.622604 0.925196
vt 0.623550 0.925192
vt 0.666573 0.130185
vt 0.667051 0.130168
vt 0.667518 0.130151
vt 0.622604 0.928290
vt 0.623550 0.928291
vt 0.666573 0.133209
vt 0.667051 0.133227
vt 0.667518 0.133245
vt 0.622594 0.931375
vt 0.623539 0.931382
vt 0.666359 0.136212
vt 0.666835 0.136264
vt 0.667299 0.136317
vt 0.622572 0.934422
vt 0.623517 0.934434
vt 0.665934 0.139162
vt 0.666405 0.139249
vt 0.666864 0.139336
vt 0.622540 0.937402
vt 0.623485 0.937420
vt 0.665303 0.142030
vt 0.665765 0.142153
vt 0.666216 0.142275
vt 0.622498 0.940284
vt 0.623443 0.940309
vt 0.664471 0.144788
vt 0.664923 0.144947
vt 0.665363 0.145104
vt 0.622446 0.943043
vt 0.623391 0.943073
vt 0.663448 0.147409
vt 0.663886 0.147605
vt 0.664311 0.147797
vt 0.622385 0.945652
vt 0.623330 0.945688
vt 0.662245 0.149867
vt 0.662665 0.150099
vt 0.663072 0.150327
vt 0.622315 0.948084
vt 0.623259 0.948126
vt 0.660875 0.152137
vt 0.661273 0.152407
vt 0.661657 0.152670
vt 0.622237 0.950318
vt 0.623181 0.950365
vt 0.659354 0.154198
vt 0.659724 0.154506
vt 0.660081 0.154805
vt 0.622152 0.952324
vt 0.623096 0.952383
vt 0.657696 0.156031
vt 0.658033 0.156375
vt 0.658357 0.156709
vt 0.700418 0.237865
vt 0.700555 0.239764
vt 0.699610 0.239799
vt 0.699473 0.237890
vt 0.655920 0.157619
vt 0.656218 0.157998
vt 0.656504 0.158365
vt 0.700301 0.235854
vt 0.699356 0.235876
vt 0.654045 0.158949
vt 0.654297 0.159360
vt 0.654538 0.159757
vt 0.700207 0.233759
vt 0.699261 0.233777
vt 0.652088 0.160009
vt 0.652289 0.160448
vt 0.652479 0.160871
vt 0.700135 0.231599
vt 0.699189 0.231613
vt 0.650069 0.160792
vt 0.650213 0.161254
vt 0.650348 0.161698
vt 0.700087 0.229395
vt 0.699141 0.229404
vt 0.648006 0.161294
vt 0.648088 0.161771
vt 0.648164 0.162228
vt 0.700063 0.227170
vt 0.699116 0.227171
vt 0.645916 0.161511
vt 0.645933 0.161994
vt 0.645949 0.162458
vt 0.700063 0.224943
vt 0.699116 0.224938
vt 0.643815 0.161442
vt 0.643768 0.161924
vt 0.643724 0.162385
vt 0.700087 0.222736
vt 0.699141 0.222724
vt 0.641722 0.161087
vt 0.641612 0.161558
vt 0.641509 0.162010
vt 0.700135 0.220569
vt 0.699189 0.220551
vt 0.639653 0.160448
vt 0.639484 0.160901
vt 0.639324 0.161337
vt 0.700207 0.218463
vt 0.699261 0.218440
vt 0.637626 0.159529
vt 0.637403 0.159957
vt 0.637191 0.160370
vt 0.700301 0.216439
vt 0.699356 0.216411
vt 0.635662 0.158336
vt 0.635391 0.158735
vt 0.635132 0.159121
vt 0.700418 0.214515
vt 0.699473 0.214485
vt 0.633778 0.156877
vt 0.633466 0.157244
vt 0.633167 0.157600
vt 0.700555 0.212719
vt 0.699610 0.212679
vt 0.631995 0.155166
vt 0.631648 0.155499
vt 0.631313 0.155822
vt 0.622237 0.843102
vt 0.622152 0.841199
vt 0.623096 0.841137
vt 0.623181 0.843052
vt 0.630331 0.153217
vt 0.629954 0.153515
vt 0.629589 0.153805
vt 0.622315 0.845240
vt 0.623259 0.845196
vt 0.628805 0.151050
vt 0.628402 0.151311
vt 0.628013 0.151567
vt 0.622385 0.847588
vt 0.623329 0.847549
vt 0.627432 0.148683
vt 0.627008 0.148909
vt 0.626598 0.149130
vt 0.622446 0.850122
vt 0.623391 0.850088
vt 0.626226 0.146141
vt 0.625786 0.146332
vt 0.625359 0.146519
vt 0.622498 0.852817
vt 0.623443 0.852790
vt 0.625202 0.143448
vt 0.624748 0.143604
vt 0.624307 0.143757
vt 0.622540 0.855649
vt 0.623485 0.855628
vt 0.624369 0.140632
vt 0.623905 0.140752
vt 0.623453 0.140872
vt 0.622572 0.858589
vt 0.623517 0.858574
vt 0.623736 0.137719
vt 0.623266 0.137805
vt 0.622806 0.137891
vt 0.622593 0.861610
vt 0.623539 0.861600
vt 0.623311 0.134740
vt 0.622835 0.134791
vt 0.622371 0.134842
vt 0.622604 0.864682
vt 0.623550 0.864678
vt 0.623098 0.131722
vt 0.622619 0.131739
vt 0.622152 0.131756
vt 0.622604 0.867776
vt 0.623550 0.867777
vt 0.623098 0.128698
vt 0.622619 0.128680
vt 0.622152 0.128662
vt 0.622594 0.870862
vt 0.623539 0.870868
vt 0.623311 0.125695
vt 0.622836 0.125643
vt 0.622371 0.125590
vt 0.622572 0.873909
vt 0.623517 0.873921
vt 0.623736 0.122745
vt 0.623266 0.122658
vt 0.622806 0.122571
vt 0.622540 0.876888
vt 0.623485 0.876906
vt 0.624368 0.119877
vt 0.623905 0.119754
vt 0.623454 0.119633
vt 0.622498 0.879771
vt 0.623443 0.879795
vt 0.625200 0.117119
vt 0.624747 0.116960
vt 0.624308 0.116803
vt 0.622446 0.882530
vt 0.623391 0.882560
vt 0.626222 0.114498
vt 0.625784 0.114302
vt 0.625359 0.114111
vt 0.622385 0.885138
vt 0.623330 0.885174
vt 0.627425 0.112040
vt 0.627005 0.111808
vt 0.626598 0.111580
vt 0.622315 0.887571
vt 0.623259 0.887612
vt 0.628795 0.109770
vt 0.628397 0.109500
vt 0.628013 0.109237
vt 0.622237 0.889804
vt 0.623181 0.889851
vt 0.630317 0.107709
vt 0.629946 0.107401
vt 0.629590 0.107102
vt 0.622152 0.891810
vt 0.623096 0.891869
vt 0.631974 0.105876
vt 0.631637 0.105532
vt 0.631313 0.105198
vt 0.700418 0.202861
vt 0.700555 0.204761
vt 0.699610 0.204796
vt 0.699473 0.202887
vt 0.633750 0.104288
vt 0.633452 0.103909
vt 0.633167 0.103542
vt 0.700301 0.200851
vt 0.699356 0.200873
vt 0.635626 0.102959
vt 0.635373 0.102547
vt 0.635132 0.102150
vt 0.700207 0.198756
vt 0.699261 0.198774
vt 0.637582 0.101899
vt 0.637381 0.101459
vt 0.637191 0.101036
vt 0.700135 0.196596
vt 0.699189 0.196609
vt 0.639601 0.101115
vt 0.639457 0.100653
vt 0.639323 0.100210
vt 0.700087 0.194392
vt 0.699141 0.194400
vt 0.641664 0.100613
vt 0.641583 0.100136
vt 0.641506 0.099679
vt 0.700063 0.192166
vt 0.699116 0.192168
vt 0.675078 0.189805
vt 0.675078 0.192139
vt 0.674132 0.192141
vt 0.674132 0.189800
vt 0.533450 0.942967
vt 0.531110 0.942887
vt 0.531162 0.942407
vt 0.533434 0.942485
vt 0.531211 0.941945
vt 0.533417 0.942021
vt 0.675104 0.194472
vt 0.674158 0.194481
vt 0.528782 0.942483
vt 0.528900 0.942015
vt 0.529011 0.941564
vt 0.675156 0.196781
vt 0.674210 0.196796
vt 0.526487 0.941760
vt 0.526668 0.941312
vt 0.526837 0.940880
vt 0.675233 0.199044
vt 0.674287 0.199064
vt 0.524250 0.940726
vt 0.524485 0.940305
vt 0.524707 0.939896
vt 0.675334 0.201239
vt 0.674388 0.201262
vt 0.522091 0.939390
vt 0.522373 0.939000
vt 0.522642 0.938620
vt 0.675458 0.203345
vt 0.674513 0.203371
vt 0.520031 0.937766
vt 0.520353 0.937409
vt 0.520663 0.937062
vt 0.675605 0.205342
vt 0.674659 0.205363
vt 0.518088 0.935869
vt 0.518445 0.935547
vt 0.518789 0.935233
vt 0.647058 0.893358
vt 0.647147 0.891217
vt 0.648091 0.891263
vt 0.648002 0.893400
vt 0.516283 0.933718
vt 0.516668 0.933432
vt 0.517041 0.933152
vt 0.647228 0.888843
vt 0.648173 0.888883
vt 0.514631 0.931333
vt 0.515041 0.931082
vt 0.515437 0.930836
vt 0.647301 0.886258
vt 0.648246 0.886292
vt 0.513150 0.928737
vt 0.513578 0.928522
vt 0.513994 0.928310
vt 0.647365 0.883486
vt 0.648311 0.883515
vt 0.511852 0.925955
vt 0.512296 0.925775
vt 0.512728 0.925596
vt 0.647420 0.880554
vt 0.648365 0.880577
vt 0.510751 0.923014
vt 0.511207 0.922868
vt 0.511651 0.922722
vt 0.647464 0.877491
vt 0.648409 0.877508
vt 0.509858 0.919942
vt 0.510323 0.919829
vt 0.510777 0.919717
vt 0.647497 0.874326
vt 0.648443 0.874338
vt 0.509180 0.916769
vt 0.509651 0.916689
vt 0.510112 0.916609
vt 0.647520 0.871090
vt 0.648466 0.871096
vt 0.508724 0.913526
vt 0.509200 0.913478
vt 0.509666 0.913430
vt 0.647531 0.867813
vt 0.648477 0.867814
vt 0.508496 0.910244
vt 0.508974 0.910227
vt 0.509441 0.910211
vt 0.647532 0.864528
vt 0.648477 0.864524
vt 0.508496 0.906953
vt 0.508974 0.906968
vt 0.509441 0.906984
vt 0.647520 0.861265
vt 0.648466 0.861256
vt 0.508724 0.903686
vt 0.509201 0.903734
vt 0.509666 0.903781
vt 0.647498 0.858057
vt 0.648443 0.858042
vt 0.509180 0.900474
vt 0.509651 0.900554
vt 0.510112 0.900635
vt 0.647465 0.854934
vt 0.648410 0.854914
vt 0.509857 0.897347
vt 0.510323 0.897462
vt 0.510775 0.897575
vt 0.647421 0.851926
vt 0.648366 0.851900
vt 0.510751 0.894337
vt 0.511206 0.894486
vt 0.511650 0.894634
vt 0.647367 0.849063
vt 0.648312 0.849031
vt 0.511852 0.891471
vt 0.512294 0.891656
vt 0.512724 0.891838
vt 0.647303 0.846372
vt 0.648247 0.846334
vt 0.513149 0.888778
vt 0.513575 0.889000
vt 0.513987 0.889217
vt 0.647230 0.843878
vt 0.648174 0.843835
vt 0.514631 0.886284
vt 0.515035 0.886543
vt 0.515427 0.886796
vt 0.647148 0.841606
vt 0.648093 0.841558
vt 0.516282 0.884012
vt 0.516661 0.884309
vt 0.517025 0.884598
vt 0.647059 0.839578
vt 0.648004 0.839532
vt 0.518088 0.881985
vt 0.518435 0.882319
vt 0.518768 0.882644
vt 0.675602 0.212003
vt 0.675456 0.213889
vt 0.674511 0.213858
vt 0.674657 0.211977
vt 0.520031 0.880222
vt 0.520339 0.880591
vt 0.520634 0.880951
vt 0.675332 0.215901
vt 0.674387 0.215873
vt 0.522091 0.878739
vt 0.522355 0.879143
vt 0.522605 0.879535
vt 0.675231 0.218020
vt 0.674286 0.217996
vt 0.524251 0.877552
vt 0.524462 0.877986
vt 0.524661 0.878405
vt 0.675155 0.220225
vt 0.674209 0.220206
vt 0.526490 0.876671
vt 0.526640 0.877130
vt 0.526782 0.877571
vt 0.675104 0.222495
vt 0.674158 0.222483
vt 0.528784 0.876106
vt 0.528870 0.876582
vt 0.528950 0.877039
vt 0.675078 0.224808
vt 0.674132 0.224803
vt 0.531113 0.875863
vt 0.531130 0.876346
vt 0.531146 0.876810
vt 0.675078 0.227143
vt 0.674132 0.227145
vt 0.533453 0.875944
vt 0.533402 0.876424
vt 0.533353 0.876886
vt 0.675104 0.229476
vt 0.674158 0.229484
vt 0.535782 0.876347
vt 0.535664 0.876816
vt 0.535553 0.877266
vt 0.675156 0.231785
vt 0.674210 0.231800
vt 0.538076 0.877070
vt 0.537897 0.877518
vt 0.537727 0.877950
vt 0.675233 0.234048
vt 0.674287 0.234067
vt 0.540314 0.878105
vt 0.540079 0.878526
vt 0.539856 0.878934
vt 0.675334 0.236243
vt 0.674388 0.236266
vt 0.542472 0.879440
vt 0.542190 0.879831
vt 0.541921 0.880210
vt 0.675458 0.238349
vt 0.674513 0.238375
vt 0.544533 0.881064
vt 0.544210 0.881421
vt 0.543901 0.881768
vt 0.675605 0.240345
vt 0.674659 0.240367
vt 0.546475 0.882961
vt 0.546118 0.883283
vt 0.545774 0.883597
vt 0.647058 0.953871
vt 0.647147 0.951731
vt 0.648091 0.951777
vt 0.648002 0.953914
vt 0.548281 0.885112
vt 0.547895 0.885398
vt 0.547523 0.885679
vt 0.647228 0.949357
vt 0.648173 0.949397
vt 0.549932 0.887497
vt 0.549523 0.887748
vt 0.549127 0.887994
vt 0.647301 0.946771
vt 0.648246 0.946806
vt 0.551414 0.890093
vt 0.550986 0.890309
vt 0.550570 0.890520
vt 0.647365 0.943999
vt 0.648311 0.944028
vt 0.552711 0.892875
vt 0.552268 0.893056
vt 0.551836 0.893234
vt 0.647420 0.941068
vt 0.648365 0.941091
vt 0.553812 0.895816
vt 0.553356 0.895963
vt 0.552912 0.896108
vt 0.647464 0.938005
vt 0.648409 0.938022
vt 0.554706 0.898888
vt 0.554241 0.899001
vt 0.553787 0.899114
vt 0.647497 0.934840
vt 0.648443 0.934851
vt 0.555384 0.902061
vt 0.554912 0.902141
vt 0.554451 0.902222
vt 0.647520 0.931603
vt 0.648466 0.931610
vt 0.555839 0.905304
vt 0.555363 0.905353
vt 0.554898 0.905401
vt 0.647531 0.928327
vt 0.648477 0.928328
vt 0.556068 0.908587
vt 0.555590 0.908603
vt 0.555122 0.908620
vt 0.647532 0.925041
vt 0.648477 0.925038
vt 0.556068 0.911877
vt 0.555590 0.911862
vt 0.555123 0.911846
vt 0.647520 0.921779
vt 0.648466 0.921770
vt 0.555839 0.915144
vt 0.555363 0.915097
vt 0.554898 0.915049
vt 0.647498 0.918571
vt 0.648443 0.918556
vt 0.555384 0.918356
vt 0.554912 0.918276
vt 0.554452 0.918196
vt 0.647465 0.915448
vt 0.648410 0.915427
vt 0.554706 0.921483
vt 0.554241 0.921369
vt 0.553788 0.921255
vt 0.647421 0.912440
vt 0.648366 0.912414
vt 0.553813 0.924494
vt 0.553357 0.924344
vt 0.552915 0.924197
vt 0.647367 0.909577
vt 0.648312 0.909545
vt 0.552712 0.927359
vt 0.552270 0.927174
vt 0.551840 0.926992
vt 0.647303 0.906885
vt 0.648247 0.906848
vt 0.551414 0.930052
vt 0.550989 0.929830
vt 0.550576 0.929613
vt 0.647230 0.904392
vt 0.648174 0.904348
vt 0.549933 0.932546
vt 0.549528 0.932287
vt 0.549137 0.932034
vt 0.647148 0.902120
vt 0.648093 0.902071
vt 0.548281 0.934818
vt 0.547903 0.934522
vt 0.547538 0.934232
vt 0.647059 0.900091
vt 0.648004 0.900046
vt 0.546476 0.936845
vt 0.546129 0.936512
vt 0.545796 0.936186
vt 0.675602 0.177000
vt 0.675456 0.178886
vt 0.674511 0.178855
vt 0.674657 0.176973
vt 0.544533 0.938609
vt 0.544225 0.938239
vt 0.543930 0.937879
vt 0.675332 0.180898
vt 0.674387 0.180869
vt 0.542472 0.940091
vt 0.542209 0.939687
vt 0.541959 0.939296
vt 0.675231 0.183016
vt 0.674286 0.182992
vt 0.540312 0.941279
vt 0.540102 0.940844
vt 0.539903 0.940425
vt 0.675155 0.185221
vt 0.674209 0.185203
vt 0.538074 0.942159
vt 0.537923 0.941700
vt 0.537781 0.941259
vt 0.675104 0.187491
vt 0.674158 0.187479
vt 0.535779 0.942724
vt 0.535694 0.942249
vt 0.535614 0.941791
s 1
usemtl 03_|_ash_end_grain
f 3328/4186/3343 3579/4187/3344 3581/4188/3345 3330/4189/3346
s 0
f 3330/4190/3347 3581/4191/3347 3582/4192/3347 3329/4193/3347
f 3329/4193/3348 3582/4192/3348 3580/4194/3348 3327/4195/3348
f 3576/4196/3349 3580/4194/3349 3582/4192/3349 3578/4197/3349
f 3578/4197/3350 3582/4192/3350 3581/4191/3350 3577/4198/3350
s 1
f 3577/4199/3351 3581/4188/3345 3579/4187/3344 3575/4200/3352
s 0
f 3572/4201/3353 3576/4196/3353 3578/4197/3353 3574/4202/3353
f 3574/4202/3354 3578/4197/3354 3577/4198/3354 3573/4203/3354
s 1
f 3573/4204/3355 3577/4199/3351 3575/4200/3352 3571/4205/3356
s 0
f 3568/4206/3357 3572/4201/3357 3574/4202/3357 3570/4207/3357
f 3570/4207/3358 3574/4202/3358 3573/4203/3358 3569/4208/3358
s 1
f 3569/4209/3359 3573/4204/3355 3571/4205/3356 3567/4210/3360
s 0
f 3564/4211/3361 3568/4206/3361 3570/4207/3361 3566/4212/3361
f 3566/4212/3362 3570/4207/3362 3569/4208/3362 3565/4213/3362
s 1
f 3565/4214/3363 3569/4209/3359 3567/4210/3360 3563/4215/3364
s 0
f 3560/4216/3365 3564/4211/3365 3566/4212/3365 3562/4217/3365
f 3562/4217/3366 3566/4212/3366 3565/4213/3366 3561/4218/3366
s 1
f 3561/4219/3367 3565/4214/3363 3563/4215/3364 3559/4220/3368
s 0
f 3556/4221/3369 3560/4216/3369 3562/4217/3369 3558/4222/3369
f 3558/4222/3370 3562/4217/3370 3561/4218/3370 3557/4223/3370
s 1
f 3557/4224/3371 3561/4225/3367 3559/4226/3368 3555/4227/3372
s 0
f 3552/4228/3373 3556/4221/3373 3558/4222/3373 3554/4229/3373
f 3554/4229/3374 3558/4222/3374 3557/4223/3374 3553/4230/3374
s 1
f 3553/4231/3375 3557/4224/3371 3555/4227/3372 3551/4232/3376
s 0
f 3548/4233/3377 3552/4228/3377 3554/4229/3377 3550/4234/3377
f 3550/4234/3378 3554/4229/3378 3553/4230/3378 3549/4235/3378
s 1
f 3549/4236/3379 3553/4231/3375 3551/4232/3376 3547/4237/3380
s 0
f 3544/4238/3381 3548/4233/3381 3550/4234/3381 3546/4239/3381
f 3546/4239/3382 3550/4234/3382 3549/4235/3382 3545/4240/3382
s 1
f 3545/4241/3383 3549/4236/3379 3547/4237/3380 3543/4242/3384
s 0
f 3540/4243/3385 3544/4238/3385 3546/4239/3385 3542/4244/3385
f 3542/4244/3386 3546/4239/3386 3545/4240/3386 3541/4245/3386
s 1
f 3541/4246/3387 3545/4241/3383 3543/4242/3384 3539/4247/3388
s 0
f 3536/4248/3389 3540/4243/3389 3542/4244/3389 3538/4249/3389
f 3538/4249/3390 3542/4244/3390 3541/4245/3390 3537/4250/3390
s 1
f 3537/4251/3391 3541/4246/3387 3539/4247/3388 3535/4252/3392
s 0
f 3532/4253/3393 3536/4248/3393 3538/4249/3393 3534/4254/3393
f 3534/4254/3394 3538/4249/3394 3537/4250/3394 3533/4255/3394
s 1
f 3533/4256/3395 3537/4251/3391 3535/4252/3392 3531/4257/3396
s 0
f 3528/4258/3397 3532/4253/3397 3534/4254/3397 3530/4259/3397
f 3530/4259/3398 3534/4254/3398 3533/4255/3398 3529/4260/3398
s 1
f 3529/4261/3399 3533/4256/3395 3531/4257/3396 3527/4262/3400
s 0
f 3524/4263/3401 3528/4258/3401 3530/4259/3401 3526/4264/3401
f 3526/4264/3402 3530/4259/3402 3529/4260/3402 3525/4265/3402
s 1
f 3525/4266/3403 3529/4261/3399 3527/4262/3400 3523/4267/3404
s 0
f 3520/4268/3405 3524/4263/3405 3526/4264/3405 3522/4269/3405
f 3522/4269/3406 3526/4264/3406 3525/4265/3406 3521/4270/3406
s 1
f 3521/4271/3407 3525/4266/3403 3523/4267/3404 3519/4272/3408
s 0
f 3516/4273/3409 3520/4268/3409 3522/4269/3409 3518/4274/3409
f 3518/4274/3410 3522/4269/3410 3521/4270/3410 3517/4275/3410
s 1
f 3517/4276/3411 3521/4271/3407 3519/4272/3408 3515/4277/3412
s 0
f 3512/4278/3413 3516/4273/3413 3518/4274/3413 3514/4279/3413
f 3514/4279/3414 3518/4274/3414 3517/4275/3414 3513/4280/3414
s 1
f 3513/4281/3415 3517/4276/3411 3515/4277/3412 3511/4282/3416
s 0
f 3508/4283/3417 3512/4278/3417 3514/4279/3417 3510/4284/3417
f 3510/4284/3418 3514/4279/3418 3513/4280/3418 3509/4285/3418
s 1
f 3509/4286/3419 3513/4281/3415 3511/4282/3416 3507/4287/3420
s 0
f 3504/4288/3421 3508/4283/3421 3510/4284/3421 3506/4289/3421
f 3506/4289/3422 3510/4284/3422 3509/4285/3422 3505/4290/3422
s 1
f 3505/4291/3423 3509/4286/3419 3507/4287/3420 3503/4292/3424
s 0
f 3500/4293/3425 3504/4288/3425 3506/4289/3425 3502/4294/3425
f 3502/4294/3426 3506/4289/3426 3505/4290/3426 3501/4295/3426
s 1
f 3501/4296/3427 3505/4291/3423 3503/4292/3424 3499/4297/3428
s 0
f 3496/4298/3429 3500/4293/3429 3502/4294/3429 3498/4299/3429
f 3498/4299/3430 3502/4294/3430 3501/4295/3430 3497/4300/3430
s 1
f 3497/4301/3431 3501/4296/3427 3499/4297/3428 3495/4302/3432
s 0
f 3492/4303/3433 3496/4298/3433 3498/4299/3433 3494/4304/3433
f 3494/4304/3434 3498/4299/3434 3497/4300/3434 3493/4305/3434
s 1
f 3493/4306/3435 3497/4301/3431 3495/4302/3432 3491/4307/3436
s 0
f 3488/4308/3437 3492/4303/3437 3494/4304/3437 3490/4309/3437
f 3490/4309/3438 3494/4304/3438 3493/4305/3438 3489/4310/3438
s 1
f 3489/4311/3439 3493/4306/3435 3491/4307/3436 3487/4312/3440
s 0
f 3484/4313/3441 3488/4308/3441 3490/4309/3441 3486/4314/3441
f 3486/4314/3442 3490/4309/3442 3489/4310/3442 3485/4315/3442
s 1
f 3485/4316/3443 3489/4311/3439 3487/4312/3440 3483/4317/3444
s 0
f 3480/4318/3445 3484/4313/3445 3486/4314/3445 3482/4319/3445
f 3482/4319/3446 3486/4314/3446 3485/4315/3446 3481/4320/3446
s 1
f 3481/4321/3447 3485/4322/3443 3483/4323/3444 3479/4324/3448
s 0
f 3476/4325/3449 3480/4318/3449 3482/4319/3449 3478/4326/3449
f 3478/4326/3450 3482/4319/3450 3481/4320/3450 3477/4327/3450
s 1
f 3477/4328/3451 3481/4321/3447 3479/4324/3448 3475/4329/3452
s 0
f 3472/4330/3453 3476/4325/3453 3478/4326/3453 3474/4331/3453
f 3474/4331/3454 3478/4326/3454 3477/4327/3454 3473/4332/3454
s 1
f 3473/4333/3455 3477/4328/3451 3475/4329/3452 3471/4334/3456
s 0
f 3468/4335/3457 3472/4330/3457 3474/4331/3457 3470/4336/3457
f 3470/4336/3458 3474/4331/3458 3473/4332/3458 3469/4337/3458
s 1
f 3469/4338/3459 3473/4333/3455 3471/4334/3456 3467/4339/3460
s 0
f 3464/4340/3461 3468/4335/3461 3470/4336/3461 3466/4341/3461
f 3466/4341/3462 3470/4336/3462 3469/4337/3462 3465/4342/3462
s 1
f 3465/4343/3463 3469/4338/3459 3467/4339/3460 3463/4344/3464
s 0
f 3460/4345/3465 3464/4340/3465 3466/4341/3465 3462/4346/3465
f 3462/4346/3466 3466/4341/3466 3465/4342/3466 3461/4347/3466
s 1
f 3461/4348/3467 3465/4343/3463 3463/4344/3464 3459/4349/3468
s 0
f 3456/4350/3469 3460/4345/3469 3462/4346/3469 3458/4351/3469
f 3458/4351/3470 3462/4346/3470 3461/4347/3470 3457/4352/3470
s 1
f 3457/4353/3471 3461/4348/3467 3459/4349/3468 3455/4354/3472
s 0
f 3452/4355/3473 3456/4350/3473 3458/4351/3473 3454/4356/3473
f 3454/4356/3474 3458/4351/3474 3457/4352/3474 3453/4357/3474
s 1
f 3453/4358/3475 3457/4353/3471 3455/4354/3472 3451/4359/3476
s 0
f 3448/4360/3477 3452/4355/3477 3454/4356/3477 3450/4361/3477
f 3450/4361/3478 3454/4356/3478 3453/4357/3478 3449/4362/3478
s 1
f 3449/4363/3479 3453/4358/3475 3451/4359/3476 3447/4364/3480
s 0
f 3444/4365/3481 3448/4360/3481 3450/4361/3481 3446/4366/3481
f 3446/4366/3482 3450/4361/3482 3449/4362/3482 3445/4367/3482
s 1
f 3445/4368/3483 3449/4363/3479 3447/4364/3480 3443/4369/3484
s 0
f 3440/4370/3485 3444/4365/3485 3446/4366/3485 3442/4371/3485
f 3442/4371/3486 3446/4366/3486 3445/4367/3486 3441/4372/3486
s 1
f 3441/4373/3487 3445/4368/3483 3443/4369/3484 3439/4374/3488
s 0
f 3436/4375/3489 3440/4370/3489 3442/4371/3489 3438/4376/3489
f 3438/4376/3490 3442/4371/3490 3441/4372/3490 3437/4377/3490
s 1
f 3437/4378/3491 3441/4373/3487 3439/4374/3488 3435/4379/3492
s 0
f 3432/4380/3493 3436/4375/3493 3438/4376/3493 3434/4381/3493
f 3434/4381/3494 3438/4376/3494 3437/4377/3494 3433/4382/3494
s 1
f 3433/4383/3495 3437/4378/3491 3435/4379/3492 3431/4384/3496
s 0
f 3428/4385/3497 3432/4380/3497 3434/4381/3497 3430/4386/3497
f 3430/4386/3498 3434/4381/3498 3433/4382/3498 3429/4387/3498
s 1
f 3429/4388/3499 3433/4389/3495 3431/4390/3496 3427/4391/3500
s 0
f 3424/4392/3501 3428/4385/3501 3430/4386/3501 3426/4393/3501
f 3426/4393/3502 3430/4386/3502 3429/4387/3502 3425/4394/3502
s 1
f 3425/4395/3503 3429/4388/3499 3427/4391/3500 3423/4396/3504
s 0
f 3420/4397/3505 3424/4392/3505 3426/4393/3505 3422/4398/3505
f 3422/4398/3506 3426/4393/3506 3425/4394/3506 3421/4399/3506
s 1
f 3421/4400/3507 3425/4395/3503 3423/4396/3504 3419/4401/3508
s 0
f 3416/4402/3509 3420/4397/3509 3422/4398/3509 3418/4403/3509
f 3418/4403/3510 3422/4398/3510 3421/4399/3510 3417/4404/3510
s 1
f 3417/4405/3511 3421/4400/3507 3419/4401/3508 3415/4406/3512
s 0
f 3412/4407/3513 3416/4402/3513 3418/4403/3513 3414/4408/3513
f 3414/4408/3514 3418/4403/3514 3417/4404/3514 3413/4409/3514
s 1
f 3413/4410/3515 3417/4405/3511 3415/4406/3512 3411/4411/3516
s 0
f 3408/4412/3517 3412/4407/3517 3414/4408/3517 3410/4413/3517
f 3410/4413/3518 3414/4408/3518 3413/4409/3518 3409/4414/3518
s 1
f 3409/4415/3519 3413/4410/3515 3411/4411/3516 3407/4416/3520
s 0
f 3404/4417/3521 3408/4412/3521 3410/4413/3521 3406/4418/3521
f 3406/4418/3522 3410/4413/3522 3409/4414/3522 3405/4419/3522
s 1
f 3405/4420/3523 3409/4415/3519 3407/4416/3520 3403/4421/3524
s 0
f 3400/4422/3525 3404/4417/3525 3406/4418/3525 3402/4423/3525
f 3402/4423/3526 3406/4418/3526 3405/4419/3526 3401/4424/3526
s 1
f 3401/4425/3527 3405/4420/3523 3403/4421/3524 3399/4426/3528
s 0
f 3396/4427/3529 3400/4422/3529 3402/4423/3529 3398/4428/3529
f 3398/4428/3530 3402/4423/3530 3401/4424/3530 3397/4429/3530
s 1
f 3397/4430/3531 3401/4425/3527 3399/4426/3528 3395/4431/3532
s 0
f 3392/4432/3533 3396/4427/3533 3398/4428/3533 3394/4433/3533
f 3394/4433/3534 3398/4428/3534 3397/4429/3534 3393/4434/3534
s 1
f 3393/4435/3535 3397/4430/3531 3395/4431/3532 3391/4436/3536
s 0
f 3388/4437/3537 3392/4432/3537 3394/4433/3537 3390/4438/3537
f 3390/4438/3538 3394/4433/3538 3393/4434/3538 3389/4439/3538
s 1
f 3389/4440/3539 3393/4435/3535 3391/4436/3536 3387/4441/3540
s 0
f 3384/4442/3541 3388/4437/3541 3390/4438/3541 3386/4443/3541
f 3386/4443/3542 3390/4438/3542 3389/4439/3542 3385/4444/3542
s 1
f 3385/4445/3543 3389/4440/3539 3387/4441/3540 3383/4446/3544
s 0
f 3380/4447/3545 3384/4442/3545 3386/4443/3545 3382/4448/3545
f 3382/4448/3546 3386/4443/3546 3385/4444/3546 3381/4449/3546
s 1
f 3381/4450/3547 3385/4445/3543 3383/4446/3544 3379/4451/3548
s 0
f 3376/4452/3549 3380/4447/3549 3382/4448/3549 3378/4453/3549
f 3378/4453/3550 3382/4448/3550 3381/4449/3550 3377/4454/3550
s 1
f 3377/4455/3551 3381/4450/3547 3379/4451/3548 3375/4456/3552
s 0
f 3372/4457/3553 3376/4452/3553 3378/4453/3553 3374/4458/3553
f 3374/4458/3554 3378/4453/3554 3377/4454/3554 3373/4459/3554
s 1
f 3373/4460/3555 3377/4455/3551 3375/4456/3552 3371/4461/3556
s 0
f 3368/4462/3557 3372/4457/3557 3374/4458/3557 3370/4463/3557
f 3370/4463/3558 3374/4458/3558 3373/4459/3558 3369/4464/3558
s 1
f 3369/4465/3559 3373/4460/3555 3371/4461/3556 3367/4466/3560
s 0
f 3364/4467/3561 3368/4462/3561 3370/4463/3561 3366/4468/3561
f 3366/4468/3562 3370/4463/3562 3369/4464/3562 3365/4469/3562
s 1
f 3365/4470/3563 3369/4465/3559 3367/4466/3560 3363/4471/3564
s 0
f 3360/4472/3565 3364/4467/3565 3366/4468/3565 3362/4473/3565
f 3362/4473/3566 3366/4468/3566 3365/4469/3566 3361/4474/3566
s 1
f 3361/4475/3567 3365/4470/3563 3363/4471/3564 3359/4476/3568
s 0
f 3356/4477/3569 3360/4472/3569 3362/4473/3569 3358/4478/3569
f 3358/4478/3570 3362/4473/3570 3361/4474/3570 3357/4479/3570
s 1
f 3357/4480/3571 3361/4475/3567 3359/4476/3568 3355/4481/3572
s 0
f 3352/4482/3573 3356/4477/3573 3358/4478/3573 3354/4483/3573
f 3354/4483/3574 3358/4478/3574 3357/4479/3574 3353/4484/3574
s 1
f 3353/4485/3575 3357/4486/3571 3355/4487/3572 3351/4488/3576
s 0
f 3348/4489/3577 3352/4482/3577 3354/4483/3577 3350/4490/3577
f 3350/4490/3578 3354/4483/3578 3353/4484/3578 3349/4491/3578
s 1
f 3349/4492/3579 3353/4485/3575 3351/4488/3576 3347/4493/3580
s 0
f 3344/4494/3581 3348/4489/3581 3350/4490/3581 3346/4495/3581
f 3346/4495/3582 3350/4490/3582 3349/4491/3582 3345/4496/3582
s 1
f 3345/4497/3583 3349/4492/3579 3347/4493/3580 3343/4498/3584
s 0
f 3340/4499/3585 3344/4494/3585 3346/4495/3585 3342/4500/3585
f 3342/4500/3586 3346/4495/3586 3345/4496/3586 3341/4501/3586
s 1
f 3341/4502/3587 3345/4497/3583 3343/4498/3584 3339/4503/3588
s 0
f 3336/4504/3589 3340/4499/3589 3342/4500/3589 3338/4505/3589
f 3338/4505/3590 3342/4500/3590 3341/4501/3590 3337/4506/3590
s 1
f 3337/4507/3591 3341/4502/3587 3339/4503/3588 3335/4508/3592
s 0
f 3332/4509/3593 3336/4504/3593 3338/4505/3593 3334/4510/3593
f 3334/4510/3594 3338/4505/3594 3337/4506/3594 3333/4511/3594
s 1
f 3333/4512/3595 3337/4507/3591 3335/4508/3592 3331/4513/3596
s 0
f 3327/4195/3597 3332/4509/3597 3334/4510/3597 3329/4193/3597
f 3329/4193/3598 3334/4510/3598 3333/4511/3598 3330/4190/3598
s 1
f 3330/4189/3346 3333/4512/3595 3331/4513/3596 3328/4186/3343
f 3584/4514/3599 3588/4515/3600 3590/4516/3601 3586/4517/3602
s 0
f 3586/4518/3603 3590/4519/3603 3589/4520/3603 3585/4521/3603
f 3585/4521/3604 3589/4520/3604 3587/4522/3604 3583/4523/3604
s 1
f 3588/4515/3600 3592/4524/3605 3594/4525/3606 3590/4516/3601
s 0
f 3590/4519/3607 3594/4526/3607 3593/4527/3607 3589/4520/3607
f 3589/4520/3608 3593/4527/3608 3591/4528/3608 3587/4522/3608
s 1
f 3592/4524/3605 3596/4529/3609 3598/4530/3610 3594/4525/3606
s 0
f 3594/4526/3611 3598/4531/3611 3597/4532/3611 3593/4527/3611
f 3593/4527/3612 3597/4532/3612 3595/4533/3612 3591/4528/3612
s 1
f 3596/4529/3609 3600/4534/3613 3602/4535/3614 3598/4530/3610
s 0
f 3598/4531/3615 3602/4536/3615 3601/4537/3615 3597/4532/3615
f 3597/4532/3616 3601/4537/3616 3599/4538/3616 3595/4533/3616
s 1
f 3600/4534/3613 3604/4539/3617 3606/4540/3618 3602/4535/3614
s 0
f 3602/4536/3619 3606/4541/3619 3605/4542/3619 3601/4537/3619
f 3601/4537/3620 3605/4542/3620 3603/4543/3620 3599/4538/3620
s 1
f 3604/4539/3617 3608/4544/3621 3610/4545/3622 3606/4540/3618
s 0
f 3606/4541/3623 3610/4546/3623 3609/4547/3623 3605/4542/3623
f 3605/4542/3624 3609/4547/3624 3607/4548/3624 3603/4543/3624
s 1
f 3608/4544/3621 3612/4549/3625 3614/4550/3626 3610/4545/3622
s 0
f 3610/4546/3627 3614/4551/3627 3613/4552/3627 3609/4547/3627
f 3609/4547/3628 3613/4552/3628 3611/4553/3628 3607/4548/3628
s 1
f 3612/4554/3625 3616/4555/3629 3618/4556/3630 3614/4557/3626
s 0
f 3614/4551/3631 3618/4558/3631 3617/4559/3631 3613/4552/3631
f 3613/4552/3632 3617/4559/3632 3615/4560/3632 3611/4553/3632
s 1
f 3616/4555/3629 3620/4561/3633 3622/4562/3634 3618/4556/3630
s 0
f 3618/4558/3635 3622/4563/3635 3621/4564/3635 3617/4559/3635
f 3617/4559/3636 3621/4564/3636 3619/4565/3636 3615/4560/3636
s 1
f 3620/4561/3633 3624/4566/3637 3626/4567/3638 3622/4562/3634
s 0
f 3622/4563/3639 3626/4568/3639 3625/4569/3639 3621/4564/3639
f 3621/4564/3640 3625/4569/3640 3623/4570/3640 3619/4565/3640
s 1
f 3624/4566/3637 3628/4571/3641 3630/4572/3642 3626/4567/3638
s 0
f 3626/4568/3643 3630/4573/3643 3629/4574/3643 3625/4569/3643
f 3625/4569/3644 3629/4574/3644 3627/4575/3644 3623/4570/3644
s 1
f 3628/4571/3641 3632/4576/3645 3634/4577/3646 3630/4572/3642
s 0
f 3630/4573/3647 3634/4578/3647 3633/4579/3647 3629/4574/3647
f 3629/4574/3648 3633/4579/3648 3631/4580/3648 3627/4575/3648
s 1
f 3632/4576/3645 3636/4581/3649 3638/4582/3650 3634/4577/3646
s 0
f 3634/4578/3651 3638/4583/3651 3637/4584/3651 3633/4579/3651
f 3633/4579/3652 3637/4584/3652 3635/4585/3652 3631/4580/3652
s 1
f 3636/4581/3649 3640/4586/3653 3642/4587/3654 3638/4582/3650
s 0
f 3638/4583/3655 3642/4588/3655 3641/4589/3655 3637/4584/3655
f 3637/4584/3656 3641/4589/3656 3639/4590/3656 3635/4585/3656
s 1
f 3640/4586/3653 3644/4591/3657 3646/4592/3658 3642/4587/3654
s 0
f 3642/4588/3659 3646/4593/3659 3645/4594/3659 3641/4589/3659
f 3641/4589/3660 3645/4594/3660 3643/4595/3660 3639/4590/3660
s 1
f 3644/4591/3657 3648/4596/3661 3650/4597/3662 3646/4592/3658
s 0
f 3646/4593/3663 3650/4598/3663 3649/4599/3663 3645/4594/3663
f 3645/4594/3664 3649/4599/3664 3647/4600/3664 3643/4595/3664
s 1
f 3648/4596/3661 3652/4601/3665 3654/4602/3666 3650/4597/3662
s 0
f 3650/4598/3667 3654/4603/3667 3653/4604/3667 3649/4599/3667
f 3649/4599/3668 3653/4604/3668 3651/4605/3668 3647/4600/3668
s 1
f 3652/4601/3665 3656/4606/3669 3658/4607/3670 3654/4602/3666
s 0
f 3654/4603/3671 3658/4608/3671 3657/4609/3671 3653/4604/3671
f 3653/4604/3672 3657/4609/3672 3655/4610/3672 3651/4605/3672
s 1
f 3656/4606/3669 3660/4611/3673 3662/4612/3674 3658/4607/3670
s 0
f 3658/4608/3675 3662/4613/3675 3661/4614/3675 3657/4609/3675
f 3657/4609/3676 3661/4614/3676 3659/4615/3676 3655/4610/3676
s 1
f 3660/4611/3673 3664/4616/3677 3666/4617/3678 3662/4612/3674
s 0
f 3662/4613/3679 3666/4618/3679 3665/4619/3679 3661/4614/3679
f 3661/4614/3680 3665/4619/3680 3663/4620/3680 3659/4615/3680
s 1
f 3664/4616/3677 3668/4621/3681 3670/4622/3682 3666/4617/3678
s 0
f 3666/4618/3683 3670/4623/3683 3669/4624/3683 3665/4619/3683
f 3665/4619/3684 3669/4624/3684 3667/4625/3684 3663/4620/3684
s 1
f 3668/4621/3681 3672/4626/3685 3674/4627/3686 3670/4622/3682
s 0
f 3670/4623/3687 3674/4628/3687 3673/4629/3687 3669/4624/3687
f 3669/4624/3688 3673/4629/3688 3671/4630/3688 3667/4625/3688
s 1
f 3672/4626/3685 3676/4631/3689 3678/4632/3690 3674/4627/3686
s 0
f 3674/4628/3691 3678/4633/3691 3677/4634/3691 3673/4629/3691
f 3673/4629/3692 3677/4634/3692 3675/4635/3692 3671/4630/3692
s 1
f 3676/4631/3689 3680/4636/3693 3682/4637/3694 3678/4632/3690
s 0
f 3678/4633/3695 3682/4638/3695 3681/4639/3695 3677/4634/3695
f 3677/4634/3696 3681/4639/3696 3679/4640/3696 3675/4635/3696
s 1
f 3680/4636/3693 3684/4641/3697 3686/4642/3698 3682/4637/3694
s 0
f 3682/4638/3699 3686/4643/3699 3685/4644/3699 3681/4639/3699
f 3681/4639/3700 3685/4644/3700 3683/4645/3700 3679/4640/3700
s 1
f 3684/4641/3697 3688/4646/3701 3690/4647/3702 3686/4642/3698
s 0
f 3686/4643/3703 3690/4648/3703 3689/4649/3703 3685/4644/3703
f 3685/4644/3704 3689/4649/3704 3687/4650/3704 3683/4645/3704
s 1
f 3688/4651/3701 3692/4652/3705 3694/4653/3706 3690/4654/3702
s 0
f 3690/4648/3707 3694/4655/3707 3693/4656/3707 3689/4649/3707
f 3689/4649/3708 3693/4656/3708 3691/4657/3708 3687/4650/3708
s 1
f 3692/4652/3705 3696/4658/3709 3698/4659/3710 3694/4653/3706
s 0
f 3694/4655/3711 3698/4660/3711 3697/4661/3711 3693/4656/3711
f 3693/4656/3712 3697/4661/3712 3695/4662/3712 3691/4657/3712
s 1
f 3696/4658/3709 3700/4663/3713 3702/4664/3714 3698/4659/3710
s 0
f 3698/4660/3715 3702/4665/3715 3701/4666/3715 3697/4661/3715
f 3697/4661/3716 3701/4666/3716 3699/4667/3716 3695/4662/3716
s 1
f 3700/4663/3713 3704/4668/3717 3706/4669/3718 3702/4664/3714
s 0
f 3702/4665/3719 3706/4670/3719 3705/4671/3719 3701/4666/3719
f 3701/4666/3720 3705/4671/3720 3703/4672/3720 3699/4667/3720
s 1
f 3704/4668/3717 3708/4673/3721 3710/4674/3722 3706/4669/3718
s 0
f 3706/4670/3723 3710/4675/3723 3709/4676/3723 3705/4671/3723
f 3705/4671/3724 3709/4676/3724 3707/4677/3724 3703/4672/3724
s 1
f 3708/4673/3721 3712/4678/3725 3714/4679/3726 3710/4674/3722
s 0
f 3710/4675/3727 3714/4680/3727 3713/4681/3727 3709/4676/3727
f 3709/4676/3728 3713/4681/3728 3711/4682/3728 3707/4677/3728
s 1
f 3712/4678/3725 3716/4683/3729 3718/4684/3730 3714/4679/3726
s 0
f 3714/4680/3731 3718/4685/3731 3717/4686/3731 3713/4681/3731
f 3713/4681/3732 3717/4686/3732 3715/4687/3732 3711/4682/3732
s 1
f 3716/4683/3729 3720/4688/3733 3722/4689/3734 3718/4684/3730
s 0
f 3718/4685/3735 3722/4690/3735 3721/4691/3735 3717/4686/3735
f 3717/4686/3736 3721/4691/3736 3719/4692/3736 3715/4687/3736
s 1
f 3720/4688/3733 3724/4693/3737 3726/4694/3738 3722/4689/3734
s 0
f 3722/4690/3739 3726/4695/3739 3725/4696/3739 3721/4691/3739
f 3721/4691/3740 3725/4696/3740 3723/4697/3740 3719/4692/3740
s 1
f 3724/4693/3737 3728/4698/3741 3730/4699/3742 3726/4694/3738
s 0
f 3726/4695/3743 3730/4700/3743 3729/4701/3743 3725/4696/3743
f 3725/4696/3744 3729/4701/3744 3727/4702/3744 3723/4697/3744
s 1
f 3728/4698/3741 3732/4703/3745 3734/4704/3746 3730/4699/3742
s 0
f 3730/4700/3747 3734/4705/3747 3733/4706/3747 3729/4701/3747
f 3729/4701/3748 3733/4706/3748 3731/4707/3748 3727/4702/3748
s 1
f 3732/4703/3745 3736/4708/3749 3738/4709/3750 3734/4704/3746
s 0
f 3734/4705/3751 3738/4710/3751 3737/4711/3751 3733/4706/3751
f 3733/4706/3752 3737/4711/3752 3735/4712/3752 3731/4707/3752
s 1
f 3736/4708/3749 3740/4713/3753 3742/4714/3754 3738/4709/3750
s 0
f 3738/4710/3755 3742/4715/3755 3741/4716/3755 3737/4711/3755
f 3737/4711/3756 3741/4716/3756 3739/4717/3756 3735/4712/3756
s 1
f 3740/4718/3753 3744/4719/3757 3746/4720/3758 3742/4721/3754
s 0
f 3742/4715/3759 3746/4722/3759 3745/4723/3759 3741/4716/3759
f 3741/4716/3760 3745/4723/3760 3743/4724/3760 3739/4717/3760
s 1
f 3744/4719/3757 3748/4725/3761 3750/4726/3762 3746/4720/3758
s 0
f 3746/4722/3763 3750/4727/3763 3749/4728/3763 3745/4723/3763
f 3745/4723/3764 3749/4728/3764 3747/4729/3764 3743/4724/3764
s 1
f 3748/4725/3761 3752/4730/3765 3754/4731/3766 3750/4726/3762
s 0
f 3750/4727/3767 3754/4732/3767 3753/4733/3767 3749/4728/3767
f 3749/4728/3768 3753/4733/3768 3751/4734/3768 3747/4729/3768
s 1
f 3752/4730/3765 3756/4735/3769 3758/4736/3770 3754/4731/3766
s 0
f 3754/4732/3771 3758/4737/3771 3757/4738/3771 3753/4733/3771
f 3753/4733/3772 3757/4738/3772 3755/4739/3772 3751/4734/3772
s 1
f 3756/4735/3769 3760/4740/3773 3762/4741/3774 3758/4736/3770
s 0
f 3758/4737/3775 3762/4742/3775 3761/4743/3775 3757/4738/3775
f 3757/4738/3776 3761/4743/3776 3759/4744/3776 3755/4739/3776
s 1
f 3760/4740/3773 3764/4745/3777 3766/4746/3778 3762/4741/3774
s 0
f 3762/4742/3779 3766/4747/3779 3765/4748/3779 3761/4743/3779
f 3761/4743/3780 3765/4748/3780 3763/4749/3780 3759/4744/3780
s 1
f 3764/4745/3777 3768/4750/3781 3770/4751/3782 3766/4746/3778
s 0
f 3766/4747/3783 3770/4752/3783 3769/4753/3783 3765/4748/3783
f 3765/4748/3784 3769/4753/3784 3767/4754/3784 3763/4749/3784
s 1
f 3768/4750/3781 3772/4755/3785 3774/4756/3786 3770/4751/3782
s 0
f 3770/4752/3787 3774/4757/3787 3773/4758/3787 3769/4753/3787
f 3769/4753/3788 3773/4758/3788 3771/4759/3788 3767/4754/3788
s 1
f 3772/4755/3785 3776/4760/3789 3778/4761/3790 3774/4756/3786
s 0
f 3774/4757/3791 3778/4762/3791 3777/4763/3791 3773/4758/3791
f 3773/4758/3792 3777/4763/3792 3775/4764/3792 3771/4759/3792
s 1
f 3776/4760/3789 3780/4765/3793 3782/4766/3794 3778/4761/3790
s 0
f 3778/4762/3795 3782/4767/3795 3781/4768/3795 3777/4763/3795
f 3777/4763/3796 3781/4768/3796 3779/4769/3796 3775/4764/3796
s 1
f 3780/4765/3793 3784/4770/3797 3786/4771/3798 3782/4766/3794
s 0
f 3782/4767/3799 3786/4772/3799 3785/4773/3799 3781/4768/3799
f 3781/4768/3800 3785/4773/3800 3783/4774/3800 3779/4769/3800
s 1
f 3784/4770/3797 3788/4775/3801 3790/4776/3802 3786/4771/3798
s 0
f 3786/4772/3803 3790/4777/3803 3789/4778/3803 3785/4773/3803
f 3785/4773/3804 3789/4778/3804 3787/4779/3804 3783/4774/3804
s 1
f 3788/4775/3801 3792/4780/3805 3794/4781/3806 3790/4776/3802
s 0
f 3790/4777/3807 3794/4782/3807 3793/4783/3807 3789/4778/3807
f 3789/4778/3808 3793/4783/3808 3791/4784/3808 3787/4779/3808
s 1
f 3792/4780/3805 3796/4785/3809 3798/4786/3810 3794/4781/3806
s 0
f 3794/4782/3811 3798/4787/3811 3797/4788/3811 3793/4783/3811
f 3793/4783/3812 3797/4788/3812 3795/4789/3812 3791/4784/3812
s 1
f 3796/4785/3809 3800/4790/3813 3802/4791/3814 3798/4786/3810
s 0
f 3798/4787/3815 3802/4792/3815 3801/4793/3815 3797/4788/3815
f 3797/4788/3816 3801/4793/3816 3799/4794/3816 3795/4789/3816
s 1
f 3800/4790/3813 3804/4795/3817 3806/4796/3818 3802/4791/3814
s 0
f 3802/4792/3819 3806/4797/3819 3805/4798/3819 3801/4793/3819
f 3801/4793/3820 3805/4798/3820 3803/4799/3820 3799/4794/3820
s 1
f 3804/4795/3817 3808/4800/3821 3810/4801/3822 3806/4796/3818
s 0
f 3806/4797/3823 3810/4802/3823 3809/4803/3823 3805/4798/3823
f 3805/4798/3824 3809/4803/3824 3807/4804/3824 3803/4799/3824
s 1
f 3808/4800/3821 3812/4805/3825 3814/4806/3826 3810/4801/3822
s 0
f 3810/4802/3827 3814/4807/3827 3813/4808/3827 3809/4803/3827
f 3809/4803/3828 3813/4808/3828 3811/4809/3828 3807/4804/3828
s 1
f 3812/4805/3825 3816/4810/3829 3818/4811/3830 3814/4806/3826
s 0
f 3814/4807/3831 3818/4812/3831 3817/4813/3831 3813/4808/3831
f 3813/4808/3832 3817/4813/3832 3815/4814/3832 3811/4809/3832
s 1
f 3816/4815/3829 3820/4816/3833 3822/4817/3834 3818/4818/3830
s 0
f 3818/4812/3835 3822/4819/3835 3821/4820/3835 3817/4813/3835
f 3817/4813/3836 3821/4820/3836 3819/4821/3836 3815/4814/3836
s 1
f 3820/4816/3833 3824/4822/3837 3826/4823/3838 3822/4817/3834
s 0
f 3822/4819/3839 3826/4824/3839 3825/4825/3839 3821/4820/3839
f 3821/4820/3840 3825/4825/3840 3823/4826/3840 3819/4821/3840
s 1
f 3824/4822/3837 3828/4827/3841 3830/4828/3842 3826/4823/3838
s 0
f 3826/4824/3843 3830/4829/3843 3829/4830/3843 3825/4825/3843
f 3825/4825/3844 3829/4830/3844 3827/4831/3844 3823/4826/3844
s 1
f 3828/4827/3841 3832/4832/3845 3834/4833/3846 3830/4828/3842
s 0
f 3830/4829/3847 3834/4834/3847 3833/4835/3847 3829/4830/3847
f 3829/4830/3848 3833/4835/3848 3831/4836/3848 3827/4831/3848
s 1
f 3832/4832/3845 3836/4837/3849 3838/4838/3850 3834/4833/3846
s 0
f 3834/4834/3851 3838/4839/3851 3837/4840/3851 3833/4835/3851
f 3833/4835/3852 3837/4840/3852 3835/4841/3852 3831/4836/3852
f 3583/4523/3853 3835/4841/3853 3837/4840/3853 3585/4521/3853
f 3585/4521/3854 3837/4840/3854 3838/4839/3854 3586/4518/3854
s 1
f 3586/4517/3602 3838/4838/3850 3836/4837/3849 3584/4514/3599
f 3579/4187/3344 3328/4186/3343 3584/4514/3599 3836/4837/3849
s 0
f 3580/4194/3855 3576/4196/3855 3572/4201/3855 3568/4206/3855 3564/4211/3855 3560/4216/3855 3556/4221/3855 3552/4228/3855 3548/4233/3855 3544/4238/3855 3540/4243/3855 3536/4248/3855 3532/4253/3855 3528/4258/3855 3524/4263/3855 3520/4268/3855 3516/4273/3855 3512/4278/3855 3508/4283/3855 3504/4288/3855 3500/4293/3855 3496/4298/3855 3492/4303/3855 3488/4308/3855 3484/4313/3855 3480/4318/3855 3476/4325/3855 3472/4330/3855 3468/4335/3855 3464/4340/3855 3460/4345/3855 3456/4350/3855 3452/4355/3855 3448/4360/3855 3444/4365/3855 3440/4370/3855 3436/4375/3855 3432/4380/3855 3428/4385/3855 3424/4392/3855 3420/4397/3855 3416/4402/3855 3412/4407/3855 3408/4412/3855 3404/4417/3855 3400/4422/3855 3396/4427/3855 3392/4432/3855 3388/4437/3855 3384/4442/3855 3380/4447/3855 3376/4452/3855 3372/4457/3855 3368/4462/3855 3364/4467/3855 3360/4472/3855 3356/4477/3855 3352/4482/3855 3348/4489/3855 3344/4494/3855 3340/4499/3855 3336/4504/3855 3332/4509/3855 3327/4195/3855
s 1
f 3328/4186/3343 3331/4513/3596 3588/4515/3600 3584/4514/3599
f 3331/4513/3596 3335/4508/3592 3592/4524/3605 3588/4515/3600
f 3335/4508/3592 3339/4503/3588 3596/4529/3609 3592/4524/3605
f 3339/4503/3588 3343/4498/3584 3600/4534/3613 3596/4529/3609
f 3343/4498/3584 3347/4493/3580 3604/4539/3617 3600/4534/3613
f 3347/4493/3580 3351/4488/3576 3608/4544/3621 3604/4539/3617
f 3351/4488/3576 3355/4487/3572 3612/4549/3625 3608/4544/3621
f 3355/4481/3572 3359/4476/3568 3616/4555/3629 3612/4554/3625
f 3359/4476/3568 3363/4471/3564 3620/4561/3633 3616/4555/3629
f 3363/4471/3564 3367/4466/3560 3624/4566/3637 3620/4561/3633
f 3367/4466/3560 3371/4461/3556 3628/4571/3641 3624/4566/3637
f 3371/4461/3556 3375/4456/3552 3632/4576/3645 3628/4571/3641
f 3375/4456/3552 3379/4451/3548 3636/4581/3649 3632/4576/3645
f 3379/4451/3548 3383/4446/3544 3640/4586/3653 3636/4581/3649
f 3383/4446/3544 3387/4441/3540 3644/4591/3657 3640/4586/3653
f 3387/4441/3540 3391/4436/3536 3648/4596/3661 3644/4591/3657
f 3391/4436/3536 3395/4431/3532 3652/4601/3665 3648/4596/3661
f 3395/4431/3532 3399/4426/3528 3656/4606/3669 3652/4601/3665
f 3399/4426/3528 3403/4421/3524 3660/4611/3673 3656/4606/3669
f 3403/4421/3524 3407/4416/3520 3664/4616/3677 3660/4611/3673
f 3407/4416/3520 3411/4411/3516 3668/4621/3681 3664/4616/3677
f 3411/4411/3516 3415/4406/3512 3672/4626/3685 3668/4621/3681
f 3415/4406/3512 3419/4401/3508 3676/4631/3689 3672/4626/3685
f 3419/4401/3508 3423/4396/3504 3680/4636/3693 3676/4631/3689
f 3423/4396/3504 3427/4391/3500 3684/4641/3697 3680/4636/3693
f 3427/4391/3500 3431/4390/3496 3688/4646/3701 3684/4641/3697
f 3431/4384/3496 3435/4379/3492 3692/4652/3705 3688/4651/3701
f 3435/4379/3492 3439/4374/3488 3696/4658/3709 3692/4652/3705
f 3439/4374/3488 3443/4369/3484 3700/4663/3713 3696/4658/3709
f 3443/4369/3484 3447/4364/3480 3704/4668/3717 3700/4663/3713
f 3447/4364/3480 3451/4359/3476 3708/4673/3721 3704/4668/3717
f 3451/4359/3476 3455/4354/3472 3712/4678/3725 3708/4673/3721
f 3455/4354/3472 3459/4349/3468 3716/4683/3729 3712/4678/3725
f 3459/4349/3468 3463/4344/3464 3720/4688/3733 3716/4683/3729
f 3463/4344/3464 3467/4339/3460 3724/4693/3737 3720/4688/3733
f 3467/4339/3460 3471/4334/3456 3728/4698/3741 3724/4693/3737
f 3471/4334/3456 3475/4329/3452 3732/4703/3745 3728/4698/3741
f 3475/4329/3452 3479/4324/3448 3736/4708/3749 3732/4703/3745
f 3479/4324/3448 3483/4323/3444 3740/4713/3753 3736/4708/3749
f 3483/4317/3444 3487/4312/3440 3744/4719/3757 3740/4718/3753
f 3487/4312/3440 3491/4307/3436 3748/4725/3761 3744/4719/3757
f 3491/4307/3436 3495/4302/3432 3752/4730/3765 3748/4725/3761
f 3495/4302/3432 3499/4297/3428 3756/4735/3769 3752/4730/3765
f 3499/4297/3428 3503/4292/3424 3760/4740/3773 3756/4735/3769
f 3503/4292/3424 3507/4287/3420 3764/4745/3777 3760/4740/3773
f 3507/4287/3420 3511/4282/3416 3768/4750/3781 3764/4745/3777
f 3511/4282/3416 3515/4277/3412 3772/4755/3785 3768/4750/3781
f 3515/4277/3412 3519/4272/3408 3776/4760/3789 3772/4755/3785
f 3519/4272/3408 3523/4267/3404 3780/4765/3793 3776/4760/3789
f 3523/4267/3404 3527/4262/3400 3784/4770/3797 3780/4765/3793
f 3527/4262/3400 3531/4257/3396 3788/4775/3801 3784/4770/3797
f 3531/4257/3396 3535/4252/3392 3792/4780/3805 3788/4775/3801
f 3535/4252/3392 3539/4247/3388 3796/4785/3809 3792/4780/3805
f 3539/4247/3388 3543/4242/3384 3800/4790/3813 3796/4785/3809
f 3543/4242/3384 3547/4237/3380 3804/4795/3817 3800/4790/3813
f 3547/4237/3380 3551/4232/3376 3808/4800/3821 3804/4795/3817
f 3551/4232/3376 3555/4227/3372 3812/4805/3825 3808/4800/3821
f 3555/4227/3372 3559/4226/3368 3816/4810/3829 3812/4805/3825
f 3559/4220/3368 3563/4215/3364 3820/4816/3833 3816/4815/3829
f 3563/4215/3364 3567/4210/3360 3824/4822/3837 3820/4816/3833
f 3567/4210/3360 3571/4205/3356 3828/4827/3841 3824/4822/3837
f 3571/4205/3356 3575/4200/3352 3832/4832/3845 3828/4827/3841
f 3575/4200/3352 3579/4187/3344 3836/4837/3849 3832/4832/3845
s 0
f 3583/4523/3856 3587/4522/3856 3591/4528/3856 3595/4533/3856 3599/4538/3856 3603/4543/3856 3607/4548/3856 3611/4553/3856 3615/4560/3856 3619/4565/3856 3623/4570/3856 3627/4575/3856 3631/4580/3856 3635/4585/3856 3639/4590/3856 3643/4595/3856 3647/4600/3856 3651/4605/3856 3655/4610/3856 3659/4615/3856 3663/4620/3856 3667/4625/3856 3671/4630/3856 3675/4635/3856 3679/4640/3856 3683/4645/3856 3687/4650/3856 3691/4657/3856 3695/4662/3856 3699/4667/3856 3703/4672/3856 3707/4677/3856 3711/4682/3856 3715/4687/3856 3719/4692/3856 3723/4697/3856 3727/4702/3856 3731/4707/3856 3735/4712/3856 3739/4717/3856 3743/4724/3856 3747/4729/3856 3751/4734/3856 3755/4739/3856 3759/4744/3856 3763/4749/3856 3767/4754/3856 3771/4759/3856 3775/4764/3856 3779/4769/3856 3783/4774/3856 3787/4779/3856 3791/4784/3856 3795/4789/3856 3799/4794/3856 3803/4799/3856 3807/4804/3856 3811/4809/3856 3815/4814/3856 3819/4821/3856 3823/4826/3856 3827/4831/3856 3831/4836/3856 3835/4841/3856
o Driven_steel_fixing_wedge.001
v -0.000750 0.024534 -0.313419
v -0.000550 0.024734 -0.313415
v -0.000550 0.024529 -0.313220
v -0.000723 0.024634 -0.313417
v -0.000723 0.024531 -0.313320
v -0.000697 0.024627 -0.313322
v -0.000550 0.024705 -0.313315
v -0.000650 0.024707 -0.313415
v -0.000646 0.024679 -0.313320
v -0.000650 0.024530 -0.313246
v -0.000550 0.024629 -0.313244
v -0.000646 0.024626 -0.313270
v -0.000550 0.024874 -0.319013
v -0.000750 0.024674 -0.319018
v -0.000550 0.024679 -0.319218
v -0.000650 0.024847 -0.319013
v -0.000550 0.024850 -0.319113
v -0.000646 0.024824 -0.319110
v -0.000723 0.024676 -0.319118
v -0.000723 0.024774 -0.319015
v -0.000697 0.024772 -0.319111
v -0.000550 0.024778 -0.319188
v -0.000650 0.024678 -0.319191
v -0.000646 0.024773 -0.319163
v -0.000750 0.013937 -0.313684
v -0.000550 0.013932 -0.313485
v -0.000550 0.013737 -0.313689
v -0.000723 0.013935 -0.313585
v -0.000723 0.013837 -0.313687
v -0.000697 0.013839 -0.313591
v -0.000550 0.013833 -0.313514
v -0.000650 0.013933 -0.313511
v -0.000646 0.013838 -0.313540
v -0.000650 0.013764 -0.313689
v -0.000550 0.013761 -0.313589
v -0.000646 0.013788 -0.313593
v -0.000750 0.014077 -0.319283
v -0.000550 0.013877 -0.319288
v -0.000550 0.014082 -0.319483
v -0.000723 0.013977 -0.319285
v -0.000723 0.014080 -0.319383
v -0.000697 0.013984 -0.319381
v -0.000550 0.013906 -0.319387
v -0.000650 0.013904 -0.319287
v -0.000646 0.013932 -0.319382
v -0.000650 0.014081 -0.319456
v -0.000550 0.013982 -0.319458
v -0.000646 0.013985 -0.319432
v 0.000550 0.024734 -0.313415
v 0.000750 0.024534 -0.313419
v 0.000550 0.024529 -0.313220
v 0.000650 0.024707 -0.313415
v 0.000550 0.024705 -0.313315
v 0.000646 0.024679 -0.313320
v 0.000723 0.024531 -0.313320
v 0.000723 0.024634 -0.313417
v 0.000697 0.024627 -0.313322
v 0.000550 0.024629 -0.313244
v 0.000650 0.024530 -0.313246
v 0.000646 0.024626 -0.313270
v 0.000550 0.024874 -0.319013
v 0.000550 0.024679 -0.319218
v 0.000750 0.024674 -0.319018
v 0.000550 0.024850 -0.319113
v 0.000650 0.024847 -0.319013
v 0.000646 0.024824 -0.319110
v 0.000650 0.024678 -0.319191
v 0.000550 0.024778 -0.319188
v 0.000646 0.024773 -0.319163
v 0.000723 0.024774 -0.319015
v 0.000723 0.024676 -0.319118
v 0.000697 0.024772 -0.319111
v 0.000750 0.013937 -0.313684
v 0.000550 0.013737 -0.313689
v 0.000550 0.013932 -0.313485
v 0.000723 0.013837 -0.313687
v 0.000723 0.013935 -0.313585
v 0.000697 0.013839 -0.313591
v 0.000550 0.013761 -0.313589
v 0.000650 0.013764 -0.313689
v 0.000646 0.013788 -0.313593
v 0.000650 0.013933 -0.313511
v 0.000550 0.013833 -0.313514
v 0.000646 0.013838 -0.313540
v 0.000550 0.013877 -0.319288
v 0.000750 0.014077 -0.319283
v 0.000550 0.014082 -0.319483
v 0.000650 0.013904 -0.319287
v 0.000550 0.013906 -0.319387
v 0.000646 0.013932 -0.319382
v 0.000723 0.014080 -0.319383
v 0.000723 0.013977 -0.319285
v 0.000697 0.013984 -0.319381
v 0.000550 0.013982 -0.319458
v 0.000650 0.014081 -0.319456
v 0.000646 0.013985 -0.319432
vn 1.0000 -0.0024 -0.0048
vn 0.8660 -0.4998 -0.0165
vn 0.7744 -0.4361 -0.4584
vn 0.8659 0.0104 -0.5001
vn 0.5001 -0.8656 -0.0257
vn 0.4473 -0.7630 -0.4665
vn 0.0223 -0.9993 -0.0297
vn 0.1216 -0.8498 -0.5130
vn 0.1215 -0.4699 -0.8743
vn 0.4473 -0.4279 -0.7854
vn 0.0223 0.0225 -0.9995
vn 0.5002 0.0195 -0.8657
vn 0.0223 -0.9995 -0.0203
vn 0.5001 -0.8658 -0.0177
vn 0.4474 -0.7854 0.4278
vn 0.1216 -0.8743 0.4698
vn 0.8660 -0.5000 -0.0085
vn 0.7745 -0.4584 0.4360
vn 1.0000 -0.0026 0.0047
vn 0.8659 -0.0146 0.5000
vn 0.5003 -0.0238 0.8655
vn 0.4473 -0.4666 0.7630
vn 0.0223 -0.0275 0.9994
vn 0.1215 -0.5130 0.8498
vn 1.0000 0.0027 -0.0047
vn 0.8659 0.0147 -0.5000
vn 0.7744 0.4584 -0.4360
vn 0.8660 0.5000 0.0085
vn 0.5002 0.0238 -0.8656
vn 0.4472 0.4666 -0.7631
vn 0.0223 0.0275 -0.9994
vn 0.1215 0.5130 -0.8498
vn 0.1216 0.8743 -0.4698
vn 0.4473 0.7854 -0.4278
vn 0.0223 0.9995 0.0203
vn 0.5001 0.8658 0.0176
vn 1.0000 0.0024 0.0048
vn 0.8660 0.4998 0.0165
vn 0.7745 0.4360 0.4584
vn 0.8659 -0.0104 0.5001
vn 0.5001 0.8656 0.0257
vn 0.4474 0.7630 0.4665
vn 0.0223 0.9993 0.0297
vn 0.1216 0.8498 0.5130
vn 0.1215 0.4699 0.8743
vn 0.4473 0.4278 0.7854
vn 0.0223 -0.0225 0.9995
vn 0.5003 -0.0195 0.8656
vn -0.0223 -0.9993 -0.0297
vn -0.5001 -0.8656 -0.0257
vn -0.4473 -0.7631 -0.4666
vn -0.1216 -0.8498 -0.5130
vn -0.8660 -0.4998 -0.0165
vn -0.7744 -0.4361 -0.4584
vn -1.0000 -0.0024 -0.0048
vn -0.8659 0.0104 -0.5001
vn -0.5002 0.0195 -0.8657
vn -0.4472 -0.4279 -0.7854
vn -0.0223 0.0225 -0.9995
vn -0.1215 -0.4699 -0.8743
vn -0.0223 -0.9995 -0.0203
vn -0.1216 -0.8743 0.4698
vn -0.4474 -0.7854 0.4278
vn -0.5001 -0.8658 -0.0176
vn -0.1215 -0.5130 0.8498
vn -0.4473 -0.4666 0.7630
vn -0.0223 -0.0275 0.9994
vn -0.5003 -0.0238 0.8655
vn -0.8659 -0.0147 0.5000
vn -0.7745 -0.4584 0.4360
vn -1.0000 -0.0027 0.0046
vn -0.8660 -0.5000 -0.0085
vn -1.0000 0.0027 -0.0046
vn -0.8660 0.5000 0.0085
vn -0.7744 0.4584 -0.4360
vn -0.8659 0.0147 -0.5000
vn -0.5001 0.8658 0.0176
vn -0.4473 0.7854 -0.4278
vn -0.0223 0.9995 0.0203
vn -0.1216 0.8743 -0.4698
vn -0.1215 0.5130 -0.8498
vn -0.4473 0.4666 -0.7630
vn -0.0223 0.0275 -0.9994
vn -0.5002 0.0238 -0.8656
vn -0.0223 0.9993 0.0297
vn -0.5001 0.8656 0.0256
vn -0.4474 0.7630 0.4665
vn -0.1216 0.8498 0.5130
vn -0.8660 0.4998 0.0165
vn -0.7745 0.4360 0.4584
vn -1.0000 0.0024 0.0048
vn -0.8659 -0.0104 0.5001
vn -0.5003 -0.0195 0.8656
vn -0.4473 0.4278 0.7854
vn -0.0223 -0.0225 0.9995
vn -0.1215 0.4699 0.8743
vt 0.692416 0.247611
vt 0.692416 0.246980
vt 0.692717 0.246980
vt 0.693046 0.247611
vt 0.674132 0.495578
vt 0.674448 0.495578
vt 0.674461 0.495880
vt 0.674132 0.495880
vt 0.674762 0.495578
vt 0.674762 0.496209
vt 0.674762 0.394713
vt 0.674762 0.395029
vt 0.674461 0.395042
vt 0.674461 0.394880
vt 0.674762 0.395344
vt 0.674448 0.395344
vt 0.674132 0.395344
vt 0.674132 0.394713
vt 0.674461 0.496043
vt 0.674762 0.477925
vt 0.674448 0.477925
vt 0.674461 0.477623
vt 0.674762 0.477294
vt 0.674132 0.477925
vt 0.674132 0.477623
vt 0.674762 0.247611
vt 0.674132 0.247611
vt 0.674461 0.246980
vt 0.674762 0.246980
vt 0.678861 0.436634
vt 0.678545 0.436634
vt 0.678532 0.436333
vt 0.678861 0.436004
vt 0.678230 0.436634
vt 0.678230 0.436319
vt 0.678230 0.436004
vt 0.678532 0.436170
vt 0.674461 0.477460
vt 0.692416 0.281026
vt 0.693046 0.281026
vt 0.693046 0.281328
vt 0.692416 0.281657
vt 0.674132 0.428760
vt 0.674448 0.428760
vt 0.674461 0.429061
vt 0.674132 0.429061
vt 0.674762 0.428760
vt 0.674762 0.429074
vt 0.674762 0.429390
vt 0.674461 0.429390
vt 0.678230 0.521106
vt 0.678545 0.521106
vt 0.678532 0.521737
vt 0.678230 0.521737
vt 0.678861 0.521106
vt 0.678861 0.521737
vt 0.674762 0.281026
vt 0.674762 0.281657
vt 0.674461 0.281657
vt 0.674132 0.281026
vt 0.678861 0.503453
vt 0.678545 0.503453
vt 0.678532 0.503151
vt 0.678861 0.503151
vt 0.678230 0.503453
vt 0.678230 0.502822
vt 0.678230 0.470680
vt 0.678230 0.470365
vt 0.678532 0.470351
vt 0.678532 0.470514
vt 0.678230 0.470050
vt 0.678545 0.470050
vt 0.678861 0.470050
vt 0.678861 0.470680
vt 0.678532 0.502988
vt 0.678230 0.495578
vt 0.678545 0.495578
vt 0.678532 0.495880
vt 0.678230 0.496209
vt 0.678861 0.495578
vt 0.678861 0.495880
vt 0.692416 0.322317
vt 0.693046 0.322317
vt 0.692717 0.322947
vt 0.692416 0.322947
vt 0.678861 0.395344
vt 0.678545 0.395344
vt 0.678532 0.395042
vt 0.678861 0.394713
vt 0.678230 0.395344
vt 0.678230 0.395029
vt 0.678230 0.394713
vt 0.678532 0.394879
vt 0.678532 0.496043
vt 0.678230 0.477925
vt 0.678230 0.477294
vt 0.678532 0.477294
vt 0.678545 0.477925
vt 0.674762 0.436004
vt 0.674762 0.436319
vt 0.674461 0.436333
vt 0.674461 0.436004
vt 0.674762 0.436634
vt 0.674448 0.436634
vt 0.674132 0.436634
vt 0.674132 0.436333
vt 0.674762 0.322317
vt 0.674762 0.322947
vt 0.674132 0.322618
vt 0.674132 0.322317
vt 0.678861 0.477925
vt 0.678861 0.477294
vt 0.692416 0.288901
vt 0.692416 0.288270
vt 0.692717 0.288270
vt 0.693046 0.288901
vt 0.674132 0.521106
vt 0.674448 0.521106
vt 0.674461 0.521408
vt 0.674132 0.521408
vt 0.674762 0.521106
vt 0.674762 0.521737
vt 0.678230 0.429390
vt 0.678230 0.429074
vt 0.678532 0.429061
vt 0.678532 0.429224
vt 0.678230 0.428760
vt 0.678545 0.428760
vt 0.678861 0.428760
vt 0.678861 0.429390
vt 0.674461 0.521571
vt 0.674762 0.503453
vt 0.674448 0.503453
vt 0.674461 0.503151
vt 0.674762 0.502822
vt 0.674132 0.503453
vt 0.674132 0.503151
vt 0.674762 0.288901
vt 0.674132 0.288901
vt 0.674461 0.288270
vt 0.674762 0.288270
vt 0.674132 0.470050
vt 0.674448 0.470050
vt 0.674461 0.470351
vt 0.674132 0.470680
vt 0.674763 0.470050
vt 0.674762 0.470365
vt 0.674762 0.470680
vt 0.674461 0.470514
vt 0.674461 0.502988
s 1
usemtl 03_|_blue_tempered_steel
f 3839/4842/3857 3842/4843/3858 3844/4844/3859 3843/4845/3860
f 3842/4846/3858 3846/4847/3861 3847/4848/3862 3844/4849/3859
f 3840/4850/3863 3845/4851/3864 3847/4848/3862 3846/4847/3861
f 3845/4852/3864 3849/4853/3865 3850/4854/3866 3847/4855/3862
f 3841/4856/3867 3848/4857/3868 3850/4854/3866 3849/4853/3865
f 3848/4857/3868 3843/4858/3860 3844/4859/3859 3850/4854/3866
f 3844/4849/3859 3847/4848/3862 3850/4860/3866
f 3851/4861/3869 3854/4862/3870 3856/4863/3871 3855/4864/3872
f 3854/4862/3870 3858/4865/3873 3859/4866/3874 3856/4863/3871
f 3852/4867/3875 3857/4868/3876 3859/4869/3874 3858/4870/3873
f 3857/4871/3876 3861/4872/3877 3862/4873/3878 3859/4874/3874
f 3853/4875/3879 3860/4876/3880 3862/4873/3878 3861/4872/3877
f 3860/4876/3880 3855/4877/3872 3856/4878/3871 3862/4873/3878
f 3856/4863/3871 3859/4866/3874 3862/4879/3878
f 3863/4880/3881 3866/4881/3882 3868/4882/3883 3867/4883/3884
f 3866/4884/3882 3870/4885/3885 3871/4886/3886 3868/4887/3883
f 3864/4888/3887 3869/4889/3888 3871/4886/3886 3870/4885/3885
f 3869/4889/3888 3873/4890/3889 3874/4891/3890 3871/4886/3886
f 3865/4892/3891 3872/4893/3892 3874/4894/3890 3873/4895/3889
f 3872/4893/3892 3867/4896/3884 3868/4897/3883 3874/4894/3890
f 3868/4887/3883 3871/4886/3886 3874/4891/3890
f 3875/4898/3893 3878/4899/3894 3880/4900/3895 3879/4901/3896
f 3878/4902/3894 3882/4903/3897 3883/4904/3898 3880/4905/3895
f 3876/4906/3899 3881/4907/3900 3883/4904/3898 3882/4903/3897
f 3881/4908/3900 3885/4909/3901 3886/4910/3902 3883/4911/3898
f 3877/4912/3903 3884/4913/3904 3886/4910/3902 3885/4909/3901
f 3884/4913/3904 3879/4914/3896 3880/4915/3895 3886/4910/3902
f 3880/4905/3895 3883/4904/3898 3886/4916/3902
f 3887/4917/3905 3890/4918/3906 3892/4919/3907 3891/4920/3908
f 3890/4918/3906 3894/4921/3909 3895/4922/3910 3892/4919/3907
f 3888/4923/3911 3893/4924/3912 3895/4925/3910 3894/4926/3909
f 3893/4927/3912 3897/4928/3913 3898/4929/3914 3895/4930/3910
f 3889/4931/3915 3896/4932/3916 3898/4929/3914 3897/4928/3913
f 3896/4932/3916 3891/4933/3908 3892/4934/3907 3898/4929/3914
f 3892/4919/3907 3895/4922/3910 3898/4935/3914
f 3899/4936/3917 3902/4937/3918 3904/4938/3919 3903/4939/3920
f 3902/4940/3918 3906/4941/3921 3907/4942/3922 3904/4943/3919
f 3900/4944/3923 3905/4945/3924 3907/4942/3922 3906/4941/3921
f 3905/4945/3924 3909/4946/3925 3910/4947/3926 3907/4942/3922
f 3901/4948/3927 3908/4949/3928 3910/4950/3926 3909/4951/3925
f 3908/4952/3928 3903/4939/3920 3904/4938/3919 3910/4953/3926
f 3904/4943/3919 3907/4942/3922 3910/4947/3926
f 3911/4954/3929 3914/4955/3930 3916/4956/3931 3915/4957/3932
f 3914/4958/3930 3918/4959/3933 3919/4960/3934 3916/4961/3931
f 3912/4962/3935 3917/4963/3936 3919/4960/3934 3918/4959/3933
f 3917/4964/3936 3921/4965/3937 3922/4966/3938 3919/4967/3934
f 3913/4968/3939 3920/4969/3940 3922/4966/3938 3921/4965/3937
f 3920/4969/3940 3915/4970/3932 3916/4971/3931 3922/4966/3938
f 3916/4961/3931 3919/4960/3934 3922/4972/3938
f 3923/4973/3941 3926/4974/3942 3928/4975/3943 3927/4976/3944
f 3926/4974/3942 3930/4977/3945 3931/4978/3946 3928/4975/3943
f 3924/4979/3947 3929/4980/3948 3931/4981/3946 3930/4982/3945
f 3929/4983/3948 3933/4984/3949 3934/4985/3950 3931/4986/3946
f 3925/4987/3951 3932/4988/3952 3934/4985/3950 3933/4984/3949
f 3932/4988/3952 3927/4989/3944 3928/4990/3943 3934/4985/3950
f 3928/4975/3943 3931/4978/3946 3934/4991/3950
f 3841/4856/3867 3864/4888/3887 3870/4885/3885 3848/4857/3868
f 3848/4857/3868 3870/4885/3885 3866/4884/3882 3843/4858/3860
f 3843/4845/3860 3866/4881/3882 3863/4880/3881 3839/4842/3857
f 3840/4850/3863 3887/4917/3905 3891/4920/3908 3845/4851/3864
f 3845/4852/3864 3891/4933/3908 3896/4932/3916 3849/4853/3865
f 3849/4853/3865 3896/4932/3916 3889/4931/3915 3841/4856/3867
f 3888/4923/3911 3911/4954/3929 3915/4957/3932 3893/4924/3912
f 3893/4927/3912 3915/4970/3932 3920/4969/3940 3897/4928/3913
f 3897/4928/3913 3920/4969/3940 3913/4968/3939 3889/4931/3915
f 3864/4888/3887 3913/4968/3939 3921/4965/3937 3869/4889/3888
f 3869/4889/3888 3921/4965/3937 3917/4964/3936 3873/4890/3889
f 3873/4895/3889 3917/4963/3936 3912/4962/3935 3865/4892/3891
f 3853/4875/3879 3900/4944/3923 3906/4941/3921 3860/4876/3880
f 3860/4876/3880 3906/4941/3921 3902/4940/3918 3855/4877/3872
f 3855/4864/3872 3902/4937/3918 3899/4936/3917 3851/4861/3869
f 3852/4867/3875 3875/4898/3893 3879/4901/3896 3857/4868/3876
f 3857/4871/3876 3879/4914/3896 3884/4913/3904 3861/4872/3877
f 3861/4872/3877 3884/4913/3904 3877/4912/3903 3853/4875/3879
f 3876/4906/3899 3923/4973/3941 3927/4976/3944 3881/4907/3900
f 3881/4908/3900 3927/4989/3944 3932/4988/3952 3885/4909/3901
f 3885/4909/3901 3932/4988/3952 3925/4987/3951 3877/4912/3903
f 3900/4944/3923 3925/4987/3951 3933/4984/3949 3905/4945/3924
f 3905/4945/3924 3933/4984/3949 3929/4983/3948 3909/4946/3925
f 3909/4951/3925 3929/4980/3948 3924/4979/3947 3901/4948/3927
f 3839/4842/3857 3852/4867/3875 3858/4870/3873 3842/4843/3858
f 3842/4846/3858 3858/4865/3873 3854/4862/3870 3846/4847/3861
f 3846/4847/3861 3854/4862/3870 3851/4861/3869 3840/4850/3863
f 3887/4917/3905 3899/4936/3917 3903/4939/3920 3890/4918/3906
f 3890/4918/3906 3903/4939/3920 3908/4952/3928 3894/4921/3909
f 3894/4926/3909 3908/4949/3928 3901/4948/3927 3888/4923/3911
f 3865/4892/3891 3876/4906/3899 3882/4903/3897 3872/4893/3892
f 3872/4893/3892 3882/4903/3897 3878/4902/3894 3867/4896/3884
f 3867/4883/3884 3878/4899/3894 3875/4898/3893 3863/4880/3881
f 3911/4954/3929 3924/4979/3947 3930/4982/3945 3914/4955/3930
f 3914/4958/3930 3930/4977/3945 3926/4974/3942 3918/4959/3933
f 3918/4959/3933 3926/4974/3942 3923/4973/3941 3912/4962/3935
f 3839/4842/3857 3863/4880/3881 3875/4898/3893 3852/4867/3875
f 3841/4856/3867 3889/4931/3915 3913/4968/3939 3864/4888/3887
f 3840/4850/3863 3851/4861/3869 3899/4936/3917 3887/4917/3905
f 3853/4875/3879 3877/4912/3903 3925/4987/3951 3900/4944/3923
f 3865/4892/3891 3912/4962/3935 3923/4973/3941 3876/4906/3899
f 3888/4923/3911 3901/4948/3927 3924/4979/3947 3911/4954/3929
