# Blender 5.2.1 LTS
# www.blender.org
mtllib hammer5.mtl
o Composite_shaft.001
v 0.450000 0.021437 -0.129725
v 0.449966 0.019866 -0.129828
v 0.449865 0.018894 -0.129891
v 0.449697 0.018078 -0.129944
v 0.449461 0.017362 -0.129991
v 0.449158 0.016721 -0.130032
v 0.448788 0.016147 -0.130070
v 0.448351 0.015632 -0.130103
v 0.447846 0.015174 -0.130133
v 0.447272 0.014770 -0.130159
v 0.446627 0.014421 -0.130182
v 0.445907 0.014126 -0.130201
v 0.445105 0.013884 -0.130217
v 0.444207 0.013696 -0.130229
v 0.443185 0.013562 -0.130238
v 0.441967 0.013481 -0.130243
v 0.440000 0.013454 -0.130245
v 0.438033 0.013481 -0.130243
v 0.436815 0.013562 -0.130238
v 0.435793 0.013696 -0.130229
v 0.434895 0.013884 -0.130217
v 0.434093 0.014126 -0.130201
v 0.433373 0.014421 -0.130182
v 0.432728 0.014770 -0.130159
v 0.432154 0.015174 -0.130133
v 0.431649 0.015632 -0.130103
v 0.431212 0.016147 -0.130070
v 0.430842 0.016721 -0.130032
v 0.430539 0.017362 -0.129991
v 0.430303 0.018078 -0.129944
v 0.430135 0.018894 -0.129891
v 0.430034 0.019866 -0.129828
v 0.430000 0.021437 -0.129725
v 0.430034 0.023008 -0.129623
v 0.430135 0.023980 -0.129560
v 0.430303 0.024796 -0.129507
v 0.430539 0.025512 -0.129460
v 0.430842 0.026153 -0.129419
v 0.431212 0.026727 -0.129381
v 0.431649 0.027242 -0.129348
v 0.432154 0.027700 -0.129318
v 0.432728 0.028104 -0.129292
v 0.433373 0.028453 -0.129269
v 0.434093 0.028748 -0.129250
v 0.434895 0.028990 -0.129234
v 0.435793 0.029178 -0.129222
v 0.436815 0.029312 -0.129213
v 0.438033 0.029393 -0.129208
v 0.440000 0.029420 -0.129206
v 0.441967 0.029393 -0.129208
v 0.443185 0.029312 -0.129213
v 0.444207 0.029178 -0.129222
v 0.445105 0.028990 -0.129234
v 0.445907 0.028748 -0.129250
v 0.446627 0.028453 -0.129269
v 0.447272 0.028104 -0.129292
v 0.447846 0.027700 -0.129318
v 0.448351 0.027242 -0.129348
v 0.448788 0.026727 -0.129381
v 0.449158 0.026153 -0.129419
v 0.449461 0.025512 -0.129460
v 0.449697 0.024796 -0.129507
v 0.449865 0.023980 -0.129560
v 0.449966 0.023008 -0.129623
v 0.448000 0.027932 -0.229514
v 0.447973 0.026754 -0.229591
v 0.447892 0.026025 -0.229638
v 0.447757 0.025414 -0.229678
v 0.447569 0.024876 -0.229713
v 0.447326 0.024396 -0.229745
v 0.447030 0.023965 -0.229773
v 0.446681 0.023578 -0.229798
v 0.446277 0.023235 -0.229820
v 0.445818 0.022932 -0.229840
v 0.445302 0.022671 -0.229857
v 0.444726 0.022449 -0.229871
v 0.444084 0.022268 -0.229883
v 0.443366 0.022127 -0.229892
v 0.442548 0.022026 -0.229899
v 0.441574 0.021965 -0.229903
v 0.440000 0.021945 -0.229904
v 0.438426 0.021965 -0.229903
v 0.437452 0.022026 -0.229899
v 0.436634 0.022127 -0.229892
v 0.435916 0.022268 -0.229883
v 0.435274 0.022449 -0.229871
v 0.434698 0.022671 -0.229857
v 0.434182 0.022932 -0.229840
v 0.433723 0.023235 -0.229820
v 0.433319 0.023578 -0.229798
v 0.432970 0.023965 -0.229773
v 0.432674 0.024396 -0.229745
v 0.432431 0.024876 -0.229713
v 0.432243 0.025414 -0.229678
v 0.432108 0.026025 -0.229638
v 0.432027 0.026754 -0.229591
v 0.432000 0.027932 -0.229514
v 0.432027 0.029110 -0.229438
v 0.432108 0.029840 -0.229390
v 0.432243 0.030451 -0.229350
v 0.432431 0.030989 -0.229315
v 0.432674 0.031469 -0.229284
v 0.432970 0.031900 -0.229256
v 0.433319 0.032286 -0.229231
v 0.433723 0.032630 -0.229209
v 0.434182 0.032932 -0.229189
v 0.434698 0.033194 -0.229172
v 0.435274 0.033416 -0.229157
v 0.435916 0.033597 -0.229146
v 0.436634 0.033738 -0.229136
v 0.437452 0.033839 -0.229130
v 0.438426 0.033900 -0.229126
v 0.440000 0.033920 -0.229125
v 0.441574 0.033900 -0.229126
v 0.442548 0.033839 -0.229130
v 0.443366 0.033738 -0.229136
v 0.444084 0.033597 -0.229146
v 0.444726 0.033416 -0.229157
v 0.445302 0.033194 -0.229172
v 0.445818 0.032932 -0.229189
v 0.446277 0.032630 -0.229209
v 0.446681 0.032286 -0.229231
v 0.447030 0.031900 -0.229256
v 0.447326 0.031469 -0.229284
v 0.447569 0.030989 -0.229315
v 0.447757 0.030451 -0.229350
v 0.447892 0.029840 -0.229390
v 0.447973 0.029110 -0.229438
v 0.449300 0.013578 -0.008981
v 0.450000 0.013623 -0.009680
v 0.449650 0.013584 -0.009075
v 0.449906 0.013600 -0.009330
v 0.449966 0.012052 -0.009782
v 0.449267 0.012050 -0.009080
v 0.449873 0.012035 -0.009432
v 0.449617 0.012035 -0.009175
v 0.449865 0.011080 -0.009845
v 0.449172 0.011141 -0.009140
v 0.449772 0.011072 -0.009495
v 0.449519 0.011094 -0.009237
v 0.449697 0.010264 -0.009898
v 0.449019 0.010399 -0.009188
v 0.449606 0.010266 -0.009547
v 0.449358 0.010315 -0.009287
v 0.449461 0.009548 -0.009945
v 0.448809 0.009761 -0.009229
v 0.449374 0.009560 -0.009593
v 0.449135 0.009638 -0.009331
v 0.449158 0.008907 -0.009986
v 0.448544 0.009201 -0.009266
v 0.449076 0.008930 -0.009634
v 0.448851 0.009038 -0.009370
v 0.448788 0.008333 -0.010024
v 0.448224 0.008703 -0.009298
v 0.448712 0.008366 -0.009671
v 0.448506 0.008501 -0.009405
v 0.448351 0.007818 -0.010057
v 0.447846 0.008259 -0.009327
v 0.448283 0.007860 -0.009704
v 0.448099 0.008021 -0.009437
v 0.447846 0.007360 -0.010087
v 0.447407 0.007860 -0.009353
v 0.447787 0.007410 -0.009733
v 0.447627 0.007593 -0.009465
v 0.447272 0.006956 -0.010113
v 0.446902 0.007506 -0.009376
v 0.447222 0.007013 -0.009759
v 0.447087 0.007214 -0.009489
v 0.446627 0.006607 -0.010136
v 0.446326 0.007194 -0.009397
v 0.446587 0.006669 -0.009781
v 0.446477 0.006884 -0.009511
v 0.445907 0.006312 -0.010155
v 0.445672 0.006925 -0.009414
v 0.445876 0.006378 -0.009800
v 0.445790 0.006602 -0.009529
v 0.445105 0.006070 -0.010171
v 0.444931 0.006702 -0.009429
v 0.445082 0.006138 -0.009816
v 0.445018 0.006370 -0.009544
v 0.444207 0.005882 -0.010183
v 0.444089 0.006526 -0.009440
v 0.444191 0.005952 -0.009828
v 0.444148 0.006187 -0.009556
v 0.443185 0.005748 -0.010192
v 0.443116 0.006398 -0.009448
v 0.443176 0.005818 -0.009837
v 0.443151 0.006056 -0.009565
v 0.441967 0.005667 -0.010197
v 0.441939 0.006320 -0.009453
v 0.441964 0.005738 -0.009842
v 0.441953 0.005977 -0.009570
v 0.440000 0.005640 -0.010199
v 0.440000 0.006293 -0.009455
v 0.440000 0.005711 -0.009844
v 0.440000 0.005950 -0.009571
v 0.438033 0.005667 -0.010197
v 0.438061 0.006320 -0.009453
v 0.438036 0.005738 -0.009842
v 0.438047 0.005977 -0.009570
v 0.436815 0.005748 -0.010192
v 0.436884 0.006398 -0.009448
v 0.436824 0.005818 -0.009837
v 0.436849 0.006056 -0.009565
v 0.435793 0.005882 -0.010183
v 0.435911 0.006526 -0.009440
v 0.435809 0.005952 -0.009828
v 0.435852 0.006187 -0.009556
v 0.434895 0.006070 -0.010171
v 0.435069 0.006702 -0.009429
v 0.434918 0.006138 -0.009816
v 0.434982 0.006370 -0.009544
v 0.434093 0.006312 -0.010155
v 0.434328 0.006925 -0.009414
v 0.434124 0.006378 -0.009800
v 0.434210 0.006602 -0.009529
v 0.433373 0.006607 -0.010136
v 0.433674 0.007194 -0.009397
v 0.433413 0.006669 -0.009781
v 0.433523 0.006884 -0.009511
v 0.432728 0.006956 -0.010113
v 0.433098 0.007506 -0.009376
v 0.432778 0.007013 -0.009759
v 0.432913 0.007214 -0.009489
v 0.432154 0.007360 -0.010087
v 0.432593 0.007860 -0.009353
v 0.432213 0.007410 -0.009733
v 0.432373 0.007593 -0.009465
v 0.431649 0.007818 -0.010057
v 0.432154 0.008259 -0.009327
v 0.431717 0.007860 -0.009704
v 0.431901 0.008021 -0.009437
v 0.431212 0.008333 -0.010024
v 0.431776 0.008703 -0.009298
v 0.431287 0.008366 -0.009671
v 0.431494 0.008501 -0.009405
v 0.430842 0.008907 -0.009986
v 0.431456 0.009201 -0.009266
v 0.430924 0.008930 -0.009634
v 0.431149 0.009038 -0.009370
v 0.430539 0.009548 -0.009945
v 0.431191 0.009761 -0.009229
v 0.430626 0.009560 -0.009593
v 0.430865 0.009638 -0.009331
v 0.430303 0.010264 -0.009898
v 0.430981 0.010399 -0.009188
v 0.430394 0.010266 -0.009547
v 0.430642 0.010315 -0.009287
v 0.430135 0.011080 -0.009845
v 0.430828 0.011141 -0.009140
v 0.430228 0.011072 -0.009495
v 0.430481 0.011094 -0.009237
v 0.430034 0.012052 -0.009782
v 0.430733 0.012050 -0.009080
v 0.430127 0.012035 -0.009432
v 0.430383 0.012035 -0.009175
v 0.430000 0.013623 -0.009680
v 0.430700 0.013578 -0.008981
v 0.430094 0.013600 -0.009330
v 0.430350 0.013584 -0.009075
v 0.430034 0.015194 -0.009577
v 0.430733 0.015105 -0.008882
v 0.430127 0.015165 -0.009228
v 0.430383 0.015132 -0.008974
v 0.430135 0.016166 -0.009514
v 0.430828 0.016014 -0.008822
v 0.430228 0.016129 -0.009166
v 0.430481 0.016073 -0.008913
v 0.430303 0.016982 -0.009461
v 0.430981 0.016756 -0.008774
v 0.430394 0.016935 -0.009113
v 0.430642 0.016852 -0.008862
v 0.430539 0.017698 -0.009414
v 0.431191 0.017394 -0.008733
v 0.430626 0.017641 -0.009067
v 0.430865 0.017529 -0.008818
v 0.430842 0.018339 -0.009373
v 0.431456 0.017954 -0.008696
v 0.430924 0.018270 -0.009026
v 0.431149 0.018130 -0.008779
v 0.431212 0.018913 -0.009335
v 0.431776 0.018452 -0.008664
v 0.431287 0.018835 -0.008990
v 0.431494 0.018666 -0.008744
v 0.431649 0.019428 -0.009302
v 0.432154 0.018897 -0.008635
v 0.431717 0.019340 -0.008957
v 0.431901 0.019146 -0.008713
v 0.432154 0.019886 -0.009272
v 0.432593 0.019295 -0.008609
v 0.432213 0.019791 -0.008927
v 0.432373 0.019574 -0.008685
v 0.432728 0.020290 -0.009246
v 0.433098 0.019649 -0.008586
v 0.432778 0.020187 -0.008902
v 0.432913 0.019953 -0.008660
v 0.433373 0.020639 -0.009223
v 0.433674 0.019961 -0.008565
v 0.433413 0.020531 -0.008879
v 0.433523 0.020283 -0.008638
v 0.434093 0.020934 -0.009204
v 0.434328 0.020230 -0.008548
v 0.434124 0.020823 -0.008860
v 0.434210 0.020565 -0.008620
v 0.434895 0.021176 -0.009188
v 0.435069 0.020453 -0.008533
v 0.434918 0.021062 -0.008845
v 0.434982 0.020798 -0.008605
v 0.435793 0.021364 -0.009176
v 0.435911 0.020629 -0.008522
v 0.435809 0.021249 -0.008832
v 0.435852 0.020980 -0.008593
v 0.436815 0.021498 -0.009167
v 0.436884 0.020757 -0.008514
v 0.436824 0.021382 -0.008824
v 0.436849 0.021111 -0.008585
v 0.438033 0.021579 -0.009162
v 0.438061 0.020835 -0.008509
v 0.438036 0.021463 -0.008818
v 0.438047 0.021191 -0.008579
v 0.440000 0.021606 -0.009160
v 0.440000 0.020862 -0.008507
v 0.440000 0.021490 -0.008817
v 0.440000 0.021217 -0.008578
v 0.441967 0.021579 -0.009162
v 0.441939 0.020835 -0.008509
v 0.441964 0.021463 -0.008818
v 0.441953 0.021191 -0.008579
v 0.443185 0.021498 -0.009167
v 0.443116 0.020757 -0.008514
v 0.443176 0.021382 -0.008824
v 0.443151 0.021111 -0.008585
v 0.444207 0.021364 -0.009176
v 0.444089 0.020629 -0.008522
v 0.444191 0.021249 -0.008832
v 0.444148 0.020980 -0.008593
v 0.445105 0.021176 -0.009188
v 0.444931 0.020453 -0.008533
v 0.445082 0.021062 -0.008845
v 0.445018 0.020798 -0.008605
v 0.445907 0.020934 -0.009204
v 0.445672 0.020230 -0.008548
v 0.445876 0.020823 -0.008860
v 0.445790 0.020565 -0.008620
v 0.446627 0.020639 -0.009223
v 0.446326 0.019961 -0.008565
v 0.446587 0.020531 -0.008879
v 0.446477 0.020283 -0.008638
v 0.447272 0.020290 -0.009246
v 0.446902 0.019649 -0.008586
v 0.447222 0.020187 -0.008902
v 0.447087 0.019953 -0.008660
v 0.447846 0.019886 -0.009272
v 0.447407 0.019295 -0.008609
v 0.447787 0.019791 -0.008927
v 0.447627 0.019574 -0.008685
v 0.448351 0.019428 -0.009302
v 0.447846 0.018897 -0.008635
v 0.448283 0.019340 -0.008957
v 0.448099 0.019146 -0.008713
v 0.448788 0.018913 -0.009335
v 0.448224 0.018452 -0.008664
v 0.448712 0.018835 -0.008990
v 0.448506 0.018666 -0.008744
v 0.449158 0.018339 -0.009373
v 0.448544 0.017954 -0.008696
v 0.449076 0.018270 -0.009026
v 0.448851 0.018130 -0.008779
v 0.449461 0.017698 -0.009414
v 0.448809 0.017394 -0.008733
v 0.449374 0.017641 -0.009067
v 0.449135 0.017529 -0.008818
v 0.449697 0.016982 -0.009461
v 0.449019 0.016756 -0.008774
v 0.449606 0.016935 -0.009113
v 0.449358 0.016852 -0.008862
v 0.449865 0.016166 -0.009514
v 0.449172 0.016014 -0.008822
v 0.449772 0.016129 -0.009166
v 0.449519 0.016073 -0.008913
v 0.449966 0.015194 -0.009577
v 0.449267 0.015105 -0.008882
v 0.449873 0.015165 -0.009228
v 0.449617 0.015132 -0.008974
v 0.449300 0.029881 -0.259451
v 0.449953 0.029836 -0.258754
v 0.449644 0.029875 -0.259358
v 0.449883 0.029858 -0.259102
v 0.449267 0.028455 -0.259544
v 0.449920 0.028370 -0.258849
v 0.449611 0.028427 -0.259452
v 0.449849 0.028396 -0.259198
v 0.449173 0.027611 -0.259599
v 0.449819 0.027463 -0.258908
v 0.449513 0.027549 -0.259509
v 0.449749 0.027495 -0.259256
v 0.449022 0.026924 -0.259643
v 0.449651 0.026702 -0.258958
v 0.449353 0.026824 -0.259556
v 0.449584 0.026743 -0.259305
v 0.448815 0.026334 -0.259682
v 0.449417 0.026033 -0.259001
v 0.449132 0.026194 -0.259597
v 0.449352 0.026083 -0.259348
v 0.448554 0.025816 -0.259716
v 0.449115 0.025435 -0.259040
v 0.448850 0.025635 -0.259634
v 0.449056 0.025495 -0.259386
v 0.448237 0.025355 -0.259746
v 0.448747 0.024899 -0.259075
v 0.448507 0.025135 -0.259666
v 0.448694 0.024968 -0.259421
v 0.447862 0.024941 -0.259773
v 0.448312 0.024419 -0.259106
v 0.448101 0.024687 -0.259695
v 0.448266 0.024496 -0.259451
v 0.447424 0.024568 -0.259797
v 0.447809 0.023991 -0.259134
v 0.447630 0.024286 -0.259721
v 0.447771 0.024075 -0.259479
v 0.446919 0.024236 -0.259818
v 0.447238 0.023615 -0.259159
v 0.447091 0.023931 -0.259744
v 0.447208 0.023704 -0.259503
v 0.446342 0.023943 -0.259837
v 0.446596 0.023289 -0.259180
v 0.446480 0.023621 -0.259765
v 0.446573 0.023382 -0.259524
v 0.445685 0.023690 -0.259854
v 0.445880 0.023014 -0.259198
v 0.445793 0.023357 -0.259782
v 0.445864 0.023109 -0.259542
v 0.444942 0.023480 -0.259868
v 0.445081 0.022788 -0.259212
v 0.445020 0.023139 -0.259796
v 0.445071 0.022885 -0.259556
v 0.444096 0.023314 -0.259878
v 0.444187 0.022612 -0.259224
v 0.444149 0.022967 -0.259807
v 0.444182 0.022711 -0.259567
v 0.443121 0.023194 -0.259886
v 0.443171 0.022487 -0.259232
v 0.443151 0.022844 -0.259815
v 0.443169 0.022586 -0.259576
v 0.441941 0.023120 -0.259891
v 0.441958 0.022411 -0.259237
v 0.441953 0.022770 -0.259820
v 0.441959 0.022510 -0.259580
v 0.440000 0.023095 -0.259893
v 0.440000 0.022386 -0.259238
v 0.440000 0.022745 -0.259822
v 0.440000 0.022485 -0.259582
v 0.438059 0.023120 -0.259891
v 0.438042 0.022411 -0.259237
v 0.438047 0.022770 -0.259820
v 0.438041 0.022510 -0.259580
v 0.436879 0.023194 -0.259886
v 0.436829 0.022487 -0.259232
v 0.436849 0.022844 -0.259815
v 0.436831 0.022586 -0.259576
v 0.435904 0.023314 -0.259878
v 0.435813 0.022612 -0.259224
v 0.435851 0.022967 -0.259807
v 0.435818 0.022711 -0.259567
v 0.435058 0.023480 -0.259868
v 0.434919 0.022788 -0.259212
v 0.434980 0.023139 -0.259796
v 0.434929 0.022885 -0.259556
v 0.434315 0.023690 -0.259854
v 0.434120 0.023014 -0.259198
v 0.434207 0.023357 -0.259782
v 0.434136 0.023109 -0.259542
v 0.433658 0.023943 -0.259837
v 0.433404 0.023289 -0.259180
v 0.433520 0.023621 -0.259765
v 0.433427 0.023382 -0.259524
v 0.433081 0.024236 -0.259818
v 0.432762 0.023615 -0.259159
v 0.432909 0.023931 -0.259744
v 0.432792 0.023704 -0.259503
v 0.432576 0.024568 -0.259797
v 0.432191 0.023991 -0.259134
v 0.432370 0.024286 -0.259721
v 0.432229 0.024075 -0.259479
v 0.432138 0.024941 -0.259773
v 0.431688 0.024419 -0.259106
v 0.431899 0.024687 -0.259695
v 0.431734 0.024496 -0.259451
v 0.431763 0.025355 -0.259746
v 0.431253 0.024899 -0.259075
v 0.431493 0.025135 -0.259666
v 0.431306 0.024968 -0.259421
v 0.431446 0.025816 -0.259716
v 0.430885 0.025435 -0.259040
v 0.431150 0.025635 -0.259634
v 0.430944 0.025495 -0.259386
v 0.431185 0.026334 -0.259682
v 0.430583 0.026033 -0.259001
v 0.430868 0.026194 -0.259597
v 0.430648 0.026083 -0.259348
v 0.430978 0.026924 -0.259643
v 0.430349 0.026702 -0.258958
v 0.430647 0.026824 -0.259556
v 0.430416 0.026743 -0.259305
v 0.430827 0.027611 -0.259599
v 0.430181 0.027463 -0.258908
v 0.430487 0.027549 -0.259509
v 0.430251 0.027495 -0.259256
v 0.430733 0.028455 -0.259544
v 0.430080 0.028370 -0.258849
v 0.430389 0.028427 -0.259452
v 0.430151 0.028396 -0.259198
v 0.430700 0.029881 -0.259451
v 0.430047 0.029836 -0.258754
v 0.430356 0.029875 -0.259358
v 0.430117 0.029858 -0.259102
v 0.430733 0.031307 -0.259358
v 0.430080 0.031301 -0.258659
v 0.430389 0.031323 -0.259263
v 0.430151 0.031321 -0.259007
v 0.430827 0.032151 -0.259303
v 0.430181 0.032209 -0.258599
v 0.430487 0.032201 -0.259206
v 0.430251 0.032222 -0.258949
v 0.430978 0.032839 -0.259258
v 0.430349 0.032970 -0.258550
v 0.430647 0.032926 -0.259159
v 0.430416 0.032974 -0.258900
v 0.431185 0.033428 -0.259220
v 0.430583 0.033638 -0.258506
v 0.430868 0.033556 -0.259118
v 0.430648 0.033633 -0.258857
v 0.431446 0.033946 -0.259186
v 0.430885 0.034236 -0.258467
v 0.431150 0.034115 -0.259082
v 0.430944 0.034221 -0.258818
v 0.431763 0.034407 -0.259156
v 0.431253 0.034772 -0.258433
v 0.431493 0.034615 -0.259049
v 0.431306 0.034748 -0.258784
v 0.432138 0.034821 -0.259129
v 0.431688 0.035253 -0.258401
v 0.431899 0.035063 -0.259020
v 0.431734 0.035221 -0.258753
v 0.432576 0.035194 -0.259105
v 0.432191 0.035680 -0.258373
v 0.432370 0.035464 -0.258994
v 0.432229 0.035642 -0.258726
v 0.433081 0.035526 -0.259083
v 0.432762 0.036056 -0.258349
v 0.432909 0.035819 -0.258971
v 0.432792 0.036013 -0.258702
v 0.433658 0.035819 -0.259064
v 0.433404 0.036382 -0.258328
v 0.433520 0.036129 -0.258950
v 0.433427 0.036335 -0.258681
v 0.434315 0.036072 -0.259048
v 0.434120 0.036658 -0.258310
v 0.434207 0.036393 -0.258933
v 0.434136 0.036608 -0.258663
v 0.435058 0.036282 -0.259034
v 0.434919 0.036883 -0.258295
v 0.434980 0.036611 -0.258919
v 0.434929 0.036831 -0.258648
v 0.435904 0.036448 -0.259023
v 0.435813 0.037059 -0.258283
v 0.435851 0.036782 -0.258908
v 0.435818 0.037006 -0.258637
v 0.436879 0.036568 -0.259016
v 0.436829 0.037184 -0.258275
v 0.436849 0.036906 -0.258900
v 0.436831 0.037131 -0.258629
v 0.438059 0.036642 -0.259011
v 0.438042 0.037260 -0.258270
v 0.438047 0.036980 -0.258895
v 0.438041 0.037206 -0.258624
v 0.440000 0.036667 -0.259009
v 0.440000 0.037285 -0.258269
v 0.440000 0.037005 -0.258893
v 0.440000 0.037231 -0.258622
v 0.441941 0.036642 -0.259011
v 0.441958 0.037260 -0.258270
v 0.441953 0.036980 -0.258895
v 0.441959 0.037206 -0.258624
v 0.443121 0.036568 -0.259016
v 0.443171 0.037184 -0.258275
v 0.443151 0.036906 -0.258900
v 0.443169 0.037131 -0.258629
v 0.444096 0.036448 -0.259023
v 0.444187 0.037059 -0.258283
v 0.444149 0.036782 -0.258908
v 0.444182 0.037006 -0.258637
v 0.444942 0.036282 -0.259034
v 0.445081 0.036883 -0.258295
v 0.445020 0.036611 -0.258919
v 0.445071 0.036831 -0.258648
v 0.445685 0.036072 -0.259048
v 0.445880 0.036658 -0.258310
v 0.445793 0.036393 -0.258933
v 0.445864 0.036608 -0.258663
v 0.446342 0.035819 -0.259064
v 0.446596 0.036382 -0.258328
v 0.446480 0.036129 -0.258950
v 0.446573 0.036335 -0.258681
v 0.446919 0.035526 -0.259083
v 0.447238 0.036056 -0.258349
v 0.447091 0.035819 -0.258971
v 0.447208 0.036013 -0.258702
v 0.447424 0.035194 -0.259105
v 0.447809 0.035680 -0.258373
v 0.447630 0.035464 -0.258994
v 0.447771 0.035642 -0.258726
v 0.447862 0.034821 -0.259129
v 0.448312 0.035253 -0.258401
v 0.448101 0.035063 -0.259020
v 0.448266 0.035221 -0.258753
v 0.448237 0.034407 -0.259156
v 0.448747 0.034772 -0.258433
v 0.448507 0.034615 -0.259049
v 0.448694 0.034748 -0.258784
v 0.448554 0.033946 -0.259186
v 0.449115 0.034236 -0.258467
v 0.448850 0.034115 -0.259082
v 0.449056 0.034221 -0.258818
v 0.448815 0.033428 -0.259220
v 0.449417 0.033638 -0.258506
v 0.449132 0.033556 -0.259118
v 0.449352 0.033633 -0.258857
v 0.449022 0.032839 -0.259258
v 0.449651 0.032970 -0.258550
v 0.449353 0.032926 -0.259159
v 0.449584 0.032974 -0.258900
v 0.449173 0.032151 -0.259303
v 0.449819 0.032209 -0.258599
v 0.449513 0.032201 -0.259206
v 0.449749 0.032222 -0.258949
v 0.449267 0.031307 -0.259358
v 0.449920 0.031301 -0.258659
v 0.449611 0.031323 -0.259263
v 0.449849 0.031321 -0.259007
vn 1.0000 0.0005 -0.0084
vn 0.9985 -0.0529 -0.0119
vn 0.9985 -0.0546 -0.0045
vn 1.0000 0.0001 -0.0009
vn 0.9886 -0.1497 -0.0184
vn 0.9880 -0.1538 -0.0112
vn 0.9663 -0.2563 -0.0255
vn 0.9647 -0.2627 -0.0184
vn 0.9282 -0.3707 -0.0332
vn 0.9250 -0.3790 -0.0263
vn 0.8728 -0.4864 -0.0409
vn 0.8677 -0.4960 -0.0343
vn 0.8007 -0.5971 -0.0482
vn 0.7937 -0.6069 -0.0419
vn 0.7149 -0.6971 -0.0548
vn 0.7064 -0.7061 -0.0487
vn 0.6201 -0.7822 -0.0603
vn 0.6108 -0.7899 -0.0544
vn 0.5214 -0.8508 -0.0648
vn 0.5122 -0.8568 -0.0591
vn 0.4235 -0.9034 -0.0680
vn 0.4151 -0.9076 -0.0627
vn 0.3299 -0.9414 -0.0704
vn 0.3228 -0.9442 -0.0652
vn 0.2429 -0.9674 -0.0719
vn 0.2374 -0.9691 -0.0670
vn 0.1642 -0.9837 -0.0728
vn 0.1604 -0.9847 -0.0682
vn 0.0947 -0.9928 -0.0733
vn 0.0925 -0.9933 -0.0688
vn 0.0335 -0.9967 -0.0735
vn 0.0327 -0.9971 -0.0691
vn -0.0000 -0.9973 -0.0735
vn -0.0000 -0.9976 -0.0691
vn -0.0335 -0.9967 -0.0735
vn -0.0326 -0.9971 -0.0691
vn -0.0947 -0.9928 -0.0733
vn -0.0925 -0.9933 -0.0688
vn -0.1642 -0.9837 -0.0728
vn -0.1604 -0.9847 -0.0682
vn -0.2429 -0.9674 -0.0719
vn -0.2374 -0.9691 -0.0670
vn -0.3299 -0.9414 -0.0704
vn -0.3228 -0.9442 -0.0652
vn -0.4235 -0.9034 -0.0680
vn -0.4151 -0.9076 -0.0627
vn -0.5214 -0.8508 -0.0648
vn -0.5122 -0.8568 -0.0591
vn -0.6201 -0.7822 -0.0603
vn -0.6108 -0.7899 -0.0544
vn -0.7149 -0.6971 -0.0548
vn -0.7064 -0.7061 -0.0487
vn -0.8007 -0.5971 -0.0482
vn -0.7937 -0.6069 -0.0419
vn -0.8728 -0.4864 -0.0409
vn -0.8677 -0.4960 -0.0343
vn -0.9282 -0.3707 -0.0332
vn -0.9250 -0.3790 -0.0263
vn -0.9663 -0.2563 -0.0255
vn -0.9647 -0.2627 -0.0184
vn -0.9886 -0.1497 -0.0184
vn -0.9880 -0.1538 -0.0112
vn -0.9985 -0.0529 -0.0119
vn -0.9985 -0.0546 -0.0045
vn -1.0000 0.0005 -0.0084
vn -1.0000 0.0001 -0.0009
vn -0.9985 0.0540 -0.0050
vn -0.9985 0.0548 0.0026
vn -0.9886 0.1508 0.0012
vn -0.9880 0.1540 0.0089
vn -0.9663 0.2574 0.0079
vn -0.9647 0.2629 0.0158
vn -0.9282 0.3718 0.0151
vn -0.9250 0.3792 0.0231
vn -0.8728 0.4876 0.0225
vn -0.8677 0.4962 0.0303
vn -0.8007 0.5983 0.0296
vn -0.7937 0.6072 0.0372
vn -0.7149 0.6983 0.0361
vn -0.7064 0.7065 0.0433
vn -0.6201 0.7834 0.0416
vn -0.6108 0.7903 0.0484
vn -0.5214 0.8520 0.0460
vn -0.5122 0.8573 0.0524
vn -0.4235 0.9045 0.0497
vn -0.4151 0.9081 0.0555
vn -0.3299 0.9426 0.0522
vn -0.3228 0.9447 0.0577
vn -0.2429 0.9685 0.0541
vn -0.2374 0.9696 0.0592
vn -0.1642 0.9849 0.0553
vn -0.1604 0.9852 0.0601
vn -0.0947 0.9939 0.0560
vn -0.0925 0.9939 0.0606
vn -0.0335 0.9979 0.0564
vn -0.0327 0.9976 0.0608
vn -0.0000 0.9984 0.0564
vn -0.0000 0.9981 0.0608
vn 0.0335 0.9979 0.0564
vn 0.0326 0.9976 0.0608
vn 0.0947 0.9939 0.0560
vn 0.0925 0.9939 0.0606
vn 0.1642 0.9849 0.0553
vn 0.1604 0.9852 0.0601
vn 0.2429 0.9685 0.0541
vn 0.2374 0.9696 0.0592
vn 0.3299 0.9426 0.0522
vn 0.3228 0.9447 0.0577
vn 0.4235 0.9045 0.0497
vn 0.4151 0.9081 0.0555
vn 0.5214 0.8520 0.0460
vn 0.5122 0.8573 0.0524
vn 0.6201 0.7834 0.0416
vn 0.6108 0.7903 0.0484
vn 0.7149 0.6983 0.0361
vn 0.7064 0.7065 0.0433
vn 0.8007 0.5983 0.0296
vn 0.7937 0.6072 0.0372
vn 0.8728 0.4876 0.0225
vn 0.8677 0.4962 0.0303
vn 0.9282 0.3718 0.0151
vn 0.9250 0.3792 0.0231
vn 0.9663 0.2574 0.0079
vn 0.9647 0.2629 0.0158
vn 0.9886 0.1508 0.0012
vn 0.9880 0.1540 0.0089
vn 0.9985 0.0540 -0.0050
vn 0.9985 0.0548 0.0026
vn 1.0000 -0.0000 0.0008
vn 0.9986 0.0527 0.0043
vn 0.9640 0.0433 0.2624
vn 0.9659 -0.0168 0.2583
vn 0.7069 -0.0308 0.7066
vn 0.2588 -0.0572 0.9642
vn 0.2574 -0.0361 0.9656
vn 0.7033 0.0269 0.7104
vn 0.9545 0.1304 0.2682
vn 0.9889 0.1485 0.0105
vn 0.2535 -0.0106 0.9673
vn 0.6925 0.0966 0.7149
vn 0.9333 0.2311 0.2748
vn 0.9671 0.2540 0.0174
vn 0.2459 0.0178 0.9691
vn 0.6718 0.1741 0.7199
vn 0.8973 0.3398 0.2819
vn 0.9297 0.3674 0.0247
vn 0.2341 0.0475 0.9711
vn 0.6395 0.2552 0.7252
vn 0.8448 0.4502 0.2892
vn 0.8753 0.4825 0.0322
vn 0.2178 0.0768 0.9730
vn 0.5949 0.3354 0.7304
vn 0.7764 0.5564 0.2961
vn 0.8041 0.5931 0.0394
vn 0.1975 0.1042 0.9748
vn 0.5395 0.4102 0.7353
vn 0.6947 0.6526 0.3024
vn 0.7191 0.6934 0.0459
vn 0.1741 0.1284 0.9763
vn 0.4757 0.4762 0.7396
vn 0.6040 0.7352 0.3077
vn 0.6247 0.7792 0.0515
vn 0.1490 0.1485 0.9776
vn 0.4070 0.5311 0.7432
vn 0.5091 0.8022 0.3120
vn 0.5260 0.8487 0.0560
vn 0.1234 0.1643 0.9787
vn 0.3371 0.5743 0.7460
vn 0.4144 0.8537 0.3153
vn 0.4277 0.9020 0.0595
vn 0.0984 0.1761 0.9794
vn 0.2689 0.6067 0.7481
vn 0.3236 0.8913 0.3177
vn 0.3334 0.9407 0.0621
vn 0.0748 0.1845 0.9800
vn 0.2045 0.6295 0.7496
vn 0.2391 0.9170 0.3193
vn 0.2457 0.9672 0.0638
vn 0.0532 0.1900 0.9803
vn 0.1454 0.6446 0.7506
vn 0.1626 0.9333 0.3203
vn 0.1661 0.9840 0.0648
vn 0.0339 0.1933 0.9806
vn 0.0925 0.6536 0.7511
vn 0.0952 0.9423 0.3208
vn 0.0959 0.9932 0.0654
vn 0.0172 0.1950 0.9807
vn 0.0469 0.6581 0.7514
vn 0.0327 0.9465 0.3211
vn 0.0339 0.9973 0.0657
vn 0.0035 0.1955 0.9807
vn 0.0097 0.6596 0.7515
vn -0.0000 0.9471 0.3210
vn -0.0000 0.9978 0.0657
vn -0.0035 0.1955 0.9807
vn -0.0097 0.6596 0.7515
vn -0.0327 0.9465 0.3211
vn -0.0339 0.9973 0.0657
vn -0.0172 0.1950 0.9807
vn -0.0469 0.6581 0.7514
vn -0.0952 0.9423 0.3208
vn -0.0959 0.9932 0.0654
vn -0.0339 0.1933 0.9806
vn -0.0925 0.6536 0.7511
vn -0.1626 0.9333 0.3203
vn -0.1661 0.9840 0.0648
vn -0.0532 0.1900 0.9803
vn -0.1454 0.6446 0.7506
vn -0.2391 0.9170 0.3193
vn -0.2457 0.9672 0.0638
vn -0.0748 0.1845 0.9800
vn -0.2045 0.6295 0.7496
vn -0.3236 0.8913 0.3177
vn -0.3334 0.9407 0.0621
vn -0.0984 0.1761 0.9794
vn -0.2689 0.6067 0.7481
vn -0.4144 0.8537 0.3153
vn -0.4277 0.9020 0.0595
vn -0.1234 0.1643 0.9787
vn -0.3371 0.5743 0.7460
vn -0.5091 0.8022 0.3120
vn -0.5260 0.8487 0.0560
vn -0.1490 0.1485 0.9776
vn -0.4070 0.5311 0.7432
vn -0.6040 0.7352 0.3077
vn -0.6247 0.7792 0.0515
vn -0.1741 0.1284 0.9763
vn -0.4757 0.4762 0.7396
vn -0.6947 0.6526 0.3024
vn -0.7191 0.6934 0.0459
vn -0.1975 0.1042 0.9748
vn -0.5395 0.4102 0.7353
vn -0.7764 0.5564 0.2961
vn -0.8041 0.5931 0.0394
vn -0.2178 0.0768 0.9730
vn -0.5949 0.3354 0.7304
vn -0.8448 0.4502 0.2892
vn -0.8753 0.4825 0.0322
vn -0.2341 0.0475 0.9711
vn -0.6395 0.2552 0.7252
vn -0.8973 0.3398 0.2819
vn -0.9297 0.3674 0.0247
vn -0.2459 0.0178 0.9691
vn -0.6718 0.1741 0.7199
vn -0.9333 0.2311 0.2748
vn -0.9671 0.2540 0.0174
vn -0.2535 -0.0106 0.9673
vn -0.6925 0.0966 0.7149
vn -0.9545 0.1304 0.2682
vn -0.9889 0.1485 0.0105
vn -0.2574 -0.0361 0.9656
vn -0.7033 0.0269 0.7104
vn -0.9640 0.0433 0.2624
vn -0.9986 0.0527 0.0043
vn -0.2588 -0.0572 0.9642
vn -0.7069 -0.0308 0.7066
vn -0.9659 -0.0168 0.2583
vn -1.0000 -0.0001 0.0008
vn -0.2588 -0.0683 0.9635
vn -0.7069 -0.0610 0.7046
vn -0.9640 -0.0770 0.2546
vn -0.9986 -0.0528 -0.0026
vn -0.2574 -0.0894 0.9621
vn -0.7033 -0.1188 0.7009
vn -0.9545 -0.1641 0.2490
vn -0.9889 -0.1486 -0.0089
vn -0.2535 -0.1149 0.9605
vn -0.6925 -0.1884 0.6963
vn -0.9333 -0.2648 0.2425
vn -0.9671 -0.2541 -0.0157
vn -0.2459 -0.1433 0.9586
vn -0.6718 -0.2660 0.6913
vn -0.8973 -0.3735 0.2355
vn -0.9297 -0.3675 -0.0231
vn -0.2341 -0.1730 0.9567
vn -0.6395 -0.3471 0.6860
vn -0.8448 -0.4839 0.2284
vn -0.8753 -0.4826 -0.0306
vn -0.2178 -0.2023 0.9548
vn -0.5949 -0.4273 0.6808
vn -0.7764 -0.5900 0.2215
vn -0.8041 -0.5932 -0.0378
vn -0.1975 -0.2297 0.9530
vn -0.5395 -0.5021 0.6759
vn -0.6947 -0.6863 0.2152
vn -0.7191 -0.6935 -0.0443
vn -0.1741 -0.2538 0.9514
vn -0.4757 -0.5680 0.6716
vn -0.6040 -0.7689 0.2098
vn -0.6247 -0.7793 -0.0499
vn -0.1490 -0.2739 0.9501
vn -0.4070 -0.6229 0.6681
vn -0.5091 -0.8359 0.2054
vn -0.5260 -0.8488 -0.0544
vn -0.1234 -0.2898 0.9491
vn -0.3371 -0.6662 0.6652
vn -0.4144 -0.8874 0.2020
vn -0.4277 -0.9021 -0.0579
vn -0.0984 -0.3016 0.9483
vn -0.2689 -0.6985 0.6631
vn -0.3236 -0.9249 0.1994
vn -0.3334 -0.9408 -0.0604
vn -0.0748 -0.3100 0.9478
vn -0.2045 -0.7214 0.6616
vn -0.2391 -0.9506 0.1977
vn -0.2457 -0.9674 -0.0622
vn -0.0532 -0.3155 0.9474
vn -0.1454 -0.7365 0.6607
vn -0.1626 -0.9669 0.1966
vn -0.1661 -0.9841 -0.0633
vn -0.0339 -0.3188 0.9472
vn -0.0925 -0.7455 0.6601
vn -0.0952 -0.9760 0.1960
vn -0.0959 -0.9933 -0.0639
vn -0.0172 -0.3204 0.9471
vn -0.0469 -0.7500 0.6598
vn -0.0327 -0.9801 0.1956
vn -0.0339 -0.9974 -0.0641
vn -0.0035 -0.3210 0.9471
vn -0.0097 -0.7515 0.6597
vn -0.0000 -0.9807 0.1956
vn -0.0000 -0.9979 -0.0642
vn 0.0035 -0.3210 0.9471
vn 0.0097 -0.7515 0.6597
vn 0.0327 -0.9801 0.1957
vn 0.0339 -0.9974 -0.0641
vn 0.0172 -0.3204 0.9471
vn 0.0469 -0.7500 0.6598
vn 0.0952 -0.9760 0.1960
vn 0.0959 -0.9933 -0.0639
vn 0.0339 -0.3188 0.9472
vn 0.0925 -0.7455 0.6601
vn 0.1626 -0.9669 0.1966
vn 0.1661 -0.9841 -0.0633
vn 0.0532 -0.3155 0.9474
vn 0.1454 -0.7365 0.6607
vn 0.2391 -0.9506 0.1977
vn 0.2457 -0.9674 -0.0622
vn 0.0748 -0.3100 0.9478
vn 0.2045 -0.7214 0.6616
vn 0.3236 -0.9249 0.1994
vn 0.3334 -0.9408 -0.0604
vn 0.0984 -0.3016 0.9483
vn 0.2689 -0.6985 0.6631
vn 0.4144 -0.8874 0.2020
vn 0.4277 -0.9021 -0.0579
vn 0.1234 -0.2898 0.9491
vn 0.3371 -0.6662 0.6652
vn 0.5091 -0.8359 0.2054
vn 0.5260 -0.8488 -0.0544
vn 0.1490 -0.2739 0.9501
vn 0.4070 -0.6229 0.6681
vn 0.6040 -0.7689 0.2098
vn 0.6247 -0.7793 -0.0499
vn 0.1741 -0.2538 0.9514
vn 0.4757 -0.5680 0.6716
vn 0.6947 -0.6863 0.2152
vn 0.7191 -0.6935 -0.0443
vn 0.1975 -0.2297 0.9530
vn 0.5395 -0.5021 0.6759
vn 0.7764 -0.5900 0.2215
vn 0.8041 -0.5932 -0.0378
vn 0.2178 -0.2023 0.9548
vn 0.5949 -0.4273 0.6808
vn 0.8448 -0.4839 0.2284
vn 0.8753 -0.4826 -0.0306
vn 0.2341 -0.1730 0.9567
vn 0.6395 -0.3471 0.6860
vn 0.8973 -0.3735 0.2355
vn 0.9297 -0.3675 -0.0231
vn 0.2459 -0.1433 0.9586
vn 0.6718 -0.2660 0.6913
vn 0.9333 -0.2648 0.2425
vn 0.9671 -0.2541 -0.0157
vn 0.2535 -0.1149 0.9605
vn 0.6925 -0.1884 0.6963
vn 0.9545 -0.1641 0.2490
vn 0.9889 -0.1486 -0.0089
vn 0.2574 -0.0894 0.9621
vn 0.7033 -0.1188 0.7009
vn 0.9640 -0.0770 0.2546
vn 0.9986 -0.0528 -0.0026
vn 0.2588 -0.0683 0.9635
vn 0.7069 -0.0610 0.7046
vn 0.9980 -0.0041 0.0629
vn 0.9964 -0.0603 0.0594
vn 0.9781 -0.0524 -0.2017
vn 0.9802 0.0129 -0.1975
vn 0.7301 0.0277 -0.6828
vn 0.2625 0.0567 -0.9633
vn 0.9853 -0.1620 0.0534
vn 0.9672 -0.1465 -0.2074
vn 0.7260 -0.0359 -0.6867
vn 0.2610 0.0338 -0.9647
vn 0.9608 -0.2734 0.0466
vn 0.9431 -0.2545 -0.2141
vn 0.7136 -0.1123 -0.6915
vn 0.2566 0.0064 -0.9665
vn 0.9193 -0.3917 0.0390
vn 0.9024 -0.3696 -0.2216
vn 0.6897 -0.1966 -0.6969
vn 0.2480 -0.0240 -0.9685
vn 0.8597 -0.5098 0.0309
vn 0.8442 -0.4845 -0.2295
vn 0.6527 -0.2835 -0.7026
vn 0.2347 -0.0553 -0.9705
vn 0.7837 -0.6207 0.0226
vn 0.7698 -0.5924 -0.2375
vn 0.6026 -0.3676 -0.7083
vn 0.2167 -0.0855 -0.9725
vn 0.6950 -0.7188 0.0146
vn 0.6831 -0.6879 -0.2452
vn 0.5415 -0.4441 -0.7138
vn 0.1948 -0.1131 -0.9743
vn 0.5990 -0.8007 0.0071
vn 0.5890 -0.7677 -0.2523
vn 0.4731 -0.5094 -0.7188
vn 0.1703 -0.1367 -0.9759
vn 0.5008 -0.8656 0.0006
vn 0.4928 -0.8308 -0.2585
vn 0.4013 -0.5623 -0.7231
vn 0.1445 -0.1558 -0.9772
vn 0.4048 -0.9144 -0.0049
vn 0.3988 -0.8783 -0.2637
vn 0.3297 -0.6028 -0.7266
vn 0.1188 -0.1706 -0.9781
vn 0.3143 -0.9493 -0.0094
vn 0.3100 -0.9122 -0.2679
vn 0.2614 -0.6322 -0.7294
vn 0.0943 -0.1814 -0.9789
vn 0.2309 -0.9729 -0.0129
vn 0.2284 -0.9350 -0.2712
vn 0.1978 -0.6525 -0.7315
vn 0.0713 -0.1889 -0.9794
vn 0.1558 -0.9877 -0.0155
vn 0.1549 -0.9493 -0.2736
vn 0.1402 -0.6656 -0.7330
vn 0.0506 -0.1938 -0.9797
vn 0.0898 -0.9958 -0.0173
vn 0.0907 -0.9571 -0.2752
vn 0.0890 -0.6733 -0.7340
vn 0.0322 -0.1966 -0.9800
vn 0.0317 -0.9993 -0.0183
vn 0.0310 -0.9606 -0.2762
vn 0.0450 -0.6770 -0.7346
vn 0.0163 -0.1980 -0.9801
vn -0.0000 -0.9998 -0.0186
vn -0.0000 -0.9611 -0.2763
vn 0.0093 -0.6781 -0.7349
vn 0.0034 -0.1985 -0.9801
vn -0.0317 -0.9993 -0.0183
vn -0.0310 -0.9606 -0.2761
vn -0.0093 -0.6781 -0.7349
vn -0.0034 -0.1985 -0.9801
vn -0.0898 -0.9958 -0.0173
vn -0.0907 -0.9571 -0.2752
vn -0.0450 -0.6770 -0.7346
vn -0.0163 -0.1980 -0.9801
vn -0.1558 -0.9877 -0.0155
vn -0.1549 -0.9493 -0.2736
vn -0.0890 -0.6733 -0.7340
vn -0.0322 -0.1966 -0.9800
vn -0.2309 -0.9729 -0.0129
vn -0.2284 -0.9350 -0.2712
vn -0.1402 -0.6656 -0.7330
vn -0.0506 -0.1938 -0.9797
vn -0.3143 -0.9493 -0.0094
vn -0.3100 -0.9122 -0.2679
vn -0.1978 -0.6525 -0.7315
vn -0.0713 -0.1889 -0.9794
vn -0.4048 -0.9144 -0.0049
vn -0.3988 -0.8783 -0.2637
vn -0.2614 -0.6322 -0.7294
vn -0.0943 -0.1814 -0.9789
vn -0.5008 -0.8656 0.0006
vn -0.4928 -0.8308 -0.2585
vn -0.3298 -0.6028 -0.7266
vn -0.1188 -0.1706 -0.9781
vn -0.5989 -0.8008 0.0071
vn -0.5890 -0.7677 -0.2523
vn -0.4013 -0.5622 -0.7230
vn -0.1445 -0.1558 -0.9772
vn -0.6950 -0.7188 0.0146
vn -0.6831 -0.6880 -0.2452
vn -0.4731 -0.5094 -0.7188
vn -0.1703 -0.1367 -0.9759
vn -0.7837 -0.6207 0.0226
vn -0.7698 -0.5924 -0.2375
vn -0.5415 -0.4441 -0.7138
vn -0.1948 -0.1131 -0.9743
vn -0.8597 -0.5098 0.0309
vn -0.8442 -0.4845 -0.2295
vn -0.6026 -0.3676 -0.7083
vn -0.2167 -0.0855 -0.9725
vn -0.9193 -0.3917 0.0390
vn -0.9024 -0.3696 -0.2216
vn -0.6527 -0.2835 -0.7026
vn -0.2347 -0.0553 -0.9705
vn -0.9608 -0.2734 0.0466
vn -0.9431 -0.2545 -0.2141
vn -0.6897 -0.1966 -0.6969
vn -0.2480 -0.0240 -0.9685
vn -0.9853 -0.1620 0.0534
vn -0.9672 -0.1465 -0.2074
vn -0.7136 -0.1123 -0.6915
vn -0.2566 0.0064 -0.9665
vn -0.9964 -0.0603 0.0594
vn -0.9781 -0.0524 -0.2017
vn -0.7260 -0.0359 -0.6867
vn -0.2610 0.0338 -0.9647
vn -0.9980 -0.0041 0.0629
vn -0.9802 0.0129 -0.1975
vn -0.7301 0.0277 -0.6828
vn -0.2625 0.0567 -0.9633
vn -0.9964 0.0520 0.0667
vn -0.9781 0.0781 -0.1932
vn -0.7301 0.0610 -0.6806
vn -0.2625 0.0687 -0.9625
vn -0.9853 0.1537 0.0740
vn -0.9672 0.1721 -0.1867
vn -0.7260 0.1246 -0.6763
vn -0.2610 0.0915 -0.9610
vn -0.9608 0.2650 0.0816
vn -0.9431 0.2801 -0.1793
vn -0.7136 0.2010 -0.6711
vn -0.2566 0.1190 -0.9592
vn -0.9193 0.3833 0.0895
vn -0.9024 0.3952 -0.1718
vn -0.6897 0.2853 -0.6655
vn -0.2480 0.1493 -0.9572
vn -0.8597 0.5015 0.0967
vn -0.8442 0.5102 -0.1648
vn -0.6527 0.3722 -0.6599
vn -0.2347 0.1806 -0.9551
vn -0.7837 0.6126 0.1029
vn -0.7698 0.6182 -0.1587
vn -0.6026 0.4563 -0.6547
vn -0.2167 0.2108 -0.9532
vn -0.6950 0.7109 0.1077
vn -0.6831 0.7139 -0.1540
vn -0.5415 0.5329 -0.6502
vn -0.1948 0.2384 -0.9514
vn -0.5990 0.7931 0.1109
vn -0.5890 0.7940 -0.1507
vn -0.4731 0.5983 -0.6467
vn -0.1703 0.2621 -0.9499
vn -0.5008 0.8582 0.1128
vn -0.4928 0.8573 -0.1486
vn -0.4013 0.6512 -0.6441
vn -0.1445 0.2812 -0.9487
vn -0.4048 0.9073 0.1137
vn -0.3988 0.9051 -0.1476
vn -0.3297 0.6919 -0.6423
vn -0.1188 0.2960 -0.9478
vn -0.3143 0.9425 0.1137
vn -0.3100 0.9392 -0.1474
vn -0.2614 0.7214 -0.6413
vn -0.0943 0.3068 -0.9471
vn -0.2309 0.9664 0.1133
vn -0.2284 0.9623 -0.1477
vn -0.1978 0.7419 -0.6407
vn -0.0713 0.3143 -0.9466
vn -0.1558 0.9813 0.1127
vn -0.1549 0.9767 -0.1482
vn -0.1402 0.7550 -0.6405
vn -0.0506 0.3192 -0.9464
vn -0.0898 0.9896 0.1119
vn -0.0907 0.9847 -0.1488
vn -0.0890 0.7628 -0.6405
vn -0.0322 0.3219 -0.9462
vn -0.0317 0.9933 0.1114
vn -0.0310 0.9883 -0.1493
vn -0.0450 0.7665 -0.6406
vn -0.0163 0.3233 -0.9461
vn -0.0000 0.9938 0.1112
vn -0.0000 0.9888 -0.1494
vn -0.0093 0.7677 -0.6408
vn -0.0034 0.3238 -0.9461
vn 0.0317 0.9933 0.1114
vn 0.0310 0.9883 -0.1493
vn 0.0093 0.7677 -0.6408
vn 0.0034 0.3238 -0.9461
vn 0.0898 0.9896 0.1119
vn 0.0907 0.9847 -0.1488
vn 0.0450 0.7665 -0.6406
vn 0.0163 0.3233 -0.9461
vn 0.1558 0.9813 0.1127
vn 0.1549 0.9767 -0.1482
vn 0.0890 0.7628 -0.6405
vn 0.0322 0.3219 -0.9462
vn 0.2309 0.9664 0.1133
vn 0.2284 0.9623 -0.1477
vn 0.1402 0.7550 -0.6405
vn 0.0506 0.3192 -0.9463
vn 0.3143 0.9425 0.1137
vn 0.3100 0.9392 -0.1474
vn 0.1978 0.7419 -0.6407
vn 0.0713 0.3143 -0.9466
vn 0.4048 0.9073 0.1137
vn 0.3988 0.9051 -0.1476
vn 0.2614 0.7214 -0.6413
vn 0.0943 0.3068 -0.9471
vn 0.5008 0.8582 0.1128
vn 0.4928 0.8573 -0.1486
vn 0.3298 0.6919 -0.6423
vn 0.1188 0.2960 -0.9478
vn 0.5989 0.7931 0.1109
vn 0.5890 0.7940 -0.1507
vn 0.4013 0.6512 -0.6441
vn 0.1445 0.2812 -0.9487
vn 0.6950 0.7109 0.1076
vn 0.6831 0.7139 -0.1540
vn 0.4731 0.5983 -0.6467
vn 0.1703 0.2621 -0.9499
vn 0.7837 0.6126 0.1029
vn 0.7698 0.6182 -0.1587
vn 0.5415 0.5329 -0.6502
vn 0.1948 0.2384 -0.9514
vn 0.8597 0.5015 0.0967
vn 0.8442 0.5102 -0.1648
vn 0.6026 0.4563 -0.6547
vn 0.2167 0.2108 -0.9532
vn 0.9193 0.3833 0.0895
vn 0.9024 0.3952 -0.1718
vn 0.6527 0.3722 -0.6599
vn 0.2347 0.1806 -0.9551
vn 0.9608 0.2650 0.0816
vn 0.9431 0.2801 -0.1793
vn 0.6897 0.2853 -0.6655
vn 0.2480 0.1493 -0.9572
vn 0.9853 0.1537 0.0740
vn 0.9672 0.1721 -0.1867
vn 0.7136 0.2010 -0.6711
vn 0.2566 0.1190 -0.9592
vn 0.9964 0.0520 0.0667
vn 0.9781 0.0781 -0.1932
vn 0.7260 0.1246 -0.6763
vn 0.2610 0.0915 -0.9610
vn 0.2625 0.0687 -0.9625
vn 0.7301 0.0610 -0.6806
vn -0.0000 -0.0650 0.9979
vn -0.0000 0.0650 -0.9979
vt 0.744285 0.355751
vt 0.740055 0.355750
vt 0.740921 0.087157
vt 0.744093 0.087158
vt 0.737429 0.355753
vt 0.738951 0.087159
vt 0.735218 0.355758
vt 0.737292 0.087164
vt 0.733267 0.355766
vt 0.735827 0.087170
vt 0.731515 0.355777
vt 0.734511 0.087179
vt 0.729933 0.355791
vt 0.733323 0.087190
vt 0.728505 0.355807
vt 0.732250 0.087203
vt 0.574799 0.355821
vt 0.573459 0.355805
vt 0.569192 0.087179
vt 0.570265 0.087191
vt 0.571931 0.355791
vt 0.567969 0.087169
vt 0.570211 0.355778
vt 0.566592 0.087160
vt 0.568287 0.355768
vt 0.565053 0.087152
vt 0.566141 0.355759
vt 0.563335 0.087145
vt 0.563735 0.355753
vt 0.561410 0.087140
vt 0.560995 0.355747
vt 0.559218 0.087136
vt 0.557726 0.355744
vt 0.556602 0.087134
vt 0.552441 0.355742
vt 0.552374 0.087132
vt 0.547153 0.355742
vt 0.548144 0.087132
vt 0.543878 0.355744
vt 0.545524 0.087134
vt 0.541129 0.355748
vt 0.543325 0.087137
vt 0.538709 0.355754
vt 0.541390 0.087141
vt 0.536546 0.355762
vt 0.539659 0.087147
vt 0.534601 0.355772
vt 0.538104 0.087154
vt 0.532855 0.355783
vt 0.536708 0.087163
vt 0.531299 0.355797
vt 0.535464 0.087173
vt 0.529926 0.355812
vt 0.534366 0.087184
vt 0.803948 0.355823
vt 0.802604 0.355806
vt 0.798877 0.087201
vt 0.799882 0.087215
vt 0.801093 0.355790
vt 0.797745 0.087189
vt 0.799399 0.355778
vt 0.796476 0.087179
vt 0.797493 0.355768
vt 0.795047 0.087171
vt 0.795314 0.355760
vt 0.793414 0.087165
vt 0.792707 0.355754
vt 0.791460 0.087160
vt 0.788484 0.355751
vt 0.788292 0.087158
vt 0.784254 0.355750
vt 0.785120 0.087157
vt 0.781628 0.355753
vt 0.783150 0.087159
vt 0.779417 0.355758
vt 0.781491 0.087164
vt 0.777466 0.355766
vt 0.780026 0.087170
vt 0.775714 0.355777
vt 0.778710 0.087179
vt 0.774132 0.355791
vt 0.777522 0.087190
vt 0.772704 0.355807
vt 0.776449 0.087203
vt 0.632616 0.355829
vt 0.631308 0.355814
vt 0.626945 0.087180
vt 0.627993 0.087191
vt 0.629810 0.355801
vt 0.625744 0.087170
vt 0.628116 0.355789
vt 0.624386 0.087161
vt 0.626214 0.355779
vt 0.622863 0.087153
vt 0.624086 0.355770
vt 0.621160 0.087147
vt 0.621695 0.355763
vt 0.619246 0.087141
vt 0.618966 0.355757
vt 0.617062 0.087137
vt 0.615705 0.355753
vt 0.614453 0.087134
vt 0.610425 0.355750
vt 0.610229 0.087131
vt 0.605140 0.355748
vt 0.606001 0.087129
vt 0.601861 0.355749
vt 0.603378 0.087130
vt 0.599104 0.355751
vt 0.601173 0.087132
vt 0.596673 0.355756
vt 0.599230 0.087135
vt 0.594494 0.355762
vt 0.597488 0.087140
vt 0.592530 0.355771
vt 0.595918 0.087146
vt 0.590761 0.355781
vt 0.594505 0.087154
vt 0.589177 0.355793
vt 0.593240 0.087163
vt 0.587773 0.355806
vt 0.592119 0.087173
vt 0.759749 0.355823
vt 0.758405 0.355806
vt 0.754677 0.087201
vt 0.755683 0.087215
vt 0.756894 0.355790
vt 0.753546 0.087189
vt 0.755200 0.355778
vt 0.752277 0.087179
vt 0.753294 0.355768
vt 0.750848 0.087171
vt 0.751115 0.355760
vt 0.749215 0.087165
vt 0.748508 0.355754
vt 0.747261 0.087160
vt 0.744285 0.678962
vt 0.748508 0.678966
vt 0.748508 0.680847
vt 0.744285 0.680843
vt 0.030430 0.777106
vt 0.034660 0.777139
vt 0.034614 0.778078
vt 0.030443 0.778047
vt 0.034568 0.779019
vt 0.030456 0.778987
vt 0.037019 0.779239
vt 0.037150 0.778307
vt 0.037281 0.777375
vt 0.751115 0.680852
vt 0.751115 0.678971
vt 0.039024 0.779624
vt 0.039254 0.778711
vt 0.039483 0.777798
vt 0.753293 0.680860
vt 0.753294 0.678979
vt 0.040749 0.780164
vt 0.041085 0.779284
vt 0.041422 0.778405
vt 0.755199 0.680870
vt 0.755200 0.678989
vt 0.042267 0.780855
vt 0.042712 0.780024
vt 0.043157 0.779195
vt 0.756893 0.680883
vt 0.756894 0.679002
vt 0.043618 0.781697
vt 0.044168 0.780932
vt 0.044718 0.780167
vt 0.758404 0.680898
vt 0.758405 0.679017
vt 0.044830 0.782696
vt 0.045475 0.782009
vt 0.046120 0.781323
vt 0.759737 0.680915
vt 0.759749 0.679035
vt 0.045919 0.783860
vt 0.046646 0.783261
vt 0.047372 0.782663
vt 0.589160 0.680897
vt 0.587767 0.680910
vt 0.587755 0.679030
vt 0.589159 0.679016
vt 0.046892 0.785204
vt 0.047686 0.784696
vt 0.048479 0.784190
vt 0.590743 0.680885
vt 0.590743 0.679004
vt 0.047753 0.786741
vt 0.048598 0.786325
vt 0.049442 0.785909
vt 0.592511 0.680875
vt 0.592511 0.678994
vt 0.048499 0.788488
vt 0.049382 0.788160
vt 0.050264 0.787833
vt 0.594476 0.680867
vt 0.594476 0.678986
vt 0.049128 0.790470
vt 0.050036 0.790224
vt 0.050945 0.789979
vt 0.596655 0.680860
vt 0.596655 0.678980
vt 0.049634 0.792726
vt 0.050560 0.792555
vt 0.051485 0.792384
vt 0.599085 0.680856
vt 0.599086 0.678975
vt 0.050015 0.795335
vt 0.050950 0.795230
vt 0.051885 0.795124
vt 0.601843 0.680853
vt 0.601843 0.678972
vt 0.050268 0.798494
vt 0.051208 0.798444
vt 0.052147 0.798393
vt 0.605121 0.680852
vt 0.605121 0.678971
vt 0.050411 0.803704
vt 0.051352 0.803691
vt 0.052292 0.803678
vt 0.610407 0.680854
vt 0.610407 0.678973
vt 0.050411 0.808916
vt 0.051352 0.808941
vt 0.052292 0.808965
vt 0.615686 0.680857
vt 0.615686 0.678977
vt 0.050245 0.812081
vt 0.051182 0.812161
vt 0.052119 0.812241
vt 0.618948 0.680862
vt 0.618948 0.678981
vt 0.049936 0.814699
vt 0.050865 0.814845
vt 0.051795 0.814990
vt 0.621676 0.680867
vt 0.621677 0.678986
vt 0.049491 0.816969
vt 0.050406 0.817189
vt 0.051321 0.817410
vt 0.624067 0.680874
vt 0.624067 0.678994
vt 0.048917 0.818967
vt 0.049809 0.819270
vt 0.050699 0.819574
vt 0.626195 0.680883
vt 0.626195 0.679002
vt 0.048219 0.820734
vt 0.049075 0.821127
vt 0.049931 0.821519
vt 0.628097 0.680893
vt 0.628097 0.679013
vt 0.047401 0.822294
vt 0.048208 0.822779
vt 0.049015 0.823264
vt 0.629791 0.680905
vt 0.629792 0.679024
vt 0.046465 0.823663
vt 0.047208 0.824242
vt 0.047950 0.824821
vt 0.631289 0.680919
vt 0.631290 0.679038
vt 0.045408 0.824858
vt 0.046072 0.825527
vt 0.046735 0.826195
vt 0.632585 0.680933
vt 0.632597 0.679053
vt 0.044224 0.825889
vt 0.044795 0.826639
vt 0.045365 0.827388
vt 0.774132 0.680883
vt 0.772717 0.680899
vt 0.772704 0.679019
vt 0.774132 0.679002
vt 0.042896 0.826768
vt 0.043364 0.827586
vt 0.043832 0.828403
vt 0.775714 0.680869
vt 0.775714 0.678989
vt 0.041398 0.827501
vt 0.041759 0.828371
vt 0.042119 0.829241
vt 0.777466 0.680858
vt 0.777466 0.678978
vt 0.039688 0.828088
vt 0.039943 0.828995
vt 0.040198 0.829901
vt 0.779418 0.680850
vt 0.779417 0.678970
vt 0.037695 0.828527
vt 0.037852 0.829456
vt 0.038008 0.830384
vt 0.781628 0.680845
vt 0.781628 0.678964
vt 0.035251 0.828815
vt 0.035323 0.829754
vt 0.035394 0.830692
vt 0.784254 0.680842
vt 0.784254 0.678962
vt 0.031141 0.828959
vt 0.031154 0.829900
vt 0.031167 0.830840
vt 0.788484 0.680843
vt 0.788484 0.678962
vt 0.027028 0.828928
vt 0.026982 0.829868
vt 0.026937 0.830808
vt 0.792707 0.680847
vt 0.792707 0.678966
vt 0.024577 0.828707
vt 0.024446 0.829640
vt 0.024315 0.830571
vt 0.795314 0.680852
vt 0.795314 0.678971
vt 0.022573 0.828322
vt 0.022343 0.829236
vt 0.022113 0.830149
vt 0.797492 0.680860
vt 0.797493 0.678979
vt 0.020848 0.827782
vt 0.020511 0.828663
vt 0.020175 0.829542
vt 0.799399 0.680870
vt 0.799399 0.678989
vt 0.019330 0.827092
vt 0.018885 0.827922
vt 0.018440 0.828752
vt 0.801093 0.680883
vt 0.801093 0.679002
vt 0.017978 0.826249
vt 0.017428 0.827015
vt 0.016879 0.827779
vt 0.802603 0.680898
vt 0.802604 0.679017
vt 0.016766 0.825251
vt 0.016121 0.825937
vt 0.015476 0.826623
vt 0.803936 0.680915
vt 0.803948 0.679035
vt 0.015678 0.824085
vt 0.014951 0.824685
vt 0.014224 0.825284
vt 0.531293 0.680897
vt 0.529932 0.680912
vt 0.529920 0.679032
vt 0.531293 0.679016
vt 0.014704 0.822742
vt 0.013911 0.823250
vt 0.013118 0.823757
vt 0.532849 0.680884
vt 0.532849 0.679003
vt 0.013844 0.821206
vt 0.012999 0.821621
vt 0.012154 0.822037
vt 0.534595 0.680872
vt 0.534594 0.678991
vt 0.013097 0.819459
vt 0.012214 0.819786
vt 0.011332 0.820114
vt 0.536540 0.680862
vt 0.536539 0.678982
vt 0.012469 0.817476
vt 0.011560 0.817722
vt 0.010652 0.817968
vt 0.538703 0.680855
vt 0.538703 0.678974
vt 0.011962 0.815220
vt 0.011037 0.815391
vt 0.010112 0.815562
vt 0.541122 0.680849
vt 0.541122 0.678968
vt 0.011582 0.812611
vt 0.010647 0.812717
vt 0.009712 0.812822
vt 0.543872 0.680845
vt 0.543872 0.678964
vt 0.011328 0.809452
vt 0.010389 0.809503
vt 0.009449 0.809553
vt 0.547147 0.680842
vt 0.547147 0.678962
vt 0.011185 0.804242
vt 0.010245 0.804255
vt 0.009304 0.804268
vt 0.552434 0.680843
vt 0.552434 0.678962
vt 0.011185 0.799030
vt 0.010245 0.799005
vt 0.009304 0.798981
vt 0.557719 0.680844
vt 0.557720 0.678964
vt 0.011352 0.795865
vt 0.010414 0.795785
vt 0.009477 0.795706
vt 0.560989 0.680848
vt 0.560989 0.678967
vt 0.011661 0.793247
vt 0.010731 0.793101
vt 0.009802 0.792956
vt 0.563729 0.680853
vt 0.563729 0.678972
vt 0.012105 0.790977
vt 0.011190 0.790757
vt 0.010275 0.790537
vt 0.566134 0.680860
vt 0.566134 0.678979
vt 0.012679 0.788979
vt 0.011788 0.788676
vt 0.010897 0.788373
vt 0.568281 0.680868
vt 0.568281 0.678988
vt 0.013377 0.787212
vt 0.012521 0.786820
vt 0.011666 0.786427
vt 0.570204 0.680879
vt 0.570205 0.678998
vt 0.014196 0.785653
vt 0.013388 0.785167
vt 0.012582 0.784682
vt 0.571925 0.680891
vt 0.571925 0.679010
vt 0.015132 0.784283
vt 0.014389 0.783704
vt 0.013646 0.783125
vt 0.573452 0.680905
vt 0.573453 0.679024
vt 0.016188 0.783089
vt 0.015524 0.782420
vt 0.014861 0.781752
vt 0.574781 0.680921
vt 0.574793 0.679040
vt 0.017372 0.782057
vt 0.016801 0.781307
vt 0.016231 0.780558
vt 0.729933 0.680883
vt 0.728518 0.680899
vt 0.728505 0.679019
vt 0.729933 0.679002
vt 0.018700 0.781178
vt 0.018232 0.780360
vt 0.017765 0.779543
vt 0.731515 0.680869
vt 0.731515 0.678989
vt 0.020198 0.780446
vt 0.019838 0.779575
vt 0.019478 0.778706
vt 0.733267 0.680858
vt 0.733267 0.678978
vt 0.021908 0.779859
vt 0.021653 0.778952
vt 0.021399 0.778046
vt 0.735218 0.680850
vt 0.735218 0.678970
vt 0.023901 0.779419
vt 0.023745 0.778491
vt 0.023588 0.777563
vt 0.737429 0.680845
vt 0.737429 0.678964
vt 0.026345 0.779131
vt 0.026274 0.778193
vt 0.026202 0.777255
vt 0.740055 0.680842
vt 0.740055 0.678962
vt 0.744281 0.008357
vt 0.740333 0.008356
vt 0.740324 0.006478
vt 0.744285 0.006478
vt 0.248242 0.743357
vt 0.244281 0.743317
vt 0.244329 0.742361
vt 0.248230 0.742400
vt 0.244377 0.741438
vt 0.248218 0.741477
vt 0.737882 0.008359
vt 0.737862 0.006480
vt 0.241823 0.743077
vt 0.241963 0.742130
vt 0.242101 0.741215
vt 0.735818 0.008364
vt 0.735786 0.006486
vt 0.239756 0.742651
vt 0.240005 0.741725
vt 0.240245 0.740832
vt 0.733996 0.008373
vt 0.733952 0.006494
vt 0.237936 0.742039
vt 0.238300 0.741153
vt 0.238651 0.740297
vt 0.732359 0.008384
vt 0.732304 0.006505
vt 0.236306 0.741244
vt 0.236786 0.740415
vt 0.237247 0.739613
vt 0.730881 0.008397
vt 0.730815 0.006519
vt 0.234839 0.740266
vt 0.235428 0.739510
vt 0.235994 0.738778
vt 0.729546 0.008414
vt 0.729487 0.006535
vt 0.233523 0.739104
vt 0.234208 0.738435
vt 0.234866 0.737784
vt 0.574687 0.008429
vt 0.573352 0.008415
vt 0.573437 0.006537
vt 0.574767 0.006551
vt 0.232348 0.737759
vt 0.233113 0.737184
vt 0.233849 0.736621
vt 0.571831 0.008402
vt 0.571907 0.006523
vt 0.231311 0.736228
vt 0.232138 0.735748
vt 0.232936 0.735276
vt 0.570118 0.008390
vt 0.570185 0.006512
vt 0.230410 0.734505
vt 0.231283 0.734117
vt 0.232127 0.733734
vt 0.568202 0.008381
vt 0.568261 0.006502
vt 0.229641 0.732581
vt 0.230547 0.732278
vt 0.231425 0.731979
vt 0.566065 0.008373
vt 0.566114 0.006494
vt 0.229005 0.730434
vt 0.229933 0.730211
vt 0.230833 0.729989
vt 0.563671 0.008367
vt 0.563710 0.006488
vt 0.228500 0.728030
vt 0.229442 0.727877
vt 0.230357 0.727723
vt 0.560943 0.008362
vt 0.560972 0.006483
vt 0.228126 0.725291
vt 0.229075 0.725199
vt 0.229999 0.725106
vt 0.557689 0.008359
vt 0.557706 0.006480
vt 0.227881 0.722025
vt 0.228833 0.721983
vt 0.229761 0.721939
vt 0.552428 0.008357
vt 0.552429 0.006478
vt 0.227746 0.716749
vt 0.228698 0.716736
vt 0.229626 0.716725
vt 0.547166 0.008357
vt 0.547151 0.006478
vt 0.227746 0.711471
vt 0.228698 0.711488
vt 0.229626 0.711508
vt 0.543906 0.008359
vt 0.543880 0.006480
vt 0.227907 0.708199
vt 0.228858 0.708267
vt 0.229783 0.708337
vt 0.541169 0.008362
vt 0.541133 0.006483
vt 0.228210 0.705452
vt 0.229155 0.705581
vt 0.230074 0.705711
vt 0.538762 0.008368
vt 0.538715 0.006489
vt 0.228653 0.703035
vt 0.229586 0.703235
vt 0.230492 0.703434
vt 0.536609 0.008375
vt 0.536553 0.006496
vt 0.229234 0.700873
vt 0.230147 0.701152
vt 0.231032 0.701429
vt 0.534674 0.008384
vt 0.534609 0.006505
vt 0.229952 0.698929
vt 0.230835 0.699295
vt 0.231689 0.699656
vt 0.532937 0.008394
vt 0.532864 0.006516
vt 0.230809 0.697185
vt 0.231648 0.697643
vt 0.232458 0.698094
vt 0.531389 0.008407
vt 0.531306 0.006529
vt 0.231806 0.695627
vt 0.232586 0.696182
vt 0.233336 0.696726
vt 0.530023 0.008421
vt 0.529946 0.006543
vt 0.232946 0.694252
vt 0.233648 0.694903
vt 0.234323 0.695537
vt 0.802899 0.008429
vt 0.801648 0.008411
vt 0.801721 0.006533
vt 0.802967 0.006550
vt 0.234232 0.693057
vt 0.234840 0.693797
vt 0.235425 0.694515
vt 0.800240 0.008396
vt 0.800304 0.006518
vt 0.235673 0.692041
vt 0.236174 0.692858
vt 0.236656 0.693648
vt 0.798661 0.008383
vt 0.798714 0.006505
vt 0.237282 0.691204
vt 0.237669 0.692081
vt 0.238042 0.692928
vt 0.796884 0.008373
vt 0.796925 0.006495
vt 0.239086 0.690547
vt 0.239358 0.691465
vt 0.239622 0.692352
vt 0.794852 0.008366
vt 0.794882 0.006487
vt 0.241141 0.690067
vt 0.241306 0.691010
vt 0.241467 0.691921
vt 0.792420 0.008360
vt 0.792438 0.006482
vt 0.243592 0.689764
vt 0.243665 0.690718
vt 0.243737 0.691640
vt 0.788480 0.008357
vt 0.788484 0.006478
vt 0.247551 0.689622
vt 0.247563 0.690579
vt 0.247575 0.691503
vt 0.784532 0.008356
vt 0.784523 0.006478
vt 0.251512 0.689662
vt 0.251464 0.690619
vt 0.251415 0.691541
vt 0.782081 0.008359
vt 0.782061 0.006480
vt 0.253970 0.689902
vt 0.253829 0.690850
vt 0.253692 0.691764
vt 0.780017 0.008364
vt 0.779985 0.006486
vt 0.256036 0.690328
vt 0.255788 0.691254
vt 0.255548 0.692147
vt 0.778195 0.008373
vt 0.778151 0.006494
vt 0.257857 0.690940
vt 0.257493 0.691826
vt 0.257142 0.692683
vt 0.776558 0.008384
vt 0.776503 0.006505
vt 0.259487 0.691735
vt 0.259007 0.692564
vt 0.258545 0.693367
vt 0.775079 0.008397
vt 0.775014 0.006519
vt 0.260953 0.692713
vt 0.260364 0.693469
vt 0.259798 0.694201
vt 0.773745 0.008414
vt 0.773686 0.006535
vt 0.262270 0.693875
vt 0.261585 0.694544
vt 0.260926 0.695195
vt 0.632490 0.008433
vt 0.631186 0.008419
vt 0.631273 0.006541
vt 0.632572 0.006555
vt 0.263445 0.695221
vt 0.262680 0.695795
vt 0.261944 0.696358
vt 0.629692 0.008407
vt 0.629770 0.006528
vt 0.264481 0.696752
vt 0.263654 0.697232
vt 0.262857 0.697703
vt 0.628003 0.008396
vt 0.628072 0.006517
vt 0.265383 0.698474
vt 0.264510 0.698862
vt 0.263666 0.699245
vt 0.626108 0.008386
vt 0.626168 0.006508
vt 0.266151 0.700398
vt 0.265246 0.700701
vt 0.264368 0.701000
vt 0.623988 0.008378
vt 0.624040 0.006499
vt 0.266788 0.702545
vt 0.265860 0.702769
vt 0.264959 0.702991
vt 0.621607 0.008371
vt 0.621649 0.006493
vt 0.267292 0.704950
vt 0.266351 0.705103
vt 0.265436 0.705256
vt 0.618890 0.008366
vt 0.618922 0.006487
vt 0.267666 0.707688
vt 0.266717 0.707780
vt 0.265794 0.707874
vt 0.615644 0.008362
vt 0.615663 0.006483
vt 0.267911 0.710954
vt 0.266959 0.710996
vt 0.266032 0.711040
vt 0.610388 0.008359
vt 0.610392 0.006480
vt 0.268047 0.716231
vt 0.267094 0.716243
vt 0.266166 0.716255
vt 0.605128 0.008357
vt 0.605116 0.006478
vt 0.268047 0.721509
vt 0.267094 0.721491
vt 0.266166 0.721471
vt 0.601865 0.008357
vt 0.601841 0.006478
vt 0.267886 0.724780
vt 0.266935 0.724712
vt 0.266010 0.724642
vt 0.599121 0.008360
vt 0.599087 0.006481
vt 0.267583 0.727527
vt 0.266638 0.727398
vt 0.265719 0.727268
vt 0.596703 0.008364
vt 0.596659 0.006485
vt 0.267140 0.729944
vt 0.266207 0.729744
vt 0.265301 0.729545
vt 0.594536 0.008370
vt 0.594483 0.006491
vt 0.266559 0.732106
vt 0.265646 0.731827
vt 0.264761 0.731551
vt 0.592583 0.008377
vt 0.592520 0.006499
vt 0.265840 0.734050
vt 0.264958 0.733684
vt 0.264104 0.733323
vt 0.590824 0.008386
vt 0.590754 0.006508
vt 0.264983 0.735795
vt 0.264144 0.735336
vt 0.263335 0.734885
vt 0.589251 0.008397
vt 0.589171 0.006519
vt 0.263986 0.737352
vt 0.263207 0.736797
vt 0.262457 0.736253
vt 0.587856 0.008410
vt 0.587781 0.006532
vt 0.262847 0.738727
vt 0.262145 0.738076
vt 0.261470 0.737442
vt 0.758700 0.008429
vt 0.757449 0.008411
vt 0.757522 0.006533
vt 0.758767 0.006550
vt 0.261560 0.739922
vt 0.260952 0.739182
vt 0.260367 0.738464
vt 0.756041 0.008396
vt 0.756105 0.006518
vt 0.260120 0.740938
vt 0.259618 0.740121
vt 0.259136 0.739331
vt 0.754462 0.008383
vt 0.754515 0.006505
vt 0.258510 0.741775
vt 0.258124 0.740898
vt 0.257751 0.740051
vt 0.752685 0.008373
vt 0.752726 0.006495
vt 0.256706 0.742433
vt 0.256434 0.741514
vt 0.256171 0.740627
vt 0.750653 0.008366
vt 0.750683 0.006487
vt 0.254651 0.742912
vt 0.254487 0.741969
vt 0.254326 0.741058
vt 0.748221 0.008360
vt 0.748239 0.006482
vt 0.252200 0.743216
vt 0.252128 0.742261
vt 0.252056 0.741339
s 1
usemtl 05_|_orange_glass_fibre_resin
f 1/1/1 2/2/2 66/3/3 65/4/4
f 2/2/2 3/5/5 67/6/6 66/3/3
f 3/5/5 4/7/7 68/8/8 67/6/6
f 4/7/7 5/9/9 69/10/10 68/8/8
f 5/9/9 6/11/11 70/12/12 69/10/10
f 6/11/11 7/13/13 71/14/14 70/12/12
f 7/13/13 8/15/15 72/16/16 71/14/14
f 8/17/15 9/18/17 73/19/18 72/20/16
f 9/18/17 10/21/19 74/22/20 73/19/18
f 10/21/19 11/23/21 75/24/22 74/22/20
f 11/23/21 12/25/23 76/26/24 75/24/22
f 12/25/23 13/27/25 77/28/26 76/26/24
f 13/27/25 14/29/27 78/30/28 77/28/26
f 14/29/27 15/31/29 79/32/30 78/30/28
f 15/31/29 16/33/31 80/34/32 79/32/30
f 16/33/31 17/35/33 81/36/34 80/34/32
f 17/35/33 18/37/35 82/38/36 81/36/34
f 18/37/35 19/39/37 83/40/38 82/38/36
f 19/39/37 20/41/39 84/42/40 83/40/38
f 20/41/39 21/43/41 85/44/42 84/42/40
f 21/43/41 22/45/43 86/46/44 85/44/42
f 22/45/43 23/47/45 87/48/46 86/46/44
f 23/47/45 24/49/47 88/50/48 87/48/46
f 24/49/47 25/51/49 89/52/50 88/50/48
f 25/51/49 26/53/51 90/54/52 89/52/50
f 26/55/51 27/56/53 91/57/54 90/58/52
f 27/56/53 28/59/55 92/60/56 91/57/54
f 28/59/55 29/61/57 93/62/58 92/60/56
f 29/61/57 30/63/59 94/64/60 93/62/58
f 30/63/59 31/65/61 95/66/62 94/64/60
f 31/65/61 32/67/63 96/68/64 95/66/62
f 32/67/63 33/69/65 97/70/66 96/68/64
f 33/69/65 34/71/67 98/72/68 97/70/66
f 34/71/67 35/73/69 99/74/70 98/72/68
f 35/73/69 36/75/71 100/76/72 99/74/70
f 36/75/71 37/77/73 101/78/74 100/76/72
f 37/77/73 38/79/75 102/80/76 101/78/74
f 38/79/75 39/81/77 103/82/78 102/80/76
f 39/81/77 40/83/79 104/84/80 103/82/78
f 40/85/79 41/86/81 105/87/82 104/88/80
f 41/86/81 42/89/83 106/90/84 105/87/82
f 42/89/83 43/91/85 107/92/86 106/90/84
f 43/91/85 44/93/87 108/94/88 107/92/86
f 44/93/87 45/95/89 109/96/90 108/94/88
f 45/95/89 46/97/91 110/98/92 109/96/90
f 46/97/91 47/99/93 111/100/94 110/98/92
f 47/99/93 48/101/95 112/102/96 111/100/94
f 48/101/95 49/103/97 113/104/98 112/102/96
f 49/103/97 50/105/99 114/106/100 113/104/98
f 50/105/99 51/107/101 115/108/102 114/106/100
f 51/107/101 52/109/103 116/110/104 115/108/102
f 52/109/103 53/111/105 117/112/106 116/110/104
f 53/111/105 54/113/107 118/114/108 117/112/106
f 54/113/107 55/115/109 119/116/110 118/114/108
f 55/115/109 56/117/111 120/118/112 119/116/110
f 56/117/111 57/119/113 121/120/114 120/118/112
f 57/119/113 58/121/115 122/122/116 121/120/114
f 58/123/115 59/124/117 123/125/118 122/126/116
f 59/124/117 60/127/119 124/128/120 123/125/118
f 60/127/119 61/129/121 125/130/122 124/128/120
f 61/129/121 62/131/123 126/132/124 125/130/122
f 62/131/123 63/133/125 127/134/126 126/132/124
f 63/133/125 64/135/127 128/136/128 127/134/126
f 64/135/127 1/1/1 65/4/4 128/136/128
f 130/137/129 381/138/130 383/139/131 132/140/132
s 0
f 132/141/133 383/142/133 384/143/133 131/144/133
f 131/144/134 384/143/134 382/145/134 129/146/134
f 378/147/135 382/145/135 384/143/135 380/148/135
f 380/148/136 384/143/136 383/142/136 379/149/136
s 1
f 379/150/137 383/139/131 381/138/130 377/151/138
s 0
f 374/152/139 378/147/139 380/148/139 376/153/139
f 376/153/140 380/148/140 379/149/140 375/154/140
s 1
f 375/155/141 379/150/137 377/151/138 373/156/142
s 0
f 370/157/143 374/152/143 376/153/143 372/158/143
f 372/158/144 376/153/144 375/154/144 371/159/144
s 1
f 371/160/145 375/155/141 373/156/142 369/161/146
s 0
f 366/162/147 370/157/147 372/158/147 368/163/147
f 368/163/148 372/158/148 371/159/148 367/164/148
s 1
f 367/165/149 371/160/145 369/161/146 365/166/150
s 0
f 362/167/151 366/162/151 368/163/151 364/168/151
f 364/168/152 368/163/152 367/164/152 363/169/152
s 1
f 363/170/153 367/165/149 365/166/150 361/171/154
s 0
f 358/172/155 362/167/155 364/168/155 360/173/155
f 360/173/156 364/168/156 363/169/156 359/174/156
s 1
f 359/175/157 363/170/153 361/171/154 357/176/158
s 0
f 354/177/159 358/172/159 360/173/159 356/178/159
f 356/178/160 360/173/160 359/174/160 355/179/160
s 1
f 355/180/161 359/181/157 357/182/158 353/183/162
s 0
f 350/184/163 354/177/163 356/178/163 352/185/163
f 352/185/164 356/178/164 355/179/164 351/186/164
s 1
f 351/187/165 355/180/161 353/183/162 349/188/166
s 0
f 346/189/167 350/184/167 352/185/167 348/190/167
f 348/190/168 352/185/168 351/186/168 347/191/168
s 1
f 347/192/169 351/187/165 349/188/166 345/193/170
s 0
f 342/194/171 346/189/171 348/190/171 344/195/171
f 344/195/172 348/190/172 347/191/172 343/196/172
s 1
f 343/197/173 347/192/169 345/193/170 341/198/174
s 0
f 338/199/175 342/194/175 344/195/175 340/200/175
f 340/200/176 344/195/176 343/196/176 339/201/176
s 1
f 339/202/177 343/197/173 341/198/174 337/203/178
s 0
f 334/204/179 338/199/179 340/200/179 336/205/179
f 336/205/180 340/200/180 339/201/180 335/206/180
s 1
f 335/207/181 339/202/177 337/203/178 333/208/182
s 0
f 330/209/183 334/204/183 336/205/183 332/210/183
f 332/210/184 336/205/184 335/206/184 331/211/184
s 1
f 331/212/185 335/207/181 333/208/182 329/213/186
s 0
f 326/214/187 330/209/187 332/210/187 328/215/187
f 328/215/188 332/210/188 331/211/188 327/216/188
s 1
f 327/217/189 331/212/185 329/213/186 325/218/190
s 0
f 322/219/191 326/214/191 328/215/191 324/220/191
f 324/220/192 328/215/192 327/216/192 323/221/192
s 1
f 323/222/193 327/217/189 325/218/190 321/223/194
s 0
f 318/224/195 322/219/195 324/220/195 320/225/195
f 320/225/196 324/220/196 323/221/196 319/226/196
s 1
f 319/227/197 323/222/193 321/223/194 317/228/198
s 0
f 314/229/199 318/224/199 320/225/199 316/230/199
f 316/230/200 320/225/200 319/226/200 315/231/200
s 1
f 315/232/201 319/227/197 317/228/198 313/233/202
s 0
f 310/234/203 314/229/203 316/230/203 312/235/203
f 312/235/204 316/230/204 315/231/204 311/236/204
s 1
f 311/237/205 315/232/201 313/233/202 309/238/206
s 0
f 306/239/207 310/234/207 312/235/207 308/240/207
f 308/240/208 312/235/208 311/236/208 307/241/208
s 1
f 307/242/209 311/237/205 309/238/206 305/243/210
s 0
f 302/244/211 306/239/211 308/240/211 304/245/211
f 304/245/212 308/240/212 307/241/212 303/246/212
s 1
f 303/247/213 307/242/209 305/243/210 301/248/214
s 0
f 298/249/215 302/244/215 304/245/215 300/250/215
f 300/250/216 304/245/216 303/246/216 299/251/216
s 1
f 299/252/217 303/247/213 301/248/214 297/253/218
s 0
f 294/254/219 298/249/219 300/250/219 296/255/219
f 296/255/220 300/250/220 299/251/220 295/256/220
s 1
f 295/257/221 299/252/217 297/253/218 293/258/222
s 0
f 290/259/223 294/254/223 296/255/223 292/260/223
f 292/260/224 296/255/224 295/256/224 291/261/224
s 1
f 291/262/225 295/257/221 293/258/222 289/263/226
s 0
f 286/264/227 290/259/227 292/260/227 288/265/227
f 288/265/228 292/260/228 291/261/228 287/266/228
s 1
f 287/267/229 291/262/225 289/263/226 285/268/230
s 0
f 282/269/231 286/264/231 288/265/231 284/270/231
f 284/270/232 288/265/232 287/266/232 283/271/232
s 1
f 283/272/233 287/273/229 285/274/230 281/275/234
s 0
f 278/276/235 282/269/235 284/270/235 280/277/235
f 280/277/236 284/270/236 283/271/236 279/278/236
s 1
f 279/279/237 283/272/233 281/275/234 277/280/238
s 0
f 274/281/239 278/276/239 280/277/239 276/282/239
f 276/282/240 280/277/240 279/278/240 275/283/240
s 1
f 275/284/241 279/279/237 277/280/238 273/285/242
s 0
f 270/286/243 274/281/243 276/282/243 272/287/243
f 272/287/244 276/282/244 275/283/244 271/288/244
s 1
f 271/289/245 275/284/241 273/285/242 269/290/246
s 0
f 266/291/247 270/286/247 272/287/247 268/292/247
f 268/292/248 272/287/248 271/288/248 267/293/248
s 1
f 267/294/249 271/289/245 269/290/246 265/295/250
s 0
f 262/296/251 266/291/251 268/292/251 264/297/251
f 264/297/252 268/292/252 267/293/252 263/298/252
s 1
f 263/299/253 267/294/249 265/295/250 261/300/254
s 0
f 258/301/255 262/296/255 264/297/255 260/302/255
f 260/302/256 264/297/256 263/298/256 259/303/256
s 1
f 259/304/257 263/299/253 261/300/254 257/305/258
s 0
f 254/306/259 258/301/259 260/302/259 256/307/259
f 256/307/260 260/302/260 259/303/260 255/308/260
s 1
f 255/309/261 259/304/257 257/305/258 253/310/262
s 0
f 250/311/263 254/306/263 256/307/263 252/312/263
f 252/312/264 256/307/264 255/308/264 251/313/264
s 1
f 251/314/265 255/309/261 253/310/262 249/315/266
s 0
f 246/316/267 250/311/267 252/312/267 248/317/267
f 248/317/268 252/312/268 251/313/268 247/318/268
s 1
f 247/319/269 251/314/265 249/315/266 245/320/270
s 0
f 242/321/271 246/316/271 248/317/271 244/322/271
f 244/322/272 248/317/272 247/318/272 243/323/272
s 1
f 243/324/273 247/319/269 245/320/270 241/325/274
s 0
f 238/326/275 242/321/275 244/322/275 240/327/275
f 240/327/276 244/322/276 243/323/276 239/328/276
s 1
f 239/329/277 243/324/273 241/325/274 237/330/278
s 0
f 234/331/279 238/326/279 240/327/279 236/332/279
f 236/332/280 240/327/280 239/328/280 235/333/280
s 1
f 235/334/281 239/329/277 237/330/278 233/335/282
s 0
f 230/336/283 234/331/283 236/332/283 232/337/283
f 232/337/284 236/332/284 235/333/284 231/338/284
s 1
f 231/339/285 235/334/281 233/335/282 229/340/286
s 0
f 226/341/287 230/336/287 232/337/287 228/342/287
f 228/342/288 232/337/288 231/338/288 227/343/288
s 1
f 227/344/289 231/345/285 229/346/286 225/347/290
s 0
f 222/348/291 226/341/291 228/342/291 224/349/291
f 224/349/292 228/342/292 227/343/292 223/350/292
s 1
f 223/351/293 227/344/289 225/347/290 221/352/294
s 0
f 218/353/295 222/348/295 224/349/295 220/354/295
f 220/354/296 224/349/296 223/350/296 219/355/296
s 1
f 219/356/297 223/351/293 221/352/294 217/357/298
s 0
f 214/358/299 218/353/299 220/354/299 216/359/299
f 216/359/300 220/354/300 219/355/300 215/360/300
s 1
f 215/361/301 219/356/297 217/357/298 213/362/302
s 0
f 210/363/303 214/358/303 216/359/303 212/364/303
f 212/364/304 216/359/304 215/360/304 211/365/304
s 1
f 211/366/305 215/361/301 213/362/302 209/367/306
s 0
f 206/368/307 210/363/307 212/364/307 208/369/307
f 208/369/308 212/364/308 211/365/308 207/370/308
s 1
f 207/371/309 211/366/305 209/367/306 205/372/310
s 0
f 202/373/311 206/368/311 208/369/311 204/374/311
f 204/374/312 208/369/312 207/370/312 203/375/312
s 1
f 203/376/313 207/371/309 205/372/310 201/377/314
s 0
f 198/378/315 202/373/315 204/374/315 200/379/315
f 200/379/316 204/374/316 203/375/316 199/380/316
s 1
f 199/381/317 203/376/313 201/377/314 197/382/318
s 0
f 194/383/319 198/378/319 200/379/319 196/384/319
f 196/384/320 200/379/320 199/380/320 195/385/320
s 1
f 195/386/321 199/381/317 197/382/318 193/387/322
s 0
f 190/388/323 194/383/323 196/384/323 192/389/323
f 192/389/324 196/384/324 195/385/324 191/390/324
s 1
f 191/391/325 195/386/321 193/387/322 189/392/326
s 0
f 186/393/327 190/388/327 192/389/327 188/394/327
f 188/394/328 192/389/328 191/390/328 187/395/328
s 1
f 187/396/329 191/391/325 189/392/326 185/397/330
s 0
f 182/398/331 186/393/331 188/394/331 184/399/331
f 184/399/332 188/394/332 187/395/332 183/400/332
s 1
f 183/401/333 187/396/329 185/397/330 181/402/334
s 0
f 178/403/335 182/398/335 184/399/335 180/404/335
f 180/404/336 184/399/336 183/400/336 179/405/336
s 1
f 179/406/337 183/401/333 181/402/334 177/407/338
s 0
f 174/408/339 178/403/339 180/404/339 176/409/339
f 176/409/340 180/404/340 179/405/340 175/410/340
s 1
f 175/411/341 179/406/337 177/407/338 173/412/342
s 0
f 170/413/343 174/408/343 176/409/343 172/414/343
f 172/414/344 176/409/344 175/410/344 171/415/344
s 1
f 171/416/345 175/411/341 173/412/342 169/417/346
s 0
f 166/418/347 170/413/347 172/414/347 168/419/347
f 168/419/348 172/414/348 171/415/348 167/420/348
s 1
f 167/421/349 171/416/345 169/417/346 165/422/350
s 0
f 162/423/351 166/418/351 168/419/351 164/424/351
f 164/424/352 168/419/352 167/420/352 163/425/352
s 1
f 163/426/353 167/421/349 165/422/350 161/427/354
s 0
f 158/428/355 162/423/355 164/424/355 160/429/355
f 160/429/356 164/424/356 163/425/356 159/430/356
s 1
f 159/431/357 163/426/353 161/427/354 157/432/358
s 0
f 154/433/359 158/428/359 160/429/359 156/434/359
f 156/434/360 160/429/360 159/430/360 155/435/360
s 1
f 155/436/361 159/437/357 157/438/358 153/439/362
s 0
f 150/440/363 154/433/363 156/434/363 152/441/363
f 152/441/364 156/434/364 155/435/364 151/442/364
s 1
f 151/443/365 155/436/361 153/439/362 149/444/366
s 0
f 146/445/367 150/440/367 152/441/367 148/446/367
f 148/446/368 152/441/368 151/442/368 147/447/368
s 1
f 147/448/369 151/443/365 149/444/366 145/449/370
s 0
f 142/450/371 146/445/371 148/446/371 144/451/371
f 144/451/372 148/446/372 147/447/372 143/452/372
s 1
f 143/453/373 147/448/369 145/449/370 141/454/374
s 0
f 138/455/375 142/450/375 144/451/375 140/456/375
f 140/456/376 144/451/376 143/452/376 139/457/376
s 1
f 139/458/377 143/453/373 141/454/374 137/459/378
s 0
f 134/460/379 138/455/379 140/456/379 136/461/379
f 136/461/380 140/456/380 139/457/380 135/462/380
s 1
f 135/463/381 139/458/377 137/459/378 133/464/382
s 0
f 129/146/383 134/460/383 136/461/383 131/144/383
f 131/144/384 136/461/384 135/462/384 132/141/384
s 1
f 132/140/132 135/463/381 133/464/382 130/137/129
f 386/465/385 390/466/386 392/467/387 388/468/388
s 0
f 388/469/389 392/470/389 391/471/389 387/472/389
f 387/472/390 391/471/390 389/473/390 385/474/390
s 1
f 390/466/386 394/475/391 396/476/392 392/467/387
s 0
f 392/470/393 396/477/393 395/478/393 391/471/393
f 391/471/394 395/478/394 393/479/394 389/473/394
s 1
f 394/475/391 398/480/395 400/481/396 396/476/392
s 0
f 396/477/397 400/482/397 399/483/397 395/478/397
f 395/478/398 399/483/398 397/484/398 393/479/398
s 1
f 398/480/395 402/485/399 404/486/400 400/481/396
s 0
f 400/482/401 404/487/401 403/488/401 399/483/401
f 399/483/402 403/488/402 401/489/402 397/484/402
s 1
f 402/485/399 406/490/403 408/491/404 404/486/400
s 0
f 404/487/405 408/492/405 407/493/405 403/488/405
f 403/488/406 407/493/406 405/494/406 401/489/406
s 1
f 406/490/403 410/495/407 412/496/408 408/491/404
s 0
f 408/492/409 412/497/409 411/498/409 407/493/409
f 407/493/410 411/498/410 409/499/410 405/494/410
s 1
f 410/495/407 414/500/411 416/501/412 412/496/408
s 0
f 412/497/413 416/502/413 415/503/413 411/498/413
f 411/498/414 415/503/414 413/504/414 409/499/414
s 1
f 414/505/411 418/506/415 420/507/416 416/508/412
s 0
f 416/502/417 420/509/417 419/510/417 415/503/417
f 415/503/418 419/510/418 417/511/418 413/504/418
s 1
f 418/506/415 422/512/419 424/513/420 420/507/416
s 0
f 420/509/421 424/514/421 423/515/421 419/510/421
f 419/510/422 423/515/422 421/516/422 417/511/422
s 1
f 422/512/419 426/517/423 428/518/424 424/513/420
s 0
f 424/514/425 428/519/425 427/520/425 423/515/425
f 423/515/426 427/520/426 425/521/426 421/516/426
s 1
f 426/517/423 430/522/427 432/523/428 428/518/424
s 0
f 428/519/429 432/524/429 431/525/429 427/520/429
f 427/520/430 431/525/430 429/526/430 425/521/430
s 1
f 430/522/427 434/527/431 436/528/432 432/523/428
s 0
f 432/524/433 436/529/433 435/530/433 431/525/433
f 431/525/434 435/530/434 433/531/434 429/526/434
s 1
f 434/527/431 438/532/435 440/533/436 436/528/432
s 0
f 436/529/437 440/534/437 439/535/437 435/530/437
f 435/530/438 439/535/438 437/536/438 433/531/438
s 1
f 438/532/435 442/537/439 444/538/440 440/533/436
s 0
f 440/534/441 444/539/441 443/540/441 439/535/441
f 439/535/442 443/540/442 441/541/442 437/536/442
s 1
f 442/537/439 446/542/443 448/543/444 444/538/440
s 0
f 444/539/445 448/544/445 447/545/445 443/540/445
f 443/540/446 447/545/446 445/546/446 441/541/446
s 1
f 446/542/443 450/547/447 452/548/448 448/543/444
s 0
f 448/544/449 452/549/449 451/550/449 447/545/449
f 447/545/450 451/550/450 449/551/450 445/546/450
s 1
f 450/547/447 454/552/451 456/553/452 452/548/448
s 0
f 452/549/453 456/554/453 455/555/453 451/550/453
f 451/550/454 455/555/454 453/556/454 449/551/454
s 1
f 454/552/451 458/557/455 460/558/456 456/553/452
s 0
f 456/554/457 460/559/457 459/560/457 455/555/457
f 455/555/458 459/560/458 457/561/458 453/556/458
s 1
f 458/557/455 462/562/459 464/563/460 460/558/456
s 0
f 460/559/461 464/564/461 463/565/461 459/560/461
f 459/560/462 463/565/462 461/566/462 457/561/462
s 1
f 462/562/459 466/567/463 468/568/464 464/563/460
s 0
f 464/564/465 468/569/465 467/570/465 463/565/465
f 463/565/466 467/570/466 465/571/466 461/566/466
s 1
f 466/567/463 470/572/467 472/573/468 468/568/464
s 0
f 468/569/469 472/574/469 471/575/469 467/570/469
f 467/570/470 471/575/470 469/576/470 465/571/470
s 1
f 470/572/467 474/577/471 476/578/472 472/573/468
s 0
f 472/574/473 476/579/473 475/580/473 471/575/473
f 471/575/474 475/580/474 473/581/474 469/576/474
s 1
f 474/577/471 478/582/475 480/583/476 476/578/472
s 0
f 476/579/477 480/584/477 479/585/477 475/580/477
f 475/580/478 479/585/478 477/586/478 473/581/478
s 1
f 478/582/475 482/587/479 484/588/480 480/583/476
s 0
f 480/584/481 484/589/481 483/590/481 479/585/481
f 479/585/482 483/590/482 481/591/482 477/586/482
s 1
f 482/587/479 486/592/483 488/593/484 484/588/480
s 0
f 484/589/485 488/594/485 487/595/485 483/590/485
f 483/590/486 487/595/486 485/596/486 481/591/486
s 1
f 486/597/483 490/598/487 492/599/488 488/600/484
s 0
f 488/594/489 492/601/489 491/602/489 487/595/489
f 487/595/490 491/602/490 489/603/490 485/596/490
s 1
f 490/598/487 494/604/491 496/605/492 492/599/488
s 0
f 492/601/493 496/606/493 495/607/493 491/602/493
f 491/602/494 495/607/494 493/608/494 489/603/494
s 1
f 494/604/491 498/609/495 500/610/496 496/605/492
s 0
f 496/606/497 500/611/497 499/612/497 495/607/497
f 495/607/498 499/612/498 497/613/498 493/608/498
s 1
f 498/609/495 502/614/499 504/615/500 500/610/496
s 0
f 500/611/501 504/616/501 503/617/501 499/612/501
f 499/612/502 503/617/502 501/618/502 497/613/502
s 1
f 502/614/499 506/619/503 508/620/504 504/615/500
s 0
f 504/616/505 508/621/505 507/622/505 503/617/505
f 503/617/506 507/622/506 505/623/506 501/618/506
s 1
f 506/619/503 510/624/507 512/625/508 508/620/504
s 0
f 508/621/509 512/626/509 511/627/509 507/622/509
f 507/622/510 511/627/510 509/628/510 505/623/510
s 1
f 510/624/507 514/629/511 516/630/512 512/625/508
s 0
f 512/626/513 516/631/513 515/632/513 511/627/513
f 511/627/514 515/632/514 513/633/514 509/628/514
s 1
f 514/629/511 518/634/515 520/635/516 516/630/512
s 0
f 516/631/517 520/636/517 519/637/517 515/632/517
f 515/632/518 519/637/518 517/638/518 513/633/518
s 1
f 518/634/515 522/639/519 524/640/520 520/635/516
s 0
f 520/636/521 524/641/521 523/642/521 519/637/521
f 519/637/522 523/642/522 521/643/522 517/638/522
s 1
f 522/639/519 526/644/523 528/645/524 524/640/520
s 0
f 524/641/525 528/646/525 527/647/525 523/642/525
f 523/642/526 527/647/526 525/648/526 521/643/526
s 1
f 526/644/523 530/649/527 532/650/528 528/645/524
s 0
f 528/646/529 532/651/529 531/652/529 527/647/529
f 527/647/530 531/652/530 529/653/530 525/648/530
s 1
f 530/649/527 534/654/531 536/655/532 532/650/528
s 0
f 532/651/533 536/656/533 535/657/533 531/652/533
f 531/652/534 535/657/534 533/658/534 529/653/534
s 1
f 534/654/531 538/659/535 540/660/536 536/655/532
s 0
f 536/656/537 540/661/537 539/662/537 535/657/537
f 535/657/538 539/662/538 537/663/538 533/658/538
s 1
f 538/659/535 542/664/539 544/665/540 540/660/536
s 0
f 540/661/541 544/666/541 543/667/541 539/662/541
f 539/662/542 543/667/542 541/668/542 537/663/542
s 1
f 542/669/539 546/670/543 548/671/544 544/672/540
s 0
f 544/666/545 548/673/545 547/674/545 543/667/545
f 543/667/546 547/674/546 545/675/546 541/668/546
s 1
f 546/670/543 550/676/547 552/677/548 548/671/544
s 0
f 548/673/549 552/678/549 551/679/549 547/674/549
f 547/674/550 551/679/550 549/680/550 545/675/550
s 1
f 550/676/547 554/681/551 556/682/552 552/677/548
s 0
f 552/678/553 556/683/553 555/684/553 551/679/553
f 551/679/554 555/684/554 553/685/554 549/680/554
s 1
f 554/681/551 558/686/555 560/687/556 556/682/552
s 0
f 556/683/557 560/688/557 559/689/557 555/684/557
f 555/684/558 559/689/558 557/690/558 553/685/558
s 1
f 558/686/555 562/691/559 564/692/560 560/687/556
s 0
f 560/688/561 564/693/561 563/694/561 559/689/561
f 559/689/562 563/694/562 561/695/562 557/690/562
s 1
f 562/691/559 566/696/563 568/697/564 564/692/560
s 0
f 564/693/565 568/698/565 567/699/565 563/694/565
f 563/694/566 567/699/566 565/700/566 561/695/566
s 1
f 566/696/563 570/701/567 572/702/568 568/697/564
s 0
f 568/698/569 572/703/569 571/704/569 567/699/569
f 567/699/570 571/704/570 569/705/570 565/700/570
s 1
f 570/701/567 574/706/571 576/707/572 572/702/568
s 0
f 572/703/573 576/708/573 575/709/573 571/704/573
f 571/704/574 575/709/574 573/710/574 569/705/574
s 1
f 574/706/571 578/711/575 580/712/576 576/707/572
s 0
f 576/708/577 580/713/577 579/714/577 575/709/577
f 575/709/578 579/714/578 577/715/578 573/710/578
s 1
f 578/711/575 582/716/579 584/717/580 580/712/576
s 0
f 580/713/581 584/718/581 583/719/581 579/714/581
f 579/714/582 583/719/582 581/720/582 577/715/582
s 1
f 582/716/579 586/721/583 588/722/584 584/717/580
s 0
f 584/718/585 588/723/585 587/724/585 583/719/585
f 583/719/586 587/724/586 585/725/586 581/720/586
s 1
f 586/721/583 590/726/587 592/727/588 588/722/584
s 0
f 588/723/589 592/728/589 591/729/589 587/724/589
f 587/724/590 591/729/590 589/730/590 585/725/590
s 1
f 590/726/587 594/731/591 596/732/592 592/727/588
s 0
f 592/728/593 596/733/593 595/734/593 591/729/593
f 591/729/594 595/734/594 593/735/594 589/730/594
s 1
f 594/731/591 598/736/595 600/737/596 596/732/592
s 0
f 596/733/597 600/738/597 599/739/597 595/734/597
f 595/734/598 599/739/598 597/740/598 593/735/598
s 1
f 598/736/595 602/741/599 604/742/600 600/737/596
s 0
f 600/738/601 604/743/601 603/744/601 599/739/601
f 599/739/602 603/744/602 601/745/602 597/740/602
s 1
f 602/741/599 606/746/603 608/747/604 604/742/600
s 0
f 604/743/605 608/748/605 607/749/605 603/744/605
f 603/744/606 607/749/606 605/750/606 601/745/606
s 1
f 606/746/603 610/751/607 612/752/608 608/747/604
s 0
f 608/748/609 612/753/609 611/754/609 607/749/609
f 607/749/610 611/754/610 609/755/610 605/750/610
s 1
f 610/751/607 614/756/611 616/757/612 612/752/608
s 0
f 612/753/613 616/758/613 615/759/613 611/754/613
f 611/754/614 615/759/614 613/760/614 609/755/614
s 1
f 614/761/611 618/762/615 620/763/616 616/764/612
s 0
f 616/758/617 620/765/617 619/766/617 615/759/617
f 615/759/618 619/766/618 617/767/618 613/760/618
s 1
f 618/762/615 622/768/619 624/769/620 620/763/616
s 0
f 620/765/621 624/770/621 623/771/621 619/766/621
f 619/766/622 623/771/622 621/772/622 617/767/622
s 1
f 622/768/619 626/773/623 628/774/624 624/769/620
s 0
f 624/770/625 628/775/625 627/776/625 623/771/625
f 623/771/626 627/776/626 625/777/626 621/772/626
s 1
f 626/773/623 630/778/627 632/779/628 628/774/624
s 0
f 628/775/629 632/780/629 631/781/629 627/776/629
f 627/776/630 631/781/630 629/782/630 625/777/630
s 1
f 630/778/627 634/783/631 636/784/632 632/779/628
s 0
f 632/780/633 636/785/633 635/786/633 631/781/633
f 631/781/634 635/786/634 633/787/634 629/782/634
s 1
f 634/783/631 638/788/635 640/789/636 636/784/632
s 0
f 636/785/637 640/790/637 639/791/637 635/786/637
f 635/786/638 639/791/638 637/792/638 633/787/638
f 385/474/639 637/792/639 639/791/639 387/472/639
f 387/472/640 639/791/640 640/790/640 388/469/640
s 1
f 388/468/388 640/789/636 638/788/635 386/465/385
f 381/138/130 130/137/129 1/1/1 64/135/127
s 0
f 382/145/641 378/147/641 374/152/641 370/157/641 366/162/641 362/167/641 358/172/641 354/177/641 350/184/641 346/189/641 342/194/641 338/199/641 334/204/641 330/209/641 326/214/641 322/219/641 318/224/641 314/229/641 310/234/641 306/239/641 302/244/641 298/249/641 294/254/641 290/259/641 286/264/641 282/269/641 278/276/641 274/281/641 270/286/641 266/291/641 262/296/641 258/301/641 254/306/641 250/311/641 246/316/641 242/321/641 238/326/641 234/331/641 230/336/641 226/341/641 222/348/641 218/353/641 214/358/641 210/363/641 206/368/641 202/373/641 198/378/641 194/383/641 190/388/641 186/393/641 182/398/641 178/403/641 174/408/641 170/413/641 166/418/641 162/423/641 158/428/641 154/433/641 150/440/641 146/445/641 142/450/641 138/455/641 134/460/641 129/146/641
s 1
f 130/137/129 133/464/382 2/2/2 1/1/1
f 133/464/382 137/459/378 3/5/5 2/2/2
f 137/459/378 141/454/374 4/7/7 3/5/5
f 141/454/374 145/449/370 5/9/9 4/7/7
f 145/449/370 149/444/366 6/11/11 5/9/9
f 149/444/366 153/439/362 7/13/13 6/11/11
f 153/439/362 157/438/358 8/15/15 7/13/13
f 157/432/358 161/427/354 9/18/17 8/17/15
f 161/427/354 165/422/350 10/21/19 9/18/17
f 165/422/350 169/417/346 11/23/21 10/21/19
f 169/417/346 173/412/342 12/25/23 11/23/21
f 173/412/342 177/407/338 13/27/25 12/25/23
f 177/407/338 181/402/334 14/29/27 13/27/25
f 181/402/334 185/397/330 15/31/29 14/29/27
f 185/397/330 189/392/326 16/33/31 15/31/29
f 189/392/326 193/387/322 17/35/33 16/33/31
f 193/387/322 197/382/318 18/37/35 17/35/33
f 197/382/318 201/377/314 19/39/37 18/37/35
f 201/377/314 205/372/310 20/41/39 19/39/37
f 205/372/310 209/367/306 21/43/41 20/41/39
f 209/367/306 213/362/302 22/45/43 21/43/41
f 213/362/302 217/357/298 23/47/45 22/45/43
f 217/357/298 221/352/294 24/49/47 23/47/45
f 221/352/294 225/347/290 25/51/49 24/49/47
f 225/347/290 229/346/286 26/53/51 25/51/49
f 229/340/286 233/335/282 27/56/53 26/55/51
f 233/335/282 237/330/278 28/59/55 27/56/53
f 237/330/278 241/325/274 29/61/57 28/59/55
f 241/325/274 245/320/270 30/63/59 29/61/57
f 245/320/270 249/315/266 31/65/61 30/63/59
f 249/315/266 253/310/262 32/67/63 31/65/61
f 253/310/262 257/305/258 33/69/65 32/67/63
f 257/305/258 261/300/254 34/71/67 33/69/65
f 261/300/254 265/295/250 35/73/69 34/71/67
f 265/295/250 269/290/246 36/75/71 35/73/69
f 269/290/246 273/285/242 37/77/73 36/75/71
f 273/285/242 277/280/238 38/79/75 37/77/73
f 277/280/238 281/275/234 39/81/77 38/79/75
f 281/275/234 285/274/230 40/83/79 39/81/77
f 285/268/230 289/263/226 41/86/81 40/85/79
f 289/263/226 293/258/222 42/89/83 41/86/81
f 293/258/222 297/253/218 43/91/85 42/89/83
f 297/253/218 301/248/214 44/93/87 43/91/85
f 301/248/214 305/243/210 45/95/89 44/93/87
f 305/243/210 309/238/206 46/97/91 45/95/89
f 309/238/206 313/233/202 47/99/93 46/97/91
f 313/233/202 317/228/198 48/101/95 47/99/93
f 317/228/198 321/223/194 49/103/97 48/101/95
f 321/223/194 325/218/190 50/105/99 49/103/97
f 325/218/190 329/213/186 51/107/101 50/105/99
f 329/213/186 333/208/182 52/109/103 51/107/101
f 333/208/182 337/203/178 53/111/105 52/109/103
f 337/203/178 341/198/174 54/113/107 53/111/105
f 341/198/174 345/193/170 55/115/109 54/113/107
f 345/193/170 349/188/166 56/117/111 55/115/109
f 349/188/166 353/183/162 57/119/113 56/117/111
f 353/183/162 357/182/158 58/121/115 57/119/113
f 357/176/158 361/171/154 59/124/117 58/123/115
f 361/171/154 365/166/150 60/127/119 59/124/117
f 365/166/150 369/161/146 61/129/121 60/127/119
f 369/161/146 373/156/142 62/131/123 61/129/121
f 373/156/142 377/151/138 63/133/125 62/131/123
f 377/151/138 381/138/130 64/135/127 63/133/125
f 128/136/128 65/4/4 386/465/385 638/788/635
f 65/4/4 66/3/3 390/466/386 386/465/385
s 0
f 385/474/642 389/473/642 393/479/642 397/484/642 401/489/642 405/494/642 409/499/642 413/504/642 417/511/642 421/516/642 425/521/642 429/526/642 433/531/642 437/536/642 441/541/642 445/546/642 449/551/642 453/556/642 457/561/642 461/566/642 465/571/642 469/576/642 473/581/642 477/586/642 481/591/642 485/596/642 489/603/642 493/608/642 497/613/642 501/618/642 505/623/642 509/628/642 513/633/642 517/638/642 521/643/642 525/648/642 529/653/642 533/658/642 537/663/642 541/668/642 545/675/642 549/680/642 553/685/642 557/690/642 561/695/642 565/700/642 569/705/642 573/710/642 577/715/642 581/720/642 585/725/642 589/730/642 593/735/642 597/740/642 601/745/642 605/750/642 609/755/642 613/760/642 617/767/642 621/772/642 625/777/642 629/782/642 633/787/642 637/792/642
s 1
f 66/3/3 67/6/6 394/475/391 390/466/386
f 67/6/6 68/8/8 398/480/395 394/475/391
f 68/8/8 69/10/10 402/485/399 398/480/395
f 69/10/10 70/12/12 406/490/403 402/485/399
f 70/12/12 71/14/14 410/495/407 406/490/403
f 71/14/14 72/16/16 414/500/411 410/495/407
f 72/20/16 73/19/18 418/506/415 414/505/411
f 73/19/18 74/22/20 422/512/419 418/506/415
f 74/22/20 75/24/22 426/517/423 422/512/419
f 75/24/22 76/26/24 430/522/427 426/517/423
f 76/26/24 77/28/26 434/527/431 430/522/427
f 77/28/26 78/30/28 438/532/435 434/527/431
f 78/30/28 79/32/30 442/537/439 438/532/435
f 79/32/30 80/34/32 446/542/443 442/537/439
f 80/34/32 81/36/34 450/547/447 446/542/443
f 81/36/34 82/38/36 454/552/451 450/547/447
f 82/38/36 83/40/38 458/557/455 454/552/451
f 83/40/38 84/42/40 462/562/459 458/557/455
f 84/42/40 85/44/42 466/567/463 462/562/459
f 85/44/42 86/46/44 470/572/467 466/567/463
f 86/46/44 87/48/46 474/577/471 470/572/467
f 87/48/46 88/50/48 478/582/475 474/577/471
f 88/50/48 89/52/50 482/587/479 478/582/475
f 89/52/50 90/54/52 486/592/483 482/587/479
f 90/58/52 91/57/54 490/598/487 486/597/483
f 91/57/54 92/60/56 494/604/491 490/598/487
f 92/60/56 93/62/58 498/609/495 494/604/491
f 93/62/58 94/64/60 502/614/499 498/609/495
f 94/64/60 95/66/62 506/619/503 502/614/499
f 95/66/62 96/68/64 510/624/507 506/619/503
f 96/68/64 97/70/66 514/629/511 510/624/507
f 97/70/66 98/72/68 518/634/515 514/629/511
f 98/72/68 99/74/70 522/639/519 518/634/515
f 99/74/70 100/76/72 526/644/523 522/639/519
f 100/76/72 101/78/74 530/649/527 526/644/523
f 101/78/74 102/80/76 534/654/531 530/649/527
f 102/80/76 103/82/78 538/659/535 534/654/531
f 103/82/78 104/84/80 542/664/539 538/659/535
f 104/88/80 105/87/82 546/670/543 542/669/539
f 105/87/82 106/90/84 550/676/547 546/670/543
f 106/90/84 107/92/86 554/681/551 550/676/547
f 107/92/86 108/94/88 558/686/555 554/681/551
f 108/94/88 109/96/90 562/691/559 558/686/555
f 109/96/90 110/98/92 566/696/563 562/691/559
f 110/98/92 111/100/94 570/701/567 566/696/563
f 111/100/94 112/102/96 574/706/571 570/701/567
f 112/102/96 113/104/98 578/711/575 574/706/571
f 113/104/98 114/106/100 582/716/579 578/711/575
f 114/106/100 115/108/102 586/721/583 582/716/579
f 115/108/102 116/110/104 590/726/587 586/721/583
f 116/110/104 117/112/106 594/731/591 590/726/587
f 117/112/106 118/114/108 598/736/595 594/731/591
f 118/114/108 119/116/110 602/741/599 598/736/595
f 119/116/110 120/118/112 606/746/603 602/741/599
f 120/118/112 121/120/114 610/751/607 606/746/603
f 121/120/114 122/122/116 614/756/611 610/751/607
f 122/126/116 123/125/118 618/762/615 614/761/611
f 123/125/118 124/128/120 622/768/619 618/762/615
f 124/128/120 125/130/122 626/773/623 622/768/619
f 125/130/122 126/132/124 630/778/627 626/773/623
f 126/132/124 127/134/126 634/783/631 630/778/627
f 127/134/126 128/136/128 638/788/635 634/783/631
o Moulded_rubber_grip.001
v 0.455000 0.014162 -0.017962
v 0.454942 0.012294 -0.018084
v 0.454769 0.010923 -0.018173
v 0.454481 0.009710 -0.018252
v 0.454079 0.008609 -0.018323
v 0.453565 0.007601 -0.018389
v 0.452941 0.006679 -0.018449
v 0.452208 0.005842 -0.018504
v 0.451368 0.005087 -0.018553
v 0.450423 0.004416 -0.018596
v 0.449373 0.003831 -0.018634
v 0.448219 0.003333 -0.018667
v 0.446956 0.002922 -0.018694
v 0.445576 0.002602 -0.018714
v 0.444058 0.002372 -0.018729
v 0.442340 0.002234 -0.018738
v 0.440000 0.002187 -0.018741
v 0.437660 0.002234 -0.018738
v 0.435942 0.002372 -0.018729
v 0.434424 0.002602 -0.018714
v 0.433044 0.002922 -0.018694
v 0.431781 0.003333 -0.018667
v 0.430627 0.003831 -0.018634
v 0.429577 0.004416 -0.018596
v 0.428632 0.005087 -0.018553
v 0.427792 0.005842 -0.018504
v 0.427059 0.006679 -0.018449
v 0.426435 0.007601 -0.018389
v 0.425921 0.008609 -0.018323
v 0.425519 0.009710 -0.018252
v 0.425231 0.010923 -0.018173
v 0.425058 0.012294 -0.018084
v 0.425000 0.014162 -0.017962
v 0.425058 0.016030 -0.017840
v 0.425231 0.017401 -0.017751
v 0.425519 0.018614 -0.017672
v 0.425921 0.019715 -0.017601
v 0.426435 0.020723 -0.017535
v 0.427059 0.021645 -0.017475
v 0.427792 0.022483 -0.017420
v 0.428632 0.023237 -0.017371
v 0.429577 0.023908 -0.017328
v 0.430627 0.024493 -0.017290
v 0.431781 0.024992 -0.017257
v 0.433044 0.025402 -0.017230
v 0.434424 0.025722 -0.017210
v 0.435942 0.025952 -0.017195
v 0.437660 0.026091 -0.017186
v 0.440000 0.026137 -0.017183
v 0.442340 0.026091 -0.017186
v 0.444058 0.025952 -0.017195
v 0.445576 0.025722 -0.017210
v 0.446956 0.025402 -0.017230
v 0.448219 0.024992 -0.017257
v 0.449373 0.024493 -0.017290
v 0.450423 0.023908 -0.017328
v 0.451368 0.023237 -0.017371
v 0.452208 0.022483 -0.017420
v 0.452941 0.021645 -0.017475
v 0.453565 0.020723 -0.017535
v 0.454079 0.019715 -0.017601
v 0.454481 0.018614 -0.017672
v 0.454769 0.017401 -0.017751
v 0.454942 0.016030 -0.017840
v 0.453000 0.016565 -0.054884
v 0.452946 0.014776 -0.055000
v 0.452784 0.013461 -0.055086
v 0.452516 0.012299 -0.055162
v 0.452141 0.011244 -0.055230
v 0.451661 0.010278 -0.055293
v 0.451078 0.009395 -0.055351
v 0.450394 0.008592 -0.055403
v 0.449610 0.007868 -0.055450
v 0.448728 0.007226 -0.055492
v 0.447748 0.006665 -0.055528
v 0.446671 0.006187 -0.055559
v 0.445492 0.005794 -0.055585
v 0.444205 0.005487 -0.055605
v 0.442787 0.005266 -0.055619
v 0.441184 0.005134 -0.055628
v 0.439000 0.005090 -0.055631
v 0.436816 0.005134 -0.055628
v 0.435213 0.005266 -0.055619
v 0.433795 0.005487 -0.055605
v 0.432508 0.005794 -0.055585
v 0.431329 0.006187 -0.055559
v 0.430252 0.006665 -0.055528
v 0.429272 0.007226 -0.055492
v 0.428390 0.007868 -0.055450
v 0.427606 0.008592 -0.055403
v 0.426922 0.009395 -0.055351
v 0.426339 0.010278 -0.055293
v 0.425859 0.011244 -0.055230
v 0.425484 0.012299 -0.055162
v 0.425216 0.013461 -0.055086
v 0.425054 0.014776 -0.055000
v 0.425000 0.016565 -0.054884
v 0.425054 0.018355 -0.054767
v 0.425216 0.019670 -0.054682
v 0.425484 0.020832 -0.054606
v 0.425859 0.021887 -0.054537
v 0.426339 0.022853 -0.054475
v 0.426922 0.023736 -0.054417
v 0.427606 0.024539 -0.054365
v 0.428390 0.025262 -0.054318
v 0.429272 0.025905 -0.054276
v 0.430252 0.026466 -0.054239
v 0.431329 0.026944 -0.054208
v 0.432508 0.027337 -0.054183
v 0.433795 0.027644 -0.054163
v 0.435213 0.027864 -0.054148
v 0.436816 0.027997 -0.054140
v 0.439000 0.028041 -0.054137
v 0.441184 0.027997 -0.054140
v 0.442787 0.027864 -0.054148
v 0.444205 0.027644 -0.054163
v 0.445492 0.027337 -0.054183
v 0.446671 0.026944 -0.054208
v 0.447748 0.026466 -0.054239
v 0.448728 0.025905 -0.054276
v 0.449610 0.025262 -0.054318
v 0.450394 0.024539 -0.054365
v 0.451078 0.023736 -0.054417
v 0.451661 0.022853 -0.054475
v 0.452141 0.021887 -0.054537
v 0.452516 0.020832 -0.054606
v 0.452784 0.019670 -0.054682
v 0.452946 0.018355 -0.054767
v 0.450500 0.020787 -0.119747
v 0.450452 0.019153 -0.119853
v 0.450307 0.017953 -0.119931
v 0.450068 0.016892 -0.120000
v 0.449733 0.015928 -0.120063
v 0.449305 0.015047 -0.120120
v 0.448784 0.014240 -0.120173
v 0.448173 0.013507 -0.120220
v 0.447473 0.012847 -0.120263
v 0.446686 0.012260 -0.120302
v 0.445811 0.011748 -0.120335
v 0.444849 0.011312 -0.120363
v 0.443797 0.010953 -0.120387
v 0.442647 0.010672 -0.120405
v 0.441381 0.010471 -0.120418
v 0.439950 0.010350 -0.120426
v 0.438000 0.010310 -0.120429
v 0.436050 0.010350 -0.120426
v 0.434619 0.010471 -0.120418
v 0.433353 0.010672 -0.120405
v 0.432203 0.010953 -0.120387
v 0.431151 0.011312 -0.120363
v 0.430189 0.011748 -0.120335
v 0.429314 0.012260 -0.120302
v 0.428527 0.012847 -0.120263
v 0.427827 0.013507 -0.120220
v 0.427216 0.014240 -0.120173
v 0.426695 0.015047 -0.120120
v 0.426267 0.015928 -0.120063
v 0.425932 0.016892 -0.120000
v 0.425693 0.017953 -0.119931
v 0.425548 0.019153 -0.119853
v 0.425500 0.020787 -0.119747
v 0.425548 0.022422 -0.119640
v 0.425693 0.023622 -0.119562
v 0.425932 0.024683 -0.119493
v 0.426267 0.025646 -0.119430
v 0.426695 0.026528 -0.119373
v 0.427216 0.027335 -0.119320
v 0.427827 0.028068 -0.119273
v 0.428527 0.028728 -0.119230
v 0.429314 0.029315 -0.119192
v 0.430189 0.029827 -0.119158
v 0.431151 0.030263 -0.119130
v 0.432203 0.030622 -0.119106
v 0.433353 0.030903 -0.119088
v 0.434619 0.031104 -0.119075
v 0.436050 0.031225 -0.119067
v 0.438000 0.031265 -0.119065
v 0.439950 0.031225 -0.119067
v 0.441381 0.031104 -0.119075
v 0.442647 0.030903 -0.119088
v 0.443797 0.030622 -0.119106
v 0.444849 0.030263 -0.119130
v 0.445811 0.029827 -0.119158
v 0.446686 0.029315 -0.119192
v 0.447473 0.028728 -0.119230
v 0.448173 0.028068 -0.119273
v 0.448784 0.027335 -0.119320
v 0.449305 0.026528 -0.119373
v 0.449733 0.025646 -0.119430
v 0.450068 0.024683 -0.119493
v 0.450307 0.023622 -0.119562
v 0.450452 0.022422 -0.119640
v 0.451000 0.023126 -0.155671
v 0.450958 0.021725 -0.155762
v 0.450831 0.020696 -0.155829
v 0.450619 0.019787 -0.155888
v 0.450325 0.018961 -0.155942
v 0.449948 0.018205 -0.155991
v 0.449490 0.017514 -0.156036
v 0.448952 0.016885 -0.156077
v 0.448336 0.016319 -0.156114
v 0.447643 0.015817 -0.156146
v 0.446874 0.015378 -0.156175
v 0.446027 0.015004 -0.156199
v 0.445101 0.014696 -0.156219
v 0.444089 0.014456 -0.156235
v 0.442976 0.014283 -0.156246
v 0.441716 0.014179 -0.156253
v 0.440000 0.014145 -0.156255
v 0.438284 0.014179 -0.156253
v 0.437024 0.014283 -0.156246
v 0.435911 0.014456 -0.156235
v 0.434899 0.014696 -0.156219
v 0.433973 0.015004 -0.156199
v 0.433126 0.015378 -0.156175
v 0.432357 0.015817 -0.156146
v 0.431664 0.016319 -0.156114
v 0.431048 0.016885 -0.156077
v 0.430510 0.017514 -0.156036
v 0.430052 0.018205 -0.155991
v 0.429675 0.018961 -0.155942
v 0.429381 0.019787 -0.155888
v 0.429169 0.020696 -0.155829
v 0.429042 0.021725 -0.155762
v 0.429000 0.023126 -0.155671
v 0.429042 0.024527 -0.155579
v 0.429169 0.025555 -0.155512
v 0.429381 0.026465 -0.155453
v 0.429675 0.027291 -0.155399
v 0.430052 0.028047 -0.155350
v 0.430510 0.028738 -0.155305
v 0.431048 0.029366 -0.155264
v 0.431664 0.029932 -0.155228
v 0.432357 0.030435 -0.155195
v 0.433126 0.030874 -0.155166
v 0.433973 0.031248 -0.155142
v 0.434899 0.031556 -0.155122
v 0.435911 0.031796 -0.155106
v 0.437024 0.031968 -0.155095
v 0.438284 0.032072 -0.155088
v 0.440000 0.032107 -0.155086
v 0.441716 0.032072 -0.155088
v 0.442976 0.031968 -0.155095
v 0.444089 0.031796 -0.155106
v 0.445101 0.031556 -0.155122
v 0.446027 0.031248 -0.155142
v 0.446874 0.030874 -0.155166
v 0.447643 0.030435 -0.155195
v 0.448336 0.029932 -0.155228
v 0.448952 0.029366 -0.155264
v 0.449490 0.028738 -0.155305
v 0.449948 0.028047 -0.155350
v 0.450325 0.027291 -0.155399
v 0.450619 0.026465 -0.155453
v 0.450831 0.025555 -0.155512
v 0.450958 0.024527 -0.155579
v 0.451400 0.013123 -0.001996
v 0.452427 0.013151 -0.002422
v 0.451757 0.013127 -0.002053
v 0.452133 0.013137 -0.002209
v 0.452380 0.011544 -0.002527
v 0.451355 0.011611 -0.002094
v 0.452086 0.011561 -0.002312
v 0.451711 0.011586 -0.002153
v 0.452237 0.010365 -0.002604
v 0.451223 0.010526 -0.002165
v 0.451947 0.010408 -0.002387
v 0.451576 0.010467 -0.002226
v 0.451999 0.009322 -0.002673
v 0.451007 0.009579 -0.002226
v 0.451715 0.009390 -0.002454
v 0.451352 0.009484 -0.002290
v 0.451668 0.008374 -0.002737
v 0.450709 0.008726 -0.002282
v 0.451391 0.008465 -0.002515
v 0.451040 0.008594 -0.002348
v 0.451244 0.007506 -0.002796
v 0.450329 0.007951 -0.002332
v 0.450978 0.007620 -0.002571
v 0.450643 0.007783 -0.002402
v 0.450729 0.006712 -0.002850
v 0.449869 0.007244 -0.002378
v 0.450476 0.006847 -0.002623
v 0.450162 0.007042 -0.002450
v 0.450124 0.005989 -0.002901
v 0.449330 0.006601 -0.002420
v 0.449887 0.006144 -0.002670
v 0.449596 0.006368 -0.002495
v 0.449431 0.005337 -0.002947
v 0.448709 0.006021 -0.002458
v 0.449211 0.005510 -0.002714
v 0.448947 0.005761 -0.002535
v 0.448650 0.004758 -0.002989
v 0.448008 0.005502 -0.002492
v 0.448450 0.004947 -0.002753
v 0.448215 0.005219 -0.002570
v 0.447781 0.004251 -0.003027
v 0.447224 0.005047 -0.002521
v 0.447603 0.004454 -0.002787
v 0.447399 0.004745 -0.002602
v 0.446825 0.003819 -0.003059
v 0.446355 0.004656 -0.002547
v 0.446671 0.004033 -0.002816
v 0.446498 0.004340 -0.002629
v 0.445778 0.003463 -0.003086
v 0.445397 0.004332 -0.002568
v 0.445649 0.003687 -0.002841
v 0.445510 0.004005 -0.002651
v 0.444634 0.003184 -0.003108
v 0.444343 0.004077 -0.002585
v 0.444532 0.003415 -0.002860
v 0.444425 0.003742 -0.002669
v 0.443372 0.002984 -0.003123
v 0.443174 0.003892 -0.002597
v 0.443300 0.003221 -0.002874
v 0.443227 0.003553 -0.002681
v 0.441945 0.002864 -0.003133
v 0.441840 0.003781 -0.002604
v 0.441904 0.003103 -0.002882
v 0.441866 0.003439 -0.002689
v 0.440000 0.002824 -0.003136
v 0.440000 0.003743 -0.002606
v 0.440000 0.003064 -0.002885
v 0.440000 0.003400 -0.002692
v 0.438055 0.002864 -0.003133
v 0.438160 0.003781 -0.002604
v 0.438096 0.003103 -0.002882
v 0.438134 0.003439 -0.002689
v 0.436628 0.002984 -0.003123
v 0.436826 0.003892 -0.002597
v 0.436700 0.003221 -0.002874
v 0.436773 0.003553 -0.002681
v 0.435366 0.003184 -0.003108
v 0.435657 0.004077 -0.002585
v 0.435468 0.003415 -0.002860
v 0.435575 0.003742 -0.002669
v 0.434222 0.003463 -0.003086
v 0.434603 0.004332 -0.002568
v 0.434351 0.003687 -0.002841
v 0.434490 0.004005 -0.002651
v 0.433175 0.003819 -0.003059
v 0.433645 0.004656 -0.002547
v 0.433329 0.004033 -0.002816
v 0.433502 0.004340 -0.002629
v 0.432219 0.004251 -0.003027
v 0.432776 0.005047 -0.002521
v 0.432397 0.004454 -0.002787
v 0.432601 0.004745 -0.002602
v 0.431350 0.004758 -0.002989
v 0.431992 0.005502 -0.002492
v 0.431550 0.004947 -0.002753
v 0.431785 0.005219 -0.002570
v 0.430569 0.005337 -0.002947
v 0.431291 0.006021 -0.002458
v 0.430789 0.005510 -0.002714
v 0.431053 0.005761 -0.002535
v 0.429876 0.005989 -0.002901
v 0.430670 0.006601 -0.002420
v 0.430113 0.006144 -0.002670
v 0.430404 0.006368 -0.002495
v 0.429271 0.006712 -0.002850
v 0.430131 0.007244 -0.002378
v 0.429524 0.006847 -0.002623
v 0.429838 0.007042 -0.002450
v 0.428756 0.007506 -0.002796
v 0.429671 0.007951 -0.002332
v 0.429022 0.007620 -0.002571
v 0.429357 0.007783 -0.002402
v 0.428332 0.008374 -0.002737
v 0.429291 0.008726 -0.002282
v 0.428609 0.008465 -0.002515
v 0.428960 0.008594 -0.002348
v 0.428001 0.009322 -0.002673
v 0.428993 0.009579 -0.002226
v 0.428285 0.009390 -0.002454
v 0.428648 0.009484 -0.002290
v 0.427763 0.010365 -0.002604
v 0.428777 0.010526 -0.002165
v 0.428053 0.010408 -0.002387
v 0.428424 0.010467 -0.002226
v 0.427620 0.011544 -0.002527
v 0.428645 0.011611 -0.002094
v 0.427914 0.011561 -0.002312
v 0.428289 0.011586 -0.002153
v 0.427573 0.013151 -0.002422
v 0.428600 0.013123 -0.001996
v 0.427867 0.013137 -0.002209
v 0.428243 0.013127 -0.002053
v 0.427620 0.014757 -0.002318
v 0.428645 0.014634 -0.001897
v 0.427914 0.014712 -0.002106
v 0.428289 0.014667 -0.001953
v 0.427763 0.015937 -0.002242
v 0.428777 0.015720 -0.001827
v 0.428053 0.015866 -0.002032
v 0.428424 0.015786 -0.001880
v 0.428001 0.016980 -0.002175
v 0.428993 0.016667 -0.001765
v 0.428285 0.016884 -0.001966
v 0.428648 0.016769 -0.001816
v 0.428332 0.017928 -0.002115
v 0.429291 0.017519 -0.001710
v 0.428609 0.017808 -0.001907
v 0.428960 0.017659 -0.001758
v 0.428756 0.018796 -0.002061
v 0.429671 0.018295 -0.001659
v 0.429022 0.018654 -0.001853
v 0.429357 0.018470 -0.001706
v 0.429271 0.019591 -0.002012
v 0.430131 0.019002 -0.001613
v 0.429524 0.019427 -0.001804
v 0.429838 0.019211 -0.001658
v 0.429876 0.020314 -0.001969
v 0.430670 0.019644 -0.001571
v 0.430113 0.020130 -0.001760
v 0.430404 0.019885 -0.001615
v 0.430569 0.020966 -0.001930
v 0.431291 0.020225 -0.001533
v 0.430789 0.020764 -0.001721
v 0.431053 0.020493 -0.001576
v 0.431350 0.021546 -0.001897
v 0.431992 0.020743 -0.001500
v 0.431550 0.021328 -0.001686
v 0.431785 0.021034 -0.001541
v 0.432219 0.022054 -0.001868
v 0.432776 0.021199 -0.001470
v 0.432397 0.021821 -0.001656
v 0.432601 0.021509 -0.001511
v 0.433175 0.022486 -0.001844
v 0.433645 0.021590 -0.001445
v 0.433329 0.022242 -0.001631
v 0.433502 0.021914 -0.001485
v 0.434222 0.022843 -0.001825
v 0.434603 0.021914 -0.001424
v 0.434351 0.022589 -0.001610
v 0.434490 0.022249 -0.001464
v 0.435366 0.023122 -0.001810
v 0.435657 0.022169 -0.001407
v 0.435468 0.022860 -0.001594
v 0.435575 0.022512 -0.001447
v 0.436628 0.023322 -0.001799
v 0.436826 0.022353 -0.001395
v 0.436700 0.023055 -0.001583
v 0.436773 0.022701 -0.001435
v 0.438055 0.023443 -0.001793
v 0.438160 0.022465 -0.001388
v 0.438096 0.023173 -0.001576
v 0.438134 0.022815 -0.001428
v 0.440000 0.023483 -0.001791
v 0.440000 0.022503 -0.001385
v 0.440000 0.023212 -0.001574
v 0.440000 0.022853 -0.001425
v 0.441945 0.023443 -0.001793
v 0.441840 0.022465 -0.001388
v 0.441904 0.023173 -0.001576
v 0.441866 0.022815 -0.001428
v 0.443372 0.023322 -0.001799
v 0.443174 0.022353 -0.001395
v 0.443300 0.023055 -0.001583
v 0.443227 0.022701 -0.001435
v 0.444634 0.023122 -0.001810
v 0.444343 0.022169 -0.001407
v 0.444532 0.022860 -0.001594
v 0.444425 0.022512 -0.001447
v 0.445778 0.022843 -0.001825
v 0.445397 0.021914 -0.001424
v 0.445649 0.022589 -0.001610
v 0.445510 0.022249 -0.001464
v 0.446825 0.022486 -0.001844
v 0.446355 0.021590 -0.001445
v 0.446671 0.022242 -0.001631
v 0.446498 0.021914 -0.001485
v 0.447781 0.022054 -0.001868
v 0.447224 0.021199 -0.001470
v 0.447603 0.021821 -0.001656
v 0.447399 0.021509 -0.001511
v 0.448650 0.021546 -0.001897
v 0.448008 0.020743 -0.001500
v 0.448450 0.021328 -0.001686
v 0.448215 0.021034 -0.001541
v 0.449431 0.020966 -0.001930
v 0.448709 0.020225 -0.001533
v 0.449211 0.020764 -0.001721
v 0.448947 0.020493 -0.001576
v 0.450124 0.020314 -0.001969
v 0.449330 0.019644 -0.001571
v 0.449887 0.020130 -0.001760
v 0.449596 0.019885 -0.001615
v 0.450729 0.019591 -0.002012
v 0.449869 0.019002 -0.001613
v 0.450476 0.019427 -0.001804
v 0.450162 0.019211 -0.001658
v 0.451244 0.018796 -0.002061
v 0.450329 0.018295 -0.001659
v 0.450978 0.018654 -0.001853
v 0.450643 0.018470 -0.001706
v 0.451668 0.017928 -0.002115
v 0.450709 0.017519 -0.001710
v 0.451391 0.017808 -0.001907
v 0.451040 0.017659 -0.001758
v 0.451999 0.016980 -0.002175
v 0.451007 0.016667 -0.001765
v 0.451715 0.016884 -0.001966
v 0.451352 0.016769 -0.001816
v 0.452237 0.015937 -0.002242
v 0.451223 0.015720 -0.001827
v 0.451947 0.015866 -0.002032
v 0.451576 0.015786 -0.001880
v 0.452380 0.014757 -0.002318
v 0.451355 0.014634 -0.001897
v 0.452086 0.014712 -0.002106
v 0.451711 0.014667 -0.001953
v 0.455950 0.013421 -0.006584
v 0.455572 0.013355 -0.005561
v 0.455918 0.013398 -0.006228
v 0.455779 0.013374 -0.005854
v 0.455512 0.011381 -0.005689
v 0.455889 0.011406 -0.006715
v 0.455719 0.011377 -0.005984
v 0.455856 0.011386 -0.006359
v 0.455332 0.009932 -0.005783
v 0.455705 0.009926 -0.006811
v 0.455536 0.009910 -0.006079
v 0.455673 0.009907 -0.006456
v 0.455032 0.008652 -0.005865
v 0.455398 0.008617 -0.006897
v 0.455233 0.008614 -0.006163
v 0.455367 0.008601 -0.006540
v 0.454613 0.007488 -0.005939
v 0.454971 0.007429 -0.006974
v 0.454809 0.007436 -0.006239
v 0.454940 0.007414 -0.006617
v 0.454078 0.006425 -0.006006
v 0.454425 0.006341 -0.007045
v 0.454268 0.006359 -0.006307
v 0.454395 0.006328 -0.006688
v 0.453427 0.005452 -0.006066
v 0.453761 0.005346 -0.007109
v 0.453610 0.005374 -0.006370
v 0.453732 0.005335 -0.006752
v 0.452663 0.004569 -0.006120
v 0.452981 0.004442 -0.007168
v 0.452837 0.004479 -0.006427
v 0.452953 0.004432 -0.006810
v 0.451789 0.003774 -0.006168
v 0.452088 0.003628 -0.007221
v 0.451952 0.003673 -0.006477
v 0.452062 0.003619 -0.006863
v 0.450806 0.003069 -0.006209
v 0.451083 0.002904 -0.007268
v 0.450957 0.002958 -0.006521
v 0.451058 0.002897 -0.006909
v 0.449715 0.002454 -0.006245
v 0.449967 0.002272 -0.007310
v 0.449852 0.002333 -0.006560
v 0.449944 0.002267 -0.006950
v 0.448516 0.001930 -0.006275
v 0.448739 0.001735 -0.007345
v 0.448638 0.001802 -0.006592
v 0.448719 0.001730 -0.006984
v 0.447206 0.001500 -0.006299
v 0.447397 0.001292 -0.007373
v 0.447310 0.001365 -0.006619
v 0.447380 0.001288 -0.007012
v 0.445776 0.001164 -0.006318
v 0.445930 0.000946 -0.007396
v 0.445859 0.001023 -0.006640
v 0.445916 0.000943 -0.007034
v 0.444202 0.000923 -0.006331
v 0.444315 0.000698 -0.007412
v 0.444263 0.000778 -0.006654
v 0.444305 0.000696 -0.007050
v 0.442423 0.000779 -0.006339
v 0.442488 0.000548 -0.007422
v 0.442458 0.000631 -0.006663
v 0.442482 0.000547 -0.007060
v 0.440000 0.000730 -0.006341
v 0.440000 0.000499 -0.007425
v 0.440000 0.000582 -0.006666
v 0.440000 0.000497 -0.007063
v 0.437577 0.000779 -0.006339
v 0.437512 0.000548 -0.007422
v 0.437542 0.000631 -0.006663
v 0.437518 0.000547 -0.007060
v 0.435798 0.000923 -0.006331
v 0.435685 0.000698 -0.007412
v 0.435737 0.000778 -0.006654
v 0.435695 0.000696 -0.007050
v 0.434224 0.001164 -0.006318
v 0.434070 0.000946 -0.007396
v 0.434141 0.001023 -0.006640
v 0.434084 0.000943 -0.007034
v 0.432794 0.001500 -0.006299
v 0.432603 0.001292 -0.007373
v 0.432690 0.001365 -0.006619
v 0.432620 0.001288 -0.007012
v 0.431484 0.001930 -0.006275
v 0.431261 0.001735 -0.007345
v 0.431362 0.001802 -0.006592
v 0.431281 0.001730 -0.006984
v 0.430285 0.002454 -0.006245
v 0.430033 0.002272 -0.007310
v 0.430148 0.002333 -0.006560
v 0.430056 0.002267 -0.006950
v 0.429194 0.003069 -0.006209
v 0.428917 0.002904 -0.007268
v 0.429043 0.002958 -0.006521
v 0.428942 0.002897 -0.006909
v 0.428211 0.003774 -0.006168
v 0.427912 0.003628 -0.007221
v 0.428048 0.003673 -0.006477
v 0.427938 0.003619 -0.006863
v 0.427337 0.004569 -0.006120
v 0.427019 0.004442 -0.007168
v 0.427163 0.004479 -0.006427
v 0.427047 0.004432 -0.006810
v 0.426573 0.005452 -0.006066
v 0.426239 0.005346 -0.007109
v 0.426390 0.005374 -0.006370
v 0.426268 0.005335 -0.006752
v 0.425922 0.006425 -0.006006
v 0.425575 0.006341 -0.007045
v 0.425732 0.006359 -0.006307
v 0.425605 0.006328 -0.006688
v 0.425387 0.007488 -0.005939
v 0.425029 0.007429 -0.006974
v 0.425191 0.007436 -0.006239
v 0.425060 0.007414 -0.006617
v 0.424968 0.008652 -0.005865
v 0.424602 0.008617 -0.006897
v 0.424767 0.008614 -0.006163
v 0.424633 0.008601 -0.006540
v 0.424668 0.009932 -0.005783
v 0.424295 0.009926 -0.006811
v 0.424464 0.009910 -0.006079
v 0.424327 0.009907 -0.006456
v 0.424488 0.011381 -0.005689
v 0.424111 0.011406 -0.006715
v 0.424281 0.011377 -0.005984
v 0.424144 0.011386 -0.006359
v 0.424428 0.013355 -0.005561
v 0.424050 0.013421 -0.006584
v 0.424221 0.013374 -0.005854
v 0.424082 0.013398 -0.006228
v 0.424488 0.015328 -0.005432
v 0.424111 0.015437 -0.006453
v 0.424281 0.015371 -0.005724
v 0.424144 0.015411 -0.006097
v 0.424668 0.016777 -0.005337
v 0.424295 0.016917 -0.006356
v 0.424464 0.016838 -0.005628
v 0.424327 0.016889 -0.006001
v 0.424968 0.018058 -0.005252
v 0.424602 0.018226 -0.006271
v 0.424767 0.018134 -0.005543
v 0.424633 0.018196 -0.005916
v 0.425387 0.019221 -0.005175
v 0.425029 0.019414 -0.006194
v 0.425191 0.019312 -0.005466
v 0.425060 0.019383 -0.005838
v 0.425922 0.020284 -0.005103
v 0.425575 0.020502 -0.006123
v 0.425732 0.020389 -0.005394
v 0.425605 0.020469 -0.005767
v 0.426573 0.021256 -0.005037
v 0.426239 0.021497 -0.006058
v 0.426390 0.021374 -0.005329
v 0.426268 0.021462 -0.005702
v 0.427337 0.022139 -0.004976
v 0.427019 0.022401 -0.005999
v 0.427163 0.022268 -0.005269
v 0.427047 0.022364 -0.005643
v 0.428211 0.022933 -0.004920
v 0.427912 0.023215 -0.005946
v 0.428048 0.023074 -0.005214
v 0.427938 0.023177 -0.005590
v 0.429194 0.023638 -0.004870
v 0.428917 0.023939 -0.005899
v 0.429043 0.023789 -0.005165
v 0.428942 0.023899 -0.005542
v 0.430285 0.024253 -0.004826
v 0.430033 0.024570 -0.005858
v 0.430148 0.024413 -0.005123
v 0.430056 0.024529 -0.005500
v 0.431484 0.024776 -0.004788
v 0.431261 0.025108 -0.005823
v 0.431362 0.024944 -0.005086
v 0.431281 0.025066 -0.005465
v 0.432794 0.025205 -0.004756
v 0.432603 0.025551 -0.005794
v 0.432690 0.025381 -0.005056
v 0.432620 0.025508 -0.005436
v 0.434224 0.025541 -0.004731
v 0.434070 0.025897 -0.005772
v 0.434141 0.025722 -0.005032
v 0.434084 0.025853 -0.005413
v 0.435798 0.025781 -0.004713
v 0.435685 0.026145 -0.005756
v 0.435737 0.025967 -0.005015
v 0.435695 0.026100 -0.005396
v 0.437577 0.025926 -0.004702
v 0.437512 0.026295 -0.005746
v 0.437542 0.026114 -0.005004
v 0.437518 0.026249 -0.005387
v 0.440000 0.025974 -0.004698
v 0.440000 0.026344 -0.005743
v 0.440000 0.026163 -0.005001
v 0.440000 0.026299 -0.005383
v 0.442423 0.025926 -0.004702
v 0.442488 0.026295 -0.005746
v 0.442458 0.026114 -0.005004
v 0.442482 0.026249 -0.005387
v 0.444202 0.025781 -0.004713
v 0.444315 0.026145 -0.005756
v 0.444263 0.025967 -0.005015
v 0.444305 0.026100 -0.005396
v 0.445776 0.025541 -0.004731
v 0.445930 0.025897 -0.005772
v 0.445859 0.025722 -0.005032
v 0.445916 0.025853 -0.005413
v 0.447206 0.025205 -0.004756
v 0.447397 0.025551 -0.005794
v 0.447310 0.025381 -0.005056
v 0.447380 0.025508 -0.005436
v 0.448516 0.024776 -0.004788
v 0.448739 0.025108 -0.005823
v 0.448638 0.024944 -0.005086
v 0.448719 0.025066 -0.005465
v 0.449715 0.024253 -0.004826
v 0.449967 0.024570 -0.005858
v 0.449852 0.024413 -0.005123
v 0.449944 0.024529 -0.005500
v 0.450806 0.023638 -0.004870
v 0.451083 0.023939 -0.005899
v 0.450957 0.023789 -0.005165
v 0.451058 0.023899 -0.005542
v 0.451789 0.022933 -0.004920
v 0.452088 0.023215 -0.005946
v 0.451952 0.023074 -0.005214
v 0.452062 0.023177 -0.005590
v 0.452663 0.022139 -0.004976
v 0.452981 0.022401 -0.005999
v 0.452837 0.022268 -0.005269
v 0.452953 0.022364 -0.005643
v 0.453427 0.021256 -0.005037
v 0.453761 0.021497 -0.006058
v 0.453610 0.021374 -0.005329
v 0.453732 0.021462 -0.005702
v 0.454078 0.020284 -0.005103
v 0.454425 0.020502 -0.006123
v 0.454268 0.020389 -0.005394
v 0.454395 0.020469 -0.005767
v 0.454613 0.019221 -0.005175
v 0.454971 0.019414 -0.006194
v 0.454809 0.019312 -0.005466
v 0.454940 0.019383 -0.005838
v 0.455032 0.018058 -0.005252
v 0.455398 0.018226 -0.006271
v 0.455233 0.018134 -0.005543
v 0.455367 0.018196 -0.005916
v 0.455332 0.016777 -0.005337
v 0.455705 0.016917 -0.006356
v 0.455536 0.016838 -0.005628
v 0.455673 0.016889 -0.006001
v 0.455512 0.015328 -0.005432
v 0.455889 0.015437 -0.006453
v 0.455719 0.015371 -0.005724
v 0.455856 0.015411 -0.006097
v 0.450400 0.023580 -0.162656
v 0.451000 0.023541 -0.162057
v 0.450700 0.023575 -0.162576
v 0.450920 0.023561 -0.162356
v 0.450359 0.022225 -0.162744
v 0.450958 0.022141 -0.162148
v 0.450658 0.022197 -0.162665
v 0.450877 0.022166 -0.162447
v 0.450239 0.021255 -0.162807
v 0.450831 0.021112 -0.162215
v 0.450535 0.021198 -0.162730
v 0.450751 0.021146 -0.162514
v 0.450043 0.020410 -0.162862
v 0.450619 0.020203 -0.162274
v 0.450331 0.020321 -0.162787
v 0.450542 0.020245 -0.162572
v 0.449772 0.019650 -0.162912
v 0.450325 0.019377 -0.162328
v 0.450048 0.019528 -0.162839
v 0.450251 0.019428 -0.162625
v 0.449427 0.018959 -0.162957
v 0.449948 0.018621 -0.162377
v 0.449688 0.018804 -0.162886
v 0.449878 0.018680 -0.162674
v 0.449010 0.018329 -0.162998
v 0.449490 0.017930 -0.162422
v 0.449250 0.018144 -0.162929
v 0.449426 0.017997 -0.162719
v 0.448520 0.017756 -0.163035
v 0.448952 0.017301 -0.162463
v 0.448736 0.017543 -0.162968
v 0.448894 0.017376 -0.162759
v 0.447956 0.017238 -0.163069
v 0.448336 0.016735 -0.162500
v 0.448146 0.017001 -0.163004
v 0.448285 0.016817 -0.162795
v 0.447317 0.016775 -0.163099
v 0.447643 0.016232 -0.162533
v 0.447480 0.016518 -0.163035
v 0.447600 0.016319 -0.162828
v 0.446603 0.016367 -0.163125
v 0.446874 0.015793 -0.162561
v 0.446738 0.016095 -0.163062
v 0.446837 0.015884 -0.162856
v 0.445810 0.016017 -0.163148
v 0.446027 0.015419 -0.162586
v 0.445919 0.015733 -0.163086
v 0.445998 0.015514 -0.162880
v 0.444936 0.015727 -0.163167
v 0.445101 0.015112 -0.162606
v 0.445019 0.015434 -0.163106
v 0.445079 0.015208 -0.162900
v 0.443974 0.015498 -0.163182
v 0.444089 0.014871 -0.162621
v 0.444031 0.015199 -0.163121
v 0.444074 0.014969 -0.162916
v 0.442905 0.015333 -0.163193
v 0.442976 0.014699 -0.162633
v 0.442940 0.015030 -0.163132
v 0.442966 0.014798 -0.162927
v 0.441685 0.015232 -0.163199
v 0.441716 0.014595 -0.162639
v 0.441700 0.014928 -0.163138
v 0.441712 0.014695 -0.162934
v 0.440000 0.015198 -0.163201
v 0.440000 0.014561 -0.162642
v 0.440000 0.014894 -0.163141
v 0.440000 0.014660 -0.162936
v 0.438315 0.015232 -0.163199
v 0.438284 0.014595 -0.162639
v 0.438300 0.014928 -0.163138
v 0.438288 0.014695 -0.162934
v 0.437095 0.015333 -0.163193
v 0.437024 0.014699 -0.162633
v 0.437060 0.015030 -0.163132
v 0.437034 0.014798 -0.162927
v 0.436026 0.015498 -0.163182
v 0.435911 0.014871 -0.162621
v 0.435969 0.015199 -0.163121
v 0.435926 0.014969 -0.162916
v 0.435064 0.015727 -0.163167
v 0.434899 0.015112 -0.162606
v 0.434981 0.015434 -0.163106
v 0.434921 0.015208 -0.162900
v 0.434190 0.016017 -0.163148
v 0.433973 0.015419 -0.162586
v 0.434081 0.015733 -0.163086
v 0.434002 0.015514 -0.162880
v 0.433397 0.016367 -0.163125
v 0.433126 0.015793 -0.162561
v 0.433262 0.016095 -0.163062
v 0.433163 0.015884 -0.162856
v 0.432683 0.016775 -0.163099
v 0.432357 0.016232 -0.162533
v 0.432520 0.016518 -0.163035
v 0.432400 0.016319 -0.162828
v 0.432044 0.017238 -0.163069
v 0.431664 0.016735 -0.162500
v 0.431854 0.017001 -0.163004
v 0.431715 0.016817 -0.162795
v 0.431480 0.017756 -0.163035
v 0.431048 0.017301 -0.162463
v 0.431264 0.017543 -0.162968
v 0.431106 0.017376 -0.162759
v 0.430990 0.018329 -0.162998
v 0.430510 0.017930 -0.162422
v 0.430750 0.018144 -0.162929
v 0.430574 0.017997 -0.162719
v 0.430573 0.018959 -0.162957
v 0.430052 0.018621 -0.162377
v 0.430312 0.018804 -0.162886
v 0.430122 0.018680 -0.162674
v 0.430228 0.019650 -0.162912
v 0.429675 0.019377 -0.162328
v 0.429952 0.019528 -0.162839
v 0.429749 0.019428 -0.162625
v 0.429957 0.020410 -0.162862
v 0.429381 0.020203 -0.162274
v 0.429669 0.020321 -0.162787
v 0.429458 0.020245 -0.162572
v 0.429761 0.021255 -0.162807
v 0.429169 0.021112 -0.162215
v 0.429465 0.021198 -0.162730
v 0.429249 0.021146 -0.162514
v 0.429641 0.022225 -0.162744
v 0.429042 0.022141 -0.162148
v 0.429342 0.022197 -0.162665
v 0.429123 0.022166 -0.162447
v 0.429600 0.023580 -0.162656
v 0.429000 0.023541 -0.162057
v 0.429300 0.023575 -0.162576
v 0.429080 0.023561 -0.162356
v 0.429641 0.024935 -0.162568
v 0.429042 0.024942 -0.161966
v 0.429342 0.024953 -0.162486
v 0.429123 0.024956 -0.162266
v 0.429761 0.025905 -0.162504
v 0.429169 0.025971 -0.161899
v 0.429465 0.025952 -0.162421
v 0.429249 0.025976 -0.162199
v 0.429957 0.026751 -0.162449
v 0.429381 0.026880 -0.161840
v 0.429669 0.026830 -0.162364
v 0.429458 0.026877 -0.162141
v 0.430228 0.027511 -0.162400
v 0.429675 0.027706 -0.161786
v 0.429952 0.027623 -0.162312
v 0.429749 0.027694 -0.162087
v 0.430573 0.028202 -0.162355
v 0.430052 0.028462 -0.161737
v 0.430312 0.028346 -0.162265
v 0.430122 0.028442 -0.162039
v 0.430990 0.028832 -0.162314
v 0.430510 0.029153 -0.161692
v 0.430750 0.029007 -0.162222
v 0.430574 0.029125 -0.161994
v 0.431480 0.029405 -0.162277
v 0.431048 0.029782 -0.161651
v 0.431264 0.029608 -0.162183
v 0.431106 0.029746 -0.161954
v 0.432044 0.029923 -0.162243
v 0.431664 0.030348 -0.161614
v 0.431854 0.030150 -0.162148
v 0.431715 0.030305 -0.161917
v 0.432683 0.030386 -0.162213
v 0.432357 0.030851 -0.161581
v 0.432520 0.030633 -0.162116
v 0.432400 0.030803 -0.161885
v 0.433397 0.030794 -0.162186
v 0.433126 0.031290 -0.161553
v 0.433262 0.031056 -0.162089
v 0.433163 0.031238 -0.161857
v 0.434190 0.031144 -0.162163
v 0.433973 0.031664 -0.161528
v 0.434081 0.031418 -0.162065
v 0.434002 0.031608 -0.161833
v 0.435064 0.031434 -0.162145
v 0.434899 0.031971 -0.161508
v 0.434981 0.031717 -0.162046
v 0.434921 0.031914 -0.161813
v 0.436026 0.031663 -0.162130
v 0.435911 0.032212 -0.161493
v 0.435969 0.031952 -0.162030
v 0.435926 0.032152 -0.161797
v 0.437095 0.031828 -0.162119
v 0.437024 0.032384 -0.161481
v 0.437060 0.032120 -0.162019
v 0.437034 0.032324 -0.161786
v 0.438315 0.031929 -0.162112
v 0.438284 0.032488 -0.161475
v 0.438300 0.032223 -0.162013
v 0.438288 0.032427 -0.161779
v 0.440000 0.031963 -0.162110
v 0.440000 0.032522 -0.161472
v 0.440000 0.032257 -0.162010
v 0.440000 0.032462 -0.161777
v 0.441685 0.031929 -0.162112
v 0.441716 0.032488 -0.161475
v 0.441700 0.032223 -0.162013
v 0.441712 0.032427 -0.161779
v 0.442905 0.031828 -0.162119
v 0.442976 0.032384 -0.161481
v 0.442940 0.032120 -0.162019
v 0.442966 0.032324 -0.161786
v 0.443974 0.031663 -0.162130
v 0.444089 0.032212 -0.161493
v 0.444031 0.031952 -0.162030
v 0.444074 0.032152 -0.161797
v 0.444936 0.031434 -0.162145
v 0.445101 0.031971 -0.161508
v 0.445019 0.031717 -0.162046
v 0.445079 0.031914 -0.161813
v 0.445810 0.031144 -0.162163
v 0.446027 0.031664 -0.161528
v 0.445919 0.031418 -0.162065
v 0.445998 0.031608 -0.161833
v 0.446603 0.030794 -0.162186
v 0.446874 0.031290 -0.161553
v 0.446738 0.031056 -0.162089
v 0.446837 0.031238 -0.161857
v 0.447317 0.030386 -0.162213
v 0.447643 0.030851 -0.161581
v 0.447480 0.030633 -0.162116
v 0.447600 0.030803 -0.161885
v 0.447956 0.029923 -0.162243
v 0.448336 0.030348 -0.161614
v 0.448146 0.030150 -0.162148
v 0.448285 0.030305 -0.161917
v 0.448520 0.029405 -0.162277
v 0.448952 0.029782 -0.161651
v 0.448736 0.029608 -0.162183
v 0.448894 0.029746 -0.161954
v 0.449010 0.028832 -0.162314
v 0.449490 0.029153 -0.161692
v 0.449250 0.029007 -0.162222
v 0.449426 0.029125 -0.161994
v 0.449427 0.028202 -0.162355
v 0.449948 0.028462 -0.161737
v 0.449688 0.028346 -0.162265
v 0.449878 0.028442 -0.162039
v 0.449772 0.027511 -0.162400
v 0.450325 0.027706 -0.161786
v 0.450048 0.027623 -0.162312
v 0.450251 0.027694 -0.162087
v 0.450043 0.026751 -0.162449
v 0.450619 0.026880 -0.161840
v 0.450331 0.026830 -0.162364
v 0.450542 0.026877 -0.162141
v 0.450239 0.025905 -0.162504
v 0.450831 0.025971 -0.161899
v 0.450535 0.025952 -0.162421
v 0.450751 0.025976 -0.162199
v 0.450359 0.024935 -0.162568
v 0.450958 0.024942 -0.161966
v 0.450658 0.024953 -0.162486
v 0.450877 0.024956 -0.162266
vn 0.9981 0.0040 -0.0611
vn 0.9957 -0.0659 -0.0656
vn 0.9966 -0.0660 -0.0486
vn 0.9990 0.0029 -0.0442
vn 0.9830 -0.1687 -0.0722
vn 0.9844 -0.1673 -0.0549
vn 0.9576 -0.2770 -0.0787
vn 0.9597 -0.2742 -0.0612
vn 0.9177 -0.3882 -0.0849
vn 0.9208 -0.3843 -0.0672
vn 0.8628 -0.4973 -0.0905
vn 0.8671 -0.4928 -0.0726
vn 0.7945 -0.5998 -0.0950
vn 0.7999 -0.5952 -0.0771
vn 0.7152 -0.6920 -0.0984
vn 0.7214 -0.6878 -0.0806
vn 0.6283 -0.7714 -0.1007
vn 0.6349 -0.7681 -0.0830
vn 0.5374 -0.8372 -0.1019
vn 0.5440 -0.8348 -0.0844
vn 0.4457 -0.8893 -0.1022
vn 0.4518 -0.8880 -0.0850
vn 0.3559 -0.9290 -0.1018
vn 0.3611 -0.9287 -0.0848
vn 0.2698 -0.9576 -0.1008
vn 0.2745 -0.9579 -0.0844
vn 0.1890 -0.9769 -0.0996
vn 0.1920 -0.9779 -0.0831
vn 0.1145 -0.9886 -0.0981
vn 0.1164 -0.9898 -0.0819
vn 0.0460 -0.9943 -0.0967
vn 0.0468 -0.9957 -0.0805
vn -0.0000 -0.9954 -0.0956
vn 0.0001 -0.9968 -0.0799
vn -0.0460 -0.9944 -0.0948
vn -0.0468 -0.9958 -0.0787
vn -0.1145 -0.9890 -0.0935
vn -0.1164 -0.9902 -0.0773
vn -0.1890 -0.9777 -0.0919
vn -0.1920 -0.9785 -0.0756
vn -0.2699 -0.9587 -0.0899
vn -0.2741 -0.9589 -0.0734
vn -0.3560 -0.9304 -0.0873
vn -0.3612 -0.9298 -0.0707
vn -0.4460 -0.8911 -0.0841
vn -0.4520 -0.8895 -0.0672
vn -0.5378 -0.8392 -0.0802
vn -0.5442 -0.8366 -0.0629
vn -0.6289 -0.7738 -0.0753
vn -0.6352 -0.7701 -0.0580
vn -0.7160 -0.6946 -0.0695
vn -0.7218 -0.6901 -0.0521
vn -0.7955 -0.6027 -0.0628
vn -0.8004 -0.5977 -0.0455
vn -0.8641 -0.5003 -0.0555
vn -0.8678 -0.4955 -0.0383
vn -0.9191 -0.3912 -0.0477
vn -0.9216 -0.3870 -0.0308
vn -0.9592 -0.2800 -0.0398
vn -0.9606 -0.2769 -0.0233
vn -0.9846 -0.1716 -0.0323
vn -0.9853 -0.1700 -0.0161
vn -0.9973 -0.0687 -0.0252
vn -0.9976 -0.0686 -0.0093
vn -0.9998 0.0013 -0.0205
vn -1.0000 0.0003 -0.0048
vn -0.9973 0.0714 -0.0161
vn -0.9976 0.0692 -0.0003
vn -0.9846 0.1743 -0.0097
vn -0.9853 0.1706 0.0061
vn -0.9592 0.2828 -0.0032
vn -0.9606 0.2776 0.0128
vn -0.9191 0.3941 0.0034
vn -0.9215 0.3878 0.0196
vn -0.8641 0.5033 0.0099
vn -0.8678 0.4962 0.0262
vn -0.7955 0.6057 0.0158
vn -0.8004 0.5986 0.0323
vn -0.7160 0.6978 0.0212
vn -0.7218 0.6910 0.0378
vn -0.6289 0.7771 0.0257
vn -0.6352 0.7712 0.0424
vn -0.5378 0.8425 0.0293
vn -0.5442 0.8377 0.0460
vn -0.4460 0.8945 0.0321
vn -0.4520 0.8907 0.0487
vn -0.3560 0.9339 0.0340
vn -0.3612 0.9311 0.0504
vn -0.2699 0.9622 0.0351
vn -0.2741 0.9603 0.0515
vn -0.1890 0.9813 0.0356
vn -0.1920 0.9800 0.0519
vn -0.1145 0.9928 0.0355
vn -0.1164 0.9919 0.0517
vn -0.0460 0.9983 0.0349
vn -0.0468 0.9976 0.0511
vn -0.0000 0.9994 0.0342
vn 0.0001 0.9988 0.0500
vn 0.0460 0.9984 0.0330
vn 0.0468 0.9977 0.0492
vn 0.1145 0.9929 0.0309
vn 0.1164 0.9921 0.0471
vn 0.1890 0.9816 0.0279
vn 0.1920 0.9804 0.0443
vn 0.2698 0.9626 0.0242
vn 0.2745 0.9607 0.0405
vn 0.3559 0.9343 0.0195
vn 0.3611 0.9318 0.0363
vn 0.4457 0.8951 0.0140
vn 0.4518 0.8916 0.0309
vn 0.5374 0.8433 0.0075
vn 0.5440 0.8387 0.0245
vn 0.6283 0.7780 0.0001
vn 0.6350 0.7723 0.0173
vn 0.7152 0.6989 -0.0079
vn 0.7214 0.6925 0.0093
vn 0.7945 0.6071 -0.0165
vn 0.7999 0.6002 0.0007
vn 0.8628 0.5048 -0.0252
vn 0.8671 0.4981 -0.0081
vn 0.9177 0.3959 -0.0339
vn 0.9208 0.3898 -0.0168
vn 0.9576 0.2849 -0.0421
vn 0.9597 0.2798 -0.0251
vn 0.9830 0.1767 -0.0497
vn 0.9844 0.1730 -0.0328
vn 0.9957 0.0739 -0.0565
vn 0.9966 0.0717 -0.0397
vn 0.9974 -0.0669 -0.0257
vn 0.9998 0.0014 -0.0212
vn 0.9854 -0.1674 -0.0325
vn 0.9611 -0.2735 -0.0397
vn 0.9226 -0.3829 -0.0472
vn 0.8695 -0.4909 -0.0545
vn 0.8028 -0.5930 -0.0614
vn 0.7248 -0.6857 -0.0676
vn 0.6385 -0.7661 -0.0730
vn 0.5475 -0.8332 -0.0774
vn 0.4551 -0.8867 -0.0810
vn 0.3642 -0.9276 -0.0836
vn 0.2763 -0.9572 -0.0856
vn 0.1937 -0.9772 -0.0869
vn 0.1174 -0.9892 -0.0880
vn 0.0472 -0.9950 -0.0886
vn -0.0000 -0.9960 -0.0889
vn -0.0472 -0.9949 -0.0893
vn -0.1174 -0.9890 -0.0898
vn -0.1937 -0.9769 -0.0900
vn -0.2763 -0.9569 -0.0900
vn -0.3639 -0.9271 -0.0894
vn -0.4550 -0.8861 -0.0881
vn -0.5474 -0.8324 -0.0861
vn -0.6383 -0.7653 -0.0831
vn -0.7245 -0.6847 -0.0792
vn -0.8025 -0.5920 -0.0742
vn -0.8692 -0.4898 -0.0683
vn -0.9222 -0.3817 -0.0618
vn -0.9606 -0.2724 -0.0550
vn -0.9849 -0.1663 -0.0482
vn -0.9970 -0.0658 -0.0416
vn -0.9993 0.0024 -0.0371
vn -0.9970 0.0707 -0.0327
vn -0.9849 0.1711 -0.0262
vn -0.9606 0.2772 -0.0193
vn -0.9222 0.3865 -0.0118
vn -0.8692 0.4945 -0.0043
vn -0.8025 0.5966 0.0032
vn -0.7245 0.6892 0.0103
vn -0.6383 0.7696 0.0168
vn -0.5474 0.8366 0.0226
vn -0.4550 0.8901 0.0275
vn -0.3640 0.9309 0.0315
vn -0.2763 0.9604 0.0348
vn -0.1937 0.9804 0.0374
vn -0.1174 0.9923 0.0392
vn -0.0472 0.9981 0.0404
vn -0.0000 0.9992 0.0409
vn 0.0472 0.9980 0.0412
vn 0.1174 0.9922 0.0410
vn 0.1937 0.9802 0.0404
vn 0.2763 0.9603 0.0393
vn 0.3642 0.9306 0.0373
vn 0.4551 0.8898 0.0347
vn 0.5475 0.8362 0.0312
vn 0.6385 0.7691 0.0269
vn 0.7248 0.6886 0.0219
vn 0.8028 0.5960 0.0160
vn 0.8695 0.4938 0.0096
vn 0.9226 0.3858 0.0028
vn 0.9611 0.2763 -0.0040
vn 0.9854 0.1702 -0.0105
vn 0.9974 0.0697 -0.0168
vn 0.9976 -0.0692 0.0072
vn 0.9999 -0.0008 0.0119
vn 0.9855 -0.1699 -0.0004
vn 0.9611 -0.2761 -0.0090
vn 0.9225 -0.3856 -0.0185
vn 0.8692 -0.4936 -0.0285
vn 0.8024 -0.5956 -0.0386
vn 0.7241 -0.6879 -0.0484
vn 0.6378 -0.7680 -0.0577
vn 0.5468 -0.8347 -0.0662
vn 0.4543 -0.8878 -0.0737
vn 0.3633 -0.9282 -0.0803
vn 0.2757 -0.9574 -0.0860
vn 0.1932 -0.9769 -0.0908
vn 0.1171 -0.9886 -0.0949
vn 0.0471 -0.9940 -0.0983
vn -0.0000 -0.9949 -0.1005
vn -0.0471 -0.9936 -0.1028
vn -0.1171 -0.9875 -0.1060
vn -0.1931 -0.9751 -0.1091
vn -0.2755 -0.9547 -0.1121
vn -0.3628 -0.9248 -0.1148
vn -0.4536 -0.8835 -0.1168
vn -0.5457 -0.8296 -0.1180
vn -0.6363 -0.7623 -0.1182
vn -0.7223 -0.6816 -0.1171
vn -0.8000 -0.5889 -0.1146
vn -0.8665 -0.4866 -0.1109
vn -0.9195 -0.3786 -0.1060
vn -0.9578 -0.2693 -0.1002
vn -0.9821 -0.1632 -0.0939
vn -0.9942 -0.0628 -0.0875
vn -0.9965 0.0054 -0.0830
vn -0.9942 0.0736 -0.0787
vn -0.9821 0.1740 -0.0720
vn -0.9578 0.2800 -0.0644
vn -0.9195 0.3892 -0.0560
vn -0.8665 0.4969 -0.0469
vn -0.8000 0.5988 -0.0373
vn -0.7223 0.6911 -0.0278
vn -0.6363 0.7712 -0.0184
vn -0.5457 0.8379 -0.0095
vn -0.4536 0.8912 -0.0013
vn -0.3628 0.9318 0.0061
vn -0.2755 0.9612 0.0126
vn -0.1931 0.9810 0.0182
vn -0.1171 0.9929 0.0229
vn -0.0471 0.9985 0.0269
vn -0.0000 0.9996 0.0293
vn 0.0471 0.9984 0.0314
vn 0.1171 0.9925 0.0341
vn 0.1932 0.9805 0.0366
vn 0.2757 0.9604 0.0389
vn 0.3633 0.9308 0.0407
vn 0.4543 0.8898 0.0420
vn 0.5468 0.8362 0.0426
vn 0.6378 0.7690 0.0423
vn 0.7241 0.6884 0.0412
vn 0.8024 0.5955 0.0390
vn 0.8692 0.4931 0.0358
vn 0.9225 0.3847 0.0317
vn 0.9611 0.2750 0.0269
vn 0.9855 0.1685 0.0217
vn 0.9976 0.0677 0.0161
vn 0.6996 -0.0464 0.7130
vn 0.6973 0.0017 0.7168
vn 0.5111 -0.0266 0.8591
vn 0.5188 -0.0515 0.8533
vn 0.3840 -0.0486 0.9221
vn 0.1582 -0.0594 0.9856
vn 0.1571 -0.0451 0.9865
vn 0.3811 -0.0138 0.9244
vn 0.5779 0.0476 0.8147
vn 0.6877 0.0724 0.7224
vn 0.1546 -0.0290 0.9876
vn 0.3744 0.0253 0.9269
vn 0.5638 0.1098 0.8186
vn 0.6704 0.1471 0.7273
vn 0.1501 -0.0117 0.9886
vn 0.3633 0.0672 0.9292
vn 0.5427 0.1750 0.8215
vn 0.6447 0.2248 0.7307
vn 0.1435 0.0060 0.9896
vn 0.3474 0.1101 0.9312
vn 0.5142 0.2409 0.8231
vn 0.6104 0.3028 0.7320
vn 0.1349 0.0235 0.9906
vn 0.3268 0.1528 0.9327
vn 0.4788 0.3054 0.8231
vn 0.5679 0.3789 0.7307
vn 0.1244 0.0403 0.9914
vn 0.3017 0.1939 0.9335
vn 0.4372 0.3666 0.8213
vn 0.5181 0.4508 0.7269
vn 0.1122 0.0558 0.9921
vn 0.2728 0.2322 0.9336
vn 0.3903 0.4229 0.8178
vn 0.4622 0.5166 0.7207
vn 0.0988 0.0696 0.9927
vn 0.2408 0.2669 0.9331
vn 0.3396 0.4730 0.8130
vn 0.4020 0.5750 0.7126
vn 0.0846 0.0815 0.9931
vn 0.2068 0.2973 0.9321
vn 0.2489 0.4497 0.8578
vn 0.3389 0.6250 0.7032
vn 0.0700 0.0915 0.9933
vn 0.1526 0.3343 0.9300
vn 0.1715 0.3230 0.9307
vn 0.1940 0.4416 0.8760
vn 0.2748 0.6662 0.6933
vn 0.0553 0.0995 0.9935
vn 0.1175 0.3527 0.9283
vn 0.1494 0.4653 0.8725
vn 0.2112 0.6987 0.6836
vn 0.0410 0.1055 0.9936
vn 0.0834 0.3663 0.9267
vn 0.1060 0.4829 0.8692
vn 0.1496 0.7227 0.6748
vn 0.0274 0.1098 0.9936
vn 0.0514 0.3756 0.9254
vn 0.0647 0.4949 0.8665
vn 0.0914 0.7388 0.6677
vn 0.0148 0.1124 0.9936
vn 0.0207 0.3810 0.9243
vn 0.0262 0.5017 0.8646
vn 0.0369 0.7479 0.6627
vn 0.0036 0.1136 0.9935
vn -0.0000 0.3824 0.9240
vn -0.0000 0.5034 0.8640
vn -0.0000 0.7503 0.6611
vn -0.0036 0.1136 0.9935
vn -0.0207 0.3810 0.9243
vn -0.0262 0.5017 0.8646
vn -0.0369 0.7479 0.6627
vn -0.0148 0.1124 0.9936
vn -0.0514 0.3756 0.9254
vn -0.0647 0.4949 0.8665
vn -0.0914 0.7388 0.6677
vn -0.0274 0.1098 0.9936
vn -0.0834 0.3663 0.9267
vn -0.1060 0.4829 0.8692
vn -0.1496 0.7227 0.6748
vn -0.0410 0.1055 0.9936
vn -0.1175 0.3527 0.9283
vn -0.1494 0.4653 0.8725
vn -0.2112 0.6987 0.6836
vn -0.0553 0.0995 0.9935
vn -0.1526 0.3343 0.9300
vn -0.1940 0.4416 0.8760
vn -0.2748 0.6662 0.6933
vn -0.0700 0.0915 0.9933
vn -0.1715 0.3230 0.9307
vn -0.2489 0.4497 0.8578
vn -0.3389 0.6250 0.7032
vn -0.0846 0.0815 0.9931
vn -0.2068 0.2973 0.9321
vn -0.3396 0.4730 0.8130
vn -0.4020 0.5750 0.7126
vn -0.0988 0.0696 0.9927
vn -0.2408 0.2669 0.9331
vn -0.3903 0.4229 0.8178
vn -0.4622 0.5166 0.7207
vn -0.1122 0.0558 0.9921
vn -0.2728 0.2322 0.9336
vn -0.4372 0.3666 0.8213
vn -0.5181 0.4508 0.7269
vn -0.1244 0.0403 0.9914
vn -0.3017 0.1939 0.9335
vn -0.4788 0.3054 0.8231
vn -0.5679 0.3789 0.7307
vn -0.1349 0.0235 0.9906
vn -0.3268 0.1528 0.9327
vn -0.5142 0.2409 0.8231
vn -0.6104 0.3028 0.7320
vn -0.1435 0.0060 0.9896
vn -0.3474 0.1101 0.9312
vn -0.5427 0.1750 0.8215
vn -0.6447 0.2248 0.7307
vn -0.1501 -0.0117 0.9886
vn -0.3633 0.0672 0.9292
vn -0.5638 0.1098 0.8186
vn -0.6704 0.1471 0.7273
vn -0.1546 -0.0290 0.9876
vn -0.3744 0.0253 0.9269
vn -0.5779 0.0476 0.8147
vn -0.6877 0.0724 0.7224
vn -0.1571 -0.0451 0.9865
vn -0.3811 -0.0138 0.9244
vn -0.5859 -0.0125 0.8103
vn -0.6973 0.0017 0.7168
vn -0.1582 -0.0594 0.9856
vn -0.3840 -0.0486 0.9221
vn -0.5878 -0.0525 0.8073
vn -0.6996 -0.0464 0.7130
vn -0.1582 -0.0688 0.9850
vn -0.3840 -0.0714 0.9206
vn -0.5859 -0.0927 0.8051
vn -0.6973 -0.0946 0.7105
vn -0.1571 -0.0831 0.9841
vn -0.3811 -0.1061 0.9184
vn -0.5779 -0.1529 0.8016
vn -0.6877 -0.1655 0.7069
vn -0.1546 -0.0993 0.9830
vn -0.3744 -0.1453 0.9158
vn -0.5638 -0.2150 0.7974
vn -0.6704 -0.2402 0.7021
vn -0.1501 -0.1166 0.9818
vn -0.3633 -0.1871 0.9127
vn -0.5427 -0.2800 0.7919
vn -0.6447 -0.3176 0.6954
vn -0.1435 -0.1343 0.9805
vn -0.3474 -0.2299 0.9091
vn -0.5142 -0.3455 0.7850
vn -0.6104 -0.3952 0.6865
vn -0.1349 -0.1518 0.9792
vn -0.3268 -0.2724 0.9050
vn -0.4788 -0.4095 0.7765
vn -0.5679 -0.4704 0.6754
vn -0.1244 -0.1685 0.9778
vn -0.3017 -0.3133 0.9005
vn -0.4372 -0.4700 0.7668
vn -0.5181 -0.5412 0.6623
vn -0.1122 -0.1839 0.9765
vn -0.2728 -0.3513 0.8956
vn -0.3903 -0.5253 0.7561
vn -0.4622 -0.6057 0.6477
vn -0.0988 -0.1977 0.9753
vn -0.2408 -0.3856 0.8907
vn -0.3396 -0.5744 0.7448
vn -0.4020 -0.6626 0.6320
vn -0.0846 -0.2096 0.9741
vn -0.2068 -0.4156 0.8857
vn -0.2489 -0.5571 0.7922
vn -0.3389 -0.7109 0.6162
vn -0.0700 -0.2195 0.9731
vn -0.1526 -0.4520 0.8788
vn -0.1715 -0.4410 0.8810
vn -0.1940 -0.5514 0.8114
vn -0.2748 -0.7505 0.6010
vn -0.0553 -0.2274 0.9722
vn -0.1175 -0.4700 0.8748
vn -0.1494 -0.5744 0.8048
vn -0.2112 -0.7814 0.5872
vn -0.0410 -0.2334 0.9715
vn -0.0834 -0.4834 0.8714
vn -0.1060 -0.5915 0.7993
vn -0.1496 -0.8041 0.5754
vn -0.0274 -0.2377 0.9710
vn -0.0514 -0.4924 0.8689
vn -0.0647 -0.6031 0.7950
vn -0.0914 -0.8191 0.5663
vn -0.0148 -0.2402 0.9706
vn -0.0207 -0.4976 0.8672
vn -0.0262 -0.6095 0.7923
vn -0.0369 -0.8275 0.5602
vn -0.0036 -0.2414 0.9704
vn -0.0000 -0.4989 0.8666
vn -0.0000 -0.6112 0.7915
vn -0.0000 -0.8296 0.5583
vn 0.0036 -0.2414 0.9704
vn 0.0207 -0.4976 0.8672
vn 0.0262 -0.6095 0.7923
vn 0.0369 -0.8275 0.5602
vn 0.0148 -0.2402 0.9706
vn 0.0514 -0.4924 0.8689
vn 0.0647 -0.6031 0.7950
vn 0.0914 -0.8191 0.5663
vn 0.0274 -0.2377 0.9710
vn 0.0834 -0.4834 0.8714
vn 0.1060 -0.5915 0.7993
vn 0.1496 -0.8041 0.5754
vn 0.0410 -0.2334 0.9715
vn 0.1175 -0.4700 0.8748
vn 0.1494 -0.5744 0.8048
vn 0.2112 -0.7814 0.5872
vn 0.0553 -0.2274 0.9722
vn 0.1526 -0.4520 0.8788
vn 0.1940 -0.5514 0.8114
vn 0.2748 -0.7505 0.6010
vn 0.0700 -0.2195 0.9731
vn 0.1715 -0.4410 0.8810
vn 0.2489 -0.5571 0.7922
vn 0.3389 -0.7109 0.6162
vn 0.0846 -0.2096 0.9741
vn 0.2068 -0.4156 0.8857
vn 0.3396 -0.5744 0.7448
vn 0.4020 -0.6626 0.6320
vn 0.0988 -0.1977 0.9753
vn 0.2408 -0.3856 0.8907
vn 0.3903 -0.5253 0.7561
vn 0.4622 -0.6057 0.6477
vn 0.1122 -0.1839 0.9765
vn 0.2728 -0.3513 0.8956
vn 0.4372 -0.4700 0.7668
vn 0.5181 -0.5412 0.6623
vn 0.1244 -0.1685 0.9778
vn 0.3017 -0.3133 0.9005
vn 0.4788 -0.4095 0.7765
vn 0.5679 -0.4704 0.6754
vn 0.1349 -0.1518 0.9792
vn 0.3268 -0.2724 0.9050
vn 0.5142 -0.3455 0.7850
vn 0.6104 -0.3952 0.6865
vn 0.1435 -0.1343 0.9805
vn 0.3474 -0.2299 0.9091
vn 0.5427 -0.2800 0.7919
vn 0.6447 -0.3176 0.6954
vn 0.1501 -0.1166 0.9818
vn 0.3633 -0.1871 0.9127
vn 0.5638 -0.2150 0.7974
vn 0.6704 -0.2402 0.7021
vn 0.1546 -0.0993 0.9830
vn 0.3744 -0.1453 0.9158
vn 0.5779 -0.1529 0.8016
vn 0.6877 -0.1655 0.7069
vn 0.1571 -0.0831 0.9841
vn 0.3811 -0.1061 0.9184
vn 0.5859 -0.0927 0.8051
vn 0.6973 -0.0946 0.7105
vn 0.1582 -0.0688 0.9850
vn 0.3840 -0.0714 0.9206
vn 0.7170 -0.0453 0.6956
vn 0.7147 -0.0948 0.6930
vn 0.8864 -0.0918 0.4538
vn 0.8889 -0.0298 0.4571
vn 0.9715 -0.0827 0.2223
vn 0.9739 -0.0147 0.2264
vn 0.9945 -0.0650 -0.0824
vn 0.9970 0.0051 -0.0775
vn 0.7049 -0.1675 0.6893
vn 0.8746 -0.1829 0.4489
vn 0.9591 -0.1827 0.2163
vn 0.9817 -0.1680 -0.0901
vn 0.6871 -0.2442 0.6843
vn 0.8521 -0.2789 0.4428
vn 0.9345 -0.2880 0.2092
vn 0.9560 -0.2763 -0.0983
vn 0.6606 -0.3236 0.6774
vn 0.8174 -0.3777 0.4349
vn 0.8959 -0.3962 0.2009
vn 0.9157 -0.3874 -0.1067
vn 0.6253 -0.4031 0.6682
vn 0.7704 -0.4754 0.4248
vn 0.8431 -0.5026 0.1914
vn 0.8606 -0.4962 -0.1148
vn 0.5816 -0.4802 0.6566
vn 0.7120 -0.5681 0.4128
vn 0.7772 -0.6027 0.1809
vn 0.7919 -0.5983 -0.1221
vn 0.5303 -0.5526 0.6429
vn 0.6439 -0.6527 0.3991
vn 0.7005 -0.6931 0.1700
vn 0.7124 -0.6899 -0.1284
vn 0.4729 -0.6184 0.6277
vn 0.5688 -0.7270 0.3845
vn 0.6163 -0.7713 0.1590
vn 0.6255 -0.7687 -0.1334
vn 0.4110 -0.6762 0.6114
vn 0.4893 -0.7899 0.3697
vn 0.5280 -0.8362 0.1484
vn 0.5347 -0.8338 -0.1373
vn 0.3463 -0.7253 0.5950
vn 0.4081 -0.8410 0.3553
vn 0.4385 -0.8880 0.1386
vn 0.4433 -0.8854 -0.1400
vn 0.2806 -0.7653 0.5792
vn 0.3276 -0.8808 0.3419
vn 0.3506 -0.9275 0.1299
vn 0.3538 -0.9245 -0.1418
vn 0.2156 -0.7965 0.5649
vn 0.2495 -0.9104 0.3301
vn 0.2661 -0.9561 0.1226
vn 0.2682 -0.9527 -0.1428
vn 0.1526 -0.8193 0.5527
vn 0.1754 -0.9309 0.3205
vn 0.1865 -0.9755 0.1167
vn 0.1878 -0.9717 -0.1433
vn 0.0932 -0.8344 0.5432
vn 0.1066 -0.9437 0.3131
vn 0.1131 -0.9872 0.1124
vn 0.1138 -0.9831 -0.1433
vn 0.0377 -0.8428 0.5369
vn 0.0429 -0.9503 0.3082
vn 0.0455 -0.9929 0.1097
vn 0.0457 -0.9886 -0.1432
vn -0.0000 -0.8449 0.5349
vn -0.0000 -0.9518 0.3068
vn -0.0000 -0.9941 0.1088
vn -0.0000 -0.9897 -0.1431
vn -0.0377 -0.8428 0.5369
vn -0.0429 -0.9503 0.3083
vn -0.0455 -0.9929 0.1097
vn -0.0457 -0.9886 -0.1432
vn -0.0932 -0.8344 0.5432
vn -0.1066 -0.9437 0.3131
vn -0.1131 -0.9872 0.1124
vn -0.1138 -0.9831 -0.1433
vn -0.1526 -0.8193 0.5527
vn -0.1754 -0.9309 0.3205
vn -0.1865 -0.9755 0.1167
vn -0.1878 -0.9717 -0.1433
vn -0.2156 -0.7965 0.5649
vn -0.2495 -0.9104 0.3301
vn -0.2661 -0.9561 0.1226
vn -0.2682 -0.9527 -0.1428
vn -0.2806 -0.7653 0.5792
vn -0.3276 -0.8808 0.3419
vn -0.3506 -0.9275 0.1299
vn -0.3538 -0.9245 -0.1418
vn -0.3463 -0.7253 0.5950
vn -0.4081 -0.8410 0.3553
vn -0.4385 -0.8880 0.1386
vn -0.4433 -0.8854 -0.1400
vn -0.4110 -0.6762 0.6114
vn -0.4893 -0.7899 0.3697
vn -0.5280 -0.8362 0.1484
vn -0.5347 -0.8338 -0.1373
vn -0.4729 -0.6184 0.6277
vn -0.5688 -0.7270 0.3845
vn -0.6163 -0.7713 0.1590
vn -0.6255 -0.7687 -0.1334
vn -0.5303 -0.5526 0.6429
vn -0.6440 -0.6527 0.3991
vn -0.7005 -0.6931 0.1700
vn -0.7124 -0.6899 -0.1284
vn -0.5816 -0.4802 0.6566
vn -0.7120 -0.5681 0.4127
vn -0.7772 -0.6027 0.1809
vn -0.7919 -0.5983 -0.1221
vn -0.6253 -0.4031 0.6682
vn -0.7704 -0.4754 0.4248
vn -0.8431 -0.5026 0.1914
vn -0.8606 -0.4963 -0.1148
vn -0.6606 -0.3236 0.6774
vn -0.8174 -0.3777 0.4349
vn -0.8959 -0.3962 0.2009
vn -0.9157 -0.3874 -0.1067
vn -0.6871 -0.2442 0.6843
vn -0.8521 -0.2789 0.4428
vn -0.9345 -0.2880 0.2092
vn -0.9560 -0.2763 -0.0983
vn -0.7049 -0.1675 0.6893
vn -0.8746 -0.1829 0.4489
vn -0.9591 -0.1827 0.2163
vn -0.9817 -0.1680 -0.0901
vn -0.7147 -0.0948 0.6930
vn -0.8864 -0.0918 0.4538
vn -0.9715 -0.0827 0.2223
vn -0.9945 -0.0650 -0.0824
vn -0.7170 -0.0453 0.6956
vn -0.8889 -0.0298 0.4571
vn -0.9739 -0.0147 0.2264
vn -0.9970 0.0050 -0.0775
vn -0.7147 0.0042 0.6994
vn -0.8864 0.0322 0.4618
vn -0.9715 0.0532 0.2312
vn -0.9945 0.0751 -0.0733
vn -0.7049 0.0767 0.7052
vn -0.8746 0.1232 0.4689
vn -0.9591 0.1531 0.2382
vn -0.9817 0.1782 -0.0676
vn -0.6871 0.1534 0.7102
vn -0.8521 0.2192 0.4753
vn -0.9345 0.2585 0.2448
vn -0.9560 0.2867 -0.0616
vn -0.6606 0.2331 0.7136
vn -0.8174 0.3182 0.4802
vn -0.8959 0.3668 0.2506
vn -0.9157 0.3979 -0.0556
vn -0.6253 0.3131 0.7148
vn -0.7704 0.4163 0.4828
vn -0.8431 0.4735 0.2549
vn -0.8606 0.5069 -0.0495
vn -0.5816 0.3910 0.7133
vn -0.7120 0.5098 0.4829
vn -0.7772 0.5742 0.2575
vn -0.7919 0.6091 -0.0435
vn -0.5303 0.4646 0.7092
vn -0.6439 0.5954 0.4804
vn -0.7005 0.6652 0.2584
vn -0.7124 0.7007 -0.0379
vn -0.4729 0.5318 0.7025
vn -0.5688 0.6711 0.4755
vn -0.6163 0.7441 0.2576
vn -0.6255 0.7795 -0.0327
vn -0.4110 0.5912 0.6939
vn -0.4893 0.7353 0.4689
vn -0.5280 0.8099 0.2555
vn -0.5347 0.8446 -0.0281
vn -0.3463 0.6420 0.6840
vn -0.4081 0.7878 0.4613
vn -0.4385 0.8625 0.2525
vn -0.4433 0.8960 -0.0241
vn -0.2806 0.6838 0.6735
vn -0.3276 0.8290 0.4532
vn -0.3506 0.9028 0.2491
vn -0.3538 0.9351 -0.0207
vn -0.2156 0.7166 0.6633
vn -0.2495 0.8599 0.4454
vn -0.2661 0.9322 0.2455
vn -0.2682 0.9632 -0.0181
vn -0.1526 0.7408 0.6542
vn -0.1754 0.8815 0.4384
vn -0.1865 0.9521 0.2422
vn -0.1878 0.9821 -0.0161
vn -0.0932 0.7569 0.6468
vn -0.1066 0.8952 0.4327
vn -0.1131 0.9643 0.2394
vn -0.1138 0.9934 -0.0147
vn -0.0377 0.7661 0.6416
vn -0.0429 0.9024 0.4288
vn -0.0455 0.9703 0.2375
vn -0.0457 0.9989 -0.0138
vn -0.0000 0.7684 0.6400
vn -0.0000 0.9040 0.4276
vn -0.0000 0.9716 0.2368
vn -0.0000 0.9999 -0.0136
vn 0.0377 0.7661 0.6416
vn 0.0429 0.9024 0.4289
vn 0.0455 0.9703 0.2375
vn 0.0457 0.9989 -0.0138
vn 0.0932 0.7569 0.6468
vn 0.1066 0.8952 0.4327
vn 0.1131 0.9643 0.2394
vn 0.1138 0.9934 -0.0147
vn 0.1526 0.7408 0.6542
vn 0.1754 0.8815 0.4384
vn 0.1865 0.9521 0.2422
vn 0.1878 0.9821 -0.0161
vn 0.2156 0.7166 0.6634
vn 0.2495 0.8599 0.4454
vn 0.2661 0.9322 0.2455
vn 0.2682 0.9632 -0.0181
vn 0.2806 0.6838 0.6735
vn 0.3276 0.8290 0.4532
vn 0.3506 0.9028 0.2491
vn 0.3538 0.9351 -0.0207
vn 0.3463 0.6420 0.6840
vn 0.4081 0.7878 0.4613
vn 0.4385 0.8625 0.2525
vn 0.4433 0.8960 -0.0241
vn 0.4110 0.5912 0.6939
vn 0.4893 0.7353 0.4689
vn 0.5280 0.8099 0.2555
vn 0.5347 0.8445 -0.0281
vn 0.4729 0.5318 0.7025
vn 0.5688 0.6711 0.4755
vn 0.6163 0.7441 0.2576
vn 0.6255 0.7795 -0.0327
vn 0.5303 0.4646 0.7092
vn 0.6440 0.5954 0.4804
vn 0.7005 0.6652 0.2584
vn 0.7124 0.7007 -0.0379
vn 0.5816 0.3910 0.7133
vn 0.7120 0.5098 0.4829
vn 0.7772 0.5742 0.2575
vn 0.7919 0.6091 -0.0435
vn 0.6253 0.3131 0.7148
vn 0.7704 0.4163 0.4828
vn 0.8431 0.4735 0.2549
vn 0.8606 0.5069 -0.0495
vn 0.6606 0.2331 0.7136
vn 0.8174 0.3182 0.4802
vn 0.8959 0.3668 0.2506
vn 0.9157 0.3980 -0.0556
vn 0.6871 0.1534 0.7102
vn 0.8521 0.2192 0.4753
vn 0.9345 0.2585 0.2448
vn 0.9560 0.2867 -0.0616
vn 0.7049 0.0767 0.7052
vn 0.8746 0.1232 0.4689
vn 0.9591 0.1531 0.2382
vn 0.9817 0.1782 -0.0676
vn 0.7147 0.0042 0.6994
vn 0.8864 0.0322 0.4618
vn 0.9715 0.0532 0.2312
vn 0.9945 0.0751 -0.0733
vn 0.9999 0.0008 -0.0120
vn 0.9975 -0.0685 -0.0165
vn 0.9630 -0.0567 -0.2633
vn 0.9659 0.0168 -0.2584
vn 0.7068 0.0246 -0.7070
vn 0.2587 0.0549 -0.9644
vn 0.9851 -0.1704 -0.0231
vn 0.9511 -0.1511 -0.2695
vn 0.7018 -0.0404 -0.7112
vn 0.2569 0.0312 -0.9659
vn 0.9602 -0.2778 -0.0301
vn 0.9269 -0.2539 -0.2763
vn 0.6889 -0.1134 -0.7160
vn 0.2522 0.0044 -0.9677
vn 0.9208 -0.3883 -0.0373
vn 0.8889 -0.3600 -0.2832
vn 0.6662 -0.1906 -0.7210
vn 0.2439 -0.0238 -0.9695
vn 0.8666 -0.4970 -0.0443
vn 0.8367 -0.4645 -0.2901
vn 0.6331 -0.2683 -0.7261
vn 0.2317 -0.0523 -0.9714
vn 0.7988 -0.5994 -0.0510
vn 0.7715 -0.5629 -0.2965
vn 0.5899 -0.3432 -0.7309
vn 0.2159 -0.0797 -0.9732
vn 0.7199 -0.6917 -0.0570
vn 0.6956 -0.6518 -0.3022
vn 0.5378 -0.4122 -0.7354
vn 0.1969 -0.1050 -0.9748
vn 0.6332 -0.7715 -0.0622
vn 0.6121 -0.7287 -0.3072
vn 0.4789 -0.4732 -0.7394
vn 0.1753 -0.1273 -0.9762
vn 0.5421 -0.8377 -0.0665
vn 0.5244 -0.7925 -0.3113
vn 0.4158 -0.5248 -0.7428
vn 0.1522 -0.1462 -0.9775
vn 0.4500 -0.8903 -0.0700
vn 0.4356 -0.8434 -0.3146
vn 0.3509 -0.5667 -0.7455
vn 0.1284 -0.1615 -0.9785
vn 0.3595 -0.9303 -0.0726
vn 0.3484 -0.8821 -0.3171
vn 0.2862 -0.5993 -0.7476
vn 0.1048 -0.1735 -0.9793
vn 0.2727 -0.9592 -0.0745
vn 0.2647 -0.9101 -0.3188
vn 0.2234 -0.6235 -0.7492
vn 0.0818 -0.1823 -0.9798
vn 0.1911 -0.9786 -0.0757
vn 0.1861 -0.9290 -0.3200
vn 0.1638 -0.6405 -0.7503
vn 0.0600 -0.1885 -0.9802
vn 0.1158 -0.9903 -0.0765
vn 0.1138 -0.9403 -0.3207
vn 0.1084 -0.6513 -0.7510
vn 0.0397 -0.1925 -0.9805
vn 0.0465 -0.9960 -0.0769
vn 0.0495 -0.9458 -0.3211
vn 0.0581 -0.6573 -0.7514
vn 0.0213 -0.1947 -0.9806
vn -0.0000 -0.9970 -0.0769
vn -0.0000 -0.9471 -0.3211
vn 0.0143 -0.6595 -0.7515
vn 0.0052 -0.1955 -0.9807
vn -0.0465 -0.9960 -0.0769
vn -0.0495 -0.9458 -0.3211
vn -0.0143 -0.6595 -0.7515
vn -0.0052 -0.1955 -0.9807
vn -0.1158 -0.9903 -0.0765
vn -0.1138 -0.9403 -0.3207
vn -0.0581 -0.6573 -0.7514
vn -0.0213 -0.1947 -0.9806
vn -0.1911 -0.9786 -0.0757
vn -0.1861 -0.9290 -0.3200
vn -0.1084 -0.6513 -0.7510
vn -0.0397 -0.1925 -0.9805
vn -0.2727 -0.9592 -0.0745
vn -0.2647 -0.9101 -0.3188
vn -0.1638 -0.6405 -0.7503
vn -0.0600 -0.1885 -0.9802
vn -0.3595 -0.9303 -0.0726
vn -0.3484 -0.8821 -0.3171
vn -0.2234 -0.6235 -0.7492
vn -0.0818 -0.1823 -0.9798
vn -0.4500 -0.8903 -0.0700
vn -0.4356 -0.8434 -0.3146
vn -0.2862 -0.5993 -0.7476
vn -0.1048 -0.1735 -0.9793
vn -0.5421 -0.8377 -0.0665
vn -0.5244 -0.7925 -0.3113
vn -0.3509 -0.5667 -0.7455
vn -0.1284 -0.1615 -0.9785
vn -0.6332 -0.7715 -0.0622
vn -0.6121 -0.7287 -0.3072
vn -0.4158 -0.5248 -0.7428
vn -0.1522 -0.1462 -0.9775
vn -0.7199 -0.6917 -0.0570
vn -0.6956 -0.6518 -0.3022
vn -0.4789 -0.4732 -0.7394
vn -0.1753 -0.1273 -0.9763
vn -0.7988 -0.5994 -0.0510
vn -0.7715 -0.5629 -0.2965
vn -0.5378 -0.4122 -0.7354
vn -0.1969 -0.1050 -0.9748
vn -0.8666 -0.4970 -0.0443
vn -0.8367 -0.4645 -0.2901
vn -0.5898 -0.3432 -0.7310
vn -0.2159 -0.0797 -0.9732
vn -0.9208 -0.3883 -0.0373
vn -0.8889 -0.3600 -0.2832
vn -0.6331 -0.2683 -0.7261
vn -0.2317 -0.0523 -0.9714
vn -0.9602 -0.2778 -0.0301
vn -0.9269 -0.2539 -0.2763
vn -0.6662 -0.1906 -0.7210
vn -0.2439 -0.0238 -0.9695
vn -0.9851 -0.1704 -0.0231
vn -0.9511 -0.1511 -0.2695
vn -0.6888 -0.1134 -0.7160
vn -0.2522 0.0044 -0.9677
vn -0.9975 -0.0685 -0.0165
vn -0.9630 -0.0567 -0.2633
vn -0.7018 -0.0404 -0.7112
vn -0.2569 0.0312 -0.9659
vn -0.9999 0.0008 -0.0120
vn -0.9659 0.0168 -0.2584
vn -0.7068 0.0246 -0.7070
vn -0.2587 0.0549 -0.9644
vn -0.9975 0.0701 -0.0075
vn -0.9630 0.0904 -0.2538
vn -0.7068 0.0672 -0.7042
vn -0.2587 0.0705 -0.9634
vn -0.9851 0.1720 -0.0008
vn -0.9511 0.1848 -0.2477
vn -0.7018 0.1322 -0.7000
vn -0.2569 0.0943 -0.9618
vn -0.9602 0.2794 0.0062
vn -0.9269 0.2876 -0.2410
vn -0.6889 0.2052 -0.6952
vn -0.2522 0.1211 -0.9601
vn -0.9208 0.3899 0.0134
vn -0.8889 0.3937 -0.2342
vn -0.6662 0.2825 -0.6902
vn -0.2439 0.1493 -0.9582
vn -0.8666 0.4986 0.0205
vn -0.8367 0.4981 -0.2274
vn -0.6331 0.3602 -0.6852
vn -0.2317 0.1778 -0.9564
vn -0.7988 0.6009 0.0271
vn -0.7715 0.5966 -0.2210
vn -0.5899 0.4351 -0.6803
vn -0.2159 0.2052 -0.9546
vn -0.7199 0.6932 0.0331
vn -0.6956 0.6854 -0.2152
vn -0.5378 0.5041 -0.6758
vn -0.1969 0.2305 -0.9530
vn -0.6332 0.7730 0.0383
vn -0.6121 0.7623 -0.2102
vn -0.4789 0.5650 -0.6718
vn -0.1753 0.2528 -0.9515
vn -0.5421 0.8392 0.0426
vn -0.5244 0.8262 -0.2060
vn -0.4158 0.6166 -0.6685
vn -0.1522 0.2717 -0.9503
vn -0.4500 0.8918 0.0460
vn -0.4356 0.8770 -0.2026
vn -0.3509 0.6585 -0.6657
vn -0.1284 0.2870 -0.9493
vn -0.3595 0.9319 0.0486
vn -0.3484 0.9157 -0.2000
vn -0.2862 0.6912 -0.6636
vn -0.1048 0.2989 -0.9485
vn -0.2727 0.9608 0.0505
vn -0.2647 0.9437 -0.1982
vn -0.2234 0.7154 -0.6620
vn -0.0818 0.3078 -0.9479
vn -0.1911 0.9802 0.0518
vn -0.1861 0.9626 -0.1969
vn -0.1638 0.7323 -0.6609
vn -0.0600 0.3140 -0.9475
vn -0.1158 0.9919 0.0525
vn -0.1138 0.9739 -0.1961
vn -0.1084 0.7432 -0.6602
vn -0.0397 0.3180 -0.9473
vn -0.0465 0.9975 0.0529
vn -0.0495 0.9794 -0.1957
vn -0.0581 0.7492 -0.6598
vn -0.0213 0.3202 -0.9471
vn -0.0000 0.9986 0.0530
vn -0.0000 0.9807 -0.1956
vn -0.0143 0.7514 -0.6597
vn -0.0052 0.3210 -0.9471
vn 0.0465 0.9975 0.0529
vn 0.0495 0.9794 -0.1957
vn 0.0143 0.7514 -0.6597
vn 0.0052 0.3210 -0.9471
vn 0.1158 0.9919 0.0525
vn 0.1138 0.9739 -0.1961
vn 0.0581 0.7492 -0.6598
vn 0.0213 0.3202 -0.9471
vn 0.1911 0.9802 0.0518
vn 0.1861 0.9626 -0.1969
vn 0.1084 0.7432 -0.6602
vn 0.0397 0.3180 -0.9473
vn 0.2727 0.9608 0.0505
vn 0.2647 0.9437 -0.1982
vn 0.1638 0.7323 -0.6609
vn 0.0600 0.3140 -0.9475
vn 0.3595 0.9319 0.0486
vn 0.3484 0.9157 -0.2000
vn 0.2234 0.7154 -0.6620
vn 0.0818 0.3078 -0.9479
vn 0.4500 0.8918 0.0460
vn 0.4356 0.8770 -0.2026
vn 0.2862 0.6912 -0.6636
vn 0.1048 0.2989 -0.9485
vn 0.5421 0.8392 0.0426
vn 0.5244 0.8262 -0.2060
vn 0.3509 0.6585 -0.6657
vn 0.1284 0.2870 -0.9493
vn 0.6332 0.7730 0.0383
vn 0.6121 0.7623 -0.2102
vn 0.4158 0.6166 -0.6685
vn 0.1522 0.2717 -0.9503
vn 0.7199 0.6932 0.0331
vn 0.6956 0.6854 -0.2152
vn 0.4789 0.5650 -0.6718
vn 0.1753 0.2528 -0.9515
vn 0.7988 0.6009 0.0271
vn 0.7715 0.5966 -0.2210
vn 0.5378 0.5041 -0.6758
vn 0.1969 0.2305 -0.9530
vn 0.8666 0.4986 0.0205
vn 0.8367 0.4981 -0.2274
vn 0.5898 0.4351 -0.6803
vn 0.2159 0.2052 -0.9546
vn 0.9208 0.3899 0.0134
vn 0.8889 0.3937 -0.2342
vn 0.6331 0.3602 -0.6852
vn 0.2317 0.1778 -0.9564
vn 0.9602 0.2794 0.0062
vn 0.9269 0.2876 -0.2410
vn 0.6662 0.2825 -0.6902
vn 0.2439 0.1493 -0.9582
vn 0.9851 0.1720 -0.0008
vn 0.9511 0.1848 -0.2477
vn 0.6888 0.2052 -0.6953
vn 0.2522 0.1211 -0.9601
vn 0.9975 0.0701 -0.0075
vn 0.9630 0.0904 -0.2538
vn 0.7018 0.1322 -0.7000
vn 0.2569 0.0943 -0.9618
vn 0.2587 0.0705 -0.9634
vn 0.7068 0.0672 -0.7042
vn -0.0000 -0.0650 0.9979
vn -0.0000 0.0650 -0.9979
vt 0.044777 0.731816
vt 0.039763 0.731810
vt 0.040073 0.632266
vt 0.044878 0.632271
vt 0.036099 0.731794
vt 0.036562 0.632250
vt 0.032880 0.731767
vt 0.033475 0.632225
vt 0.029975 0.731730
vt 0.030690 0.632190
vt 0.027338 0.731682
vt 0.028161 0.632146
vt 0.024948 0.731624
vt 0.025868 0.632091
vt 0.022799 0.731556
vt 0.023806 0.632028
vt 0.713363 0.396061
vt 0.711106 0.396129
vt 0.706382 0.296732
vt 0.708489 0.296667
vt 0.708566 0.396189
vt 0.704012 0.296790
vt 0.705746 0.396242
vt 0.701379 0.296840
vt 0.702644 0.396287
vt 0.698484 0.296883
vt 0.699251 0.396324
vt 0.695318 0.296919
vt 0.695544 0.396353
vt 0.691858 0.296947
vt 0.691463 0.396374
vt 0.688049 0.296967
vt 0.686846 0.396386
vt 0.683740 0.296979
vt 0.680560 0.396391
vt 0.677873 0.296983
vt 0.674274 0.396386
vt 0.672006 0.296979
vt 0.669657 0.396374
vt 0.667697 0.296967
vt 0.665576 0.396353
vt 0.663888 0.296947
vt 0.661869 0.396324
vt 0.660428 0.296919
vt 0.658477 0.396287
vt 0.657262 0.296884
vt 0.655375 0.396242
vt 0.654367 0.296840
vt 0.652555 0.396189
vt 0.651735 0.296790
vt 0.650015 0.396129
vt 0.649364 0.296732
vt 0.647758 0.396061
vt 0.647258 0.296667
vt 0.128873 0.731525
vt 0.126724 0.731604
vt 0.126113 0.632279
vt 0.128176 0.632206
vt 0.124334 0.731671
vt 0.123821 0.632342
vt 0.121696 0.731726
vt 0.121291 0.632393
vt 0.118791 0.731769
vt 0.118506 0.632433
vt 0.115572 0.731800
vt 0.115420 0.632462
vt 0.111908 0.731819
vt 0.111908 0.632479
vt 0.106894 0.731825
vt 0.107103 0.632485
vt 0.101864 0.731819
vt 0.102283 0.632479
vt 0.098151 0.731800
vt 0.098725 0.632462
vt 0.094851 0.731769
vt 0.095563 0.632433
vt 0.091832 0.731726
vt 0.092672 0.632393
vt 0.089049 0.731671
vt 0.090007 0.632342
vt 0.086483 0.731604
vt 0.087549 0.632279
vt 0.084126 0.731525
vt 0.085293 0.632206
vt 0.211532 0.731456
vt 0.209275 0.731524
vt 0.209926 0.632127
vt 0.212032 0.632061
vt 0.206735 0.731584
vt 0.207555 0.632185
vt 0.203915 0.731637
vt 0.204923 0.632235
vt 0.200813 0.731682
vt 0.202028 0.632278
vt 0.197421 0.731719
vt 0.198862 0.632314
vt 0.193713 0.731748
vt 0.195402 0.632342
vt 0.189633 0.731769
vt 0.191593 0.632361
vt 0.185016 0.731781
vt 0.187284 0.632373
vt 0.178730 0.731785
vt 0.181417 0.632377
vt 0.172443 0.731781
vt 0.175550 0.632373
vt 0.167827 0.731769
vt 0.171241 0.632361
vt 0.163746 0.731748
vt 0.167432 0.632342
vt 0.160039 0.731719
vt 0.163972 0.632314
vt 0.156646 0.731682
vt 0.160805 0.632278
vt 0.153544 0.731637
vt 0.157910 0.632235
vt 0.150724 0.731584
vt 0.155278 0.632185
vt 0.148184 0.731524
vt 0.152908 0.632127
vt 0.145927 0.731456
vt 0.150801 0.632061
vt 0.067545 0.731556
vt 0.065189 0.731624
vt 0.064432 0.632092
vt 0.066688 0.632028
vt 0.062622 0.731682
vt 0.061975 0.632146
vt 0.059839 0.731730
vt 0.059310 0.632190
vt 0.056821 0.731768
vt 0.056418 0.632225
vt 0.053520 0.731794
vt 0.053256 0.632250
vt 0.049807 0.731810
vt 0.049699 0.632266
vt 0.040526 0.457483
vt 0.044913 0.457488
vt 0.037319 0.457470
vt 0.034500 0.457448
vt 0.031956 0.457417
vt 0.029645 0.457377
vt 0.027551 0.457328
vt 0.025666 0.457271
vt 0.700640 0.122107
vt 0.702521 0.122047
vt 0.698524 0.122160
vt 0.696174 0.122206
vt 0.693589 0.122246
vt 0.690762 0.122278
vt 0.687672 0.122303
vt 0.684272 0.122321
vt 0.680424 0.122332
vt 0.675186 0.122336
vt 0.669947 0.122332
vt 0.666100 0.122321
vt 0.662699 0.122303
vt 0.659610 0.122278
vt 0.656783 0.122246
vt 0.654198 0.122206
vt 0.651848 0.122160
vt 0.649731 0.122107
vt 0.647851 0.122047
vt 0.124762 0.457732
vt 0.126647 0.457667
vt 0.122667 0.457788
vt 0.120356 0.457834
vt 0.117812 0.457870
vt 0.114994 0.457895
vt 0.111787 0.457911
vt 0.107399 0.457916
vt 0.102998 0.457911
vt 0.099751 0.457895
vt 0.096864 0.457870
vt 0.094225 0.457834
vt 0.091793 0.457788
vt 0.089551 0.457732
vt 0.087494 0.457667
vt 0.209558 0.457502
vt 0.211439 0.457442
vt 0.207442 0.457555
vt 0.205092 0.457601
vt 0.202507 0.457640
vt 0.199680 0.457673
vt 0.196590 0.457698
vt 0.193190 0.457716
vt 0.189343 0.457727
vt 0.184104 0.457731
vt 0.178865 0.457727
vt 0.175018 0.457716
vt 0.171618 0.457698
vt 0.168528 0.457673
vt 0.165701 0.457640
vt 0.163116 0.457601
vt 0.160766 0.457555
vt 0.158649 0.457502
vt 0.156768 0.457442
vt 0.062761 0.457328
vt 0.064819 0.457271
vt 0.060519 0.457377
vt 0.058087 0.457417
vt 0.055448 0.457448
vt 0.052562 0.457470
vt 0.049314 0.457484
vt 0.040905 0.360857
vt 0.044666 0.360861
vt 0.038157 0.360845
vt 0.035742 0.360825
vt 0.033562 0.360798
vt 0.031583 0.360763
vt 0.029789 0.360720
vt 0.028176 0.360670
vt 0.702960 0.025327
vt 0.704615 0.025276
vt 0.701097 0.025373
vt 0.699029 0.025412
vt 0.696754 0.025446
vt 0.694266 0.025474
vt 0.691548 0.025495
vt 0.688555 0.025511
vt 0.685170 0.025520
vt 0.680560 0.025523
vt 0.675950 0.025520
vt 0.672564 0.025511
vt 0.669572 0.025495
vt 0.666853 0.025474
vt 0.664365 0.025446
vt 0.662090 0.025412
vt 0.660022 0.025373
vt 0.658160 0.025327
vt 0.656505 0.025276
vt 0.121984 0.360724
vt 0.123598 0.360666
vt 0.120191 0.360773
vt 0.118211 0.360814
vt 0.116031 0.360845
vt 0.113616 0.360868
vt 0.110868 0.360881
vt 0.107108 0.360886
vt 0.103335 0.360881
vt 0.100551 0.360868
vt 0.098076 0.360845
vt 0.095813 0.360814
vt 0.093727 0.360773
vt 0.091804 0.360724
vt 0.090038 0.360666
vt 0.201130 0.360722
vt 0.202785 0.360671
vt 0.199267 0.360767
vt 0.197199 0.360807
vt 0.194925 0.360841
vt 0.192437 0.360868
vt 0.189718 0.360890
vt 0.186726 0.360906
vt 0.183340 0.360915
vt 0.178730 0.360918
vt 0.174120 0.360915
vt 0.170734 0.360906
vt 0.167742 0.360890
vt 0.165023 0.360868
vt 0.162535 0.360841
vt 0.160261 0.360807
vt 0.158192 0.360767
vt 0.156330 0.360722
vt 0.154675 0.360671
vt 0.059970 0.360720
vt 0.061736 0.360670
vt 0.058046 0.360763
vt 0.055960 0.360798
vt 0.053697 0.360825
vt 0.051223 0.360845
vt 0.048439 0.360857
vt 0.847039 0.176664
vt 0.842714 0.176536
vt 0.842789 0.175856
vt 0.847039 0.175982
vt 0.842890 0.174740
vt 0.847039 0.174863
vt 0.842969 0.173782
vt 0.847039 0.173903
vt 0.840047 0.173429
vt 0.839877 0.174376
vt 0.839672 0.175478
vt 0.839537 0.176152
vt 0.837496 0.172848
vt 0.837230 0.173774
vt 0.836919 0.174852
vt 0.836729 0.175514
vt 0.835200 0.172046
vt 0.834836 0.172937
vt 0.834418 0.173980
vt 0.834176 0.174624
vt 0.833112 0.171027
vt 0.832651 0.171870
vt 0.832130 0.172865
vt 0.831838 0.173485
vt 0.831209 0.169791
vt 0.830656 0.170576
vt 0.830036 0.171511
vt 0.829699 0.172101
vt 0.829479 0.168341
vt 0.828841 0.169056
vt 0.828131 0.169920
vt 0.827753 0.170476
vt 0.827916 0.166674
vt 0.827205 0.167312
vt 0.826412 0.168096
vt 0.825998 0.168612
vt 0.826520 0.164789
vt 0.825746 0.165345
vt 0.824883 0.166041
vt 0.824436 0.166513
vt 0.825293 0.162681
vt 0.824266 0.163242
vt 0.823550 0.163762
vt 0.823071 0.164180
vt 0.824241 0.160347
vt 0.822754 0.160973
vt 0.161028 0.774486
vt 0.158581 0.774449
vt 0.158249 0.773958
vt 0.160759 0.773991
vt 0.157821 0.773260
vt 0.160390 0.773288
vt 0.823368 0.157775
vt 0.821830 0.158258
vt 0.163743 0.774517
vt 0.163514 0.774016
vt 0.163203 0.773310
vt 0.822681 0.154943
vt 0.821106 0.155290
vt 0.166711 0.774542
vt 0.166527 0.774036
vt 0.166279 0.773326
vt 0.822184 0.151801
vt 0.820587 0.152022
vt 0.169980 0.774559
vt 0.169847 0.774050
vt 0.169668 0.773338
vt 0.821884 0.148217
vt 0.820274 0.148321
vt 0.173681 0.774570
vt 0.173607 0.774058
vt 0.173504 0.773344
vt 0.821781 0.143272
vt 0.820170 0.143272
vt 0.178730 0.774573
vt 0.178729 0.774061
vt 0.178730 0.773346
vt 0.821884 0.138327
vt 0.820274 0.138223
vt 0.183778 0.774570
vt 0.183852 0.774058
vt 0.183955 0.773344
vt 0.822185 0.134743
vt 0.820587 0.134522
vt 0.187479 0.774559
vt 0.187612 0.774050
vt 0.187791 0.773338
vt 0.822681 0.131601
vt 0.821106 0.131254
vt 0.190748 0.774542
vt 0.190932 0.774036
vt 0.191180 0.773326
vt 0.823368 0.128769
vt 0.821830 0.128286
vt 0.193716 0.774517
vt 0.193945 0.774016
vt 0.194256 0.773310
vt 0.824241 0.126197
vt 0.822754 0.125571
vt 0.196430 0.774486
vt 0.196699 0.773991
vt 0.197069 0.773288
vt 0.825293 0.123862
vt 0.824266 0.123302
vt 0.198878 0.774449
vt 0.199210 0.773959
vt 0.199638 0.773260
vt 0.826519 0.121756
vt 0.825746 0.121199
vt 0.823550 0.122782
vt 0.824883 0.120503
vt 0.823071 0.122364
vt 0.824436 0.120031
vt 0.827916 0.119870
vt 0.827205 0.119232
vt 0.826412 0.118448
vt 0.825998 0.117932
vt 0.829479 0.118203
vt 0.828841 0.117488
vt 0.828131 0.116624
vt 0.827753 0.116068
vt 0.831209 0.116753
vt 0.830656 0.115968
vt 0.830036 0.115033
vt 0.829699 0.114443
vt 0.833112 0.115517
vt 0.832650 0.114673
vt 0.832130 0.113679
vt 0.831838 0.113059
vt 0.835200 0.114498
vt 0.834836 0.113607
vt 0.834418 0.112564
vt 0.834176 0.111920
vt 0.837496 0.113696
vt 0.837230 0.112770
vt 0.836919 0.111692
vt 0.836729 0.111030
vt 0.840047 0.113115
vt 0.839877 0.112168
vt 0.839672 0.111066
vt 0.839537 0.110392
vt 0.842969 0.112762
vt 0.842890 0.111804
vt 0.842789 0.110688
vt 0.842714 0.110008
vt 0.847039 0.112641
vt 0.847039 0.111681
vt 0.847039 0.110562
vt 0.847039 0.109880
vt 0.851109 0.112762
vt 0.851187 0.111804
vt 0.851289 0.110688
vt 0.851364 0.110008
vt 0.854032 0.113115
vt 0.854201 0.112168
vt 0.854406 0.111066
vt 0.854541 0.110392
vt 0.856582 0.113696
vt 0.856848 0.112770
vt 0.857159 0.111692
vt 0.857350 0.111030
vt 0.858878 0.114498
vt 0.859243 0.113607
vt 0.859660 0.112564
vt 0.859903 0.111920
vt 0.860966 0.115517
vt 0.861428 0.114673
vt 0.861949 0.113679
vt 0.862240 0.113059
vt 0.862869 0.116753
vt 0.863423 0.115968
vt 0.864042 0.115033
vt 0.864379 0.114443
vt 0.864600 0.118203
vt 0.865238 0.117488
vt 0.865948 0.116624
vt 0.866326 0.116068
vt 0.866163 0.119870
vt 0.866874 0.119232
vt 0.867666 0.118448
vt 0.868081 0.117932
vt 0.867559 0.121756
vt 0.868331 0.121199
vt 0.869195 0.120503
vt 0.869643 0.120031
vt 0.868785 0.123862
vt 0.869813 0.123302
vt 0.870528 0.122782
vt 0.871008 0.122364
vt 0.869838 0.126197
vt 0.871324 0.125571
vt 0.662859 0.439092
vt 0.660412 0.439055
vt 0.660080 0.438564
vt 0.662591 0.438596
vt 0.659652 0.437865
vt 0.662221 0.437893
vt 0.870710 0.128769
vt 0.872249 0.128286
vt 0.665574 0.439123
vt 0.665345 0.438622
vt 0.665034 0.437915
vt 0.871397 0.131601
vt 0.872972 0.131254
vt 0.668542 0.439147
vt 0.668358 0.438641
vt 0.668110 0.437931
vt 0.871894 0.134743
vt 0.873491 0.134522
vt 0.671811 0.439164
vt 0.671678 0.438655
vt 0.671499 0.437943
vt 0.872195 0.138327
vt 0.873804 0.138223
vt 0.675512 0.439175
vt 0.675437 0.438663
vt 0.675335 0.437949
vt 0.872297 0.143272
vt 0.873909 0.143272
vt 0.680560 0.439178
vt 0.680560 0.438666
vt 0.680560 0.437952
vt 0.872195 0.148217
vt 0.873804 0.148321
vt 0.685609 0.439175
vt 0.685683 0.438663
vt 0.685786 0.437949
vt 0.871894 0.151801
vt 0.873491 0.152022
vt 0.689310 0.439164
vt 0.689443 0.438655
vt 0.689622 0.437943
vt 0.871397 0.154943
vt 0.872972 0.155290
vt 0.692579 0.439147
vt 0.692762 0.438641
vt 0.693011 0.437931
vt 0.870710 0.157775
vt 0.872249 0.158258
vt 0.695547 0.439123
vt 0.695776 0.438622
vt 0.696087 0.437915
vt 0.869838 0.160347
vt 0.871324 0.160973
vt 0.698261 0.439092
vt 0.698530 0.438596
vt 0.698900 0.437893
vt 0.868786 0.162682
vt 0.869813 0.163242
vt 0.700709 0.439055
vt 0.701041 0.438564
vt 0.701469 0.437865
vt 0.867559 0.164789
vt 0.868331 0.165345
vt 0.870528 0.163762
vt 0.869195 0.166041
vt 0.871008 0.164180
vt 0.869643 0.166513
vt 0.866163 0.166674
vt 0.866874 0.167312
vt 0.867666 0.168096
vt 0.868081 0.168612
vt 0.864600 0.168341
vt 0.865237 0.169056
vt 0.865948 0.169920
vt 0.866326 0.170476
vt 0.862869 0.169791
vt 0.863423 0.170576
vt 0.864042 0.171511
vt 0.864379 0.172101
vt 0.860966 0.171027
vt 0.861428 0.171871
vt 0.861949 0.172865
vt 0.862240 0.173485
vt 0.858878 0.172046
vt 0.859243 0.172937
vt 0.859660 0.173980
vt 0.859903 0.174624
vt 0.856582 0.172848
vt 0.856848 0.173774
vt 0.857159 0.174852
vt 0.857350 0.175514
vt 0.854032 0.173429
vt 0.854201 0.174376
vt 0.854406 0.175478
vt 0.854541 0.176152
vt 0.851109 0.173782
vt 0.851188 0.174740
vt 0.851289 0.175856
vt 0.851364 0.176536
vt 0.847039 0.185115
vt 0.852353 0.184953
vt 0.852463 0.186099
vt 0.847039 0.186263
vt 0.044694 0.764134
vt 0.039287 0.764128
vt 0.039280 0.763463
vt 0.044696 0.763469
vt 0.039288 0.762518
vt 0.044699 0.762523
vt 0.856255 0.184468
vt 0.856471 0.185603
vt 0.035310 0.764111
vt 0.035315 0.763446
vt 0.035333 0.762501
vt 0.859703 0.183662
vt 0.860026 0.184774
vt 0.031804 0.764082
vt 0.031827 0.763418
vt 0.031859 0.762472
vt 0.862835 0.182537
vt 0.863262 0.183613
vt 0.028633 0.764042
vt 0.028678 0.763378
vt 0.028723 0.762432
vt 0.865699 0.181098
vt 0.866217 0.182126
vt 0.025761 0.763990
vt 0.025817 0.763328
vt 0.025875 0.762381
vt 0.868317 0.179350
vt 0.868913 0.180322
vt 0.023164 0.763928
vt 0.023226 0.763267
vt 0.023295 0.762320
vt 0.870694 0.177298
vt 0.871361 0.178206
vt 0.020878 0.763856
vt 0.020901 0.763195
vt 0.020974 0.762247
vt 0.872833 0.174949
vt 0.873562 0.175784
vt 0.715439 0.428353
vt 0.713073 0.428425
vt 0.713070 0.427765
vt 0.715474 0.427690
vt 0.713041 0.426814
vt 0.715441 0.426741
vt 0.874732 0.172307
vt 0.875514 0.173064
vt 0.710352 0.428490
vt 0.710358 0.427833
vt 0.710340 0.426880
vt 0.876388 0.169376
vt 0.877175 0.170136
vt 0.707195 0.428867
vt 0.707349 0.427892
vt 0.707341 0.426937
vt 0.706664 0.429735
vt 0.703443 0.429794
vt 0.703812 0.429079
vt 0.704042 0.427942
vt 0.704042 0.426985
vt 0.699923 0.429843
vt 0.700234 0.429120
vt 0.700429 0.427984
vt 0.700435 0.427025
vt 0.696079 0.429882
vt 0.696326 0.429152
vt 0.696483 0.428017
vt 0.696493 0.427056
vt 0.691851 0.429910
vt 0.692029 0.429175
vt 0.692143 0.428040
vt 0.692154 0.427079
vt 0.687069 0.429927
vt 0.687171 0.429189
vt 0.687236 0.428054
vt 0.687245 0.427092
vt 0.680560 0.429933
vt 0.680560 0.429194
vt 0.680560 0.428059
vt 0.680560 0.427097
vt 0.674051 0.429927
vt 0.673950 0.429189
vt 0.673884 0.428054
vt 0.673876 0.427092
vt 0.669269 0.429910
vt 0.669091 0.429175
vt 0.668977 0.428040
vt 0.668966 0.427079
vt 0.665041 0.429882
vt 0.664794 0.429152
vt 0.664637 0.428017
vt 0.664627 0.427056
vt 0.661197 0.429843
vt 0.660887 0.429120
vt 0.660692 0.427984
vt 0.660685 0.427025
vt 0.657677 0.429794
vt 0.657308 0.429079
vt 0.657078 0.427942
vt 0.657078 0.426985
vt 0.654456 0.429735
vt 0.653925 0.428867
vt 0.653771 0.427892
vt 0.653779 0.426937
vt 0.876388 0.117168
vt 0.874732 0.114237
vt 0.875514 0.113480
vt 0.877175 0.116408
vt 0.650769 0.428490
vt 0.650762 0.427833
vt 0.650781 0.426880
vt 0.872833 0.111595
vt 0.873562 0.110760
vt 0.648048 0.428425
vt 0.648050 0.427765
vt 0.648080 0.426814
vt 0.870694 0.109246
vt 0.871361 0.108338
vt 0.645682 0.428353
vt 0.645646 0.427690
vt 0.645680 0.426741
vt 0.868317 0.107194
vt 0.868913 0.106222
vt 0.130785 0.763831
vt 0.128499 0.763913
vt 0.128437 0.763252
vt 0.130762 0.763170
vt 0.128368 0.762305
vt 0.130689 0.762222
vt 0.865699 0.105446
vt 0.866217 0.104418
vt 0.125902 0.763985
vt 0.125845 0.763323
vt 0.125788 0.762376
vt 0.862835 0.104007
vt 0.863262 0.102932
vt 0.123029 0.764045
vt 0.122985 0.763381
vt 0.122940 0.762435
vt 0.859703 0.102882
vt 0.860026 0.101770
vt 0.119858 0.764091
vt 0.119836 0.763426
vt 0.119804 0.762481
vt 0.856255 0.102076
vt 0.856471 0.100941
vt 0.116352 0.764124
vt 0.116348 0.763459
vt 0.116330 0.762513
vt 0.852353 0.101591
vt 0.852463 0.100445
vt 0.112376 0.764144
vt 0.112383 0.763479
vt 0.112375 0.762533
vt 0.847039 0.101429
vt 0.847039 0.100281
vt 0.106968 0.764150
vt 0.106966 0.763486
vt 0.106964 0.762540
vt 0.841725 0.101591
vt 0.841615 0.100445
vt 0.101543 0.764144
vt 0.101533 0.763479
vt 0.101536 0.762533
vt 0.837824 0.102076
vt 0.837607 0.100941
vt 0.097514 0.764124
vt 0.097515 0.763459
vt 0.097530 0.762513
vt 0.834375 0.102882
vt 0.834052 0.101770
vt 0.093921 0.764091
vt 0.093941 0.763426
vt 0.093968 0.762481
vt 0.831244 0.104007
vt 0.830816 0.102932
vt 0.090628 0.764045
vt 0.090670 0.763381
vt 0.090712 0.762435
vt 0.828379 0.105446
vt 0.827861 0.104418
vt 0.087599 0.763985
vt 0.087654 0.763323
vt 0.087709 0.762376
vt 0.825762 0.107194
vt 0.825165 0.106222
vt 0.084812 0.763913
vt 0.084874 0.763252
vt 0.084941 0.762305
vt 0.823384 0.109246
vt 0.822717 0.108338
vt 0.082309 0.763831
vt 0.082329 0.763170
vt 0.082400 0.762222
vt 0.821245 0.111595
vt 0.820516 0.110760
vt 0.213608 0.763747
vt 0.211242 0.763819
vt 0.211240 0.763160
vt 0.213643 0.763085
vt 0.211210 0.762209
vt 0.213610 0.762136
vt 0.819346 0.114237
vt 0.818564 0.113480
vt 0.208521 0.763885
vt 0.208528 0.763228
vt 0.208509 0.762275
vt 0.817690 0.117168
vt 0.816903 0.116408
vt 0.205365 0.764262
vt 0.205519 0.763287
vt 0.205510 0.762331
vt 0.204834 0.765130
vt 0.201613 0.765189
vt 0.201981 0.764474
vt 0.202212 0.763337
vt 0.202212 0.762380
vt 0.198092 0.765238
vt 0.198403 0.764515
vt 0.198598 0.763379
vt 0.198605 0.762420
vt 0.194249 0.765276
vt 0.194496 0.764547
vt 0.194653 0.763411
vt 0.194663 0.762451
vt 0.190021 0.765305
vt 0.190199 0.764570
vt 0.190313 0.763435
vt 0.190323 0.762473
vt 0.185239 0.765322
vt 0.185340 0.764584
vt 0.185406 0.763449
vt 0.185414 0.762487
vt 0.178730 0.765328
vt 0.178730 0.764589
vt 0.178730 0.763454
vt 0.178730 0.762491
vt 0.172220 0.765322
vt 0.172119 0.764584
vt 0.172054 0.763449
vt 0.172045 0.762487
vt 0.167439 0.765305
vt 0.167261 0.764570
vt 0.167147 0.763435
vt 0.167136 0.762473
vt 0.163211 0.765276
vt 0.162963 0.764547
vt 0.162807 0.763411
vt 0.162797 0.762451
vt 0.159367 0.765238
vt 0.159056 0.764515
vt 0.158861 0.763379
vt 0.158855 0.762420
vt 0.155847 0.765189
vt 0.155478 0.764474
vt 0.155247 0.763337
vt 0.155247 0.762380
vt 0.152625 0.765130
vt 0.152094 0.764261
vt 0.151941 0.763287
vt 0.151949 0.762331
vt 0.817690 0.169376
vt 0.819346 0.172307
vt 0.818564 0.173064
vt 0.816903 0.170136
vt 0.148938 0.763885
vt 0.148932 0.763228
vt 0.148950 0.762274
vt 0.821245 0.174949
vt 0.820516 0.175784
vt 0.146217 0.763819
vt 0.146219 0.763160
vt 0.146249 0.762209
vt 0.823384 0.177298
vt 0.822717 0.178206
vt 0.143851 0.763747
vt 0.143816 0.763085
vt 0.143849 0.762136
vt 0.825762 0.179350
vt 0.825165 0.180322
vt 0.069354 0.763856
vt 0.066851 0.763928
vt 0.066789 0.763267
vt 0.069334 0.763195
vt 0.066722 0.762320
vt 0.069264 0.762247
vt 0.828379 0.181098
vt 0.827861 0.182126
vt 0.064064 0.763990
vt 0.064008 0.763328
vt 0.063954 0.762382
vt 0.831244 0.182537
vt 0.830816 0.183613
vt 0.061035 0.764042
vt 0.060992 0.763378
vt 0.060951 0.762432
vt 0.834375 0.183662
vt 0.834052 0.184774
vt 0.057742 0.764082
vt 0.057722 0.763418
vt 0.057695 0.762472
vt 0.837823 0.184468
vt 0.837607 0.185603
vt 0.054148 0.764111
vt 0.054147 0.763446
vt 0.054133 0.762501
vt 0.841725 0.184953
vt 0.841615 0.186099
vt 0.050119 0.764128
vt 0.050130 0.763463
vt 0.050127 0.762518
vt 0.044635 0.343674
vt 0.040874 0.343670
vt 0.040871 0.342059
vt 0.044632 0.342063
vt 0.969942 0.482701
vt 0.966168 0.482663
vt 0.966214 0.481858
vt 0.969925 0.481895
vt 0.966259 0.481052
vt 0.969910 0.481088
vt 0.038126 0.343659
vt 0.038123 0.342047
vt 0.963392 0.482377
vt 0.963517 0.481580
vt 0.963641 0.480783
vt 0.035711 0.343639
vt 0.035708 0.342028
vt 0.960933 0.481860
vt 0.961144 0.481081
vt 0.961355 0.480301
vt 0.033531 0.343612
vt 0.033528 0.342000
vt 0.958693 0.481113
vt 0.958993 0.480364
vt 0.959294 0.479615
vt 0.031552 0.343576
vt 0.031549 0.341965
vt 0.956638 0.480142
vt 0.957026 0.479435
vt 0.957415 0.478727
vt 0.029758 0.343534
vt 0.029755 0.341923
vt 0.954752 0.478949
vt 0.955224 0.478295
vt 0.955697 0.477640
vt 0.028144 0.343484
vt 0.028151 0.341873
vt 0.953031 0.477539
vt 0.953579 0.476947
vt 0.954127 0.476354
vt 0.704615 0.008089
vt 0.702960 0.008140
vt 0.702959 0.006529
vt 0.704606 0.006478
vt 0.951474 0.475915
vt 0.952088 0.475392
vt 0.952702 0.474867
vt 0.701097 0.008185
vt 0.701097 0.006574
vt 0.950083 0.474081
vt 0.950751 0.473629
vt 0.951420 0.473177
vt 0.699029 0.008225
vt 0.699029 0.006614
vt 0.948859 0.472037
vt 0.949572 0.471659
vt 0.950285 0.471280
vt 0.696754 0.008259
vt 0.696754 0.006647
vt 0.947806 0.469783
vt 0.948553 0.469477
vt 0.949299 0.469171
vt 0.694266 0.008287
vt 0.694266 0.006675
vt 0.946928 0.467313
vt 0.947699 0.467076
vt 0.948470 0.466839
vt 0.691548 0.008308
vt 0.691548 0.006697
vt 0.946225 0.464608
vt 0.947013 0.464436
vt 0.947802 0.464265
vt 0.688555 0.008324
vt 0.688555 0.006713
vt 0.945701 0.461625
vt 0.946499 0.461514
vt 0.947298 0.461403
vt 0.685170 0.008333
vt 0.685170 0.006722
vt 0.945353 0.458246
vt 0.946158 0.458188
vt 0.946962 0.458131
vt 0.680560 0.008336
vt 0.680560 0.006725
vt 0.945166 0.453639
vt 0.945972 0.453622
vt 0.946778 0.453606
vt 0.675950 0.008333
vt 0.675950 0.006722
vt 0.945166 0.449028
vt 0.945972 0.449053
vt 0.946779 0.449078
vt 0.672564 0.008324
vt 0.672564 0.006713
vt 0.945377 0.445637
vt 0.946180 0.445716
vt 0.946983 0.445795
vt 0.669572 0.008308
vt 0.669572 0.006697
vt 0.945781 0.442636
vt 0.946576 0.442776
vt 0.947370 0.442915
vt 0.666853 0.008287
vt 0.666853 0.006675
vt 0.946374 0.439905
vt 0.947153 0.440110
vt 0.947933 0.440316
vt 0.664365 0.008259
vt 0.664365 0.006647
vt 0.947152 0.437401
vt 0.947910 0.437677
vt 0.948668 0.437953
vt 0.662090 0.008225
vt 0.662091 0.006614
vt 0.948112 0.435106
vt 0.948840 0.435456
vt 0.949567 0.435805
vt 0.660022 0.008185
vt 0.660023 0.006574
vt 0.949252 0.433015
vt 0.949938 0.433439
vt 0.950625 0.433864
vt 0.658160 0.008140
vt 0.658160 0.006529
vt 0.950569 0.431125
vt 0.951203 0.431624
vt 0.951838 0.432123
vt 0.656505 0.008089
vt 0.656514 0.006478
vt 0.952059 0.429440
vt 0.952630 0.430010
vt 0.953202 0.430580
vt 0.123634 0.343483
vt 0.122020 0.343541
vt 0.122023 0.341930
vt 0.123628 0.341873
vt 0.953721 0.427961
vt 0.954219 0.428596
vt 0.954718 0.429231
vt 0.120227 0.343590
vt 0.120230 0.341979
vt 0.955557 0.426694
vt 0.955974 0.427385
vt 0.956392 0.428076
vt 0.118247 0.343631
vt 0.118250 0.342020
vt 0.957572 0.425640
vt 0.957902 0.426376
vt 0.958233 0.427113
vt 0.116068 0.343662
vt 0.116071 0.342051
vt 0.959779 0.424804
vt 0.960022 0.425573
vt 0.960264 0.426344
vt 0.113652 0.343685
vt 0.113656 0.342074
vt 0.962216 0.424187
vt 0.962372 0.424978
vt 0.962529 0.425770
vt 0.110904 0.343698
vt 0.110908 0.342087
vt 0.964978 0.423790
vt 0.965056 0.424592
vt 0.965134 0.425396
vt 0.107144 0.343703
vt 0.107147 0.342092
vt 0.968747 0.423599
vt 0.968763 0.424405
vt 0.968779 0.425212
vt 0.103371 0.343698
vt 0.103375 0.342087
vt 0.972520 0.423637
vt 0.972475 0.424442
vt 0.972430 0.425248
vt 0.100587 0.343685
vt 0.100590 0.342074
vt 0.975296 0.423923
vt 0.975172 0.424719
vt 0.975047 0.425517
vt 0.098112 0.343662
vt 0.098116 0.342051
vt 0.977756 0.424440
vt 0.977545 0.425219
vt 0.977334 0.425998
vt 0.095849 0.343631
vt 0.095853 0.342020
vt 0.979995 0.425187
vt 0.979695 0.425936
vt 0.979394 0.426685
vt 0.093763 0.343590
vt 0.093767 0.341979
vt 0.982051 0.426158
vt 0.981663 0.426865
vt 0.981273 0.427573
vt 0.091840 0.343541
vt 0.091844 0.341930
vt 0.983937 0.427351
vt 0.983464 0.428005
vt 0.982992 0.428660
vt 0.090074 0.343483
vt 0.090088 0.341873
vt 0.985657 0.428761
vt 0.985110 0.429353
vt 0.984561 0.429946
vt 0.202785 0.343484
vt 0.201130 0.343535
vt 0.201129 0.341924
vt 0.202775 0.341873
vt 0.987215 0.430385
vt 0.986601 0.430908
vt 0.985987 0.431433
vt 0.199267 0.343580
vt 0.199267 0.341969
vt 0.988606 0.432219
vt 0.987938 0.432671
vt 0.987269 0.433123
vt 0.197199 0.343620
vt 0.197199 0.342009
vt 0.989830 0.434263
vt 0.989117 0.434641
vt 0.988404 0.435020
vt 0.194925 0.343654
vt 0.194924 0.342042
vt 0.990882 0.436517
vt 0.990136 0.436823
vt 0.989389 0.437129
vt 0.192437 0.343681
vt 0.192437 0.342070
vt 0.991761 0.438987
vt 0.990990 0.439224
vt 0.990219 0.439461
vt 0.189718 0.343703
vt 0.189718 0.342092
vt 0.992463 0.441692
vt 0.991676 0.441864
vt 0.990887 0.442035
vt 0.186726 0.343719
vt 0.186726 0.342107
vt 0.992988 0.444675
vt 0.992189 0.444786
vt 0.991390 0.444897
vt 0.183340 0.343728
vt 0.183340 0.342117
vt 0.993336 0.448054
vt 0.992532 0.448112
vt 0.991727 0.448169
vt 0.178730 0.343731
vt 0.178730 0.342120
vt 0.993522 0.452661
vt 0.992716 0.452677
vt 0.991910 0.452694
vt 0.174120 0.343728
vt 0.174120 0.342117
vt 0.993522 0.457272
vt 0.992716 0.457247
vt 0.991910 0.457222
vt 0.170735 0.343719
vt 0.170735 0.342107
vt 0.993311 0.460663
vt 0.992509 0.460584
vt 0.991706 0.460505
vt 0.167742 0.343703
vt 0.167742 0.342092
vt 0.992908 0.463664
vt 0.992113 0.463524
vt 0.991319 0.463385
vt 0.165023 0.343681
vt 0.165024 0.342070
vt 0.992315 0.466395
vt 0.991535 0.466190
vt 0.990755 0.465984
vt 0.162535 0.343654
vt 0.162536 0.342042
vt 0.991537 0.468899
vt 0.990779 0.468623
vt 0.990021 0.468347
vt 0.160261 0.343620
vt 0.160261 0.342009
vt 0.990576 0.471194
vt 0.989849 0.470844
vt 0.989121 0.470495
vt 0.158193 0.343580
vt 0.158193 0.341969
vt 0.989436 0.473285
vt 0.988750 0.472861
vt 0.988064 0.472436
vt 0.156330 0.343535
vt 0.156330 0.341924
vt 0.988120 0.475174
vt 0.987486 0.474676
vt 0.986851 0.474177
vt 0.154675 0.343484
vt 0.154684 0.341873
vt 0.986630 0.476860
vt 0.986059 0.476290
vt 0.985487 0.475720
vt 0.061704 0.343484
vt 0.059938 0.343534
vt 0.059935 0.341923
vt 0.061691 0.341873
vt 0.984967 0.478338
vt 0.984469 0.477704
vt 0.983970 0.477069
vt 0.058015 0.343576
vt 0.058012 0.341965
vt 0.983132 0.479606
vt 0.982715 0.478916
vt 0.982297 0.478224
vt 0.055929 0.343612
vt 0.055926 0.342000
vt 0.981117 0.480660
vt 0.980787 0.479924
vt 0.980456 0.479187
vt 0.053666 0.343639
vt 0.053663 0.342028
vt 0.978909 0.481496
vt 0.978667 0.480727
vt 0.978425 0.479956
vt 0.051191 0.343659
vt 0.051188 0.342047
vt 0.976473 0.482113
vt 0.976316 0.481322
vt 0.976160 0.480530
vt 0.048407 0.343671
vt 0.048404 0.342059
vt 0.973710 0.482510
vt 0.973633 0.481708
vt 0.973555 0.480904
s 1
usemtl 05_|_charcoal_anti_vibration_rubber
f 641/793/643 642/794/644 706/795/645 705/796/646
f 642/794/644 643/797/647 707/798/648 706/795/645
f 643/797/647 644/799/649 708/800/650 707/798/648
f 644/799/649 645/801/651 709/802/652 708/800/650
f 645/801/651 646/803/653 710/804/654 709/802/652
f 646/803/653 647/805/655 711/806/656 710/804/654
f 647/805/655 648/807/657 712/808/658 711/806/656
f 648/809/657 649/810/659 713/811/660 712/812/658
f 649/810/659 650/813/661 714/814/662 713/811/660
f 650/813/661 651/815/663 715/816/664 714/814/662
f 651/815/663 652/817/665 716/818/666 715/816/664
f 652/817/665 653/819/667 717/820/668 716/818/666
f 653/819/667 654/821/669 718/822/670 717/820/668
f 654/821/669 655/823/671 719/824/672 718/822/670
f 655/823/671 656/825/673 720/826/674 719/824/672
f 656/825/673 657/827/675 721/828/676 720/826/674
f 657/827/675 658/829/677 722/830/678 721/828/676
f 658/829/677 659/831/679 723/832/680 722/830/678
f 659/831/679 660/833/681 724/834/682 723/832/680
f 660/833/681 661/835/683 725/836/684 724/834/682
f 661/835/683 662/837/685 726/838/686 725/836/684
f 662/837/685 663/839/687 727/840/688 726/838/686
f 663/839/687 664/841/689 728/842/690 727/840/688
f 664/841/689 665/843/691 729/844/692 728/842/690
f 665/843/691 666/845/693 730/846/694 729/844/692
f 666/847/693 667/848/695 731/849/696 730/850/694
f 667/848/695 668/851/697 732/852/698 731/849/696
f 668/851/697 669/853/699 733/854/700 732/852/698
f 669/853/699 670/855/701 734/856/702 733/854/700
f 670/855/701 671/857/703 735/858/704 734/856/702
f 671/857/703 672/859/705 736/860/706 735/858/704
f 672/859/705 673/861/707 737/862/708 736/860/706
f 673/861/707 674/863/709 738/864/710 737/862/708
f 674/863/709 675/865/711 739/866/712 738/864/710
f 675/865/711 676/867/713 740/868/714 739/866/712
f 676/867/713 677/869/715 741/870/716 740/868/714
f 677/869/715 678/871/717 742/872/718 741/870/716
f 678/871/717 679/873/719 743/874/720 742/872/718
f 679/873/719 680/875/721 744/876/722 743/874/720
f 680/877/721 681/878/723 745/879/724 744/880/722
f 681/878/723 682/881/725 746/882/726 745/879/724
f 682/881/725 683/883/727 747/884/728 746/882/726
f 683/883/727 684/885/729 748/886/730 747/884/728
f 684/885/729 685/887/731 749/888/732 748/886/730
f 685/887/731 686/889/733 750/890/734 749/888/732
f 686/889/733 687/891/735 751/892/736 750/890/734
f 687/891/735 688/893/737 752/894/738 751/892/736
f 688/893/737 689/895/739 753/896/740 752/894/738
f 689/895/739 690/897/741 754/898/742 753/896/740
f 690/897/741 691/899/743 755/900/744 754/898/742
f 691/899/743 692/901/745 756/902/746 755/900/744
f 692/901/745 693/903/747 757/904/748 756/902/746
f 693/903/747 694/905/749 758/906/750 757/904/748
f 694/905/749 695/907/751 759/908/752 758/906/750
f 695/907/751 696/909/753 760/910/754 759/908/752
f 696/909/753 697/911/755 761/912/756 760/910/754
f 697/911/755 698/913/757 762/914/758 761/912/756
f 698/915/757 699/916/759 763/917/760 762/918/758
f 699/916/759 700/919/761 764/920/762 763/917/760
f 700/919/761 701/921/763 765/922/764 764/920/762
f 701/921/763 702/923/765 766/924/766 765/922/764
f 702/923/765 703/925/767 767/926/768 766/924/766
f 703/925/767 704/927/769 768/928/770 767/926/768
f 704/927/769 641/793/643 705/796/646 768/928/770
f 705/796/646 706/795/645 770/929/771 769/930/772
f 706/795/645 707/798/648 771/931/773 770/929/771
f 707/798/648 708/800/650 772/932/774 771/931/773
f 708/800/650 709/802/652 773/933/775 772/932/774
f 709/802/652 710/804/654 774/934/776 773/933/775
f 710/804/654 711/806/656 775/935/777 774/934/776
f 711/806/656 712/808/658 776/936/778 775/935/777
f 712/812/658 713/811/660 777/937/779 776/938/778
f 713/811/660 714/814/662 778/939/780 777/937/779
f 714/814/662 715/816/664 779/940/781 778/939/780
f 715/816/664 716/818/666 780/941/782 779/940/781
f 716/818/666 717/820/668 781/942/783 780/941/782
f 717/820/668 718/822/670 782/943/784 781/942/783
f 718/822/670 719/824/672 783/944/785 782/943/784
f 719/824/672 720/826/674 784/945/786 783/944/785
f 720/826/674 721/828/676 785/946/787 784/945/786
f 721/828/676 722/830/678 786/947/788 785/946/787
f 722/830/678 723/832/680 787/948/789 786/947/788
f 723/832/680 724/834/682 788/949/790 787/948/789
f 724/834/682 725/836/684 789/950/791 788/949/790
f 725/836/684 726/838/686 790/951/792 789/950/791
f 726/838/686 727/840/688 791/952/793 790/951/792
f 727/840/688 728/842/690 792/953/794 791/952/793
f 728/842/690 729/844/692 793/954/795 792/953/794
f 729/844/692 730/846/694 794/955/796 793/954/795
f 730/850/694 731/849/696 795/956/797 794/957/796
f 731/849/696 732/852/698 796/958/798 795/956/797
f 732/852/698 733/854/700 797/959/799 796/958/798
f 733/854/700 734/856/702 798/960/800 797/959/799
f 734/856/702 735/858/704 799/961/801 798/960/800
f 735/858/704 736/860/706 800/962/802 799/961/801
f 736/860/706 737/862/708 801/963/803 800/962/802
f 737/862/708 738/864/710 802/964/804 801/963/803
f 738/864/710 739/866/712 803/965/805 802/964/804
f 739/866/712 740/868/714 804/966/806 803/965/805
f 740/868/714 741/870/716 805/967/807 804/966/806
f 741/870/716 742/872/718 806/968/808 805/967/807
f 742/872/718 743/874/720 807/969/809 806/968/808
f 743/874/720 744/876/722 808/970/810 807/969/809
f 744/880/722 745/879/724 809/971/811 808/972/810
f 745/879/724 746/882/726 810/973/812 809/971/811
f 746/882/726 747/884/728 811/974/813 810/973/812
f 747/884/728 748/886/730 812/975/814 811/974/813
f 748/886/730 749/888/732 813/976/815 812/975/814
f 749/888/732 750/890/734 814/977/816 813/976/815
f 750/890/734 751/892/736 815/978/817 814/977/816
f 751/892/736 752/894/738 816/979/818 815/978/817
f 752/894/738 753/896/740 817/980/819 816/979/818
f 753/896/740 754/898/742 818/981/820 817/980/819
f 754/898/742 755/900/744 819/982/821 818/981/820
f 755/900/744 756/902/746 820/983/822 819/982/821
f 756/902/746 757/904/748 821/984/823 820/983/822
f 757/904/748 758/906/750 822/985/824 821/984/823
f 758/906/750 759/908/752 823/986/825 822/985/824
f 759/908/752 760/910/754 824/987/826 823/986/825
f 760/910/754 761/912/756 825/988/827 824/987/826
f 761/912/756 762/914/758 826/989/828 825/988/827
f 762/918/758 763/917/760 827/990/829 826/991/828
f 763/917/760 764/920/762 828/992/830 827/990/829
f 764/920/762 765/922/764 829/993/831 828/992/830
f 765/922/764 766/924/766 830/994/832 829/993/831
f 766/924/766 767/926/768 831/995/833 830/994/832
f 767/926/768 768/928/770 832/996/834 831/995/833
f 768/928/770 705/796/646 769/930/772 832/996/834
f 769/930/772 770/929/771 834/997/835 833/998/836
f 770/929/771 771/931/773 835/999/837 834/997/835
f 771/931/773 772/932/774 836/1000/838 835/999/837
f 772/932/774 773/933/775 837/1001/839 836/1000/838
f 773/933/775 774/934/776 838/1002/840 837/1001/839
f 774/934/776 775/935/777 839/1003/841 838/1002/840
f 775/935/777 776/936/778 840/1004/842 839/1003/841
f 776/938/778 777/937/779 841/1005/843 840/1006/842
f 777/937/779 778/939/780 842/1007/844 841/1005/843
f 778/939/780 779/940/781 843/1008/845 842/1007/844
f 779/940/781 780/941/782 844/1009/846 843/1008/845
f 780/941/782 781/942/783 845/1010/847 844/1009/846
f 781/942/783 782/943/784 846/1011/848 845/1010/847
f 782/943/784 783/944/785 847/1012/849 846/1011/848
f 783/944/785 784/945/786 848/1013/850 847/1012/849
f 784/945/786 785/946/787 849/1014/851 848/1013/850
f 785/946/787 786/947/788 850/1015/852 849/1014/851
f 786/947/788 787/948/789 851/1016/853 850/1015/852
f 787/948/789 788/949/790 852/1017/854 851/1016/853
f 788/949/790 789/950/791 853/1018/855 852/1017/854
f 789/950/791 790/951/792 854/1019/856 853/1018/855
f 790/951/792 791/952/793 855/1020/857 854/1019/856
f 791/952/793 792/953/794 856/1021/858 855/1020/857
f 792/953/794 793/954/795 857/1022/859 856/1021/858
f 793/954/795 794/955/796 858/1023/860 857/1022/859
f 794/957/796 795/956/797 859/1024/861 858/1025/860
f 795/956/797 796/958/798 860/1026/862 859/1024/861
f 796/958/798 797/959/799 861/1027/863 860/1026/862
f 797/959/799 798/960/800 862/1028/864 861/1027/863
f 798/960/800 799/961/801 863/1029/865 862/1028/864
f 799/961/801 800/962/802 864/1030/866 863/1029/865
f 800/962/802 801/963/803 865/1031/867 864/1030/866
f 801/963/803 802/964/804 866/1032/868 865/1031/867
f 802/964/804 803/965/805 867/1033/869 866/1032/868
f 803/965/805 804/966/806 868/1034/870 867/1033/869
f 804/966/806 805/967/807 869/1035/871 868/1034/870
f 805/967/807 806/968/808 870/1036/872 869/1035/871
f 806/968/808 807/969/809 871/1037/873 870/1036/872
f 807/969/809 808/970/810 872/1038/874 871/1037/873
f 808/972/810 809/971/811 873/1039/875 872/1040/874
f 809/971/811 810/973/812 874/1041/876 873/1039/875
f 810/973/812 811/974/813 875/1042/877 874/1041/876
f 811/974/813 812/975/814 876/1043/878 875/1042/877
f 812/975/814 813/976/815 877/1044/879 876/1043/878
f 813/976/815 814/977/816 878/1045/880 877/1044/879
f 814/977/816 815/978/817 879/1046/881 878/1045/880
f 815/978/817 816/979/818 880/1047/882 879/1046/881
f 816/979/818 817/980/819 881/1048/883 880/1047/882
f 817/980/819 818/981/820 882/1049/884 881/1048/883
f 818/981/820 819/982/821 883/1050/885 882/1049/884
f 819/982/821 820/983/822 884/1051/886 883/1050/885
f 820/983/822 821/984/823 885/1052/887 884/1051/886
f 821/984/823 822/985/824 886/1053/888 885/1052/887
f 822/985/824 823/986/825 887/1054/889 886/1053/888
f 823/986/825 824/987/826 888/1055/890 887/1054/889
f 824/987/826 825/988/827 889/1056/891 888/1055/890
f 825/988/827 826/989/828 890/1057/892 889/1056/891
f 826/991/828 827/990/829 891/1058/893 890/1059/892
f 827/990/829 828/992/830 892/1060/894 891/1058/893
f 828/992/830 829/993/831 893/1061/895 892/1060/894
f 829/993/831 830/994/832 894/1062/896 893/1061/895
f 830/994/832 831/995/833 895/1063/897 894/1062/896
f 831/995/833 832/996/834 896/1064/898 895/1063/897
f 832/996/834 769/930/772 833/998/836 896/1064/898
f 898/1065/899 1149/1066/900 1151/1067/901 900/1068/902
f 900/1068/902 1151/1067/901 1152/1069/903 899/1070/903
s 0
f 899/1070/904 1152/1069/904 1150/1071/904 897/1072/904
f 1146/1073/905 1150/1071/905 1152/1069/905 1148/1074/905
f 1148/1074/906 1152/1069/906 1151/1067/906 1147/1075/906
s 1
f 1147/1075/907 1151/1067/901 1149/1066/900 1145/1076/908
s 0
f 1142/1077/909 1146/1073/909 1148/1074/909 1144/1078/909
f 1144/1078/910 1148/1074/910 1147/1075/910 1143/1079/910
s 1
f 1143/1079/911 1147/1075/907 1145/1076/908 1141/1080/912
s 0
f 1138/1081/913 1142/1077/913 1144/1078/913 1140/1082/913
f 1140/1082/914 1144/1078/914 1143/1079/914 1139/1083/914
s 1
f 1139/1083/915 1143/1079/911 1141/1080/912 1137/1084/916
s 0
f 1134/1085/917 1138/1081/917 1140/1082/917 1136/1086/917
f 1136/1086/918 1140/1082/918 1139/1083/918 1135/1087/918
s 1
f 1135/1087/919 1139/1083/915 1137/1084/916 1133/1088/920
s 0
f 1130/1089/921 1134/1085/921 1136/1086/921 1132/1090/921
f 1132/1090/922 1136/1086/922 1135/1087/922 1131/1091/922
s 1
f 1131/1091/923 1135/1087/919 1133/1088/920 1129/1092/924
s 0
f 1126/1093/925 1130/1089/925 1132/1090/925 1128/1094/925
f 1128/1094/926 1132/1090/926 1131/1091/926 1127/1095/926
s 1
f 1127/1095/927 1131/1091/923 1129/1092/924 1125/1096/928
s 0
f 1122/1097/929 1126/1093/929 1128/1094/929 1124/1098/929
f 1124/1098/930 1128/1094/930 1127/1095/930 1123/1099/930
s 1
f 1123/1099/931 1127/1095/927 1125/1096/928 1121/1100/932
s 0
f 1118/1101/933 1122/1097/933 1124/1098/933 1120/1102/933
f 1120/1102/934 1124/1098/934 1123/1099/934 1119/1103/934
s 1
f 1119/1103/935 1123/1099/931 1121/1100/932 1117/1104/936
s 0
f 1114/1105/937 1118/1101/937 1120/1102/937 1116/1106/937
f 1116/1106/938 1120/1102/938 1119/1103/938 1115/1107/938
s 1
f 1115/1107/939 1119/1103/935 1117/1104/936 1113/1108/940
s 0
f 1110/1109/941 1114/1105/941 1116/1106/941 1112/1110/941
s 1
f 1112/1111/942 1116/1112/943 1115/1113/939 1111/1114/944
f 1111/1114/944 1115/1113/939 1113/1115/940 1109/1116/945
s 0
f 1106/1117/946 1110/1109/946 1112/1110/946 1108/1118/946
s 1
f 1108/1119/947 1112/1111/942 1111/1114/944 1107/1120/948
f 1107/1120/948 1111/1114/944 1109/1116/945 1105/1121/949
s 0
f 1102/1122/950 1106/1117/950 1108/1118/950 1104/1123/950
s 1
f 1104/1124/951 1108/1119/947 1107/1120/948 1103/1125/952
f 1103/1125/952 1107/1120/948 1105/1121/949 1101/1126/953
s 0
f 1098/1127/954 1102/1122/954 1104/1123/954 1100/1128/954
s 1
f 1100/1129/955 1104/1124/951 1103/1125/952 1099/1130/956
f 1099/1130/956 1103/1125/952 1101/1126/953 1097/1131/957
s 0
f 1094/1132/958 1098/1127/958 1100/1128/958 1096/1133/958
s 1
f 1096/1134/959 1100/1129/955 1099/1130/956 1095/1135/960
f 1095/1135/960 1099/1130/956 1097/1131/957 1093/1136/961
s 0
f 1090/1137/962 1094/1132/962 1096/1133/962 1092/1138/962
s 1
f 1092/1139/963 1096/1134/959 1095/1135/960 1091/1140/964
f 1091/1140/964 1095/1135/960 1093/1136/961 1089/1141/965
s 0
f 1086/1142/966 1090/1137/966 1092/1138/966 1088/1143/966
s 1
f 1088/1144/967 1092/1139/963 1091/1140/964 1087/1145/968
f 1087/1145/968 1091/1140/964 1089/1141/965 1085/1146/969
s 0
f 1082/1147/970 1086/1142/970 1088/1143/970 1084/1148/970
s 1
f 1084/1149/971 1088/1144/967 1087/1145/968 1083/1150/972
f 1083/1150/972 1087/1145/968 1085/1146/969 1081/1151/973
s 0
f 1078/1152/974 1082/1147/974 1084/1148/974 1080/1153/974
s 1
f 1080/1154/975 1084/1149/971 1083/1150/972 1079/1155/976
f 1079/1155/976 1083/1150/972 1081/1151/973 1077/1156/977
s 0
f 1074/1157/978 1078/1152/978 1080/1153/978 1076/1158/978
s 1
f 1076/1159/979 1080/1154/975 1079/1155/976 1075/1160/980
f 1075/1160/980 1079/1155/976 1077/1156/977 1073/1161/981
s 0
f 1070/1162/982 1074/1157/982 1076/1158/982 1072/1163/982
s 1
f 1072/1164/983 1076/1159/979 1075/1160/980 1071/1165/984
f 1071/1165/984 1075/1160/980 1073/1161/981 1069/1166/985
s 0
f 1066/1167/986 1070/1162/986 1072/1163/986 1068/1168/986
s 1
f 1068/1169/987 1072/1164/983 1071/1165/984 1067/1170/988
f 1067/1170/988 1071/1165/984 1069/1166/985 1065/1171/989
s 0
f 1062/1172/990 1066/1167/990 1068/1168/990 1064/1173/990
f 1064/1173/991 1068/1168/991 1067/1174/991 1063/1175/991
s 1
f 1063/1175/992 1067/1174/988 1065/1176/989 1061/1177/993
s 0
f 1058/1178/994 1062/1172/994 1064/1173/994 1060/1179/994
f 1060/1179/995 1064/1173/995 1063/1175/995 1059/1180/995
s 1
f 1059/1180/996 1063/1175/992 1061/1177/993 1057/1181/997
s 0
f 1054/1182/998 1058/1178/998 1060/1179/998 1056/1183/998
f 1056/1183/999 1060/1179/999 1059/1180/999 1055/1184/999
s 1
f 1055/1184/1000 1059/1180/996 1057/1181/997 1053/1185/1001
s 0
f 1050/1186/1002 1054/1182/1002 1056/1183/1002 1052/1187/1002
f 1052/1187/1003 1056/1183/1003 1055/1184/1003 1051/1188/1003
s 1
f 1051/1188/1004 1055/1184/1000 1053/1185/1001 1049/1189/1005
s 0
f 1046/1190/1006 1050/1186/1006 1052/1187/1006 1048/1191/1006
f 1048/1191/1007 1052/1187/1007 1051/1188/1007 1047/1192/1007
s 1
f 1047/1192/1008 1051/1188/1004 1049/1189/1005 1045/1193/1009
s 0
f 1042/1194/1010 1046/1190/1010 1048/1191/1010 1044/1195/1010
f 1044/1195/1011 1048/1191/1011 1047/1192/1011 1043/1196/1011
s 1
f 1043/1196/1012 1047/1192/1008 1045/1193/1009 1041/1197/1013
s 0
f 1038/1198/1014 1042/1194/1014 1044/1195/1014 1040/1199/1014
f 1040/1199/1015 1044/1195/1015 1043/1196/1015 1039/1200/1015
s 1
f 1039/1200/1016 1043/1196/1012 1041/1197/1013 1037/1201/1017
s 0
f 1034/1202/1018 1038/1198/1018 1040/1199/1018 1036/1203/1018
f 1036/1203/1019 1040/1199/1019 1039/1200/1019 1035/1204/1019
s 1
f 1035/1204/1020 1039/1200/1016 1037/1201/1017 1033/1205/1021
s 0
f 1030/1206/1022 1034/1202/1022 1036/1203/1022 1032/1207/1022
f 1032/1207/1023 1036/1203/1023 1035/1204/1023 1031/1208/1023
s 1
f 1031/1208/1024 1035/1204/1020 1033/1205/1021 1029/1209/1025
s 0
f 1026/1210/1026 1030/1206/1026 1032/1207/1026 1028/1211/1026
f 1028/1211/1027 1032/1207/1027 1031/1208/1027 1027/1212/1027
s 1
f 1027/1212/1028 1031/1208/1024 1029/1209/1025 1025/1213/1029
s 0
f 1022/1214/1030 1026/1210/1030 1028/1211/1030 1024/1215/1030
f 1024/1215/1031 1028/1211/1031 1027/1212/1031 1023/1216/1031
s 1
f 1023/1216/1032 1027/1212/1028 1025/1213/1029 1021/1217/1033
s 0
f 1018/1218/1034 1022/1214/1034 1024/1215/1034 1020/1219/1034
f 1020/1219/1035 1024/1215/1035 1023/1216/1035 1019/1220/1035
s 1
f 1019/1220/1036 1023/1216/1032 1021/1217/1033 1017/1221/1037
s 0
f 1014/1222/1038 1018/1218/1038 1020/1219/1038 1016/1223/1038
f 1016/1223/1039 1020/1219/1039 1019/1220/1039 1015/1224/1039
s 1
f 1015/1224/1040 1019/1220/1036 1017/1221/1037 1013/1225/1041
s 0
f 1010/1226/1042 1014/1222/1042 1016/1223/1042 1012/1227/1042
f 1012/1227/1043 1016/1223/1043 1015/1224/1043 1011/1228/1043
s 1
f 1011/1228/1044 1015/1224/1040 1013/1225/1041 1009/1229/1045
s 0
f 1006/1230/1046 1010/1226/1046 1012/1227/1046 1008/1231/1046
f 1008/1231/1047 1012/1227/1047 1011/1228/1047 1007/1232/1047
s 1
f 1007/1232/1048 1011/1228/1044 1009/1229/1045 1005/1233/1049
s 0
f 1002/1234/1050 1006/1230/1050 1008/1231/1050 1004/1235/1050
f 1004/1235/1051 1008/1231/1051 1007/1232/1051 1003/1236/1051
s 1
f 1003/1236/1052 1007/1232/1048 1005/1233/1049 1001/1237/1053
s 0
f 998/1238/1054 1002/1234/1054 1004/1235/1054 1000/1239/1054
f 1000/1239/1055 1004/1235/1055 1003/1236/1055 999/1240/1055
s 1
f 999/1240/1056 1003/1236/1052 1001/1237/1053 997/1241/1057
s 0
f 994/1242/1058 998/1238/1058 1000/1239/1058 996/1243/1058
f 996/1243/1059 1000/1239/1059 999/1240/1059 995/1244/1059
s 1
f 995/1244/1060 999/1240/1056 997/1241/1057 993/1245/1061
s 0
f 990/1246/1062 994/1242/1062 996/1243/1062 992/1247/1062
f 992/1247/1063 996/1243/1063 995/1244/1063 991/1248/1063
s 1
f 991/1248/1064 995/1244/1060 993/1245/1061 989/1249/1065
s 0
f 986/1250/1066 990/1246/1066 992/1247/1066 988/1251/1066
f 988/1251/1067 992/1247/1067 991/1248/1067 987/1252/1067
s 1
f 987/1252/1068 991/1248/1064 989/1249/1065 985/1253/1069
s 0
f 982/1254/1070 986/1250/1070 988/1251/1070 984/1255/1070
s 1
f 984/1256/1071 988/1257/1072 987/1258/1068 983/1259/1073
f 983/1259/1073 987/1258/1068 985/1260/1069 981/1261/1074
s 0
f 978/1262/1075 982/1254/1075 984/1255/1075 980/1263/1075
s 1
f 980/1264/1076 984/1256/1071 983/1259/1073 979/1265/1077
f 979/1265/1077 983/1259/1073 981/1261/1074 977/1266/1078
s 0
f 974/1267/1079 978/1262/1079 980/1263/1079 976/1268/1079
s 1
f 976/1269/1080 980/1264/1076 979/1265/1077 975/1270/1081
f 975/1270/1081 979/1265/1077 977/1266/1078 973/1271/1082
s 0
f 970/1272/1083 974/1267/1083 976/1268/1083 972/1273/1083
s 1
f 972/1274/1084 976/1269/1080 975/1270/1081 971/1275/1085
f 971/1275/1085 975/1270/1081 973/1271/1082 969/1276/1086
s 0
f 966/1277/1087 970/1272/1087 972/1273/1087 968/1278/1087
s 1
f 968/1279/1088 972/1274/1084 971/1275/1085 967/1280/1089
f 967/1280/1089 971/1275/1085 969/1276/1086 965/1281/1090
s 0
f 962/1282/1091 966/1277/1091 968/1278/1091 964/1283/1091
s 1
f 964/1284/1092 968/1279/1088 967/1280/1089 963/1285/1093
f 963/1285/1093 967/1280/1089 965/1281/1090 961/1286/1094
s 0
f 958/1287/1095 962/1282/1095 964/1283/1095 960/1288/1095
s 1
f 960/1289/1096 964/1284/1092 963/1285/1093 959/1290/1097
f 959/1290/1097 963/1285/1093 961/1286/1094 957/1291/1098
s 0
f 954/1292/1099 958/1287/1099 960/1288/1099 956/1293/1099
s 1
f 956/1294/1100 960/1289/1096 959/1290/1097 955/1295/1101
f 955/1295/1101 959/1290/1097 957/1291/1098 953/1296/1102
s 0
f 950/1297/1103 954/1292/1103 956/1293/1103 952/1298/1103
s 1
f 952/1299/1104 956/1294/1100 955/1295/1101 951/1300/1105
f 951/1300/1105 955/1295/1101 953/1296/1102 949/1301/1106
s 0
f 946/1302/1107 950/1297/1107 952/1298/1107 948/1303/1107
s 1
f 948/1304/1108 952/1299/1104 951/1300/1105 947/1305/1109
f 947/1305/1109 951/1300/1105 949/1301/1106 945/1306/1110
s 0
f 942/1307/1111 946/1302/1111 948/1303/1111 944/1308/1111
s 1
f 944/1309/1112 948/1304/1108 947/1305/1109 943/1310/1113
f 943/1310/1113 947/1305/1109 945/1306/1110 941/1311/1114
s 0
f 938/1312/1115 942/1307/1115 944/1308/1115 940/1313/1115
s 1
f 940/1314/1116 944/1309/1112 943/1310/1113 939/1315/1117
f 939/1315/1117 943/1310/1113 941/1311/1114 937/1316/1118
s 0
f 934/1317/1119 938/1312/1119 940/1313/1119 936/1318/1119
f 936/1318/1120 940/1313/1120 939/1319/1120 935/1320/1120
s 1
f 935/1320/1121 939/1319/1117 937/1321/1118 933/1322/1122
s 0
f 930/1323/1123 934/1317/1123 936/1318/1123 932/1324/1123
f 932/1324/1124 936/1318/1124 935/1320/1124 931/1325/1124
s 1
f 931/1325/1125 935/1320/1121 933/1322/1122 929/1326/1126
s 0
f 926/1327/1127 930/1323/1127 932/1324/1127 928/1328/1127
f 928/1328/1128 932/1324/1128 931/1325/1128 927/1329/1128
s 1
f 927/1329/1129 931/1325/1125 929/1326/1126 925/1330/1130
s 0
f 922/1331/1131 926/1327/1131 928/1328/1131 924/1332/1131
f 924/1332/1132 928/1328/1132 927/1329/1132 923/1333/1132
s 1
f 923/1333/1133 927/1329/1129 925/1330/1130 921/1334/1134
s 0
f 918/1335/1135 922/1331/1135 924/1332/1135 920/1336/1135
f 920/1336/1136 924/1332/1136 923/1333/1136 919/1337/1136
s 1
f 919/1337/1137 923/1333/1133 921/1334/1134 917/1338/1138
s 0
f 914/1339/1139 918/1335/1139 920/1336/1139 916/1340/1139
f 916/1340/1140 920/1336/1140 919/1337/1140 915/1341/1140
s 1
f 915/1341/1141 919/1337/1137 917/1338/1138 913/1342/1142
s 0
f 910/1343/1143 914/1339/1143 916/1340/1143 912/1344/1143
f 912/1344/1144 916/1340/1144 915/1341/1144 911/1345/1144
s 1
f 911/1345/1145 915/1341/1141 913/1342/1142 909/1346/1146
s 0
f 906/1347/1147 910/1343/1147 912/1344/1147 908/1348/1147
f 908/1348/1148 912/1344/1148 911/1345/1148 907/1349/1148
s 1
f 907/1349/1149 911/1345/1145 909/1346/1146 905/1350/1150
s 0
f 902/1351/1151 906/1347/1151 908/1348/1151 904/1352/1151
f 904/1352/1152 908/1348/1152 907/1349/1152 903/1353/1152
s 1
f 903/1353/1153 907/1349/1149 905/1350/1150 901/1354/1154
s 0
f 897/1072/1155 902/1351/1155 904/1352/1155 899/1070/1155
f 899/1070/1156 904/1352/1156 903/1353/1156 900/1068/1156
s 1
f 900/1068/902 903/1353/1153 901/1354/1154 898/1065/899
f 1154/1355/1157 1157/1356/1158 1159/1357/1159 1156/1358/1160
f 1156/1359/1160 1159/1360/1159 1160/1361/1161 1155/1362/1162
f 1155/1362/1162 1160/1361/1161 1158/1363/1163 1153/1364/1164
f 1157/1356/1158 1161/1365/1165 1163/1366/1166 1159/1357/1159
f 1159/1360/1159 1163/1367/1166 1164/1368/1167 1160/1361/1161
f 1160/1361/1161 1164/1368/1167 1162/1369/1168 1158/1363/1163
f 1161/1365/1165 1165/1370/1169 1167/1371/1170 1163/1366/1166
f 1163/1367/1166 1167/1372/1170 1168/1373/1171 1164/1368/1167
f 1164/1368/1167 1168/1373/1171 1166/1374/1172 1162/1369/1168
f 1165/1370/1169 1169/1375/1173 1171/1376/1174 1167/1371/1170
f 1167/1372/1170 1171/1377/1174 1172/1378/1175 1168/1373/1171
f 1168/1373/1171 1172/1378/1175 1170/1379/1176 1166/1374/1172
f 1169/1375/1173 1173/1380/1177 1175/1381/1178 1171/1376/1174
f 1171/1377/1174 1175/1382/1178 1176/1383/1179 1172/1378/1175
f 1172/1378/1175 1176/1383/1179 1174/1384/1180 1170/1379/1176
f 1173/1380/1177 1177/1385/1181 1179/1386/1182 1175/1381/1178
f 1175/1382/1178 1179/1387/1182 1180/1388/1183 1176/1383/1179
f 1176/1383/1179 1180/1388/1183 1178/1389/1184 1174/1384/1180
f 1177/1385/1181 1181/1390/1185 1183/1391/1186 1179/1386/1182
f 1179/1387/1182 1183/1392/1186 1184/1393/1187 1180/1388/1183
f 1180/1388/1183 1184/1393/1187 1182/1394/1188 1178/1389/1184
f 1181/1390/1185 1185/1395/1189 1187/1396/1190 1183/1391/1186
f 1183/1397/1186 1187/1398/1190 1188/1399/1191 1184/1400/1187
f 1184/1400/1187 1188/1399/1191 1186/1401/1192 1182/1402/1188
f 1185/1395/1189 1189/1403/1193 1191/1404/1194 1187/1396/1190
f 1187/1398/1190 1191/1405/1194 1192/1406/1195 1188/1399/1191
f 1188/1399/1191 1192/1406/1195 1190/1407/1196 1186/1401/1192
f 1189/1403/1193 1193/1408/1197 1195/1409/1198 1191/1404/1194
f 1191/1405/1194 1195/1410/1198 1196/1411/1199 1192/1406/1195
f 1192/1406/1195 1196/1411/1199 1194/1412/1200 1190/1407/1196
f 1193/1413/1197 1197/1414/1201 1199/1415/1202 1195/1410/1198
f 1195/1410/1198 1199/1415/1202 1200/1416/1203 1196/1411/1199
f 1196/1411/1199 1200/1416/1203 1198/1417/1204 1194/1412/1200
f 1197/1414/1201 1201/1418/1205 1203/1419/1206 1199/1415/1202
f 1199/1415/1202 1203/1419/1206 1204/1420/1207 1200/1416/1203
f 1200/1416/1203 1204/1420/1207 1202/1421/1208 1198/1417/1204
f 1201/1418/1205 1205/1422/1209 1207/1423/1210 1203/1419/1206
f 1203/1419/1206 1207/1423/1210 1208/1424/1211 1204/1420/1207
f 1204/1420/1207 1208/1424/1211 1206/1425/1212 1202/1421/1208
f 1205/1422/1209 1209/1426/1213 1211/1427/1214 1207/1423/1210
f 1207/1423/1210 1211/1427/1214 1212/1428/1215 1208/1424/1211
f 1208/1424/1211 1212/1428/1215 1210/1429/1216 1206/1425/1212
f 1209/1426/1213 1213/1430/1217 1215/1431/1218 1211/1427/1214
f 1211/1427/1214 1215/1431/1218 1216/1432/1219 1212/1428/1215
f 1212/1428/1215 1216/1432/1219 1214/1433/1220 1210/1429/1216
f 1213/1430/1217 1217/1434/1221 1219/1435/1222 1215/1431/1218
f 1215/1431/1218 1219/1435/1222 1220/1436/1223 1216/1432/1219
f 1216/1432/1219 1220/1436/1223 1218/1437/1224 1214/1433/1220
f 1217/1434/1221 1221/1438/1225 1223/1439/1226 1219/1435/1222
f 1219/1435/1222 1223/1439/1226 1224/1440/1227 1220/1436/1223
f 1220/1436/1223 1224/1440/1227 1222/1441/1228 1218/1437/1224
f 1221/1438/1225 1225/1442/1229 1227/1443/1230 1223/1439/1226
f 1223/1439/1226 1227/1443/1230 1228/1444/1231 1224/1440/1227
f 1224/1440/1227 1228/1444/1231 1226/1445/1232 1222/1441/1228
f 1225/1442/1229 1229/1446/1233 1231/1447/1234 1227/1443/1230
f 1227/1443/1230 1231/1447/1234 1232/1448/1235 1228/1444/1231
f 1228/1444/1231 1232/1448/1235 1230/1449/1236 1226/1445/1232
f 1229/1446/1233 1233/1450/1237 1235/1451/1238 1231/1447/1234
f 1231/1447/1234 1235/1451/1238 1236/1452/1239 1232/1448/1235
f 1232/1448/1235 1236/1452/1239 1234/1453/1240 1230/1449/1236
f 1233/1450/1237 1237/1454/1241 1239/1455/1242 1235/1451/1238
f 1235/1451/1238 1239/1455/1242 1240/1456/1243 1236/1452/1239
f 1236/1452/1239 1240/1456/1243 1238/1457/1244 1234/1453/1240
f 1237/1454/1241 1241/1458/1245 1243/1459/1246 1239/1455/1242
f 1239/1455/1242 1243/1459/1246 1244/1460/1247 1240/1456/1243
f 1240/1456/1243 1244/1460/1247 1242/1461/1248 1238/1457/1244
f 1241/1462/1245 1245/1463/1249 1247/1464/1250 1243/1465/1246
f 1243/1459/1246 1247/1466/1250 1248/1467/1251 1244/1460/1247
f 1244/1460/1247 1248/1467/1251 1246/1468/1252 1242/1461/1248
f 1245/1463/1249 1249/1469/1253 1251/1470/1254 1247/1464/1250
f 1247/1466/1250 1251/1471/1254 1252/1472/1255 1248/1467/1251
f 1248/1467/1251 1252/1472/1255 1250/1473/1256 1246/1468/1252
f 1249/1469/1253 1253/1474/1257 1255/1475/1258 1251/1470/1254
f 1251/1471/1254 1255/1476/1258 1256/1477/1259 1252/1472/1255
f 1252/1472/1255 1256/1477/1259 1254/1478/1260 1250/1473/1256
f 1253/1474/1257 1257/1479/1261 1259/1480/1262 1255/1475/1258
f 1255/1481/1258 1259/1482/1262 1260/1483/1263 1256/1484/1259
f 1256/1484/1259 1260/1483/1263 1258/1485/1264 1254/1486/1260
f 1257/1479/1261 1261/1487/1265 1263/1488/1266 1259/1480/1262
f 1259/1482/1262 1263/1489/1266 1264/1490/1267 1260/1483/1263
f 1260/1483/1263 1264/1490/1267 1262/1491/1268 1258/1485/1264
f 1261/1487/1265 1265/1492/1269 1267/1493/1270 1263/1488/1266
f 1263/1489/1266 1267/1494/1270 1268/1495/1271 1264/1490/1267
f 1264/1490/1267 1268/1495/1271 1266/1496/1272 1262/1491/1268
f 1265/1492/1269 1269/1497/1273 1271/1498/1274 1267/1493/1270
f 1267/1494/1270 1271/1499/1274 1272/1500/1275 1268/1495/1271
f 1268/1495/1271 1272/1500/1275 1270/1501/1276 1266/1496/1272
f 1269/1497/1273 1273/1502/1277 1275/1503/1278 1271/1498/1274
f 1271/1499/1274 1275/1504/1278 1276/1505/1279 1272/1500/1275
f 1272/1500/1275 1276/1505/1279 1274/1506/1280 1270/1501/1276
f 1273/1502/1277 1277/1507/1281 1279/1508/1282 1275/1503/1278
f 1275/1504/1278 1279/1509/1282 1280/1510/1283 1276/1505/1279
f 1276/1505/1279 1280/1510/1283 1278/1511/1284 1274/1506/1280
f 1277/1507/1281 1281/1512/1285 1283/1513/1286 1279/1508/1282
f 1279/1509/1282 1283/1514/1286 1284/1515/1287 1280/1510/1283
f 1280/1510/1283 1284/1515/1287 1282/1516/1288 1278/1511/1284
f 1281/1512/1285 1285/1517/1289 1287/1518/1290 1283/1513/1286
f 1283/1514/1286 1287/1519/1290 1288/1520/1291 1284/1515/1287
f 1284/1515/1287 1288/1520/1291 1286/1521/1292 1282/1516/1288
f 1285/1517/1289 1289/1522/1293 1291/1523/1294 1287/1518/1290
f 1287/1519/1290 1291/1524/1294 1292/1525/1295 1288/1520/1291
f 1288/1520/1291 1292/1525/1295 1290/1526/1296 1286/1521/1292
f 1289/1522/1293 1293/1527/1297 1295/1528/1298 1291/1523/1294
f 1291/1524/1294 1295/1529/1298 1296/1530/1299 1292/1525/1295
f 1292/1525/1295 1296/1530/1299 1294/1531/1300 1290/1526/1296
f 1293/1527/1297 1297/1532/1301 1299/1533/1302 1295/1528/1298
f 1295/1529/1298 1299/1534/1302 1300/1535/1303 1296/1530/1299
f 1296/1530/1299 1300/1535/1303 1298/1536/1304 1294/1531/1300
f 1297/1532/1301 1301/1537/1305 1303/1538/1306 1299/1533/1302
f 1299/1534/1302 1303/1539/1306 1304/1540/1307 1300/1535/1303
f 1300/1535/1303 1304/1540/1307 1302/1541/1308 1298/1536/1304
f 1301/1537/1305 1305/1542/1309 1307/1543/1310 1303/1538/1306
f 1303/1539/1306 1307/1544/1310 1308/1545/1311 1304/1540/1307
f 1304/1540/1307 1308/1545/1311 1306/1546/1312 1302/1541/1308
f 1305/1542/1309 1309/1547/1313 1311/1548/1314 1307/1543/1310
f 1307/1544/1310 1311/1549/1314 1312/1550/1315 1308/1545/1311
f 1308/1545/1311 1312/1550/1315 1310/1551/1316 1306/1546/1312
f 1309/1547/1313 1313/1552/1317 1315/1553/1318 1311/1548/1314
f 1311/1554/1314 1315/1555/1318 1316/1556/1319 1312/1557/1315
f 1312/1557/1315 1316/1556/1319 1314/1558/1320 1310/1559/1316
f 1313/1552/1317 1317/1560/1321 1319/1561/1322 1315/1553/1318
f 1315/1555/1318 1319/1562/1322 1320/1563/1323 1316/1556/1319
f 1316/1556/1319 1320/1563/1323 1318/1564/1324 1314/1558/1320
f 1317/1560/1321 1321/1565/1325 1323/1566/1326 1319/1561/1322
f 1319/1562/1322 1323/1567/1326 1324/1568/1327 1320/1563/1323
f 1320/1563/1323 1324/1568/1327 1322/1569/1328 1318/1564/1324
f 1321/1570/1325 1325/1571/1329 1327/1572/1330 1323/1567/1326
f 1323/1567/1326 1327/1572/1330 1328/1573/1331 1324/1568/1327
f 1324/1568/1327 1328/1573/1331 1326/1574/1332 1322/1569/1328
f 1325/1571/1329 1329/1575/1333 1331/1576/1334 1327/1572/1330
f 1327/1572/1330 1331/1576/1334 1332/1577/1335 1328/1573/1331
f 1328/1573/1331 1332/1577/1335 1330/1578/1336 1326/1574/1332
f 1329/1575/1333 1333/1579/1337 1335/1580/1338 1331/1576/1334
f 1331/1576/1334 1335/1580/1338 1336/1581/1339 1332/1577/1335
f 1332/1577/1335 1336/1581/1339 1334/1582/1340 1330/1578/1336
f 1333/1579/1337 1337/1583/1341 1339/1584/1342 1335/1580/1338
f 1335/1580/1338 1339/1584/1342 1340/1585/1343 1336/1581/1339
f 1336/1581/1339 1340/1585/1343 1338/1586/1344 1334/1582/1340
f 1337/1583/1341 1341/1587/1345 1343/1588/1346 1339/1584/1342
f 1339/1584/1342 1343/1588/1346 1344/1589/1347 1340/1585/1343
f 1340/1585/1343 1344/1589/1347 1342/1590/1348 1338/1586/1344
f 1341/1587/1345 1345/1591/1349 1347/1592/1350 1343/1588/1346
f 1343/1588/1346 1347/1592/1350 1348/1593/1351 1344/1589/1347
f 1344/1589/1347 1348/1593/1351 1346/1594/1352 1342/1590/1348
f 1345/1591/1349 1349/1595/1353 1351/1596/1354 1347/1592/1350
f 1347/1592/1350 1351/1596/1354 1352/1597/1355 1348/1593/1351
f 1348/1593/1351 1352/1597/1355 1350/1598/1356 1346/1594/1352
f 1349/1595/1353 1353/1599/1357 1355/1600/1358 1351/1596/1354
f 1351/1596/1354 1355/1600/1358 1356/1601/1359 1352/1597/1355
f 1352/1597/1355 1356/1601/1359 1354/1602/1360 1350/1598/1356
f 1353/1599/1357 1357/1603/1361 1359/1604/1362 1355/1600/1358
f 1355/1600/1358 1359/1604/1362 1360/1605/1363 1356/1601/1359
f 1356/1601/1359 1360/1605/1363 1358/1606/1364 1354/1602/1360
f 1357/1603/1361 1361/1607/1365 1363/1608/1366 1359/1604/1362
f 1359/1604/1362 1363/1608/1366 1364/1609/1367 1360/1605/1363
f 1360/1605/1363 1364/1609/1367 1362/1610/1368 1358/1606/1364
f 1361/1607/1365 1365/1611/1369 1367/1612/1370 1363/1608/1366
f 1363/1608/1366 1367/1612/1370 1368/1613/1371 1364/1609/1367
f 1364/1609/1367 1368/1613/1371 1366/1614/1372 1362/1610/1368
f 1365/1611/1369 1369/1615/1373 1371/1616/1374 1367/1612/1370
f 1367/1612/1370 1371/1616/1374 1372/1617/1375 1368/1613/1371
f 1368/1613/1371 1372/1617/1375 1370/1618/1376 1366/1614/1372
f 1369/1619/1373 1373/1620/1377 1375/1621/1378 1371/1622/1374
f 1371/1616/1374 1375/1623/1378 1376/1624/1379 1372/1617/1375
f 1372/1617/1375 1376/1624/1379 1374/1625/1380 1370/1618/1376
f 1373/1620/1377 1377/1626/1381 1379/1627/1382 1375/1621/1378
f 1375/1623/1378 1379/1628/1382 1380/1629/1383 1376/1624/1379
f 1376/1624/1379 1380/1629/1383 1378/1630/1384 1374/1625/1380
f 1377/1626/1381 1381/1631/1385 1383/1632/1386 1379/1627/1382
f 1379/1628/1382 1383/1633/1386 1384/1634/1387 1380/1629/1383
f 1380/1629/1383 1384/1634/1387 1382/1635/1388 1378/1630/1384
f 1381/1631/1385 1385/1636/1389 1387/1637/1390 1383/1632/1386
f 1383/1638/1386 1387/1639/1390 1388/1640/1391 1384/1641/1387
f 1384/1641/1387 1388/1640/1391 1386/1642/1392 1382/1643/1388
f 1385/1636/1389 1389/1644/1393 1391/1645/1394 1387/1637/1390
f 1387/1639/1390 1391/1646/1394 1392/1647/1395 1388/1640/1391
f 1388/1640/1391 1392/1647/1395 1390/1648/1396 1386/1642/1392
f 1389/1644/1393 1393/1649/1397 1395/1650/1398 1391/1645/1394
f 1391/1646/1394 1395/1651/1398 1396/1652/1399 1392/1647/1395
f 1392/1647/1395 1396/1652/1399 1394/1653/1400 1390/1648/1396
f 1393/1649/1397 1397/1654/1401 1399/1655/1402 1395/1650/1398
f 1395/1651/1398 1399/1656/1402 1400/1657/1403 1396/1652/1399
f 1396/1652/1399 1400/1657/1403 1398/1658/1404 1394/1653/1400
f 1397/1654/1401 1401/1659/1405 1403/1660/1406 1399/1655/1402
f 1399/1656/1402 1403/1661/1406 1404/1662/1407 1400/1657/1403
f 1400/1657/1403 1404/1662/1407 1402/1663/1408 1398/1658/1404
f 1401/1659/1405 1405/1664/1409 1407/1665/1410 1403/1660/1406
f 1403/1661/1406 1407/1666/1410 1408/1667/1411 1404/1662/1407
f 1404/1662/1407 1408/1667/1411 1406/1668/1412 1402/1663/1408
f 1153/1364/1164 1406/1668/1412 1408/1667/1411 1155/1362/1162
f 1155/1362/1162 1408/1667/1411 1407/1666/1410 1156/1359/1160
f 1156/1358/1160 1407/1665/1410 1405/1664/1409 1154/1355/1157
f 1410/1669/1413 1414/1670/1414 1416/1671/1415 1412/1672/1416
s 0
f 1412/1673/1417 1416/1674/1417 1415/1675/1417 1411/1676/1417
f 1411/1676/1418 1415/1675/1418 1413/1677/1418 1409/1678/1418
s 1
f 1414/1670/1414 1418/1679/1419 1420/1680/1420 1416/1671/1415
s 0
f 1416/1674/1421 1420/1681/1421 1419/1682/1421 1415/1675/1421
f 1415/1675/1422 1419/1682/1422 1417/1683/1422 1413/1677/1422
s 1
f 1418/1679/1419 1422/1684/1423 1424/1685/1424 1420/1680/1420
s 0
f 1420/1681/1425 1424/1686/1425 1423/1687/1425 1419/1682/1425
f 1419/1682/1426 1423/1687/1426 1421/1688/1426 1417/1683/1426
s 1
f 1422/1684/1423 1426/1689/1427 1428/1690/1428 1424/1685/1424
s 0
f 1424/1686/1429 1428/1691/1429 1427/1692/1429 1423/1687/1429
f 1423/1687/1430 1427/1692/1430 1425/1693/1430 1421/1688/1430
s 1
f 1426/1689/1427 1430/1694/1431 1432/1695/1432 1428/1690/1428
s 0
f 1428/1691/1433 1432/1696/1433 1431/1697/1433 1427/1692/1433
f 1427/1692/1434 1431/1697/1434 1429/1698/1434 1425/1693/1434
s 1
f 1430/1694/1431 1434/1699/1435 1436/1700/1436 1432/1695/1432
s 0
f 1432/1696/1437 1436/1701/1437 1435/1702/1437 1431/1697/1437
f 1431/1697/1438 1435/1702/1438 1433/1703/1438 1429/1698/1438
s 1
f 1434/1699/1435 1438/1704/1439 1440/1705/1440 1436/1700/1436
s 0
f 1436/1701/1441 1440/1706/1441 1439/1707/1441 1435/1702/1441
f 1435/1702/1442 1439/1707/1442 1437/1708/1442 1433/1703/1442
s 1
f 1438/1709/1439 1442/1710/1443 1444/1711/1444 1440/1712/1440
s 0
f 1440/1706/1445 1444/1713/1445 1443/1714/1445 1439/1707/1445
f 1439/1707/1446 1443/1714/1446 1441/1715/1446 1437/1708/1446
s 1
f 1442/1710/1443 1446/1716/1447 1448/1717/1448 1444/1711/1444
s 0
f 1444/1713/1449 1448/1718/1449 1447/1719/1449 1443/1714/1449
f 1443/1714/1450 1447/1719/1450 1445/1720/1450 1441/1715/1450
s 1
f 1446/1716/1447 1450/1721/1451 1452/1722/1452 1448/1717/1448
s 0
f 1448/1718/1453 1452/1723/1453 1451/1724/1453 1447/1719/1453
f 1447/1719/1454 1451/1724/1454 1449/1725/1454 1445/1720/1454
s 1
f 1450/1721/1451 1454/1726/1455 1456/1727/1456 1452/1722/1452
s 0
f 1452/1723/1457 1456/1728/1457 1455/1729/1457 1451/1724/1457
f 1451/1724/1458 1455/1729/1458 1453/1730/1458 1449/1725/1458
s 1
f 1454/1726/1455 1458/1731/1459 1460/1732/1460 1456/1727/1456
s 0
f 1456/1728/1461 1460/1733/1461 1459/1734/1461 1455/1729/1461
f 1455/1729/1462 1459/1734/1462 1457/1735/1462 1453/1730/1462
s 1
f 1458/1731/1459 1462/1736/1463 1464/1737/1464 1460/1732/1460
s 0
f 1460/1733/1465 1464/1738/1465 1463/1739/1465 1459/1734/1465
f 1459/1734/1466 1463/1739/1466 1461/1740/1466 1457/1735/1466
s 1
f 1462/1736/1463 1466/1741/1467 1468/1742/1468 1464/1737/1464
s 0
f 1464/1738/1469 1468/1743/1469 1467/1744/1469 1463/1739/1469
f 1463/1739/1470 1467/1744/1470 1465/1745/1470 1461/1740/1470
s 1
f 1466/1741/1467 1470/1746/1471 1472/1747/1472 1468/1742/1468
s 0
f 1468/1743/1473 1472/1748/1473 1471/1749/1473 1467/1744/1473
f 1467/1744/1474 1471/1749/1474 1469/1750/1474 1465/1745/1474
s 1
f 1470/1746/1471 1474/1751/1475 1476/1752/1476 1472/1747/1472
s 0
f 1472/1748/1477 1476/1753/1477 1475/1754/1477 1471/1749/1477
f 1471/1749/1478 1475/1754/1478 1473/1755/1478 1469/1750/1478
s 1
f 1474/1751/1475 1478/1756/1479 1480/1757/1480 1476/1752/1476
s 0
f 1476/1753/1481 1480/1758/1481 1479/1759/1481 1475/1754/1481
f 1475/1754/1482 1479/1759/1482 1477/1760/1482 1473/1755/1482
s 1
f 1478/1756/1479 1482/1761/1483 1484/1762/1484 1480/1757/1480
s 0
f 1480/1758/1485 1484/1763/1485 1483/1764/1485 1479/1759/1485
f 1479/1759/1486 1483/1764/1486 1481/1765/1486 1477/1760/1486
s 1
f 1482/1761/1483 1486/1766/1487 1488/1767/1488 1484/1762/1484
s 0
f 1484/1763/1489 1488/1768/1489 1487/1769/1489 1483/1764/1489
f 1483/1764/1490 1487/1769/1490 1485/1770/1490 1481/1765/1490
s 1
f 1486/1766/1487 1490/1771/1491 1492/1772/1492 1488/1767/1488
s 0
f 1488/1768/1493 1492/1773/1493 1491/1774/1493 1487/1769/1493
f 1487/1769/1494 1491/1774/1494 1489/1775/1494 1485/1770/1494
s 1
f 1490/1771/1491 1494/1776/1495 1496/1777/1496 1492/1772/1492
s 0
f 1492/1773/1497 1496/1778/1497 1495/1779/1497 1491/1774/1497
f 1491/1774/1498 1495/1779/1498 1493/1780/1498 1489/1775/1498
s 1
f 1494/1776/1495 1498/1781/1499 1500/1782/1500 1496/1777/1496
s 0
f 1496/1778/1501 1500/1783/1501 1499/1784/1501 1495/1779/1501
f 1495/1779/1502 1499/1784/1502 1497/1785/1502 1493/1780/1502
s 1
f 1498/1781/1499 1502/1786/1503 1504/1787/1504 1500/1782/1500
s 0
f 1500/1783/1505 1504/1788/1505 1503/1789/1505 1499/1784/1505
f 1499/1784/1506 1503/1789/1506 1501/1790/1506 1497/1785/1506
s 1
f 1502/1786/1503 1506/1791/1507 1508/1792/1508 1504/1787/1504
s 0
f 1504/1788/1509 1508/1793/1509 1507/1794/1509 1503/1789/1509
f 1503/1789/1510 1507/1794/1510 1505/1795/1510 1501/1790/1510
s 1
f 1506/1791/1507 1510/1796/1511 1512/1797/1512 1508/1792/1508
s 0
f 1508/1793/1513 1512/1798/1513 1511/1799/1513 1507/1794/1513
f 1507/1794/1514 1511/1799/1514 1509/1800/1514 1505/1795/1514
s 1
f 1510/1801/1511 1514/1802/1515 1516/1803/1516 1512/1804/1512
s 0
f 1512/1798/1517 1516/1805/1517 1515/1806/1517 1511/1799/1517
f 1511/1799/1518 1515/1806/1518 1513/1807/1518 1509/1800/1518
s 1
f 1514/1802/1515 1518/1808/1519 1520/1809/1520 1516/1803/1516
s 0
f 1516/1805/1521 1520/1810/1521 1519/1811/1521 1515/1806/1521
f 1515/1806/1522 1519/1811/1522 1517/1812/1522 1513/1807/1522
s 1
f 1518/1808/1519 1522/1813/1523 1524/1814/1524 1520/1809/1520
s 0
f 1520/1810/1525 1524/1815/1525 1523/1816/1525 1519/1811/1525
f 1519/1811/1526 1523/1816/1526 1521/1817/1526 1517/1812/1526
s 1
f 1522/1813/1523 1526/1818/1527 1528/1819/1528 1524/1814/1524
s 0
f 1524/1815/1529 1528/1820/1529 1527/1821/1529 1523/1816/1529
f 1523/1816/1530 1527/1821/1530 1525/1822/1530 1521/1817/1530
s 1
f 1526/1818/1527 1530/1823/1531 1532/1824/1532 1528/1819/1528
s 0
f 1528/1820/1533 1532/1825/1533 1531/1826/1533 1527/1821/1533
f 1527/1821/1534 1531/1826/1534 1529/1827/1534 1525/1822/1534
s 1
f 1530/1823/1531 1534/1828/1535 1536/1829/1536 1532/1824/1532
s 0
f 1532/1825/1537 1536/1830/1537 1535/1831/1537 1531/1826/1537
f 1531/1826/1538 1535/1831/1538 1533/1832/1538 1529/1827/1538
s 1
f 1534/1828/1535 1538/1833/1539 1540/1834/1540 1536/1829/1536
s 0
f 1536/1830/1541 1540/1835/1541 1539/1836/1541 1535/1831/1541
f 1535/1831/1542 1539/1836/1542 1537/1837/1542 1533/1832/1542
s 1
f 1538/1833/1539 1542/1838/1543 1544/1839/1544 1540/1834/1540
s 0
f 1540/1835/1545 1544/1840/1545 1543/1841/1545 1539/1836/1545
f 1539/1836/1546 1543/1841/1546 1541/1842/1546 1537/1837/1546
s 1
f 1542/1838/1543 1546/1843/1547 1548/1844/1548 1544/1839/1544
s 0
f 1544/1840/1549 1548/1845/1549 1547/1846/1549 1543/1841/1549
f 1543/1841/1550 1547/1846/1550 1545/1847/1550 1541/1842/1550
s 1
f 1546/1843/1547 1550/1848/1551 1552/1849/1552 1548/1844/1548
s 0
f 1548/1845/1553 1552/1850/1553 1551/1851/1553 1547/1846/1553
f 1547/1846/1554 1551/1851/1554 1549/1852/1554 1545/1847/1554
s 1
f 1550/1848/1551 1554/1853/1555 1556/1854/1556 1552/1849/1552
s 0
f 1552/1850/1557 1556/1855/1557 1555/1856/1557 1551/1851/1557
f 1551/1851/1558 1555/1856/1558 1553/1857/1558 1549/1852/1558
s 1
f 1554/1853/1555 1558/1858/1559 1560/1859/1560 1556/1854/1556
s 0
f 1556/1855/1561 1560/1860/1561 1559/1861/1561 1555/1856/1561
f 1555/1856/1562 1559/1861/1562 1557/1862/1562 1553/1857/1562
s 1
f 1558/1858/1559 1562/1863/1563 1564/1864/1564 1560/1859/1560
s 0
f 1560/1860/1565 1564/1865/1565 1563/1866/1565 1559/1861/1565
f 1559/1861/1566 1563/1866/1566 1561/1867/1566 1557/1862/1566
s 1
f 1562/1863/1563 1566/1868/1567 1568/1869/1568 1564/1864/1564
s 0
f 1564/1865/1569 1568/1870/1569 1567/1871/1569 1563/1866/1569
f 1563/1866/1570 1567/1871/1570 1565/1872/1570 1561/1867/1570
s 1
f 1566/1873/1567 1570/1874/1571 1572/1875/1572 1568/1876/1568
s 0
f 1568/1870/1573 1572/1877/1573 1571/1878/1573 1567/1871/1573
f 1567/1871/1574 1571/1878/1574 1569/1879/1574 1565/1872/1574
s 1
f 1570/1874/1571 1574/1880/1575 1576/1881/1576 1572/1875/1572
s 0
f 1572/1877/1577 1576/1882/1577 1575/1883/1577 1571/1878/1577
f 1571/1878/1578 1575/1883/1578 1573/1884/1578 1569/1879/1578
s 1
f 1574/1880/1575 1578/1885/1579 1580/1886/1580 1576/1881/1576
s 0
f 1576/1882/1581 1580/1887/1581 1579/1888/1581 1575/1883/1581
f 1575/1883/1582 1579/1888/1582 1577/1889/1582 1573/1884/1582
s 1
f 1578/1885/1579 1582/1890/1583 1584/1891/1584 1580/1886/1580
s 0
f 1580/1887/1585 1584/1892/1585 1583/1893/1585 1579/1888/1585
f 1579/1888/1586 1583/1893/1586 1581/1894/1586 1577/1889/1586
s 1
f 1582/1890/1583 1586/1895/1587 1588/1896/1588 1584/1891/1584
s 0
f 1584/1892/1589 1588/1897/1589 1587/1898/1589 1583/1893/1589
f 1583/1893/1590 1587/1898/1590 1585/1899/1590 1581/1894/1590
s 1
f 1586/1895/1587 1590/1900/1591 1592/1901/1592 1588/1896/1588
s 0
f 1588/1897/1593 1592/1902/1593 1591/1903/1593 1587/1898/1593
f 1587/1898/1594 1591/1903/1594 1589/1904/1594 1585/1899/1594
s 1
f 1590/1900/1591 1594/1905/1595 1596/1906/1596 1592/1901/1592
s 0
f 1592/1902/1597 1596/1907/1597 1595/1908/1597 1591/1903/1597
f 1591/1903/1598 1595/1908/1598 1593/1909/1598 1589/1904/1598
s 1
f 1594/1905/1595 1598/1910/1599 1600/1911/1600 1596/1906/1596
s 0
f 1596/1907/1601 1600/1912/1601 1599/1913/1601 1595/1908/1601
f 1595/1908/1602 1599/1913/1602 1597/1914/1602 1593/1909/1602
s 1
f 1598/1910/1599 1602/1915/1603 1604/1916/1604 1600/1911/1600
s 0
f 1600/1912/1605 1604/1917/1605 1603/1918/1605 1599/1913/1605
f 1599/1913/1606 1603/1918/1606 1601/1919/1606 1597/1914/1606
s 1
f 1602/1915/1603 1606/1920/1607 1608/1921/1608 1604/1916/1604
s 0
f 1604/1917/1609 1608/1922/1609 1607/1923/1609 1603/1918/1609
f 1603/1918/1610 1607/1923/1610 1605/1924/1610 1601/1919/1610
s 1
f 1606/1920/1607 1610/1925/1611 1612/1926/1612 1608/1921/1608
s 0
f 1608/1922/1613 1612/1927/1613 1611/1928/1613 1607/1923/1613
f 1607/1923/1614 1611/1928/1614 1609/1929/1614 1605/1924/1614
s 1
f 1610/1925/1611 1614/1930/1615 1616/1931/1616 1612/1926/1612
s 0
f 1612/1927/1617 1616/1932/1617 1615/1933/1617 1611/1928/1617
f 1611/1928/1618 1615/1933/1618 1613/1934/1618 1609/1929/1618
s 1
f 1614/1930/1615 1618/1935/1619 1620/1936/1620 1616/1931/1616
s 0
f 1616/1932/1621 1620/1937/1621 1619/1938/1621 1615/1933/1621
f 1615/1933/1622 1619/1938/1622 1617/1939/1622 1613/1934/1622
s 1
f 1618/1935/1619 1622/1940/1623 1624/1941/1624 1620/1936/1620
s 0
f 1620/1937/1625 1624/1942/1625 1623/1943/1625 1619/1938/1625
f 1619/1938/1626 1623/1943/1626 1621/1944/1626 1617/1939/1626
s 1
f 1622/1940/1623 1626/1945/1627 1628/1946/1628 1624/1941/1624
s 0
f 1624/1942/1629 1628/1947/1629 1627/1948/1629 1623/1943/1629
f 1623/1943/1630 1627/1948/1630 1625/1949/1630 1621/1944/1630
s 1
f 1626/1945/1627 1630/1950/1631 1632/1951/1632 1628/1946/1628
s 0
f 1628/1947/1633 1632/1952/1633 1631/1953/1633 1627/1948/1633
f 1627/1948/1634 1631/1953/1634 1629/1954/1634 1625/1949/1634
s 1
f 1630/1950/1631 1634/1955/1635 1636/1956/1636 1632/1951/1632
s 0
f 1632/1952/1637 1636/1957/1637 1635/1958/1637 1631/1953/1637
f 1631/1953/1638 1635/1958/1638 1633/1959/1638 1629/1954/1638
s 1
f 1634/1955/1635 1638/1960/1639 1640/1961/1640 1636/1956/1636
s 0
f 1636/1957/1641 1640/1962/1641 1639/1963/1641 1635/1958/1641
f 1635/1958/1642 1639/1963/1642 1637/1964/1642 1633/1959/1642
s 1
f 1638/1965/1639 1642/1966/1643 1644/1967/1644 1640/1968/1640
s 0
f 1640/1962/1645 1644/1969/1645 1643/1970/1645 1639/1963/1645
f 1639/1963/1646 1643/1970/1646 1641/1971/1646 1637/1964/1646
s 1
f 1642/1966/1643 1646/1972/1647 1648/1973/1648 1644/1967/1644
s 0
f 1644/1969/1649 1648/1974/1649 1647/1975/1649 1643/1970/1649
f 1643/1970/1650 1647/1975/1650 1645/1976/1650 1641/1971/1650
s 1
f 1646/1972/1647 1650/1977/1651 1652/1978/1652 1648/1973/1648
s 0
f 1648/1974/1653 1652/1979/1653 1651/1980/1653 1647/1975/1653
f 1647/1975/1654 1651/1980/1654 1649/1981/1654 1645/1976/1654
s 1
f 1650/1977/1651 1654/1982/1655 1656/1983/1656 1652/1978/1652
s 0
f 1652/1979/1657 1656/1984/1657 1655/1985/1657 1651/1980/1657
f 1651/1980/1658 1655/1985/1658 1653/1986/1658 1649/1981/1658
s 1
f 1654/1982/1655 1658/1987/1659 1660/1988/1660 1656/1983/1656
s 0
f 1656/1984/1661 1660/1989/1661 1659/1990/1661 1655/1985/1661
f 1655/1985/1662 1659/1990/1662 1657/1991/1662 1653/1986/1662
s 1
f 1658/1987/1659 1662/1992/1663 1664/1993/1664 1660/1988/1660
s 0
f 1660/1989/1665 1664/1994/1665 1663/1995/1665 1659/1990/1665
f 1659/1990/1666 1663/1995/1666 1661/1996/1666 1657/1991/1666
f 1409/1678/1667 1661/1996/1667 1663/1995/1667 1411/1676/1667
f 1411/1676/1668 1663/1995/1668 1664/1994/1668 1412/1673/1668
s 1
f 1412/1672/1416 1664/1993/1664 1662/1992/1663 1410/1669/1413
f 1149/1066/900 898/1065/899 1154/1355/1157 1405/1664/1409
s 0
f 1150/1071/1669 1146/1073/1669 1142/1077/1669 1138/1081/1669 1134/1085/1669 1130/1089/1669 1126/1093/1669 1122/1097/1669 1118/1101/1669 1114/1105/1669 1110/1109/1669 1106/1117/1669 1102/1122/1669 1098/1127/1669 1094/1132/1669 1090/1137/1669 1086/1142/1669 1082/1147/1669 1078/1152/1669 1074/1157/1669 1070/1162/1669 1066/1167/1669 1062/1172/1669 1058/1178/1669 1054/1182/1669 1050/1186/1669 1046/1190/1669 1042/1194/1669 1038/1198/1669 1034/1202/1669 1030/1206/1669 1026/1210/1669 1022/1214/1669 1018/1218/1669 1014/1222/1669 1010/1226/1669 1006/1230/1669 1002/1234/1669 998/1238/1669 994/1242/1669 990/1246/1669 986/1250/1669 982/1254/1669 978/1262/1669 974/1267/1669 970/1272/1669 966/1277/1669 962/1282/1669 958/1287/1669 954/1292/1669 950/1297/1669 946/1302/1669 942/1307/1669 938/1312/1669 934/1317/1669 930/1323/1669 926/1327/1669 922/1331/1669 918/1335/1669 914/1339/1669 910/1343/1669 906/1347/1669 902/1351/1669 897/1072/1669
s 1
f 898/1065/899 901/1354/1154 1157/1356/1158 1154/1355/1157
f 901/1354/1154 905/1350/1150 1161/1365/1165 1157/1356/1158
f 905/1350/1150 909/1346/1146 1165/1370/1169 1161/1365/1165
f 909/1346/1146 913/1342/1142 1169/1375/1173 1165/1370/1169
f 913/1342/1142 917/1338/1138 1173/1380/1177 1169/1375/1173
f 917/1338/1138 921/1334/1134 1177/1385/1181 1173/1380/1177
f 921/1334/1134 925/1330/1130 1181/1390/1185 1177/1385/1181
f 925/1330/1130 929/1326/1126 1185/1395/1189 1181/1390/1185
f 929/1326/1126 933/1322/1122 1189/1403/1193 1185/1395/1189
f 933/1322/1122 937/1321/1118 1193/1408/1197 1189/1403/1193
f 937/1316/1118 941/1311/1114 1197/1414/1201 1193/1413/1197
f 941/1311/1114 945/1306/1110 1201/1418/1205 1197/1414/1201
f 945/1306/1110 949/1301/1106 1205/1422/1209 1201/1418/1205
f 949/1301/1106 953/1296/1102 1209/1426/1213 1205/1422/1209
f 953/1296/1102 957/1291/1098 1213/1430/1217 1209/1426/1213
f 957/1291/1098 961/1286/1094 1217/1434/1221 1213/1430/1217
f 961/1286/1094 965/1281/1090 1221/1438/1225 1217/1434/1221
f 965/1281/1090 969/1276/1086 1225/1442/1229 1221/1438/1225
f 969/1276/1086 973/1271/1082 1229/1446/1233 1225/1442/1229
f 973/1271/1082 977/1266/1078 1233/1450/1237 1229/1446/1233
f 977/1266/1078 981/1261/1074 1237/1454/1241 1233/1450/1237
f 981/1261/1074 985/1260/1069 1241/1458/1245 1237/1454/1241
f 985/1253/1069 989/1249/1065 1245/1463/1249 1241/1462/1245
f 989/1249/1065 993/1245/1061 1249/1469/1253 1245/1463/1249
f 993/1245/1061 997/1241/1057 1253/1474/1257 1249/1469/1253
f 997/1241/1057 1001/1237/1053 1257/1479/1261 1253/1474/1257
f 1001/1237/1053 1005/1233/1049 1261/1487/1265 1257/1479/1261
f 1005/1233/1049 1009/1229/1045 1265/1492/1269 1261/1487/1265
f 1009/1229/1045 1013/1225/1041 1269/1497/1273 1265/1492/1269
f 1013/1225/1041 1017/1221/1037 1273/1502/1277 1269/1497/1273
f 1017/1221/1037 1021/1217/1033 1277/1507/1281 1273/1502/1277
f 1021/1217/1033 1025/1213/1029 1281/1512/1285 1277/1507/1281
f 1025/1213/1029 1029/1209/1025 1285/1517/1289 1281/1512/1285
f 1029/1209/1025 1033/1205/1021 1289/1522/1293 1285/1517/1289
f 1033/1205/1021 1037/1201/1017 1293/1527/1297 1289/1522/1293
f 1037/1201/1017 1041/1197/1013 1297/1532/1301 1293/1527/1297
f 1041/1197/1013 1045/1193/1009 1301/1537/1305 1297/1532/1301
f 1045/1193/1009 1049/1189/1005 1305/1542/1309 1301/1537/1305
f 1049/1189/1005 1053/1185/1001 1309/1547/1313 1305/1542/1309
f 1053/1185/1001 1057/1181/997 1313/1552/1317 1309/1547/1313
f 1057/1181/997 1061/1177/993 1317/1560/1321 1313/1552/1317
f 1061/1177/993 1065/1176/989 1321/1565/1325 1317/1560/1321
f 1065/1171/989 1069/1166/985 1325/1571/1329 1321/1570/1325
f 1069/1166/985 1073/1161/981 1329/1575/1333 1325/1571/1329
f 1073/1161/981 1077/1156/977 1333/1579/1337 1329/1575/1333
f 1077/1156/977 1081/1151/973 1337/1583/1341 1333/1579/1337
f 1081/1151/973 1085/1146/969 1341/1587/1345 1337/1583/1341
f 1085/1146/969 1089/1141/965 1345/1591/1349 1341/1587/1345
f 1089/1141/965 1093/1136/961 1349/1595/1353 1345/1591/1349
f 1093/1136/961 1097/1131/957 1353/1599/1357 1349/1595/1353
f 1097/1131/957 1101/1126/953 1357/1603/1361 1353/1599/1357
f 1101/1126/953 1105/1121/949 1361/1607/1365 1357/1603/1361
f 1105/1121/949 1109/1116/945 1365/1611/1369 1361/1607/1365
f 1109/1116/945 1113/1115/940 1369/1615/1373 1365/1611/1369
f 1113/1108/940 1117/1104/936 1373/1620/1377 1369/1619/1373
f 1117/1104/936 1121/1100/932 1377/1626/1381 1373/1620/1377
f 1121/1100/932 1125/1096/928 1381/1631/1385 1377/1626/1381
f 1125/1096/928 1129/1092/924 1385/1636/1389 1381/1631/1385
f 1129/1092/924 1133/1088/920 1389/1644/1393 1385/1636/1389
f 1133/1088/920 1137/1084/916 1393/1649/1397 1389/1644/1393
f 1137/1084/916 1141/1080/912 1397/1654/1401 1393/1649/1397
f 1141/1080/912 1145/1076/908 1401/1659/1405 1397/1654/1401
f 1145/1076/908 1149/1066/900 1405/1664/1409 1401/1659/1405
f 1406/1668/1412 1153/1364/1164 641/793/643 704/927/769
f 1153/1364/1164 1158/1363/1163 642/794/644 641/793/643
f 1158/1363/1163 1162/1369/1168 643/797/647 642/794/644
f 1162/1369/1168 1166/1374/1172 644/799/649 643/797/647
f 1166/1374/1172 1170/1379/1176 645/801/651 644/799/649
f 1170/1379/1176 1174/1384/1180 646/803/653 645/801/651
f 1174/1384/1180 1178/1389/1184 647/805/655 646/803/653
f 1178/1389/1184 1182/1394/1188 648/807/657 647/805/655
f 1182/1402/1188 1186/1401/1192 649/810/659 648/809/657
f 1186/1401/1192 1190/1407/1196 650/813/661 649/810/659
f 1190/1407/1196 1194/1412/1200 651/815/663 650/813/661
f 1194/1412/1200 1198/1417/1204 652/817/665 651/815/663
f 1198/1417/1204 1202/1421/1208 653/819/667 652/817/665
f 1202/1421/1208 1206/1425/1212 654/821/669 653/819/667
f 1206/1425/1212 1210/1429/1216 655/823/671 654/821/669
f 1210/1429/1216 1214/1433/1220 656/825/673 655/823/671
f 1214/1433/1220 1218/1437/1224 657/827/675 656/825/673
f 1218/1437/1224 1222/1441/1228 658/829/677 657/827/675
f 1222/1441/1228 1226/1445/1232 659/831/679 658/829/677
f 1226/1445/1232 1230/1449/1236 660/833/681 659/831/679
f 1230/1449/1236 1234/1453/1240 661/835/683 660/833/681
f 1234/1453/1240 1238/1457/1244 662/837/685 661/835/683
f 1238/1457/1244 1242/1461/1248 663/839/687 662/837/685
f 1242/1461/1248 1246/1468/1252 664/841/689 663/839/687
f 1246/1468/1252 1250/1473/1256 665/843/691 664/841/689
f 1250/1473/1256 1254/1478/1260 666/845/693 665/843/691
f 1254/1486/1260 1258/1485/1264 667/848/695 666/847/693
f 1258/1485/1264 1262/1491/1268 668/851/697 667/848/695
f 1262/1491/1268 1266/1496/1272 669/853/699 668/851/697
f 1266/1496/1272 1270/1501/1276 670/855/701 669/853/699
f 1270/1501/1276 1274/1506/1280 671/857/703 670/855/701
f 1274/1506/1280 1278/1511/1284 672/859/705 671/857/703
f 1278/1511/1284 1282/1516/1288 673/861/707 672/859/705
f 1282/1516/1288 1286/1521/1292 674/863/709 673/861/707
f 1286/1521/1292 1290/1526/1296 675/865/711 674/863/709
f 1290/1526/1296 1294/1531/1300 676/867/713 675/865/711
f 1294/1531/1300 1298/1536/1304 677/869/715 676/867/713
f 1298/1536/1304 1302/1541/1308 678/871/717 677/869/715
f 1302/1541/1308 1306/1546/1312 679/873/719 678/871/717
f 1306/1546/1312 1310/1551/1316 680/875/721 679/873/719
f 1310/1559/1316 1314/1558/1320 681/878/723 680/877/721
f 1314/1558/1320 1318/1564/1324 682/881/725 681/878/723
f 1318/1564/1324 1322/1569/1328 683/883/727 682/881/725
f 1322/1569/1328 1326/1574/1332 684/885/729 683/883/727
f 1326/1574/1332 1330/1578/1336 685/887/731 684/885/729
f 1330/1578/1336 1334/1582/1340 686/889/733 685/887/731
f 1334/1582/1340 1338/1586/1344 687/891/735 686/889/733
f 1338/1586/1344 1342/1590/1348 688/893/737 687/891/735
f 1342/1590/1348 1346/1594/1352 689/895/739 688/893/737
f 1346/1594/1352 1350/1598/1356 690/897/741 689/895/739
f 1350/1598/1356 1354/1602/1360 691/899/743 690/897/741
f 1354/1602/1360 1358/1606/1364 692/901/745 691/899/743
f 1358/1606/1364 1362/1610/1368 693/903/747 692/901/745
f 1362/1610/1368 1366/1614/1372 694/905/749 693/903/747
f 1366/1614/1372 1370/1618/1376 695/907/751 694/905/749
f 1370/1618/1376 1374/1625/1380 696/909/753 695/907/751
f 1374/1625/1380 1378/1630/1384 697/911/755 696/909/753
f 1378/1630/1384 1382/1635/1388 698/913/757 697/911/755
f 1382/1643/1388 1386/1642/1392 699/916/759 698/915/757
f 1386/1642/1392 1390/1648/1396 700/919/761 699/916/759
f 1390/1648/1396 1394/1653/1400 701/921/763 700/919/761
f 1394/1653/1400 1398/1658/1404 702/923/765 701/921/763
f 1398/1658/1404 1402/1663/1408 703/925/767 702/923/765
f 1402/1663/1408 1406/1668/1412 704/927/769 703/925/767
f 896/1064/898 833/998/836 1410/1669/1413 1662/1992/1663
f 833/998/836 834/997/835 1414/1670/1414 1410/1669/1413
s 0
f 1409/1678/1670 1413/1677/1670 1417/1683/1670 1421/1688/1670 1425/1693/1670 1429/1698/1670 1433/1703/1670 1437/1708/1670 1441/1715/1670 1445/1720/1670 1449/1725/1670 1453/1730/1670 1457/1735/1670 1461/1740/1670 1465/1745/1670 1469/1750/1670 1473/1755/1670 1477/1760/1670 1481/1765/1670 1485/1770/1670 1489/1775/1670 1493/1780/1670 1497/1785/1670 1501/1790/1670 1505/1795/1670 1509/1800/1670 1513/1807/1670 1517/1812/1670 1521/1817/1670 1525/1822/1670 1529/1827/1670 1533/1832/1670 1537/1837/1670 1541/1842/1670 1545/1847/1670 1549/1852/1670 1553/1857/1670 1557/1862/1670 1561/1867/1670 1565/1872/1670 1569/1879/1670 1573/1884/1670 1577/1889/1670 1581/1894/1670 1585/1899/1670 1589/1904/1670 1593/1909/1670 1597/1914/1670 1601/1919/1670 1605/1924/1670 1609/1929/1670 1613/1934/1670 1617/1939/1670 1621/1944/1670 1625/1949/1670 1629/1954/1670 1633/1959/1670 1637/1964/1670 1641/1971/1670 1645/1976/1670 1649/1981/1670 1653/1986/1670 1657/1991/1670 1661/1996/1670
s 1
f 834/997/835 835/999/837 1418/1679/1419 1414/1670/1414
f 835/999/837 836/1000/838 1422/1684/1423 1418/1679/1419
f 836/1000/838 837/1001/839 1426/1689/1427 1422/1684/1423
f 837/1001/839 838/1002/840 1430/1694/1431 1426/1689/1427
f 838/1002/840 839/1003/841 1434/1699/1435 1430/1694/1431
f 839/1003/841 840/1004/842 1438/1704/1439 1434/1699/1435
f 840/1006/842 841/1005/843 1442/1710/1443 1438/1709/1439
f 841/1005/843 842/1007/844 1446/1716/1447 1442/1710/1443
f 842/1007/844 843/1008/845 1450/1721/1451 1446/1716/1447
f 843/1008/845 844/1009/846 1454/1726/1455 1450/1721/1451
f 844/1009/846 845/1010/847 1458/1731/1459 1454/1726/1455
f 845/1010/847 846/1011/848 1462/1736/1463 1458/1731/1459
f 846/1011/848 847/1012/849 1466/1741/1467 1462/1736/1463
f 847/1012/849 848/1013/850 1470/1746/1471 1466/1741/1467
f 848/1013/850 849/1014/851 1474/1751/1475 1470/1746/1471
f 849/1014/851 850/1015/852 1478/1756/1479 1474/1751/1475
f 850/1015/852 851/1016/853 1482/1761/1483 1478/1756/1479
f 851/1016/853 852/1017/854 1486/1766/1487 1482/1761/1483
f 852/1017/854 853/1018/855 1490/1771/1491 1486/1766/1487
f 853/1018/855 854/1019/856 1494/1776/1495 1490/1771/1491
f 854/1019/856 855/1020/857 1498/1781/1499 1494/1776/1495
f 855/1020/857 856/1021/858 1502/1786/1503 1498/1781/1499
f 856/1021/858 857/1022/859 1506/1791/1507 1502/1786/1503
f 857/1022/859 858/1023/860 1510/1796/1511 1506/1791/1507
f 858/1025/860 859/1024/861 1514/1802/1515 1510/1801/1511
f 859/1024/861 860/1026/862 1518/1808/1519 1514/1802/1515
f 860/1026/862 861/1027/863 1522/1813/1523 1518/1808/1519
f 861/1027/863 862/1028/864 1526/1818/1527 1522/1813/1523
f 862/1028/864 863/1029/865 1530/1823/1531 1526/1818/1527
f 863/1029/865 864/1030/866 1534/1828/1535 1530/1823/1531
f 864/1030/866 865/1031/867 1538/1833/1539 1534/1828/1535
f 865/1031/867 866/1032/868 1542/1838/1543 1538/1833/1539
f 866/1032/868 867/1033/869 1546/1843/1547 1542/1838/1543
f 867/1033/869 868/1034/870 1550/1848/1551 1546/1843/1547
f 868/1034/870 869/1035/871 1554/1853/1555 1550/1848/1551
f 869/1035/871 870/1036/872 1558/1858/1559 1554/1853/1555
f 870/1036/872 871/1037/873 1562/1863/1563 1558/1858/1559
f 871/1037/873 872/1038/874 1566/1868/1567 1562/1863/1563
f 872/1040/874 873/1039/875 1570/1874/1571 1566/1873/1567
f 873/1039/875 874/1041/876 1574/1880/1575 1570/1874/1571
f 874/1041/876 875/1042/877 1578/1885/1579 1574/1880/1575
f 875/1042/877 876/1043/878 1582/1890/1583 1578/1885/1579
f 876/1043/878 877/1044/879 1586/1895/1587 1582/1890/1583
f 877/1044/879 878/1045/880 1590/1900/1591 1586/1895/1587
f 878/1045/880 879/1046/881 1594/1905/1595 1590/1900/1591
f 879/1046/881 880/1047/882 1598/1910/1599 1594/1905/1595
f 880/1047/882 881/1048/883 1602/1915/1603 1598/1910/1599
f 881/1048/883 882/1049/884 1606/1920/1607 1602/1915/1603
f 882/1049/884 883/1050/885 1610/1925/1611 1606/1920/1607
f 883/1050/885 884/1051/886 1614/1930/1615 1610/1925/1611
f 884/1051/886 885/1052/887 1618/1935/1619 1614/1930/1615
f 885/1052/887 886/1053/888 1622/1940/1623 1618/1935/1619
f 886/1053/888 887/1054/889 1626/1945/1627 1622/1940/1623
f 887/1054/889 888/1055/890 1630/1950/1631 1626/1945/1627
f 888/1055/890 889/1056/891 1634/1955/1635 1630/1950/1631
f 889/1056/891 890/1057/892 1638/1960/1639 1634/1955/1635
f 890/1059/892 891/1058/893 1642/1966/1643 1638/1965/1639
f 891/1058/893 892/1060/894 1646/1972/1647 1642/1966/1643
f 892/1060/894 893/1061/895 1650/1977/1651 1646/1972/1647
f 893/1061/895 894/1062/896 1654/1982/1655 1650/1977/1651
f 894/1062/896 895/1063/897 1658/1987/1659 1654/1982/1655
f 895/1063/897 896/1064/898 1662/1992/1663 1658/1987/1659
o Grip_moulded_rib_00.001
v 0.454000 0.014162 -0.017962
v 0.453897 0.011813 -0.018115
v 0.453590 0.010101 -0.018226
v 0.453079 0.008609 -0.018323
v 0.452370 0.007284 -0.018410
v 0.451464 0.006112 -0.018486
v 0.450368 0.005087 -0.018553
v 0.449084 0.004212 -0.018610
v 0.447615 0.003489 -0.018657
v 0.445956 0.002922 -0.018694
v 0.444087 0.002515 -0.018720
v 0.441942 0.002269 -0.018736
v 0.439000 0.002187 -0.018741
v 0.436058 0.002269 -0.018736
v 0.433913 0.002515 -0.018720
v 0.432044 0.002922 -0.018694
v 0.430385 0.003489 -0.018657
v 0.428916 0.004212 -0.018610
v 0.427632 0.005087 -0.018553
v 0.426536 0.006112 -0.018486
v 0.425630 0.007284 -0.018410
v 0.424921 0.008609 -0.018323
v 0.424410 0.010101 -0.018226
v 0.424103 0.011813 -0.018115
v 0.424000 0.014162 -0.017962
v 0.424103 0.016511 -0.017809
v 0.424410 0.018223 -0.017698
v 0.424921 0.019715 -0.017601
v 0.425630 0.021040 -0.017514
v 0.426536 0.022213 -0.017438
v 0.427632 0.023237 -0.017371
v 0.428916 0.024112 -0.017314
v 0.430385 0.024835 -0.017267
v 0.432044 0.025402 -0.017230
v 0.433913 0.025809 -0.017204
v 0.436058 0.026055 -0.017188
v 0.439000 0.026137 -0.017183
v 0.441942 0.026055 -0.017188
v 0.444087 0.025809 -0.017204
v 0.445956 0.025402 -0.017230
v 0.447615 0.024835 -0.017267
v 0.449084 0.024112 -0.017314
v 0.450368 0.023237 -0.017371
v 0.451464 0.022213 -0.017438
v 0.452370 0.021040 -0.017514
v 0.453079 0.019715 -0.017601
v 0.453590 0.018223 -0.017698
v 0.453897 0.016511 -0.017809
v 0.454650 0.014221 -0.018860
v 0.454543 0.011774 -0.019019
v 0.454222 0.009990 -0.019135
v 0.453689 0.008436 -0.019237
v 0.452949 0.007056 -0.019326
v 0.452004 0.005835 -0.019406
v 0.450860 0.004767 -0.019475
v 0.449521 0.003856 -0.019535
v 0.447989 0.003103 -0.019584
v 0.446257 0.002513 -0.019622
v 0.444308 0.002088 -0.019650
v 0.442070 0.001832 -0.019666
v 0.439000 0.001747 -0.019672
v 0.435930 0.001832 -0.019666
v 0.433692 0.002088 -0.019650
v 0.431743 0.002513 -0.019622
v 0.430011 0.003103 -0.019584
v 0.428479 0.003856 -0.019535
v 0.427140 0.004767 -0.019475
v 0.425996 0.005835 -0.019406
v 0.425051 0.007056 -0.019326
v 0.424311 0.008436 -0.019237
v 0.423778 0.009990 -0.019135
v 0.423457 0.011774 -0.019019
v 0.423350 0.014221 -0.018860
v 0.423457 0.016667 -0.018701
v 0.423778 0.018451 -0.018585
v 0.424311 0.020005 -0.018484
v 0.425051 0.021385 -0.018394
v 0.425996 0.022606 -0.018314
v 0.427140 0.023674 -0.018245
v 0.428479 0.024585 -0.018185
v 0.430011 0.025338 -0.018136
v 0.431743 0.025929 -0.018098
v 0.433692 0.026353 -0.018070
v 0.435930 0.026609 -0.018054
v 0.439000 0.026694 -0.018048
v 0.442070 0.026609 -0.018054
v 0.444308 0.026353 -0.018070
v 0.446257 0.025929 -0.018098
v 0.447989 0.025338 -0.018136
v 0.449521 0.024585 -0.018185
v 0.450860 0.023674 -0.018245
v 0.452004 0.022606 -0.018314
v 0.452949 0.021385 -0.018394
v 0.453689 0.020005 -0.018484
v 0.454222 0.018451 -0.018585
v 0.454543 0.016667 -0.018701
v 0.454000 0.014292 -0.019958
v 0.453897 0.011943 -0.020111
v 0.453590 0.010231 -0.020222
v 0.453079 0.008739 -0.020319
v 0.452370 0.007414 -0.020405
v 0.451464 0.006242 -0.020482
v 0.450368 0.005217 -0.020548
v 0.449084 0.004342 -0.020605
v 0.447615 0.003619 -0.020652
v 0.445956 0.003052 -0.020689
v 0.444087 0.002645 -0.020716
v 0.441942 0.002399 -0.020732
v 0.439000 0.002317 -0.020737
v 0.436058 0.002399 -0.020732
v 0.433913 0.002645 -0.020716
v 0.432044 0.003052 -0.020689
v 0.430385 0.003619 -0.020652
v 0.428916 0.004342 -0.020605
v 0.427632 0.005217 -0.020548
v 0.426536 0.006242 -0.020482
v 0.425630 0.007414 -0.020405
v 0.424921 0.008739 -0.020319
v 0.424410 0.010231 -0.020222
v 0.424103 0.011943 -0.020111
v 0.424000 0.014292 -0.019958
v 0.424103 0.016641 -0.019805
v 0.424410 0.018353 -0.019693
v 0.424921 0.019845 -0.019596
v 0.425630 0.021170 -0.019510
v 0.426536 0.022342 -0.019434
v 0.427632 0.023367 -0.019367
v 0.428916 0.024242 -0.019310
v 0.430385 0.024965 -0.019263
v 0.432044 0.025532 -0.019226
v 0.433913 0.025939 -0.019200
v 0.436058 0.026185 -0.019184
v 0.439000 0.026267 -0.019178
v 0.441942 0.026185 -0.019184
v 0.444087 0.025939 -0.019200
v 0.445956 0.025532 -0.019226
v 0.447615 0.024965 -0.019263
v 0.449084 0.024242 -0.019310
v 0.450368 0.023367 -0.019367
v 0.451464 0.022342 -0.019434
v 0.452370 0.021170 -0.019510
v 0.453079 0.019845 -0.019596
v 0.453590 0.018353 -0.019693
v 0.453897 0.016641 -0.019805
vn -0.0000 -0.0650 0.9979
vn 0.8107 -0.0380 0.5842
vn 0.8057 -0.1192 0.5802
vn 0.9949 -0.1002 -0.0065
vn 1.0000 -0.0000 -0.0000
vn 0.7837 -0.2376 0.5739
vn 0.9690 -0.2465 -0.0160
vn 0.7432 -0.3591 0.5645
vn 0.9178 -0.3963 -0.0258
vn 0.6837 -0.4784 0.5511
vn 0.8400 -0.5414 -0.0352
vn 0.6074 -0.5884 0.5337
vn 0.7397 -0.6715 -0.0437
vn 0.5186 -0.6835 0.5137
vn 0.6244 -0.7795 -0.0507
vn 0.4227 -0.7608 0.4925
vn 0.5025 -0.8627 -0.0562
vn 0.3248 -0.8194 0.4722
vn 0.3815 -0.9224 -0.0600
vn 0.2293 -0.8608 0.4544
vn 0.2665 -0.9618 -0.0626
vn 0.1395 -0.8869 0.4403
vn 0.1608 -0.9849 -0.0641
vn 0.0562 -0.9007 0.4309
vn 0.0643 -0.9958 -0.0648
vn -0.0000 -0.9038 0.4279
vn -0.0000 -0.9979 -0.0649
vn -0.0562 -0.9007 0.4309
vn -0.0643 -0.9958 -0.0648
vn -0.1394 -0.8869 0.4403
vn -0.1608 -0.9849 -0.0641
vn -0.2293 -0.8608 0.4544
vn -0.2665 -0.9618 -0.0626
vn -0.3248 -0.8194 0.4723
vn -0.3815 -0.9224 -0.0600
vn -0.4227 -0.7608 0.4925
vn -0.5025 -0.8627 -0.0562
vn -0.5186 -0.6835 0.5137
vn -0.6244 -0.7795 -0.0507
vn -0.6073 -0.5884 0.5337
vn -0.7397 -0.6715 -0.0437
vn -0.6837 -0.4784 0.5511
vn -0.8400 -0.5414 -0.0352
vn -0.7433 -0.3590 0.5645
vn -0.9178 -0.3963 -0.0258
vn -0.7837 -0.2375 0.5739
vn -0.9690 -0.2465 -0.0160
vn -0.8057 -0.1192 0.5802
vn -0.9949 -0.1002 -0.0065
vn -0.8107 -0.0380 0.5842
vn -1.0000 -0.0000 -0.0000
vn -0.8057 0.0430 0.5908
vn -0.9949 0.1002 0.0065
vn -0.7837 0.1611 0.5999
vn -0.9690 0.2465 0.0161
vn -0.7432 0.2828 0.6063
vn -0.9178 0.3963 0.0258
vn -0.6837 0.4029 0.6084
vn -0.8400 0.5414 0.0352
vn -0.6074 0.5142 0.6055
vn -0.7397 0.6715 0.0437
vn -0.5186 0.6112 0.5979
vn -0.6244 0.7795 0.0508
vn -0.4227 0.6905 0.5870
vn -0.5025 0.8627 0.0562
vn -0.3248 0.7513 0.5745
vn -0.3815 0.9224 0.0601
vn -0.2293 0.7946 0.5622
vn -0.2665 0.9618 0.0626
vn -0.1394 0.8224 0.5516
vn -0.1608 0.9849 0.0641
vn -0.0562 0.8372 0.5440
vn -0.0643 0.9958 0.0648
vn -0.0000 0.8407 0.5414
vn -0.0000 0.9979 0.0650
vn 0.0562 0.8372 0.5440
vn 0.0643 0.9958 0.0648
vn 0.1394 0.8224 0.5516
vn 0.1608 0.9849 0.0641
vn 0.2293 0.7946 0.5622
vn 0.2665 0.9618 0.0626
vn 0.3248 0.7513 0.5745
vn 0.3815 0.9224 0.0601
vn 0.4227 0.6905 0.5870
vn 0.5025 0.8627 0.0562
vn 0.5186 0.6112 0.5979
vn 0.6244 0.7795 0.0508
vn 0.6073 0.5143 0.6055
vn 0.7397 0.6715 0.0437
vn 0.6837 0.4029 0.6084
vn 0.8400 0.5414 0.0352
vn 0.7432 0.2828 0.6063
vn 0.9178 0.3963 0.0258
vn 0.7837 0.1612 0.5999
vn 0.9690 0.2465 0.0161
vn 0.8057 0.0430 0.5908
vn 0.9949 0.1002 0.0065
vn 0.8559 -0.0531 -0.5145
vn 0.8610 0.0330 -0.5076
vn 0.8328 -0.1786 -0.5240
vn 0.7895 -0.3077 -0.5310
vn 0.7254 -0.4348 -0.5337
vn 0.6430 -0.5516 -0.5314
vn 0.5474 -0.6521 -0.5245
vn 0.4447 -0.7332 -0.5144
vn 0.3406 -0.7945 -0.5027
vn 0.2398 -0.8373 -0.4913
vn 0.1457 -0.8643 -0.4815
vn 0.0585 -0.8783 -0.4745
vn -0.0000 -0.8815 -0.4721
vn -0.0585 -0.8783 -0.4745
vn -0.1455 -0.8643 -0.4815
vn -0.2399 -0.8373 -0.4913
vn -0.3407 -0.7945 -0.5027
vn -0.4447 -0.7332 -0.5144
vn -0.5474 -0.6521 -0.5245
vn -0.6430 -0.5515 -0.5314
vn -0.7254 -0.4348 -0.5337
vn -0.7895 -0.3078 -0.5310
vn -0.8328 -0.1786 -0.5240
vn -0.8559 -0.0530 -0.5145
vn -0.8610 0.0330 -0.5076
vn -0.8559 0.1193 -0.5032
vn -0.8328 0.2451 -0.4964
vn -0.7895 0.3739 -0.4866
vn -0.7254 0.5003 -0.4728
vn -0.6430 0.6158 -0.4554
vn -0.5474 0.7146 -0.4356
vn -0.4447 0.7937 -0.4150
vn -0.3406 0.8530 -0.3955
vn -0.2399 0.8939 -0.3786
vn -0.1456 0.9194 -0.3654
vn -0.0585 0.9324 -0.3566
vn -0.0000 0.9353 -0.3538
vn 0.0585 0.9324 -0.3566
vn 0.1455 0.9194 -0.3654
vn 0.2399 0.8939 -0.3786
vn 0.3407 0.8529 -0.3955
vn 0.4447 0.7937 -0.4150
vn 0.5474 0.7146 -0.4355
vn 0.6430 0.6158 -0.4554
vn 0.7254 0.5003 -0.4728
vn 0.7895 0.3740 -0.4866
vn 0.8328 0.2450 -0.4964
vn 0.8559 0.1193 -0.5032
vn -0.0000 0.0650 -0.9979
vt 0.746527 0.706031
vt 0.751160 0.706728
vt 0.755213 0.707987
vt 0.758832 0.709794
vt 0.762056 0.712138
vt 0.764897 0.715005
vt 0.767348 0.718387
vt 0.769404 0.722279
vt 0.771053 0.726693
vt 0.772290 0.731682
vt 0.773112 0.737425
vt 0.773553 0.745321
vt 0.773552 0.753230
vt 0.773052 0.759010
vt 0.772096 0.764060
vt 0.770695 0.768559
vt 0.768860 0.772559
vt 0.766600 0.776073
vt 0.763924 0.779094
vt 0.760835 0.781614
vt 0.757323 0.783620
vt 0.753346 0.785103
vt 0.748759 0.786057
vt 0.742445 0.786510
vt 0.736116 0.786410
vt 0.731483 0.785712
vt 0.727429 0.784454
vt 0.723811 0.782647
vt 0.720586 0.780303
vt 0.717746 0.777435
vt 0.715294 0.774054
vt 0.713239 0.770162
vt 0.711589 0.765748
vt 0.710353 0.760759
vt 0.709531 0.755015
vt 0.709090 0.747119
vt 0.709090 0.739211
vt 0.709590 0.733431
vt 0.710547 0.728381
vt 0.711948 0.723882
vt 0.713783 0.719881
vt 0.716043 0.716368
vt 0.718719 0.713347
vt 0.721808 0.710827
vt 0.725320 0.708821
vt 0.729297 0.707338
vt 0.733884 0.706383
vt 0.740198 0.705931
vt 0.733572 0.704657
vt 0.740149 0.704185
vt 0.728794 0.705653
vt 0.724651 0.707199
vt 0.720993 0.709292
vt 0.717775 0.711921
vt 0.714988 0.715073
vt 0.712635 0.718739
vt 0.710723 0.722912
vt 0.709264 0.727606
vt 0.708268 0.732875
vt 0.707747 0.738906
vt 0.707747 0.747157
vt 0.708207 0.755395
vt 0.709063 0.761388
vt 0.710351 0.766593
vt 0.712070 0.771198
vt 0.714211 0.775258
vt 0.716765 0.778787
vt 0.719724 0.781779
vt 0.723083 0.784224
vt 0.726852 0.786110
vt 0.731075 0.787423
vt 0.735901 0.788151
vt 0.742494 0.788255
vt 0.749071 0.787784
vt 0.753849 0.786788
vt 0.757992 0.785241
vt 0.761650 0.783148
vt 0.764868 0.780520
vt 0.767655 0.777367
vt 0.770008 0.773702
vt 0.771920 0.769528
vt 0.773379 0.764835
vt 0.774375 0.759566
vt 0.774896 0.753535
vt 0.774896 0.745284
vt 0.774436 0.737046
vt 0.773580 0.731053
vt 0.772291 0.725848
vt 0.770573 0.721243
vt 0.768432 0.717182
vt 0.765877 0.713654
vt 0.762919 0.710662
vt 0.759560 0.708216
vt 0.755790 0.706331
vt 0.751568 0.705017
vt 0.746742 0.704289
vt 0.662390 0.788255
vt 0.655797 0.788151
vt 0.656012 0.786410
vt 0.662341 0.786510
vt 0.650971 0.787423
vt 0.651379 0.785712
vt 0.646748 0.786110
vt 0.647325 0.784454
vt 0.642979 0.784224
vt 0.643707 0.782647
vt 0.639620 0.781779
vt 0.640482 0.780303
vt 0.636661 0.778787
vt 0.637642 0.777435
vt 0.634107 0.775258
vt 0.635190 0.774054
vt 0.631966 0.771198
vt 0.633135 0.770162
vt 0.630247 0.766593
vt 0.631485 0.765748
vt 0.628959 0.761388
vt 0.630249 0.760759
vt 0.628103 0.755395
vt 0.629427 0.755015
vt 0.627643 0.747157
vt 0.628986 0.747119
vt 0.627643 0.738906
vt 0.628986 0.739211
vt 0.628164 0.732875
vt 0.629486 0.733431
vt 0.629160 0.727606
vt 0.630443 0.728381
vt 0.630619 0.722912
vt 0.631844 0.723882
vt 0.632530 0.718739
vt 0.633679 0.719881
vt 0.634884 0.715073
vt 0.635939 0.716368
vt 0.637671 0.711921
vt 0.638614 0.713347
vt 0.640889 0.709292
vt 0.641703 0.710827
vt 0.644547 0.707199
vt 0.645215 0.708821
vt 0.648690 0.705653
vt 0.649193 0.707338
vt 0.653468 0.704657
vt 0.653779 0.706383
vt 0.660045 0.704185
vt 0.660093 0.705931
vt 0.666638 0.704289
vt 0.666423 0.706031
vt 0.671464 0.705017
vt 0.671055 0.706728
vt 0.675686 0.706331
vt 0.675109 0.707987
vt 0.679456 0.708216
vt 0.678728 0.709794
vt 0.682815 0.710662
vt 0.681952 0.712138
vt 0.685773 0.713654
vt 0.684792 0.715005
vt 0.688327 0.717182
vt 0.687244 0.718387
vt 0.690469 0.721243
vt 0.689300 0.722279
vt 0.692187 0.725848
vt 0.690949 0.726693
vt 0.693476 0.731053
vt 0.692186 0.731682
vt 0.694332 0.737046
vt 0.693007 0.737425
vt 0.694792 0.745284
vt 0.693449 0.745321
vt 0.694792 0.753535
vt 0.693448 0.753230
vt 0.694271 0.759566
vt 0.692948 0.759010
vt 0.693275 0.764834
vt 0.691992 0.764060
vt 0.691816 0.769528
vt 0.690591 0.768559
vt 0.689904 0.773702
vt 0.688755 0.772559
vt 0.687550 0.777367
vt 0.686496 0.776072
vt 0.684763 0.780520
vt 0.683820 0.779094
vt 0.681546 0.783148
vt 0.680731 0.781614
vt 0.677887 0.785241
vt 0.677219 0.783620
vt 0.673745 0.786788
vt 0.673242 0.785103
vt 0.668967 0.787784
vt 0.668655 0.786057
s 0
usemtl 05_|_charcoal_anti_vibration_rubber
f 1712/1997/1671 1711/1998/1671 1710/1999/1671 1709/2000/1671 1708/2001/1671 1707/2002/1671 1706/2003/1671 1705/2004/1671 1704/2005/1671 1703/2006/1671 1702/2007/1671 1701/2008/1671 1700/2009/1671 1699/2010/1671 1698/2011/1671 1697/2012/1671 1696/2013/1671 1695/2014/1671 1694/2015/1671 1693/2016/1671 1692/2017/1671 1691/2018/1671 1690/2019/1671 1689/2020/1671 1688/2021/1671 1687/2022/1671 1686/2023/1671 1685/2024/1671 1684/2025/1671 1683/2026/1671 1682/2027/1671 1681/2028/1671 1680/2029/1671 1679/2030/1671 1678/2031/1671 1677/2032/1671 1676/2033/1671 1675/2034/1671 1674/2035/1671 1673/2036/1671 1672/2037/1671 1671/2038/1671 1670/2039/1671 1669/2040/1671 1668/2041/1671 1667/2042/1671 1666/2043/1671 1665/2044/1671
s 1
f 1665/2044/1672 1666/2043/1673 1714/2045/1674 1713/2046/1675
f 1666/2043/1673 1667/2042/1676 1715/2047/1677 1714/2045/1674
f 1667/2042/1676 1668/2041/1678 1716/2048/1679 1715/2047/1677
f 1668/2041/1678 1669/2040/1680 1717/2049/1681 1716/2048/1679
f 1669/2040/1680 1670/2039/1682 1718/2050/1683 1717/2049/1681
f 1670/2039/1682 1671/2038/1684 1719/2051/1685 1718/2050/1683
f 1671/2038/1684 1672/2037/1686 1720/2052/1687 1719/2051/1685
f 1672/2037/1686 1673/2036/1688 1721/2053/1689 1720/2052/1687
f 1673/2036/1688 1674/2035/1690 1722/2054/1691 1721/2053/1689
f 1674/2035/1690 1675/2034/1692 1723/2055/1693 1722/2054/1691
f 1675/2034/1692 1676/2033/1694 1724/2056/1695 1723/2055/1693
f 1676/2033/1694 1677/2032/1696 1725/2057/1697 1724/2056/1695
f 1677/2032/1696 1678/2031/1698 1726/2058/1699 1725/2057/1697
f 1678/2031/1698 1679/2030/1700 1727/2059/1701 1726/2058/1699
f 1679/2030/1700 1680/2029/1702 1728/2060/1703 1727/2059/1701
f 1680/2029/1702 1681/2028/1704 1729/2061/1705 1728/2060/1703
f 1681/2028/1704 1682/2027/1706 1730/2062/1707 1729/2061/1705
f 1682/2027/1706 1683/2026/1708 1731/2063/1709 1730/2062/1707
f 1683/2026/1708 1684/2025/1710 1732/2064/1711 1731/2063/1709
f 1684/2025/1710 1685/2024/1712 1733/2065/1713 1732/2064/1711
f 1685/2024/1712 1686/2023/1714 1734/2066/1715 1733/2065/1713
f 1686/2023/1714 1687/2022/1716 1735/2067/1717 1734/2066/1715
f 1687/2022/1716 1688/2021/1718 1736/2068/1719 1735/2067/1717
f 1688/2021/1718 1689/2020/1720 1737/2069/1721 1736/2068/1719
f 1689/2020/1720 1690/2019/1722 1738/2070/1723 1737/2069/1721
f 1690/2019/1722 1691/2018/1724 1739/2071/1725 1738/2070/1723
f 1691/2018/1724 1692/2017/1726 1740/2072/1727 1739/2071/1725
f 1692/2017/1726 1693/2016/1728 1741/2073/1729 1740/2072/1727
f 1693/2016/1728 1694/2015/1730 1742/2074/1731 1741/2073/1729
f 1694/2015/1730 1695/2014/1732 1743/2075/1733 1742/2074/1731
f 1695/2014/1732 1696/2013/1734 1744/2076/1735 1743/2075/1733
f 1696/2013/1734 1697/2012/1736 1745/2077/1737 1744/2076/1735
f 1697/2012/1736 1698/2011/1738 1746/2078/1739 1745/2077/1737
f 1698/2011/1738 1699/2010/1740 1747/2079/1741 1746/2078/1739
f 1699/2010/1740 1700/2009/1742 1748/2080/1743 1747/2079/1741
f 1700/2009/1742 1701/2008/1744 1749/2081/1745 1748/2080/1743
f 1701/2008/1744 1702/2007/1746 1750/2082/1747 1749/2081/1745
f 1702/2007/1746 1703/2006/1748 1751/2083/1749 1750/2082/1747
f 1703/2006/1748 1704/2005/1750 1752/2084/1751 1751/2083/1749
f 1704/2005/1750 1705/2004/1752 1753/2085/1753 1752/2084/1751
f 1705/2004/1752 1706/2003/1754 1754/2086/1755 1753/2085/1753
f 1706/2003/1754 1707/2002/1756 1755/2087/1757 1754/2086/1755
f 1707/2002/1756 1708/2001/1758 1756/2088/1759 1755/2087/1757
f 1708/2001/1758 1709/2000/1760 1757/2089/1761 1756/2088/1759
f 1709/2000/1760 1710/1999/1762 1758/2090/1763 1757/2089/1761
f 1710/1999/1762 1711/1998/1764 1759/2091/1765 1758/2090/1763
f 1711/1998/1764 1712/1997/1766 1760/2092/1767 1759/2091/1765
f 1712/1997/1766 1665/2044/1672 1713/2046/1675 1760/2092/1767
f 1713/2093/1675 1714/2094/1674 1762/2095/1768 1761/2096/1769
f 1714/2094/1674 1715/2097/1677 1763/2098/1770 1762/2095/1768
f 1715/2097/1677 1716/2099/1679 1764/2100/1771 1763/2098/1770
f 1716/2099/1679 1717/2101/1681 1765/2102/1772 1764/2100/1771
f 1717/2101/1681 1718/2103/1683 1766/2104/1773 1765/2102/1772
f 1718/2103/1683 1719/2105/1685 1767/2106/1774 1766/2104/1773
f 1719/2105/1685 1720/2107/1687 1768/2108/1775 1767/2106/1774
f 1720/2107/1687 1721/2109/1689 1769/2110/1776 1768/2108/1775
f 1721/2109/1689 1722/2111/1691 1770/2112/1777 1769/2110/1776
f 1722/2111/1691 1723/2113/1693 1771/2114/1778 1770/2112/1777
f 1723/2113/1693 1724/2115/1695 1772/2116/1779 1771/2114/1778
f 1724/2115/1695 1725/2117/1697 1773/2118/1780 1772/2116/1779
f 1725/2117/1697 1726/2119/1699 1774/2120/1781 1773/2118/1780
f 1726/2119/1699 1727/2121/1701 1775/2122/1782 1774/2120/1781
f 1727/2121/1701 1728/2123/1703 1776/2124/1783 1775/2122/1782
f 1728/2123/1703 1729/2125/1705 1777/2126/1784 1776/2124/1783
f 1729/2125/1705 1730/2127/1707 1778/2128/1785 1777/2126/1784
f 1730/2127/1707 1731/2129/1709 1779/2130/1786 1778/2128/1785
f 1731/2129/1709 1732/2131/1711 1780/2132/1787 1779/2130/1786
f 1732/2131/1711 1733/2133/1713 1781/2134/1788 1780/2132/1787
f 1733/2133/1713 1734/2135/1715 1782/2136/1789 1781/2134/1788
f 1734/2135/1715 1735/2137/1717 1783/2138/1790 1782/2136/1789
f 1735/2137/1717 1736/2139/1719 1784/2140/1791 1783/2138/1790
f 1736/2139/1719 1737/2141/1721 1785/2142/1792 1784/2140/1791
f 1737/2141/1721 1738/2143/1723 1786/2144/1793 1785/2142/1792
f 1738/2143/1723 1739/2145/1725 1787/2146/1794 1786/2144/1793
f 1739/2145/1725 1740/2147/1727 1788/2148/1795 1787/2146/1794
f 1740/2147/1727 1741/2149/1729 1789/2150/1796 1788/2148/1795
f 1741/2149/1729 1742/2151/1731 1790/2152/1797 1789/2150/1796
f 1742/2151/1731 1743/2153/1733 1791/2154/1798 1790/2152/1797
f 1743/2153/1733 1744/2155/1735 1792/2156/1799 1791/2154/1798
f 1744/2155/1735 1745/2157/1737 1793/2158/1800 1792/2156/1799
f 1745/2157/1737 1746/2159/1739 1794/2160/1801 1793/2158/1800
f 1746/2159/1739 1747/2161/1741 1795/2162/1802 1794/2160/1801
f 1747/2161/1741 1748/2163/1743 1796/2164/1803 1795/2162/1802
f 1748/2163/1743 1749/2165/1745 1797/2166/1804 1796/2164/1803
f 1749/2165/1745 1750/2167/1747 1798/2168/1805 1797/2166/1804
f 1750/2167/1747 1751/2169/1749 1799/2170/1806 1798/2168/1805
f 1751/2169/1749 1752/2171/1751 1800/2172/1807 1799/2170/1806
f 1752/2171/1751 1753/2173/1753 1801/2174/1808 1800/2172/1807
f 1753/2173/1753 1754/2175/1755 1802/2176/1809 1801/2174/1808
f 1754/2175/1755 1755/2177/1757 1803/2178/1810 1802/2176/1809
f 1755/2177/1757 1756/2179/1759 1804/2180/1811 1803/2178/1810
f 1756/2179/1759 1757/2181/1761 1805/2182/1812 1804/2180/1811
f 1757/2181/1761 1758/2183/1763 1806/2184/1813 1805/2182/1812
f 1758/2183/1763 1759/2185/1765 1807/2186/1814 1806/2184/1813
f 1759/2185/1765 1760/2187/1767 1808/2188/1815 1807/2186/1814
f 1760/2187/1767 1713/2093/1675 1761/2096/1769 1808/2188/1815
s 0
f 1761/2096/1816 1762/2095/1816 1763/2098/1816 1764/2100/1816 1765/2102/1816 1766/2104/1816 1767/2106/1816 1768/2108/1816 1769/2110/1816 1770/2112/1816 1771/2114/1816 1772/2116/1816 1773/2118/1816 1774/2120/1816 1775/2122/1816 1776/2124/1816 1777/2126/1816 1778/2128/1816 1779/2130/1816 1780/2132/1816 1781/2134/1816 1782/2136/1816 1783/2138/1816 1784/2140/1816 1785/2142/1816 1786/2144/1816 1787/2146/1816 1788/2148/1816 1789/2150/1816 1790/2152/1816 1791/2154/1816 1792/2156/1816 1793/2158/1816 1794/2160/1816 1795/2162/1816 1796/2164/1816 1797/2166/1816 1798/2168/1816 1799/2170/1816 1800/2172/1816 1801/2174/1816 1802/2176/1816 1803/2178/1816 1804/2180/1816 1805/2182/1816 1806/2184/1816 1807/2186/1816 1808/2188/1816
o Grip_moulded_rib_01.001
v 0.453800 0.014617 -0.024947
v 0.453699 0.012297 -0.025098
v 0.453395 0.010606 -0.025208
v 0.452892 0.009133 -0.025304
v 0.452191 0.007825 -0.025389
v 0.451298 0.006667 -0.025465
v 0.450216 0.005655 -0.025531
v 0.448950 0.004791 -0.025587
v 0.447500 0.004077 -0.025633
v 0.445863 0.003518 -0.025670
v 0.444019 0.003115 -0.025696
v 0.441903 0.002873 -0.025712
v 0.439000 0.002792 -0.025717
v 0.436097 0.002873 -0.025712
v 0.433981 0.003115 -0.025696
v 0.432137 0.003518 -0.025670
v 0.430500 0.004077 -0.025633
v 0.429050 0.004791 -0.025587
v 0.427784 0.005655 -0.025531
v 0.426702 0.006667 -0.025465
v 0.425809 0.007825 -0.025389
v 0.425108 0.009133 -0.025304
v 0.424605 0.010606 -0.025208
v 0.424301 0.012297 -0.025098
v 0.424200 0.014617 -0.024947
v 0.424301 0.016936 -0.024796
v 0.424605 0.018627 -0.024686
v 0.425108 0.020100 -0.024590
v 0.425809 0.021408 -0.024505
v 0.426702 0.022567 -0.024430
v 0.427784 0.023578 -0.024364
v 0.429050 0.024443 -0.024308
v 0.430500 0.025156 -0.024261
v 0.432137 0.025716 -0.024225
v 0.433981 0.026118 -0.024199
v 0.436097 0.026361 -0.024183
v 0.439000 0.026442 -0.024177
v 0.441903 0.026361 -0.024183
v 0.444019 0.026118 -0.024199
v 0.445863 0.025716 -0.024225
v 0.447500 0.025156 -0.024261
v 0.448950 0.024443 -0.024308
v 0.450216 0.023578 -0.024364
v 0.451298 0.022567 -0.024430
v 0.452191 0.021408 -0.024505
v 0.452892 0.020100 -0.024590
v 0.453395 0.018627 -0.024686
v 0.453699 0.016936 -0.024796
v 0.454450 0.014675 -0.025845
v 0.454344 0.012258 -0.026003
v 0.454027 0.010496 -0.026117
v 0.453502 0.008960 -0.026217
v 0.452771 0.007597 -0.026306
v 0.451838 0.006390 -0.026385
v 0.450709 0.005335 -0.026453
v 0.449387 0.004435 -0.026512
v 0.447874 0.003691 -0.026560
v 0.446165 0.003108 -0.026598
v 0.444240 0.002688 -0.026626
v 0.442030 0.002436 -0.026642
v 0.439000 0.002351 -0.026647
v 0.435970 0.002436 -0.026642
v 0.433760 0.002688 -0.026626
v 0.431835 0.003108 -0.026598
v 0.430126 0.003691 -0.026560
v 0.428613 0.004435 -0.026512
v 0.427291 0.005335 -0.026453
v 0.426162 0.006390 -0.026385
v 0.425229 0.007597 -0.026306
v 0.424498 0.008960 -0.026217
v 0.423973 0.010496 -0.026117
v 0.423656 0.012258 -0.026003
v 0.423550 0.014675 -0.025845
v 0.423656 0.017092 -0.025688
v 0.423973 0.018855 -0.025573
v 0.424498 0.020390 -0.025473
v 0.425229 0.021753 -0.025385
v 0.426162 0.022961 -0.025306
v 0.427291 0.024015 -0.025237
v 0.428613 0.024916 -0.025179
v 0.430126 0.025660 -0.025130
v 0.431835 0.026243 -0.025092
v 0.433760 0.026662 -0.025065
v 0.435970 0.026915 -0.025049
v 0.439000 0.026999 -0.025043
v 0.442030 0.026915 -0.025049
v 0.444240 0.026662 -0.025065
v 0.446165 0.026243 -0.025092
v 0.447874 0.025660 -0.025130
v 0.449387 0.024916 -0.025179
v 0.450709 0.024015 -0.025237
v 0.451838 0.022961 -0.025306
v 0.452771 0.021753 -0.025385
v 0.453502 0.020390 -0.025473
v 0.454027 0.018855 -0.025573
v 0.454344 0.017092 -0.025688
v 0.453800 0.014747 -0.026943
v 0.453699 0.012427 -0.027094
v 0.453395 0.010736 -0.027204
v 0.452892 0.009263 -0.027300
v 0.452191 0.007955 -0.027385
v 0.451298 0.006797 -0.027460
v 0.450216 0.005785 -0.027526
v 0.448950 0.004921 -0.027583
v 0.447500 0.004207 -0.027629
v 0.445863 0.003647 -0.027665
v 0.444019 0.003245 -0.027692
v 0.441903 0.003003 -0.027707
v 0.439000 0.002922 -0.027713
v 0.436097 0.003003 -0.027707
v 0.433981 0.003245 -0.027692
v 0.432137 0.003647 -0.027665
v 0.430500 0.004207 -0.027629
v 0.429050 0.004921 -0.027583
v 0.427784 0.005785 -0.027526
v 0.426702 0.006797 -0.027460
v 0.425809 0.007955 -0.027385
v 0.425108 0.009263 -0.027300
v 0.424605 0.010736 -0.027204
v 0.424301 0.012427 -0.027094
v 0.424200 0.014747 -0.026943
v 0.424301 0.017066 -0.026792
v 0.424605 0.018757 -0.026682
v 0.425108 0.020230 -0.026586
v 0.425809 0.021538 -0.026501
v 0.426702 0.022697 -0.026426
v 0.427784 0.023708 -0.026360
v 0.429050 0.024573 -0.026303
v 0.430500 0.025286 -0.026257
v 0.432137 0.025846 -0.026221
v 0.433981 0.026248 -0.026194
v 0.436097 0.026491 -0.026179
v 0.439000 0.026572 -0.026173
v 0.441903 0.026491 -0.026179
v 0.444019 0.026248 -0.026194
v 0.445863 0.025846 -0.026221
v 0.447500 0.025286 -0.026257
v 0.448950 0.024573 -0.026303
v 0.450216 0.023708 -0.026360
v 0.451298 0.022697 -0.026426
v 0.452191 0.021538 -0.026501
v 0.452892 0.020230 -0.026586
v 0.453395 0.018757 -0.026682
v 0.453699 0.017066 -0.026792
vn -0.0000 -0.0650 0.9979
vn 0.8107 -0.0380 0.5842
vn 0.8057 -0.1192 0.5802
vn 0.9950 -0.1001 -0.0065
vn 1.0000 -0.0000 -0.0000
vn 0.7838 -0.2374 0.5739
vn 0.9691 -0.2463 -0.0160
vn 0.7433 -0.3588 0.5645
vn 0.9179 -0.3960 -0.0258
vn 0.6839 -0.4781 0.5511
vn 0.8402 -0.5411 -0.0352
vn 0.6076 -0.5882 0.5338
vn 0.7400 -0.6712 -0.0437
vn 0.5188 -0.6833 0.5137
vn 0.6247 -0.7792 -0.0507
vn 0.4229 -0.7606 0.4926
vn 0.5028 -0.8626 -0.0561
vn 0.3251 -0.8193 0.4723
vn 0.3818 -0.9223 -0.0600
vn 0.2295 -0.8607 0.4544
vn 0.2667 -0.9618 -0.0626
vn 0.1396 -0.8869 0.4403
vn 0.1609 -0.9849 -0.0641
vn 0.0562 -0.9007 0.4309
vn 0.0644 -0.9958 -0.0648
vn -0.0000 -0.9038 0.4279
vn -0.0000 -0.9979 -0.0649
vn -0.0562 -0.9007 0.4309
vn -0.0644 -0.9958 -0.0648
vn -0.1395 -0.8869 0.4403
vn -0.1609 -0.9849 -0.0641
vn -0.2294 -0.8607 0.4544
vn -0.2667 -0.9618 -0.0626
vn -0.3251 -0.8193 0.4723
vn -0.3818 -0.9223 -0.0600
vn -0.4229 -0.7606 0.4926
vn -0.5028 -0.8626 -0.0561
vn -0.5188 -0.6833 0.5137
vn -0.6247 -0.7792 -0.0507
vn -0.6076 -0.5882 0.5338
vn -0.7400 -0.6712 -0.0437
vn -0.6839 -0.4781 0.5511
vn -0.8402 -0.5411 -0.0352
vn -0.7433 -0.3588 0.5645
vn -0.9179 -0.3960 -0.0258
vn -0.7838 -0.2374 0.5739
vn -0.9691 -0.2463 -0.0160
vn -0.8057 -0.1192 0.5802
vn -0.9950 -0.1001 -0.0065
vn -0.8107 -0.0380 0.5842
vn -1.0000 -0.0000 -0.0000
vn -0.8057 0.0429 0.5908
vn -0.9950 0.1001 0.0065
vn -0.7837 0.1610 0.5998
vn -0.9691 0.2463 0.0160
vn -0.7433 0.2826 0.6063
vn -0.9179 0.3960 0.0258
vn -0.6839 0.4026 0.6084
vn -0.8402 0.5411 0.0352
vn -0.6076 0.5140 0.6055
vn -0.7400 0.6712 0.0437
vn -0.5188 0.6110 0.5980
vn -0.6247 0.7792 0.0507
vn -0.4229 0.6903 0.5870
vn -0.5028 0.8626 0.0561
vn -0.3251 0.7512 0.5745
vn -0.3818 0.9223 0.0601
vn -0.2295 0.7945 0.5622
vn -0.2667 0.9617 0.0626
vn -0.1396 0.8223 0.5516
vn -0.1609 0.9849 0.0641
vn -0.0562 0.8372 0.5440
vn -0.0644 0.9958 0.0648
vn -0.0000 0.8407 0.5414
vn -0.0000 0.9979 0.0650
vn 0.0562 0.8372 0.5440
vn 0.0644 0.9958 0.0648
vn 0.1395 0.8224 0.5516
vn 0.1609 0.9849 0.0641
vn 0.2294 0.7946 0.5622
vn 0.2667 0.9617 0.0626
vn 0.3250 0.7512 0.5745
vn 0.3818 0.9223 0.0601
vn 0.4229 0.6903 0.5870
vn 0.5028 0.8626 0.0561
vn 0.5188 0.6109 0.5980
vn 0.6247 0.7792 0.0507
vn 0.6076 0.5140 0.6055
vn 0.7400 0.6712 0.0437
vn 0.6839 0.4026 0.6084
vn 0.8402 0.5411 0.0352
vn 0.7433 0.2826 0.6063
vn 0.9179 0.3960 0.0258
vn 0.7838 0.1610 0.5998
vn 0.9691 0.2463 0.0160
vn 0.8057 0.0429 0.5908
vn 0.9950 0.1001 0.0065
vn 0.8559 -0.0530 -0.5145
vn 0.8610 0.0330 -0.5076
vn 0.8328 -0.1784 -0.5240
vn 0.7896 -0.3075 -0.5310
vn 0.7255 -0.4345 -0.5337
vn 0.6432 -0.5513 -0.5314
vn 0.5477 -0.6519 -0.5245
vn 0.4450 -0.7331 -0.5144
vn 0.3409 -0.7944 -0.5028
vn 0.2400 -0.8373 -0.4913
vn 0.1457 -0.8643 -0.4815
vn 0.0586 -0.8783 -0.4745
vn -0.0000 -0.8815 -0.4721
vn -0.0585 -0.8783 -0.4745
vn -0.1457 -0.8643 -0.4815
vn -0.2400 -0.8373 -0.4913
vn -0.3409 -0.7944 -0.5028
vn -0.4450 -0.7331 -0.5144
vn -0.5477 -0.6519 -0.5245
vn -0.6432 -0.5513 -0.5314
vn -0.7255 -0.4345 -0.5337
vn -0.7896 -0.3075 -0.5310
vn -0.8328 -0.1785 -0.5240
vn -0.8559 -0.0530 -0.5145
vn -0.8610 0.0330 -0.5076
vn -0.8559 0.1192 -0.5032
vn -0.8328 0.2449 -0.4964
vn -0.7896 0.3738 -0.4867
vn -0.7255 0.5000 -0.4729
vn -0.6432 0.6155 -0.4554
vn -0.5477 0.7144 -0.4356
vn -0.4450 0.7936 -0.4150
vn -0.3409 0.8528 -0.3955
vn -0.2400 0.8939 -0.3786
vn -0.1458 0.9194 -0.3654
vn -0.0585 0.9324 -0.3566
vn -0.0000 0.9353 -0.3538
vn 0.0586 0.9324 -0.3566
vn 0.1454 0.9194 -0.3654
vn 0.2401 0.8939 -0.3786
vn 0.3409 0.8528 -0.3955
vn 0.4450 0.7936 -0.4150
vn 0.5477 0.7144 -0.4356
vn 0.6432 0.6155 -0.4554
vn 0.7255 0.5000 -0.4729
vn 0.7896 0.3738 -0.4866
vn 0.8328 0.2448 -0.4965
vn 0.8559 0.1192 -0.5032
vn -0.0000 0.0650 -0.9979
vt 0.368151 0.759768
vt 0.372725 0.760456
vt 0.376728 0.761698
vt 0.380302 0.763481
vt 0.383486 0.765793
vt 0.386290 0.768622
vt 0.388712 0.771959
vt 0.390741 0.775798
vt 0.392370 0.780154
vt 0.393591 0.785076
vt 0.394403 0.790743
vt 0.394838 0.798533
vt 0.394838 0.806336
vt 0.394344 0.812040
vt 0.393400 0.817023
vt 0.392016 0.821462
vt 0.390204 0.825409
vt 0.387973 0.828875
vt 0.385330 0.831856
vt 0.382280 0.834343
vt 0.378812 0.836322
vt 0.374884 0.837785
vt 0.370355 0.838727
vt 0.364120 0.839174
vt 0.357869 0.839076
vt 0.353295 0.838388
vt 0.349292 0.837146
vt 0.345718 0.835363
vt 0.342534 0.833051
vt 0.339730 0.830222
vt 0.337308 0.826885
vt 0.335279 0.823046
vt 0.333650 0.818691
vt 0.332429 0.813768
vt 0.331617 0.808101
vt 0.331182 0.800311
vt 0.331182 0.792508
vt 0.331676 0.786804
vt 0.332620 0.781822
vt 0.334004 0.777382
vt 0.335816 0.773435
vt 0.338047 0.769969
vt 0.340690 0.766988
vt 0.343740 0.764501
vt 0.347208 0.762522
vt 0.351136 0.761059
vt 0.355665 0.760117
vt 0.361900 0.759670
vt 0.355353 0.758390
vt 0.361851 0.757924
vt 0.350633 0.759373
vt 0.346540 0.760900
vt 0.342925 0.762967
vt 0.339746 0.765562
vt 0.336993 0.768674
vt 0.334667 0.772293
vt 0.332779 0.776413
vt 0.331337 0.781047
vt 0.330353 0.786249
vt 0.329839 0.792203
vt 0.329839 0.800348
vt 0.330293 0.808481
vt 0.331139 0.814397
vt 0.332412 0.819535
vt 0.334110 0.824082
vt 0.336225 0.828090
vt 0.338749 0.831573
vt 0.341672 0.834527
vt 0.344991 0.836941
vt 0.348715 0.838802
vt 0.352887 0.840099
vt 0.357654 0.840817
vt 0.364168 0.840920
vt 0.370667 0.840454
vt 0.375387 0.839471
vt 0.379480 0.837944
vt 0.383095 0.835877
vt 0.386274 0.833282
vt 0.389027 0.830170
vt 0.391353 0.826551
vt 0.393241 0.822431
vt 0.394683 0.817797
vt 0.395667 0.812595
vt 0.396181 0.806642
vt 0.396181 0.798496
vt 0.395727 0.790363
vt 0.394881 0.784447
vt 0.393608 0.779309
vt 0.391910 0.774762
vt 0.389795 0.770754
vt 0.387271 0.767271
vt 0.384348 0.764317
vt 0.381029 0.761903
vt 0.377305 0.760042
vt 0.373133 0.758745
vt 0.368366 0.758027
vt 0.284870 0.840920
vt 0.278356 0.840817
vt 0.278571 0.839076
vt 0.284821 0.839174
vt 0.273588 0.840099
vt 0.273996 0.838388
vt 0.269416 0.838802
vt 0.269993 0.837146
vt 0.265692 0.836941
vt 0.266420 0.835363
vt 0.262373 0.834527
vt 0.263236 0.833051
vt 0.259450 0.831573
vt 0.260431 0.830222
vt 0.256927 0.828090
vt 0.258010 0.826885
vt 0.254811 0.824082
vt 0.255980 0.823046
vt 0.253113 0.819535
vt 0.254351 0.818691
vt 0.251840 0.814397
vt 0.253130 0.813768
vt 0.250995 0.808481
vt 0.252319 0.808101
vt 0.250540 0.800348
vt 0.251883 0.800311
vt 0.250540 0.792202
vt 0.251883 0.792508
vt 0.251055 0.786249
vt 0.252377 0.786804
vt 0.252039 0.781047
vt 0.253322 0.781822
vt 0.253480 0.776413
vt 0.254705 0.777382
vt 0.255369 0.772293
vt 0.256518 0.773435
vt 0.257694 0.768674
vt 0.258749 0.769969
vt 0.260448 0.765562
vt 0.261391 0.766988
vt 0.263627 0.762967
vt 0.264442 0.764501
vt 0.267241 0.760900
vt 0.267910 0.762522
vt 0.271335 0.759373
vt 0.271837 0.761059
vt 0.276055 0.758390
vt 0.276367 0.760117
vt 0.282553 0.757924
vt 0.282602 0.759670
vt 0.289067 0.758027
vt 0.288852 0.759768
vt 0.293835 0.758745
vt 0.293427 0.760456
vt 0.298007 0.760042
vt 0.297430 0.761698
vt 0.301731 0.761903
vt 0.301003 0.763481
vt 0.305050 0.764317
vt 0.304187 0.765793
vt 0.307973 0.767271
vt 0.306992 0.768622
vt 0.310496 0.770754
vt 0.309413 0.771959
vt 0.312612 0.774762
vt 0.311443 0.775798
vt 0.314310 0.779309
vt 0.313072 0.780154
vt 0.315583 0.784447
vt 0.314293 0.785076
vt 0.316429 0.790363
vt 0.315104 0.790743
vt 0.316883 0.798496
vt 0.315540 0.798533
vt 0.316883 0.806642
vt 0.315540 0.806336
vt 0.316369 0.812595
vt 0.315046 0.812040
vt 0.315384 0.817797
vt 0.314101 0.817022
vt 0.313943 0.822431
vt 0.312718 0.821462
vt 0.312054 0.826551
vt 0.310905 0.825409
vt 0.309729 0.830170
vt 0.308674 0.828875
vt 0.306975 0.833282
vt 0.306032 0.831856
vt 0.303796 0.835877
vt 0.302981 0.834343
vt 0.300182 0.837944
vt 0.299513 0.836322
vt 0.296089 0.839471
vt 0.295586 0.837785
vt 0.291368 0.840454
vt 0.291056 0.838727
s 0
usemtl 05_|_charcoal_anti_vibration_rubber
f 1856/2189/1817 1855/2190/1817 1854/2191/1817 1853/2192/1817 1852/2193/1817 1851/2194/1817 1850/2195/1817 1849/2196/1817 1848/2197/1817 1847/2198/1817 1846/2199/1817 1845/2200/1817 1844/2201/1817 1843/2202/1817 1842/2203/1817 1841/2204/1817 1840/2205/1817 1839/2206/1817 1838/2207/1817 1837/2208/1817 1836/2209/1817 1835/2210/1817 1834/2211/1817 1833/2212/1817 1832/2213/1817 1831/2214/1817 1830/2215/1817 1829/2216/1817 1828/2217/1817 1827/2218/1817 1826/2219/1817 1825/2220/1817 1824/2221/1817 1823/2222/1817 1822/2223/1817 1821/2224/1817 1820/2225/1817 1819/2226/1817 1818/2227/1817 1817/2228/1817 1816/2229/1817 1815/2230/1817 1814/2231/1817 1813/2232/1817 1812/2233/1817 1811/2234/1817 1810/2235/1817 1809/2236/1817
s 1
f 1809/2236/1818 1810/2235/1819 1858/2237/1820 1857/2238/1821
f 1810/2235/1819 1811/2234/1822 1859/2239/1823 1858/2237/1820
f 1811/2234/1822 1812/2233/1824 1860/2240/1825 1859/2239/1823
f 1812/2233/1824 1813/2232/1826 1861/2241/1827 1860/2240/1825
f 1813/2232/1826 1814/2231/1828 1862/2242/1829 1861/2241/1827
f 1814/2231/1828 1815/2230/1830 1863/2243/1831 1862/2242/1829
f 1815/2230/1830 1816/2229/1832 1864/2244/1833 1863/2243/1831
f 1816/2229/1832 1817/2228/1834 1865/2245/1835 1864/2244/1833
f 1817/2228/1834 1818/2227/1836 1866/2246/1837 1865/2245/1835
f 1818/2227/1836 1819/2226/1838 1867/2247/1839 1866/2246/1837
f 1819/2226/1838 1820/2225/1840 1868/2248/1841 1867/2247/1839
f 1820/2225/1840 1821/2224/1842 1869/2249/1843 1868/2248/1841
f 1821/2224/1842 1822/2223/1844 1870/2250/1845 1869/2249/1843
f 1822/2223/1844 1823/2222/1846 1871/2251/1847 1870/2250/1845
f 1823/2222/1846 1824/2221/1848 1872/2252/1849 1871/2251/1847
f 1824/2221/1848 1825/2220/1850 1873/2253/1851 1872/2252/1849
f 1825/2220/1850 1826/2219/1852 1874/2254/1853 1873/2253/1851
f 1826/2219/1852 1827/2218/1854 1875/2255/1855 1874/2254/1853
f 1827/2218/1854 1828/2217/1856 1876/2256/1857 1875/2255/1855
f 1828/2217/1856 1829/2216/1858 1877/2257/1859 1876/2256/1857
f 1829/2216/1858 1830/2215/1860 1878/2258/1861 1877/2257/1859
f 1830/2215/1860 1831/2214/1862 1879/2259/1863 1878/2258/1861
f 1831/2214/1862 1832/2213/1864 1880/2260/1865 1879/2259/1863
f 1832/2213/1864 1833/2212/1866 1881/2261/1867 1880/2260/1865
f 1833/2212/1866 1834/2211/1868 1882/2262/1869 1881/2261/1867
f 1834/2211/1868 1835/2210/1870 1883/2263/1871 1882/2262/1869
f 1835/2210/1870 1836/2209/1872 1884/2264/1873 1883/2263/1871
f 1836/2209/1872 1837/2208/1874 1885/2265/1875 1884/2264/1873
f 1837/2208/1874 1838/2207/1876 1886/2266/1877 1885/2265/1875
f 1838/2207/1876 1839/2206/1878 1887/2267/1879 1886/2266/1877
f 1839/2206/1878 1840/2205/1880 1888/2268/1881 1887/2267/1879
f 1840/2205/1880 1841/2204/1882 1889/2269/1883 1888/2268/1881
f 1841/2204/1882 1842/2203/1884 1890/2270/1885 1889/2269/1883
f 1842/2203/1884 1843/2202/1886 1891/2271/1887 1890/2270/1885
f 1843/2202/1886 1844/2201/1888 1892/2272/1889 1891/2271/1887
f 1844/2201/1888 1845/2200/1890 1893/2273/1891 1892/2272/1889
f 1845/2200/1890 1846/2199/1892 1894/2274/1893 1893/2273/1891
f 1846/2199/1892 1847/2198/1894 1895/2275/1895 1894/2274/1893
f 1847/2198/1894 1848/2197/1896 1896/2276/1897 1895/2275/1895
f 1848/2197/1896 1849/2196/1898 1897/2277/1899 1896/2276/1897
f 1849/2196/1898 1850/2195/1900 1898/2278/1901 1897/2277/1899
f 1850/2195/1900 1851/2194/1902 1899/2279/1903 1898/2278/1901
f 1851/2194/1902 1852/2193/1904 1900/2280/1905 1899/2279/1903
f 1852/2193/1904 1853/2192/1906 1901/2281/1907 1900/2280/1905
f 1853/2192/1906 1854/2191/1908 1902/2282/1909 1901/2281/1907
f 1854/2191/1908 1855/2190/1910 1903/2283/1911 1902/2282/1909
f 1855/2190/1910 1856/2189/1912 1904/2284/1913 1903/2283/1911
f 1856/2189/1912 1809/2236/1818 1857/2238/1821 1904/2284/1913
f 1857/2285/1821 1858/2286/1820 1906/2287/1914 1905/2288/1915
f 1858/2286/1820 1859/2289/1823 1907/2290/1916 1906/2287/1914
f 1859/2289/1823 1860/2291/1825 1908/2292/1917 1907/2290/1916
f 1860/2291/1825 1861/2293/1827 1909/2294/1918 1908/2292/1917
f 1861/2293/1827 1862/2295/1829 1910/2296/1919 1909/2294/1918
f 1862/2295/1829 1863/2297/1831 1911/2298/1920 1910/2296/1919
f 1863/2297/1831 1864/2299/1833 1912/2300/1921 1911/2298/1920
f 1864/2299/1833 1865/2301/1835 1913/2302/1922 1912/2300/1921
f 1865/2301/1835 1866/2303/1837 1914/2304/1923 1913/2302/1922
f 1866/2303/1837 1867/2305/1839 1915/2306/1924 1914/2304/1923
f 1867/2305/1839 1868/2307/1841 1916/2308/1925 1915/2306/1924
f 1868/2307/1841 1869/2309/1843 1917/2310/1926 1916/2308/1925
f 1869/2309/1843 1870/2311/1845 1918/2312/1927 1917/2310/1926
f 1870/2311/1845 1871/2313/1847 1919/2314/1928 1918/2312/1927
f 1871/2313/1847 1872/2315/1849 1920/2316/1929 1919/2314/1928
f 1872/2315/1849 1873/2317/1851 1921/2318/1930 1920/2316/1929
f 1873/2317/1851 1874/2319/1853 1922/2320/1931 1921/2318/1930
f 1874/2319/1853 1875/2321/1855 1923/2322/1932 1922/2320/1931
f 1875/2321/1855 1876/2323/1857 1924/2324/1933 1923/2322/1932
f 1876/2323/1857 1877/2325/1859 1925/2326/1934 1924/2324/1933
f 1877/2325/1859 1878/2327/1861 1926/2328/1935 1925/2326/1934
f 1878/2327/1861 1879/2329/1863 1927/2330/1936 1926/2328/1935
f 1879/2329/1863 1880/2331/1865 1928/2332/1937 1927/2330/1936
f 1880/2331/1865 1881/2333/1867 1929/2334/1938 1928/2332/1937
f 1881/2333/1867 1882/2335/1869 1930/2336/1939 1929/2334/1938
f 1882/2335/1869 1883/2337/1871 1931/2338/1940 1930/2336/1939
f 1883/2337/1871 1884/2339/1873 1932/2340/1941 1931/2338/1940
f 1884/2339/1873 1885/2341/1875 1933/2342/1942 1932/2340/1941
f 1885/2341/1875 1886/2343/1877 1934/2344/1943 1933/2342/1942
f 1886/2343/1877 1887/2345/1879 1935/2346/1944 1934/2344/1943
f 1887/2345/1879 1888/2347/1881 1936/2348/1945 1935/2346/1944
f 1888/2347/1881 1889/2349/1883 1937/2350/1946 1936/2348/1945
f 1889/2349/1883 1890/2351/1885 1938/2352/1947 1937/2350/1946
f 1890/2351/1885 1891/2353/1887 1939/2354/1948 1938/2352/1947
f 1891/2353/1887 1892/2355/1889 1940/2356/1949 1939/2354/1948
f 1892/2355/1889 1893/2357/1891 1941/2358/1950 1940/2356/1949
f 1893/2357/1891 1894/2359/1893 1942/2360/1951 1941/2358/1950
f 1894/2359/1893 1895/2361/1895 1943/2362/1952 1942/2360/1951
f 1895/2361/1895 1896/2363/1897 1944/2364/1953 1943/2362/1952
f 1896/2363/1897 1897/2365/1899 1945/2366/1954 1944/2364/1953
f 1897/2365/1899 1898/2367/1901 1946/2368/1955 1945/2366/1954
f 1898/2367/1901 1899/2369/1903 1947/2370/1956 1946/2368/1955
f 1899/2369/1903 1900/2371/1905 1948/2372/1957 1947/2370/1956
f 1900/2371/1905 1901/2373/1907 1949/2374/1958 1948/2372/1957
f 1901/2373/1907 1902/2375/1909 1950/2376/1959 1949/2374/1958
f 1902/2375/1909 1903/2377/1911 1951/2378/1960 1950/2376/1959
f 1903/2377/1911 1904/2379/1913 1952/2380/1961 1951/2378/1960
f 1904/2379/1913 1857/2285/1821 1905/2288/1915 1952/2380/1961
s 0
f 1905/2288/1962 1906/2287/1962 1907/2290/1962 1908/2292/1962 1909/2294/1962 1910/2296/1962 1911/2298/1962 1912/2300/1962 1913/2302/1962 1914/2304/1962 1915/2306/1962 1916/2308/1962 1917/2310/1962 1918/2312/1962 1919/2314/1962 1920/2316/1962 1921/2318/1962 1922/2320/1962 1923/2322/1962 1924/2324/1962 1925/2326/1962 1926/2328/1962 1927/2330/1962 1928/2332/1962 1929/2334/1962 1930/2336/1962 1931/2338/1962 1932/2340/1962 1933/2342/1962 1934/2344/1962 1935/2346/1962 1936/2348/1962 1937/2350/1962 1938/2352/1962 1939/2354/1962 1940/2356/1962 1941/2358/1962 1942/2360/1962 1943/2362/1962 1944/2364/1962 1945/2366/1962 1946/2368/1962 1947/2370/1962 1948/2372/1962 1949/2374/1962 1950/2376/1962 1951/2378/1962 1952/2380/1962
o Grip_moulded_rib_02.001
v 0.453600 0.015071 -0.031932
v 0.453500 0.012782 -0.032081
v 0.453201 0.011112 -0.032190
v 0.452704 0.009657 -0.032285
v 0.452013 0.008366 -0.032369
v 0.451132 0.007222 -0.032443
v 0.450065 0.006223 -0.032508
v 0.448815 0.005370 -0.032564
v 0.447385 0.004665 -0.032610
v 0.445771 0.004113 -0.032646
v 0.443952 0.003716 -0.032672
v 0.441864 0.003476 -0.032687
v 0.439000 0.003396 -0.032692
v 0.436136 0.003476 -0.032687
v 0.434048 0.003716 -0.032672
v 0.432229 0.004113 -0.032646
v 0.430615 0.004665 -0.032610
v 0.429185 0.005370 -0.032564
v 0.427935 0.006223 -0.032508
v 0.426868 0.007222 -0.032443
v 0.425987 0.008366 -0.032369
v 0.425296 0.009657 -0.032285
v 0.424799 0.011112 -0.032190
v 0.424500 0.012782 -0.032081
v 0.424400 0.015071 -0.031932
v 0.424500 0.017361 -0.031783
v 0.424799 0.019031 -0.031675
v 0.425296 0.020486 -0.031580
v 0.425987 0.021777 -0.031496
v 0.426868 0.022921 -0.031422
v 0.427935 0.023920 -0.031356
v 0.429185 0.024773 -0.031301
v 0.430615 0.025478 -0.031255
v 0.432229 0.026030 -0.031219
v 0.434048 0.026427 -0.031193
v 0.436136 0.026667 -0.031178
v 0.439000 0.026747 -0.031172
v 0.441864 0.026667 -0.031178
v 0.443952 0.026427 -0.031193
v 0.445771 0.026030 -0.031219
v 0.447385 0.025478 -0.031255
v 0.448815 0.024773 -0.031301
v 0.450065 0.023920 -0.031356
v 0.451132 0.022921 -0.031422
v 0.452013 0.021777 -0.031496
v 0.452704 0.020486 -0.031580
v 0.453201 0.019031 -0.031675
v 0.453500 0.017361 -0.031783
v 0.454250 0.015130 -0.032831
v 0.454146 0.012742 -0.032986
v 0.453833 0.011001 -0.033099
v 0.453314 0.009484 -0.033198
v 0.452592 0.008138 -0.033286
v 0.451672 0.006945 -0.033363
v 0.450557 0.005904 -0.033431
v 0.449252 0.005014 -0.033489
v 0.447759 0.004279 -0.033537
v 0.446072 0.003703 -0.033574
v 0.444172 0.003289 -0.033601
v 0.441991 0.003039 -0.033618
v 0.439000 0.002956 -0.033623
v 0.436009 0.003039 -0.033618
v 0.433828 0.003289 -0.033601
v 0.431928 0.003703 -0.033574
v 0.430241 0.004279 -0.033537
v 0.428748 0.005014 -0.033489
v 0.427443 0.005904 -0.033431
v 0.426328 0.006945 -0.033363
v 0.425408 0.008138 -0.033286
v 0.424686 0.009484 -0.033198
v 0.424167 0.011001 -0.033099
v 0.423854 0.012742 -0.032986
v 0.423750 0.015130 -0.032831
v 0.423854 0.017518 -0.032675
v 0.424167 0.019259 -0.032562
v 0.424686 0.020776 -0.032463
v 0.425408 0.022122 -0.032375
v 0.426328 0.023315 -0.032298
v 0.427443 0.024356 -0.032230
v 0.428748 0.025246 -0.032172
v 0.430241 0.025981 -0.032124
v 0.431928 0.026557 -0.032087
v 0.433828 0.026971 -0.032060
v 0.436009 0.027221 -0.032044
v 0.439000 0.027304 -0.032038
v 0.441991 0.027221 -0.032044
v 0.444172 0.026971 -0.032060
v 0.446072 0.026557 -0.032087
v 0.447759 0.025981 -0.032124
v 0.449252 0.025246 -0.032172
v 0.450557 0.024356 -0.032230
v 0.451672 0.023315 -0.032298
v 0.452592 0.022122 -0.032375
v 0.453314 0.020776 -0.032463
v 0.453833 0.019259 -0.032562
v 0.454146 0.017518 -0.032675
v 0.453600 0.015201 -0.033928
v 0.453500 0.012911 -0.034077
v 0.453201 0.011242 -0.034186
v 0.452704 0.009787 -0.034281
v 0.452013 0.008496 -0.034365
v 0.451132 0.007352 -0.034439
v 0.450065 0.006353 -0.034504
v 0.448815 0.005500 -0.034560
v 0.447385 0.004795 -0.034606
v 0.445771 0.004243 -0.034642
v 0.443952 0.003845 -0.034667
v 0.441864 0.003606 -0.034683
v 0.439000 0.003526 -0.034688
v 0.436136 0.003606 -0.034683
v 0.434048 0.003845 -0.034667
v 0.432229 0.004243 -0.034642
v 0.430615 0.004795 -0.034606
v 0.429185 0.005500 -0.034560
v 0.427935 0.006353 -0.034504
v 0.426868 0.007352 -0.034439
v 0.425987 0.008496 -0.034365
v 0.425296 0.009787 -0.034281
v 0.424799 0.011242 -0.034186
v 0.424500 0.012911 -0.034077
v 0.424400 0.015201 -0.033928
v 0.424500 0.017491 -0.033779
v 0.424799 0.019161 -0.033670
v 0.425296 0.020616 -0.033576
v 0.425987 0.021907 -0.033492
v 0.426868 0.023051 -0.033417
v 0.427935 0.024050 -0.033352
v 0.429185 0.024903 -0.033297
v 0.430615 0.025608 -0.033251
v 0.432229 0.026160 -0.033215
v 0.434048 0.026557 -0.033189
v 0.436136 0.026797 -0.033173
v 0.439000 0.026877 -0.033168
v 0.441864 0.026797 -0.033173
v 0.443952 0.026557 -0.033189
v 0.445771 0.026160 -0.033215
v 0.447385 0.025608 -0.033251
v 0.448815 0.024903 -0.033297
v 0.450065 0.024050 -0.033352
v 0.451132 0.023051 -0.033417
v 0.452013 0.021907 -0.033492
v 0.452704 0.020616 -0.033576
v 0.453201 0.019161 -0.033670
v 0.453500 0.017491 -0.033779
vn -0.0000 -0.0650 0.9979
vn 0.8107 -0.0380 0.5842
vn 0.8057 -0.1191 0.5802
vn 0.9950 -0.1000 -0.0065
vn 1.0000 -0.0000 -0.0000
vn 0.7838 -0.2373 0.5739
vn 0.9691 -0.2461 -0.0160
vn 0.7434 -0.3586 0.5646
vn 0.9180 -0.3957 -0.0257
vn 0.6840 -0.4779 0.5511
vn 0.8404 -0.5408 -0.0352
vn 0.6078 -0.5879 0.5338
vn 0.7403 -0.6709 -0.0437
vn 0.5190 -0.6831 0.5138
vn 0.6250 -0.7790 -0.0507
vn 0.4232 -0.7604 0.4927
vn 0.5032 -0.8624 -0.0561
vn 0.3253 -0.8192 0.4723
vn 0.3820 -0.9222 -0.0600
vn 0.2297 -0.8606 0.4545
vn 0.2669 -0.9617 -0.0626
vn 0.1397 -0.8869 0.4404
vn 0.1610 -0.9849 -0.0641
vn 0.0563 -0.9007 0.4309
vn 0.0644 -0.9958 -0.0648
vn -0.0000 -0.9038 0.4279
vn -0.0000 -0.9979 -0.0649
vn -0.0562 -0.9007 0.4309
vn -0.0644 -0.9958 -0.0648
vn -0.1397 -0.8869 0.4404
vn -0.1610 -0.9849 -0.0641
vn -0.2297 -0.8606 0.4545
vn -0.2669 -0.9617 -0.0626
vn -0.3252 -0.8192 0.4723
vn -0.3820 -0.9222 -0.0600
vn -0.4232 -0.7604 0.4927
vn -0.5032 -0.8624 -0.0561
vn -0.5190 -0.6831 0.5138
vn -0.6250 -0.7790 -0.0507
vn -0.6078 -0.5879 0.5338
vn -0.7403 -0.6709 -0.0437
vn -0.6840 -0.4779 0.5511
vn -0.8404 -0.5408 -0.0352
vn -0.7434 -0.3586 0.5646
vn -0.9180 -0.3957 -0.0257
vn -0.7838 -0.2373 0.5739
vn -0.9691 -0.2461 -0.0160
vn -0.8057 -0.1191 0.5802
vn -0.9950 -0.1000 -0.0065
vn -0.8107 -0.0380 0.5842
vn -1.0000 -0.0000 -0.0000
vn -0.8057 0.0429 0.5907
vn -0.9950 0.1000 0.0065
vn -0.7838 0.1608 0.5998
vn -0.9691 0.2461 0.0160
vn -0.7434 0.2823 0.6063
vn -0.9180 0.3957 0.0258
vn -0.6840 0.4024 0.6084
vn -0.8404 0.5408 0.0352
vn -0.6078 0.5137 0.6055
vn -0.7403 0.6709 0.0437
vn -0.5190 0.6107 0.5980
vn -0.6250 0.7790 0.0507
vn -0.4232 0.6901 0.5871
vn -0.5032 0.8624 0.0561
vn -0.3253 0.7511 0.5745
vn -0.3820 0.9222 0.0601
vn -0.2296 0.7945 0.5622
vn -0.2669 0.9617 0.0626
vn -0.1398 0.8223 0.5516
vn -0.1610 0.9849 0.0641
vn -0.0563 0.8372 0.5440
vn -0.0644 0.9958 0.0648
vn -0.0000 0.8407 0.5414
vn -0.0000 0.9979 0.0650
vn 0.0563 0.8372 0.5440
vn 0.0644 0.9958 0.0648
vn 0.1397 0.8223 0.5516
vn 0.1610 0.9849 0.0641
vn 0.2296 0.7945 0.5622
vn 0.2669 0.9617 0.0626
vn 0.3252 0.7511 0.5745
vn 0.3820 0.9222 0.0601
vn 0.4231 0.6902 0.5871
vn 0.5032 0.8624 0.0561
vn 0.5190 0.6107 0.5980
vn 0.6250 0.7790 0.0507
vn 0.6078 0.5137 0.6055
vn 0.7403 0.6709 0.0437
vn 0.6840 0.4024 0.6084
vn 0.8404 0.5408 0.0352
vn 0.7434 0.2823 0.6063
vn 0.9180 0.3957 0.0258
vn 0.7838 0.1609 0.5998
vn 0.9691 0.2461 0.0160
vn 0.8057 0.0429 0.5907
vn 0.9950 0.1000 0.0065
vn 0.8559 -0.0529 -0.5145
vn 0.8610 0.0330 -0.5076
vn 0.8329 -0.1783 -0.5240
vn 0.7897 -0.3073 -0.5310
vn 0.7257 -0.4342 -0.5337
vn 0.6434 -0.5510 -0.5314
vn 0.5480 -0.6516 -0.5246
vn 0.4452 -0.7329 -0.5144
vn 0.3411 -0.7943 -0.5028
vn 0.2402 -0.8372 -0.4913
vn 0.1458 -0.8642 -0.4815
vn 0.0586 -0.8783 -0.4745
vn -0.0000 -0.8815 -0.4721
vn -0.0586 -0.8783 -0.4745
vn -0.1459 -0.8642 -0.4815
vn -0.2402 -0.8372 -0.4913
vn -0.3412 -0.7942 -0.5028
vn -0.4453 -0.7329 -0.5144
vn -0.5479 -0.6516 -0.5245
vn -0.6435 -0.5510 -0.5314
vn -0.7257 -0.4342 -0.5337
vn -0.7897 -0.3073 -0.5310
vn -0.8329 -0.1783 -0.5240
vn -0.8559 -0.0529 -0.5145
vn -0.8610 0.0330 -0.5076
vn -0.8559 0.1192 -0.5032
vn -0.8329 0.2447 -0.4965
vn -0.7897 0.3736 -0.4867
vn -0.7257 0.4998 -0.4729
vn -0.6435 0.6152 -0.4555
vn -0.5479 0.7141 -0.4356
vn -0.4452 0.7934 -0.4151
vn -0.3412 0.8527 -0.3956
vn -0.2402 0.8938 -0.3786
vn -0.1459 0.9193 -0.3654
vn -0.0586 0.9324 -0.3566
vn -0.0000 0.9353 -0.3538
vn 0.0586 0.9324 -0.3566
vn 0.1458 0.9194 -0.3654
vn 0.2402 0.8938 -0.3786
vn 0.3412 0.8527 -0.3956
vn 0.4452 0.7934 -0.4151
vn 0.5479 0.7141 -0.4356
vn 0.6435 0.6152 -0.4555
vn 0.7257 0.4997 -0.4729
vn 0.7897 0.3736 -0.4866
vn 0.8328 0.2447 -0.4965
vn 0.8559 0.1192 -0.5032
vn -0.0000 0.0650 -0.9979
vt 0.446981 0.600316
vt 0.451498 0.600995
vt 0.455450 0.602219
vt 0.458978 0.603978
vt 0.462122 0.606259
vt 0.464891 0.609050
vt 0.467282 0.612341
vt 0.469286 0.616129
vt 0.470894 0.620425
vt 0.472100 0.625281
vt 0.472901 0.630871
vt 0.473331 0.638556
vt 0.473331 0.646254
vt 0.472843 0.651880
vt 0.471910 0.656796
vt 0.470544 0.661175
vt 0.468755 0.665069
vt 0.466552 0.668488
vt 0.463943 0.671430
vt 0.460931 0.673882
vt 0.457507 0.675835
vt 0.453629 0.677279
vt 0.449157 0.678208
vt 0.443001 0.678649
vt 0.436830 0.678553
vt 0.432313 0.677874
vt 0.428361 0.676650
vt 0.424833 0.674891
vt 0.421689 0.672610
vt 0.418920 0.669819
vt 0.416529 0.666528
vt 0.414525 0.662740
vt 0.412917 0.658444
vt 0.411711 0.653588
vt 0.410910 0.647998
vt 0.410480 0.640312
vt 0.410480 0.632615
vt 0.410968 0.626989
vt 0.411901 0.622073
vt 0.413267 0.617694
vt 0.415056 0.613800
vt 0.417259 0.610381
vt 0.419868 0.607439
vt 0.422880 0.604987
vt 0.426304 0.603034
vt 0.430182 0.601590
vt 0.434654 0.600661
vt 0.440810 0.600220
vt 0.434342 0.598934
vt 0.440761 0.598474
vt 0.429679 0.599905
vt 0.425635 0.601412
vt 0.422065 0.603452
vt 0.418924 0.606014
vt 0.416204 0.609086
vt 0.413907 0.612658
vt 0.412041 0.616725
vt 0.410617 0.621299
vt 0.409645 0.626433
vt 0.409137 0.632310
vt 0.409137 0.640350
vt 0.409586 0.648378
vt 0.410421 0.654217
vt 0.411679 0.659289
vt 0.413356 0.663776
vt 0.415446 0.667733
vt 0.417939 0.671171
vt 0.420826 0.674086
vt 0.424105 0.676469
vt 0.427784 0.678306
vt 0.431905 0.679585
vt 0.436615 0.680294
vt 0.443050 0.680395
vt 0.449469 0.679935
vt 0.454132 0.678964
vt 0.458176 0.677457
vt 0.461746 0.675417
vt 0.464886 0.672855
vt 0.467607 0.669783
vt 0.469904 0.666211
vt 0.471769 0.662144
vt 0.473194 0.657570
vt 0.474166 0.652436
vt 0.474674 0.646559
vt 0.474674 0.638519
vt 0.474225 0.630491
vt 0.473390 0.624652
vt 0.472132 0.619580
vt 0.470455 0.615093
vt 0.468365 0.611136
vt 0.465872 0.607698
vt 0.462985 0.604783
vt 0.459706 0.602400
vt 0.456027 0.600563
vt 0.451906 0.599284
vt 0.447196 0.598575
vt 0.099161 0.859027
vt 0.092726 0.858926
vt 0.092941 0.857185
vt 0.099112 0.857281
vt 0.088016 0.858217
vt 0.088424 0.856506
vt 0.083894 0.856938
vt 0.084471 0.855282
vt 0.080216 0.855101
vt 0.080943 0.853523
vt 0.076937 0.852718
vt 0.077799 0.851242
vt 0.074050 0.849803
vt 0.075030 0.848451
vt 0.071557 0.846365
vt 0.072640 0.845160
vt 0.069467 0.842408
vt 0.070636 0.841372
vt 0.067789 0.837921
vt 0.069027 0.837076
vt 0.066532 0.832849
vt 0.067822 0.832220
vt 0.065697 0.827010
vt 0.067021 0.826630
vt 0.065248 0.818982
vt 0.066591 0.818944
vt 0.065248 0.810942
vt 0.066591 0.811247
vt 0.065756 0.805065
vt 0.067079 0.805621
vt 0.066728 0.799931
vt 0.068011 0.800705
vt 0.068152 0.795357
vt 0.069377 0.796326
vt 0.070018 0.791290
vt 0.071167 0.792432
vt 0.072315 0.787718
vt 0.073370 0.789013
vt 0.075035 0.784646
vt 0.075979 0.786071
vt 0.078176 0.782084
vt 0.078990 0.783619
vt 0.081746 0.780044
vt 0.082415 0.781666
vt 0.085789 0.778537
vt 0.086292 0.780222
vt 0.090452 0.777566
vt 0.090764 0.779292
vt 0.096872 0.777106
vt 0.096921 0.778852
vt 0.103307 0.777207
vt 0.103092 0.778948
vt 0.108017 0.777916
vt 0.107609 0.779626
vt 0.112138 0.779195
vt 0.111561 0.780851
vt 0.115817 0.781032
vt 0.115089 0.782610
vt 0.119095 0.783415
vt 0.118233 0.784891
vt 0.121983 0.786330
vt 0.121002 0.787682
vt 0.124476 0.789768
vt 0.123393 0.790973
vt 0.126566 0.793725
vt 0.125397 0.794761
vt 0.128243 0.798212
vt 0.127005 0.799057
vt 0.129500 0.803284
vt 0.128211 0.803913
vt 0.130336 0.809123
vt 0.129012 0.809503
vt 0.130785 0.817151
vt 0.129442 0.817188
vt 0.130785 0.825191
vt 0.129441 0.824886
vt 0.130277 0.831068
vt 0.128954 0.830512
vt 0.129304 0.836202
vt 0.128021 0.835428
vt 0.127880 0.840776
vt 0.126655 0.839807
vt 0.126014 0.844843
vt 0.124866 0.843701
vt 0.123717 0.848415
vt 0.122663 0.847120
vt 0.120997 0.851487
vt 0.120054 0.850062
vt 0.117857 0.854049
vt 0.117042 0.852514
vt 0.114286 0.856089
vt 0.113618 0.854467
vt 0.110243 0.857596
vt 0.109740 0.855911
vt 0.105580 0.858567
vt 0.105268 0.856840
s 0
usemtl 05_|_charcoal_anti_vibration_rubber
f 2000/2381/1963 1999/2382/1963 1998/2383/1963 1997/2384/1963 1996/2385/1963 1995/2386/1963 1994/2387/1963 1993/2388/1963 1992/2389/1963 1991/2390/1963 1990/2391/1963 1989/2392/1963 1988/2393/1963 1987/2394/1963 1986/2395/1963 1985/2396/1963 1984/2397/1963 1983/2398/1963 1982/2399/1963 1981/2400/1963 1980/2401/1963 1979/2402/1963 1978/2403/1963 1977/2404/1963 1976/2405/1963 1975/2406/1963 1974/2407/1963 1973/2408/1963 1972/2409/1963 1971/2410/1963 1970/2411/1963 1969/2412/1963 1968/2413/1963 1967/2414/1963 1966/2415/1963 1965/2416/1963 1964/2417/1963 1963/2418/1963 1962/2419/1963 1961/2420/1963 1960/2421/1963 1959/2422/1963 1958/2423/1963 1957/2424/1963 1956/2425/1963 1955/2426/1963 1954/2427/1963 1953/2428/1963
s 1
f 1953/2428/1964 1954/2427/1965 2002/2429/1966 2001/2430/1967
f 1954/2427/1965 1955/2426/1968 2003/2431/1969 2002/2429/1966
f 1955/2426/1968 1956/2425/1970 2004/2432/1971 2003/2431/1969
f 1956/2425/1970 1957/2424/1972 2005/2433/1973 2004/2432/1971
f 1957/2424/1972 1958/2423/1974 2006/2434/1975 2005/2433/1973
f 1958/2423/1974 1959/2422/1976 2007/2435/1977 2006/2434/1975
f 1959/2422/1976 1960/2421/1978 2008/2436/1979 2007/2435/1977
f 1960/2421/1978 1961/2420/1980 2009/2437/1981 2008/2436/1979
f 1961/2420/1980 1962/2419/1982 2010/2438/1983 2009/2437/1981
f 1962/2419/1982 1963/2418/1984 2011/2439/1985 2010/2438/1983
f 1963/2418/1984 1964/2417/1986 2012/2440/1987 2011/2439/1985
f 1964/2417/1986 1965/2416/1988 2013/2441/1989 2012/2440/1987
f 1965/2416/1988 1966/2415/1990 2014/2442/1991 2013/2441/1989
f 1966/2415/1990 1967/2414/1992 2015/2443/1993 2014/2442/1991
f 1967/2414/1992 1968/2413/1994 2016/2444/1995 2015/2443/1993
f 1968/2413/1994 1969/2412/1996 2017/2445/1997 2016/2444/1995
f 1969/2412/1996 1970/2411/1998 2018/2446/1999 2017/2445/1997
f 1970/2411/1998 1971/2410/2000 2019/2447/2001 2018/2446/1999
f 1971/2410/2000 1972/2409/2002 2020/2448/2003 2019/2447/2001
f 1972/2409/2002 1973/2408/2004 2021/2449/2005 2020/2448/2003
f 1973/2408/2004 1974/2407/2006 2022/2450/2007 2021/2449/2005
f 1974/2407/2006 1975/2406/2008 2023/2451/2009 2022/2450/2007
f 1975/2406/2008 1976/2405/2010 2024/2452/2011 2023/2451/2009
f 1976/2405/2010 1977/2404/2012 2025/2453/2013 2024/2452/2011
f 1977/2404/2012 1978/2403/2014 2026/2454/2015 2025/2453/2013
f 1978/2403/2014 1979/2402/2016 2027/2455/2017 2026/2454/2015
f 1979/2402/2016 1980/2401/2018 2028/2456/2019 2027/2455/2017
f 1980/2401/2018 1981/2400/2020 2029/2457/2021 2028/2456/2019
f 1981/2400/2020 1982/2399/2022 2030/2458/2023 2029/2457/2021
f 1982/2399/2022 1983/2398/2024 2031/2459/2025 2030/2458/2023
f 1983/2398/2024 1984/2397/2026 2032/2460/2027 2031/2459/2025
f 1984/2397/2026 1985/2396/2028 2033/2461/2029 2032/2460/2027
f 1985/2396/2028 1986/2395/2030 2034/2462/2031 2033/2461/2029
f 1986/2395/2030 1987/2394/2032 2035/2463/2033 2034/2462/2031
f 1987/2394/2032 1988/2393/2034 2036/2464/2035 2035/2463/2033
f 1988/2393/2034 1989/2392/2036 2037/2465/2037 2036/2464/2035
f 1989/2392/2036 1990/2391/2038 2038/2466/2039 2037/2465/2037
f 1990/2391/2038 1991/2390/2040 2039/2467/2041 2038/2466/2039
f 1991/2390/2040 1992/2389/2042 2040/2468/2043 2039/2467/2041
f 1992/2389/2042 1993/2388/2044 2041/2469/2045 2040/2468/2043
f 1993/2388/2044 1994/2387/2046 2042/2470/2047 2041/2469/2045
f 1994/2387/2046 1995/2386/2048 2043/2471/2049 2042/2470/2047
f 1995/2386/2048 1996/2385/2050 2044/2472/2051 2043/2471/2049
f 1996/2385/2050 1997/2384/2052 2045/2473/2053 2044/2472/2051
f 1997/2384/2052 1998/2383/2054 2046/2474/2055 2045/2473/2053
f 1998/2383/2054 1999/2382/2056 2047/2475/2057 2046/2474/2055
f 1999/2382/2056 2000/2381/2058 2048/2476/2059 2047/2475/2057
f 2000/2381/2058 1953/2428/1964 2001/2430/1967 2048/2476/2059
f 2001/2477/1967 2002/2478/1966 2050/2479/2060 2049/2480/2061
f 2002/2478/1966 2003/2481/1969 2051/2482/2062 2050/2479/2060
f 2003/2481/1969 2004/2483/1971 2052/2484/2063 2051/2482/2062
f 2004/2483/1971 2005/2485/1973 2053/2486/2064 2052/2484/2063
f 2005/2485/1973 2006/2487/1975 2054/2488/2065 2053/2486/2064
f 2006/2487/1975 2007/2489/1977 2055/2490/2066 2054/2488/2065
f 2007/2489/1977 2008/2491/1979 2056/2492/2067 2055/2490/2066
f 2008/2491/1979 2009/2493/1981 2057/2494/2068 2056/2492/2067
f 2009/2493/1981 2010/2495/1983 2058/2496/2069 2057/2494/2068
f 2010/2495/1983 2011/2497/1985 2059/2498/2070 2058/2496/2069
f 2011/2497/1985 2012/2499/1987 2060/2500/2071 2059/2498/2070
f 2012/2499/1987 2013/2501/1989 2061/2502/2072 2060/2500/2071
f 2013/2501/1989 2014/2503/1991 2062/2504/2073 2061/2502/2072
f 2014/2503/1991 2015/2505/1993 2063/2506/2074 2062/2504/2073
f 2015/2505/1993 2016/2507/1995 2064/2508/2075 2063/2506/2074
f 2016/2507/1995 2017/2509/1997 2065/2510/2076 2064/2508/2075
f 2017/2509/1997 2018/2511/1999 2066/2512/2077 2065/2510/2076
f 2018/2511/1999 2019/2513/2001 2067/2514/2078 2066/2512/2077
f 2019/2513/2001 2020/2515/2003 2068/2516/2079 2067/2514/2078
f 2020/2515/2003 2021/2517/2005 2069/2518/2080 2068/2516/2079
f 2021/2517/2005 2022/2519/2007 2070/2520/2081 2069/2518/2080
f 2022/2519/2007 2023/2521/2009 2071/2522/2082 2070/2520/2081
f 2023/2521/2009 2024/2523/2011 2072/2524/2083 2071/2522/2082
f 2024/2523/2011 2025/2525/2013 2073/2526/2084 2072/2524/2083
f 2025/2525/2013 2026/2527/2015 2074/2528/2085 2073/2526/2084
f 2026/2527/2015 2027/2529/2017 2075/2530/2086 2074/2528/2085
f 2027/2529/2017 2028/2531/2019 2076/2532/2087 2075/2530/2086
f 2028/2531/2019 2029/2533/2021 2077/2534/2088 2076/2532/2087
f 2029/2533/2021 2030/2535/2023 2078/2536/2089 2077/2534/2088
f 2030/2535/2023 2031/2537/2025 2079/2538/2090 2078/2536/2089
f 2031/2537/2025 2032/2539/2027 2080/2540/2091 2079/2538/2090
f 2032/2539/2027 2033/2541/2029 2081/2542/2092 2080/2540/2091
f 2033/2541/2029 2034/2543/2031 2082/2544/2093 2081/2542/2092
f 2034/2543/2031 2035/2545/2033 2083/2546/2094 2082/2544/2093
f 2035/2545/2033 2036/2547/2035 2084/2548/2095 2083/2546/2094
f 2036/2547/2035 2037/2549/2037 2085/2550/2096 2084/2548/2095
f 2037/2549/2037 2038/2551/2039 2086/2552/2097 2085/2550/2096
f 2038/2551/2039 2039/2553/2041 2087/2554/2098 2086/2552/2097
f 2039/2553/2041 2040/2555/2043 2088/2556/2099 2087/2554/2098
f 2040/2555/2043 2041/2557/2045 2089/2558/2100 2088/2556/2099
f 2041/2557/2045 2042/2559/2047 2090/2560/2101 2089/2558/2100
f 2042/2559/2047 2043/2561/2049 2091/2562/2102 2090/2560/2101
f 2043/2561/2049 2044/2563/2051 2092/2564/2103 2091/2562/2102
f 2044/2563/2051 2045/2565/2053 2093/2566/2104 2092/2564/2103
f 2045/2565/2053 2046/2567/2055 2094/2568/2105 2093/2566/2104
f 2046/2567/2055 2047/2569/2057 2095/2570/2106 2094/2568/2105
f 2047/2569/2057 2048/2571/2059 2096/2572/2107 2095/2570/2106
f 2048/2571/2059 2001/2477/1967 2049/2480/2061 2096/2572/2107
s 0
f 2049/2480/2108 2050/2479/2108 2051/2482/2108 2052/2484/2108 2053/2486/2108 2054/2488/2108 2055/2490/2108 2056/2492/2108 2057/2494/2108 2058/2496/2108 2059/2498/2108 2060/2500/2108 2061/2502/2108 2062/2504/2108 2063/2506/2108 2064/2508/2108 2065/2510/2108 2066/2512/2108 2067/2514/2108 2068/2516/2108 2069/2518/2108 2070/2520/2108 2071/2522/2108 2072/2524/2108 2073/2526/2108 2074/2528/2108 2075/2530/2108 2076/2532/2108 2077/2534/2108 2078/2536/2108 2079/2538/2108 2080/2540/2108 2081/2542/2108 2082/2544/2108 2083/2546/2108 2084/2548/2108 2085/2550/2108 2086/2552/2108 2087/2554/2108 2088/2556/2108 2089/2558/2108 2090/2560/2108 2091/2562/2108 2092/2564/2108 2093/2566/2108 2094/2568/2108 2095/2570/2108 2096/2572/2108
o Grip_moulded_rib_03.001
v 0.453400 0.015526 -0.038918
v 0.453301 0.013266 -0.039065
v 0.453006 0.011617 -0.039172
v 0.452516 0.010181 -0.039266
v 0.451835 0.008906 -0.039349
v 0.450966 0.007778 -0.039422
v 0.449913 0.006791 -0.039486
v 0.448681 0.005949 -0.039541
v 0.447271 0.005253 -0.039586
v 0.445678 0.004708 -0.039622
v 0.443884 0.004316 -0.039647
v 0.441824 0.004079 -0.039663
v 0.439000 0.004001 -0.039668
v 0.436176 0.004079 -0.039663
v 0.434116 0.004316 -0.039647
v 0.432322 0.004708 -0.039622
v 0.430729 0.005253 -0.039586
v 0.429319 0.005949 -0.039541
v 0.428087 0.006791 -0.039486
v 0.427034 0.007778 -0.039422
v 0.426165 0.008906 -0.039349
v 0.425484 0.010181 -0.039266
v 0.424994 0.011617 -0.039172
v 0.424699 0.013266 -0.039065
v 0.424600 0.015526 -0.038918
v 0.424699 0.017787 -0.038770
v 0.424994 0.019435 -0.038663
v 0.425484 0.020871 -0.038570
v 0.426165 0.022146 -0.038487
v 0.427034 0.023275 -0.038413
v 0.428087 0.024261 -0.038349
v 0.429319 0.025103 -0.038294
v 0.430729 0.025799 -0.038249
v 0.432322 0.026344 -0.038213
v 0.434116 0.026736 -0.038188
v 0.436176 0.026973 -0.038173
v 0.439000 0.027052 -0.038167
v 0.441824 0.026973 -0.038173
v 0.443884 0.026736 -0.038188
v 0.445678 0.026344 -0.038213
v 0.447271 0.025799 -0.038249
v 0.448681 0.025103 -0.038294
v 0.449913 0.024261 -0.038349
v 0.450966 0.023275 -0.038413
v 0.451835 0.022146 -0.038487
v 0.452516 0.020871 -0.038570
v 0.453006 0.019435 -0.038663
v 0.453301 0.017787 -0.038770
v 0.454050 0.015585 -0.039816
v 0.453947 0.013226 -0.039969
v 0.453638 0.011506 -0.040081
v 0.453126 0.010008 -0.040179
v 0.452414 0.008678 -0.040265
v 0.451506 0.007501 -0.040342
v 0.450406 0.006472 -0.040409
v 0.449118 0.005593 -0.040466
v 0.447644 0.004867 -0.040513
v 0.445979 0.004298 -0.040550
v 0.444104 0.003889 -0.040577
v 0.441952 0.003642 -0.040593
v 0.439000 0.003560 -0.040598
v 0.436048 0.003642 -0.040593
v 0.433896 0.003889 -0.040577
v 0.432021 0.004298 -0.040550
v 0.430356 0.004867 -0.040513
v 0.428882 0.005593 -0.040466
v 0.427594 0.006472 -0.040409
v 0.426494 0.007501 -0.040342
v 0.425586 0.008678 -0.040265
v 0.424874 0.010008 -0.040179
v 0.424362 0.011506 -0.040081
v 0.424053 0.013226 -0.039969
v 0.423950 0.015585 -0.039816
v 0.424053 0.017943 -0.039662
v 0.424362 0.019663 -0.039550
v 0.424874 0.021161 -0.039453
v 0.425586 0.022491 -0.039366
v 0.426494 0.023669 -0.039290
v 0.427594 0.024698 -0.039223
v 0.428882 0.025576 -0.039165
v 0.430356 0.026302 -0.039118
v 0.432021 0.026871 -0.039081
v 0.433896 0.027280 -0.039054
v 0.436048 0.027527 -0.039038
v 0.439000 0.027609 -0.039033
v 0.441952 0.027527 -0.039038
v 0.444104 0.027280 -0.039054
v 0.445979 0.026871 -0.039081
v 0.447644 0.026302 -0.039118
v 0.449118 0.025576 -0.039165
v 0.450406 0.024698 -0.039223
v 0.451506 0.023669 -0.039290
v 0.452414 0.022491 -0.039366
v 0.453126 0.021161 -0.039453
v 0.453638 0.019663 -0.039550
v 0.453947 0.017943 -0.039662
v 0.453400 0.015656 -0.040913
v 0.453301 0.013395 -0.041061
v 0.453006 0.011747 -0.041168
v 0.452516 0.010311 -0.041261
v 0.451835 0.009036 -0.041344
v 0.450966 0.007907 -0.041418
v 0.449913 0.006921 -0.041482
v 0.448681 0.006079 -0.041537
v 0.447271 0.005383 -0.041582
v 0.445678 0.004838 -0.041618
v 0.443884 0.004446 -0.041643
v 0.441824 0.004209 -0.041659
v 0.439000 0.004130 -0.041664
v 0.436176 0.004209 -0.041659
v 0.434116 0.004446 -0.041643
v 0.432322 0.004838 -0.041618
v 0.430729 0.005383 -0.041582
v 0.429319 0.006079 -0.041537
v 0.428087 0.006921 -0.041482
v 0.427034 0.007907 -0.041418
v 0.426165 0.009036 -0.041344
v 0.425484 0.010311 -0.041261
v 0.424994 0.011747 -0.041168
v 0.424699 0.013395 -0.041061
v 0.424600 0.015656 -0.040913
v 0.424699 0.017917 -0.040766
v 0.424994 0.019565 -0.040659
v 0.425484 0.021001 -0.040566
v 0.426165 0.022276 -0.040483
v 0.427034 0.023405 -0.040409
v 0.428087 0.024391 -0.040345
v 0.429319 0.025233 -0.040290
v 0.430729 0.025929 -0.040245
v 0.432322 0.026474 -0.040209
v 0.434116 0.026866 -0.040184
v 0.436176 0.027103 -0.040168
v 0.439000 0.027182 -0.040163
v 0.441824 0.027103 -0.040168
v 0.443884 0.026866 -0.040184
v 0.445678 0.026474 -0.040209
v 0.447271 0.025929 -0.040245
v 0.448681 0.025233 -0.040290
v 0.449913 0.024391 -0.040345
v 0.450966 0.023405 -0.040409
v 0.451835 0.022276 -0.040483
v 0.452516 0.021001 -0.040566
v 0.453006 0.019565 -0.040659
v 0.453301 0.017917 -0.040766
vn -0.0000 -0.0650 0.9979
vn 0.8107 -0.0380 0.5842
vn 0.8057 -0.1191 0.5802
vn 0.9950 -0.0999 -0.0065
vn 1.0000 -0.0000 -0.0000
vn 0.7838 -0.2371 0.5739
vn 0.9692 -0.2459 -0.0160
vn 0.7435 -0.3584 0.5646
vn 0.9181 -0.3954 -0.0257
vn 0.6842 -0.4776 0.5512
vn 0.8406 -0.5405 -0.0352
vn 0.6080 -0.5876 0.5339
vn 0.7406 -0.6706 -0.0436
vn 0.5193 -0.6829 0.5138
vn 0.6253 -0.7787 -0.0507
vn 0.4234 -0.7602 0.4927
vn 0.5035 -0.8622 -0.0561
vn 0.3255 -0.8191 0.4724
vn 0.3823 -0.9221 -0.0600
vn 0.2298 -0.8606 0.4545
vn 0.2671 -0.9616 -0.0626
vn 0.1399 -0.8868 0.4404
vn 0.1611 -0.9848 -0.0641
vn 0.0563 -0.9007 0.4309
vn 0.0645 -0.9958 -0.0648
vn -0.0000 -0.9038 0.4279
vn -0.0000 -0.9979 -0.0649
vn -0.0563 -0.9007 0.4309
vn -0.0645 -0.9958 -0.0648
vn -0.1398 -0.8869 0.4404
vn -0.1611 -0.9848 -0.0641
vn -0.2299 -0.8606 0.4545
vn -0.2671 -0.9616 -0.0626
vn -0.3255 -0.8191 0.4724
vn -0.3823 -0.9221 -0.0600
vn -0.4234 -0.7602 0.4927
vn -0.5035 -0.8622 -0.0561
vn -0.5193 -0.6828 0.5138
vn -0.6253 -0.7787 -0.0507
vn -0.6080 -0.5876 0.5339
vn -0.7406 -0.6706 -0.0436
vn -0.6842 -0.4776 0.5512
vn -0.8406 -0.5405 -0.0352
vn -0.7435 -0.3583 0.5646
vn -0.9181 -0.3954 -0.0257
vn -0.7838 -0.2371 0.5739
vn -0.9692 -0.2459 -0.0160
vn -0.8057 -0.1191 0.5802
vn -0.9950 -0.0999 -0.0065
vn -0.8107 -0.0380 0.5842
vn -1.0000 -0.0000 -0.0000
vn -0.8057 0.0428 0.5907
vn -0.9950 0.0999 0.0065
vn -0.7838 0.1607 0.5998
vn -0.9692 0.2459 0.0160
vn -0.7435 0.2821 0.6063
vn -0.9181 0.3954 0.0258
vn -0.6842 0.4021 0.6084
vn -0.8406 0.5405 0.0352
vn -0.6080 0.5135 0.6056
vn -0.7406 0.6706 0.0437
vn -0.5193 0.6105 0.5980
vn -0.6253 0.7787 0.0507
vn -0.4234 0.6899 0.5871
vn -0.5035 0.8622 0.0561
vn -0.3255 0.7509 0.5746
vn -0.3823 0.9221 0.0600
vn -0.2298 0.7944 0.5622
vn -0.2671 0.9616 0.0626
vn -0.1399 0.8223 0.5516
vn -0.1611 0.9848 0.0641
vn -0.0563 0.8372 0.5440
vn -0.0645 0.9958 0.0648
vn -0.0000 0.8407 0.5414
vn -0.0000 0.9979 0.0650
vn 0.0563 0.8372 0.5440
vn 0.0645 0.9958 0.0648
vn 0.1398 0.8223 0.5516
vn 0.1611 0.9848 0.0641
vn 0.2299 0.7944 0.5622
vn 0.2671 0.9616 0.0626
vn 0.3255 0.7509 0.5746
vn 0.3823 0.9221 0.0600
vn 0.4234 0.6899 0.5871
vn 0.5035 0.8622 0.0561
vn 0.5193 0.6105 0.5980
vn 0.6253 0.7787 0.0507
vn 0.6080 0.5135 0.6056
vn 0.7406 0.6706 0.0437
vn 0.6842 0.4021 0.6084
vn 0.8406 0.5405 0.0352
vn 0.7435 0.2821 0.6063
vn 0.9181 0.3954 0.0258
vn 0.7838 0.1607 0.5998
vn 0.9692 0.2459 0.0160
vn 0.8057 0.0428 0.5907
vn 0.9950 0.0999 0.0065
vn 0.8559 -0.0528 -0.5144
vn 0.8610 0.0330 -0.5076
vn 0.8329 -0.1781 -0.5240
vn 0.7898 -0.3070 -0.5310
vn 0.7259 -0.4339 -0.5337
vn 0.6437 -0.5507 -0.5314
vn 0.5482 -0.6514 -0.5246
vn 0.4455 -0.7327 -0.5145
vn 0.3414 -0.7941 -0.5028
vn 0.2404 -0.8371 -0.4913
vn 0.1460 -0.8642 -0.4815
vn 0.0586 -0.8783 -0.4745
vn -0.0000 -0.8815 -0.4721
vn -0.0587 -0.8783 -0.4745
vn -0.1458 -0.8642 -0.4815
vn -0.2404 -0.8371 -0.4913
vn -0.3414 -0.7941 -0.5028
vn -0.4455 -0.7327 -0.5145
vn -0.5482 -0.6514 -0.5246
vn -0.6437 -0.5507 -0.5314
vn -0.7259 -0.4339 -0.5337
vn -0.7898 -0.3071 -0.5309
vn -0.8329 -0.1781 -0.5240
vn -0.8559 -0.0528 -0.5144
vn -0.8610 0.0330 -0.5076
vn -0.8559 0.1191 -0.5033
vn -0.8329 0.2445 -0.4965
vn -0.7898 0.3733 -0.4867
vn -0.7259 0.4995 -0.4729
vn -0.6437 0.6150 -0.4555
vn -0.5482 0.7139 -0.4357
vn -0.4455 0.7932 -0.4151
vn -0.3414 0.8526 -0.3956
vn -0.2404 0.8938 -0.3787
vn -0.1460 0.9193 -0.3654
vn -0.0587 0.9324 -0.3566
vn -0.0000 0.9353 -0.3538
vn 0.0586 0.9324 -0.3566
vn 0.1460 0.9193 -0.3654
vn 0.2404 0.8938 -0.3787
vn 0.3414 0.8526 -0.3956
vn 0.4455 0.7932 -0.4151
vn 0.5482 0.7139 -0.4357
vn 0.6437 0.6150 -0.4555
vn 0.7259 0.4994 -0.4729
vn 0.7898 0.3733 -0.4867
vn 0.8329 0.2445 -0.4965
vn 0.8559 0.1191 -0.5033
vn -0.0000 0.0650 -0.9979
vt 0.181116 0.789369
vt 0.185575 0.790038
vt 0.189477 0.791246
vt 0.192960 0.792980
vt 0.196063 0.795230
vt 0.198797 0.797982
vt 0.201157 0.801229
vt 0.203135 0.804964
vt 0.204723 0.809201
vt 0.205913 0.813991
vt 0.206704 0.819504
vt 0.207128 0.827084
vt 0.207128 0.834677
vt 0.206647 0.840226
vt 0.205726 0.845074
vt 0.204377 0.849393
vt 0.202611 0.853234
vt 0.200436 0.856607
vt 0.197861 0.859508
vt 0.194888 0.861927
vt 0.191507 0.863853
vt 0.187679 0.865277
vt 0.183265 0.866194
vt 0.177187 0.866630
vt 0.171095 0.866535
vt 0.166636 0.865866
vt 0.162735 0.864658
vt 0.159252 0.862924
vt 0.156148 0.860674
vt 0.153415 0.857922
vt 0.151055 0.854675
vt 0.149076 0.850940
vt 0.147489 0.846702
vt 0.146298 0.841913
vt 0.145508 0.836400
vt 0.145083 0.828819
vt 0.145083 0.821227
vt 0.145565 0.815678
vt 0.146486 0.810830
vt 0.147834 0.806511
vt 0.149600 0.802670
vt 0.151775 0.799297
vt 0.154351 0.796396
vt 0.157324 0.793977
vt 0.160704 0.792050
vt 0.164532 0.790627
vt 0.168947 0.789709
vt 0.175024 0.789274
vt 0.168635 0.787983
vt 0.174975 0.787529
vt 0.164029 0.788941
vt 0.160036 0.790429
vt 0.156509 0.792442
vt 0.153407 0.794971
vt 0.150721 0.798003
vt 0.148452 0.801528
vt 0.146609 0.805541
vt 0.145202 0.810056
vt 0.144242 0.815122
vt 0.143740 0.820922
vt 0.143740 0.828857
vt 0.144184 0.836779
vt 0.145009 0.842542
vt 0.146251 0.847547
vt 0.147907 0.851976
vt 0.149972 0.855880
vt 0.152434 0.859273
vt 0.155286 0.862150
vt 0.158524 0.864501
vt 0.162158 0.866314
vt 0.166228 0.867577
vt 0.170880 0.868276
vt 0.177236 0.868375
vt 0.183576 0.867921
vt 0.188182 0.866963
vt 0.192176 0.865475
vt 0.195702 0.863462
vt 0.198804 0.860933
vt 0.201491 0.857901
vt 0.203760 0.854376
vt 0.205603 0.850362
vt 0.207009 0.845848
vt 0.207969 0.840781
vt 0.208471 0.834982
vt 0.208471 0.827047
vt 0.208028 0.819125
vt 0.207203 0.813362
vt 0.205961 0.808357
vt 0.204304 0.803928
vt 0.202240 0.800024
vt 0.199778 0.796631
vt 0.196926 0.793754
vt 0.193687 0.791403
vt 0.190054 0.789590
vt 0.185983 0.788327
vt 0.181331 0.787628
vt 0.850399 0.087325
vt 0.844043 0.087225
vt 0.844258 0.085484
vt 0.850350 0.085579
vt 0.839391 0.086526
vt 0.839799 0.084815
vt 0.835321 0.085263
vt 0.835898 0.083607
vt 0.831687 0.083450
vt 0.832415 0.081873
vt 0.828449 0.081099
vt 0.829311 0.079623
vt 0.825597 0.078222
vt 0.826578 0.076871
vt 0.823134 0.074830
vt 0.824218 0.073625
vt 0.821070 0.070925
vt 0.822239 0.069889
vt 0.819414 0.066497
vt 0.820652 0.065652
vt 0.818172 0.061491
vt 0.819461 0.060863
vt 0.817346 0.055729
vt 0.818671 0.055349
vt 0.816903 0.047806
vt 0.818246 0.047769
vt 0.816903 0.039872
vt 0.818246 0.040177
vt 0.817405 0.034072
vt 0.818728 0.034627
vt 0.818365 0.029005
vt 0.819649 0.029779
vt 0.819772 0.024491
vt 0.820997 0.025460
vt 0.821615 0.020477
vt 0.822763 0.021619
vt 0.823883 0.016952
vt 0.824938 0.018246
vt 0.826570 0.013920
vt 0.827514 0.015345
vt 0.829672 0.011392
vt 0.830487 0.012926
vt 0.833199 0.009378
vt 0.833867 0.011000
vt 0.837192 0.007890
vt 0.837695 0.009576
vt 0.841798 0.006932
vt 0.842110 0.008659
vt 0.848138 0.006478
vt 0.848187 0.008224
vt 0.854494 0.006577
vt 0.854279 0.008318
vt 0.859146 0.007276
vt 0.858738 0.008987
vt 0.863217 0.008539
vt 0.862640 0.010195
vt 0.866850 0.010352
vt 0.866123 0.011930
vt 0.870089 0.012703
vt 0.869226 0.014179
vt 0.872941 0.015580
vt 0.871960 0.016932
vt 0.875403 0.018973
vt 0.874320 0.020178
vt 0.877467 0.022877
vt 0.876298 0.023914
vt 0.879124 0.027306
vt 0.877886 0.028151
vt 0.880366 0.032311
vt 0.879076 0.032940
vt 0.881191 0.038074
vt 0.879867 0.038454
vt 0.881634 0.045996
vt 0.880291 0.046034
vt 0.881634 0.053931
vt 0.880291 0.053626
vt 0.881132 0.059731
vt 0.879810 0.059175
vt 0.880172 0.064798
vt 0.878889 0.064023
vt 0.878765 0.069312
vt 0.877540 0.068342
vt 0.876923 0.073325
vt 0.875774 0.072183
vt 0.874654 0.076851
vt 0.873599 0.075556
vt 0.871967 0.079882
vt 0.871024 0.078457
vt 0.868865 0.082411
vt 0.868051 0.080876
vt 0.865339 0.084424
vt 0.864670 0.082803
vt 0.861345 0.085912
vt 0.860842 0.084227
vt 0.856739 0.086870
vt 0.856427 0.085144
s 0
usemtl 05_|_charcoal_anti_vibration_rubber
f 2144/2573/2109 2143/2574/2109 2142/2575/2109 2141/2576/2109 2140/2577/2109 2139/2578/2109 2138/2579/2109 2137/2580/2109 2136/2581/2109 2135/2582/2109 2134/2583/2109 2133/2584/2109 2132/2585/2109 2131/2586/2109 2130/2587/2109 2129/2588/2109 2128/2589/2109 2127/2590/2109 2126/2591/2109 2125/2592/2109 2124/2593/2109 2123/2594/2109 2122/2595/2109 2121/2596/2109 2120/2597/2109 2119/2598/2109 2118/2599/2109 2117/2600/2109 2116/2601/2109 2115/2602/2109 2114/2603/2109 2113/2604/2109 2112/2605/2109 2111/2606/2109 2110/2607/2109 2109/2608/2109 2108/2609/2109 2107/2610/2109 2106/2611/2109 2105/2612/2109 2104/2613/2109 2103/2614/2109 2102/2615/2109 2101/2616/2109 2100/2617/2109 2099/2618/2109 2098/2619/2109 2097/2620/2109
s 1
f 2097/2620/2110 2098/2619/2111 2146/2621/2112 2145/2622/2113
f 2098/2619/2111 2099/2618/2114 2147/2623/2115 2146/2621/2112
f 2099/2618/2114 2100/2617/2116 2148/2624/2117 2147/2623/2115
f 2100/2617/2116 2101/2616/2118 2149/2625/2119 2148/2624/2117
f 2101/2616/2118 2102/2615/2120 2150/2626/2121 2149/2625/2119
f 2102/2615/2120 2103/2614/2122 2151/2627/2123 2150/2626/2121
f 2103/2614/2122 2104/2613/2124 2152/2628/2125 2151/2627/2123
f 2104/2613/2124 2105/2612/2126 2153/2629/2127 2152/2628/2125
f 2105/2612/2126 2106/2611/2128 2154/2630/2129 2153/2629/2127
f 2106/2611/2128 2107/2610/2130 2155/2631/2131 2154/2630/2129
f 2107/2610/2130 2108/2609/2132 2156/2632/2133 2155/2631/2131
f 2108/2609/2132 2109/2608/2134 2157/2633/2135 2156/2632/2133
f 2109/2608/2134 2110/2607/2136 2158/2634/2137 2157/2633/2135
f 2110/2607/2136 2111/2606/2138 2159/2635/2139 2158/2634/2137
f 2111/2606/2138 2112/2605/2140 2160/2636/2141 2159/2635/2139
f 2112/2605/2140 2113/2604/2142 2161/2637/2143 2160/2636/2141
f 2113/2604/2142 2114/2603/2144 2162/2638/2145 2161/2637/2143
f 2114/2603/2144 2115/2602/2146 2163/2639/2147 2162/2638/2145
f 2115/2602/2146 2116/2601/2148 2164/2640/2149 2163/2639/2147
f 2116/2601/2148 2117/2600/2150 2165/2641/2151 2164/2640/2149
f 2117/2600/2150 2118/2599/2152 2166/2642/2153 2165/2641/2151
f 2118/2599/2152 2119/2598/2154 2167/2643/2155 2166/2642/2153
f 2119/2598/2154 2120/2597/2156 2168/2644/2157 2167/2643/2155
f 2120/2597/2156 2121/2596/2158 2169/2645/2159 2168/2644/2157
f 2121/2596/2158 2122/2595/2160 2170/2646/2161 2169/2645/2159
f 2122/2595/2160 2123/2594/2162 2171/2647/2163 2170/2646/2161
f 2123/2594/2162 2124/2593/2164 2172/2648/2165 2171/2647/2163
f 2124/2593/2164 2125/2592/2166 2173/2649/2167 2172/2648/2165
f 2125/2592/2166 2126/2591/2168 2174/2650/2169 2173/2649/2167
f 2126/2591/2168 2127/2590/2170 2175/2651/2171 2174/2650/2169
f 2127/2590/2170 2128/2589/2172 2176/2652/2173 2175/2651/2171
f 2128/2589/2172 2129/2588/2174 2177/2653/2175 2176/2652/2173
f 2129/2588/2174 2130/2587/2176 2178/2654/2177 2177/2653/2175
f 2130/2587/2176 2131/2586/2178 2179/2655/2179 2178/2654/2177
f 2131/2586/2178 2132/2585/2180 2180/2656/2181 2179/2655/2179
f 2132/2585/2180 2133/2584/2182 2181/2657/2183 2180/2656/2181
f 2133/2584/2182 2134/2583/2184 2182/2658/2185 2181/2657/2183
f 2134/2583/2184 2135/2582/2186 2183/2659/2187 2182/2658/2185
f 2135/2582/2186 2136/2581/2188 2184/2660/2189 2183/2659/2187
f 2136/2581/2188 2137/2580/2190 2185/2661/2191 2184/2660/2189
f 2137/2580/2190 2138/2579/2192 2186/2662/2193 2185/2661/2191
f 2138/2579/2192 2139/2578/2194 2187/2663/2195 2186/2662/2193
f 2139/2578/2194 2140/2577/2196 2188/2664/2197 2187/2663/2195
f 2140/2577/2196 2141/2576/2198 2189/2665/2199 2188/2664/2197
f 2141/2576/2198 2142/2575/2200 2190/2666/2201 2189/2665/2199
f 2142/2575/2200 2143/2574/2202 2191/2667/2203 2190/2666/2201
f 2143/2574/2202 2144/2573/2204 2192/2668/2205 2191/2667/2203
f 2144/2573/2204 2097/2620/2110 2145/2622/2113 2192/2668/2205
f 2145/2669/2113 2146/2670/2112 2194/2671/2206 2193/2672/2207
f 2146/2670/2112 2147/2673/2115 2195/2674/2208 2194/2671/2206
f 2147/2673/2115 2148/2675/2117 2196/2676/2209 2195/2674/2208
f 2148/2675/2117 2149/2677/2119 2197/2678/2210 2196/2676/2209
f 2149/2677/2119 2150/2679/2121 2198/2680/2211 2197/2678/2210
f 2150/2679/2121 2151/2681/2123 2199/2682/2212 2198/2680/2211
f 2151/2681/2123 2152/2683/2125 2200/2684/2213 2199/2682/2212
f 2152/2683/2125 2153/2685/2127 2201/2686/2214 2200/2684/2213
f 2153/2685/2127 2154/2687/2129 2202/2688/2215 2201/2686/2214
f 2154/2687/2129 2155/2689/2131 2203/2690/2216 2202/2688/2215
f 2155/2689/2131 2156/2691/2133 2204/2692/2217 2203/2690/2216
f 2156/2691/2133 2157/2693/2135 2205/2694/2218 2204/2692/2217
f 2157/2693/2135 2158/2695/2137 2206/2696/2219 2205/2694/2218
f 2158/2695/2137 2159/2697/2139 2207/2698/2220 2206/2696/2219
f 2159/2697/2139 2160/2699/2141 2208/2700/2221 2207/2698/2220
f 2160/2699/2141 2161/2701/2143 2209/2702/2222 2208/2700/2221
f 2161/2701/2143 2162/2703/2145 2210/2704/2223 2209/2702/2222
f 2162/2703/2145 2163/2705/2147 2211/2706/2224 2210/2704/2223
f 2163/2705/2147 2164/2707/2149 2212/2708/2225 2211/2706/2224
f 2164/2707/2149 2165/2709/2151 2213/2710/2226 2212/2708/2225
f 2165/2709/2151 2166/2711/2153 2214/2712/2227 2213/2710/2226
f 2166/2711/2153 2167/2713/2155 2215/2714/2228 2214/2712/2227
f 2167/2713/2155 2168/2715/2157 2216/2716/2229 2215/2714/2228
f 2168/2715/2157 2169/2717/2159 2217/2718/2230 2216/2716/2229
f 2169/2717/2159 2170/2719/2161 2218/2720/2231 2217/2718/2230
f 2170/2719/2161 2171/2721/2163 2219/2722/2232 2218/2720/2231
f 2171/2721/2163 2172/2723/2165 2220/2724/2233 2219/2722/2232
f 2172/2723/2165 2173/2725/2167 2221/2726/2234 2220/2724/2233
f 2173/2725/2167 2174/2727/2169 2222/2728/2235 2221/2726/2234
f 2174/2727/2169 2175/2729/2171 2223/2730/2236 2222/2728/2235
f 2175/2729/2171 2176/2731/2173 2224/2732/2237 2223/2730/2236
f 2176/2731/2173 2177/2733/2175 2225/2734/2238 2224/2732/2237
f 2177/2733/2175 2178/2735/2177 2226/2736/2239 2225/2734/2238
f 2178/2735/2177 2179/2737/2179 2227/2738/2240 2226/2736/2239
f 2179/2737/2179 2180/2739/2181 2228/2740/2241 2227/2738/2240
f 2180/2739/2181 2181/2741/2183 2229/2742/2242 2228/2740/2241
f 2181/2741/2183 2182/2743/2185 2230/2744/2243 2229/2742/2242
f 2182/2743/2185 2183/2745/2187 2231/2746/2244 2230/2744/2243
f 2183/2745/2187 2184/2747/2189 2232/2748/2245 2231/2746/2244
f 2184/2747/2189 2185/2749/2191 2233/2750/2246 2232/2748/2245
f 2185/2749/2191 2186/2751/2193 2234/2752/2247 2233/2750/2246
f 2186/2751/2193 2187/2753/2195 2235/2754/2248 2234/2752/2247
f 2187/2753/2195 2188/2755/2197 2236/2756/2249 2235/2754/2248
f 2188/2755/2197 2189/2757/2199 2237/2758/2250 2236/2756/2249
f 2189/2757/2199 2190/2759/2201 2238/2760/2251 2237/2758/2250
f 2190/2759/2201 2191/2761/2203 2239/2762/2252 2238/2760/2251
f 2191/2761/2203 2192/2763/2205 2240/2764/2253 2239/2762/2252
f 2192/2763/2205 2145/2669/2113 2193/2672/2207 2240/2764/2253
s 0
f 2193/2672/2254 2194/2671/2254 2195/2674/2254 2196/2676/2254 2197/2678/2254 2198/2680/2254 2199/2682/2254 2200/2684/2254 2201/2686/2254 2202/2688/2254 2203/2690/2254 2204/2692/2254 2205/2694/2254 2206/2696/2254 2207/2698/2254 2208/2700/2254 2209/2702/2254 2210/2704/2254 2211/2706/2254 2212/2708/2254 2213/2710/2254 2214/2712/2254 2215/2714/2254 2216/2716/2254 2217/2718/2254 2218/2720/2254 2219/2722/2254 2220/2724/2254 2221/2726/2254 2222/2728/2254 2223/2730/2254 2224/2732/2254 2225/2734/2254 2226/2736/2254 2227/2738/2254 2228/2740/2254 2229/2742/2254 2230/2744/2254 2231/2746/2254 2232/2748/2254 2233/2750/2254 2234/2752/2254 2235/2754/2254 2236/2756/2254 2237/2758/2254 2238/2760/2254 2239/2762/2254 2240/2764/2254
o Grip_moulded_rib_04.001
v 0.453200 0.015981 -0.045903
v 0.453103 0.013750 -0.046048
v 0.452812 0.012123 -0.046154
v 0.452328 0.010705 -0.046246
v 0.451656 0.009447 -0.046328
v 0.450799 0.008333 -0.046401
v 0.449762 0.007359 -0.046464
v 0.448547 0.006528 -0.046518
v 0.447156 0.005841 -0.046563
v 0.445585 0.005303 -0.046598
v 0.443816 0.004916 -0.046623
v 0.441785 0.004683 -0.046638
v 0.439000 0.004605 -0.046643
v 0.436215 0.004683 -0.046638
v 0.434184 0.004916 -0.046623
v 0.432415 0.005303 -0.046598
v 0.430844 0.005841 -0.046563
v 0.429453 0.006528 -0.046518
v 0.428238 0.007359 -0.046464
v 0.427201 0.008333 -0.046401
v 0.426344 0.009447 -0.046328
v 0.425672 0.010705 -0.046246
v 0.425188 0.012123 -0.046154
v 0.424897 0.013750 -0.046048
v 0.424800 0.015981 -0.045903
v 0.424897 0.018212 -0.045758
v 0.425188 0.019839 -0.045652
v 0.425672 0.021256 -0.045559
v 0.426344 0.022515 -0.045478
v 0.427201 0.023629 -0.045405
v 0.428238 0.024602 -0.045342
v 0.429453 0.025434 -0.045288
v 0.430844 0.026120 -0.045243
v 0.432415 0.026659 -0.045208
v 0.434184 0.027046 -0.045183
v 0.436215 0.027279 -0.045167
v 0.439000 0.027357 -0.045162
v 0.441785 0.027279 -0.045167
v 0.443816 0.027046 -0.045183
v 0.445585 0.026659 -0.045208
v 0.447156 0.026120 -0.045243
v 0.448547 0.025434 -0.045288
v 0.449762 0.024602 -0.045342
v 0.450799 0.023629 -0.045405
v 0.451656 0.022515 -0.045478
v 0.452328 0.021256 -0.045559
v 0.452812 0.019839 -0.045652
v 0.453103 0.018212 -0.045758
v 0.453850 0.016039 -0.046801
v 0.453748 0.013710 -0.046953
v 0.453444 0.012012 -0.047063
v 0.452939 0.010532 -0.047159
v 0.452236 0.009219 -0.047245
v 0.451340 0.008056 -0.047321
v 0.450254 0.007040 -0.047387
v 0.448984 0.006172 -0.047443
v 0.447529 0.005455 -0.047490
v 0.445886 0.004893 -0.047526
v 0.444036 0.004489 -0.047553
v 0.441913 0.004246 -0.047569
v 0.439000 0.004164 -0.047574
v 0.436087 0.004246 -0.047569
v 0.433964 0.004489 -0.047553
v 0.432113 0.004893 -0.047526
v 0.430471 0.005455 -0.047490
v 0.429016 0.006172 -0.047443
v 0.427746 0.007040 -0.047387
v 0.426660 0.008056 -0.047321
v 0.425764 0.009219 -0.047245
v 0.425061 0.010532 -0.047159
v 0.424556 0.012012 -0.047063
v 0.424252 0.013710 -0.046953
v 0.424150 0.016039 -0.046801
v 0.424252 0.018368 -0.046649
v 0.424556 0.020067 -0.046539
v 0.425061 0.021546 -0.046443
v 0.425764 0.022860 -0.046357
v 0.426660 0.024023 -0.046281
v 0.427746 0.025039 -0.046215
v 0.429016 0.025907 -0.046159
v 0.430471 0.026623 -0.046112
v 0.432113 0.027185 -0.046075
v 0.433964 0.027589 -0.046049
v 0.436087 0.027833 -0.046033
v 0.439000 0.027914 -0.046028
v 0.441913 0.027833 -0.046033
v 0.444036 0.027589 -0.046049
v 0.445886 0.027185 -0.046075
v 0.447529 0.026623 -0.046112
v 0.448984 0.025907 -0.046159
v 0.450254 0.025039 -0.046215
v 0.451340 0.024023 -0.046281
v 0.452236 0.022860 -0.046357
v 0.452939 0.021546 -0.046443
v 0.453444 0.020067 -0.046539
v 0.453748 0.018368 -0.046649
v 0.453200 0.016111 -0.047899
v 0.453103 0.013880 -0.048044
v 0.452812 0.012253 -0.048150
v 0.452328 0.010835 -0.048242
v 0.451656 0.009577 -0.048324
v 0.450799 0.008463 -0.048396
v 0.449762 0.007489 -0.048460
v 0.448547 0.006658 -0.048514
v 0.447156 0.005971 -0.048559
v 0.445585 0.005433 -0.048594
v 0.443816 0.005046 -0.048619
v 0.441785 0.004813 -0.048634
v 0.439000 0.004735 -0.048639
v 0.436215 0.004813 -0.048634
v 0.434184 0.005046 -0.048619
v 0.432415 0.005433 -0.048594
v 0.430844 0.005971 -0.048559
v 0.429453 0.006658 -0.048514
v 0.428238 0.007489 -0.048460
v 0.427201 0.008463 -0.048396
v 0.426344 0.009577 -0.048324
v 0.425672 0.010835 -0.048242
v 0.425188 0.012253 -0.048150
v 0.424897 0.013880 -0.048044
v 0.424800 0.016111 -0.047899
v 0.424897 0.018342 -0.047753
v 0.425188 0.019969 -0.047648
v 0.425672 0.021386 -0.047555
v 0.426344 0.022644 -0.047473
v 0.427201 0.023759 -0.047401
v 0.428238 0.024732 -0.047337
v 0.429453 0.025564 -0.047283
v 0.430844 0.026250 -0.047239
v 0.432415 0.026788 -0.047204
v 0.434184 0.027175 -0.047178
v 0.436215 0.027409 -0.047163
v 0.439000 0.027487 -0.047158
v 0.441785 0.027409 -0.047163
v 0.443816 0.027175 -0.047178
v 0.445585 0.026788 -0.047204
v 0.447156 0.026250 -0.047239
v 0.448547 0.025564 -0.047283
v 0.449762 0.024732 -0.047337
v 0.450799 0.023759 -0.047401
v 0.451656 0.022644 -0.047473
v 0.452328 0.021386 -0.047555
v 0.452812 0.019969 -0.047648
v 0.453103 0.018342 -0.047753
vn -0.0000 -0.0650 0.9979
vn 0.8107 -0.0380 0.5842
vn 0.8057 -0.1189 0.5802
vn 0.9950 -0.0998 -0.0065
vn 1.0000 -0.0000 -0.0000
vn 0.7839 -0.2369 0.5739
vn 0.9692 -0.2457 -0.0160
vn 0.7436 -0.3581 0.5646
vn 0.9183 -0.3951 -0.0257
vn 0.6843 -0.4773 0.5512
vn 0.8408 -0.5401 -0.0352
vn 0.6082 -0.5874 0.5339
vn 0.7408 -0.6703 -0.0436
vn 0.5196 -0.6826 0.5139
vn 0.6257 -0.7784 -0.0506
vn 0.4237 -0.7600 0.4928
vn 0.5038 -0.8620 -0.0561
vn 0.3258 -0.8190 0.4724
vn 0.3826 -0.9220 -0.0600
vn 0.2300 -0.8605 0.4545
vn 0.2673 -0.9616 -0.0626
vn 0.1400 -0.8868 0.4404
vn 0.1613 -0.9848 -0.0641
vn 0.0563 -0.9007 0.4309
vn 0.0646 -0.9958 -0.0648
vn -0.0000 -0.9038 0.4279
vn -0.0000 -0.9979 -0.0649
vn -0.0564 -0.9006 0.4309
vn -0.0646 -0.9958 -0.0648
vn -0.1399 -0.8868 0.4404
vn -0.1613 -0.9848 -0.0641
vn -0.2300 -0.8605 0.4545
vn -0.2673 -0.9616 -0.0626
vn -0.3257 -0.8190 0.4724
vn -0.3826 -0.9220 -0.0600
vn -0.4237 -0.7600 0.4928
vn -0.5038 -0.8620 -0.0561
vn -0.5196 -0.6826 0.5139
vn -0.6257 -0.7784 -0.0506
vn -0.6082 -0.5874 0.5339
vn -0.7409 -0.6703 -0.0436
vn -0.6843 -0.4773 0.5512
vn -0.8408 -0.5401 -0.0352
vn -0.7436 -0.3581 0.5646
vn -0.9183 -0.3951 -0.0257
vn -0.7839 -0.2369 0.5739
vn -0.9692 -0.2457 -0.0160
vn -0.8057 -0.1190 0.5802
vn -0.9950 -0.0998 -0.0065
vn -0.8107 -0.0380 0.5842
vn -1.0000 -0.0000 -0.0000
vn -0.8057 0.0428 0.5907
vn -0.9950 0.0998 0.0065
vn -0.7839 0.1605 0.5998
vn -0.9692 0.2457 0.0160
vn -0.7436 0.2819 0.6063
vn -0.9183 0.3951 0.0257
vn -0.6843 0.4019 0.6084
vn -0.8408 0.5401 0.0352
vn -0.6082 0.5132 0.6056
vn -0.7408 0.6703 0.0436
vn -0.5196 0.6102 0.5980
vn -0.6257 0.7784 0.0507
vn -0.4237 0.6898 0.5871
vn -0.5038 0.8620 0.0561
vn -0.3257 0.7508 0.5746
vn -0.3826 0.9220 0.0600
vn -0.2300 0.7943 0.5622
vn -0.2673 0.9616 0.0626
vn -0.1400 0.8222 0.5516
vn -0.1613 0.9848 0.0641
vn -0.0564 0.8372 0.5440
vn -0.0646 0.9958 0.0648
vn -0.0000 0.8407 0.5415
vn -0.0000 0.9979 0.0650
vn 0.0563 0.8372 0.5440
vn 0.0646 0.9958 0.0648
vn 0.1399 0.8223 0.5516
vn 0.1613 0.9848 0.0641
vn 0.2300 0.7943 0.5622
vn 0.2673 0.9616 0.0626
vn 0.3257 0.7508 0.5746
vn 0.3826 0.9220 0.0600
vn 0.4237 0.6898 0.5871
vn 0.5038 0.8620 0.0561
vn 0.5196 0.6102 0.5980
vn 0.6257 0.7784 0.0507
vn 0.6082 0.5132 0.6056
vn 0.7409 0.6703 0.0436
vn 0.6843 0.4019 0.6084
vn 0.8408 0.5401 0.0352
vn 0.7437 0.2818 0.6063
vn 0.9183 0.3951 0.0257
vn 0.7839 0.1605 0.5998
vn 0.9692 0.2457 0.0160
vn 0.8057 0.0427 0.5907
vn 0.9950 0.0998 0.0065
vn 0.8559 -0.0528 -0.5144
vn 0.8610 0.0330 -0.5076
vn 0.8329 -0.1779 -0.5240
vn 0.7899 -0.3068 -0.5310
vn 0.7261 -0.4336 -0.5337
vn 0.6439 -0.5504 -0.5314
vn 0.5485 -0.6511 -0.5246
vn 0.4458 -0.7325 -0.5145
vn 0.3416 -0.7940 -0.5028
vn 0.2406 -0.8371 -0.4914
vn 0.1459 -0.8642 -0.4815
vn 0.0587 -0.8783 -0.4745
vn -0.0000 -0.8815 -0.4721
vn -0.0587 -0.8783 -0.4745
vn -0.1460 -0.8642 -0.4815
vn -0.2405 -0.8371 -0.4914
vn -0.3416 -0.7940 -0.5028
vn -0.4458 -0.7325 -0.5145
vn -0.5485 -0.6511 -0.5246
vn -0.6439 -0.5504 -0.5314
vn -0.7260 -0.4336 -0.5337
vn -0.7899 -0.3068 -0.5309
vn -0.8329 -0.1779 -0.5240
vn -0.8559 -0.0528 -0.5144
vn -0.8610 0.0330 -0.5076
vn -0.8559 0.1190 -0.5033
vn -0.8329 0.2444 -0.4965
vn -0.7899 0.3730 -0.4867
vn -0.7260 0.4992 -0.4730
vn -0.6439 0.6147 -0.4556
vn -0.5485 0.7136 -0.4358
vn -0.4458 0.7930 -0.4152
vn -0.3416 0.8525 -0.3957
vn -0.2405 0.8937 -0.3787
vn -0.1461 0.9193 -0.3655
vn -0.0587 0.9324 -0.3566
vn -0.0000 0.9353 -0.3538
vn 0.0587 0.9324 -0.3566
vn 0.1459 0.9193 -0.3654
vn 0.2406 0.8937 -0.3787
vn 0.3416 0.8525 -0.3957
vn 0.4458 0.7930 -0.4152
vn 0.5485 0.7136 -0.4358
vn 0.6439 0.6147 -0.4556
vn 0.7260 0.4992 -0.4730
vn 0.7899 0.3730 -0.4867
vn 0.8329 0.2444 -0.4965
vn 0.8559 0.1190 -0.5033
vn -0.0000 0.0650 -0.9979
vt 0.853811 0.201058
vt 0.858212 0.201718
vt 0.862063 0.202909
vt 0.865501 0.204619
vt 0.868564 0.206837
vt 0.871262 0.209551
vt 0.873591 0.212752
vt 0.875544 0.216436
vt 0.877111 0.220614
vt 0.878286 0.225337
vt 0.879066 0.230774
vt 0.879485 0.238249
vt 0.879485 0.245735
vt 0.879010 0.251208
vt 0.878101 0.255988
vt 0.876770 0.260248
vt 0.875027 0.264035
vt 0.872880 0.267361
vt 0.870338 0.270222
vt 0.867404 0.272608
vt 0.864067 0.274508
vt 0.860289 0.275912
vt 0.855932 0.276817
vt 0.849933 0.277246
vt 0.843920 0.277153
vt 0.839519 0.276493
vt 0.835668 0.275303
vt 0.832231 0.273592
vt 0.829167 0.271374
vt 0.826469 0.268660
vt 0.824140 0.265459
vt 0.822187 0.261775
vt 0.820620 0.257597
vt 0.819446 0.252875
vt 0.818665 0.247437
vt 0.818246 0.239963
vt 0.818246 0.232476
vt 0.818722 0.227004
vt 0.819630 0.222223
vt 0.820961 0.217964
vt 0.822705 0.214176
vt 0.824851 0.210850
vt 0.827393 0.207989
vt 0.830328 0.205603
vt 0.833664 0.203703
vt 0.837443 0.202299
vt 0.841800 0.201395
vt 0.847798 0.200965
vt 0.841488 0.199668
vt 0.847749 0.199219
vt 0.836940 0.200614
vt 0.832996 0.202082
vt 0.829513 0.204069
vt 0.826450 0.206564
vt 0.823797 0.209555
vt 0.821556 0.213034
vt 0.819736 0.216994
vt 0.818347 0.221449
vt 0.817399 0.226448
vt 0.816903 0.232171
vt 0.816903 0.240000
vt 0.817341 0.247817
vt 0.818156 0.253503
vt 0.819382 0.258442
vt 0.821018 0.262812
vt 0.823057 0.266664
vt 0.825489 0.270012
vt 0.828305 0.272850
vt 0.831503 0.275170
vt 0.835091 0.276959
vt 0.839111 0.278204
vt 0.843705 0.278894
vt 0.849982 0.278992
vt 0.856243 0.278543
vt 0.860792 0.277597
vt 0.864736 0.276129
vt 0.868218 0.274143
vt 0.871282 0.271648
vt 0.873935 0.268656
vt 0.876176 0.265178
vt 0.877995 0.261217
vt 0.879384 0.256763
vt 0.880333 0.251763
vt 0.880828 0.246040
vt 0.880828 0.238211
vt 0.880391 0.230394
vt 0.879576 0.224708
vt 0.878349 0.219769
vt 0.876713 0.215400
vt 0.874675 0.211547
vt 0.872243 0.208200
vt 0.869426 0.205361
vt 0.866229 0.203041
vt 0.862640 0.201253
vt 0.858620 0.200007
vt 0.854026 0.199317
vt 0.849982 0.371720
vt 0.843705 0.371622
vt 0.843920 0.369881
vt 0.849933 0.369974
vt 0.839111 0.370932
vt 0.839519 0.369221
vt 0.835091 0.369687
vt 0.835668 0.368030
vt 0.831503 0.367898
vt 0.832231 0.366320
vt 0.828305 0.365578
vt 0.829167 0.364102
vt 0.825489 0.362740
vt 0.826469 0.361388
vt 0.823057 0.359392
vt 0.824140 0.358187
vt 0.821018 0.355539
vt 0.822187 0.354503
vt 0.819382 0.351170
vt 0.820620 0.350325
vt 0.818156 0.346231
vt 0.819446 0.345603
vt 0.817341 0.340545
vt 0.818665 0.340165
vt 0.816903 0.332728
vt 0.818246 0.332690
vt 0.816903 0.324899
vt 0.818246 0.325204
vt 0.817399 0.319176
vt 0.818722 0.319732
vt 0.818347 0.314176
vt 0.819630 0.314951
vt 0.819736 0.309722
vt 0.820961 0.310691
vt 0.821556 0.305762
vt 0.822705 0.306904
vt 0.823797 0.302283
vt 0.824851 0.303578
vt 0.826450 0.299292
vt 0.827393 0.300717
vt 0.829513 0.296797
vt 0.830328 0.298331
vt 0.832996 0.294810
vt 0.833664 0.296431
vt 0.836940 0.293342
vt 0.837443 0.295027
vt 0.841488 0.292396
vt 0.841800 0.294122
vt 0.847749 0.291947
vt 0.847798 0.293693
vt 0.854026 0.292045
vt 0.853811 0.293786
vt 0.858620 0.292735
vt 0.858212 0.294446
vt 0.862640 0.293980
vt 0.862063 0.295637
vt 0.866229 0.295769
vt 0.865501 0.297347
vt 0.869426 0.298089
vt 0.868564 0.299565
vt 0.872243 0.300927
vt 0.871262 0.302279
vt 0.874675 0.304275
vt 0.873591 0.305480
vt 0.876713 0.308128
vt 0.875544 0.309164
vt 0.878349 0.312497
vt 0.877111 0.313342
vt 0.879576 0.317436
vt 0.878286 0.318065
vt 0.880391 0.323122
vt 0.879066 0.323502
vt 0.880828 0.330939
vt 0.879485 0.330977
vt 0.880828 0.338768
vt 0.879485 0.338463
vt 0.880333 0.344491
vt 0.879010 0.343935
vt 0.879384 0.349491
vt 0.878101 0.348716
vt 0.877995 0.353945
vt 0.876770 0.352976
vt 0.876176 0.357905
vt 0.875027 0.356763
vt 0.873935 0.361384
vt 0.872880 0.360089
vt 0.871282 0.364376
vt 0.870338 0.362950
vt 0.868218 0.366870
vt 0.867404 0.365336
vt 0.864736 0.368857
vt 0.864067 0.367236
vt 0.860792 0.370325
vt 0.860289 0.368640
vt 0.856243 0.371271
vt 0.855932 0.369545
s 0
usemtl 05_|_charcoal_anti_vibration_rubber
f 2288/2765/2255 2287/2766/2255 2286/2767/2255 2285/2768/2255 2284/2769/2255 2283/2770/2255 2282/2771/2255 2281/2772/2255 2280/2773/2255 2279/2774/2255 2278/2775/2255 2277/2776/2255 2276/2777/2255 2275/2778/2255 2274/2779/2255 2273/2780/2255 2272/2781/2255 2271/2782/2255 2270/2783/2255 2269/2784/2255 2268/2785/2255 2267/2786/2255 2266/2787/2255 2265/2788/2255 2264/2789/2255 2263/2790/2255 2262/2791/2255 2261/2792/2255 2260/2793/2255 2259/2794/2255 2258/2795/2255 2257/2796/2255 2256/2797/2255 2255/2798/2255 2254/2799/2255 2253/2800/2255 2252/2801/2255 2251/2802/2255 2250/2803/2255 2249/2804/2255 2248/2805/2255 2247/2806/2255 2246/2807/2255 2245/2808/2255 2244/2809/2255 2243/2810/2255 2242/2811/2255 2241/2812/2255
s 1
f 2241/2812/2256 2242/2811/2257 2290/2813/2258 2289/2814/2259
f 2242/2811/2257 2243/2810/2260 2291/2815/2261 2290/2813/2258
f 2243/2810/2260 2244/2809/2262 2292/2816/2263 2291/2815/2261
f 2244/2809/2262 2245/2808/2264 2293/2817/2265 2292/2816/2263
f 2245/2808/2264 2246/2807/2266 2294/2818/2267 2293/2817/2265
f 2246/2807/2266 2247/2806/2268 2295/2819/2269 2294/2818/2267
f 2247/2806/2268 2248/2805/2270 2296/2820/2271 2295/2819/2269
f 2248/2805/2270 2249/2804/2272 2297/2821/2273 2296/2820/2271
f 2249/2804/2272 2250/2803/2274 2298/2822/2275 2297/2821/2273
f 2250/2803/2274 2251/2802/2276 2299/2823/2277 2298/2822/2275
f 2251/2802/2276 2252/2801/2278 2300/2824/2279 2299/2823/2277
f 2252/2801/2278 2253/2800/2280 2301/2825/2281 2300/2824/2279
f 2253/2800/2280 2254/2799/2282 2302/2826/2283 2301/2825/2281
f 2254/2799/2282 2255/2798/2284 2303/2827/2285 2302/2826/2283
f 2255/2798/2284 2256/2797/2286 2304/2828/2287 2303/2827/2285
f 2256/2797/2286 2257/2796/2288 2305/2829/2289 2304/2828/2287
f 2257/2796/2288 2258/2795/2290 2306/2830/2291 2305/2829/2289
f 2258/2795/2290 2259/2794/2292 2307/2831/2293 2306/2830/2291
f 2259/2794/2292 2260/2793/2294 2308/2832/2295 2307/2831/2293
f 2260/2793/2294 2261/2792/2296 2309/2833/2297 2308/2832/2295
f 2261/2792/2296 2262/2791/2298 2310/2834/2299 2309/2833/2297
f 2262/2791/2298 2263/2790/2300 2311/2835/2301 2310/2834/2299
f 2263/2790/2300 2264/2789/2302 2312/2836/2303 2311/2835/2301
f 2264/2789/2302 2265/2788/2304 2313/2837/2305 2312/2836/2303
f 2265/2788/2304 2266/2787/2306 2314/2838/2307 2313/2837/2305
f 2266/2787/2306 2267/2786/2308 2315/2839/2309 2314/2838/2307
f 2267/2786/2308 2268/2785/2310 2316/2840/2311 2315/2839/2309
f 2268/2785/2310 2269/2784/2312 2317/2841/2313 2316/2840/2311
f 2269/2784/2312 2270/2783/2314 2318/2842/2315 2317/2841/2313
f 2270/2783/2314 2271/2782/2316 2319/2843/2317 2318/2842/2315
f 2271/2782/2316 2272/2781/2318 2320/2844/2319 2319/2843/2317
f 2272/2781/2318 2273/2780/2320 2321/2845/2321 2320/2844/2319
f 2273/2780/2320 2274/2779/2322 2322/2846/2323 2321/2845/2321
f 2274/2779/2322 2275/2778/2324 2323/2847/2325 2322/2846/2323
f 2275/2778/2324 2276/2777/2326 2324/2848/2327 2323/2847/2325
f 2276/2777/2326 2277/2776/2328 2325/2849/2329 2324/2848/2327
f 2277/2776/2328 2278/2775/2330 2326/2850/2331 2325/2849/2329
f 2278/2775/2330 2279/2774/2332 2327/2851/2333 2326/2850/2331
f 2279/2774/2332 2280/2773/2334 2328/2852/2335 2327/2851/2333
f 2280/2773/2334 2281/2772/2336 2329/2853/2337 2328/2852/2335
f 2281/2772/2336 2282/2771/2338 2330/2854/2339 2329/2853/2337
f 2282/2771/2338 2283/2770/2340 2331/2855/2341 2330/2854/2339
f 2283/2770/2340 2284/2769/2342 2332/2856/2343 2331/2855/2341
f 2284/2769/2342 2285/2768/2344 2333/2857/2345 2332/2856/2343
f 2285/2768/2344 2286/2767/2346 2334/2858/2347 2333/2857/2345
f 2286/2767/2346 2287/2766/2348 2335/2859/2349 2334/2858/2347
f 2287/2766/2348 2288/2765/2350 2336/2860/2351 2335/2859/2349
f 2288/2765/2350 2241/2812/2256 2289/2814/2259 2336/2860/2351
f 2289/2861/2259 2290/2862/2258 2338/2863/2352 2337/2864/2353
f 2290/2862/2258 2291/2865/2261 2339/2866/2354 2338/2863/2352
f 2291/2865/2261 2292/2867/2263 2340/2868/2355 2339/2866/2354
f 2292/2867/2263 2293/2869/2265 2341/2870/2356 2340/2868/2355
f 2293/2869/2265 2294/2871/2267 2342/2872/2357 2341/2870/2356
f 2294/2871/2267 2295/2873/2269 2343/2874/2358 2342/2872/2357
f 2295/2873/2269 2296/2875/2271 2344/2876/2359 2343/2874/2358
f 2296/2875/2271 2297/2877/2273 2345/2878/2360 2344/2876/2359
f 2297/2877/2273 2298/2879/2275 2346/2880/2361 2345/2878/2360
f 2298/2879/2275 2299/2881/2277 2347/2882/2362 2346/2880/2361
f 2299/2881/2277 2300/2883/2279 2348/2884/2363 2347/2882/2362
f 2300/2883/2279 2301/2885/2281 2349/2886/2364 2348/2884/2363
f 2301/2885/2281 2302/2887/2283 2350/2888/2365 2349/2886/2364
f 2302/2887/2283 2303/2889/2285 2351/2890/2366 2350/2888/2365
f 2303/2889/2285 2304/2891/2287 2352/2892/2367 2351/2890/2366
f 2304/2891/2287 2305/2893/2289 2353/2894/2368 2352/2892/2367
f 2305/2893/2289 2306/2895/2291 2354/2896/2369 2353/2894/2368
f 2306/2895/2291 2307/2897/2293 2355/2898/2370 2354/2896/2369
f 2307/2897/2293 2308/2899/2295 2356/2900/2371 2355/2898/2370
f 2308/2899/2295 2309/2901/2297 2357/2902/2372 2356/2900/2371
f 2309/2901/2297 2310/2903/2299 2358/2904/2373 2357/2902/2372
f 2310/2903/2299 2311/2905/2301 2359/2906/2374 2358/2904/2373
f 2311/2905/2301 2312/2907/2303 2360/2908/2375 2359/2906/2374
f 2312/2907/2303 2313/2909/2305 2361/2910/2376 2360/2908/2375
f 2313/2909/2305 2314/2911/2307 2362/2912/2377 2361/2910/2376
f 2314/2911/2307 2315/2913/2309 2363/2914/2378 2362/2912/2377
f 2315/2913/2309 2316/2915/2311 2364/2916/2379 2363/2914/2378
f 2316/2915/2311 2317/2917/2313 2365/2918/2380 2364/2916/2379
f 2317/2917/2313 2318/2919/2315 2366/2920/2381 2365/2918/2380
f 2318/2919/2315 2319/2921/2317 2367/2922/2382 2366/2920/2381
f 2319/2921/2317 2320/2923/2319 2368/2924/2383 2367/2922/2382
f 2320/2923/2319 2321/2925/2321 2369/2926/2384 2368/2924/2383
f 2321/2925/2321 2322/2927/2323 2370/2928/2385 2369/2926/2384
f 2322/2927/2323 2323/2929/2325 2371/2930/2386 2370/2928/2385
f 2323/2929/2325 2324/2931/2327 2372/2932/2387 2371/2930/2386
f 2324/2931/2327 2325/2933/2329 2373/2934/2388 2372/2932/2387
f 2325/2933/2329 2326/2935/2331 2374/2936/2389 2373/2934/2388
f 2326/2935/2331 2327/2937/2333 2375/2938/2390 2374/2936/2389
f 2327/2937/2333 2328/2939/2335 2376/2940/2391 2375/2938/2390
f 2328/2939/2335 2329/2941/2337 2377/2942/2392 2376/2940/2391
f 2329/2941/2337 2330/2943/2339 2378/2944/2393 2377/2942/2392
f 2330/2943/2339 2331/2945/2341 2379/2946/2394 2378/2944/2393
f 2331/2945/2341 2332/2947/2343 2380/2948/2395 2379/2946/2394
f 2332/2947/2343 2333/2949/2345 2381/2950/2396 2380/2948/2395
f 2333/2949/2345 2334/2951/2347 2382/2952/2397 2381/2950/2396
f 2334/2951/2347 2335/2953/2349 2383/2954/2398 2382/2952/2397
f 2335/2953/2349 2336/2955/2351 2384/2956/2399 2383/2954/2398
f 2336/2955/2351 2289/2861/2259 2337/2864/2353 2384/2956/2399
s 0
f 2337/2864/2400 2338/2863/2400 2339/2866/2400 2340/2868/2400 2341/2870/2400 2342/2872/2400 2343/2874/2400 2344/2876/2400 2345/2878/2400 2346/2880/2400 2347/2882/2400 2348/2884/2400 2349/2886/2400 2350/2888/2400 2351/2890/2400 2352/2892/2400 2353/2894/2400 2354/2896/2400 2355/2898/2400 2356/2900/2400 2357/2902/2400 2358/2904/2400 2359/2906/2400 2360/2908/2400 2361/2910/2400 2362/2912/2400 2363/2914/2400 2364/2916/2400 2365/2918/2400 2366/2920/2400 2367/2922/2400 2368/2924/2400 2369/2926/2400 2370/2928/2400 2371/2930/2400 2372/2932/2400 2373/2934/2400 2374/2936/2400 2375/2938/2400 2376/2940/2400 2377/2942/2400 2378/2944/2400 2379/2946/2400 2380/2948/2400 2381/2950/2400 2382/2952/2400 2383/2954/2400 2384/2956/2400
o Grip_moulded_rib_05.001
v 0.453000 0.016436 -0.052888
v 0.452904 0.014234 -0.053031
v 0.452617 0.012628 -0.053136
v 0.452141 0.011229 -0.053227
v 0.451478 0.009988 -0.053308
v 0.450633 0.008888 -0.053379
v 0.449610 0.007928 -0.053442
v 0.448412 0.007107 -0.053495
v 0.447041 0.006430 -0.053539
v 0.445492 0.005898 -0.053574
v 0.443748 0.005516 -0.053599
v 0.441746 0.005286 -0.053614
v 0.439000 0.005209 -0.053619
v 0.436254 0.005286 -0.053614
v 0.434252 0.005516 -0.053599
v 0.432508 0.005898 -0.053574
v 0.430959 0.006430 -0.053539
v 0.429588 0.007107 -0.053495
v 0.428390 0.007928 -0.053442
v 0.427367 0.008888 -0.053379
v 0.426522 0.009988 -0.053308
v 0.425859 0.011229 -0.053227
v 0.425383 0.012628 -0.053136
v 0.425096 0.014234 -0.053031
v 0.425000 0.016436 -0.052888
v 0.425096 0.018637 -0.052745
v 0.425383 0.020243 -0.052640
v 0.425859 0.021642 -0.052549
v 0.426522 0.022883 -0.052468
v 0.427367 0.023983 -0.052397
v 0.428390 0.024943 -0.052334
v 0.429588 0.025764 -0.052281
v 0.430959 0.026441 -0.052237
v 0.432508 0.026973 -0.052202
v 0.434252 0.027355 -0.052177
v 0.436254 0.027585 -0.052162
v 0.439000 0.027662 -0.052157
v 0.441746 0.027585 -0.052162
v 0.443748 0.027355 -0.052177
v 0.445492 0.026973 -0.052202
v 0.447041 0.026441 -0.052237
v 0.448412 0.025764 -0.052281
v 0.449610 0.024943 -0.052334
v 0.450633 0.023983 -0.052397
v 0.451478 0.022883 -0.052468
v 0.452141 0.021642 -0.052549
v 0.452617 0.020243 -0.052640
v 0.452904 0.018637 -0.052745
v 0.453650 0.016494 -0.053786
v 0.453550 0.014194 -0.053936
v 0.453249 0.012517 -0.054045
v 0.452751 0.011057 -0.054140
v 0.452058 0.009760 -0.054225
v 0.451173 0.008611 -0.054299
v 0.450103 0.007608 -0.054365
v 0.448849 0.006751 -0.054420
v 0.447414 0.006043 -0.054466
v 0.445794 0.005488 -0.054503
v 0.443969 0.005090 -0.054529
v 0.441873 0.004849 -0.054544
v 0.439000 0.004769 -0.054549
v 0.436127 0.004849 -0.054544
v 0.434031 0.005090 -0.054529
v 0.432206 0.005488 -0.054503
v 0.430586 0.006043 -0.054466
v 0.429151 0.006751 -0.054420
v 0.427897 0.007608 -0.054365
v 0.426827 0.008611 -0.054299
v 0.425942 0.009760 -0.054225
v 0.425249 0.011057 -0.054140
v 0.424751 0.012517 -0.054045
v 0.424450 0.014194 -0.053936
v 0.424350 0.016494 -0.053786
v 0.424450 0.018794 -0.053636
v 0.424751 0.020471 -0.053527
v 0.425249 0.021931 -0.053432
v 0.425942 0.023228 -0.053348
v 0.426827 0.024377 -0.053273
v 0.427897 0.025380 -0.053208
v 0.429151 0.026237 -0.053152
v 0.430586 0.026945 -0.053106
v 0.432206 0.027500 -0.053070
v 0.434031 0.027898 -0.053044
v 0.436127 0.028139 -0.053028
v 0.439000 0.028219 -0.053023
v 0.441873 0.028139 -0.053028
v 0.443969 0.027898 -0.053044
v 0.445794 0.027500 -0.053070
v 0.447414 0.026945 -0.053106
v 0.448849 0.026237 -0.053152
v 0.450103 0.025380 -0.053208
v 0.451173 0.024377 -0.053273
v 0.452058 0.023228 -0.053348
v 0.452751 0.021931 -0.053432
v 0.453249 0.020471 -0.053527
v 0.453550 0.018794 -0.053636
v 0.453000 0.016565 -0.054884
v 0.452904 0.014364 -0.055027
v 0.452617 0.012758 -0.055132
v 0.452141 0.011359 -0.055223
v 0.451478 0.010118 -0.055304
v 0.450633 0.009018 -0.055375
v 0.449610 0.008058 -0.055438
v 0.448412 0.007237 -0.055491
v 0.447041 0.006559 -0.055535
v 0.445492 0.006028 -0.055570
v 0.443748 0.005646 -0.055595
v 0.441746 0.005416 -0.055610
v 0.439000 0.005339 -0.055615
v 0.436254 0.005416 -0.055610
v 0.434252 0.005646 -0.055595
v 0.432508 0.006028 -0.055570
v 0.430959 0.006559 -0.055535
v 0.429588 0.007237 -0.055491
v 0.428390 0.008058 -0.055438
v 0.427367 0.009018 -0.055375
v 0.426522 0.010118 -0.055304
v 0.425859 0.011359 -0.055223
v 0.425383 0.012758 -0.055132
v 0.425096 0.014364 -0.055027
v 0.425000 0.016565 -0.054884
v 0.425096 0.018767 -0.054741
v 0.425383 0.020373 -0.054636
v 0.425859 0.021771 -0.054545
v 0.426522 0.023013 -0.054464
v 0.427367 0.024113 -0.054393
v 0.428390 0.025073 -0.054330
v 0.429588 0.025894 -0.054277
v 0.430959 0.026571 -0.054233
v 0.432508 0.027103 -0.054198
v 0.434252 0.027485 -0.054173
v 0.436254 0.027715 -0.054158
v 0.439000 0.027792 -0.054153
v 0.441746 0.027715 -0.054158
v 0.443748 0.027485 -0.054173
v 0.445492 0.027103 -0.054198
v 0.447041 0.026571 -0.054233
v 0.448412 0.025894 -0.054277
v 0.449610 0.025073 -0.054330
v 0.450633 0.024113 -0.054393
v 0.451478 0.023013 -0.054464
v 0.452141 0.021771 -0.054545
v 0.452617 0.020373 -0.054636
v 0.452904 0.018767 -0.054741
vn -0.0000 -0.0650 0.9979
vn 0.8107 -0.0380 0.5842
vn 0.8057 -0.1189 0.5802
vn 0.9950 -0.0998 -0.0065
vn 1.0000 -0.0000 -0.0000
vn 0.7839 -0.2367 0.5739
vn 0.9693 -0.2455 -0.0160
vn 0.7437 -0.3579 0.5646
vn 0.9184 -0.3948 -0.0257
vn 0.6845 -0.4771 0.5512
vn 0.8411 -0.5398 -0.0351
vn 0.6085 -0.5871 0.5340
vn 0.7412 -0.6699 -0.0436
vn 0.5198 -0.6824 0.5139
vn 0.6260 -0.7782 -0.0506
vn 0.4240 -0.7599 0.4928
vn 0.5041 -0.8618 -0.0561
vn 0.3260 -0.8188 0.4725
vn 0.3829 -0.9218 -0.0600
vn 0.2302 -0.8605 0.4546
vn 0.2675 -0.9615 -0.0626
vn 0.1401 -0.8868 0.4404
vn 0.1614 -0.9848 -0.0641
vn 0.0564 -0.9006 0.4309
vn 0.0646 -0.9958 -0.0648
vn -0.0000 -0.9038 0.4279
vn -0.0000 -0.9979 -0.0649
vn -0.0564 -0.9006 0.4309
vn -0.0646 -0.9958 -0.0648
vn -0.1400 -0.8868 0.4404
vn -0.1614 -0.9848 -0.0641
vn -0.2302 -0.8604 0.4546
vn -0.2675 -0.9615 -0.0626
vn -0.3260 -0.8189 0.4725
vn -0.3829 -0.9218 -0.0600
vn -0.4240 -0.7599 0.4928
vn -0.5041 -0.8618 -0.0561
vn -0.5199 -0.6823 0.5139
vn -0.6260 -0.7782 -0.0506
vn -0.6085 -0.5871 0.5340
vn -0.7412 -0.6699 -0.0436
vn -0.6845 -0.4770 0.5512
vn -0.8411 -0.5398 -0.0351
vn -0.7437 -0.3579 0.5646
vn -0.9184 -0.3948 -0.0257
vn -0.7839 -0.2367 0.5739
vn -0.9693 -0.2455 -0.0160
vn -0.8057 -0.1189 0.5802
vn -0.9950 -0.0998 -0.0065
vn -0.8107 -0.0380 0.5842
vn -1.0000 -0.0000 -0.0000
vn -0.8057 0.0426 0.5907
vn -0.9950 0.0997 0.0065
vn -0.7839 0.1603 0.5998
vn -0.9693 0.2455 0.0160
vn -0.7437 0.2816 0.6063
vn -0.9184 0.3948 0.0257
vn -0.6845 0.4016 0.6084
vn -0.8411 0.5398 0.0351
vn -0.6085 0.5129 0.6056
vn -0.7412 0.6699 0.0436
vn -0.5198 0.6100 0.5981
vn -0.6260 0.7782 0.0507
vn -0.4239 0.6896 0.5872
vn -0.5041 0.8618 0.0561
vn -0.3260 0.7507 0.5746
vn -0.3829 0.9218 0.0600
vn -0.2302 0.7943 0.5623
vn -0.2675 0.9615 0.0626
vn -0.1401 0.8222 0.5517
vn -0.1614 0.9848 0.0641
vn -0.0564 0.8372 0.5440
vn -0.0646 0.9958 0.0648
vn -0.0000 0.8407 0.5415
vn -0.0000 0.9979 0.0650
vn 0.0564 0.8372 0.5440
vn 0.0646 0.9958 0.0648
vn 0.1401 0.8222 0.5517
vn 0.1614 0.9848 0.0641
vn 0.2302 0.7943 0.5623
vn 0.2675 0.9615 0.0626
vn 0.3260 0.7507 0.5746
vn 0.3829 0.9218 0.0600
vn 0.4240 0.6896 0.5872
vn 0.5041 0.8618 0.0561
vn 0.5198 0.6100 0.5981
vn 0.6260 0.7782 0.0507
vn 0.6085 0.5129 0.6056
vn 0.7412 0.6699 0.0436
vn 0.6845 0.4016 0.6084
vn 0.8411 0.5398 0.0351
vn 0.7437 0.2816 0.6062
vn 0.9184 0.3948 0.0257
vn 0.7839 0.1603 0.5998
vn 0.9693 0.2455 0.0160
vn 0.8057 0.0426 0.5907
vn 0.9950 0.0998 0.0065
vn 0.8559 -0.0527 -0.5144
vn 0.8610 0.0330 -0.5076
vn 0.8330 -0.1778 -0.5240
vn 0.7900 -0.3065 -0.5310
vn 0.7262 -0.4333 -0.5337
vn 0.6442 -0.5501 -0.5314
vn 0.5488 -0.6509 -0.5246
vn 0.4461 -0.7323 -0.5145
vn 0.3419 -0.7939 -0.5029
vn 0.2408 -0.8370 -0.4914
vn 0.1463 -0.8641 -0.4816
vn 0.0587 -0.8783 -0.4745
vn -0.0000 -0.8815 -0.4721
vn -0.0587 -0.8783 -0.4745
vn -0.1461 -0.8642 -0.4815
vn -0.2408 -0.8370 -0.4914
vn -0.3419 -0.7939 -0.5029
vn -0.4461 -0.7323 -0.5145
vn -0.5487 -0.6509 -0.5246
vn -0.6442 -0.5501 -0.5314
vn -0.7262 -0.4334 -0.5337
vn -0.7900 -0.3065 -0.5309
vn -0.8330 -0.1778 -0.5240
vn -0.8559 -0.0527 -0.5144
vn -0.8610 0.0330 -0.5076
vn -0.8559 0.1189 -0.5033
vn -0.8330 0.2442 -0.4965
vn -0.7900 0.3728 -0.4867
vn -0.7262 0.4989 -0.4730
vn -0.6442 0.6144 -0.4556
vn -0.5488 0.7134 -0.4358
vn -0.4461 0.7928 -0.4152
vn -0.3419 0.8524 -0.3957
vn -0.2407 0.8937 -0.3787
vn -0.1461 0.9193 -0.3655
vn -0.0587 0.9324 -0.3566
vn -0.0000 0.9353 -0.3538
vn 0.0587 0.9324 -0.3566
vn 0.1461 0.9193 -0.3655
vn 0.2408 0.8936 -0.3787
vn 0.3419 0.8524 -0.3957
vn 0.4461 0.7928 -0.4152
vn 0.5488 0.7134 -0.4358
vn 0.6442 0.6144 -0.4556
vn 0.7262 0.4989 -0.4730
vn 0.7901 0.3727 -0.4867
vn 0.8330 0.2442 -0.4965
vn 0.8559 0.1190 -0.5033
vn -0.0000 0.0650 -0.9979
vt 0.664083 0.803048
vt 0.668426 0.803698
vt 0.672227 0.804872
vt 0.675619 0.806558
vt 0.678642 0.808745
vt 0.681305 0.811421
vt 0.683603 0.814576
vt 0.685530 0.818208
vt 0.687077 0.822328
vt 0.688236 0.826983
vt 0.689006 0.832344
vt 0.689420 0.839714
vt 0.689419 0.847095
vt 0.688950 0.852490
vt 0.688053 0.857203
vt 0.686740 0.861403
vt 0.685019 0.865137
vt 0.682901 0.868416
vt 0.680392 0.871237
vt 0.677496 0.873590
vt 0.674204 0.875463
vt 0.670475 0.876848
vt 0.666175 0.877740
vt 0.660256 0.878163
vt 0.654322 0.878072
vt 0.649979 0.877422
vt 0.646179 0.876248
vt 0.642787 0.874562
vt 0.639763 0.872375
vt 0.637101 0.869699
vt 0.634802 0.866544
vt 0.632875 0.862912
vt 0.631329 0.858792
vt 0.630170 0.854136
vt 0.629399 0.848776
vt 0.628986 0.841406
vt 0.628986 0.834025
vt 0.629455 0.828630
vt 0.630352 0.823916
vt 0.631665 0.819717
vt 0.633386 0.815983
vt 0.635504 0.812704
vt 0.638013 0.809883
vt 0.640909 0.807530
vt 0.644201 0.805657
vt 0.647930 0.804272
vt 0.652230 0.803380
vt 0.658149 0.802957
vt 0.651918 0.801654
vt 0.658100 0.801211
vt 0.647427 0.802587
vt 0.643533 0.804036
vt 0.640094 0.805996
vt 0.637069 0.808457
vt 0.634449 0.811409
vt 0.632237 0.814840
vt 0.630440 0.818748
vt 0.629069 0.823142
vt 0.628132 0.828074
vt 0.627643 0.833720
vt 0.627643 0.841444
vt 0.628075 0.849156
vt 0.628880 0.854765
vt 0.630091 0.859637
vt 0.631706 0.863948
vt 0.633719 0.867749
vt 0.636120 0.871051
vt 0.638901 0.873851
vt 0.642059 0.876140
vt 0.645602 0.877904
vt 0.649571 0.879133
vt 0.654107 0.879813
vt 0.660305 0.879909
vt 0.666487 0.879466
vt 0.670978 0.878533
vt 0.674873 0.877084
vt 0.678311 0.875124
vt 0.681336 0.872663
vt 0.683956 0.869711
vt 0.686168 0.866279
vt 0.687965 0.862372
vt 0.689337 0.857978
vt 0.690273 0.853046
vt 0.690763 0.847400
vt 0.690763 0.839676
vt 0.690330 0.831964
vt 0.689525 0.826355
vt 0.688314 0.821483
vt 0.686699 0.817172
vt 0.684686 0.813371
vt 0.682285 0.810069
vt 0.679504 0.807269
vt 0.676347 0.804980
vt 0.672804 0.803216
vt 0.668834 0.801987
vt 0.664298 0.801307
vt 0.744438 0.879909
vt 0.738241 0.879813
vt 0.738455 0.878071
vt 0.744389 0.878163
vt 0.733704 0.879132
vt 0.734112 0.877421
vt 0.729735 0.877904
vt 0.730312 0.876248
vt 0.726192 0.876139
vt 0.726920 0.874562
vt 0.723034 0.873851
vt 0.723897 0.872375
vt 0.720253 0.871051
vt 0.721234 0.869699
vt 0.717852 0.867748
vt 0.718935 0.866543
vt 0.715840 0.863948
vt 0.717009 0.862912
vt 0.714224 0.859637
vt 0.715462 0.858792
vt 0.713013 0.854765
vt 0.714303 0.854136
vt 0.712209 0.849156
vt 0.713533 0.848776
vt 0.711776 0.841444
vt 0.713119 0.841406
vt 0.711776 0.833720
vt 0.713120 0.834025
vt 0.712266 0.828074
vt 0.713588 0.828630
vt 0.713202 0.823142
vt 0.714485 0.823916
vt 0.714574 0.818748
vt 0.715799 0.819717
vt 0.716370 0.814840
vt 0.717519 0.815983
vt 0.718583 0.811409
vt 0.719638 0.812703
vt 0.721203 0.808457
vt 0.722146 0.809883
vt 0.724227 0.805996
vt 0.725042 0.807530
vt 0.727666 0.804036
vt 0.728335 0.805657
vt 0.731560 0.802587
vt 0.732063 0.804272
vt 0.736051 0.801654
vt 0.736363 0.803380
vt 0.742234 0.801211
vt 0.742283 0.802957
vt 0.748431 0.801307
vt 0.748216 0.803048
vt 0.752968 0.801987
vt 0.752560 0.803698
vt 0.756937 0.803216
vt 0.756360 0.804872
vt 0.760480 0.804980
vt 0.759752 0.806558
vt 0.763637 0.807269
vt 0.762775 0.808745
vt 0.766418 0.810069
vt 0.765438 0.811421
vt 0.768819 0.813371
vt 0.767736 0.814576
vt 0.770832 0.817172
vt 0.769663 0.818208
vt 0.772448 0.821482
vt 0.771210 0.822327
vt 0.773659 0.826355
vt 0.772369 0.826983
vt 0.774463 0.831964
vt 0.773139 0.832344
vt 0.774896 0.839676
vt 0.773553 0.839713
vt 0.774896 0.847400
vt 0.773552 0.847095
vt 0.774406 0.853045
vt 0.773083 0.852490
vt 0.773470 0.857978
vt 0.772187 0.857203
vt 0.772098 0.862372
vt 0.770873 0.861403
vt 0.770301 0.866279
vt 0.769153 0.865137
vt 0.768089 0.869711
vt 0.767034 0.868416
vt 0.765469 0.872662
vt 0.764526 0.871237
vt 0.762445 0.875124
vt 0.761630 0.873589
vt 0.759006 0.877084
vt 0.758337 0.875463
vt 0.755112 0.878533
vt 0.754609 0.876847
vt 0.750621 0.879466
vt 0.750309 0.877739
s 0
usemtl 05_|_charcoal_anti_vibration_rubber
f 2432/2957/2401 2431/2958/2401 2430/2959/2401 2429/2960/2401 2428/2961/2401 2427/2962/2401 2426/2963/2401 2425/2964/2401 2424/2965/2401 2423/2966/2401 2422/2967/2401 2421/2968/2401 2420/2969/2401 2419/2970/2401 2418/2971/2401 2417/2972/2401 2416/2973/2401 2415/2974/2401 2414/2975/2401 2413/2976/2401 2412/2977/2401 2411/2978/2401 2410/2979/2401 2409/2980/2401 2408/2981/2401 2407/2982/2401 2406/2983/2401 2405/2984/2401 2404/2985/2401 2403/2986/2401 2402/2987/2401 2401/2988/2401 2400/2989/2401 2399/2990/2401 2398/2991/2401 2397/2992/2401 2396/2993/2401 2395/2994/2401 2394/2995/2401 2393/2996/2401 2392/2997/2401 2391/2998/2401 2390/2999/2401 2389/3000/2401 2388/3001/2401 2387/3002/2401 2386/3003/2401 2385/3004/2401
s 1
f 2385/3004/2402 2386/3003/2403 2434/3005/2404 2433/3006/2405
f 2386/3003/2403 2387/3002/2406 2435/3007/2407 2434/3005/2404
f 2387/3002/2406 2388/3001/2408 2436/3008/2409 2435/3007/2407
f 2388/3001/2408 2389/3000/2410 2437/3009/2411 2436/3008/2409
f 2389/3000/2410 2390/2999/2412 2438/3010/2413 2437/3009/2411
f 2390/2999/2412 2391/2998/2414 2439/3011/2415 2438/3010/2413
f 2391/2998/2414 2392/2997/2416 2440/3012/2417 2439/3011/2415
f 2392/2997/2416 2393/2996/2418 2441/3013/2419 2440/3012/2417
f 2393/2996/2418 2394/2995/2420 2442/3014/2421 2441/3013/2419
f 2394/2995/2420 2395/2994/2422 2443/3015/2423 2442/3014/2421
f 2395/2994/2422 2396/2993/2424 2444/3016/2425 2443/3015/2423
f 2396/2993/2424 2397/2992/2426 2445/3017/2427 2444/3016/2425
f 2397/2992/2426 2398/2991/2428 2446/3018/2429 2445/3017/2427
f 2398/2991/2428 2399/2990/2430 2447/3019/2431 2446/3018/2429
f 2399/2990/2430 2400/2989/2432 2448/3020/2433 2447/3019/2431
f 2400/2989/2432 2401/2988/2434 2449/3021/2435 2448/3020/2433
f 2401/2988/2434 2402/2987/2436 2450/3022/2437 2449/3021/2435
f 2402/2987/2436 2403/2986/2438 2451/3023/2439 2450/3022/2437
f 2403/2986/2438 2404/2985/2440 2452/3024/2441 2451/3023/2439
f 2404/2985/2440 2405/2984/2442 2453/3025/2443 2452/3024/2441
f 2405/2984/2442 2406/2983/2444 2454/3026/2445 2453/3025/2443
f 2406/2983/2444 2407/2982/2446 2455/3027/2447 2454/3026/2445
f 2407/2982/2446 2408/2981/2448 2456/3028/2449 2455/3027/2447
f 2408/2981/2448 2409/2980/2450 2457/3029/2451 2456/3028/2449
f 2409/2980/2450 2410/2979/2452 2458/3030/2453 2457/3029/2451
f 2410/2979/2452 2411/2978/2454 2459/3031/2455 2458/3030/2453
f 2411/2978/2454 2412/2977/2456 2460/3032/2457 2459/3031/2455
f 2412/2977/2456 2413/2976/2458 2461/3033/2459 2460/3032/2457
f 2413/2976/2458 2414/2975/2460 2462/3034/2461 2461/3033/2459
f 2414/2975/2460 2415/2974/2462 2463/3035/2463 2462/3034/2461
f 2415/2974/2462 2416/2973/2464 2464/3036/2465 2463/3035/2463
f 2416/2973/2464 2417/2972/2466 2465/3037/2467 2464/3036/2465
f 2417/2972/2466 2418/2971/2468 2466/3038/2469 2465/3037/2467
f 2418/2971/2468 2419/2970/2470 2467/3039/2471 2466/3038/2469
f 2419/2970/2470 2420/2969/2472 2468/3040/2473 2467/3039/2471
f 2420/2969/2472 2421/2968/2474 2469/3041/2475 2468/3040/2473
f 2421/2968/2474 2422/2967/2476 2470/3042/2477 2469/3041/2475
f 2422/2967/2476 2423/2966/2478 2471/3043/2479 2470/3042/2477
f 2423/2966/2478 2424/2965/2480 2472/3044/2481 2471/3043/2479
f 2424/2965/2480 2425/2964/2482 2473/3045/2483 2472/3044/2481
f 2425/2964/2482 2426/2963/2484 2474/3046/2485 2473/3045/2483
f 2426/2963/2484 2427/2962/2486 2475/3047/2487 2474/3046/2485
f 2427/2962/2486 2428/2961/2488 2476/3048/2489 2475/3047/2487
f 2428/2961/2488 2429/2960/2490 2477/3049/2491 2476/3048/2489
f 2429/2960/2490 2430/2959/2492 2478/3050/2493 2477/3049/2491
f 2430/2959/2492 2431/2958/2494 2479/3051/2495 2478/3050/2493
f 2431/2958/2494 2432/2957/2496 2480/3052/2497 2479/3051/2495
f 2432/2957/2496 2385/3004/2402 2433/3006/2405 2480/3052/2497
f 2433/3053/2405 2434/3054/2404 2482/3055/2498 2481/3056/2499
f 2434/3054/2404 2435/3057/2407 2483/3058/2500 2482/3055/2498
f 2435/3057/2407 2436/3059/2409 2484/3060/2501 2483/3058/2500
f 2436/3059/2409 2437/3061/2411 2485/3062/2502 2484/3060/2501
f 2437/3061/2411 2438/3063/2413 2486/3064/2503 2485/3062/2502
f 2438/3063/2413 2439/3065/2415 2487/3066/2504 2486/3064/2503
f 2439/3065/2415 2440/3067/2417 2488/3068/2505 2487/3066/2504
f 2440/3067/2417 2441/3069/2419 2489/3070/2506 2488/3068/2505
f 2441/3069/2419 2442/3071/2421 2490/3072/2507 2489/3070/2506
f 2442/3071/2421 2443/3073/2423 2491/3074/2508 2490/3072/2507
f 2443/3073/2423 2444/3075/2425 2492/3076/2509 2491/3074/2508
f 2444/3075/2425 2445/3077/2427 2493/3078/2510 2492/3076/2509
f 2445/3077/2427 2446/3079/2429 2494/3080/2511 2493/3078/2510
f 2446/3079/2429 2447/3081/2431 2495/3082/2512 2494/3080/2511
f 2447/3081/2431 2448/3083/2433 2496/3084/2513 2495/3082/2512
f 2448/3083/2433 2449/3085/2435 2497/3086/2514 2496/3084/2513
f 2449/3085/2435 2450/3087/2437 2498/3088/2515 2497/3086/2514
f 2450/3087/2437 2451/3089/2439 2499/3090/2516 2498/3088/2515
f 2451/3089/2439 2452/3091/2441 2500/3092/2517 2499/3090/2516
f 2452/3091/2441 2453/3093/2443 2501/3094/2518 2500/3092/2517
f 2453/3093/2443 2454/3095/2445 2502/3096/2519 2501/3094/2518
f 2454/3095/2445 2455/3097/2447 2503/3098/2520 2502/3096/2519
f 2455/3097/2447 2456/3099/2449 2504/3100/2521 2503/3098/2520
f 2456/3099/2449 2457/3101/2451 2505/3102/2522 2504/3100/2521
f 2457/3101/2451 2458/3103/2453 2506/3104/2523 2505/3102/2522
f 2458/3103/2453 2459/3105/2455 2507/3106/2524 2506/3104/2523
f 2459/3105/2455 2460/3107/2457 2508/3108/2525 2507/3106/2524
f 2460/3107/2457 2461/3109/2459 2509/3110/2526 2508/3108/2525
f 2461/3109/2459 2462/3111/2461 2510/3112/2527 2509/3110/2526
f 2462/3111/2461 2463/3113/2463 2511/3114/2528 2510/3112/2527
f 2463/3113/2463 2464/3115/2465 2512/3116/2529 2511/3114/2528
f 2464/3115/2465 2465/3117/2467 2513/3118/2530 2512/3116/2529
f 2465/3117/2467 2466/3119/2469 2514/3120/2531 2513/3118/2530
f 2466/3119/2469 2467/3121/2471 2515/3122/2532 2514/3120/2531
f 2467/3121/2471 2468/3123/2473 2516/3124/2533 2515/3122/2532
f 2468/3123/2473 2469/3125/2475 2517/3126/2534 2516/3124/2533
f 2469/3125/2475 2470/3127/2477 2518/3128/2535 2517/3126/2534
f 2470/3127/2477 2471/3129/2479 2519/3130/2536 2518/3128/2535
f 2471/3129/2479 2472/3131/2481 2520/3132/2537 2519/3130/2536
f 2472/3131/2481 2473/3133/2483 2521/3134/2538 2520/3132/2537
f 2473/3133/2483 2474/3135/2485 2522/3136/2539 2521/3134/2538
f 2474/3135/2485 2475/3137/2487 2523/3138/2540 2522/3136/2539
f 2475/3137/2487 2476/3139/2489 2524/3140/2541 2523/3138/2540
f 2476/3139/2489 2477/3141/2491 2525/3142/2542 2524/3140/2541
f 2477/3141/2491 2478/3143/2493 2526/3144/2543 2525/3142/2542
f 2478/3143/2493 2479/3145/2495 2527/3146/2544 2526/3144/2543
f 2479/3145/2495 2480/3147/2497 2528/3148/2545 2527/3146/2544
f 2480/3147/2497 2433/3053/2405 2481/3056/2499 2528/3148/2545
s 0
f 2481/3056/2546 2482/3055/2546 2483/3058/2546 2484/3060/2546 2485/3062/2546 2486/3064/2546 2487/3066/2546 2488/3068/2546 2489/3070/2546 2490/3072/2546 2491/3074/2546 2492/3076/2546 2493/3078/2546 2494/3080/2546 2495/3082/2546 2496/3084/2546 2497/3086/2546 2498/3088/2546 2499/3090/2546 2500/3092/2546 2501/3094/2546 2502/3096/2546 2503/3098/2546 2504/3100/2546 2505/3102/2546 2506/3104/2546 2507/3106/2546 2508/3108/2546 2509/3110/2546 2510/3112/2546 2511/3114/2546 2512/3116/2546 2513/3118/2546 2514/3120/2546 2515/3122/2546 2516/3124/2546 2517/3126/2546 2518/3128/2546 2519/3130/2546 2520/3132/2546 2521/3134/2546 2522/3136/2546 2523/3138/2546 2524/3140/2546 2525/3142/2546 2526/3144/2546 2527/3146/2546 2528/3148/2546
o Grip_moulded_rib_06.001
v 0.452800 0.016890 -0.059873
v 0.452705 0.014718 -0.060015
v 0.452423 0.013134 -0.060118
v 0.451953 0.011754 -0.060208
v 0.451300 0.010528 -0.060287
v 0.450467 0.009444 -0.060358
v 0.449458 0.008496 -0.060420
v 0.448278 0.007686 -0.060472
v 0.446926 0.007018 -0.060516
v 0.445400 0.006493 -0.060550
v 0.443680 0.006117 -0.060575
v 0.441707 0.005889 -0.060589
v 0.439000 0.005814 -0.060594
v 0.436293 0.005889 -0.060589
v 0.434320 0.006117 -0.060575
v 0.432600 0.006493 -0.060550
v 0.431074 0.007018 -0.060516
v 0.429722 0.007686 -0.060472
v 0.428542 0.008496 -0.060420
v 0.427533 0.009444 -0.060358
v 0.426700 0.010528 -0.060287
v 0.426047 0.011754 -0.060208
v 0.425577 0.013134 -0.060118
v 0.425295 0.014718 -0.060015
v 0.425200 0.016890 -0.059873
v 0.425295 0.019063 -0.059732
v 0.425577 0.020647 -0.059629
v 0.426047 0.022027 -0.059539
v 0.426700 0.023252 -0.059459
v 0.427533 0.024337 -0.059389
v 0.428542 0.025285 -0.059327
v 0.429722 0.026094 -0.059274
v 0.431074 0.026763 -0.059231
v 0.432600 0.027287 -0.059197
v 0.434320 0.027664 -0.059172
v 0.436293 0.027891 -0.059157
v 0.439000 0.027967 -0.059152
v 0.441707 0.027891 -0.059157
v 0.443680 0.027664 -0.059172
v 0.445400 0.027287 -0.059197
v 0.446926 0.026763 -0.059231
v 0.448278 0.026094 -0.059274
v 0.449458 0.025285 -0.059327
v 0.450467 0.024337 -0.059389
v 0.451300 0.023252 -0.059459
v 0.451953 0.022027 -0.059539
v 0.452423 0.020647 -0.059629
v 0.452705 0.019063 -0.059732
v 0.453450 0.016949 -0.060771
v 0.453351 0.014678 -0.060919
v 0.453055 0.013023 -0.061027
v 0.452563 0.011581 -0.061121
v 0.451879 0.010300 -0.061204
v 0.451007 0.009167 -0.061278
v 0.449951 0.008176 -0.061342
v 0.448715 0.007330 -0.061397
v 0.447299 0.006631 -0.061443
v 0.445701 0.006084 -0.061479
v 0.443901 0.005690 -0.061504
v 0.441834 0.005452 -0.061520
v 0.439000 0.005373 -0.061525
v 0.436166 0.005452 -0.061520
v 0.434099 0.005690 -0.061504
v 0.432299 0.006084 -0.061479
v 0.430701 0.006631 -0.061443
v 0.429285 0.007330 -0.061397
v 0.428049 0.008176 -0.061342
v 0.426993 0.009167 -0.061278
v 0.426121 0.010300 -0.061204
v 0.425437 0.011581 -0.061121
v 0.424945 0.013023 -0.061027
v 0.424649 0.014678 -0.060919
v 0.424550 0.016949 -0.060771
v 0.424649 0.019219 -0.060624
v 0.424945 0.020875 -0.060516
v 0.425437 0.022317 -0.060422
v 0.426121 0.023597 -0.060339
v 0.426993 0.024731 -0.060265
v 0.428049 0.025721 -0.060200
v 0.429285 0.026567 -0.060145
v 0.430701 0.027266 -0.060100
v 0.432299 0.027814 -0.060064
v 0.434099 0.028208 -0.060039
v 0.436166 0.028445 -0.060023
v 0.439000 0.028524 -0.060018
v 0.441834 0.028445 -0.060023
v 0.443901 0.028208 -0.060039
v 0.445701 0.027814 -0.060064
v 0.447299 0.027266 -0.060100
v 0.448715 0.026567 -0.060145
v 0.449951 0.025721 -0.060200
v 0.451007 0.024731 -0.060265
v 0.451879 0.023597 -0.060339
v 0.452563 0.022317 -0.060422
v 0.453055 0.020875 -0.060516
v 0.453351 0.019219 -0.060624
v 0.452800 0.017020 -0.061869
v 0.452705 0.014848 -0.062010
v 0.452423 0.013263 -0.062114
v 0.451953 0.011883 -0.062203
v 0.451300 0.010658 -0.062283
v 0.450467 0.009573 -0.062354
v 0.449458 0.008626 -0.062415
v 0.448278 0.007816 -0.062468
v 0.446926 0.007148 -0.062512
v 0.445400 0.006623 -0.062546
v 0.443680 0.006247 -0.062570
v 0.441707 0.006019 -0.062585
v 0.439000 0.005944 -0.062590
v 0.436293 0.006019 -0.062585
v 0.434320 0.006247 -0.062570
v 0.432600 0.006623 -0.062546
v 0.431074 0.007148 -0.062512
v 0.429722 0.007816 -0.062468
v 0.428542 0.008626 -0.062415
v 0.427533 0.009573 -0.062354
v 0.426700 0.010658 -0.062283
v 0.426047 0.011883 -0.062203
v 0.425577 0.013263 -0.062114
v 0.425295 0.014848 -0.062010
v 0.425200 0.017020 -0.061869
v 0.425295 0.019193 -0.061728
v 0.425577 0.020777 -0.061625
v 0.426047 0.022157 -0.061535
v 0.426700 0.023382 -0.061455
v 0.427533 0.024467 -0.061384
v 0.428542 0.025415 -0.061323
v 0.429722 0.026224 -0.061270
v 0.431074 0.026893 -0.061226
v 0.432600 0.027417 -0.061192
v 0.434320 0.027794 -0.061168
v 0.436293 0.028021 -0.061153
v 0.439000 0.028097 -0.061148
v 0.441707 0.028021 -0.061153
v 0.443680 0.027794 -0.061168
v 0.445400 0.027417 -0.061192
v 0.446926 0.026893 -0.061226
v 0.448278 0.026224 -0.061270
v 0.449458 0.025415 -0.061323
v 0.450467 0.024467 -0.061384
v 0.451300 0.023382 -0.061455
v 0.451953 0.022157 -0.061535
v 0.452423 0.020777 -0.061625
v 0.452705 0.019193 -0.061728
vn -0.0000 -0.0650 0.9979
vn 0.8107 -0.0380 0.5842
vn 0.8058 -0.1188 0.5802
vn 0.9950 -0.0997 -0.0065
vn 1.0000 -0.0000 -0.0000
vn 0.7840 -0.2366 0.5740
vn 0.9693 -0.2453 -0.0159
vn 0.7438 -0.3576 0.5646
vn 0.9185 -0.3945 -0.0257
vn 0.6847 -0.4767 0.5513
vn 0.8413 -0.5394 -0.0351
vn 0.6087 -0.5868 0.5340
vn 0.7415 -0.6696 -0.0436
vn 0.5201 -0.6821 0.5140
vn 0.6264 -0.7779 -0.0506
vn 0.4243 -0.7597 0.4929
vn 0.5045 -0.8616 -0.0561
vn 0.3262 -0.8187 0.4725
vn 0.3832 -0.9217 -0.0600
vn 0.2304 -0.8604 0.4546
vn 0.2678 -0.9614 -0.0626
vn 0.1402 -0.8868 0.4404
vn 0.1616 -0.9848 -0.0641
vn 0.0564 -0.9006 0.4309
vn 0.0647 -0.9958 -0.0648
vn -0.0000 -0.9038 0.4279
vn -0.0000 -0.9979 -0.0649
vn -0.0564 -0.9006 0.4309
vn -0.0647 -0.9958 -0.0648
vn -0.1402 -0.8868 0.4404
vn -0.1616 -0.9848 -0.0641
vn -0.2304 -0.8604 0.4546
vn -0.2678 -0.9614 -0.0626
vn -0.3262 -0.8187 0.4725
vn -0.3832 -0.9217 -0.0600
vn -0.4243 -0.7597 0.4929
vn -0.5045 -0.8616 -0.0561
vn -0.5201 -0.6821 0.5140
vn -0.6264 -0.7779 -0.0506
vn -0.6087 -0.5868 0.5340
vn -0.7415 -0.6696 -0.0436
vn -0.6847 -0.4768 0.5513
vn -0.8413 -0.5394 -0.0351
vn -0.7438 -0.3576 0.5646
vn -0.9185 -0.3945 -0.0257
vn -0.7840 -0.2366 0.5740
vn -0.9693 -0.2453 -0.0159
vn -0.8058 -0.1188 0.5802
vn -0.9950 -0.0997 -0.0065
vn -0.8107 -0.0380 0.5842
vn -1.0000 -0.0000 -0.0000
vn -0.8058 0.0426 0.5907
vn -0.9950 0.0997 0.0065
vn -0.7840 0.1602 0.5998
vn -0.9693 0.2453 0.0160
vn -0.7438 0.2814 0.6062
vn -0.9185 0.3945 0.0257
vn -0.6847 0.4013 0.6084
vn -0.8413 0.5394 0.0351
vn -0.6087 0.5126 0.6056
vn -0.7415 0.6696 0.0436
vn -0.5201 0.6097 0.5981
vn -0.6264 0.7779 0.0506
vn -0.4243 0.6894 0.5872
vn -0.5045 0.8616 0.0561
vn -0.3262 0.7506 0.5747
vn -0.3832 0.9217 0.0600
vn -0.2304 0.7942 0.5623
vn -0.2678 0.9614 0.0626
vn -0.1402 0.8222 0.5517
vn -0.1616 0.9848 0.0641
vn -0.0564 0.8372 0.5440
vn -0.0647 0.9958 0.0648
vn -0.0000 0.8407 0.5415
vn -0.0000 0.9979 0.0650
vn 0.0564 0.8372 0.5440
vn 0.0647 0.9958 0.0648
vn 0.1402 0.8222 0.5517
vn 0.1616 0.9848 0.0641
vn 0.2304 0.7942 0.5623
vn 0.2678 0.9614 0.0626
vn 0.3262 0.7506 0.5747
vn 0.3832 0.9217 0.0600
vn 0.4242 0.6894 0.5872
vn 0.5045 0.8616 0.0561
vn 0.5201 0.6097 0.5981
vn 0.6264 0.7779 0.0507
vn 0.6087 0.5126 0.6056
vn 0.7415 0.6696 0.0436
vn 0.6847 0.4012 0.6084
vn 0.8413 0.5394 0.0351
vn 0.7438 0.2814 0.6062
vn 0.9185 0.3945 0.0257
vn 0.7840 0.1602 0.5998
vn 0.9693 0.2453 0.0160
vn 0.8058 0.0426 0.5907
vn 0.9950 0.0997 0.0065
vn 0.8559 -0.0526 -0.5144
vn 0.8610 0.0330 -0.5076
vn 0.8330 -0.1776 -0.5239
vn 0.7901 -0.3062 -0.5309
vn 0.7264 -0.4330 -0.5337
vn 0.6444 -0.5498 -0.5314
vn 0.5491 -0.6506 -0.5246
vn 0.4464 -0.7321 -0.5145
vn 0.3422 -0.7937 -0.5029
vn 0.2410 -0.8369 -0.4914
vn 0.1461 -0.8642 -0.4815
vn 0.0588 -0.8783 -0.4745
vn -0.0000 -0.8815 -0.4721
vn -0.0588 -0.8783 -0.4745
vn -0.1462 -0.8641 -0.4816
vn -0.2410 -0.8369 -0.4914
vn -0.3422 -0.7937 -0.5029
vn -0.4464 -0.7321 -0.5145
vn -0.5491 -0.6506 -0.5246
vn -0.6444 -0.5498 -0.5314
vn -0.7264 -0.4330 -0.5337
vn -0.7901 -0.3063 -0.5309
vn -0.8330 -0.1776 -0.5239
vn -0.8559 -0.0526 -0.5144
vn -0.8610 0.0330 -0.5076
vn -0.8559 0.1188 -0.5033
vn -0.8330 0.2440 -0.4965
vn -0.7901 0.3725 -0.4868
vn -0.7264 0.4985 -0.4730
vn -0.6444 0.6141 -0.4557
vn -0.5491 0.7131 -0.4359
vn -0.4464 0.7926 -0.4153
vn -0.3422 0.8522 -0.3958
vn -0.2410 0.8936 -0.3788
vn -0.1461 0.9193 -0.3655
vn -0.0588 0.9324 -0.3566
vn -0.0000 0.9353 -0.3539
vn 0.0588 0.9324 -0.3566
vn 0.1462 0.9193 -0.3655
vn 0.2410 0.8936 -0.3788
vn 0.3422 0.8522 -0.3958
vn 0.4464 0.7926 -0.4153
vn 0.5490 0.7131 -0.4359
vn 0.6444 0.6141 -0.4557
vn 0.7264 0.4985 -0.4730
vn 0.7902 0.3725 -0.4867
vn 0.8330 0.2440 -0.4965
vn 0.8559 0.1189 -0.5033
vn -0.0000 0.0650 -0.9979
vt 0.852875 0.511716
vt 0.857161 0.512357
vt 0.860910 0.513514
vt 0.864257 0.515175
vt 0.867240 0.517330
vt 0.869867 0.519968
vt 0.872135 0.523079
vt 0.874036 0.526658
vt 0.875562 0.530719
vt 0.876706 0.535308
vt 0.877466 0.540592
vt 0.877874 0.547856
vt 0.877873 0.555132
vt 0.877411 0.560450
vt 0.876526 0.565096
vt 0.875230 0.569236
vt 0.873532 0.572917
vt 0.871442 0.576150
vt 0.868967 0.578930
vt 0.866110 0.581249
vt 0.862861 0.583096
vt 0.859182 0.584461
vt 0.854940 0.585340
vt 0.849099 0.585758
vt 0.843244 0.585668
vt 0.838959 0.585028
vt 0.835210 0.583871
vt 0.831863 0.582209
vt 0.828880 0.580054
vt 0.826253 0.577416
vt 0.823985 0.574306
vt 0.822084 0.570726
vt 0.820558 0.566666
vt 0.819414 0.562076
vt 0.818654 0.556792
vt 0.818246 0.549528
vt 0.818246 0.542252
vt 0.818709 0.536934
vt 0.819594 0.532288
vt 0.820890 0.528148
vt 0.822588 0.524468
vt 0.824678 0.521235
vt 0.827153 0.518454
vt 0.830010 0.516135
vt 0.833259 0.514289
vt 0.836938 0.512924
vt 0.841180 0.512044
vt 0.847021 0.511626
vt 0.840868 0.510318
vt 0.846972 0.509880
vt 0.836435 0.511238
vt 0.832590 0.512668
vt 0.829195 0.514601
vt 0.826209 0.517029
vt 0.823623 0.519940
vt 0.821439 0.523325
vt 0.819665 0.527179
vt 0.818311 0.531514
vt 0.817386 0.536379
vt 0.816903 0.541947
vt 0.816903 0.549566
vt 0.817330 0.557172
vt 0.818124 0.562705
vt 0.819320 0.567511
vt 0.820915 0.571762
vt 0.822902 0.575511
vt 0.825272 0.578768
vt 0.828018 0.581530
vt 0.831135 0.583787
vt 0.834633 0.585527
vt 0.838551 0.586739
vt 0.843030 0.587410
vt 0.849148 0.587504
vt 0.855252 0.587067
vt 0.859685 0.586146
vt 0.863530 0.584717
vt 0.866925 0.582784
vt 0.869911 0.580356
vt 0.872497 0.577444
vt 0.874681 0.574059
vt 0.876455 0.570205
vt 0.877809 0.565871
vt 0.878734 0.561006
vt 0.879217 0.555437
vt 0.879217 0.547819
vt 0.878790 0.540212
vt 0.877996 0.534679
vt 0.876800 0.529874
vt 0.875205 0.525622
vt 0.873218 0.521874
vt 0.870848 0.518616
vt 0.868102 0.515854
vt 0.864985 0.513597
vt 0.861487 0.511857
vt 0.857569 0.510646
vt 0.853090 0.509975
vt 0.849148 0.678083
vt 0.843030 0.677989
vt 0.843244 0.676247
vt 0.849099 0.676337
vt 0.838551 0.677318
vt 0.838959 0.675607
vt 0.834633 0.676106
vt 0.835209 0.674450
vt 0.831135 0.674366
vt 0.831863 0.672788
vt 0.828018 0.672109
vt 0.828880 0.670633
vt 0.825272 0.669347
vt 0.826253 0.667996
vt 0.822902 0.666090
vt 0.823985 0.664885
vt 0.820915 0.662341
vt 0.822084 0.661305
vt 0.819320 0.658090
vt 0.820558 0.657245
vt 0.818124 0.653284
vt 0.819414 0.652655
vt 0.817330 0.647751
vt 0.818654 0.647371
vt 0.816903 0.640145
vt 0.818246 0.640107
vt 0.816903 0.632526
vt 0.818246 0.632831
vt 0.817386 0.626958
vt 0.818709 0.627513
vt 0.818311 0.622093
vt 0.819594 0.622867
vt 0.819665 0.617758
vt 0.820890 0.618728
vt 0.821439 0.613904
vt 0.822587 0.615047
vt 0.823623 0.610519
vt 0.824678 0.611814
vt 0.826209 0.607608
vt 0.827153 0.609033
vt 0.829195 0.605180
vt 0.830010 0.606714
vt 0.832590 0.603247
vt 0.833259 0.604868
vt 0.836435 0.601817
vt 0.836938 0.603503
vt 0.840868 0.600897
vt 0.841180 0.602623
vt 0.846972 0.600460
vt 0.847021 0.602205
vt 0.853090 0.600554
vt 0.852875 0.602295
vt 0.857569 0.601225
vt 0.857161 0.602936
vt 0.861487 0.602436
vt 0.860910 0.604093
vt 0.864985 0.604177
vt 0.864257 0.605754
vt 0.868102 0.606433
vt 0.867240 0.607910
vt 0.870848 0.609195
vt 0.869867 0.610547
vt 0.873218 0.612453
vt 0.872135 0.613658
vt 0.875205 0.616201
vt 0.874036 0.617238
vt 0.876800 0.620453
vt 0.875562 0.621298
vt 0.877995 0.625259
vt 0.876706 0.625887
vt 0.878790 0.630791
vt 0.877466 0.631171
vt 0.879217 0.638398
vt 0.877874 0.638435
vt 0.879217 0.646016
vt 0.877873 0.645711
vt 0.878734 0.651585
vt 0.877411 0.651029
vt 0.877809 0.656450
vt 0.876526 0.655676
vt 0.876455 0.660784
vt 0.875230 0.659815
vt 0.874681 0.664638
vt 0.873532 0.663496
vt 0.872497 0.668023
vt 0.871442 0.666729
vt 0.869911 0.670935
vt 0.868967 0.669509
vt 0.866925 0.673363
vt 0.866110 0.671828
vt 0.863530 0.675296
vt 0.862861 0.673675
vt 0.859685 0.676725
vt 0.859182 0.675040
vt 0.855252 0.677646
vt 0.854940 0.675919
s 0
usemtl 05_|_charcoal_anti_vibration_rubber
f 2576/3149/2547 2575/3150/2547 2574/3151/2547 2573/3152/2547 2572/3153/2547 2571/3154/2547 2570/3155/2547 2569/3156/2547 2568/3157/2547 2567/3158/2547 2566/3159/2547 2565/3160/2547 2564/3161/2547 2563/3162/2547 2562/3163/2547 2561/3164/2547 2560/3165/2547 2559/3166/2547 2558/3167/2547 2557/3168/2547 2556/3169/2547 2555/3170/2547 2554/3171/2547 2553/3172/2547 2552/3173/2547 2551/3174/2547 2550/3175/2547 2549/3176/2547 2548/3177/2547 2547/3178/2547 2546/3179/2547 2545/3180/2547 2544/3181/2547 2543/3182/2547 2542/3183/2547 2541/3184/2547 2540/3185/2547 2539/3186/2547 2538/3187/2547 2537/3188/2547 2536/3189/2547 2535/3190/2547 2534/3191/2547 2533/3192/2547 2532/3193/2547 2531/3194/2547 2530/3195/2547 2529/3196/2547
s 1
f 2529/3196/2548 2530/3195/2549 2578/3197/2550 2577/3198/2551
f 2530/3195/2549 2531/3194/2552 2579/3199/2553 2578/3197/2550
f 2531/3194/2552 2532/3193/2554 2580/3200/2555 2579/3199/2553
f 2532/3193/2554 2533/3192/2556 2581/3201/2557 2580/3200/2555
f 2533/3192/2556 2534/3191/2558 2582/3202/2559 2581/3201/2557
f 2534/3191/2558 2535/3190/2560 2583/3203/2561 2582/3202/2559
f 2535/3190/2560 2536/3189/2562 2584/3204/2563 2583/3203/2561
f 2536/3189/2562 2537/3188/2564 2585/3205/2565 2584/3204/2563
f 2537/3188/2564 2538/3187/2566 2586/3206/2567 2585/3205/2565
f 2538/3187/2566 2539/3186/2568 2587/3207/2569 2586/3206/2567
f 2539/3186/2568 2540/3185/2570 2588/3208/2571 2587/3207/2569
f 2540/3185/2570 2541/3184/2572 2589/3209/2573 2588/3208/2571
f 2541/3184/2572 2542/3183/2574 2590/3210/2575 2589/3209/2573
f 2542/3183/2574 2543/3182/2576 2591/3211/2577 2590/3210/2575
f 2543/3182/2576 2544/3181/2578 2592/3212/2579 2591/3211/2577
f 2544/3181/2578 2545/3180/2580 2593/3213/2581 2592/3212/2579
f 2545/3180/2580 2546/3179/2582 2594/3214/2583 2593/3213/2581
f 2546/3179/2582 2547/3178/2584 2595/3215/2585 2594/3214/2583
f 2547/3178/2584 2548/3177/2586 2596/3216/2587 2595/3215/2585
f 2548/3177/2586 2549/3176/2588 2597/3217/2589 2596/3216/2587
f 2549/3176/2588 2550/3175/2590 2598/3218/2591 2597/3217/2589
f 2550/3175/2590 2551/3174/2592 2599/3219/2593 2598/3218/2591
f 2551/3174/2592 2552/3173/2594 2600/3220/2595 2599/3219/2593
f 2552/3173/2594 2553/3172/2596 2601/3221/2597 2600/3220/2595
f 2553/3172/2596 2554/3171/2598 2602/3222/2599 2601/3221/2597
f 2554/3171/2598 2555/3170/2600 2603/3223/2601 2602/3222/2599
f 2555/3170/2600 2556/3169/2602 2604/3224/2603 2603/3223/2601
f 2556/3169/2602 2557/3168/2604 2605/3225/2605 2604/3224/2603
f 2557/3168/2604 2558/3167/2606 2606/3226/2607 2605/3225/2605
f 2558/3167/2606 2559/3166/2608 2607/3227/2609 2606/3226/2607
f 2559/3166/2608 2560/3165/2610 2608/3228/2611 2607/3227/2609
f 2560/3165/2610 2561/3164/2612 2609/3229/2613 2608/3228/2611
f 2561/3164/2612 2562/3163/2614 2610/3230/2615 2609/3229/2613
f 2562/3163/2614 2563/3162/2616 2611/3231/2617 2610/3230/2615
f 2563/3162/2616 2564/3161/2618 2612/3232/2619 2611/3231/2617
f 2564/3161/2618 2565/3160/2620 2613/3233/2621 2612/3232/2619
f 2565/3160/2620 2566/3159/2622 2614/3234/2623 2613/3233/2621
f 2566/3159/2622 2567/3158/2624 2615/3235/2625 2614/3234/2623
f 2567/3158/2624 2568/3157/2626 2616/3236/2627 2615/3235/2625
f 2568/3157/2626 2569/3156/2628 2617/3237/2629 2616/3236/2627
f 2569/3156/2628 2570/3155/2630 2618/3238/2631 2617/3237/2629
f 2570/3155/2630 2571/3154/2632 2619/3239/2633 2618/3238/2631
f 2571/3154/2632 2572/3153/2634 2620/3240/2635 2619/3239/2633
f 2572/3153/2634 2573/3152/2636 2621/3241/2637 2620/3240/2635
f 2573/3152/2636 2574/3151/2638 2622/3242/2639 2621/3241/2637
f 2574/3151/2638 2575/3150/2640 2623/3243/2641 2622/3242/2639
f 2575/3150/2640 2576/3149/2642 2624/3244/2643 2623/3243/2641
f 2576/3149/2642 2529/3196/2548 2577/3198/2551 2624/3244/2643
f 2577/3245/2551 2578/3246/2550 2626/3247/2644 2625/3248/2645
f 2578/3246/2550 2579/3249/2553 2627/3250/2646 2626/3247/2644
f 2579/3249/2553 2580/3251/2555 2628/3252/2647 2627/3250/2646
f 2580/3251/2555 2581/3253/2557 2629/3254/2648 2628/3252/2647
f 2581/3253/2557 2582/3255/2559 2630/3256/2649 2629/3254/2648
f 2582/3255/2559 2583/3257/2561 2631/3258/2650 2630/3256/2649
f 2583/3257/2561 2584/3259/2563 2632/3260/2651 2631/3258/2650
f 2584/3259/2563 2585/3261/2565 2633/3262/2652 2632/3260/2651
f 2585/3261/2565 2586/3263/2567 2634/3264/2653 2633/3262/2652
f 2586/3263/2567 2587/3265/2569 2635/3266/2654 2634/3264/2653
f 2587/3265/2569 2588/3267/2571 2636/3268/2655 2635/3266/2654
f 2588/3267/2571 2589/3269/2573 2637/3270/2656 2636/3268/2655
f 2589/3269/2573 2590/3271/2575 2638/3272/2657 2637/3270/2656
f 2590/3271/2575 2591/3273/2577 2639/3274/2658 2638/3272/2657
f 2591/3273/2577 2592/3275/2579 2640/3276/2659 2639/3274/2658
f 2592/3275/2579 2593/3277/2581 2641/3278/2660 2640/3276/2659
f 2593/3277/2581 2594/3279/2583 2642/3280/2661 2641/3278/2660
f 2594/3279/2583 2595/3281/2585 2643/3282/2662 2642/3280/2661
f 2595/3281/2585 2596/3283/2587 2644/3284/2663 2643/3282/2662
f 2596/3283/2587 2597/3285/2589 2645/3286/2664 2644/3284/2663
f 2597/3285/2589 2598/3287/2591 2646/3288/2665 2645/3286/2664
f 2598/3287/2591 2599/3289/2593 2647/3290/2666 2646/3288/2665
f 2599/3289/2593 2600/3291/2595 2648/3292/2667 2647/3290/2666
f 2600/3291/2595 2601/3293/2597 2649/3294/2668 2648/3292/2667
f 2601/3293/2597 2602/3295/2599 2650/3296/2669 2649/3294/2668
f 2602/3295/2599 2603/3297/2601 2651/3298/2670 2650/3296/2669
f 2603/3297/2601 2604/3299/2603 2652/3300/2671 2651/3298/2670
f 2604/3299/2603 2605/3301/2605 2653/3302/2672 2652/3300/2671
f 2605/3301/2605 2606/3303/2607 2654/3304/2673 2653/3302/2672
f 2606/3303/2607 2607/3305/2609 2655/3306/2674 2654/3304/2673
f 2607/3305/2609 2608/3307/2611 2656/3308/2675 2655/3306/2674
f 2608/3307/2611 2609/3309/2613 2657/3310/2676 2656/3308/2675
f 2609/3309/2613 2610/3311/2615 2658/3312/2677 2657/3310/2676
f 2610/3311/2615 2611/3313/2617 2659/3314/2678 2658/3312/2677
f 2611/3313/2617 2612/3315/2619 2660/3316/2679 2659/3314/2678
f 2612/3315/2619 2613/3317/2621 2661/3318/2680 2660/3316/2679
f 2613/3317/2621 2614/3319/2623 2662/3320/2681 2661/3318/2680
f 2614/3319/2623 2615/3321/2625 2663/3322/2682 2662/3320/2681
f 2615/3321/2625 2616/3323/2627 2664/3324/2683 2663/3322/2682
f 2616/3323/2627 2617/3325/2629 2665/3326/2684 2664/3324/2683
f 2617/3325/2629 2618/3327/2631 2666/3328/2685 2665/3326/2684
f 2618/3327/2631 2619/3329/2633 2667/3330/2686 2666/3328/2685
f 2619/3329/2633 2620/3331/2635 2668/3332/2687 2667/3330/2686
f 2620/3331/2635 2621/3333/2637 2669/3334/2688 2668/3332/2687
f 2621/3333/2637 2622/3335/2639 2670/3336/2689 2669/3334/2688
f 2622/3335/2639 2623/3337/2641 2671/3338/2690 2670/3336/2689
f 2623/3337/2641 2624/3339/2643 2672/3340/2691 2671/3338/2690
f 2624/3339/2643 2577/3245/2551 2625/3248/2645 2672/3340/2691
s 0
f 2625/3248/2692 2626/3247/2692 2627/3250/2692 2628/3252/2692 2629/3254/2692 2630/3256/2692 2631/3258/2692 2632/3260/2692 2633/3262/2692 2634/3264/2692 2635/3266/2692 2636/3268/2692 2637/3270/2692 2638/3272/2692 2639/3274/2692 2640/3276/2692 2641/3278/2692 2642/3280/2692 2643/3282/2692 2644/3284/2692 2645/3286/2692 2646/3288/2692 2647/3290/2692 2648/3292/2692 2649/3294/2692 2650/3296/2692 2651/3298/2692 2652/3300/2692 2653/3302/2692 2654/3304/2692 2655/3306/2692 2656/3308/2692 2657/3310/2692 2658/3312/2692 2659/3314/2692 2660/3316/2692 2661/3318/2692 2662/3320/2692 2663/3322/2692 2664/3324/2692 2665/3326/2692 2666/3328/2692 2667/3330/2692 2668/3332/2692 2669/3334/2692 2670/3336/2692 2671/3338/2692 2672/3340/2692
o Grip_moulded_rib_07.001
v 0.452600 0.017345 -0.066859
v 0.452507 0.015202 -0.066998
v 0.452228 0.013639 -0.067100
v 0.451765 0.012278 -0.067188
v 0.451122 0.011069 -0.067267
v 0.450301 0.009999 -0.067337
v 0.449307 0.009064 -0.067398
v 0.448143 0.008265 -0.067450
v 0.446811 0.007606 -0.067492
v 0.445307 0.007089 -0.067526
v 0.443612 0.006717 -0.067550
v 0.441667 0.006493 -0.067565
v 0.439000 0.006418 -0.067570
v 0.436333 0.006493 -0.067565
v 0.434388 0.006717 -0.067550
v 0.432693 0.007089 -0.067526
v 0.431189 0.007606 -0.067492
v 0.429857 0.008265 -0.067450
v 0.428693 0.009064 -0.067398
v 0.427699 0.009999 -0.067337
v 0.426878 0.011069 -0.067267
v 0.426235 0.012278 -0.067188
v 0.425772 0.013639 -0.067100
v 0.425493 0.015202 -0.066998
v 0.425400 0.017345 -0.066859
v 0.425493 0.019488 -0.066719
v 0.425772 0.021051 -0.066617
v 0.426235 0.022412 -0.066529
v 0.426878 0.023621 -0.066450
v 0.427699 0.024691 -0.066380
v 0.428693 0.025626 -0.066319
v 0.429857 0.026425 -0.066268
v 0.431189 0.027084 -0.066225
v 0.432693 0.027601 -0.066191
v 0.434388 0.027973 -0.066167
v 0.436333 0.028197 -0.066152
v 0.439000 0.028272 -0.066147
v 0.441667 0.028197 -0.066152
v 0.443612 0.027973 -0.066167
v 0.445307 0.027601 -0.066191
v 0.446811 0.027084 -0.066225
v 0.448143 0.026425 -0.066268
v 0.449307 0.025626 -0.066319
v 0.450301 0.024691 -0.066380
v 0.451122 0.023621 -0.066450
v 0.451765 0.022412 -0.066529
v 0.452228 0.021051 -0.066617
v 0.452507 0.019488 -0.066719
v 0.453250 0.017403 -0.067757
v 0.453152 0.015162 -0.067902
v 0.452860 0.013528 -0.068009
v 0.452375 0.012105 -0.068102
v 0.451701 0.010841 -0.068184
v 0.450841 0.009722 -0.068257
v 0.449799 0.008744 -0.068320
v 0.448580 0.007909 -0.068375
v 0.447184 0.007219 -0.068420
v 0.445608 0.006679 -0.068455
v 0.443833 0.006290 -0.068480
v 0.441795 0.006056 -0.068495
v 0.439000 0.005978 -0.068500
v 0.436205 0.006056 -0.068495
v 0.434167 0.006290 -0.068480
v 0.432392 0.006679 -0.068455
v 0.430816 0.007219 -0.068420
v 0.429420 0.007909 -0.068375
v 0.428201 0.008744 -0.068320
v 0.427159 0.009722 -0.068257
v 0.426299 0.010841 -0.068184
v 0.425625 0.012105 -0.068102
v 0.425140 0.013528 -0.068009
v 0.424848 0.015162 -0.067902
v 0.424750 0.017403 -0.067757
v 0.424848 0.019644 -0.067611
v 0.425140 0.021278 -0.067504
v 0.425625 0.022702 -0.067412
v 0.426299 0.023966 -0.067329
v 0.427159 0.025085 -0.067257
v 0.428201 0.026062 -0.067193
v 0.429420 0.026898 -0.067139
v 0.430816 0.027587 -0.067094
v 0.432392 0.028128 -0.067059
v 0.434167 0.028517 -0.067033
v 0.436205 0.028751 -0.067018
v 0.439000 0.028829 -0.067013
v 0.441795 0.028751 -0.067018
v 0.443833 0.028517 -0.067033
v 0.445608 0.028128 -0.067059
v 0.447184 0.027587 -0.067094
v 0.448580 0.026898 -0.067139
v 0.449799 0.026062 -0.067193
v 0.450841 0.025085 -0.067257
v 0.451701 0.023966 -0.067329
v 0.452375 0.022702 -0.067412
v 0.452860 0.021278 -0.067504
v 0.453152 0.019644 -0.067611
v 0.452600 0.017475 -0.068854
v 0.452507 0.015332 -0.068994
v 0.452228 0.013769 -0.069096
v 0.451765 0.012408 -0.069184
v 0.451122 0.011199 -0.069263
v 0.450301 0.010129 -0.069332
v 0.449307 0.009194 -0.069393
v 0.448143 0.008395 -0.069445
v 0.446811 0.007736 -0.069488
v 0.445307 0.007219 -0.069522
v 0.443612 0.006847 -0.069546
v 0.441667 0.006623 -0.069561
v 0.439000 0.006548 -0.069566
v 0.436333 0.006623 -0.069561
v 0.434388 0.006847 -0.069546
v 0.432693 0.007219 -0.069522
v 0.431189 0.007736 -0.069488
v 0.429857 0.008395 -0.069445
v 0.428693 0.009194 -0.069393
v 0.427699 0.010129 -0.069332
v 0.426878 0.011199 -0.069263
v 0.426235 0.012408 -0.069184
v 0.425772 0.013769 -0.069096
v 0.425493 0.015332 -0.068994
v 0.425400 0.017475 -0.068854
v 0.425493 0.019618 -0.068715
v 0.425772 0.021181 -0.068613
v 0.426235 0.022542 -0.068524
v 0.426878 0.023751 -0.068446
v 0.427699 0.024821 -0.068376
v 0.428693 0.025756 -0.068315
v 0.429857 0.026554 -0.068263
v 0.431189 0.027214 -0.068220
v 0.432693 0.027731 -0.068187
v 0.434388 0.028103 -0.068162
v 0.436333 0.028327 -0.068148
v 0.439000 0.028402 -0.068143
v 0.441667 0.028327 -0.068148
v 0.443612 0.028103 -0.068162
v 0.445307 0.027731 -0.068187
v 0.446811 0.027214 -0.068220
v 0.448143 0.026554 -0.068263
v 0.449307 0.025756 -0.068315
v 0.450301 0.024821 -0.068376
v 0.451122 0.023751 -0.068446
v 0.451765 0.022542 -0.068524
v 0.452228 0.021181 -0.068613
v 0.452507 0.019618 -0.068715
vn -0.0000 -0.0650 0.9979
vn 0.8107 -0.0380 0.5842
vn 0.8058 -0.1187 0.5802
vn 0.9950 -0.0996 -0.0065
vn 1.0000 -0.0000 -0.0000
vn 0.7840 -0.2364 0.5740
vn 0.9694 -0.2451 -0.0159
vn 0.7439 -0.3573 0.5647
vn 0.9187 -0.3942 -0.0256
vn 0.6849 -0.4765 0.5513
vn 0.8415 -0.5391 -0.0351
vn 0.6089 -0.5865 0.5341
vn 0.7418 -0.6692 -0.0436
vn 0.5204 -0.6818 0.5141
vn 0.6267 -0.7776 -0.0506
vn 0.4245 -0.7595 0.4929
vn 0.5049 -0.8614 -0.0561
vn 0.3265 -0.8186 0.4726
vn 0.3835 -0.9216 -0.0600
vn 0.2306 -0.8603 0.4546
vn 0.2680 -0.9614 -0.0626
vn 0.1403 -0.8868 0.4404
vn 0.1617 -0.9848 -0.0641
vn 0.0565 -0.9006 0.4309
vn 0.0647 -0.9958 -0.0648
vn -0.0000 -0.9038 0.4279
vn -0.0000 -0.9979 -0.0649
vn -0.0565 -0.9006 0.4309
vn -0.0647 -0.9958 -0.0648
vn -0.1403 -0.8868 0.4404
vn -0.1617 -0.9848 -0.0641
vn -0.2306 -0.8603 0.4546
vn -0.2680 -0.9614 -0.0626
vn -0.3265 -0.8186 0.4726
vn -0.3835 -0.9216 -0.0600
vn -0.4245 -0.7595 0.4929
vn -0.5049 -0.8614 -0.0561
vn -0.5204 -0.6818 0.5141
vn -0.6267 -0.7776 -0.0506
vn -0.6090 -0.5865 0.5341
vn -0.7418 -0.6692 -0.0436
vn -0.6849 -0.4764 0.5513
vn -0.8415 -0.5391 -0.0351
vn -0.7439 -0.3573 0.5647
vn -0.9187 -0.3942 -0.0256
vn -0.7840 -0.2364 0.5740
vn -0.9694 -0.2451 -0.0159
vn -0.8058 -0.1187 0.5802
vn -0.9950 -0.0996 -0.0065
vn -0.8107 -0.0380 0.5842
vn -1.0000 -0.0000 -0.0000
vn -0.8058 0.0425 0.5907
vn -0.9950 0.0996 0.0065
vn -0.7840 0.1600 0.5998
vn -0.9694 0.2451 0.0160
vn -0.7439 0.2812 0.6062
vn -0.9187 0.3942 0.0257
vn -0.6849 0.4010 0.6084
vn -0.8415 0.5391 0.0351
vn -0.6089 0.5123 0.6056
vn -0.7418 0.6692 0.0436
vn -0.5204 0.6095 0.5981
vn -0.6267 0.7776 0.0506
vn -0.4245 0.6892 0.5872
vn -0.5049 0.8614 0.0561
vn -0.3265 0.7504 0.5747
vn -0.3835 0.9216 0.0600
vn -0.2306 0.7941 0.5623
vn -0.2680 0.9614 0.0626
vn -0.1403 0.8222 0.5517
vn -0.1617 0.9848 0.0641
vn -0.0565 0.8372 0.5440
vn -0.0647 0.9958 0.0648
vn -0.0000 0.8407 0.5415
vn -0.0000 0.9979 0.0650
vn 0.0565 0.8372 0.5440
vn 0.0647 0.9958 0.0648
vn 0.1404 0.8222 0.5517
vn 0.1617 0.9848 0.0641
vn 0.2306 0.7941 0.5623
vn 0.2680 0.9614 0.0626
vn 0.3265 0.7504 0.5747
vn 0.3835 0.9216 0.0600
vn 0.4245 0.6892 0.5872
vn 0.5049 0.8614 0.0561
vn 0.5204 0.6095 0.5981
vn 0.6267 0.7776 0.0506
vn 0.6090 0.5123 0.6056
vn 0.7418 0.6692 0.0436
vn 0.6849 0.4009 0.6084
vn 0.8415 0.5391 0.0351
vn 0.7439 0.2811 0.6062
vn 0.9187 0.3942 0.0257
vn 0.7840 0.1601 0.5998
vn 0.9694 0.2451 0.0160
vn 0.8058 0.0425 0.5907
vn 0.9950 0.0996 0.0065
vn 0.8559 -0.0525 -0.5144
vn 0.8610 0.0330 -0.5076
vn 0.8331 -0.1774 -0.5239
vn 0.7903 -0.3059 -0.5309
vn 0.7266 -0.4327 -0.5337
vn 0.6447 -0.5495 -0.5315
vn 0.5494 -0.6503 -0.5247
vn 0.4467 -0.7319 -0.5146
vn 0.3424 -0.7936 -0.5029
vn 0.2412 -0.8369 -0.4914
vn 0.1464 -0.8641 -0.4816
vn 0.0589 -0.8783 -0.4745
vn -0.0000 -0.8815 -0.4721
vn -0.0589 -0.8783 -0.4745
vn -0.1465 -0.8641 -0.4816
vn -0.2412 -0.8368 -0.4914
vn -0.3424 -0.7936 -0.5029
vn -0.4467 -0.7319 -0.5146
vn -0.5493 -0.6503 -0.5247
vn -0.6447 -0.5495 -0.5315
vn -0.7266 -0.4327 -0.5337
vn -0.7903 -0.3059 -0.5309
vn -0.8331 -0.1774 -0.5239
vn -0.8559 -0.0526 -0.5144
vn -0.8610 0.0330 -0.5076
vn -0.8559 0.1188 -0.5033
vn -0.8331 0.2438 -0.4965
vn -0.7902 0.3722 -0.4868
vn -0.7266 0.4982 -0.4731
vn -0.6447 0.6137 -0.4557
vn -0.5493 0.7129 -0.4359
vn -0.4467 0.7924 -0.4154
vn -0.3424 0.8521 -0.3958
vn -0.2412 0.8935 -0.3788
vn -0.1463 0.9192 -0.3655
vn -0.0589 0.9324 -0.3566
vn -0.0000 0.9353 -0.3539
vn 0.0589 0.9324 -0.3566
vn 0.1465 0.9192 -0.3655
vn 0.2412 0.8935 -0.3788
vn 0.3424 0.8521 -0.3958
vn 0.4467 0.7924 -0.4154
vn 0.5494 0.7128 -0.4359
vn 0.6447 0.6137 -0.4557
vn 0.7266 0.4982 -0.4731
vn 0.7903 0.3722 -0.4868
vn 0.8331 0.2439 -0.4965
vn 0.8559 0.1188 -0.5033
vn -0.0000 0.0650 -0.9979
vt 0.823356 0.831795
vt 0.827583 0.832425
vt 0.831282 0.833565
vt 0.834584 0.835203
vt 0.837526 0.837327
vt 0.840118 0.839926
vt 0.842355 0.842991
vt 0.844231 0.846519
vt 0.845736 0.850520
vt 0.846864 0.855043
vt 0.847614 0.860251
vt 0.848016 0.867410
vt 0.848016 0.874580
vt 0.847559 0.879821
vt 0.846686 0.884400
vt 0.845408 0.888480
vt 0.843733 0.892107
vt 0.841671 0.895293
vt 0.839230 0.898033
vt 0.836411 0.900319
vt 0.833206 0.902139
vt 0.829577 0.903485
vt 0.825392 0.904352
vt 0.819630 0.904764
vt 0.813855 0.904675
vt 0.809627 0.904044
vt 0.805928 0.902904
vt 0.802627 0.901267
vt 0.799684 0.899143
vt 0.797093 0.896544
vt 0.794855 0.893479
vt 0.792980 0.889951
vt 0.791475 0.885949
vt 0.790346 0.881427
vt 0.789597 0.876219
vt 0.789194 0.869060
vt 0.789195 0.861890
vt 0.789651 0.856649
vt 0.790524 0.852070
vt 0.791802 0.847990
vt 0.793477 0.844363
vt 0.795539 0.841177
vt 0.797981 0.838436
vt 0.800799 0.836151
vt 0.804004 0.834331
vt 0.807633 0.832985
vt 0.811819 0.832118
vt 0.817580 0.831706
vt 0.811507 0.830392
vt 0.817531 0.829960
vt 0.807130 0.831300
vt 0.803335 0.832710
vt 0.799984 0.834616
vt 0.797037 0.837011
vt 0.794484 0.839882
vt 0.792328 0.843220
vt 0.790577 0.847021
vt 0.789241 0.851296
vt 0.788328 0.856093
vt 0.787851 0.861585
vt 0.787851 0.869098
vt 0.788273 0.876599
vt 0.789057 0.882055
vt 0.790237 0.886794
vt 0.791811 0.890987
vt 0.793772 0.894684
vt 0.796112 0.897896
vt 0.798822 0.900619
vt 0.801899 0.902845
vt 0.805352 0.904561
vt 0.809220 0.905755
vt 0.813640 0.906417
vt 0.819679 0.906510
vt 0.825704 0.906078
vt 0.830080 0.905170
vt 0.833875 0.903760
vt 0.837226 0.901853
vt 0.840173 0.899459
vt 0.842726 0.896588
vt 0.844882 0.893249
vt 0.846633 0.889449
vt 0.847970 0.885174
vt 0.848882 0.880376
vt 0.849359 0.874885
vt 0.849359 0.867372
vt 0.848938 0.859871
vt 0.848154 0.854414
vt 0.846974 0.849675
vt 0.845399 0.845483
vt 0.843438 0.841786
vt 0.841098 0.838574
vt 0.838388 0.835851
vt 0.835311 0.833625
vt 0.831859 0.831909
vt 0.827991 0.830715
vt 0.823570 0.830053
vt 0.491448 0.909031
vt 0.485409 0.908938
vt 0.485624 0.907196
vt 0.491399 0.907285
vt 0.480989 0.908276
vt 0.481396 0.906566
vt 0.477121 0.907082
vt 0.477697 0.905426
vt 0.473668 0.905366
vt 0.474396 0.903788
vt 0.470591 0.903140
vt 0.471453 0.901664
vt 0.467881 0.900417
vt 0.468862 0.899065
vt 0.465541 0.897205
vt 0.466624 0.896000
vt 0.463580 0.893508
vt 0.464749 0.892472
vt 0.462006 0.889315
vt 0.463244 0.888471
vt 0.460826 0.884576
vt 0.462115 0.883948
vt 0.460042 0.879120
vt 0.461366 0.878740
vt 0.459620 0.871619
vt 0.460963 0.871581
vt 0.459620 0.864106
vt 0.460964 0.864411
vt 0.460097 0.858615
vt 0.461420 0.859170
vt 0.461010 0.853817
vt 0.462293 0.854591
vt 0.462346 0.849542
vt 0.463571 0.850511
vt 0.464097 0.845742
vt 0.465246 0.846884
vt 0.466253 0.842403
vt 0.467308 0.843698
vt 0.468806 0.839532
vt 0.469750 0.840958
vt 0.471753 0.837138
vt 0.472568 0.838672
vt 0.475104 0.835231
vt 0.475773 0.836852
vt 0.478899 0.833821
vt 0.479402 0.835506
vt 0.483275 0.832913
vt 0.483588 0.834639
vt 0.489300 0.832482
vt 0.489349 0.834227
vt 0.495339 0.832574
vt 0.495125 0.834316
vt 0.499760 0.833236
vt 0.499352 0.834947
vt 0.503628 0.834430
vt 0.503051 0.836087
vt 0.507080 0.836146
vt 0.506353 0.837724
vt 0.510157 0.838372
vt 0.509295 0.839848
vt 0.512867 0.841095
vt 0.511887 0.842447
vt 0.515207 0.844307
vt 0.514124 0.845512
vt 0.517168 0.848004
vt 0.515999 0.849040
vt 0.518743 0.852197
vt 0.517505 0.853042
vt 0.519923 0.856936
vt 0.518633 0.857564
vt 0.520707 0.862392
vt 0.519383 0.862772
vt 0.521128 0.869893
vt 0.519785 0.869931
vt 0.521128 0.877406
vt 0.519785 0.877101
vt 0.520651 0.882898
vt 0.519328 0.882342
vt 0.519739 0.887695
vt 0.518455 0.886921
vt 0.518402 0.891970
vt 0.517177 0.891001
vt 0.516651 0.895771
vt 0.515502 0.894628
vt 0.514495 0.899109
vt 0.513440 0.897814
vt 0.511942 0.901980
vt 0.510999 0.900555
vt 0.508995 0.904375
vt 0.508180 0.902840
vt 0.505644 0.906281
vt 0.504975 0.904660
vt 0.501849 0.907691
vt 0.501346 0.906006
vt 0.497473 0.908599
vt 0.497161 0.906873
s 0
usemtl 05_|_charcoal_anti_vibration_rubber
f 2720/3341/2693 2719/3342/2693 2718/3343/2693 2717/3344/2693 2716/3345/2693 2715/3346/2693 2714/3347/2693 2713/3348/2693 2712/3349/2693 2711/3350/2693 2710/3351/2693 2709/3352/2693 2708/3353/2693 2707/3354/2693 2706/3355/2693 2705/3356/2693 2704/3357/2693 2703/3358/2693 2702/3359/2693 2701/3360/2693 2700/3361/2693 2699/3362/2693 2698/3363/2693 2697/3364/2693 2696/3365/2693 2695/3366/2693 2694/3367/2693 2693/3368/2693 2692/3369/2693 2691/3370/2693 2690/3371/2693 2689/3372/2693 2688/3373/2693 2687/3374/2693 2686/3375/2693 2685/3376/2693 2684/3377/2693 2683/3378/2693 2682/3379/2693 2681/3380/2693 2680/3381/2693 2679/3382/2693 2678/3383/2693 2677/3384/2693 2676/3385/2693 2675/3386/2693 2674/3387/2693 2673/3388/2693
s 1
f 2673/3388/2694 2674/3387/2695 2722/3389/2696 2721/3390/2697
f 2674/3387/2695 2675/3386/2698 2723/3391/2699 2722/3389/2696
f 2675/3386/2698 2676/3385/2700 2724/3392/2701 2723/3391/2699
f 2676/3385/2700 2677/3384/2702 2725/3393/2703 2724/3392/2701
f 2677/3384/2702 2678/3383/2704 2726/3394/2705 2725/3393/2703
f 2678/3383/2704 2679/3382/2706 2727/3395/2707 2726/3394/2705
f 2679/3382/2706 2680/3381/2708 2728/3396/2709 2727/3395/2707
f 2680/3381/2708 2681/3380/2710 2729/3397/2711 2728/3396/2709
f 2681/3380/2710 2682/3379/2712 2730/3398/2713 2729/3397/2711
f 2682/3379/2712 2683/3378/2714 2731/3399/2715 2730/3398/2713
f 2683/3378/2714 2684/3377/2716 2732/3400/2717 2731/3399/2715
f 2684/3377/2716 2685/3376/2718 2733/3401/2719 2732/3400/2717
f 2685/3376/2718 2686/3375/2720 2734/3402/2721 2733/3401/2719
f 2686/3375/2720 2687/3374/2722 2735/3403/2723 2734/3402/2721
f 2687/3374/2722 2688/3373/2724 2736/3404/2725 2735/3403/2723
f 2688/3373/2724 2689/3372/2726 2737/3405/2727 2736/3404/2725
f 2689/3372/2726 2690/3371/2728 2738/3406/2729 2737/3405/2727
f 2690/3371/2728 2691/3370/2730 2739/3407/2731 2738/3406/2729
f 2691/3370/2730 2692/3369/2732 2740/3408/2733 2739/3407/2731
f 2692/3369/2732 2693/3368/2734 2741/3409/2735 2740/3408/2733
f 2693/3368/2734 2694/3367/2736 2742/3410/2737 2741/3409/2735
f 2694/3367/2736 2695/3366/2738 2743/3411/2739 2742/3410/2737
f 2695/3366/2738 2696/3365/2740 2744/3412/2741 2743/3411/2739
f 2696/3365/2740 2697/3364/2742 2745/3413/2743 2744/3412/2741
f 2697/3364/2742 2698/3363/2744 2746/3414/2745 2745/3413/2743
f 2698/3363/2744 2699/3362/2746 2747/3415/2747 2746/3414/2745
f 2699/3362/2746 2700/3361/2748 2748/3416/2749 2747/3415/2747
f 2700/3361/2748 2701/3360/2750 2749/3417/2751 2748/3416/2749
f 2701/3360/2750 2702/3359/2752 2750/3418/2753 2749/3417/2751
f 2702/3359/2752 2703/3358/2754 2751/3419/2755 2750/3418/2753
f 2703/3358/2754 2704/3357/2756 2752/3420/2757 2751/3419/2755
f 2704/3357/2756 2705/3356/2758 2753/3421/2759 2752/3420/2757
f 2705/3356/2758 2706/3355/2760 2754/3422/2761 2753/3421/2759
f 2706/3355/2760 2707/3354/2762 2755/3423/2763 2754/3422/2761
f 2707/3354/2762 2708/3353/2764 2756/3424/2765 2755/3423/2763
f 2708/3353/2764 2709/3352/2766 2757/3425/2767 2756/3424/2765
f 2709/3352/2766 2710/3351/2768 2758/3426/2769 2757/3425/2767
f 2710/3351/2768 2711/3350/2770 2759/3427/2771 2758/3426/2769
f 2711/3350/2770 2712/3349/2772 2760/3428/2773 2759/3427/2771
f 2712/3349/2772 2713/3348/2774 2761/3429/2775 2760/3428/2773
f 2713/3348/2774 2714/3347/2776 2762/3430/2777 2761/3429/2775
f 2714/3347/2776 2715/3346/2778 2763/3431/2779 2762/3430/2777
f 2715/3346/2778 2716/3345/2780 2764/3432/2781 2763/3431/2779
f 2716/3345/2780 2717/3344/2782 2765/3433/2783 2764/3432/2781
f 2717/3344/2782 2718/3343/2784 2766/3434/2785 2765/3433/2783
f 2718/3343/2784 2719/3342/2786 2767/3435/2787 2766/3434/2785
f 2719/3342/2786 2720/3341/2788 2768/3436/2789 2767/3435/2787
f 2720/3341/2788 2673/3388/2694 2721/3390/2697 2768/3436/2789
f 2721/3437/2697 2722/3438/2696 2770/3439/2790 2769/3440/2791
f 2722/3438/2696 2723/3441/2699 2771/3442/2792 2770/3439/2790
f 2723/3441/2699 2724/3443/2701 2772/3444/2793 2771/3442/2792
f 2724/3443/2701 2725/3445/2703 2773/3446/2794 2772/3444/2793
f 2725/3445/2703 2726/3447/2705 2774/3448/2795 2773/3446/2794
f 2726/3447/2705 2727/3449/2707 2775/3450/2796 2774/3448/2795
f 2727/3449/2707 2728/3451/2709 2776/3452/2797 2775/3450/2796
f 2728/3451/2709 2729/3453/2711 2777/3454/2798 2776/3452/2797
f 2729/3453/2711 2730/3455/2713 2778/3456/2799 2777/3454/2798
f 2730/3455/2713 2731/3457/2715 2779/3458/2800 2778/3456/2799
f 2731/3457/2715 2732/3459/2717 2780/3460/2801 2779/3458/2800
f 2732/3459/2717 2733/3461/2719 2781/3462/2802 2780/3460/2801
f 2733/3461/2719 2734/3463/2721 2782/3464/2803 2781/3462/2802
f 2734/3463/2721 2735/3465/2723 2783/3466/2804 2782/3464/2803
f 2735/3465/2723 2736/3467/2725 2784/3468/2805 2783/3466/2804
f 2736/3467/2725 2737/3469/2727 2785/3470/2806 2784/3468/2805
f 2737/3469/2727 2738/3471/2729 2786/3472/2807 2785/3470/2806
f 2738/3471/2729 2739/3473/2731 2787/3474/2808 2786/3472/2807
f 2739/3473/2731 2740/3475/2733 2788/3476/2809 2787/3474/2808
f 2740/3475/2733 2741/3477/2735 2789/3478/2810 2788/3476/2809
f 2741/3477/2735 2742/3479/2737 2790/3480/2811 2789/3478/2810
f 2742/3479/2737 2743/3481/2739 2791/3482/2812 2790/3480/2811
f 2743/3481/2739 2744/3483/2741 2792/3484/2813 2791/3482/2812
f 2744/3483/2741 2745/3485/2743 2793/3486/2814 2792/3484/2813
f 2745/3485/2743 2746/3487/2745 2794/3488/2815 2793/3486/2814
f 2746/3487/2745 2747/3489/2747 2795/3490/2816 2794/3488/2815
f 2747/3489/2747 2748/3491/2749 2796/3492/2817 2795/3490/2816
f 2748/3491/2749 2749/3493/2751 2797/3494/2818 2796/3492/2817
f 2749/3493/2751 2750/3495/2753 2798/3496/2819 2797/3494/2818
f 2750/3495/2753 2751/3497/2755 2799/3498/2820 2798/3496/2819
f 2751/3497/2755 2752/3499/2757 2800/3500/2821 2799/3498/2820
f 2752/3499/2757 2753/3501/2759 2801/3502/2822 2800/3500/2821
f 2753/3501/2759 2754/3503/2761 2802/3504/2823 2801/3502/2822
f 2754/3503/2761 2755/3505/2763 2803/3506/2824 2802/3504/2823
f 2755/3505/2763 2756/3507/2765 2804/3508/2825 2803/3506/2824
f 2756/3507/2765 2757/3509/2767 2805/3510/2826 2804/3508/2825
f 2757/3509/2767 2758/3511/2769 2806/3512/2827 2805/3510/2826
f 2758/3511/2769 2759/3513/2771 2807/3514/2828 2806/3512/2827
f 2759/3513/2771 2760/3515/2773 2808/3516/2829 2807/3514/2828
f 2760/3515/2773 2761/3517/2775 2809/3518/2830 2808/3516/2829
f 2761/3517/2775 2762/3519/2777 2810/3520/2831 2809/3518/2830
f 2762/3519/2777 2763/3521/2779 2811/3522/2832 2810/3520/2831
f 2763/3521/2779 2764/3523/2781 2812/3524/2833 2811/3522/2832
f 2764/3523/2781 2765/3525/2783 2813/3526/2834 2812/3524/2833
f 2765/3525/2783 2766/3527/2785 2814/3528/2835 2813/3526/2834
f 2766/3527/2785 2767/3529/2787 2815/3530/2836 2814/3528/2835
f 2767/3529/2787 2768/3531/2789 2816/3532/2837 2815/3530/2836
f 2768/3531/2789 2721/3437/2697 2769/3440/2791 2816/3532/2837
s 0
f 2769/3440/2838 2770/3439/2838 2771/3442/2838 2772/3444/2838 2773/3446/2838 2774/3448/2838 2775/3450/2838 2776/3452/2838 2777/3454/2838 2778/3456/2838 2779/3458/2838 2780/3460/2838 2781/3462/2838 2782/3464/2838 2783/3466/2838 2784/3468/2838 2785/3470/2838 2786/3472/2838 2787/3474/2838 2788/3476/2838 2789/3478/2838 2790/3480/2838 2791/3482/2838 2792/3484/2838 2793/3486/2838 2794/3488/2838 2795/3490/2838 2796/3492/2838 2797/3494/2838 2798/3496/2838 2799/3498/2838 2800/3500/2838 2801/3502/2838 2802/3504/2838 2803/3506/2838 2804/3508/2838 2805/3510/2838 2806/3512/2838 2807/3514/2838 2808/3516/2838 2809/3518/2838 2810/3520/2838 2811/3522/2838 2812/3524/2838 2813/3526/2838 2814/3528/2838 2815/3530/2838 2816/3532/2838
o Grip_moulded_rib_08.001
v 0.452400 0.017800 -0.073844
v 0.452308 0.015686 -0.073981
v 0.452033 0.014144 -0.074082
v 0.451578 0.012802 -0.074169
v 0.450943 0.011610 -0.074247
v 0.450135 0.010554 -0.074315
v 0.449155 0.009632 -0.074375
v 0.448009 0.008844 -0.074427
v 0.446696 0.008194 -0.074469
v 0.445214 0.007684 -0.074502
v 0.443545 0.007317 -0.074526
v 0.441628 0.007096 -0.074540
v 0.439000 0.007022 -0.074545
v 0.436372 0.007096 -0.074540
v 0.434455 0.007317 -0.074526
v 0.432786 0.007684 -0.074502
v 0.431304 0.008194 -0.074469
v 0.429991 0.008844 -0.074427
v 0.428845 0.009632 -0.074375
v 0.427865 0.010554 -0.074315
v 0.427057 0.011610 -0.074247
v 0.426422 0.012802 -0.074169
v 0.425967 0.014144 -0.074082
v 0.425692 0.015686 -0.073981
v 0.425600 0.017800 -0.073844
v 0.425692 0.019913 -0.073706
v 0.425967 0.021455 -0.073606
v 0.426422 0.022797 -0.073518
v 0.427057 0.023989 -0.073441
v 0.427865 0.025045 -0.073372
v 0.428845 0.025967 -0.073312
v 0.429991 0.026755 -0.073261
v 0.431304 0.027405 -0.073218
v 0.432786 0.027915 -0.073185
v 0.434455 0.028282 -0.073161
v 0.436372 0.028503 -0.073147
v 0.439000 0.028577 -0.073142
v 0.441628 0.028503 -0.073147
v 0.443545 0.028282 -0.073161
v 0.445214 0.027915 -0.073185
v 0.446696 0.027405 -0.073218
v 0.448009 0.026755 -0.073261
v 0.449155 0.025967 -0.073312
v 0.450135 0.025045 -0.073372
v 0.450943 0.023989 -0.073441
v 0.451578 0.022797 -0.073518
v 0.452033 0.021455 -0.073606
v 0.452308 0.019913 -0.073706
v 0.453050 0.017858 -0.074742
v 0.452954 0.015646 -0.074886
v 0.452666 0.014034 -0.074991
v 0.452188 0.012629 -0.075082
v 0.451523 0.011382 -0.075163
v 0.450675 0.010277 -0.075235
v 0.449648 0.009312 -0.075298
v 0.448446 0.008488 -0.075352
v 0.447070 0.007808 -0.075396
v 0.445516 0.007274 -0.075431
v 0.443765 0.006890 -0.075456
v 0.441756 0.006659 -0.075471
v 0.439000 0.006582 -0.075476
v 0.436244 0.006659 -0.075471
v 0.434235 0.006890 -0.075456
v 0.432485 0.007274 -0.075431
v 0.430930 0.007808 -0.075396
v 0.429554 0.008488 -0.075352
v 0.428352 0.009312 -0.075298
v 0.427325 0.010277 -0.075235
v 0.426477 0.011382 -0.075163
v 0.425812 0.012629 -0.075082
v 0.425334 0.014034 -0.074991
v 0.425046 0.015646 -0.074886
v 0.424950 0.017858 -0.074742
v 0.425046 0.020070 -0.074598
v 0.425334 0.021682 -0.074493
v 0.425812 0.023087 -0.074401
v 0.426477 0.024334 -0.074320
v 0.427325 0.025439 -0.074248
v 0.428352 0.026404 -0.074186
v 0.429554 0.027228 -0.074132
v 0.430930 0.027908 -0.074088
v 0.432485 0.028442 -0.074053
v 0.434235 0.028826 -0.074028
v 0.436244 0.029057 -0.074013
v 0.439000 0.029134 -0.074008
v 0.441756 0.029057 -0.074013
v 0.443765 0.028826 -0.074028
v 0.445516 0.028442 -0.074053
v 0.447070 0.027908 -0.074088
v 0.448446 0.027228 -0.074132
v 0.449648 0.026404 -0.074186
v 0.450675 0.025439 -0.074248
v 0.451523 0.024334 -0.074320
v 0.452188 0.023087 -0.074401
v 0.452666 0.021682 -0.074493
v 0.452954 0.020070 -0.074598
v 0.452400 0.017929 -0.075840
v 0.452308 0.015816 -0.075977
v 0.452033 0.014274 -0.076077
v 0.451578 0.012932 -0.076165
v 0.450943 0.011740 -0.076242
v 0.450135 0.010684 -0.076311
v 0.449155 0.009762 -0.076371
v 0.448009 0.008974 -0.076422
v 0.446696 0.008324 -0.076465
v 0.445214 0.007814 -0.076498
v 0.443545 0.007447 -0.076522
v 0.441628 0.007226 -0.076536
v 0.439000 0.007152 -0.076541
v 0.436372 0.007226 -0.076536
v 0.434455 0.007447 -0.076522
v 0.432786 0.007814 -0.076498
v 0.431304 0.008324 -0.076465
v 0.429991 0.008974 -0.076422
v 0.428845 0.009762 -0.076371
v 0.427865 0.010684 -0.076311
v 0.427057 0.011740 -0.076242
v 0.426422 0.012932 -0.076165
v 0.425967 0.014274 -0.076077
v 0.425692 0.015816 -0.075977
v 0.425600 0.017929 -0.075840
v 0.425692 0.020043 -0.075702
v 0.425967 0.021585 -0.075602
v 0.426422 0.022927 -0.075514
v 0.427057 0.024119 -0.075437
v 0.427865 0.025175 -0.075368
v 0.428845 0.026097 -0.075308
v 0.429991 0.026885 -0.075257
v 0.431304 0.027535 -0.075214
v 0.432786 0.028045 -0.075181
v 0.434455 0.028412 -0.075157
v 0.436372 0.028633 -0.075143
v 0.439000 0.028707 -0.075138
v 0.441628 0.028633 -0.075143
v 0.443545 0.028412 -0.075157
v 0.445214 0.028045 -0.075181
v 0.446696 0.027535 -0.075214
v 0.448009 0.026885 -0.075257
v 0.449155 0.026097 -0.075308
v 0.450135 0.025175 -0.075368
v 0.450943 0.024119 -0.075437
v 0.451578 0.022927 -0.075514
v 0.452033 0.021585 -0.075602
v 0.452308 0.020043 -0.075702
vn -0.0000 -0.0650 0.9979
vn 0.8107 -0.0380 0.5842
vn 0.8058 -0.1187 0.5802
vn 0.9950 -0.0995 -0.0065
vn 1.0000 -0.0000 -0.0000
vn 0.7841 -0.2362 0.5740
vn 0.9694 -0.2448 -0.0159
vn 0.7441 -0.3571 0.5647
vn 0.9188 -0.3939 -0.0256
vn 0.6850 -0.4762 0.5514
vn 0.8418 -0.5387 -0.0351
vn 0.6092 -0.5861 0.5341
vn 0.7421 -0.6689 -0.0435
vn 0.5207 -0.6816 0.5141
vn 0.6271 -0.7773 -0.0506
vn 0.4248 -0.7592 0.4930
vn 0.5052 -0.8612 -0.0561
vn 0.3267 -0.8185 0.4726
vn 0.3838 -0.9214 -0.0600
vn 0.2308 -0.8602 0.4547
vn 0.2683 -0.9613 -0.0626
vn 0.1405 -0.8867 0.4405
vn 0.1619 -0.9847 -0.0641
vn 0.0565 -0.9006 0.4309
vn 0.0648 -0.9958 -0.0648
vn -0.0000 -0.9038 0.4279
vn -0.0000 -0.9979 -0.0649
vn -0.0565 -0.9006 0.4309
vn -0.0648 -0.9958 -0.0648
vn -0.1405 -0.8867 0.4405
vn -0.1619 -0.9847 -0.0641
vn -0.2308 -0.8602 0.4547
vn -0.2683 -0.9613 -0.0626
vn -0.3267 -0.8185 0.4726
vn -0.3838 -0.9215 -0.0600
vn -0.4248 -0.7592 0.4930
vn -0.5052 -0.8612 -0.0561
vn -0.5207 -0.6816 0.5141
vn -0.6271 -0.7773 -0.0506
vn -0.6092 -0.5861 0.5341
vn -0.7421 -0.6689 -0.0435
vn -0.6851 -0.4761 0.5514
vn -0.8418 -0.5387 -0.0351
vn -0.7441 -0.3571 0.5647
vn -0.9188 -0.3939 -0.0256
vn -0.7841 -0.2362 0.5740
vn -0.9694 -0.2448 -0.0159
vn -0.8058 -0.1187 0.5802
vn -0.9950 -0.0995 -0.0065
vn -0.8107 -0.0380 0.5842
vn -1.0000 -0.0000 -0.0000
vn -0.8058 0.0424 0.5907
vn -0.9950 0.0995 0.0065
vn -0.7841 0.1598 0.5998
vn -0.9694 0.2448 0.0160
vn -0.7441 0.2809 0.6062
vn -0.9188 0.3939 0.0257
vn -0.6850 0.4007 0.6084
vn -0.8418 0.5387 0.0351
vn -0.6092 0.5120 0.6056
vn -0.7421 0.6689 0.0435
vn -0.5207 0.6092 0.5981
vn -0.6271 0.7773 0.0506
vn -0.4248 0.6889 0.5873
vn -0.5052 0.8612 0.0560
vn -0.3267 0.7503 0.5747
vn -0.3838 0.9214 0.0600
vn -0.2308 0.7941 0.5623
vn -0.2683 0.9613 0.0626
vn -0.1405 0.8221 0.5517
vn -0.1619 0.9847 0.0641
vn -0.0565 0.8372 0.5440
vn -0.0648 0.9958 0.0648
vn -0.0000 0.8407 0.5415
vn -0.0000 0.9979 0.0650
vn 0.0565 0.8372 0.5440
vn 0.0648 0.9958 0.0648
vn 0.1405 0.8221 0.5517
vn 0.1619 0.9847 0.0641
vn 0.2308 0.7941 0.5623
vn 0.2683 0.9613 0.0626
vn 0.3267 0.7503 0.5747
vn 0.3838 0.9214 0.0600
vn 0.4248 0.6890 0.5873
vn 0.5052 0.8612 0.0560
vn 0.5207 0.6092 0.5981
vn 0.6271 0.7773 0.0506
vn 0.6092 0.5120 0.6056
vn 0.7421 0.6689 0.0435
vn 0.6851 0.4006 0.6084
vn 0.8418 0.5387 0.0351
vn 0.7441 0.2809 0.6062
vn 0.9188 0.3939 0.0257
vn 0.7841 0.1598 0.5998
vn 0.9694 0.2448 0.0160
vn 0.8058 0.0424 0.5907
vn 0.9950 0.0995 0.0065
vn 0.8559 -0.0525 -0.5144
vn 0.8610 0.0330 -0.5076
vn 0.8331 -0.1772 -0.5239
vn 0.7904 -0.3057 -0.5309
vn 0.7268 -0.4324 -0.5337
vn 0.6450 -0.5491 -0.5315
vn 0.5497 -0.6501 -0.5247
vn 0.4470 -0.7317 -0.5146
vn 0.3427 -0.7935 -0.5030
vn 0.2414 -0.8368 -0.4915
vn 0.1466 -0.8641 -0.4816
vn 0.0589 -0.8783 -0.4745
vn -0.0000 -0.8815 -0.4721
vn -0.0590 -0.8783 -0.4745
vn -0.1466 -0.8641 -0.4816
vn -0.2414 -0.8368 -0.4915
vn -0.3427 -0.7935 -0.5030
vn -0.4470 -0.7317 -0.5146
vn -0.5497 -0.6500 -0.5247
vn -0.6449 -0.5492 -0.5315
vn -0.7268 -0.4323 -0.5337
vn -0.7904 -0.3056 -0.5309
vn -0.8331 -0.1772 -0.5239
vn -0.8559 -0.0525 -0.5144
vn -0.8610 0.0330 -0.5076
vn -0.8559 0.1187 -0.5033
vn -0.8331 0.2437 -0.4965
vn -0.7904 0.3719 -0.4868
vn -0.7268 0.4979 -0.4731
vn -0.6449 0.6134 -0.4558
vn -0.5497 0.7126 -0.4360
vn -0.4470 0.7922 -0.4154
vn -0.3427 0.8520 -0.3959
vn -0.2414 0.8934 -0.3788
vn -0.1466 0.9192 -0.3655
vn -0.0589 0.9324 -0.3566
vn -0.0000 0.9353 -0.3539
vn 0.0589 0.9324 -0.3566
vn 0.1463 0.9192 -0.3655
vn 0.2415 0.8934 -0.3788
vn 0.3428 0.8519 -0.3959
vn 0.4470 0.7922 -0.4154
vn 0.5497 0.7126 -0.4360
vn 0.6449 0.6134 -0.4558
vn 0.7268 0.4979 -0.4731
vn 0.7904 0.3719 -0.4868
vn 0.8331 0.2436 -0.4965
vn 0.8559 0.1187 -0.5033
vn -0.0000 0.0650 -0.9979
vt 0.569120 0.834314
vt 0.573290 0.834936
vt 0.576938 0.836059
vt 0.580194 0.837672
vt 0.583097 0.839764
vt 0.585653 0.842325
vt 0.587859 0.845345
vt 0.589709 0.848821
vt 0.591194 0.852764
vt 0.592306 0.857220
vt 0.593046 0.862351
vt 0.593443 0.869404
vt 0.593442 0.876469
vt 0.592992 0.881633
vt 0.592131 0.886145
vt 0.590870 0.890164
vt 0.589219 0.893739
vt 0.587185 0.896878
vt 0.584777 0.899578
vt 0.581997 0.901830
vt 0.578836 0.903624
vt 0.575256 0.904950
vt 0.571128 0.905804
vt 0.565446 0.906210
vt 0.559749 0.906124
vt 0.555580 0.905502
vt 0.551932 0.904379
vt 0.548675 0.902766
vt 0.545773 0.900674
vt 0.543217 0.898113
vt 0.541010 0.895093
vt 0.539160 0.891617
vt 0.537676 0.887674
vt 0.536563 0.883218
vt 0.535824 0.878087
vt 0.535427 0.871034
vt 0.535427 0.863969
vt 0.535877 0.858805
vt 0.536738 0.854293
vt 0.537999 0.850273
vt 0.539651 0.846699
vt 0.541685 0.843560
vt 0.544093 0.840860
vt 0.546873 0.838608
vt 0.550034 0.836814
vt 0.553613 0.835488
vt 0.557741 0.834634
vt 0.563424 0.834227
vt 0.557429 0.832907
vt 0.563375 0.832482
vt 0.553110 0.833803
vt 0.549365 0.835193
vt 0.546058 0.837073
vt 0.543149 0.839434
vt 0.540630 0.842265
vt 0.538502 0.845557
vt 0.536774 0.849304
vt 0.535455 0.853519
vt 0.534554 0.858249
vt 0.534084 0.863664
vt 0.534084 0.871072
vt 0.534499 0.878467
vt 0.535273 0.883847
vt 0.536438 0.888519
vt 0.537992 0.892653
vt 0.539927 0.896298
vt 0.542236 0.899465
vt 0.544911 0.902150
vt 0.547947 0.904344
vt 0.551355 0.906036
vt 0.555172 0.907213
vt 0.559534 0.907865
vt 0.565495 0.907956
vt 0.571440 0.907531
vt 0.575759 0.906635
vt 0.579505 0.905245
vt 0.582812 0.903365
vt 0.585720 0.901004
vt 0.588240 0.898172
vt 0.590367 0.894881
vt 0.592095 0.891134
vt 0.593415 0.886919
vt 0.594315 0.882189
vt 0.594786 0.876774
vt 0.594786 0.869366
vt 0.594370 0.861971
vt 0.593596 0.856591
vt 0.592431 0.851919
vt 0.590878 0.847785
vt 0.588942 0.844140
vt 0.586633 0.840973
vt 0.583959 0.838288
vt 0.580922 0.836094
vt 0.577515 0.834402
vt 0.573697 0.833225
vt 0.569335 0.832573
vt 0.879937 0.817005
vt 0.873977 0.816914
vt 0.874191 0.815172
vt 0.879888 0.815259
vt 0.869614 0.816262
vt 0.870022 0.814551
vt 0.865797 0.815084
vt 0.866374 0.813428
vt 0.862390 0.813393
vt 0.863117 0.811815
vt 0.859353 0.811198
vt 0.860215 0.809722
vt 0.856678 0.808513
vt 0.857659 0.807161
vt 0.854369 0.805346
vt 0.855452 0.804141
vt 0.852434 0.801702
vt 0.853603 0.800665
vt 0.850880 0.797568
vt 0.852118 0.796723
vt 0.849716 0.792895
vt 0.851005 0.792267
vt 0.848942 0.787516
vt 0.850266 0.787136
vt 0.848526 0.780120
vt 0.849869 0.780082
vt 0.848526 0.772712
vt 0.849869 0.773017
vt 0.848997 0.767298
vt 0.850319 0.767853
vt 0.849897 0.762567
vt 0.851180 0.763342
vt 0.851216 0.758353
vt 0.852441 0.759322
vt 0.852944 0.754605
vt 0.854093 0.755748
vt 0.855072 0.751314
vt 0.856127 0.752608
vt 0.857591 0.748483
vt 0.858535 0.749908
vt 0.860500 0.746122
vt 0.861315 0.747656
vt 0.863807 0.744242
vt 0.864476 0.745863
vt 0.867552 0.742851
vt 0.868055 0.744537
vt 0.871871 0.741956
vt 0.872183 0.743682
vt 0.877817 0.741530
vt 0.877866 0.743276
vt 0.883777 0.741621
vt 0.883562 0.743363
vt 0.888140 0.742273
vt 0.887732 0.743984
vt 0.891957 0.743451
vt 0.891380 0.745107
vt 0.895364 0.745142
vt 0.894637 0.746720
vt 0.898401 0.747337
vt 0.897539 0.748813
vt 0.901075 0.750022
vt 0.900095 0.751373
vt 0.903384 0.753189
vt 0.902301 0.754394
vt 0.905320 0.756833
vt 0.904151 0.757870
vt 0.906874 0.760967
vt 0.905636 0.761812
vt 0.908038 0.765639
vt 0.906749 0.766268
vt 0.908812 0.771019
vt 0.907488 0.771399
vt 0.909228 0.778415
vt 0.907885 0.778453
vt 0.909228 0.785822
vt 0.907885 0.785518
vt 0.908757 0.791237
vt 0.907434 0.790682
vt 0.907857 0.795968
vt 0.906574 0.795193
vt 0.906538 0.800182
vt 0.905313 0.799213
vt 0.904810 0.803930
vt 0.903661 0.802787
vt 0.902682 0.807221
vt 0.901627 0.805926
vt 0.900163 0.810052
vt 0.899219 0.808627
vt 0.897254 0.812413
vt 0.896439 0.810879
vt 0.893947 0.814293
vt 0.893278 0.812672
vt 0.890202 0.815683
vt 0.889698 0.813998
vt 0.885883 0.816579
vt 0.885571 0.814853
s 0
usemtl 05_|_charcoal_anti_vibration_rubber
f 2864/3533/2839 2863/3534/2839 2862/3535/2839 2861/3536/2839 2860/3537/2839 2859/3538/2839 2858/3539/2839 2857/3540/2839 2856/3541/2839 2855/3542/2839 2854/3543/2839 2853/3544/2839 2852/3545/2839 2851/3546/2839 2850/3547/2839 2849/3548/2839 2848/3549/2839 2847/3550/2839 2846/3551/2839 2845/3552/2839 2844/3553/2839 2843/3554/2839 2842/3555/2839 2841/3556/2839 2840/3557/2839 2839/3558/2839 2838/3559/2839 2837/3560/2839 2836/3561/2839 2835/3562/2839 2834/3563/2839 2833/3564/2839 2832/3565/2839 2831/3566/2839 2830/3567/2839 2829/3568/2839 2828/3569/2839 2827/3570/2839 2826/3571/2839 2825/3572/2839 2824/3573/2839 2823/3574/2839 2822/3575/2839 2821/3576/2839 2820/3577/2839 2819/3578/2839 2818/3579/2839 2817/3580/2839
s 1
f 2817/3580/2840 2818/3579/2841 2866/3581/2842 2865/3582/2843
f 2818/3579/2841 2819/3578/2844 2867/3583/2845 2866/3581/2842
f 2819/3578/2844 2820/3577/2846 2868/3584/2847 2867/3583/2845
f 2820/3577/2846 2821/3576/2848 2869/3585/2849 2868/3584/2847
f 2821/3576/2848 2822/3575/2850 2870/3586/2851 2869/3585/2849
f 2822/3575/2850 2823/3574/2852 2871/3587/2853 2870/3586/2851
f 2823/3574/2852 2824/3573/2854 2872/3588/2855 2871/3587/2853
f 2824/3573/2854 2825/3572/2856 2873/3589/2857 2872/3588/2855
f 2825/3572/2856 2826/3571/2858 2874/3590/2859 2873/3589/2857
f 2826/3571/2858 2827/3570/2860 2875/3591/2861 2874/3590/2859
f 2827/3570/2860 2828/3569/2862 2876/3592/2863 2875/3591/2861
f 2828/3569/2862 2829/3568/2864 2877/3593/2865 2876/3592/2863
f 2829/3568/2864 2830/3567/2866 2878/3594/2867 2877/3593/2865
f 2830/3567/2866 2831/3566/2868 2879/3595/2869 2878/3594/2867
f 2831/3566/2868 2832/3565/2870 2880/3596/2871 2879/3595/2869
f 2832/3565/2870 2833/3564/2872 2881/3597/2873 2880/3596/2871
f 2833/3564/2872 2834/3563/2874 2882/3598/2875 2881/3597/2873
f 2834/3563/2874 2835/3562/2876 2883/3599/2877 2882/3598/2875
f 2835/3562/2876 2836/3561/2878 2884/3600/2879 2883/3599/2877
f 2836/3561/2878 2837/3560/2880 2885/3601/2881 2884/3600/2879
f 2837/3560/2880 2838/3559/2882 2886/3602/2883 2885/3601/2881
f 2838/3559/2882 2839/3558/2884 2887/3603/2885 2886/3602/2883
f 2839/3558/2884 2840/3557/2886 2888/3604/2887 2887/3603/2885
f 2840/3557/2886 2841/3556/2888 2889/3605/2889 2888/3604/2887
f 2841/3556/2888 2842/3555/2890 2890/3606/2891 2889/3605/2889
f 2842/3555/2890 2843/3554/2892 2891/3607/2893 2890/3606/2891
f 2843/3554/2892 2844/3553/2894 2892/3608/2895 2891/3607/2893
f 2844/3553/2894 2845/3552/2896 2893/3609/2897 2892/3608/2895
f 2845/3552/2896 2846/3551/2898 2894/3610/2899 2893/3609/2897
f 2846/3551/2898 2847/3550/2900 2895/3611/2901 2894/3610/2899
f 2847/3550/2900 2848/3549/2902 2896/3612/2903 2895/3611/2901
f 2848/3549/2902 2849/3548/2904 2897/3613/2905 2896/3612/2903
f 2849/3548/2904 2850/3547/2906 2898/3614/2907 2897/3613/2905
f 2850/3547/2906 2851/3546/2908 2899/3615/2909 2898/3614/2907
f 2851/3546/2908 2852/3545/2910 2900/3616/2911 2899/3615/2909
f 2852/3545/2910 2853/3544/2912 2901/3617/2913 2900/3616/2911
f 2853/3544/2912 2854/3543/2914 2902/3618/2915 2901/3617/2913
f 2854/3543/2914 2855/3542/2916 2903/3619/2917 2902/3618/2915
f 2855/3542/2916 2856/3541/2918 2904/3620/2919 2903/3619/2917
f 2856/3541/2918 2857/3540/2920 2905/3621/2921 2904/3620/2919
f 2857/3540/2920 2858/3539/2922 2906/3622/2923 2905/3621/2921
f 2858/3539/2922 2859/3538/2924 2907/3623/2925 2906/3622/2923
f 2859/3538/2924 2860/3537/2926 2908/3624/2927 2907/3623/2925
f 2860/3537/2926 2861/3536/2928 2909/3625/2929 2908/3624/2927
f 2861/3536/2928 2862/3535/2930 2910/3626/2931 2909/3625/2929
f 2862/3535/2930 2863/3534/2932 2911/3627/2933 2910/3626/2931
f 2863/3534/2932 2864/3533/2934 2912/3628/2935 2911/3627/2933
f 2864/3533/2934 2817/3580/2840 2865/3582/2843 2912/3628/2935
f 2865/3629/2843 2866/3630/2842 2914/3631/2936 2913/3632/2937
f 2866/3630/2842 2867/3633/2845 2915/3634/2938 2914/3631/2936
f 2867/3633/2845 2868/3635/2847 2916/3636/2939 2915/3634/2938
f 2868/3635/2847 2869/3637/2849 2917/3638/2940 2916/3636/2939
f 2869/3637/2849 2870/3639/2851 2918/3640/2941 2917/3638/2940
f 2870/3639/2851 2871/3641/2853 2919/3642/2942 2918/3640/2941
f 2871/3641/2853 2872/3643/2855 2920/3644/2943 2919/3642/2942
f 2872/3643/2855 2873/3645/2857 2921/3646/2944 2920/3644/2943
f 2873/3645/2857 2874/3647/2859 2922/3648/2945 2921/3646/2944
f 2874/3647/2859 2875/3649/2861 2923/3650/2946 2922/3648/2945
f 2875/3649/2861 2876/3651/2863 2924/3652/2947 2923/3650/2946
f 2876/3651/2863 2877/3653/2865 2925/3654/2948 2924/3652/2947
f 2877/3653/2865 2878/3655/2867 2926/3656/2949 2925/3654/2948
f 2878/3655/2867 2879/3657/2869 2927/3658/2950 2926/3656/2949
f 2879/3657/2869 2880/3659/2871 2928/3660/2951 2927/3658/2950
f 2880/3659/2871 2881/3661/2873 2929/3662/2952 2928/3660/2951
f 2881/3661/2873 2882/3663/2875 2930/3664/2953 2929/3662/2952
f 2882/3663/2875 2883/3665/2877 2931/3666/2954 2930/3664/2953
f 2883/3665/2877 2884/3667/2879 2932/3668/2955 2931/3666/2954
f 2884/3667/2879 2885/3669/2881 2933/3670/2956 2932/3668/2955
f 2885/3669/2881 2886/3671/2883 2934/3672/2957 2933/3670/2956
f 2886/3671/2883 2887/3673/2885 2935/3674/2958 2934/3672/2957
f 2887/3673/2885 2888/3675/2887 2936/3676/2959 2935/3674/2958
f 2888/3675/2887 2889/3677/2889 2937/3678/2960 2936/3676/2959
f 2889/3677/2889 2890/3679/2891 2938/3680/2961 2937/3678/2960
f 2890/3679/2891 2891/3681/2893 2939/3682/2962 2938/3680/2961
f 2891/3681/2893 2892/3683/2895 2940/3684/2963 2939/3682/2962
f 2892/3683/2895 2893/3685/2897 2941/3686/2964 2940/3684/2963
f 2893/3685/2897 2894/3687/2899 2942/3688/2965 2941/3686/2964
f 2894/3687/2899 2895/3689/2901 2943/3690/2966 2942/3688/2965
f 2895/3689/2901 2896/3691/2903 2944/3692/2967 2943/3690/2966
f 2896/3691/2903 2897/3693/2905 2945/3694/2968 2944/3692/2967
f 2897/3693/2905 2898/3695/2907 2946/3696/2969 2945/3694/2968
f 2898/3695/2907 2899/3697/2909 2947/3698/2970 2946/3696/2969
f 2899/3697/2909 2900/3699/2911 2948/3700/2971 2947/3698/2970
f 2900/3699/2911 2901/3701/2913 2949/3702/2972 2948/3700/2971
f 2901/3701/2913 2902/3703/2915 2950/3704/2973 2949/3702/2972
f 2902/3703/2915 2903/3705/2917 2951/3706/2974 2950/3704/2973
f 2903/3705/2917 2904/3707/2919 2952/3708/2975 2951/3706/2974
f 2904/3707/2919 2905/3709/2921 2953/3710/2976 2952/3708/2975
f 2905/3709/2921 2906/3711/2923 2954/3712/2977 2953/3710/2976
f 2906/3711/2923 2907/3713/2925 2955/3714/2978 2954/3712/2977
f 2907/3713/2925 2908/3715/2927 2956/3716/2979 2955/3714/2978
f 2908/3715/2927 2909/3717/2929 2957/3718/2980 2956/3716/2979
f 2909/3717/2929 2910/3719/2931 2958/3720/2981 2957/3718/2980
f 2910/3719/2931 2911/3721/2933 2959/3722/2982 2958/3720/2981
f 2911/3721/2933 2912/3723/2935 2960/3724/2983 2959/3722/2982
f 2912/3723/2935 2865/3629/2843 2913/3632/2937 2960/3724/2983
s 0
f 2913/3632/2984 2914/3631/2984 2915/3634/2984 2916/3636/2984 2917/3638/2984 2918/3640/2984 2919/3642/2984 2920/3644/2984 2921/3646/2984 2922/3648/2984 2923/3650/2984 2924/3652/2984 2925/3654/2984 2926/3656/2984 2927/3658/2984 2928/3660/2984 2929/3662/2984 2930/3664/2984 2931/3666/2984 2932/3668/2984 2933/3670/2984 2934/3672/2984 2935/3674/2984 2936/3676/2984 2937/3678/2984 2938/3680/2984 2939/3682/2984 2940/3684/2984 2941/3686/2984 2942/3688/2984 2943/3690/2984 2944/3692/2984 2945/3694/2984 2946/3696/2984 2947/3698/2984 2948/3700/2984 2949/3702/2984 2950/3704/2984 2951/3706/2984 2952/3708/2984 2953/3710/2984 2954/3712/2984 2955/3714/2984 2956/3716/2984 2957/3718/2984 2958/3720/2984 2959/3722/2984 2960/3724/2984
o Grip_moulded_rib_09.001
v 0.452200 0.018254 -0.080829
v 0.452110 0.016170 -0.080965
v 0.451839 0.014650 -0.081064
v 0.451390 0.013326 -0.081150
v 0.450765 0.012150 -0.081226
v 0.449968 0.011109 -0.081294
v 0.449004 0.010200 -0.081353
v 0.447874 0.009423 -0.081404
v 0.446581 0.008782 -0.081446
v 0.445121 0.008279 -0.081478
v 0.443477 0.007917 -0.081502
v 0.441589 0.007700 -0.081516
v 0.439000 0.007627 -0.081521
v 0.436411 0.007700 -0.081516
v 0.434523 0.007917 -0.081502
v 0.432879 0.008279 -0.081478
v 0.431419 0.008782 -0.081446
v 0.430126 0.009423 -0.081404
v 0.428996 0.010200 -0.081353
v 0.428032 0.011109 -0.081294
v 0.427235 0.012150 -0.081226
v 0.426610 0.013326 -0.081150
v 0.426161 0.014650 -0.081064
v 0.425890 0.016170 -0.080965
v 0.425800 0.018254 -0.080829
v 0.425890 0.020339 -0.080693
v 0.426161 0.021859 -0.080594
v 0.426610 0.023183 -0.080508
v 0.427235 0.024358 -0.080432
v 0.428032 0.025399 -0.080364
v 0.428996 0.026308 -0.080305
v 0.430126 0.027085 -0.080254
v 0.431419 0.027727 -0.080212
v 0.432879 0.028229 -0.080180
v 0.434523 0.028591 -0.080156
v 0.436411 0.028809 -0.080142
v 0.439000 0.028882 -0.080137
v 0.441589 0.028809 -0.080142
v 0.443477 0.028591 -0.080156
v 0.445121 0.028229 -0.080180
v 0.446581 0.027727 -0.080212
v 0.447874 0.027085 -0.080254
v 0.449004 0.026308 -0.080305
v 0.449968 0.025399 -0.080364
v 0.450765 0.024358 -0.080432
v 0.451390 0.023183 -0.080508
v 0.451839 0.021859 -0.080594
v 0.452110 0.020339 -0.080693
v 0.452850 0.018313 -0.081727
v 0.452755 0.016130 -0.081869
v 0.452471 0.014539 -0.081973
v 0.452000 0.013153 -0.082063
v 0.451345 0.011922 -0.082143
v 0.450509 0.010832 -0.082214
v 0.449496 0.009880 -0.082276
v 0.448311 0.009067 -0.082329
v 0.446955 0.008396 -0.082373
v 0.445423 0.007869 -0.082407
v 0.443697 0.007491 -0.082431
v 0.441716 0.007262 -0.082446
v 0.439000 0.007186 -0.082451
v 0.436283 0.007262 -0.082446
v 0.434303 0.007491 -0.082431
v 0.432577 0.007869 -0.082407
v 0.431045 0.008396 -0.082373
v 0.429689 0.009067 -0.082329
v 0.428504 0.009880 -0.082276
v 0.427491 0.010832 -0.082214
v 0.426655 0.011922 -0.082143
v 0.426000 0.013153 -0.082063
v 0.425529 0.014539 -0.081973
v 0.425245 0.016130 -0.081869
v 0.425150 0.018313 -0.081727
v 0.425245 0.020495 -0.081585
v 0.425529 0.022086 -0.081481
v 0.426000 0.023472 -0.081391
v 0.426655 0.024703 -0.081311
v 0.427491 0.025793 -0.081240
v 0.428504 0.026745 -0.081178
v 0.429689 0.027558 -0.081125
v 0.431045 0.028230 -0.081082
v 0.432577 0.028756 -0.081047
v 0.434303 0.029135 -0.081023
v 0.436283 0.029363 -0.081008
v 0.439000 0.029439 -0.081003
v 0.441716 0.029363 -0.081008
v 0.443697 0.029135 -0.081023
v 0.445423 0.028756 -0.081047
v 0.446955 0.028230 -0.081082
v 0.448311 0.027558 -0.081125
v 0.449496 0.026745 -0.081178
v 0.450509 0.025793 -0.081240
v 0.451345 0.024703 -0.081311
v 0.452000 0.023472 -0.081391
v 0.452471 0.022086 -0.081481
v 0.452755 0.020495 -0.081585
v 0.452200 0.018384 -0.082825
v 0.452110 0.016300 -0.082960
v 0.451839 0.014780 -0.083059
v 0.451390 0.013456 -0.083146
v 0.450765 0.012280 -0.083222
v 0.449968 0.011239 -0.083290
v 0.449004 0.010330 -0.083349
v 0.447874 0.009553 -0.083400
v 0.446581 0.008912 -0.083441
v 0.445121 0.008409 -0.083474
v 0.443477 0.008047 -0.083498
v 0.441589 0.007829 -0.083512
v 0.439000 0.007757 -0.083516
v 0.436411 0.007829 -0.083512
v 0.434523 0.008047 -0.083498
v 0.432879 0.008409 -0.083474
v 0.431419 0.008912 -0.083441
v 0.430126 0.009553 -0.083400
v 0.428996 0.010330 -0.083349
v 0.428032 0.011239 -0.083290
v 0.427235 0.012280 -0.083222
v 0.426610 0.013456 -0.083146
v 0.426161 0.014780 -0.083059
v 0.425890 0.016300 -0.082960
v 0.425800 0.018384 -0.082825
v 0.425890 0.020469 -0.082689
v 0.426161 0.021988 -0.082590
v 0.426610 0.023313 -0.082504
v 0.427235 0.024488 -0.082427
v 0.428032 0.025529 -0.082360
v 0.428996 0.026438 -0.082300
v 0.430126 0.027215 -0.082250
v 0.431419 0.027856 -0.082208
v 0.432879 0.028359 -0.082175
v 0.434523 0.028721 -0.082152
v 0.436411 0.028939 -0.082138
v 0.439000 0.029012 -0.082133
v 0.441589 0.028939 -0.082138
v 0.443477 0.028721 -0.082152
v 0.445121 0.028359 -0.082175
v 0.446581 0.027856 -0.082208
v 0.447874 0.027215 -0.082250
v 0.449004 0.026438 -0.082300
v 0.449968 0.025529 -0.082360
v 0.450765 0.024488 -0.082427
v 0.451390 0.023313 -0.082504
v 0.451839 0.021988 -0.082590
v 0.452110 0.020469 -0.082689
vn -0.0000 -0.0650 0.9979
vn 0.8107 -0.0380 0.5842
vn 0.8058 -0.1186 0.5802
vn 0.9950 -0.0994 -0.0064
vn 1.0000 -0.0000 -0.0000
vn 0.7841 -0.2360 0.5740
vn 0.9695 -0.2446 -0.0159
vn 0.7442 -0.3568 0.5647
vn 0.9190 -0.3935 -0.0256
vn 0.6852 -0.4758 0.5514
vn 0.8420 -0.5383 -0.0350
vn 0.6095 -0.5858 0.5342
vn 0.7425 -0.6685 -0.0435
vn 0.5210 -0.6813 0.5142
vn 0.6275 -0.7770 -0.0506
vn 0.4251 -0.7591 0.4931
vn 0.5056 -0.8609 -0.0560
vn 0.3270 -0.8183 0.4727
vn 0.3842 -0.9213 -0.0599
vn 0.2310 -0.8602 0.4547
vn 0.2685 -0.9612 -0.0625
vn 0.1406 -0.8867 0.4405
vn 0.1620 -0.9847 -0.0641
vn 0.0566 -0.9006 0.4309
vn 0.0649 -0.9958 -0.0648
vn -0.0000 -0.9038 0.4279
vn -0.0000 -0.9979 -0.0649
vn -0.0566 -0.9006 0.4309
vn -0.0649 -0.9958 -0.0648
vn -0.1405 -0.8867 0.4405
vn -0.1620 -0.9847 -0.0641
vn -0.2310 -0.8602 0.4547
vn -0.2685 -0.9612 -0.0625
vn -0.3270 -0.8183 0.4727
vn -0.3842 -0.9213 -0.0599
vn -0.4251 -0.7590 0.4931
vn -0.5056 -0.8609 -0.0560
vn -0.5210 -0.6813 0.5142
vn -0.6275 -0.7770 -0.0506
vn -0.6095 -0.5858 0.5342
vn -0.7424 -0.6685 -0.0435
vn -0.6852 -0.4758 0.5514
vn -0.8420 -0.5383 -0.0350
vn -0.7442 -0.3568 0.5647
vn -0.9190 -0.3935 -0.0256
vn -0.7841 -0.2360 0.5740
vn -0.9695 -0.2446 -0.0159
vn -0.8058 -0.1186 0.5802
vn -0.9950 -0.0994 -0.0064
vn -0.8107 -0.0380 0.5842
vn -1.0000 -0.0000 -0.0000
vn -0.8058 0.0424 0.5907
vn -0.9950 0.0994 0.0065
vn -0.7841 0.1596 0.5997
vn -0.9695 0.2446 0.0160
vn -0.7442 0.2806 0.6062
vn -0.9190 0.3935 0.0256
vn -0.6852 0.4003 0.6084
vn -0.8420 0.5383 0.0350
vn -0.6094 0.5117 0.6056
vn -0.7425 0.6685 0.0435
vn -0.5210 0.6089 0.5982
vn -0.6275 0.7770 0.0506
vn -0.4251 0.6887 0.5873
vn -0.5056 0.8609 0.0560
vn -0.3270 0.7501 0.5748
vn -0.3842 0.9213 0.0600
vn -0.2310 0.7940 0.5624
vn -0.2685 0.9612 0.0626
vn -0.1405 0.8221 0.5517
vn -0.1620 0.9847 0.0641
vn -0.0566 0.8372 0.5440
vn -0.0649 0.9958 0.0648
vn -0.0000 0.8407 0.5415
vn -0.0000 0.9979 0.0650
vn 0.0566 0.8372 0.5440
vn 0.0649 0.9958 0.0648
vn 0.1405 0.8221 0.5517
vn 0.1620 0.9847 0.0641
vn 0.2310 0.7940 0.5624
vn 0.2685 0.9612 0.0626
vn 0.3270 0.7501 0.5748
vn 0.3842 0.9213 0.0600
vn 0.4251 0.6887 0.5873
vn 0.5056 0.8609 0.0560
vn 0.5210 0.6089 0.5982
vn 0.6275 0.7770 0.0506
vn 0.6094 0.5117 0.6056
vn 0.7424 0.6685 0.0435
vn 0.6852 0.4003 0.6084
vn 0.8420 0.5383 0.0350
vn 0.7442 0.2806 0.6062
vn 0.9190 0.3935 0.0256
vn 0.7841 0.1596 0.5997
vn 0.9695 0.2446 0.0160
vn 0.8058 0.0423 0.5907
vn 0.9950 0.0994 0.0065
vn 0.8560 -0.0524 -0.5144
vn 0.8610 0.0330 -0.5076
vn 0.8332 -0.1771 -0.5239
vn 0.7905 -0.3054 -0.5309
vn 0.7270 -0.4320 -0.5337
vn 0.6452 -0.5488 -0.5315
vn 0.5500 -0.6498 -0.5247
vn 0.4473 -0.7315 -0.5146
vn 0.3430 -0.7933 -0.5030
vn 0.2417 -0.8367 -0.4915
vn 0.1468 -0.8640 -0.4816
vn 0.0590 -0.8783 -0.4745
vn -0.0000 -0.8815 -0.4721
vn -0.0589 -0.8783 -0.4745
vn -0.1465 -0.8641 -0.4816
vn -0.2416 -0.8367 -0.4915
vn -0.3430 -0.7933 -0.5030
vn -0.4473 -0.7315 -0.5146
vn -0.5500 -0.6498 -0.5247
vn -0.6452 -0.5488 -0.5315
vn -0.7270 -0.4320 -0.5337
vn -0.7905 -0.3054 -0.5309
vn -0.8332 -0.1770 -0.5239
vn -0.8560 -0.0524 -0.5144
vn -0.8610 0.0330 -0.5076
vn -0.8560 0.1186 -0.5033
vn -0.8332 0.2434 -0.4965
vn -0.7905 0.3717 -0.4868
vn -0.7270 0.4976 -0.4732
vn -0.6452 0.6131 -0.4558
vn -0.5500 0.7123 -0.4361
vn -0.4474 0.7920 -0.4155
vn -0.3430 0.8518 -0.3959
vn -0.2416 0.8934 -0.3789
vn -0.1465 0.9192 -0.3655
vn -0.0589 0.9324 -0.3566
vn -0.0000 0.9353 -0.3539
vn 0.0590 0.9324 -0.3566
vn 0.1468 0.9191 -0.3655
vn 0.2417 0.8933 -0.3789
vn 0.3430 0.8518 -0.3959
vn 0.4473 0.7920 -0.4155
vn 0.5500 0.7123 -0.4361
vn 0.6452 0.6131 -0.4558
vn 0.7270 0.4975 -0.4732
vn 0.7905 0.3717 -0.4868
vn 0.8332 0.2435 -0.4965
vn 0.8560 0.1186 -0.5033
vn -0.0000 0.0650 -0.9979
vt 0.896883 0.831791
vt 0.900995 0.832403
vt 0.904592 0.833509
vt 0.907804 0.835098
vt 0.910665 0.837159
vt 0.913186 0.839682
vt 0.915362 0.842657
vt 0.917186 0.846081
vt 0.918650 0.849964
vt 0.919747 0.854354
vt 0.920476 0.859408
vt 0.920868 0.866356
vt 0.920867 0.873316
vt 0.920424 0.878403
vt 0.919575 0.882847
vt 0.918331 0.886807
vt 0.916702 0.890328
vt 0.914697 0.893420
vt 0.912322 0.896080
vt 0.909581 0.898299
vt 0.906464 0.900066
vt 0.902934 0.901372
vt 0.898863 0.902214
vt 0.893260 0.902615
vt 0.887642 0.902530
vt 0.883531 0.901918
vt 0.879933 0.900812
vt 0.876722 0.899223
vt 0.873860 0.897162
vt 0.871339 0.894639
vt 0.869163 0.891664
vt 0.867339 0.888241
vt 0.865875 0.884357
vt 0.864778 0.879967
vt 0.864049 0.874913
vt 0.863658 0.867965
vt 0.863658 0.861005
vt 0.864102 0.855918
vt 0.864951 0.851474
vt 0.866194 0.847514
vt 0.867823 0.843993
vt 0.869829 0.840901
vt 0.872203 0.838241
vt 0.874945 0.836022
vt 0.878062 0.834255
vt 0.881592 0.832949
vt 0.885662 0.832107
vt 0.891266 0.831706
vt 0.885350 0.830380
vt 0.891217 0.829960
vt 0.881088 0.831263
vt 0.877393 0.832634
vt 0.874130 0.834488
vt 0.871260 0.836815
vt 0.868774 0.839606
vt 0.866674 0.842851
vt 0.864969 0.846545
vt 0.863668 0.850700
vt 0.862779 0.855363
vt 0.862315 0.860700
vt 0.862315 0.868003
vt 0.862725 0.875293
vt 0.863488 0.880596
vt 0.864638 0.885202
vt 0.866171 0.889277
vt 0.868081 0.892870
vt 0.870359 0.895991
vt 0.872998 0.898638
vt 0.875994 0.900801
vt 0.879356 0.902468
vt 0.883123 0.903629
vt 0.887428 0.904271
vt 0.893309 0.904361
vt 0.899175 0.903941
vt 0.903437 0.903058
vt 0.907133 0.901687
vt 0.910396 0.899833
vt 0.913266 0.897506
vt 0.915752 0.894715
vt 0.917851 0.891470
vt 0.919556 0.887776
vt 0.920858 0.883621
vt 0.921746 0.878958
vt 0.922211 0.873621
vt 0.922211 0.866318
vt 0.921801 0.859028
vt 0.921037 0.853725
vt 0.919888 0.849119
vt 0.918355 0.845044
vt 0.916445 0.841451
vt 0.914167 0.838330
vt 0.911528 0.835683
vt 0.908531 0.833520
vt 0.905169 0.831853
vt 0.901402 0.830692
vt 0.897098 0.830050
vt 0.281534 0.928276
vt 0.275653 0.928186
vt 0.275868 0.926445
vt 0.281485 0.926530
vt 0.271349 0.927544
vt 0.271756 0.925833
vt 0.267582 0.926383
vt 0.268159 0.924727
vt 0.264220 0.924716
vt 0.264947 0.923138
vt 0.261223 0.922553
vt 0.262086 0.921077
vt 0.258584 0.919906
vt 0.259565 0.918554
vt 0.256306 0.916784
vt 0.257389 0.915579
vt 0.254396 0.913192
vt 0.255565 0.912155
vt 0.252863 0.909117
vt 0.254101 0.908272
vt 0.251714 0.904511
vt 0.253004 0.903882
vt 0.250950 0.899208
vt 0.252275 0.898828
vt 0.250540 0.891917
vt 0.251883 0.891880
vt 0.250540 0.884615
vt 0.251884 0.884920
vt 0.251005 0.879278
vt 0.252327 0.879833
vt 0.251893 0.874615
vt 0.253176 0.875389
vt 0.253195 0.870460
vt 0.254420 0.871429
vt 0.254900 0.866766
vt 0.256049 0.867908
vt 0.256999 0.863521
vt 0.258054 0.864816
vt 0.259485 0.860730
vt 0.260429 0.862155
vt 0.262355 0.858402
vt 0.263170 0.859937
vt 0.265619 0.856549
vt 0.266287 0.858170
vt 0.269314 0.855178
vt 0.269817 0.856864
vt 0.273576 0.854295
vt 0.273888 0.856022
vt 0.279442 0.853875
vt 0.279491 0.855621
vt 0.285323 0.853965
vt 0.285109 0.855706
vt 0.289628 0.854607
vt 0.289220 0.856318
vt 0.293395 0.855768
vt 0.292818 0.857424
vt 0.296757 0.857435
vt 0.296029 0.859013
vt 0.299753 0.859598
vt 0.298891 0.861074
vt 0.302392 0.862245
vt 0.301412 0.863597
vt 0.304670 0.865366
vt 0.303588 0.866571
vt 0.306580 0.868959
vt 0.305412 0.869995
vt 0.308113 0.873034
vt 0.306876 0.873879
vt 0.309263 0.877640
vt 0.307973 0.878269
vt 0.310026 0.882943
vt 0.308702 0.883323
vt 0.310436 0.890233
vt 0.309093 0.890271
vt 0.310436 0.897536
vt 0.309093 0.897231
vt 0.309972 0.902873
vt 0.308649 0.902318
vt 0.309083 0.907536
vt 0.307800 0.906762
vt 0.307782 0.911691
vt 0.306557 0.910722
vt 0.306077 0.915385
vt 0.304928 0.914243
vt 0.303977 0.918630
vt 0.302922 0.917335
vt 0.301491 0.921421
vt 0.300548 0.919995
vt 0.298621 0.923748
vt 0.297806 0.922214
vt 0.295358 0.925602
vt 0.294689 0.923981
vt 0.291663 0.926972
vt 0.291159 0.925287
vt 0.287401 0.927856
vt 0.287089 0.926129
s 0
usemtl 05_|_charcoal_anti_vibration_rubber
f 3008/3725/2985 3007/3726/2985 3006/3727/2985 3005/3728/2985 3004/3729/2985 3003/3730/2985 3002/3731/2985 3001/3732/2985 3000/3733/2985 2999/3734/2985 2998/3735/2985 2997/3736/2985 2996/3737/2985 2995/3738/2985 2994/3739/2985 2993/3740/2985 2992/3741/2985 2991/3742/2985 2990/3743/2985 2989/3744/2985 2988/3745/2985 2987/3746/2985 2986/3747/2985 2985/3748/2985 2984/3749/2985 2983/3750/2985 2982/3751/2985 2981/3752/2985 2980/3753/2985 2979/3754/2985 2978/3755/2985 2977/3756/2985 2976/3757/2985 2975/3758/2985 2974/3759/2985 2973/3760/2985 2972/3761/2985 2971/3762/2985 2970/3763/2985 2969/3764/2985 2968/3765/2985 2967/3766/2985 2966/3767/2985 2965/3768/2985 2964/3769/2985 2963/3770/2985 2962/3771/2985 2961/3772/2985
s 1
f 2961/3772/2986 2962/3771/2987 3010/3773/2988 3009/3774/2989
f 2962/3771/2987 2963/3770/2990 3011/3775/2991 3010/3773/2988
f 2963/3770/2990 2964/3769/2992 3012/3776/2993 3011/3775/2991
f 2964/3769/2992 2965/3768/2994 3013/3777/2995 3012/3776/2993
f 2965/3768/2994 2966/3767/2996 3014/3778/2997 3013/3777/2995
f 2966/3767/2996 2967/3766/2998 3015/3779/2999 3014/3778/2997
f 2967/3766/2998 2968/3765/3000 3016/3780/3001 3015/3779/2999
f 2968/3765/3000 2969/3764/3002 3017/3781/3003 3016/3780/3001
f 2969/3764/3002 2970/3763/3004 3018/3782/3005 3017/3781/3003
f 2970/3763/3004 2971/3762/3006 3019/3783/3007 3018/3782/3005
f 2971/3762/3006 2972/3761/3008 3020/3784/3009 3019/3783/3007
f 2972/3761/3008 2973/3760/3010 3021/3785/3011 3020/3784/3009
f 2973/3760/3010 2974/3759/3012 3022/3786/3013 3021/3785/3011
f 2974/3759/3012 2975/3758/3014 3023/3787/3015 3022/3786/3013
f 2975/3758/3014 2976/3757/3016 3024/3788/3017 3023/3787/3015
f 2976/3757/3016 2977/3756/3018 3025/3789/3019 3024/3788/3017
f 2977/3756/3018 2978/3755/3020 3026/3790/3021 3025/3789/3019
f 2978/3755/3020 2979/3754/3022 3027/3791/3023 3026/3790/3021
f 2979/3754/3022 2980/3753/3024 3028/3792/3025 3027/3791/3023
f 2980/3753/3024 2981/3752/3026 3029/3793/3027 3028/3792/3025
f 2981/3752/3026 2982/3751/3028 3030/3794/3029 3029/3793/3027
f 2982/3751/3028 2983/3750/3030 3031/3795/3031 3030/3794/3029
f 2983/3750/3030 2984/3749/3032 3032/3796/3033 3031/3795/3031
f 2984/3749/3032 2985/3748/3034 3033/3797/3035 3032/3796/3033
f 2985/3748/3034 2986/3747/3036 3034/3798/3037 3033/3797/3035
f 2986/3747/3036 2987/3746/3038 3035/3799/3039 3034/3798/3037
f 2987/3746/3038 2988/3745/3040 3036/3800/3041 3035/3799/3039
f 2988/3745/3040 2989/3744/3042 3037/3801/3043 3036/3800/3041
f 2989/3744/3042 2990/3743/3044 3038/3802/3045 3037/3801/3043
f 2990/3743/3044 2991/3742/3046 3039/3803/3047 3038/3802/3045
f 2991/3742/3046 2992/3741/3048 3040/3804/3049 3039/3803/3047
f 2992/3741/3048 2993/3740/3050 3041/3805/3051 3040/3804/3049
f 2993/3740/3050 2994/3739/3052 3042/3806/3053 3041/3805/3051
f 2994/3739/3052 2995/3738/3054 3043/3807/3055 3042/3806/3053
f 2995/3738/3054 2996/3737/3056 3044/3808/3057 3043/3807/3055
f 2996/3737/3056 2997/3736/3058 3045/3809/3059 3044/3808/3057
f 2997/3736/3058 2998/3735/3060 3046/3810/3061 3045/3809/3059
f 2998/3735/3060 2999/3734/3062 3047/3811/3063 3046/3810/3061
f 2999/3734/3062 3000/3733/3064 3048/3812/3065 3047/3811/3063
f 3000/3733/3064 3001/3732/3066 3049/3813/3067 3048/3812/3065
f 3001/3732/3066 3002/3731/3068 3050/3814/3069 3049/3813/3067
f 3002/3731/3068 3003/3730/3070 3051/3815/3071 3050/3814/3069
f 3003/3730/3070 3004/3729/3072 3052/3816/3073 3051/3815/3071
f 3004/3729/3072 3005/3728/3074 3053/3817/3075 3052/3816/3073
f 3005/3728/3074 3006/3727/3076 3054/3818/3077 3053/3817/3075
f 3006/3727/3076 3007/3726/3078 3055/3819/3079 3054/3818/3077
f 3007/3726/3078 3008/3725/3080 3056/3820/3081 3055/3819/3079
f 3008/3725/3080 2961/3772/2986 3009/3774/2989 3056/3820/3081
f 3009/3821/2989 3010/3822/2988 3058/3823/3082 3057/3824/3083
f 3010/3822/2988 3011/3825/2991 3059/3826/3084 3058/3823/3082
f 3011/3825/2991 3012/3827/2993 3060/3828/3085 3059/3826/3084
f 3012/3827/2993 3013/3829/2995 3061/3830/3086 3060/3828/3085
f 3013/3829/2995 3014/3831/2997 3062/3832/3087 3061/3830/3086
f 3014/3831/2997 3015/3833/2999 3063/3834/3088 3062/3832/3087
f 3015/3833/2999 3016/3835/3001 3064/3836/3089 3063/3834/3088
f 3016/3835/3001 3017/3837/3003 3065/3838/3090 3064/3836/3089
f 3017/3837/3003 3018/3839/3005 3066/3840/3091 3065/3838/3090
f 3018/3839/3005 3019/3841/3007 3067/3842/3092 3066/3840/3091
f 3019/3841/3007 3020/3843/3009 3068/3844/3093 3067/3842/3092
f 3020/3843/3009 3021/3845/3011 3069/3846/3094 3068/3844/3093
f 3021/3845/3011 3022/3847/3013 3070/3848/3095 3069/3846/3094
f 3022/3847/3013 3023/3849/3015 3071/3850/3096 3070/3848/3095
f 3023/3849/3015 3024/3851/3017 3072/3852/3097 3071/3850/3096
f 3024/3851/3017 3025/3853/3019 3073/3854/3098 3072/3852/3097
f 3025/3853/3019 3026/3855/3021 3074/3856/3099 3073/3854/3098
f 3026/3855/3021 3027/3857/3023 3075/3858/3100 3074/3856/3099
f 3027/3857/3023 3028/3859/3025 3076/3860/3101 3075/3858/3100
f 3028/3859/3025 3029/3861/3027 3077/3862/3102 3076/3860/3101
f 3029/3861/3027 3030/3863/3029 3078/3864/3103 3077/3862/3102
f 3030/3863/3029 3031/3865/3031 3079/3866/3104 3078/3864/3103
f 3031/3865/3031 3032/3867/3033 3080/3868/3105 3079/3866/3104
f 3032/3867/3033 3033/3869/3035 3081/3870/3106 3080/3868/3105
f 3033/3869/3035 3034/3871/3037 3082/3872/3107 3081/3870/3106
f 3034/3871/3037 3035/3873/3039 3083/3874/3108 3082/3872/3107
f 3035/3873/3039 3036/3875/3041 3084/3876/3109 3083/3874/3108
f 3036/3875/3041 3037/3877/3043 3085/3878/3110 3084/3876/3109
f 3037/3877/3043 3038/3879/3045 3086/3880/3111 3085/3878/3110
f 3038/3879/3045 3039/3881/3047 3087/3882/3112 3086/3880/3111
f 3039/3881/3047 3040/3883/3049 3088/3884/3113 3087/3882/3112
f 3040/3883/3049 3041/3885/3051 3089/3886/3114 3088/3884/3113
f 3041/3885/3051 3042/3887/3053 3090/3888/3115 3089/3886/3114
f 3042/3887/3053 3043/3889/3055 3091/3890/3116 3090/3888/3115
f 3043/3889/3055 3044/3891/3057 3092/3892/3117 3091/3890/3116
f 3044/3891/3057 3045/3893/3059 3093/3894/3118 3092/3892/3117
f 3045/3893/3059 3046/3895/3061 3094/3896/3119 3093/3894/3118
f 3046/3895/3061 3047/3897/3063 3095/3898/3120 3094/3896/3119
f 3047/3897/3063 3048/3899/3065 3096/3900/3121 3095/3898/3120
f 3048/3899/3065 3049/3901/3067 3097/3902/3122 3096/3900/3121
f 3049/3901/3067 3050/3903/3069 3098/3904/3123 3097/3902/3122
f 3050/3903/3069 3051/3905/3071 3099/3906/3124 3098/3904/3123
f 3051/3905/3071 3052/3907/3073 3100/3908/3125 3099/3906/3124
f 3052/3907/3073 3053/3909/3075 3101/3910/3126 3100/3908/3125
f 3053/3909/3075 3054/3911/3077 3102/3912/3127 3101/3910/3126
f 3054/3911/3077 3055/3913/3079 3103/3914/3128 3102/3912/3127
f 3055/3913/3079 3056/3915/3081 3104/3916/3129 3103/3914/3128
f 3056/3915/3081 3009/3821/2989 3057/3824/3083 3104/3916/3129
s 0
f 3057/3824/3130 3058/3823/3130 3059/3826/3130 3060/3828/3130 3061/3830/3130 3062/3832/3130 3063/3834/3130 3064/3836/3130 3065/3838/3130 3066/3840/3130 3067/3842/3130 3068/3844/3130 3069/3846/3130 3070/3848/3130 3071/3850/3130 3072/3852/3130 3073/3854/3130 3074/3856/3130 3075/3858/3130 3076/3860/3130 3077/3862/3130 3078/3864/3130 3079/3866/3130 3080/3868/3130 3081/3870/3130 3082/3872/3130 3083/3874/3130 3084/3876/3130 3085/3878/3130 3086/3880/3130 3087/3882/3130 3088/3884/3130 3089/3886/3130 3090/3888/3130 3091/3890/3130 3092/3892/3130 3093/3894/3130 3094/3896/3130 3095/3898/3130 3096/3900/3130 3097/3902/3130 3098/3904/3130 3099/3906/3130 3100/3908/3130 3101/3910/3130 3102/3912/3130 3103/3914/3130 3104/3916/3130
o Grip_moulded_rib_10.001
v 0.452000 0.018709 -0.087814
v 0.451911 0.016654 -0.087948
v 0.451644 0.015155 -0.088045
v 0.451202 0.013850 -0.088130
v 0.450587 0.012691 -0.088206
v 0.449802 0.011665 -0.088273
v 0.448852 0.010768 -0.088331
v 0.447740 0.010002 -0.088381
v 0.446467 0.009370 -0.088422
v 0.445029 0.008874 -0.088454
v 0.443409 0.008518 -0.088478
v 0.441550 0.008303 -0.088492
v 0.439000 0.008231 -0.088496
v 0.436450 0.008303 -0.088492
v 0.434591 0.008518 -0.088478
v 0.432971 0.008874 -0.088454
v 0.431533 0.009370 -0.088422
v 0.430260 0.010002 -0.088381
v 0.429148 0.010768 -0.088331
v 0.428198 0.011665 -0.088273
v 0.427413 0.012691 -0.088206
v 0.426798 0.013850 -0.088130
v 0.426356 0.015155 -0.088045
v 0.426089 0.016654 -0.087948
v 0.426000 0.018709 -0.087814
v 0.426089 0.020764 -0.087680
v 0.426356 0.022262 -0.087583
v 0.426798 0.023568 -0.087498
v 0.427413 0.024727 -0.087422
v 0.428198 0.025753 -0.087356
v 0.429148 0.026650 -0.087297
v 0.430260 0.027415 -0.087247
v 0.431533 0.028048 -0.087206
v 0.432971 0.028544 -0.087174
v 0.434591 0.028900 -0.087151
v 0.436450 0.029115 -0.087137
v 0.439000 0.029187 -0.087132
v 0.441550 0.029115 -0.087137
v 0.443409 0.028900 -0.087151
v 0.445029 0.028544 -0.087174
v 0.446467 0.028048 -0.087206
v 0.447740 0.027415 -0.087247
v 0.448852 0.026650 -0.087297
v 0.449802 0.025753 -0.087356
v 0.450587 0.024727 -0.087422
v 0.451202 0.023568 -0.087498
v 0.451644 0.022262 -0.087583
v 0.451911 0.020764 -0.087680
v 0.452650 0.018767 -0.088712
v 0.452556 0.016614 -0.088852
v 0.452277 0.015045 -0.088955
v 0.451812 0.013677 -0.089044
v 0.451166 0.012463 -0.089123
v 0.450342 0.011388 -0.089193
v 0.449345 0.010449 -0.089254
v 0.448177 0.009646 -0.089306
v 0.446840 0.008984 -0.089349
v 0.445330 0.008464 -0.089383
v 0.443629 0.008091 -0.089407
v 0.441677 0.007866 -0.089422
v 0.439000 0.007791 -0.089427
v 0.436323 0.007866 -0.089422
v 0.434371 0.008091 -0.089407
v 0.432670 0.008464 -0.089383
v 0.431160 0.008984 -0.089349
v 0.429823 0.009646 -0.089306
v 0.428655 0.010449 -0.089254
v 0.427658 0.011388 -0.089193
v 0.426834 0.012463 -0.089123
v 0.426188 0.013677 -0.089044
v 0.425723 0.015045 -0.088955
v 0.425444 0.016614 -0.088852
v 0.425350 0.018767 -0.088712
v 0.425444 0.020920 -0.088572
v 0.425723 0.022490 -0.088470
v 0.426188 0.023858 -0.088381
v 0.426834 0.025072 -0.088302
v 0.427658 0.026147 -0.088232
v 0.428655 0.027086 -0.088171
v 0.429823 0.027888 -0.088119
v 0.431160 0.028551 -0.088075
v 0.432670 0.029070 -0.088042
v 0.434371 0.029444 -0.088017
v 0.436323 0.029669 -0.088003
v 0.439000 0.029744 -0.087998
v 0.441677 0.029669 -0.088003
v 0.443629 0.029444 -0.088017
v 0.445330 0.029070 -0.088042
v 0.446840 0.028551 -0.088075
v 0.448177 0.027888 -0.088119
v 0.449345 0.027086 -0.088171
v 0.450342 0.026147 -0.088232
v 0.451166 0.025072 -0.088302
v 0.451812 0.023858 -0.088381
v 0.452277 0.022490 -0.088470
v 0.452556 0.020920 -0.088572
v 0.452000 0.018839 -0.089810
v 0.451911 0.016784 -0.089944
v 0.451644 0.015285 -0.090041
v 0.451202 0.013980 -0.090126
v 0.450587 0.012821 -0.090202
v 0.449802 0.011795 -0.090268
v 0.448852 0.010898 -0.090327
v 0.447740 0.010132 -0.090377
v 0.446467 0.009500 -0.090418
v 0.445029 0.009004 -0.090450
v 0.443409 0.008648 -0.090473
v 0.441550 0.008433 -0.090487
v 0.439000 0.008361 -0.090492
v 0.436450 0.008433 -0.090487
v 0.434591 0.008648 -0.090473
v 0.432971 0.009004 -0.090450
v 0.431533 0.009500 -0.090418
v 0.430260 0.010132 -0.090377
v 0.429148 0.010898 -0.090327
v 0.428198 0.011795 -0.090268
v 0.427413 0.012821 -0.090202
v 0.426798 0.013980 -0.090126
v 0.426356 0.015285 -0.090041
v 0.426089 0.016784 -0.089944
v 0.426000 0.018839 -0.089810
v 0.426089 0.020894 -0.089676
v 0.426356 0.022392 -0.089579
v 0.426798 0.023698 -0.089494
v 0.427413 0.024857 -0.089418
v 0.428198 0.025883 -0.089351
v 0.429148 0.026780 -0.089293
v 0.430260 0.027545 -0.089243
v 0.431533 0.028178 -0.089202
v 0.432971 0.028674 -0.089170
v 0.434591 0.029030 -0.089147
v 0.436450 0.029245 -0.089133
v 0.439000 0.029317 -0.089128
v 0.441550 0.029245 -0.089133
v 0.443409 0.029030 -0.089147
v 0.445029 0.028674 -0.089170
v 0.446467 0.028178 -0.089202
v 0.447740 0.027545 -0.089243
v 0.448852 0.026780 -0.089293
v 0.449802 0.025883 -0.089351
v 0.450587 0.024857 -0.089418
v 0.451202 0.023698 -0.089494
v 0.451644 0.022392 -0.089579
v 0.451911 0.020894 -0.089676
vn -0.0000 -0.0650 0.9979
vn 0.8107 -0.0380 0.5842
vn 0.8058 -0.1185 0.5802
vn 0.9950 -0.0993 -0.0064
vn 1.0000 -0.0000 -0.0000
vn 0.7842 -0.2358 0.5740
vn 0.9696 -0.2444 -0.0159
vn 0.7443 -0.3565 0.5647
vn 0.9191 -0.3932 -0.0256
vn 0.6854 -0.4755 0.5514
vn 0.8423 -0.5379 -0.0350
vn 0.6097 -0.5855 0.5342
vn 0.7428 -0.6681 -0.0435
vn 0.5213 -0.6810 0.5143
vn 0.6279 -0.7767 -0.0505
vn 0.4254 -0.7588 0.4931
vn 0.5060 -0.8607 -0.0560
vn 0.3273 -0.8182 0.4727
vn 0.3845 -0.9212 -0.0599
vn 0.2313 -0.8601 0.4547
vn 0.2688 -0.9612 -0.0625
vn 0.1406 -0.8867 0.4405
vn 0.1622 -0.9847 -0.0641
vn 0.0566 -0.9006 0.4309
vn 0.0649 -0.9958 -0.0648
vn -0.0000 -0.9038 0.4279
vn -0.0000 -0.9979 -0.0649
vn -0.0567 -0.9006 0.4309
vn -0.0649 -0.9958 -0.0648
vn -0.1407 -0.8867 0.4405
vn -0.1622 -0.9847 -0.0641
vn -0.2313 -0.8601 0.4547
vn -0.2688 -0.9612 -0.0625
vn -0.3273 -0.8182 0.4727
vn -0.3845 -0.9212 -0.0599
vn -0.4254 -0.7588 0.4931
vn -0.5060 -0.8607 -0.0560
vn -0.5213 -0.6810 0.5143
vn -0.6279 -0.7767 -0.0505
vn -0.6097 -0.5855 0.5342
vn -0.7428 -0.6681 -0.0435
vn -0.6854 -0.4755 0.5514
vn -0.8423 -0.5379 -0.0350
vn -0.7443 -0.3565 0.5647
vn -0.9191 -0.3932 -0.0256
vn -0.7841 -0.2359 0.5740
vn -0.9696 -0.2444 -0.0159
vn -0.8058 -0.1185 0.5802
vn -0.9950 -0.0993 -0.0064
vn -0.8107 -0.0380 0.5842
vn -1.0000 -0.0000 -0.0000
vn -0.8058 0.0423 0.5907
vn -0.9950 0.0993 0.0065
vn -0.7842 0.1594 0.5997
vn -0.9696 0.2444 0.0159
vn -0.7443 0.2803 0.6062
vn -0.9191 0.3932 0.0256
vn -0.6854 0.4000 0.6084
vn -0.8423 0.5379 0.0350
vn -0.6097 0.5113 0.6056
vn -0.7428 0.6681 0.0435
vn -0.5213 0.6086 0.5982
vn -0.6279 0.7767 0.0506
vn -0.4254 0.6885 0.5873
vn -0.5060 0.8607 0.0560
vn -0.3273 0.7500 0.5748
vn -0.3845 0.9212 0.0600
vn -0.2313 0.7939 0.5624
vn -0.2688 0.9612 0.0626
vn -0.1407 0.8221 0.5517
vn -0.1622 0.9847 0.0641
vn -0.0566 0.8372 0.5440
vn -0.0649 0.9958 0.0648
vn -0.0000 0.8407 0.5415
vn -0.0000 0.9979 0.0650
vn 0.0567 0.8372 0.5440
vn 0.0649 0.9958 0.0648
vn 0.1407 0.8221 0.5517
vn 0.1622 0.9847 0.0641
vn 0.2313 0.7939 0.5624
vn 0.2688 0.9612 0.0626
vn 0.3273 0.7500 0.5748
vn 0.3845 0.9212 0.0600
vn 0.4254 0.6885 0.5873
vn 0.5060 0.8607 0.0560
vn 0.5213 0.6086 0.5982
vn 0.6279 0.7767 0.0506
vn 0.6097 0.5113 0.6056
vn 0.7428 0.6681 0.0435
vn 0.6854 0.4000 0.6084
vn 0.8423 0.5379 0.0350
vn 0.7443 0.2803 0.6062
vn 0.9191 0.3932 0.0256
vn 0.7842 0.1594 0.5997
vn 0.9696 0.2444 0.0159
vn 0.8058 0.0423 0.5907
vn 0.9950 0.0993 0.0065
vn 0.8560 -0.0523 -0.5144
vn 0.8610 0.0330 -0.5076
vn 0.8332 -0.1768 -0.5239
vn 0.7906 -0.3051 -0.5309
vn 0.7273 -0.4316 -0.5337
vn 0.6455 -0.5485 -0.5315
vn 0.5503 -0.6495 -0.5247
vn 0.4477 -0.7312 -0.5147
vn 0.3433 -0.7932 -0.5030
vn 0.2418 -0.8366 -0.4915
vn 0.1468 -0.8640 -0.4816
vn 0.0590 -0.8783 -0.4745
vn -0.0000 -0.8815 -0.4721
vn -0.0590 -0.8783 -0.4745
vn -0.1468 -0.8640 -0.4816
vn -0.2419 -0.8366 -0.4915
vn -0.3433 -0.7932 -0.5030
vn -0.4477 -0.7312 -0.5147
vn -0.5503 -0.6495 -0.5247
vn -0.6455 -0.5485 -0.5315
vn -0.7272 -0.4316 -0.5337
vn -0.7906 -0.3051 -0.5309
vn -0.8333 -0.1768 -0.5239
vn -0.8560 -0.0523 -0.5144
vn -0.8610 0.0330 -0.5076
vn -0.8560 0.1185 -0.5033
vn -0.8332 0.2432 -0.4965
vn -0.7906 0.3713 -0.4869
vn -0.7272 0.4972 -0.4732
vn -0.6455 0.6128 -0.4559
vn -0.5503 0.7120 -0.4361
vn -0.4477 0.7918 -0.4155
vn -0.3433 0.8517 -0.3959
vn -0.2418 0.8933 -0.3789
vn -0.1469 0.9191 -0.3656
vn -0.0590 0.9324 -0.3566
vn -0.0000 0.9353 -0.3539
vn 0.0590 0.9324 -0.3566
vn 0.1468 0.9191 -0.3655
vn 0.2419 0.8933 -0.3789
vn 0.3433 0.8517 -0.3960
vn 0.4477 0.7918 -0.4155
vn 0.5503 0.7120 -0.4361
vn 0.6455 0.6128 -0.4559
vn 0.7272 0.4972 -0.4732
vn 0.7906 0.3713 -0.4868
vn 0.8332 0.2432 -0.4965
vn 0.8560 0.1185 -0.5033
vn -0.0000 0.0650 -0.9979
vt 0.907221 0.425428
vt 0.911275 0.426031
vt 0.914822 0.427120
vt 0.917988 0.428684
vt 0.920809 0.430714
vt 0.923294 0.433198
vt 0.925440 0.436128
vt 0.927238 0.439500
vt 0.928681 0.443325
vt 0.929763 0.447648
vt 0.930482 0.452625
vt 0.930868 0.459468
vt 0.930867 0.466322
vt 0.930430 0.471332
vt 0.929593 0.475709
vt 0.928367 0.479609
vt 0.926761 0.483077
vt 0.924784 0.486123
vt 0.922442 0.488743
vt 0.919739 0.490928
vt 0.916666 0.492668
vt 0.913186 0.493955
vt 0.909173 0.494784
vt 0.903648 0.495179
vt 0.898110 0.495096
vt 0.894056 0.494493
vt 0.890510 0.493404
vt 0.887344 0.491840
vt 0.884522 0.489810
vt 0.882037 0.487326
vt 0.879892 0.484396
vt 0.878093 0.481024
vt 0.876650 0.477199
vt 0.875568 0.472876
vt 0.874849 0.467899
vt 0.874463 0.461056
vt 0.874464 0.454202
vt 0.874901 0.449192
vt 0.875739 0.444815
vt 0.876964 0.440915
vt 0.878570 0.437447
vt 0.880548 0.434401
vt 0.882889 0.431781
vt 0.885592 0.429596
vt 0.888665 0.427856
vt 0.892145 0.426569
vt 0.896158 0.425740
vt 0.901683 0.425345
vt 0.895846 0.424013
vt 0.901634 0.423599
vt 0.891642 0.424884
vt 0.887996 0.426235
vt 0.884777 0.428062
vt 0.881945 0.430356
vt 0.879493 0.433107
vt 0.877421 0.436305
vt 0.875739 0.439946
vt 0.874455 0.444041
vt 0.873579 0.448636
vt 0.873120 0.453897
vt 0.873120 0.461094
vt 0.873525 0.468279
vt 0.874278 0.473505
vt 0.875412 0.478044
vt 0.876925 0.482060
vt 0.878809 0.485601
vt 0.881056 0.488678
vt 0.883660 0.491286
vt 0.886616 0.493417
vt 0.889933 0.495060
vt 0.893649 0.496204
vt 0.897895 0.496837
vt 0.903697 0.496925
vt 0.909485 0.496511
vt 0.913690 0.495640
vt 0.917335 0.494289
vt 0.920555 0.492462
vt 0.923386 0.490168
vt 0.925839 0.487417
vt 0.927910 0.484219
vt 0.929592 0.480578
vt 0.930876 0.476483
vt 0.931753 0.471888
vt 0.932211 0.466627
vt 0.932211 0.459430
vt 0.931806 0.452245
vt 0.931053 0.447019
vt 0.929919 0.442480
vt 0.928407 0.438464
vt 0.926522 0.434923
vt 0.924275 0.431846
vt 0.921671 0.429238
vt 0.918715 0.427107
vt 0.915398 0.425464
vt 0.911682 0.424320
vt 0.907436 0.423687
vt 0.095825 0.945308
vt 0.090023 0.945220
vt 0.090237 0.943479
vt 0.095776 0.943563
vt 0.085776 0.944588
vt 0.086184 0.942877
vt 0.082060 0.943444
vt 0.082637 0.941788
vt 0.078743 0.941801
vt 0.079471 0.940223
vt 0.075787 0.939669
vt 0.076649 0.938193
vt 0.073184 0.937061
vt 0.074164 0.935709
vt 0.070936 0.933985
vt 0.072019 0.932779
vt 0.069052 0.930444
vt 0.070221 0.929408
vt 0.067539 0.926428
vt 0.068777 0.925583
vt 0.066406 0.921889
vt 0.067695 0.921260
vt 0.065652 0.916662
vt 0.066976 0.916282
vt 0.065248 0.909477
vt 0.066591 0.909439
vt 0.065248 0.902280
vt 0.066591 0.902585
vt 0.065706 0.897020
vt 0.067029 0.897575
vt 0.066582 0.892424
vt 0.067866 0.893198
vt 0.067866 0.888329
vt 0.069092 0.889298
vt 0.069549 0.884688
vt 0.070698 0.885831
vt 0.071620 0.881490
vt 0.072675 0.882785
vt 0.074072 0.878740
vt 0.075016 0.880165
vt 0.076904 0.876445
vt 0.077719 0.877980
vt 0.080123 0.874618
vt 0.080792 0.876239
vt 0.083769 0.873267
vt 0.084272 0.874953
vt 0.087973 0.872397
vt 0.088285 0.874123
vt 0.093761 0.871983
vt 0.093810 0.873728
vt 0.099563 0.872071
vt 0.099348 0.873812
vt 0.103810 0.872703
vt 0.103402 0.874414
vt 0.107526 0.873847
vt 0.106949 0.875503
vt 0.110842 0.875490
vt 0.110115 0.877068
vt 0.113798 0.877621
vt 0.112936 0.879098
vt 0.116402 0.880230
vt 0.115421 0.881582
vt 0.118650 0.883306
vt 0.117567 0.884511
vt 0.120534 0.886847
vt 0.119365 0.887883
vt 0.122046 0.890863
vt 0.120808 0.891708
vt 0.123180 0.895402
vt 0.121890 0.896031
vt 0.123933 0.900629
vt 0.122609 0.901009
vt 0.124338 0.907814
vt 0.122995 0.907852
vt 0.124338 0.915011
vt 0.122995 0.914706
vt 0.123880 0.920271
vt 0.122557 0.919716
vt 0.123003 0.924867
vt 0.121720 0.924093
vt 0.121719 0.928962
vt 0.120494 0.927993
vt 0.120037 0.932603
vt 0.118888 0.931460
vt 0.117966 0.935801
vt 0.116911 0.934506
vt 0.115513 0.938551
vt 0.114570 0.937126
vt 0.112682 0.940846
vt 0.111867 0.939311
vt 0.109463 0.942673
vt 0.108794 0.941051
vt 0.105817 0.944024
vt 0.105314 0.942338
vt 0.101613 0.944894
vt 0.101300 0.943168
s 0
usemtl 05_|_charcoal_anti_vibration_rubber
f 3152/3917/3131 3151/3918/3131 3150/3919/3131 3149/3920/3131 3148/3921/3131 3147/3922/3131 3146/3923/3131 3145/3924/3131 3144/3925/3131 3143/3926/3131 3142/3927/3131 3141/3928/3131 3140/3929/3131 3139/3930/3131 3138/3931/3131 3137/3932/3131 3136/3933/3131 3135/3934/3131 3134/3935/3131 3133/3936/3131 3132/3937/3131 3131/3938/3131 3130/3939/3131 3129/3940/3131 3128/3941/3131 3127/3942/3131 3126/3943/3131 3125/3944/3131 3124/3945/3131 3123/3946/3131 3122/3947/3131 3121/3948/3131 3120/3949/3131 3119/3950/3131 3118/3951/3131 3117/3952/3131 3116/3953/3131 3115/3954/3131 3114/3955/3131 3113/3956/3131 3112/3957/3131 3111/3958/3131 3110/3959/3131 3109/3960/3131 3108/3961/3131 3107/3962/3131 3106/3963/3131 3105/3964/3131
s 1
f 3105/3964/3132 3106/3963/3133 3154/3965/3134 3153/3966/3135
f 3106/3963/3133 3107/3962/3136 3155/3967/3137 3154/3965/3134
f 3107/3962/3136 3108/3961/3138 3156/3968/3139 3155/3967/3137
f 3108/3961/3138 3109/3960/3140 3157/3969/3141 3156/3968/3139
f 3109/3960/3140 3110/3959/3142 3158/3970/3143 3157/3969/3141
f 3110/3959/3142 3111/3958/3144 3159/3971/3145 3158/3970/3143
f 3111/3958/3144 3112/3957/3146 3160/3972/3147 3159/3971/3145
f 3112/3957/3146 3113/3956/3148 3161/3973/3149 3160/3972/3147
f 3113/3956/3148 3114/3955/3150 3162/3974/3151 3161/3973/3149
f 3114/3955/3150 3115/3954/3152 3163/3975/3153 3162/3974/3151
f 3115/3954/3152 3116/3953/3154 3164/3976/3155 3163/3975/3153
f 3116/3953/3154 3117/3952/3156 3165/3977/3157 3164/3976/3155
f 3117/3952/3156 3118/3951/3158 3166/3978/3159 3165/3977/3157
f 3118/3951/3158 3119/3950/3160 3167/3979/3161 3166/3978/3159
f 3119/3950/3160 3120/3949/3162 3168/3980/3163 3167/3979/3161
f 3120/3949/3162 3121/3948/3164 3169/3981/3165 3168/3980/3163
f 3121/3948/3164 3122/3947/3166 3170/3982/3167 3169/3981/3165
f 3122/3947/3166 3123/3946/3168 3171/3983/3169 3170/3982/3167
f 3123/3946/3168 3124/3945/3170 3172/3984/3171 3171/3983/3169
f 3124/3945/3170 3125/3944/3172 3173/3985/3173 3172/3984/3171
f 3125/3944/3172 3126/3943/3174 3174/3986/3175 3173/3985/3173
f 3126/3943/3174 3127/3942/3176 3175/3987/3177 3174/3986/3175
f 3127/3942/3176 3128/3941/3178 3176/3988/3179 3175/3987/3177
f 3128/3941/3178 3129/3940/3180 3177/3989/3181 3176/3988/3179
f 3129/3940/3180 3130/3939/3182 3178/3990/3183 3177/3989/3181
f 3130/3939/3182 3131/3938/3184 3179/3991/3185 3178/3990/3183
f 3131/3938/3184 3132/3937/3186 3180/3992/3187 3179/3991/3185
f 3132/3937/3186 3133/3936/3188 3181/3993/3189 3180/3992/3187
f 3133/3936/3188 3134/3935/3190 3182/3994/3191 3181/3993/3189
f 3134/3935/3190 3135/3934/3192 3183/3995/3193 3182/3994/3191
f 3135/3934/3192 3136/3933/3194 3184/3996/3195 3183/3995/3193
f 3136/3933/3194 3137/3932/3196 3185/3997/3197 3184/3996/3195
f 3137/3932/3196 3138/3931/3198 3186/3998/3199 3185/3997/3197
f 3138/3931/3198 3139/3930/3200 3187/3999/3201 3186/3998/3199
f 3139/3930/3200 3140/3929/3202 3188/4000/3203 3187/3999/3201
f 3140/3929/3202 3141/3928/3204 3189/4001/3205 3188/4000/3203
f 3141/3928/3204 3142/3927/3206 3190/4002/3207 3189/4001/3205
f 3142/3927/3206 3143/3926/3208 3191/4003/3209 3190/4002/3207
f 3143/3926/3208 3144/3925/3210 3192/4004/3211 3191/4003/3209
f 3144/3925/3210 3145/3924/3212 3193/4005/3213 3192/4004/3211
f 3145/3924/3212 3146/3923/3214 3194/4006/3215 3193/4005/3213
f 3146/3923/3214 3147/3922/3216 3195/4007/3217 3194/4006/3215
f 3147/3922/3216 3148/3921/3218 3196/4008/3219 3195/4007/3217
f 3148/3921/3218 3149/3920/3220 3197/4009/3221 3196/4008/3219
f 3149/3920/3220 3150/3919/3222 3198/4010/3223 3197/4009/3221
f 3150/3919/3222 3151/3918/3224 3199/4011/3225 3198/4010/3223
f 3151/3918/3224 3152/3917/3226 3200/4012/3227 3199/4011/3225
f 3152/3917/3226 3105/3964/3132 3153/3966/3135 3200/4012/3227
f 3153/4013/3135 3154/4014/3134 3202/4015/3228 3201/4016/3229
f 3154/4014/3134 3155/4017/3137 3203/4018/3230 3202/4015/3228
f 3155/4017/3137 3156/4019/3139 3204/4020/3231 3203/4018/3230
f 3156/4019/3139 3157/4021/3141 3205/4022/3232 3204/4020/3231
f 3157/4021/3141 3158/4023/3143 3206/4024/3233 3205/4022/3232
f 3158/4023/3143 3159/4025/3145 3207/4026/3234 3206/4024/3233
f 3159/4025/3145 3160/4027/3147 3208/4028/3235 3207/4026/3234
f 3160/4027/3147 3161/4029/3149 3209/4030/3236 3208/4028/3235
f 3161/4029/3149 3162/4031/3151 3210/4032/3237 3209/4030/3236
f 3162/4031/3151 3163/4033/3153 3211/4034/3238 3210/4032/3237
f 3163/4033/3153 3164/4035/3155 3212/4036/3239 3211/4034/3238
f 3164/4035/3155 3165/4037/3157 3213/4038/3240 3212/4036/3239
f 3165/4037/3157 3166/4039/3159 3214/4040/3241 3213/4038/3240
f 3166/4039/3159 3167/4041/3161 3215/4042/3242 3214/4040/3241
f 3167/4041/3161 3168/4043/3163 3216/4044/3243 3215/4042/3242
f 3168/4043/3163 3169/4045/3165 3217/4046/3244 3216/4044/3243
f 3169/4045/3165 3170/4047/3167 3218/4048/3245 3217/4046/3244
f 3170/4047/3167 3171/4049/3169 3219/4050/3246 3218/4048/3245
f 3171/4049/3169 3172/4051/3171 3220/4052/3247 3219/4050/3246
f 3172/4051/3171 3173/4053/3173 3221/4054/3248 3220/4052/3247
f 3173/4053/3173 3174/4055/3175 3222/4056/3249 3221/4054/3248
f 3174/4055/3175 3175/4057/3177 3223/4058/3250 3222/4056/3249
f 3175/4057/3177 3176/4059/3179 3224/4060/3251 3223/4058/3250
f 3176/4059/3179 3177/4061/3181 3225/4062/3252 3224/4060/3251
f 3177/4061/3181 3178/4063/3183 3226/4064/3253 3225/4062/3252
f 3178/4063/3183 3179/4065/3185 3227/4066/3254 3226/4064/3253
f 3179/4065/3185 3180/4067/3187 3228/4068/3255 3227/4066/3254
f 3180/4067/3187 3181/4069/3189 3229/4070/3256 3228/4068/3255
f 3181/4069/3189 3182/4071/3191 3230/4072/3257 3229/4070/3256
f 3182/4071/3191 3183/4073/3193 3231/4074/3258 3230/4072/3257
f 3183/4073/3193 3184/4075/3195 3232/4076/3259 3231/4074/3258
f 3184/4075/3195 3185/4077/3197 3233/4078/3260 3232/4076/3259
f 3185/4077/3197 3186/4079/3199 3234/4080/3261 3233/4078/3260
f 3186/4079/3199 3187/4081/3201 3235/4082/3262 3234/4080/3261
f 3187/4081/3201 3188/4083/3203 3236/4084/3263 3235/4082/3262
f 3188/4083/3203 3189/4085/3205 3237/4086/3264 3236/4084/3263
f 3189/4085/3205 3190/4087/3207 3238/4088/3265 3237/4086/3264
f 3190/4087/3207 3191/4089/3209 3239/4090/3266 3238/4088/3265
f 3191/4089/3209 3192/4091/3211 3240/4092/3267 3239/4090/3266
f 3192/4091/3211 3193/4093/3213 3241/4094/3268 3240/4092/3267
f 3193/4093/3213 3194/4095/3215 3242/4096/3269 3241/4094/3268
f 3194/4095/3215 3195/4097/3217 3243/4098/3270 3242/4096/3269
f 3195/4097/3217 3196/4099/3219 3244/4100/3271 3243/4098/3270
f 3196/4099/3219 3197/4101/3221 3245/4102/3272 3244/4100/3271
f 3197/4101/3221 3198/4103/3223 3246/4104/3273 3245/4102/3272
f 3198/4103/3223 3199/4105/3225 3247/4106/3274 3246/4104/3273
f 3199/4105/3225 3200/4107/3227 3248/4108/3275 3247/4106/3274
f 3200/4107/3227 3153/4013/3135 3201/4016/3229 3248/4108/3275
s 0
f 3201/4016/3276 3202/4015/3276 3203/4018/3276 3204/4020/3276 3205/4022/3276 3206/4024/3276 3207/4026/3276 3208/4028/3276 3209/4030/3276 3210/4032/3276 3211/4034/3276 3212/4036/3276 3213/4038/3276 3214/4040/3276 3215/4042/3276 3216/4044/3276 3217/4046/3276 3218/4048/3276 3219/4050/3276 3220/4052/3276 3221/4054/3276 3222/4056/3276 3223/4058/3276 3224/4060/3276 3225/4062/3276 3226/4064/3276 3227/4066/3276 3228/4068/3276 3229/4070/3276 3230/4072/3276 3231/4074/3276 3232/4076/3276 3233/4078/3276 3234/4080/3276 3235/4082/3276 3236/4084/3276 3237/4086/3276 3238/4088/3276 3239/4090/3276 3240/4092/3276 3241/4094/3276 3242/4096/3276 3243/4098/3276 3244/4100/3276 3245/4102/3276 3246/4104/3276 3247/4106/3276 3248/4108/3276
o Grip_moulded_rib_11.001
v 0.451800 0.019164 -0.094799
v 0.451712 0.017138 -0.094931
v 0.451450 0.015661 -0.095027
v 0.451014 0.014374 -0.095111
v 0.450409 0.013232 -0.095186
v 0.449636 0.012220 -0.095251
v 0.448701 0.011336 -0.095309
v 0.447605 0.010581 -0.095358
v 0.446352 0.009958 -0.095399
v 0.444936 0.009469 -0.095430
v 0.443341 0.009118 -0.095453
v 0.441511 0.008906 -0.095467
v 0.439000 0.008835 -0.095472
v 0.436489 0.008906 -0.095467
v 0.434659 0.009118 -0.095453
v 0.433064 0.009469 -0.095430
v 0.431648 0.009958 -0.095399
v 0.430395 0.010581 -0.095358
v 0.429299 0.011336 -0.095309
v 0.428364 0.012220 -0.095251
v 0.427591 0.013232 -0.095186
v 0.426986 0.014374 -0.095111
v 0.426550 0.015661 -0.095027
v 0.426288 0.017138 -0.094931
v 0.426200 0.019164 -0.094799
v 0.426288 0.021189 -0.094668
v 0.426550 0.022666 -0.094571
v 0.426986 0.023953 -0.094488
v 0.427591 0.025096 -0.094413
v 0.428364 0.026107 -0.094347
v 0.429299 0.026991 -0.094290
v 0.430395 0.027746 -0.094241
v 0.431648 0.028369 -0.094200
v 0.433064 0.028858 -0.094168
v 0.434659 0.029209 -0.094145
v 0.436489 0.029421 -0.094132
v 0.439000 0.029492 -0.094127
v 0.441511 0.029421 -0.094132
v 0.443341 0.029209 -0.094145
v 0.444936 0.028858 -0.094168
v 0.446352 0.028369 -0.094200
v 0.447605 0.027746 -0.094241
v 0.448701 0.026991 -0.094290
v 0.449636 0.026107 -0.094347
v 0.450409 0.025096 -0.094413
v 0.451014 0.023953 -0.094488
v 0.451450 0.022666 -0.094571
v 0.451712 0.021189 -0.094668
v 0.452450 0.019222 -0.095697
v 0.452358 0.017098 -0.095836
v 0.452082 0.015550 -0.095937
v 0.451625 0.014201 -0.096024
v 0.450988 0.013004 -0.096102
v 0.450176 0.011943 -0.096171
v 0.449193 0.011017 -0.096232
v 0.448042 0.010225 -0.096283
v 0.446725 0.009572 -0.096326
v 0.445237 0.009059 -0.096359
v 0.443562 0.008691 -0.096383
v 0.441638 0.008469 -0.096397
v 0.439000 0.008395 -0.096402
v 0.436362 0.008469 -0.096397
v 0.434438 0.008691 -0.096383
v 0.432763 0.009059 -0.096359
v 0.431275 0.009572 -0.096326
v 0.429958 0.010225 -0.096283
v 0.428807 0.011017 -0.096232
v 0.427824 0.011943 -0.096171
v 0.427012 0.013004 -0.096102
v 0.426375 0.014201 -0.096024
v 0.425918 0.015550 -0.095937
v 0.425642 0.017098 -0.095836
v 0.425550 0.019222 -0.095697
v 0.425642 0.021346 -0.095559
v 0.425918 0.022894 -0.095458
v 0.426375 0.024243 -0.095371
v 0.427012 0.025441 -0.095293
v 0.427824 0.026501 -0.095224
v 0.428807 0.027427 -0.095163
v 0.429958 0.028219 -0.095112
v 0.431275 0.028872 -0.095069
v 0.432763 0.029385 -0.095036
v 0.434438 0.029753 -0.095012
v 0.436362 0.029975 -0.094998
v 0.439000 0.030049 -0.094993
v 0.441638 0.029975 -0.094998
v 0.443562 0.029753 -0.095012
v 0.445237 0.029385 -0.095036
v 0.446725 0.028872 -0.095069
v 0.448042 0.028219 -0.095112
v 0.449193 0.027427 -0.095163
v 0.450176 0.026501 -0.095224
v 0.450988 0.025441 -0.095293
v 0.451625 0.024243 -0.095371
v 0.452082 0.022894 -0.095458
v 0.452358 0.021346 -0.095559
v 0.451800 0.019293 -0.096795
v 0.451712 0.017268 -0.096927
v 0.451450 0.015791 -0.097023
v 0.451014 0.014504 -0.097107
v 0.450409 0.013362 -0.097181
v 0.449636 0.012350 -0.097247
v 0.448701 0.011466 -0.097305
v 0.447605 0.010711 -0.097354
v 0.446352 0.010088 -0.097394
v 0.444936 0.009599 -0.097426
v 0.443341 0.009248 -0.097449
v 0.441511 0.009036 -0.097463
v 0.439000 0.008965 -0.097467
v 0.436489 0.009036 -0.097463
v 0.434659 0.009248 -0.097449
v 0.433064 0.009599 -0.097426
v 0.431648 0.010088 -0.097394
v 0.430395 0.010711 -0.097354
v 0.429299 0.011466 -0.097305
v 0.428364 0.012350 -0.097247
v 0.427591 0.013362 -0.097181
v 0.426986 0.014504 -0.097107
v 0.426550 0.015791 -0.097023
v 0.426288 0.017268 -0.096927
v 0.426200 0.019293 -0.096795
v 0.426288 0.021319 -0.096663
v 0.426550 0.022796 -0.096567
v 0.426986 0.024083 -0.096483
v 0.427591 0.025225 -0.096409
v 0.428364 0.026237 -0.096343
v 0.429299 0.027121 -0.096286
v 0.430395 0.027876 -0.096237
v 0.431648 0.028499 -0.096196
v 0.433064 0.028988 -0.096164
v 0.434659 0.029339 -0.096141
v 0.436489 0.029551 -0.096127
v 0.439000 0.029622 -0.096123
v 0.441511 0.029551 -0.096127
v 0.443341 0.029339 -0.096141
v 0.444936 0.028988 -0.096164
v 0.446352 0.028499 -0.096196
v 0.447605 0.027876 -0.096237
v 0.448701 0.027121 -0.096286
v 0.449636 0.026237 -0.096343
v 0.450409 0.025225 -0.096409
v 0.451014 0.024083 -0.096483
v 0.451450 0.022796 -0.096567
v 0.451712 0.021319 -0.096663
vn -0.0000 -0.0650 0.9979
vn 0.8107 -0.0380 0.5842
vn 0.8058 -0.1184 0.5802
vn 0.9951 -0.0992 -0.0064
vn 1.0000 -0.0000 -0.0000
vn 0.7842 -0.2356 0.5740
vn 0.9696 -0.2441 -0.0159
vn 0.7444 -0.3562 0.5648
vn 0.9193 -0.3928 -0.0255
vn 0.6856 -0.4751 0.5515
vn 0.8425 -0.5375 -0.0350
vn 0.6100 -0.5852 0.5343
vn 0.7432 -0.6677 -0.0435
vn 0.5216 -0.6807 0.5143
vn 0.6283 -0.7763 -0.0505
vn 0.4258 -0.7586 0.4932
vn 0.5064 -0.8605 -0.0560
vn 0.3276 -0.8180 0.4728
vn 0.3849 -0.9210 -0.0599
vn 0.2315 -0.8600 0.4548
vn 0.2690 -0.9611 -0.0625
vn 0.1408 -0.8866 0.4405
vn 0.1624 -0.9846 -0.0641
vn 0.0567 -0.9006 0.4309
vn 0.0650 -0.9958 -0.0648
vn -0.0000 -0.9038 0.4279
vn -0.0000 -0.9979 -0.0649
vn -0.0567 -0.9006 0.4309
vn -0.0650 -0.9958 -0.0648
vn -0.1408 -0.8866 0.4405
vn -0.1624 -0.9846 -0.0641
vn -0.2315 -0.8600 0.4548
vn -0.2690 -0.9611 -0.0625
vn -0.3276 -0.8180 0.4728
vn -0.3849 -0.9210 -0.0599
vn -0.4258 -0.7586 0.4932
vn -0.5064 -0.8605 -0.0560
vn -0.5216 -0.6807 0.5143
vn -0.6283 -0.7763 -0.0505
vn -0.6100 -0.5852 0.5343
vn -0.7431 -0.6677 -0.0435
vn -0.6856 -0.4751 0.5515
vn -0.8425 -0.5375 -0.0350
vn -0.7444 -0.3562 0.5648
vn -0.9193 -0.3928 -0.0255
vn -0.7842 -0.2356 0.5740
vn -0.9696 -0.2441 -0.0159
vn -0.8058 -0.1184 0.5802
vn -0.9950 -0.0992 -0.0064
vn -0.8107 -0.0380 0.5842
vn -1.0000 -0.0000 -0.0000
vn -0.8058 0.0422 0.5907
vn -0.9951 0.0992 0.0065
vn -0.7842 0.1593 0.5997
vn -0.9696 0.2441 0.0159
vn -0.7444 0.2801 0.6062
vn -0.9193 0.3928 0.0256
vn -0.6856 0.3996 0.6084
vn -0.8425 0.5375 0.0350
vn -0.6100 0.5110 0.6057
vn -0.7432 0.6677 0.0435
vn -0.5216 0.6083 0.5982
vn -0.6283 0.7763 0.0505
vn -0.4258 0.6883 0.5874
vn -0.5064 0.8605 0.0560
vn -0.3276 0.7498 0.5748
vn -0.3849 0.9210 0.0600
vn -0.2314 0.7938 0.5624
vn -0.2690 0.9611 0.0626
vn -0.1408 0.8220 0.5517
vn -0.1624 0.9846 0.0641
vn -0.0567 0.8371 0.5440
vn -0.0650 0.9958 0.0648
vn -0.0000 0.8407 0.5415
vn -0.0000 0.9979 0.0650
vn 0.0567 0.8371 0.5440
vn 0.0650 0.9958 0.0648
vn 0.1408 0.8220 0.5517
vn 0.1624 0.9846 0.0641
vn 0.2314 0.7938 0.5624
vn 0.2690 0.9611 0.0626
vn 0.3276 0.7498 0.5748
vn 0.3849 0.9210 0.0600
vn 0.4258 0.6883 0.5874
vn 0.5064 0.8605 0.0560
vn 0.5217 0.6083 0.5982
vn 0.6283 0.7763 0.0505
vn 0.6100 0.5110 0.6057
vn 0.7431 0.6677 0.0435
vn 0.6856 0.3996 0.6084
vn 0.8425 0.5375 0.0350
vn 0.7444 0.2800 0.6062
vn 0.9193 0.3928 0.0256
vn 0.7842 0.1592 0.5997
vn 0.9696 0.2441 0.0159
vn 0.8058 0.0422 0.5907
vn 0.9950 0.0992 0.0065
vn 0.8560 -0.0522 -0.5144
vn 0.8610 0.0330 -0.5076
vn 0.8333 -0.1766 -0.5239
vn 0.7908 -0.3048 -0.5309
vn 0.7274 -0.4313 -0.5337
vn 0.6458 -0.5481 -0.5315
vn 0.5507 -0.6491 -0.5248
vn 0.4480 -0.7310 -0.5147
vn 0.3436 -0.7930 -0.5031
vn 0.2421 -0.8365 -0.4915
vn 0.1469 -0.8640 -0.4816
vn 0.0591 -0.8783 -0.4745
vn -0.0000 -0.8815 -0.4721
vn -0.0591 -0.8783 -0.4745
vn -0.1469 -0.8640 -0.4816
vn -0.2421 -0.8365 -0.4915
vn -0.3436 -0.7930 -0.5031
vn -0.4480 -0.7310 -0.5147
vn -0.5507 -0.6491 -0.5248
vn -0.6458 -0.5481 -0.5315
vn -0.7274 -0.4313 -0.5337
vn -0.7908 -0.3048 -0.5308
vn -0.8333 -0.1766 -0.5239
vn -0.8560 -0.0522 -0.5144
vn -0.8610 0.0330 -0.5076
vn -0.8560 0.1185 -0.5033
vn -0.8333 0.2430 -0.4965
vn -0.7908 0.3710 -0.4869
vn -0.7274 0.4969 -0.4732
vn -0.6458 0.6124 -0.4560
vn -0.5507 0.7117 -0.4362
vn -0.4480 0.7915 -0.4156
vn -0.3436 0.8515 -0.3960
vn -0.2421 0.8932 -0.3789
vn -0.1470 0.9191 -0.3656
vn -0.0591 0.9324 -0.3566
vn -0.0000 0.9353 -0.3539
vn 0.0591 0.9324 -0.3566
vn 0.1469 0.9191 -0.3656
vn 0.2421 0.8932 -0.3789
vn 0.3436 0.8516 -0.3960
vn 0.4480 0.7915 -0.4156
vn 0.5507 0.7117 -0.4362
vn 0.6458 0.6124 -0.4560
vn 0.7274 0.4969 -0.4732
vn 0.7908 0.3710 -0.4869
vn 0.8333 0.2430 -0.4965
vn 0.8560 0.1184 -0.5033
vn -0.0000 0.0650 -0.9979
vt 0.923764 0.102108
vt 0.927759 0.102701
vt 0.931256 0.103773
vt 0.934376 0.105313
vt 0.937158 0.107311
vt 0.939607 0.109757
vt 0.941722 0.112642
vt 0.943494 0.115962
vt 0.944917 0.119727
vt 0.945984 0.123984
vt 0.946692 0.128885
vt 0.947072 0.135623
vt 0.947072 0.142371
vt 0.946641 0.147304
vt 0.945815 0.151614
vt 0.944607 0.155454
vt 0.943024 0.158868
vt 0.941075 0.161867
vt 0.938767 0.164447
vt 0.936103 0.166599
vt 0.933074 0.168312
vt 0.929643 0.169580
vt 0.925687 0.170397
vt 0.920242 0.170786
vt 0.914783 0.170704
vt 0.910787 0.170111
vt 0.907291 0.169039
vt 0.904170 0.167499
vt 0.901389 0.165500
vt 0.898939 0.163054
vt 0.896824 0.160170
vt 0.895052 0.156850
vt 0.893629 0.153084
vt 0.892563 0.148828
vt 0.891854 0.143927
vt 0.891474 0.137189
vt 0.891474 0.130441
vt 0.891906 0.125508
vt 0.892731 0.121198
vt 0.893939 0.117358
vt 0.895522 0.113943
vt 0.897471 0.110944
vt 0.899779 0.108365
vt 0.902443 0.106213
vt 0.905472 0.104499
vt 0.908903 0.103232
vt 0.912859 0.102415
vt 0.918305 0.102026
vt 0.912546 0.100689
vt 0.918255 0.100280
vt 0.908399 0.101547
vt 0.904803 0.102878
vt 0.901628 0.104678
vt 0.898835 0.106939
vt 0.896416 0.109650
vt 0.894373 0.112801
vt 0.892714 0.116389
vt 0.891447 0.120424
vt 0.890583 0.124952
vt 0.890131 0.130136
vt 0.890131 0.137227
vt 0.890530 0.144307
vt 0.891273 0.149457
vt 0.892391 0.153929
vt 0.893883 0.157886
vt 0.895742 0.161375
vt 0.897959 0.164406
vt 0.900527 0.166976
vt 0.903442 0.169076
vt 0.906714 0.170695
vt 0.910379 0.171822
vt 0.914568 0.172445
vt 0.920291 0.172532
vt 0.926000 0.172123
vt 0.930147 0.171265
vt 0.933743 0.169934
vt 0.936918 0.168133
vt 0.939711 0.165872
vt 0.942130 0.163162
vt 0.944173 0.160011
vt 0.945832 0.156423
vt 0.947099 0.152388
vt 0.947963 0.147859
vt 0.948415 0.142676
vt 0.948415 0.135585
vt 0.948016 0.128505
vt 0.947273 0.123355
vt 0.946155 0.118882
vt 0.944663 0.114925
vt 0.942805 0.111437
vt 0.940588 0.108405
vt 0.938020 0.105835
vt 0.935104 0.103735
vt 0.931832 0.102117
vt 0.928167 0.100990
vt 0.923978 0.100367
vt 0.922332 0.672711
vt 0.916610 0.672625
vt 0.916824 0.670883
vt 0.922283 0.670965
vt 0.912421 0.672001
vt 0.912829 0.670290
vt 0.908756 0.670875
vt 0.909332 0.669218
vt 0.905484 0.669256
vt 0.906211 0.667678
vt 0.902568 0.667156
vt 0.903430 0.665680
vt 0.900000 0.664586
vt 0.900981 0.663234
vt 0.897783 0.661555
vt 0.898866 0.660349
vt 0.895925 0.658066
vt 0.897093 0.657029
vt 0.894433 0.654109
vt 0.895671 0.653264
vt 0.893315 0.649636
vt 0.894604 0.649007
vt 0.892572 0.644486
vt 0.893896 0.644106
vt 0.892172 0.637406
vt 0.893515 0.637368
vt 0.892172 0.630315
vt 0.893516 0.630620
vt 0.892624 0.625132
vt 0.893947 0.625687
vt 0.893489 0.620603
vt 0.894772 0.621377
vt 0.894756 0.616568
vt 0.895981 0.617537
vt 0.896415 0.612980
vt 0.897564 0.614123
vt 0.898458 0.609829
vt 0.899513 0.611124
vt 0.900877 0.607119
vt 0.901821 0.608544
vt 0.903670 0.604858
vt 0.904485 0.606392
vt 0.906845 0.603057
vt 0.907514 0.604679
vt 0.910441 0.601726
vt 0.910944 0.603411
vt 0.914588 0.600868
vt 0.914900 0.602594
vt 0.920297 0.600460
vt 0.920346 0.602205
vt 0.926020 0.600546
vt 0.925805 0.602287
vt 0.930208 0.601169
vt 0.929801 0.602880
vt 0.933874 0.602296
vt 0.933297 0.603952
vt 0.937145 0.603915
vt 0.936418 0.605493
vt 0.940061 0.606015
vt 0.939199 0.607491
vt 0.942629 0.608585
vt 0.941649 0.609937
vt 0.944846 0.611616
vt 0.943763 0.612821
vt 0.946705 0.615105
vt 0.945536 0.616141
vt 0.948196 0.619062
vt 0.946959 0.619907
vt 0.949315 0.623535
vt 0.948025 0.624163
vt 0.950058 0.628684
vt 0.948734 0.629064
vt 0.950457 0.635764
vt 0.949114 0.635802
vt 0.950457 0.642855
vt 0.949114 0.642551
vt 0.950005 0.648039
vt 0.948682 0.647484
vt 0.949140 0.652567
vt 0.947857 0.651793
vt 0.947874 0.656602
vt 0.946649 0.655633
vt 0.946215 0.660190
vt 0.945066 0.659048
vt 0.944172 0.663341
vt 0.943117 0.662047
vt 0.941753 0.666052
vt 0.940809 0.664627
vt 0.938960 0.668313
vt 0.938145 0.666778
vt 0.935784 0.670113
vt 0.935115 0.668492
vt 0.932188 0.671444
vt 0.931685 0.669759
vt 0.928041 0.672302
vt 0.927729 0.670576
s 0
usemtl 05_|_charcoal_anti_vibration_rubber
f 3296/4109/3277 3295/4110/3277 3294/4111/3277 3293/4112/3277 3292/4113/3277 3291/4114/3277 3290/4115/3277 3289/4116/3277 3288/4117/3277 3287/4118/3277 3286/4119/3277 3285/4120/3277 3284/4121/3277 3283/4122/3277 3282/4123/3277 3281/4124/3277 3280/4125/3277 3279/4126/3277 3278/4127/3277 3277/4128/3277 3276/4129/3277 3275/4130/3277 3274/4131/3277 3273/4132/3277 3272/4133/3277 3271/4134/3277 3270/4135/3277 3269/4136/3277 3268/4137/3277 3267/4138/3277 3266/4139/3277 3265/4140/3277 3264/4141/3277 3263/4142/3277 3262/4143/3277 3261/4144/3277 3260/4145/3277 3259/4146/3277 3258/4147/3277 3257/4148/3277 3256/4149/3277 3255/4150/3277 3254/4151/3277 3253/4152/3277 3252/4153/3277 3251/4154/3277 3250/4155/3277 3249/4156/3277
s 1
f 3249/4156/3278 3250/4155/3279 3298/4157/3280 3297/4158/3281
f 3250/4155/3279 3251/4154/3282 3299/4159/3283 3298/4157/3280
f 3251/4154/3282 3252/4153/3284 3300/4160/3285 3299/4159/3283
f 3252/4153/3284 3253/4152/3286 3301/4161/3287 3300/4160/3285
f 3253/4152/3286 3254/4151/3288 3302/4162/3289 3301/4161/3287
f 3254/4151/3288 3255/4150/3290 3303/4163/3291 3302/4162/3289
f 3255/4150/3290 3256/4149/3292 3304/4164/3293 3303/4163/3291
f 3256/4149/3292 3257/4148/3294 3305/4165/3295 3304/4164/3293
f 3257/4148/3294 3258/4147/3296 3306/4166/3297 3305/4165/3295
f 3258/4147/3296 3259/4146/3298 3307/4167/3299 3306/4166/3297
f 3259/4146/3298 3260/4145/3300 3308/4168/3301 3307/4167/3299
f 3260/4145/3300 3261/4144/3302 3309/4169/3303 3308/4168/3301
f 3261/4144/3302 3262/4143/3304 3310/4170/3305 3309/4169/3303
f 3262/4143/3304 3263/4142/3306 3311/4171/3307 3310/4170/3305
f 3263/4142/3306 3264/4141/3308 3312/4172/3309 3311/4171/3307
f 3264/4141/3308 3265/4140/3310 3313/4173/3311 3312/4172/3309
f 3265/4140/3310 3266/4139/3312 3314/4174/3313 3313/4173/3311
f 3266/4139/3312 3267/4138/3314 3315/4175/3315 3314/4174/3313
f 3267/4138/3314 3268/4137/3316 3316/4176/3317 3315/4175/3315
f 3268/4137/3316 3269/4136/3318 3317/4177/3319 3316/4176/3317
f 3269/4136/3318 3270/4135/3320 3318/4178/3321 3317/4177/3319
f 3270/4135/3320 3271/4134/3322 3319/4179/3323 3318/4178/3321
f 3271/4134/3322 3272/4133/3324 3320/4180/3325 3319/4179/3323
f 3272/4133/3324 3273/4132/3326 3321/4181/3327 3320/4180/3325
f 3273/4132/3326 3274/4131/3328 3322/4182/3329 3321/4181/3327
f 3274/4131/3328 3275/4130/3330 3323/4183/3331 3322/4182/3329
f 3275/4130/3330 3276/4129/3332 3324/4184/3333 3323/4183/3331
f 3276/4129/3332 3277/4128/3334 3325/4185/3335 3324/4184/3333
f 3277/4128/3334 3278/4127/3336 3326/4186/3337 3325/4185/3335
f 3278/4127/3336 3279/4126/3338 3327/4187/3339 3326/4186/3337
f 3279/4126/3338 3280/4125/3340 3328/4188/3341 3327/4187/3339
f 3280/4125/3340 3281/4124/3342 3329/4189/3343 3328/4188/3341
f 3281/4124/3342 3282/4123/3344 3330/4190/3345 3329/4189/3343
f 3282/4123/3344 3283/4122/3346 3331/4191/3347 3330/4190/3345
f 3283/4122/3346 3284/4121/3348 3332/4192/3349 3331/4191/3347
f 3284/4121/3348 3285/4120/3350 3333/4193/3351 3332/4192/3349
f 3285/4120/3350 3286/4119/3352 3334/4194/3353 3333/4193/3351
f 3286/4119/3352 3287/4118/3354 3335/4195/3355 3334/4194/3353
f 3287/4118/3354 3288/4117/3356 3336/4196/3357 3335/4195/3355
f 3288/4117/3356 3289/4116/3358 3337/4197/3359 3336/4196/3357
f 3289/4116/3358 3290/4115/3360 3338/4198/3361 3337/4197/3359
f 3290/4115/3360 3291/4114/3362 3339/4199/3363 3338/4198/3361
f 3291/4114/3362 3292/4113/3364 3340/4200/3365 3339/4199/3363
f 3292/4113/3364 3293/4112/3366 3341/4201/3367 3340/4200/3365
f 3293/4112/3366 3294/4111/3368 3342/4202/3369 3341/4201/3367
f 3294/4111/3368 3295/4110/3370 3343/4203/3371 3342/4202/3369
f 3295/4110/3370 3296/4109/3372 3344/4204/3373 3343/4203/3371
f 3296/4109/3372 3249/4156/3278 3297/4158/3281 3344/4204/3373
f 3297/4205/3281 3298/4206/3280 3346/4207/3374 3345/4208/3375
f 3298/4206/3280 3299/4209/3283 3347/4210/3376 3346/4207/3374
f 3299/4209/3283 3300/4211/3285 3348/4212/3377 3347/4210/3376
f 3300/4211/3285 3301/4213/3287 3349/4214/3378 3348/4212/3377
f 3301/4213/3287 3302/4215/3289 3350/4216/3379 3349/4214/3378
f 3302/4215/3289 3303/4217/3291 3351/4218/3380 3350/4216/3379
f 3303/4217/3291 3304/4219/3293 3352/4220/3381 3351/4218/3380
f 3304/4219/3293 3305/4221/3295 3353/4222/3382 3352/4220/3381
f 3305/4221/3295 3306/4223/3297 3354/4224/3383 3353/4222/3382
f 3306/4223/3297 3307/4225/3299 3355/4226/3384 3354/4224/3383
f 3307/4225/3299 3308/4227/3301 3356/4228/3385 3355/4226/3384
f 3308/4227/3301 3309/4229/3303 3357/4230/3386 3356/4228/3385
f 3309/4229/3303 3310/4231/3305 3358/4232/3387 3357/4230/3386
f 3310/4231/3305 3311/4233/3307 3359/4234/3388 3358/4232/3387
f 3311/4233/3307 3312/4235/3309 3360/4236/3389 3359/4234/3388
f 3312/4235/3309 3313/4237/3311 3361/4238/3390 3360/4236/3389
f 3313/4237/3311 3314/4239/3313 3362/4240/3391 3361/4238/3390
f 3314/4239/3313 3315/4241/3315 3363/4242/3392 3362/4240/3391
f 3315/4241/3315 3316/4243/3317 3364/4244/3393 3363/4242/3392
f 3316/4243/3317 3317/4245/3319 3365/4246/3394 3364/4244/3393
f 3317/4245/3319 3318/4247/3321 3366/4248/3395 3365/4246/3394
f 3318/4247/3321 3319/4249/3323 3367/4250/3396 3366/4248/3395
f 3319/4249/3323 3320/4251/3325 3368/4252/3397 3367/4250/3396
f 3320/4251/3325 3321/4253/3327 3369/4254/3398 3368/4252/3397
f 3321/4253/3327 3322/4255/3329 3370/4256/3399 3369/4254/3398
f 3322/4255/3329 3323/4257/3331 3371/4258/3400 3370/4256/3399
f 3323/4257/3331 3324/4259/3333 3372/4260/3401 3371/4258/3400
f 3324/4259/3333 3325/4261/3335 3373/4262/3402 3372/4260/3401
f 3325/4261/3335 3326/4263/3337 3374/4264/3403 3373/4262/3402
f 3326/4263/3337 3327/4265/3339 3375/4266/3404 3374/4264/3403
f 3327/4265/3339 3328/4267/3341 3376/4268/3405 3375/4266/3404
f 3328/4267/3341 3329/4269/3343 3377/4270/3406 3376/4268/3405
f 3329/4269/3343 3330/4271/3345 3378/4272/3407 3377/4270/3406
f 3330/4271/3345 3331/4273/3347 3379/4274/3408 3378/4272/3407
f 3331/4273/3347 3332/4275/3349 3380/4276/3409 3379/4274/3408
f 3332/4275/3349 3333/4277/3351 3381/4278/3410 3380/4276/3409
f 3333/4277/3351 3334/4279/3353 3382/4280/3411 3381/4278/3410
f 3334/4279/3353 3335/4281/3355 3383/4282/3412 3382/4280/3411
f 3335/4281/3355 3336/4283/3357 3384/4284/3413 3383/4282/3412
f 3336/4283/3357 3337/4285/3359 3385/4286/3414 3384/4284/3413
f 3337/4285/3359 3338/4287/3361 3386/4288/3415 3385/4286/3414
f 3338/4287/3361 3339/4289/3363 3387/4290/3416 3386/4288/3415
f 3339/4289/3363 3340/4291/3365 3388/4292/3417 3387/4290/3416
f 3340/4291/3365 3341/4293/3367 3389/4294/3418 3388/4292/3417
f 3341/4293/3367 3342/4295/3369 3390/4296/3419 3389/4294/3418
f 3342/4295/3369 3343/4297/3371 3391/4298/3420 3390/4296/3419
f 3343/4297/3371 3344/4299/3373 3392/4300/3421 3391/4298/3420
f 3344/4299/3373 3297/4205/3281 3345/4208/3375 3392/4300/3421
s 0
f 3345/4208/3422 3346/4207/3422 3347/4210/3422 3348/4212/3422 3349/4214/3422 3350/4216/3422 3351/4218/3422 3352/4220/3422 3353/4222/3422 3354/4224/3422 3355/4226/3422 3356/4228/3422 3357/4230/3422 3358/4232/3422 3359/4234/3422 3360/4236/3422 3361/4238/3422 3362/4240/3422 3363/4242/3422 3364/4244/3422 3365/4246/3422 3366/4248/3422 3367/4250/3422 3368/4252/3422 3369/4254/3422 3370/4256/3422 3371/4258/3422 3372/4260/3422 3373/4262/3422 3374/4264/3422 3375/4266/3422 3376/4268/3422 3377/4270/3422 3378/4272/3422 3379/4274/3422 3380/4276/3422 3381/4278/3422 3382/4280/3422 3383/4282/3422 3384/4284/3422 3385/4286/3422 3386/4288/3422 3387/4290/3422 3388/4292/3422 3389/4294/3422 3390/4296/3422 3391/4298/3422 3392/4300/3422
o Grip_moulded_rib_12.001
v 0.451600 0.019618 -0.101785
v 0.451514 0.017622 -0.101915
v 0.451255 0.016166 -0.102009
v 0.450827 0.014898 -0.102092
v 0.450230 0.013772 -0.102165
v 0.449470 0.012775 -0.102230
v 0.448549 0.011904 -0.102287
v 0.447471 0.011161 -0.102335
v 0.446237 0.010546 -0.102375
v 0.444843 0.010065 -0.102406
v 0.443273 0.009718 -0.102429
v 0.441471 0.009510 -0.102443
v 0.439000 0.009440 -0.102447
v 0.436529 0.009510 -0.102443
v 0.434727 0.009718 -0.102429
v 0.433157 0.010065 -0.102406
v 0.431763 0.010546 -0.102375
v 0.430529 0.011161 -0.102335
v 0.429451 0.011904 -0.102287
v 0.428530 0.012775 -0.102230
v 0.427770 0.013772 -0.102165
v 0.427173 0.014898 -0.102092
v 0.426745 0.016166 -0.102009
v 0.426486 0.017622 -0.101915
v 0.426400 0.019618 -0.101785
v 0.426486 0.021615 -0.101655
v 0.426745 0.023070 -0.101560
v 0.427173 0.024338 -0.101477
v 0.427770 0.025464 -0.101404
v 0.428530 0.026461 -0.101339
v 0.429451 0.027332 -0.101282
v 0.430529 0.028076 -0.101234
v 0.431763 0.028690 -0.101194
v 0.433157 0.029172 -0.101163
v 0.434727 0.029518 -0.101140
v 0.436529 0.029727 -0.101127
v 0.439000 0.029797 -0.101122
v 0.441471 0.029727 -0.101127
v 0.443273 0.029518 -0.101140
v 0.444843 0.029172 -0.101163
v 0.446237 0.028690 -0.101194
v 0.447471 0.028076 -0.101234
v 0.448549 0.027332 -0.101282
v 0.449470 0.026461 -0.101339
v 0.450230 0.025464 -0.101404
v 0.450827 0.024338 -0.101477
v 0.451255 0.023070 -0.101560
v 0.451514 0.021615 -0.101655
v 0.452250 0.019677 -0.102683
v 0.452159 0.017582 -0.102819
v 0.451888 0.016055 -0.102918
v 0.451437 0.014725 -0.103005
v 0.450810 0.013544 -0.103082
v 0.450010 0.012498 -0.103150
v 0.449042 0.011585 -0.103209
v 0.447908 0.010804 -0.103260
v 0.446610 0.010160 -0.103302
v 0.445145 0.009655 -0.103335
v 0.443494 0.009291 -0.103359
v 0.441599 0.009072 -0.103373
v 0.439000 0.008999 -0.103378
v 0.436401 0.009072 -0.103373
v 0.434506 0.009291 -0.103359
v 0.432855 0.009655 -0.103335
v 0.431390 0.010160 -0.103302
v 0.430092 0.010804 -0.103260
v 0.428958 0.011585 -0.103209
v 0.427990 0.012498 -0.103150
v 0.427190 0.013544 -0.103082
v 0.426563 0.014725 -0.103005
v 0.426112 0.016055 -0.102918
v 0.425841 0.017582 -0.102819
v 0.425750 0.019677 -0.102683
v 0.425841 0.021771 -0.102546
v 0.426112 0.023298 -0.102447
v 0.426563 0.024628 -0.102360
v 0.427190 0.025809 -0.102284
v 0.427990 0.026855 -0.102215
v 0.428958 0.027769 -0.102156
v 0.430092 0.028549 -0.102105
v 0.431390 0.029194 -0.102063
v 0.432855 0.029699 -0.102030
v 0.434506 0.030062 -0.102007
v 0.436401 0.030281 -0.101992
v 0.439000 0.030354 -0.101988
v 0.441599 0.030281 -0.101992
v 0.443494 0.030062 -0.102007
v 0.445145 0.029699 -0.102030
v 0.446610 0.029194 -0.102063
v 0.447908 0.028549 -0.102105
v 0.449042 0.027769 -0.102156
v 0.450010 0.026855 -0.102215
v 0.450810 0.025809 -0.102284
v 0.451437 0.024628 -0.102360
v 0.451888 0.023298 -0.102447
v 0.452159 0.021771 -0.102546
v 0.451600 0.019748 -0.103780
v 0.451514 0.017752 -0.103910
v 0.451255 0.016296 -0.104005
v 0.450827 0.015028 -0.104088
v 0.450230 0.013902 -0.104161
v 0.449470 0.012905 -0.104226
v 0.448549 0.012034 -0.104282
v 0.447471 0.011290 -0.104331
v 0.446237 0.010676 -0.104371
v 0.444843 0.010194 -0.104402
v 0.443273 0.009848 -0.104425
v 0.441471 0.009639 -0.104438
v 0.439000 0.009570 -0.104443
v 0.436529 0.009639 -0.104438
v 0.434727 0.009848 -0.104425
v 0.433157 0.010194 -0.104402
v 0.431763 0.010676 -0.104371
v 0.430529 0.011290 -0.104331
v 0.429451 0.012034 -0.104282
v 0.428530 0.012905 -0.104226
v 0.427770 0.013902 -0.104161
v 0.427173 0.015028 -0.104088
v 0.426745 0.016296 -0.104005
v 0.426486 0.017752 -0.103910
v 0.426400 0.019748 -0.103780
v 0.426486 0.021745 -0.103650
v 0.426745 0.023200 -0.103556
v 0.427173 0.024468 -0.103473
v 0.427770 0.025594 -0.103400
v 0.428530 0.026591 -0.103335
v 0.429451 0.027462 -0.103278
v 0.430529 0.028206 -0.103230
v 0.431763 0.028820 -0.103190
v 0.433157 0.029302 -0.103159
v 0.434727 0.029648 -0.103136
v 0.436529 0.029857 -0.103122
v 0.439000 0.029927 -0.103118
v 0.441471 0.029857 -0.103122
v 0.443273 0.029648 -0.103136
v 0.444843 0.029302 -0.103159
v 0.446237 0.028820 -0.103190
v 0.447471 0.028206 -0.103230
v 0.448549 0.027462 -0.103278
v 0.449470 0.026591 -0.103335
v 0.450230 0.025594 -0.103400
v 0.450827 0.024468 -0.103473
v 0.451255 0.023200 -0.103556
v 0.451514 0.021745 -0.103650
vn -0.0000 -0.0650 0.9979
vn 0.8107 -0.0380 0.5842
vn 0.8058 -0.1183 0.5802
vn 0.9951 -0.0991 -0.0064
vn 1.0000 -0.0000 -0.0000
vn 0.7843 -0.2354 0.5740
vn 0.9697 -0.2439 -0.0158
vn 0.7445 -0.3559 0.5648
vn 0.9194 -0.3925 -0.0255
vn 0.6859 -0.4748 0.5515
vn 0.8428 -0.5371 -0.0350
vn 0.6103 -0.5848 0.5344
vn 0.7435 -0.6673 -0.0434
vn 0.5219 -0.6804 0.5144
vn 0.6287 -0.7760 -0.0505
vn 0.4261 -0.7584 0.4933
vn 0.5068 -0.8602 -0.0560
vn 0.3279 -0.8179 0.4728
vn 0.3852 -0.9209 -0.0599
vn 0.2317 -0.8599 0.4548
vn 0.2693 -0.9610 -0.0625
vn 0.1410 -0.8866 0.4405
vn 0.1625 -0.9846 -0.0641
vn 0.0568 -0.9006 0.4309
vn 0.0651 -0.9958 -0.0648
vn -0.0000 -0.9038 0.4279
vn -0.0000 -0.9979 -0.0649
vn -0.0568 -0.9006 0.4309
vn -0.0651 -0.9958 -0.0648
vn -0.1410 -0.8866 0.4405
vn -0.1625 -0.9846 -0.0641
vn -0.2317 -0.8599 0.4548
vn -0.2693 -0.9610 -0.0625
vn -0.3279 -0.8179 0.4728
vn -0.3852 -0.9209 -0.0599
vn -0.4261 -0.7584 0.4933
vn -0.5068 -0.8602 -0.0560
vn -0.5219 -0.6804 0.5144
vn -0.6287 -0.7760 -0.0505
vn -0.6103 -0.5848 0.5344
vn -0.7435 -0.6673 -0.0434
vn -0.6859 -0.4748 0.5515
vn -0.8428 -0.5371 -0.0350
vn -0.7445 -0.3559 0.5648
vn -0.9194 -0.3925 -0.0255
vn -0.7843 -0.2354 0.5740
vn -0.9697 -0.2439 -0.0158
vn -0.8058 -0.1183 0.5802
vn -0.9951 -0.0991 -0.0064
vn -0.8107 -0.0380 0.5842
vn -1.0000 -0.0000 -0.0000
vn -0.8058 0.0421 0.5907
vn -0.9951 0.0991 0.0065
vn -0.7843 0.1590 0.5997
vn -0.9697 0.2439 0.0159
vn -0.7445 0.2798 0.6062
vn -0.9194 0.3925 0.0256
vn -0.6859 0.3993 0.6084
vn -0.8428 0.5371 0.0350
vn -0.6103 0.5106 0.6057
vn -0.7435 0.6673 0.0434
vn -0.5219 0.6080 0.5982
vn -0.6287 0.7760 0.0505
vn -0.4261 0.6880 0.5874
vn -0.5068 0.8602 0.0560
vn -0.3279 0.7497 0.5749
vn -0.3852 0.9209 0.0600
vn -0.2317 0.7937 0.5625
vn -0.2693 0.9610 0.0626
vn -0.1411 0.8220 0.5518
vn -0.1625 0.9846 0.0641
vn -0.0568 0.8371 0.5440
vn -0.0651 0.9958 0.0648
vn -0.0000 0.8407 0.5415
vn -0.0000 0.9979 0.0650
vn 0.0568 0.8371 0.5440
vn 0.0651 0.9958 0.0648
vn 0.1410 0.8220 0.5518
vn 0.1625 0.9846 0.0641
vn 0.2317 0.7937 0.5624
vn 0.2693 0.9610 0.0626
vn 0.3279 0.7497 0.5749
vn 0.3852 0.9209 0.0600
vn 0.4261 0.6880 0.5874
vn 0.5068 0.8602 0.0560
vn 0.5219 0.6080 0.5982
vn 0.6287 0.7760 0.0505
vn 0.6103 0.5106 0.6057
vn 0.7435 0.6673 0.0434
vn 0.6859 0.3993 0.6084
vn 0.8428 0.5371 0.0350
vn 0.7445 0.2797 0.6062
vn 0.9194 0.3925 0.0256
vn 0.7843 0.1590 0.5997
vn 0.9697 0.2439 0.0159
vn 0.8058 0.0421 0.5907
vn 0.9951 0.0991 0.0065
vn 0.8560 -0.0521 -0.5144
vn 0.8610 0.0330 -0.5076
vn 0.8334 -0.1764 -0.5238
vn 0.7909 -0.3045 -0.5309
vn 0.7277 -0.4309 -0.5336
vn 0.6461 -0.5477 -0.5315
vn 0.5510 -0.6488 -0.5248
vn 0.4484 -0.7308 -0.5147
vn 0.3439 -0.7928 -0.5031
vn 0.2424 -0.8364 -0.4916
vn 0.1469 -0.8640 -0.4816
vn 0.0592 -0.8783 -0.4745
vn -0.0000 -0.8815 -0.4721
vn -0.0592 -0.8783 -0.4745
vn -0.1473 -0.8639 -0.4817
vn -0.2423 -0.8365 -0.4916
vn -0.3439 -0.7928 -0.5031
vn -0.4484 -0.7308 -0.5147
vn -0.5511 -0.6488 -0.5248
vn -0.6461 -0.5477 -0.5315
vn -0.7277 -0.4309 -0.5337
vn -0.7909 -0.3045 -0.5308
vn -0.8334 -0.1764 -0.5238
vn -0.8560 -0.0521 -0.5144
vn -0.8610 0.0330 -0.5076
vn -0.8560 0.1184 -0.5033
vn -0.8334 0.2428 -0.4966
vn -0.7909 0.3707 -0.4869
vn -0.7277 0.4965 -0.4733
vn -0.6461 0.6120 -0.4560
vn -0.5510 0.7114 -0.4363
vn -0.4484 0.7913 -0.4157
vn -0.3439 0.8514 -0.3961
vn -0.2423 0.8931 -0.3790
vn -0.1469 0.9191 -0.3656
vn -0.0592 0.9324 -0.3567
vn -0.0000 0.9353 -0.3539
vn 0.0591 0.9324 -0.3566
vn 0.1471 0.9191 -0.3656
vn 0.2423 0.8931 -0.3790
vn 0.3439 0.8514 -0.3961
vn 0.4484 0.7913 -0.4157
vn 0.5511 0.7113 -0.4363
vn 0.6461 0.6120 -0.4560
vn 0.7277 0.4965 -0.4733
vn 0.7909 0.3707 -0.4869
vn 0.8334 0.2428 -0.4966
vn 0.8560 0.1183 -0.5033
vn -0.0000 0.0650 -0.9979
vt 0.925337 0.518153
vt 0.929275 0.518736
vt 0.932721 0.519792
vt 0.935796 0.521308
vt 0.938537 0.523275
vt 0.940951 0.525682
vt 0.943035 0.528521
vt 0.944782 0.531789
vt 0.946184 0.535496
vt 0.947235 0.539686
vt 0.947933 0.544510
vt 0.948308 0.551143
vt 0.948308 0.557786
vt 0.947882 0.562642
vt 0.947069 0.566884
vt 0.945878 0.570664
vt 0.944318 0.574026
vt 0.942398 0.576978
vt 0.940123 0.579517
vt 0.937498 0.581636
vt 0.934512 0.583323
vt 0.931132 0.584570
vt 0.927233 0.585375
vt 0.921866 0.585758
vt 0.916486 0.585678
vt 0.912548 0.585095
vt 0.909103 0.584039
vt 0.906027 0.582523
vt 0.903286 0.580556
vt 0.900872 0.578149
vt 0.898788 0.575310
vt 0.897041 0.572042
vt 0.895639 0.568335
vt 0.894588 0.564145
vt 0.893890 0.559321
vt 0.893515 0.552688
vt 0.893516 0.546045
vt 0.893941 0.541189
vt 0.894754 0.536947
vt 0.895945 0.533167
vt 0.897505 0.529805
vt 0.899426 0.526853
vt 0.901700 0.524314
vt 0.904326 0.522195
vt 0.907311 0.520508
vt 0.910692 0.519261
vt 0.914590 0.518456
vt 0.919957 0.518073
vt 0.914278 0.516730
vt 0.919908 0.516327
vt 0.910188 0.517575
vt 0.906642 0.518887
vt 0.903511 0.520661
vt 0.900756 0.522888
vt 0.898371 0.525559
vt 0.896356 0.528663
vt 0.894720 0.532198
vt 0.893471 0.536173
vt 0.892618 0.540634
vt 0.892172 0.545740
vt 0.892172 0.552726
vt 0.892566 0.559701
vt 0.893299 0.564774
vt 0.894402 0.569180
vt 0.895873 0.573078
vt 0.897706 0.576515
vt 0.899892 0.579501
vt 0.902424 0.582033
vt 0.905300 0.584101
vt 0.908526 0.585696
vt 0.912141 0.586805
vt 0.916272 0.587419
vt 0.921915 0.587504
vt 0.927545 0.587101
vt 0.931635 0.586256
vt 0.935181 0.584944
vt 0.938313 0.583170
vt 0.941067 0.580943
vt 0.943453 0.578272
vt 0.945467 0.575168
vt 0.947104 0.571633
vt 0.948353 0.567658
vt 0.949205 0.563197
vt 0.949651 0.558091
vt 0.949651 0.551105
vt 0.949257 0.544130
vt 0.948525 0.539057
vt 0.947422 0.534651
vt 0.945951 0.530753
vt 0.944118 0.527316
vt 0.941931 0.524330
vt 0.939399 0.521798
vt 0.936523 0.519730
vt 0.933297 0.518135
vt 0.929682 0.517026
vt 0.925552 0.516412
vt 0.923527 0.270396
vt 0.917883 0.270312
vt 0.918098 0.268570
vt 0.923478 0.268651
vt 0.913753 0.269698
vt 0.914160 0.267987
vt 0.910138 0.268588
vt 0.910715 0.266932
vt 0.906911 0.266993
vt 0.907639 0.265416
vt 0.904036 0.264925
vt 0.904898 0.263449
vt 0.901504 0.262393
vt 0.902484 0.261041
vt 0.899317 0.259407
vt 0.900400 0.258202
vt 0.897484 0.255971
vt 0.898653 0.254934
vt 0.896013 0.252072
vt 0.897251 0.251227
vt 0.894911 0.247666
vt 0.896200 0.247037
vt 0.894178 0.242593
vt 0.895502 0.242213
vt 0.893784 0.235618
vt 0.895127 0.235581
vt 0.893784 0.228633
vt 0.895127 0.228937
vt 0.894230 0.223526
vt 0.895553 0.224082
vt 0.895082 0.219065
vt 0.896366 0.219839
vt 0.896331 0.215090
vt 0.897557 0.216059
vt 0.897968 0.211556
vt 0.899117 0.212698
vt 0.899982 0.208451
vt 0.901037 0.209745
vt 0.902368 0.205781
vt 0.903312 0.207206
vt 0.905122 0.203553
vt 0.905937 0.205088
vt 0.908254 0.201779
vt 0.908923 0.203401
vt 0.911800 0.200468
vt 0.912303 0.202153
vt 0.915890 0.199622
vt 0.916202 0.201349
vt 0.921520 0.199219
vt 0.921569 0.200965
vt 0.927163 0.199304
vt 0.926949 0.201045
vt 0.931294 0.199918
vt 0.930887 0.201629
vt 0.934909 0.201028
vt 0.934332 0.202684
vt 0.938135 0.202622
vt 0.937408 0.204200
vt 0.941011 0.204691
vt 0.940149 0.206167
vt 0.943543 0.207223
vt 0.942563 0.208574
vt 0.945729 0.210208
vt 0.944647 0.211414
vt 0.947562 0.213645
vt 0.946394 0.214682
vt 0.949033 0.217543
vt 0.947796 0.218389
vt 0.950136 0.221950
vt 0.948847 0.222578
vt 0.950869 0.227023
vt 0.949545 0.227403
vt 0.951263 0.233997
vt 0.949920 0.234035
vt 0.951263 0.240983
vt 0.949919 0.240678
vt 0.950817 0.246089
vt 0.949494 0.245534
vt 0.949964 0.250551
vt 0.948681 0.249777
vt 0.948715 0.254526
vt 0.947490 0.253557
vt 0.947079 0.258060
vt 0.945930 0.256918
vt 0.945064 0.261165
vt 0.944009 0.259870
vt 0.942679 0.263835
vt 0.941735 0.262410
vt 0.939924 0.266062
vt 0.939109 0.264528
vt 0.936793 0.267836
vt 0.936124 0.266215
vt 0.933247 0.269148
vt 0.932743 0.267463
vt 0.929157 0.269994
vt 0.928845 0.268267
s 0
usemtl 05_|_charcoal_anti_vibration_rubber
f 3440/4301/3423 3439/4302/3423 3438/4303/3423 3437/4304/3423 3436/4305/3423 3435/4306/3423 3434/4307/3423 3433/4308/3423 3432/4309/3423 3431/4310/3423 3430/4311/3423 3429/4312/3423 3428/4313/3423 3427/4314/3423 3426/4315/3423 3425/4316/3423 3424/4317/3423 3423/4318/3423 3422/4319/3423 3421/4320/3423 3420/4321/3423 3419/4322/3423 3418/4323/3423 3417/4324/3423 3416/4325/3423 3415/4326/3423 3414/4327/3423 3413/4328/3423 3412/4329/3423 3411/4330/3423 3410/4331/3423 3409/4332/3423 3408/4333/3423 3407/4334/3423 3406/4335/3423 3405/4336/3423 3404/4337/3423 3403/4338/3423 3402/4339/3423 3401/4340/3423 3400/4341/3423 3399/4342/3423 3398/4343/3423 3397/4344/3423 3396/4345/3423 3395/4346/3423 3394/4347/3423 3393/4348/3423
s 1
f 3393/4348/3424 3394/4347/3425 3442/4349/3426 3441/4350/3427
f 3394/4347/3425 3395/4346/3428 3443/4351/3429 3442/4349/3426
f 3395/4346/3428 3396/4345/3430 3444/4352/3431 3443/4351/3429
f 3396/4345/3430 3397/4344/3432 3445/4353/3433 3444/4352/3431
f 3397/4344/3432 3398/4343/3434 3446/4354/3435 3445/4353/3433
f 3398/4343/3434 3399/4342/3436 3447/4355/3437 3446/4354/3435
f 3399/4342/3436 3400/4341/3438 3448/4356/3439 3447/4355/3437
f 3400/4341/3438 3401/4340/3440 3449/4357/3441 3448/4356/3439
f 3401/4340/3440 3402/4339/3442 3450/4358/3443 3449/4357/3441
f 3402/4339/3442 3403/4338/3444 3451/4359/3445 3450/4358/3443
f 3403/4338/3444 3404/4337/3446 3452/4360/3447 3451/4359/3445
f 3404/4337/3446 3405/4336/3448 3453/4361/3449 3452/4360/3447
f 3405/4336/3448 3406/4335/3450 3454/4362/3451 3453/4361/3449
f 3406/4335/3450 3407/4334/3452 3455/4363/3453 3454/4362/3451
f 3407/4334/3452 3408/4333/3454 3456/4364/3455 3455/4363/3453
f 3408/4333/3454 3409/4332/3456 3457/4365/3457 3456/4364/3455
f 3409/4332/3456 3410/4331/3458 3458/4366/3459 3457/4365/3457
f 3410/4331/3458 3411/4330/3460 3459/4367/3461 3458/4366/3459
f 3411/4330/3460 3412/4329/3462 3460/4368/3463 3459/4367/3461
f 3412/4329/3462 3413/4328/3464 3461/4369/3465 3460/4368/3463
f 3413/4328/3464 3414/4327/3466 3462/4370/3467 3461/4369/3465
f 3414/4327/3466 3415/4326/3468 3463/4371/3469 3462/4370/3467
f 3415/4326/3468 3416/4325/3470 3464/4372/3471 3463/4371/3469
f 3416/4325/3470 3417/4324/3472 3465/4373/3473 3464/4372/3471
f 3417/4324/3472 3418/4323/3474 3466/4374/3475 3465/4373/3473
f 3418/4323/3474 3419/4322/3476 3467/4375/3477 3466/4374/3475
f 3419/4322/3476 3420/4321/3478 3468/4376/3479 3467/4375/3477
f 3420/4321/3478 3421/4320/3480 3469/4377/3481 3468/4376/3479
f 3421/4320/3480 3422/4319/3482 3470/4378/3483 3469/4377/3481
f 3422/4319/3482 3423/4318/3484 3471/4379/3485 3470/4378/3483
f 3423/4318/3484 3424/4317/3486 3472/4380/3487 3471/4379/3485
f 3424/4317/3486 3425/4316/3488 3473/4381/3489 3472/4380/3487
f 3425/4316/3488 3426/4315/3490 3474/4382/3491 3473/4381/3489
f 3426/4315/3490 3427/4314/3492 3475/4383/3493 3474/4382/3491
f 3427/4314/3492 3428/4313/3494 3476/4384/3495 3475/4383/3493
f 3428/4313/3494 3429/4312/3496 3477/4385/3497 3476/4384/3495
f 3429/4312/3496 3430/4311/3498 3478/4386/3499 3477/4385/3497
f 3430/4311/3498 3431/4310/3500 3479/4387/3501 3478/4386/3499
f 3431/4310/3500 3432/4309/3502 3480/4388/3503 3479/4387/3501
f 3432/4309/3502 3433/4308/3504 3481/4389/3505 3480/4388/3503
f 3433/4308/3504 3434/4307/3506 3482/4390/3507 3481/4389/3505
f 3434/4307/3506 3435/4306/3508 3483/4391/3509 3482/4390/3507
f 3435/4306/3508 3436/4305/3510 3484/4392/3511 3483/4391/3509
f 3436/4305/3510 3437/4304/3512 3485/4393/3513 3484/4392/3511
f 3437/4304/3512 3438/4303/3514 3486/4394/3515 3485/4393/3513
f 3438/4303/3514 3439/4302/3516 3487/4395/3517 3486/4394/3515
f 3439/4302/3516 3440/4301/3518 3488/4396/3519 3487/4395/3517
f 3440/4301/3518 3393/4348/3424 3441/4350/3427 3488/4396/3519
f 3441/4397/3427 3442/4398/3426 3490/4399/3520 3489/4400/3521
f 3442/4398/3426 3443/4401/3429 3491/4402/3522 3490/4399/3520
f 3443/4401/3429 3444/4403/3431 3492/4404/3523 3491/4402/3522
f 3444/4403/3431 3445/4405/3433 3493/4406/3524 3492/4404/3523
f 3445/4405/3433 3446/4407/3435 3494/4408/3525 3493/4406/3524
f 3446/4407/3435 3447/4409/3437 3495/4410/3526 3494/4408/3525
f 3447/4409/3437 3448/4411/3439 3496/4412/3527 3495/4410/3526
f 3448/4411/3439 3449/4413/3441 3497/4414/3528 3496/4412/3527
f 3449/4413/3441 3450/4415/3443 3498/4416/3529 3497/4414/3528
f 3450/4415/3443 3451/4417/3445 3499/4418/3530 3498/4416/3529
f 3451/4417/3445 3452/4419/3447 3500/4420/3531 3499/4418/3530
f 3452/4419/3447 3453/4421/3449 3501/4422/3532 3500/4420/3531
f 3453/4421/3449 3454/4423/3451 3502/4424/3533 3501/4422/3532
f 3454/4423/3451 3455/4425/3453 3503/4426/3534 3502/4424/3533
f 3455/4425/3453 3456/4427/3455 3504/4428/3535 3503/4426/3534
f 3456/4427/3455 3457/4429/3457 3505/4430/3536 3504/4428/3535
f 3457/4429/3457 3458/4431/3459 3506/4432/3537 3505/4430/3536
f 3458/4431/3459 3459/4433/3461 3507/4434/3538 3506/4432/3537
f 3459/4433/3461 3460/4435/3463 3508/4436/3539 3507/4434/3538
f 3460/4435/3463 3461/4437/3465 3509/4438/3540 3508/4436/3539
f 3461/4437/3465 3462/4439/3467 3510/4440/3541 3509/4438/3540
f 3462/4439/3467 3463/4441/3469 3511/4442/3542 3510/4440/3541
f 3463/4441/3469 3464/4443/3471 3512/4444/3543 3511/4442/3542
f 3464/4443/3471 3465/4445/3473 3513/4446/3544 3512/4444/3543
f 3465/4445/3473 3466/4447/3475 3514/4448/3545 3513/4446/3544
f 3466/4447/3475 3467/4449/3477 3515/4450/3546 3514/4448/3545
f 3467/4449/3477 3468/4451/3479 3516/4452/3547 3515/4450/3546
f 3468/4451/3479 3469/4453/3481 3517/4454/3548 3516/4452/3547
f 3469/4453/3481 3470/4455/3483 3518/4456/3549 3517/4454/3548
f 3470/4455/3483 3471/4457/3485 3519/4458/3550 3518/4456/3549
f 3471/4457/3485 3472/4459/3487 3520/4460/3551 3519/4458/3550
f 3472/4459/3487 3473/4461/3489 3521/4462/3552 3520/4460/3551
f 3473/4461/3489 3474/4463/3491 3522/4464/3553 3521/4462/3552
f 3474/4463/3491 3475/4465/3493 3523/4466/3554 3522/4464/3553
f 3475/4465/3493 3476/4467/3495 3524/4468/3555 3523/4466/3554
f 3476/4467/3495 3477/4469/3497 3525/4470/3556 3524/4468/3555
f 3477/4469/3497 3478/4471/3499 3526/4472/3557 3525/4470/3556
f 3478/4471/3499 3479/4473/3501 3527/4474/3558 3526/4472/3557
f 3479/4473/3501 3480/4475/3503 3528/4476/3559 3527/4474/3558
f 3480/4475/3503 3481/4477/3505 3529/4478/3560 3528/4476/3559
f 3481/4477/3505 3482/4479/3507 3530/4480/3561 3529/4478/3560
f 3482/4479/3507 3483/4481/3509 3531/4482/3562 3530/4480/3561
f 3483/4481/3509 3484/4483/3511 3532/4484/3563 3531/4482/3562
f 3484/4483/3511 3485/4485/3513 3533/4486/3564 3532/4484/3563
f 3485/4485/3513 3486/4487/3515 3534/4488/3565 3533/4486/3564
f 3486/4487/3515 3487/4489/3517 3535/4490/3566 3534/4488/3565
f 3487/4489/3517 3488/4491/3519 3536/4492/3567 3535/4490/3566
f 3488/4491/3519 3441/4397/3427 3489/4400/3521 3536/4492/3567
s 0
f 3489/4400/3568 3490/4399/3568 3491/4402/3568 3492/4404/3568 3493/4406/3568 3494/4408/3568 3495/4410/3568 3496/4412/3568 3497/4414/3568 3498/4416/3568 3499/4418/3568 3500/4420/3568 3501/4422/3568 3502/4424/3568 3503/4426/3568 3504/4428/3568 3505/4430/3568 3506/4432/3568 3507/4434/3568 3508/4436/3568 3509/4438/3568 3510/4440/3568 3511/4442/3568 3512/4444/3568 3513/4446/3568 3514/4448/3568 3515/4450/3568 3516/4452/3568 3517/4454/3568 3518/4456/3568 3519/4458/3568 3520/4460/3568 3521/4462/3568 3522/4464/3568 3523/4466/3568 3524/4468/3568 3525/4470/3568 3526/4472/3568 3527/4474/3568 3528/4476/3568 3529/4478/3568 3530/4480/3568 3531/4482/3568 3532/4484/3568 3533/4486/3568 3534/4488/3568 3535/4490/3568 3536/4492/3568
o Grip_moulded_rib_13.001
v 0.451400 0.020073 -0.108770
v 0.451315 0.018106 -0.108898
v 0.451061 0.016672 -0.108991
v 0.450639 0.015422 -0.109073
v 0.450052 0.014313 -0.109145
v 0.449304 0.013331 -0.109209
v 0.448397 0.012473 -0.109265
v 0.447336 0.011740 -0.109312
v 0.446122 0.011134 -0.109352
v 0.444750 0.010660 -0.109383
v 0.443206 0.010318 -0.109405
v 0.441432 0.010113 -0.109418
v 0.439000 0.010044 -0.109423
v 0.436568 0.010113 -0.109418
v 0.434794 0.010318 -0.109405
v 0.433250 0.010660 -0.109383
v 0.431878 0.011134 -0.109352
v 0.430664 0.011740 -0.109312
v 0.429603 0.012473 -0.109265
v 0.428696 0.013331 -0.109209
v 0.427948 0.014313 -0.109145
v 0.427361 0.015422 -0.109073
v 0.426939 0.016672 -0.108991
v 0.426685 0.018106 -0.108898
v 0.426600 0.020073 -0.108770
v 0.426685 0.022040 -0.108642
v 0.426939 0.023474 -0.108548
v 0.427361 0.024724 -0.108467
v 0.427948 0.025833 -0.108395
v 0.428696 0.026815 -0.108331
v 0.429603 0.027673 -0.108275
v 0.430664 0.028406 -0.108227
v 0.431878 0.029012 -0.108188
v 0.433250 0.029486 -0.108157
v 0.434794 0.029827 -0.108135
v 0.436568 0.030033 -0.108121
v 0.439000 0.030102 -0.108117
v 0.441432 0.030033 -0.108121
v 0.443206 0.029827 -0.108135
v 0.444750 0.029486 -0.108157
v 0.446122 0.029012 -0.108188
v 0.447336 0.028406 -0.108227
v 0.448397 0.027673 -0.108275
v 0.449304 0.026815 -0.108331
v 0.450052 0.025833 -0.108395
v 0.450639 0.024724 -0.108467
v 0.451061 0.023474 -0.108548
v 0.451315 0.022040 -0.108642
v 0.452050 0.020131 -0.109668
v 0.451961 0.018067 -0.109802
v 0.451693 0.016561 -0.109900
v 0.451249 0.015249 -0.109986
v 0.450631 0.014085 -0.110062
v 0.449844 0.013054 -0.110129
v 0.448890 0.012153 -0.110187
v 0.447773 0.011383 -0.110237
v 0.446495 0.010748 -0.110279
v 0.445052 0.010250 -0.110311
v 0.443426 0.009892 -0.110334
v 0.441560 0.009676 -0.110348
v 0.439000 0.009604 -0.110353
v 0.436440 0.009676 -0.110348
v 0.434574 0.009892 -0.110334
v 0.432948 0.010250 -0.110311
v 0.431505 0.010748 -0.110279
v 0.430227 0.011383 -0.110237
v 0.429110 0.012153 -0.110187
v 0.428156 0.013054 -0.110129
v 0.427369 0.014085 -0.110062
v 0.426751 0.015249 -0.109986
v 0.426307 0.016561 -0.109900
v 0.426039 0.018067 -0.109802
v 0.425950 0.020131 -0.109668
v 0.426039 0.022196 -0.109534
v 0.426307 0.023702 -0.109436
v 0.426751 0.025013 -0.109350
v 0.427369 0.026178 -0.109274
v 0.428156 0.027209 -0.109207
v 0.429110 0.028110 -0.109149
v 0.430227 0.028879 -0.109099
v 0.431505 0.029515 -0.109057
v 0.432948 0.030013 -0.109025
v 0.434574 0.030371 -0.109001
v 0.436440 0.030587 -0.108987
v 0.439000 0.030659 -0.108983
v 0.441560 0.030587 -0.108987
v 0.443426 0.030371 -0.109001
v 0.445052 0.030013 -0.109025
v 0.446495 0.029515 -0.109057
v 0.447773 0.028879 -0.109099
v 0.448890 0.028110 -0.109149
v 0.449844 0.027209 -0.109207
v 0.450631 0.026178 -0.109274
v 0.451249 0.025013 -0.109350
v 0.451693 0.023702 -0.109436
v 0.451961 0.022196 -0.109534
v 0.451400 0.020203 -0.110766
v 0.451315 0.018236 -0.110894
v 0.451061 0.016802 -0.110987
v 0.450639 0.015552 -0.111068
v 0.450052 0.014443 -0.111141
v 0.449304 0.013461 -0.111204
v 0.448397 0.012602 -0.111260
v 0.447336 0.011869 -0.111308
v 0.446122 0.011264 -0.111347
v 0.444750 0.010790 -0.111378
v 0.443206 0.010448 -0.111401
v 0.441432 0.010243 -0.111414
v 0.439000 0.010174 -0.111418
v 0.436568 0.010243 -0.111414
v 0.434794 0.010448 -0.111401
v 0.433250 0.010790 -0.111378
v 0.431878 0.011264 -0.111347
v 0.430664 0.011869 -0.111308
v 0.429603 0.012602 -0.111260
v 0.428696 0.013461 -0.111204
v 0.427948 0.014443 -0.111141
v 0.427361 0.015552 -0.111068
v 0.426939 0.016802 -0.110987
v 0.426685 0.018236 -0.110894
v 0.426600 0.020203 -0.110766
v 0.426685 0.022170 -0.110638
v 0.426939 0.023604 -0.110544
v 0.427361 0.024854 -0.110463
v 0.427948 0.025963 -0.110391
v 0.428696 0.026945 -0.110327
v 0.429603 0.027803 -0.110271
v 0.430664 0.028536 -0.110223
v 0.431878 0.029142 -0.110184
v 0.433250 0.029616 -0.110153
v 0.434794 0.029957 -0.110131
v 0.436568 0.030163 -0.110117
v 0.439000 0.030232 -0.110113
v 0.441432 0.030163 -0.110117
v 0.443206 0.029957 -0.110131
v 0.444750 0.029616 -0.110153
v 0.446122 0.029142 -0.110184
v 0.447336 0.028536 -0.110223
v 0.448397 0.027803 -0.110271
v 0.449304 0.026945 -0.110327
v 0.450052 0.025963 -0.110391
v 0.450639 0.024854 -0.110463
v 0.451061 0.023604 -0.110544
v 0.451315 0.022170 -0.110638
vn -0.0000 -0.0650 0.9979
vn 0.8107 -0.0380 0.5842
vn 0.8058 -0.1182 0.5802
vn 0.9951 -0.0989 -0.0064
vn 1.0000 -0.0000 -0.0000
vn 0.7843 -0.2352 0.5740
vn 0.9697 -0.2436 -0.0159
vn 0.7447 -0.3556 0.5648
vn 0.9196 -0.3921 -0.0255
vn 0.6861 -0.4744 0.5516
vn 0.8431 -0.5366 -0.0349
vn 0.6105 -0.5845 0.5344
vn 0.7439 -0.6669 -0.0434
vn 0.5223 -0.6801 0.5145
vn 0.6292 -0.7756 -0.0505
vn 0.4264 -0.7581 0.4933
vn 0.5072 -0.8600 -0.0560
vn 0.3282 -0.8177 0.4729
vn 0.3856 -0.9207 -0.0599
vn 0.2319 -0.8598 0.4548
vn 0.2696 -0.9609 -0.0625
vn 0.1413 -0.8865 0.4406
vn 0.1627 -0.9846 -0.0641
vn 0.0569 -0.9006 0.4309
vn 0.0652 -0.9958 -0.0648
vn -0.0000 -0.9038 0.4279
vn -0.0000 -0.9979 -0.0649
vn -0.0569 -0.9006 0.4309
vn -0.0652 -0.9958 -0.0648
vn -0.1411 -0.8866 0.4406
vn -0.1627 -0.9846 -0.0641
vn -0.2320 -0.8598 0.4549
vn -0.2696 -0.9609 -0.0625
vn -0.3282 -0.8177 0.4729
vn -0.3856 -0.9207 -0.0599
vn -0.4264 -0.7581 0.4933
vn -0.5073 -0.8600 -0.0560
vn -0.5223 -0.6801 0.5145
vn -0.6292 -0.7756 -0.0505
vn -0.6105 -0.5845 0.5344
vn -0.7439 -0.6669 -0.0434
vn -0.6860 -0.4745 0.5516
vn -0.8431 -0.5366 -0.0349
vn -0.7447 -0.3556 0.5648
vn -0.9196 -0.3921 -0.0255
vn -0.7843 -0.2352 0.5740
vn -0.9697 -0.2436 -0.0158
vn -0.8058 -0.1182 0.5802
vn -0.9951 -0.0989 -0.0064
vn -0.8107 -0.0380 0.5842
vn -1.0000 -0.0000 -0.0000
vn -0.8058 0.0420 0.5907
vn -0.9951 0.0989 0.0065
vn -0.7843 0.1588 0.5997
vn -0.9697 0.2436 0.0159
vn -0.7447 0.2794 0.6061
vn -0.9196 0.3921 0.0256
vn -0.6861 0.3989 0.6084
vn -0.8431 0.5366 0.0349
vn -0.6105 0.5103 0.6057
vn -0.7439 0.6669 0.0434
vn -0.5223 0.6077 0.5983
vn -0.6292 0.7756 0.0505
vn -0.4264 0.6878 0.5874
vn -0.5072 0.8600 0.0560
vn -0.3282 0.7495 0.5749
vn -0.3856 0.9207 0.0600
vn -0.2319 0.7936 0.5625
vn -0.2696 0.9609 0.0626
vn -0.1412 0.8219 0.5518
vn -0.1627 0.9846 0.0641
vn -0.0569 0.8371 0.5440
vn -0.0652 0.9958 0.0648
vn -0.0000 0.8407 0.5415
vn -0.0000 0.9979 0.0650
vn 0.0568 0.8371 0.5440
vn 0.0652 0.9958 0.0648
vn 0.1411 0.8220 0.5518
vn 0.1627 0.9846 0.0641
vn 0.2320 0.7936 0.5625
vn 0.2696 0.9609 0.0626
vn 0.3282 0.7495 0.5749
vn 0.3856 0.9207 0.0600
vn 0.4264 0.6878 0.5874
vn 0.5073 0.8600 0.0560
vn 0.5223 0.6077 0.5983
vn 0.6292 0.7756 0.0505
vn 0.6105 0.5103 0.6057
vn 0.7439 0.6669 0.0434
vn 0.6861 0.3989 0.6084
vn 0.8431 0.5366 0.0349
vn 0.7447 0.2794 0.6061
vn 0.9196 0.3921 0.0256
vn 0.7843 0.1588 0.5997
vn 0.9697 0.2436 0.0159
vn 0.8058 0.0420 0.5907
vn 0.9951 0.0989 0.0065
vn 0.8560 -0.0520 -0.5144
vn 0.8610 0.0330 -0.5076
vn 0.8334 -0.1761 -0.5238
vn 0.7910 -0.3042 -0.5308
vn 0.7279 -0.4306 -0.5336
vn 0.6464 -0.5474 -0.5315
vn 0.5514 -0.6485 -0.5248
vn 0.4487 -0.7305 -0.5148
vn 0.3442 -0.7927 -0.5031
vn 0.2426 -0.8363 -0.4916
vn 0.1472 -0.8639 -0.4817
vn 0.0593 -0.8783 -0.4745
vn -0.0000 -0.8815 -0.4721
vn -0.0593 -0.8783 -0.4745
vn -0.1474 -0.8639 -0.4817
vn -0.2426 -0.8364 -0.4916
vn -0.3443 -0.7927 -0.5031
vn -0.4487 -0.7305 -0.5148
vn -0.5514 -0.6485 -0.5248
vn -0.6464 -0.5474 -0.5315
vn -0.7279 -0.4305 -0.5336
vn -0.7910 -0.3042 -0.5308
vn -0.8334 -0.1762 -0.5238
vn -0.8560 -0.0520 -0.5144
vn -0.8610 0.0330 -0.5076
vn -0.8560 0.1182 -0.5033
vn -0.8334 0.2426 -0.4966
vn -0.7910 0.3704 -0.4869
vn -0.7279 0.4961 -0.4733
vn -0.6464 0.6116 -0.4561
vn -0.5514 0.7110 -0.4363
vn -0.4487 0.7911 -0.4157
vn -0.3443 0.8512 -0.3961
vn -0.2426 0.8930 -0.3790
vn -0.1473 0.9190 -0.3656
vn -0.0593 0.9324 -0.3567
vn -0.0000 0.9353 -0.3539
vn 0.0593 0.9324 -0.3567
vn 0.1473 0.9190 -0.3656
vn 0.2426 0.8930 -0.3790
vn 0.3442 0.8512 -0.3961
vn 0.4487 0.7911 -0.4157
vn 0.5514 0.7110 -0.4363
vn 0.6464 0.6116 -0.4561
vn 0.7279 0.4961 -0.4733
vn 0.7910 0.3704 -0.4869
vn 0.8334 0.2426 -0.4966
vn 0.8560 0.1182 -0.5033
vn -0.0000 0.0650 -0.9979
vt 0.926481 0.293772
vt 0.930361 0.294346
vt 0.933756 0.295384
vt 0.936786 0.296876
vt 0.939487 0.298811
vt 0.941865 0.301180
vt 0.943918 0.303974
vt 0.945640 0.307190
vt 0.947021 0.310838
vt 0.948057 0.314962
vt 0.948745 0.319709
vt 0.949114 0.326237
vt 0.949114 0.332774
vt 0.948695 0.337553
vt 0.947893 0.341728
vt 0.946720 0.345448
vt 0.945183 0.348756
vt 0.943290 0.351662
vt 0.941049 0.354161
vt 0.938462 0.356246
vt 0.935521 0.357907
vt 0.932190 0.359135
vt 0.928349 0.359926
vt 0.923061 0.360304
vt 0.917760 0.360225
vt 0.913880 0.359652
vt 0.910485 0.358613
vt 0.907455 0.357122
vt 0.904754 0.355186
vt 0.902376 0.352817
vt 0.900322 0.350023
vt 0.898601 0.346807
vt 0.897220 0.343159
vt 0.896184 0.339036
vt 0.895496 0.334288
vt 0.895127 0.327761
vt 0.895127 0.321223
vt 0.895546 0.316444
vt 0.896348 0.312269
vt 0.897521 0.308549
vt 0.899058 0.305241
vt 0.900951 0.302335
vt 0.903192 0.299836
vt 0.905779 0.297751
vt 0.908720 0.296091
vt 0.912051 0.294863
vt 0.915892 0.294071
vt 0.921180 0.293693
vt 0.915580 0.292344
vt 0.921131 0.291947
vt 0.911547 0.293177
vt 0.908051 0.294470
vt 0.904963 0.296217
vt 0.902248 0.298411
vt 0.899895 0.301041
vt 0.897909 0.304099
vt 0.896296 0.307580
vt 0.895064 0.311495
vt 0.894223 0.315889
vt 0.893784 0.320918
vt 0.893784 0.327799
vt 0.894172 0.334668
vt 0.894895 0.339665
vt 0.895982 0.344004
vt 0.897433 0.347843
vt 0.899240 0.351228
vt 0.901395 0.354169
vt 0.903892 0.356662
vt 0.906727 0.358699
vt 0.909909 0.360270
vt 0.913473 0.361363
vt 0.917545 0.361967
vt 0.923110 0.362050
vt 0.928661 0.361653
vt 0.932693 0.360820
vt 0.936190 0.359528
vt 0.939278 0.357780
vt 0.941993 0.355587
vt 0.944346 0.352956
vt 0.946332 0.349899
vt 0.947945 0.346417
vt 0.949177 0.342502
vt 0.950018 0.338108
vt 0.950457 0.333079
vt 0.950457 0.326199
vt 0.950069 0.319329
vt 0.949346 0.314333
vt 0.948259 0.309993
vt 0.946808 0.306154
vt 0.945001 0.302769
vt 0.942846 0.299828
vt 0.940349 0.297335
vt 0.937513 0.295298
vt 0.934332 0.293728
vt 0.930768 0.292635
vt 0.926695 0.292031
vt 0.923916 0.076580
vt 0.918351 0.076497
vt 0.918566 0.074756
vt 0.923867 0.074834
vt 0.914279 0.075893
vt 0.914686 0.074182
vt 0.910715 0.074800
vt 0.911291 0.073144
vt 0.907533 0.073230
vt 0.908261 0.071652
vt 0.904698 0.071193
vt 0.905560 0.069716
vt 0.902201 0.068699
vt 0.903182 0.067347
vt 0.900046 0.065759
vt 0.901128 0.064553
vt 0.898238 0.062374
vt 0.899407 0.061337
vt 0.896788 0.058535
vt 0.898026 0.057689
vt 0.895701 0.054195
vt 0.896990 0.053566
vt 0.894978 0.049198
vt 0.896302 0.048818
vt 0.894590 0.042329
vt 0.895933 0.042291
vt 0.894590 0.035449
vt 0.895933 0.035754
vt 0.895029 0.030419
vt 0.896352 0.030975
vt 0.895870 0.026025
vt 0.897153 0.026799
vt 0.897102 0.022110
vt 0.898327 0.023079
vt 0.898715 0.018629
vt 0.899864 0.019771
vt 0.900701 0.015571
vt 0.901756 0.016866
vt 0.903054 0.012941
vt 0.903997 0.014366
vt 0.905769 0.010747
vt 0.906585 0.012282
vt 0.908857 0.009000
vt 0.909526 0.010621
vt 0.912353 0.007708
vt 0.912857 0.009393
vt 0.916386 0.006875
vt 0.916698 0.008601
vt 0.921937 0.006478
vt 0.921986 0.008224
vt 0.927501 0.006561
vt 0.927287 0.008302
vt 0.931574 0.007165
vt 0.931167 0.008876
vt 0.935138 0.008258
vt 0.934562 0.009914
vt 0.938319 0.009828
vt 0.937592 0.011406
vt 0.941154 0.011865
vt 0.940293 0.013342
vt 0.943651 0.014359
vt 0.942671 0.015711
vt 0.945807 0.017300
vt 0.944724 0.018505
vt 0.947614 0.020684
vt 0.946446 0.021721
vt 0.949065 0.024523
vt 0.947827 0.025369
vt 0.950152 0.028863
vt 0.948863 0.029492
vt 0.950875 0.033860
vt 0.949551 0.034240
vt 0.951263 0.040729
vt 0.949920 0.040767
vt 0.951263 0.047609
vt 0.949919 0.047305
vt 0.950823 0.052639
vt 0.949500 0.052083
vt 0.949983 0.057033
vt 0.948699 0.056259
vt 0.948751 0.060948
vt 0.947526 0.059979
vt 0.947138 0.064429
vt 0.945989 0.063287
vt 0.945151 0.067487
vt 0.944096 0.066192
vt 0.942799 0.070117
vt 0.941855 0.068692
vt 0.940083 0.072311
vt 0.939268 0.070776
vt 0.936996 0.074058
vt 0.936327 0.072437
vt 0.933499 0.075350
vt 0.932996 0.073665
vt 0.929467 0.076183
vt 0.929155 0.074457
s 0
usemtl 05_|_charcoal_anti_vibration_rubber
f 3584/4493/3569 3583/4494/3569 3582/4495/3569 3581/4496/3569 3580/4497/3569 3579/4498/3569 3578/4499/3569 3577/4500/3569 3576/4501/3569 3575/4502/3569 3574/4503/3569 3573/4504/3569 3572/4505/3569 3571/4506/3569 3570/4507/3569 3569/4508/3569 3568/4509/3569 3567/4510/3569 3566/4511/3569 3565/4512/3569 3564/4513/3569 3563/4514/3569 3562/4515/3569 3561/4516/3569 3560/4517/3569 3559/4518/3569 3558/4519/3569 3557/4520/3569 3556/4521/3569 3555/4522/3569 3554/4523/3569 3553/4524/3569 3552/4525/3569 3551/4526/3569 3550/4527/3569 3549/4528/3569 3548/4529/3569 3547/4530/3569 3546/4531/3569 3545/4532/3569 3544/4533/3569 3543/4534/3569 3542/4535/3569 3541/4536/3569 3540/4537/3569 3539/4538/3569 3538/4539/3569 3537/4540/3569
s 1
f 3537/4540/3570 3538/4539/3571 3586/4541/3572 3585/4542/3573
f 3538/4539/3571 3539/4538/3574 3587/4543/3575 3586/4541/3572
f 3539/4538/3574 3540/4537/3576 3588/4544/3577 3587/4543/3575
f 3540/4537/3576 3541/4536/3578 3589/4545/3579 3588/4544/3577
f 3541/4536/3578 3542/4535/3580 3590/4546/3581 3589/4545/3579
f 3542/4535/3580 3543/4534/3582 3591/4547/3583 3590/4546/3581
f 3543/4534/3582 3544/4533/3584 3592/4548/3585 3591/4547/3583
f 3544/4533/3584 3545/4532/3586 3593/4549/3587 3592/4548/3585
f 3545/4532/3586 3546/4531/3588 3594/4550/3589 3593/4549/3587
f 3546/4531/3588 3547/4530/3590 3595/4551/3591 3594/4550/3589
f 3547/4530/3590 3548/4529/3592 3596/4552/3593 3595/4551/3591
f 3548/4529/3592 3549/4528/3594 3597/4553/3595 3596/4552/3593
f 3549/4528/3594 3550/4527/3596 3598/4554/3597 3597/4553/3595
f 3550/4527/3596 3551/4526/3598 3599/4555/3599 3598/4554/3597
f 3551/4526/3598 3552/4525/3600 3600/4556/3601 3599/4555/3599
f 3552/4525/3600 3553/4524/3602 3601/4557/3603 3600/4556/3601
f 3553/4524/3602 3554/4523/3604 3602/4558/3605 3601/4557/3603
f 3554/4523/3604 3555/4522/3606 3603/4559/3607 3602/4558/3605
f 3555/4522/3606 3556/4521/3608 3604/4560/3609 3603/4559/3607
f 3556/4521/3608 3557/4520/3610 3605/4561/3611 3604/4560/3609
f 3557/4520/3610 3558/4519/3612 3606/4562/3613 3605/4561/3611
f 3558/4519/3612 3559/4518/3614 3607/4563/3615 3606/4562/3613
f 3559/4518/3614 3560/4517/3616 3608/4564/3617 3607/4563/3615
f 3560/4517/3616 3561/4516/3618 3609/4565/3619 3608/4564/3617
f 3561/4516/3618 3562/4515/3620 3610/4566/3621 3609/4565/3619
f 3562/4515/3620 3563/4514/3622 3611/4567/3623 3610/4566/3621
f 3563/4514/3622 3564/4513/3624 3612/4568/3625 3611/4567/3623
f 3564/4513/3624 3565/4512/3626 3613/4569/3627 3612/4568/3625
f 3565/4512/3626 3566/4511/3628 3614/4570/3629 3613/4569/3627
f 3566/4511/3628 3567/4510/3630 3615/4571/3631 3614/4570/3629
f 3567/4510/3630 3568/4509/3632 3616/4572/3633 3615/4571/3631
f 3568/4509/3632 3569/4508/3634 3617/4573/3635 3616/4572/3633
f 3569/4508/3634 3570/4507/3636 3618/4574/3637 3617/4573/3635
f 3570/4507/3636 3571/4506/3638 3619/4575/3639 3618/4574/3637
f 3571/4506/3638 3572/4505/3640 3620/4576/3641 3619/4575/3639
f 3572/4505/3640 3573/4504/3642 3621/4577/3643 3620/4576/3641
f 3573/4504/3642 3574/4503/3644 3622/4578/3645 3621/4577/3643
f 3574/4503/3644 3575/4502/3646 3623/4579/3647 3622/4578/3645
f 3575/4502/3646 3576/4501/3648 3624/4580/3649 3623/4579/3647
f 3576/4501/3648 3577/4500/3650 3625/4581/3651 3624/4580/3649
f 3577/4500/3650 3578/4499/3652 3626/4582/3653 3625/4581/3651
f 3578/4499/3652 3579/4498/3654 3627/4583/3655 3626/4582/3653
f 3579/4498/3654 3580/4497/3656 3628/4584/3657 3627/4583/3655
f 3580/4497/3656 3581/4496/3658 3629/4585/3659 3628/4584/3657
f 3581/4496/3658 3582/4495/3660 3630/4586/3661 3629/4585/3659
f 3582/4495/3660 3583/4494/3662 3631/4587/3663 3630/4586/3661
f 3583/4494/3662 3584/4493/3664 3632/4588/3665 3631/4587/3663
f 3584/4493/3664 3537/4540/3570 3585/4542/3573 3632/4588/3665
f 3585/4589/3573 3586/4590/3572 3634/4591/3666 3633/4592/3667
f 3586/4590/3572 3587/4593/3575 3635/4594/3668 3634/4591/3666
f 3587/4593/3575 3588/4595/3577 3636/4596/3669 3635/4594/3668
f 3588/4595/3577 3589/4597/3579 3637/4598/3670 3636/4596/3669
f 3589/4597/3579 3590/4599/3581 3638/4600/3671 3637/4598/3670
f 3590/4599/3581 3591/4601/3583 3639/4602/3672 3638/4600/3671
f 3591/4601/3583 3592/4603/3585 3640/4604/3673 3639/4602/3672
f 3592/4603/3585 3593/4605/3587 3641/4606/3674 3640/4604/3673
f 3593/4605/3587 3594/4607/3589 3642/4608/3675 3641/4606/3674
f 3594/4607/3589 3595/4609/3591 3643/4610/3676 3642/4608/3675
f 3595/4609/3591 3596/4611/3593 3644/4612/3677 3643/4610/3676
f 3596/4611/3593 3597/4613/3595 3645/4614/3678 3644/4612/3677
f 3597/4613/3595 3598/4615/3597 3646/4616/3679 3645/4614/3678
f 3598/4615/3597 3599/4617/3599 3647/4618/3680 3646/4616/3679
f 3599/4617/3599 3600/4619/3601 3648/4620/3681 3647/4618/3680
f 3600/4619/3601 3601/4621/3603 3649/4622/3682 3648/4620/3681
f 3601/4621/3603 3602/4623/3605 3650/4624/3683 3649/4622/3682
f 3602/4623/3605 3603/4625/3607 3651/4626/3684 3650/4624/3683
f 3603/4625/3607 3604/4627/3609 3652/4628/3685 3651/4626/3684
f 3604/4627/3609 3605/4629/3611 3653/4630/3686 3652/4628/3685
f 3605/4629/3611 3606/4631/3613 3654/4632/3687 3653/4630/3686
f 3606/4631/3613 3607/4633/3615 3655/4634/3688 3654/4632/3687
f 3607/4633/3615 3608/4635/3617 3656/4636/3689 3655/4634/3688
f 3608/4635/3617 3609/4637/3619 3657/4638/3690 3656/4636/3689
f 3609/4637/3619 3610/4639/3621 3658/4640/3691 3657/4638/3690
f 3610/4639/3621 3611/4641/3623 3659/4642/3692 3658/4640/3691
f 3611/4641/3623 3612/4643/3625 3660/4644/3693 3659/4642/3692
f 3612/4643/3625 3613/4645/3627 3661/4646/3694 3660/4644/3693
f 3613/4645/3627 3614/4647/3629 3662/4648/3695 3661/4646/3694
f 3614/4647/3629 3615/4649/3631 3663/4650/3696 3662/4648/3695
f 3615/4649/3631 3616/4651/3633 3664/4652/3697 3663/4650/3696
f 3616/4651/3633 3617/4653/3635 3665/4654/3698 3664/4652/3697
f 3617/4653/3635 3618/4655/3637 3666/4656/3699 3665/4654/3698
f 3618/4655/3637 3619/4657/3639 3667/4658/3700 3666/4656/3699
f 3619/4657/3639 3620/4659/3641 3668/4660/3701 3667/4658/3700
f 3620/4659/3641 3621/4661/3643 3669/4662/3702 3668/4660/3701
f 3621/4661/3643 3622/4663/3645 3670/4664/3703 3669/4662/3702
f 3622/4663/3645 3623/4665/3647 3671/4666/3704 3670/4664/3703
f 3623/4665/3647 3624/4667/3649 3672/4668/3705 3671/4666/3704
f 3624/4667/3649 3625/4669/3651 3673/4670/3706 3672/4668/3705
f 3625/4669/3651 3626/4671/3653 3674/4672/3707 3673/4670/3706
f 3626/4671/3653 3627/4673/3655 3675/4674/3708 3674/4672/3707
f 3627/4673/3655 3628/4675/3657 3676/4676/3709 3675/4674/3708
f 3628/4675/3657 3629/4677/3659 3677/4678/3710 3676/4676/3709
f 3629/4677/3659 3630/4679/3661 3678/4680/3711 3677/4678/3710
f 3630/4679/3661 3631/4681/3663 3679/4682/3712 3678/4680/3711
f 3631/4681/3663 3632/4683/3665 3680/4684/3713 3679/4682/3712
f 3632/4683/3665 3585/4589/3573 3633/4592/3667 3680/4684/3713
s 0
f 3633/4592/3714 3634/4591/3714 3635/4594/3714 3636/4596/3714 3637/4598/3714 3638/4600/3714 3639/4602/3714 3640/4604/3714 3641/4606/3714 3642/4608/3714 3643/4610/3714 3644/4612/3714 3645/4614/3714 3646/4616/3714 3647/4618/3714 3648/4620/3714 3649/4622/3714 3650/4624/3714 3651/4626/3714 3652/4628/3714 3653/4630/3714 3654/4632/3714 3655/4634/3714 3656/4636/3714 3657/4638/3714 3658/4640/3714 3659/4642/3714 3660/4644/3714 3661/4646/3714 3662/4648/3714 3663/4650/3714 3664/4652/3714 3665/4654/3714 3666/4656/3714 3667/4658/3714 3668/4660/3714 3669/4662/3714 3670/4664/3714 3671/4666/3714 3672/4668/3714 3673/4670/3714 3674/4672/3714 3675/4674/3714 3676/4676/3714 3677/4678/3714 3678/4680/3714 3679/4682/3714 3680/4684/3714
o Grip_moulded_rib_14.001
v 0.451200 0.020528 -0.115755
v 0.451116 0.018590 -0.115881
v 0.450866 0.017177 -0.115973
v 0.450451 0.015946 -0.116053
v 0.449874 0.014854 -0.116124
v 0.449138 0.013886 -0.116187
v 0.448246 0.013041 -0.116242
v 0.447202 0.012319 -0.116289
v 0.446007 0.011722 -0.116328
v 0.444658 0.011255 -0.116359
v 0.443138 0.010919 -0.116380
v 0.441393 0.010716 -0.116394
v 0.439000 0.010649 -0.116398
v 0.436607 0.010716 -0.116394
v 0.434862 0.010919 -0.116380
v 0.433342 0.011255 -0.116359
v 0.431993 0.011722 -0.116328
v 0.430798 0.012319 -0.116289
v 0.429754 0.013041 -0.116242
v 0.428862 0.013886 -0.116187
v 0.428126 0.014854 -0.116124
v 0.427549 0.015946 -0.116053
v 0.427134 0.017177 -0.115973
v 0.426884 0.018590 -0.115881
v 0.426800 0.020528 -0.115755
v 0.426884 0.022465 -0.115629
v 0.427134 0.023878 -0.115537
v 0.427549 0.025109 -0.115457
v 0.428126 0.026202 -0.115386
v 0.428862 0.027169 -0.115323
v 0.429754 0.028015 -0.115268
v 0.430798 0.028737 -0.115221
v 0.431993 0.029333 -0.115182
v 0.433342 0.029800 -0.115151
v 0.434862 0.030136 -0.115130
v 0.436607 0.030339 -0.115116
v 0.439000 0.030407 -0.115112
v 0.441393 0.030339 -0.115116
v 0.443138 0.030136 -0.115130
v 0.444658 0.029800 -0.115151
v 0.446007 0.029333 -0.115182
v 0.447202 0.028737 -0.115221
v 0.448246 0.028015 -0.115268
v 0.449138 0.027169 -0.115323
v 0.449874 0.026202 -0.115386
v 0.450451 0.025109 -0.115457
v 0.450866 0.023878 -0.115537
v 0.451116 0.022465 -0.115629
v 0.451850 0.020586 -0.116653
v 0.451762 0.018551 -0.116786
v 0.451499 0.017066 -0.116882
v 0.451061 0.015773 -0.116966
v 0.450453 0.014625 -0.117041
v 0.449678 0.013609 -0.117107
v 0.448738 0.012721 -0.117165
v 0.447639 0.011962 -0.117214
v 0.446380 0.011336 -0.117255
v 0.444959 0.010845 -0.117287
v 0.443358 0.010492 -0.117310
v 0.441520 0.010279 -0.117324
v 0.439000 0.010208 -0.117329
v 0.436480 0.010279 -0.117324
v 0.434642 0.010492 -0.117310
v 0.433041 0.010845 -0.117287
v 0.431620 0.011336 -0.117255
v 0.430361 0.011962 -0.117214
v 0.429262 0.012721 -0.117165
v 0.428322 0.013609 -0.117107
v 0.427547 0.014625 -0.117041
v 0.426939 0.015773 -0.116966
v 0.426501 0.017066 -0.116882
v 0.426238 0.018551 -0.116786
v 0.426150 0.020586 -0.116653
v 0.426238 0.022622 -0.116521
v 0.426501 0.024106 -0.116424
v 0.426939 0.025399 -0.116340
v 0.427547 0.026547 -0.116265
v 0.428322 0.027563 -0.116199
v 0.429262 0.028451 -0.116141
v 0.430361 0.029210 -0.116092
v 0.431620 0.029836 -0.116051
v 0.433041 0.030327 -0.116019
v 0.434642 0.030680 -0.115996
v 0.436480 0.030893 -0.115982
v 0.439000 0.030964 -0.115978
v 0.441520 0.030893 -0.115982
v 0.443358 0.030680 -0.115996
v 0.444959 0.030327 -0.116019
v 0.446380 0.029836 -0.116051
v 0.447639 0.029210 -0.116092
v 0.448738 0.028451 -0.116141
v 0.449678 0.027563 -0.116199
v 0.450453 0.026547 -0.116265
v 0.451061 0.025399 -0.116340
v 0.451499 0.024106 -0.116424
v 0.451762 0.022622 -0.116521
v 0.451200 0.020658 -0.117751
v 0.451116 0.018720 -0.117877
v 0.450866 0.017307 -0.117969
v 0.450451 0.016076 -0.118049
v 0.449874 0.014983 -0.118120
v 0.449138 0.014016 -0.118183
v 0.448246 0.013171 -0.118238
v 0.447202 0.012449 -0.118285
v 0.446007 0.011852 -0.118324
v 0.444658 0.011385 -0.118354
v 0.443138 0.011049 -0.118376
v 0.441393 0.010846 -0.118389
v 0.439000 0.010778 -0.118394
v 0.436607 0.010846 -0.118389
v 0.434862 0.011049 -0.118376
v 0.433342 0.011385 -0.118354
v 0.431993 0.011852 -0.118324
v 0.430798 0.012449 -0.118285
v 0.429754 0.013171 -0.118238
v 0.428862 0.014016 -0.118183
v 0.428126 0.014983 -0.118120
v 0.427549 0.016076 -0.118049
v 0.427134 0.017307 -0.117969
v 0.426884 0.018720 -0.117877
v 0.426800 0.020658 -0.117751
v 0.426884 0.022595 -0.117625
v 0.427134 0.024008 -0.117533
v 0.427549 0.025239 -0.117453
v 0.428126 0.026332 -0.117381
v 0.428862 0.027299 -0.117319
v 0.429754 0.028144 -0.117263
v 0.430798 0.028867 -0.117216
v 0.431993 0.029463 -0.117178
v 0.433342 0.029930 -0.117147
v 0.434862 0.030266 -0.117125
v 0.436607 0.030469 -0.117112
v 0.439000 0.030537 -0.117108
v 0.441393 0.030469 -0.117112
v 0.443138 0.030266 -0.117125
v 0.444658 0.029930 -0.117147
v 0.446007 0.029463 -0.117178
v 0.447202 0.028867 -0.117216
v 0.448246 0.028144 -0.117263
v 0.449138 0.027299 -0.117319
v 0.449874 0.026332 -0.117381
v 0.450451 0.025239 -0.117453
v 0.450866 0.024008 -0.117533
v 0.451116 0.022595 -0.117625
vn -0.0000 -0.0650 0.9979
vn 0.8107 -0.0380 0.5842
vn 0.8058 -0.1182 0.5802
vn 0.9951 -0.0988 -0.0064
vn 1.0000 -0.0000 -0.0000
vn 0.7844 -0.2350 0.5740
vn 0.9698 -0.2433 -0.0159
vn 0.7448 -0.3553 0.5648
vn 0.9197 -0.3917 -0.0255
vn 0.6863 -0.4740 0.5516
vn 0.8434 -0.5362 -0.0349
vn 0.6109 -0.5841 0.5345
vn 0.7443 -0.6664 -0.0434
vn 0.5226 -0.6798 0.5145
vn 0.6296 -0.7753 -0.0505
vn 0.4268 -0.7579 0.4934
vn 0.5077 -0.8597 -0.0560
vn 0.3285 -0.8176 0.4730
vn 0.3860 -0.9206 -0.0599
vn 0.2322 -0.8598 0.4549
vn 0.2699 -0.9609 -0.0625
vn 0.1414 -0.8865 0.4406
vn 0.1629 -0.9846 -0.0641
vn 0.0569 -0.9006 0.4309
vn 0.0652 -0.9958 -0.0648
vn -0.0000 -0.9038 0.4279
vn -0.0000 -0.9979 -0.0649
vn -0.0569 -0.9006 0.4309
vn -0.0652 -0.9958 -0.0648
vn -0.1413 -0.8865 0.4406
vn -0.1629 -0.9846 -0.0641
vn -0.2322 -0.8597 0.4549
vn -0.2699 -0.9609 -0.0625
vn -0.3285 -0.8176 0.4730
vn -0.3860 -0.9206 -0.0599
vn -0.4268 -0.7579 0.4934
vn -0.5077 -0.8597 -0.0560
vn -0.5226 -0.6798 0.5145
vn -0.6296 -0.7753 -0.0505
vn -0.6109 -0.5841 0.5345
vn -0.7443 -0.6665 -0.0434
vn -0.6863 -0.4741 0.5516
vn -0.8434 -0.5362 -0.0349
vn -0.7448 -0.3553 0.5648
vn -0.9197 -0.3917 -0.0255
vn -0.7844 -0.2350 0.5740
vn -0.9698 -0.2433 -0.0159
vn -0.8058 -0.1181 0.5802
vn -0.9951 -0.0988 -0.0064
vn -0.8107 -0.0380 0.5842
vn -1.0000 -0.0000 -0.0000
vn -0.8058 0.0419 0.5906
vn -0.9951 0.0988 0.0065
vn -0.7844 0.1586 0.5997
vn -0.9698 0.2433 0.0158
vn -0.7448 0.2791 0.6061
vn -0.9197 0.3917 0.0255
vn -0.6863 0.3985 0.6084
vn -0.8434 0.5362 0.0349
vn -0.6109 0.5099 0.6057
vn -0.7443 0.6664 0.0434
vn -0.5226 0.6073 0.5983
vn -0.6296 0.7753 0.0505
vn -0.4268 0.6875 0.5875
vn -0.5077 0.8597 0.0559
vn -0.3285 0.7493 0.5749
vn -0.3860 0.9206 0.0599
vn -0.2322 0.7935 0.5625
vn -0.2699 0.9609 0.0626
vn -0.1413 0.8219 0.5518
vn -0.1629 0.9846 0.0641
vn -0.0569 0.8371 0.5440
vn -0.0652 0.9958 0.0648
vn -0.0000 0.8407 0.5415
vn -0.0000 0.9979 0.0650
vn 0.0569 0.8371 0.5441
vn 0.0652 0.9958 0.0648
vn 0.1413 0.8219 0.5518
vn 0.1629 0.9846 0.0641
vn 0.2322 0.7935 0.5625
vn 0.2699 0.9609 0.0626
vn 0.3285 0.7493 0.5749
vn 0.3860 0.9206 0.0599
vn 0.4268 0.6875 0.5875
vn 0.5077 0.8597 0.0560
vn 0.5226 0.6073 0.5983
vn 0.6296 0.7753 0.0505
vn 0.6109 0.5099 0.6057
vn 0.7443 0.6665 0.0434
vn 0.6863 0.3985 0.6084
vn 0.8434 0.5362 0.0349
vn 0.7448 0.2791 0.6061
vn 0.9197 0.3917 0.0255
vn 0.7844 0.1586 0.5997
vn 0.9698 0.2433 0.0158
vn 0.8058 0.0420 0.5907
vn 0.9951 0.0988 0.0065
vn 0.8560 -0.0519 -0.5143
vn 0.8610 0.0330 -0.5076
vn 0.8335 -0.1759 -0.5238
vn 0.7911 -0.3038 -0.5308
vn 0.7281 -0.4302 -0.5336
vn 0.6468 -0.5470 -0.5315
vn 0.5518 -0.6481 -0.5248
vn 0.4491 -0.7302 -0.5148
vn 0.3445 -0.7925 -0.5032
vn 0.2429 -0.8363 -0.4916
vn 0.1476 -0.8638 -0.4817
vn 0.0593 -0.8782 -0.4745
vn -0.0000 -0.8815 -0.4721
vn -0.0593 -0.8782 -0.4745
vn -0.1474 -0.8639 -0.4817
vn -0.2428 -0.8363 -0.4916
vn -0.3445 -0.7925 -0.5032
vn -0.4491 -0.7302 -0.5148
vn -0.5518 -0.6481 -0.5248
vn -0.6468 -0.5470 -0.5315
vn -0.7281 -0.4302 -0.5336
vn -0.7912 -0.3038 -0.5308
vn -0.8335 -0.1759 -0.5238
vn -0.8560 -0.0519 -0.5143
vn -0.8610 0.0330 -0.5076
vn -0.8560 0.1181 -0.5033
vn -0.8335 0.2423 -0.4966
vn -0.7911 0.3701 -0.4870
vn -0.7281 0.4957 -0.4734
vn -0.6468 0.6113 -0.4561
vn -0.5518 0.7107 -0.4364
vn -0.4491 0.7908 -0.4158
vn -0.3446 0.8511 -0.3962
vn -0.2429 0.8929 -0.3791
vn -0.1474 0.9190 -0.3656
vn -0.0593 0.9324 -0.3567
vn -0.0000 0.9353 -0.3539
vn 0.0593 0.9323 -0.3567
vn 0.1476 0.9190 -0.3656
vn 0.2428 0.8929 -0.3791
vn 0.3445 0.8511 -0.3962
vn 0.4491 0.7908 -0.4158
vn 0.5518 0.7107 -0.4364
vn 0.6468 0.6113 -0.4562
vn 0.7281 0.4957 -0.4734
vn 0.7912 0.3701 -0.4869
vn 0.8335 0.2423 -0.4966
vn 0.8560 0.1181 -0.5033
vn -0.0000 0.0650 -0.9979
vt 0.184833 0.883154
vt 0.188655 0.883718
vt 0.191999 0.884739
vt 0.194985 0.886207
vt 0.197645 0.888111
vt 0.199988 0.890442
vt 0.202011 0.893191
vt 0.203706 0.896355
vt 0.205067 0.899944
vt 0.206087 0.904000
vt 0.206765 0.908671
vt 0.207128 0.915093
vt 0.207128 0.921526
vt 0.206715 0.926227
vt 0.205926 0.930335
vt 0.204770 0.933995
vt 0.203256 0.937250
vt 0.201392 0.940109
vt 0.199184 0.942568
vt 0.196636 0.944620
vt 0.193738 0.946253
vt 0.190457 0.947462
vt 0.186673 0.948241
vt 0.181464 0.948613
vt 0.176242 0.948536
vt 0.172420 0.947972
vt 0.169076 0.946951
vt 0.166091 0.945483
vt 0.163431 0.943579
vt 0.161088 0.941248
vt 0.159065 0.938499
vt 0.157370 0.935335
vt 0.156009 0.931746
vt 0.154989 0.927689
vt 0.154311 0.923018
vt 0.153947 0.916597
vt 0.153948 0.910164
vt 0.154360 0.905463
vt 0.155150 0.901355
vt 0.156306 0.897694
vt 0.157820 0.894440
vt 0.159684 0.891581
vt 0.161892 0.889122
vt 0.164440 0.887070
vt 0.167337 0.885436
vt 0.170619 0.884228
vt 0.174403 0.883449
vt 0.179612 0.883077
vt 0.174090 0.881722
vt 0.179562 0.881331
vt 0.170115 0.882543
vt 0.166668 0.883815
vt 0.163625 0.885536
vt 0.160948 0.887696
vt 0.158629 0.890287
vt 0.156671 0.893297
vt 0.155080 0.896726
vt 0.153866 0.900581
vt 0.153037 0.904907
vt 0.152604 0.909860
vt 0.152604 0.916635
vt 0.152987 0.923399
vt 0.153699 0.928319
vt 0.154771 0.932591
vt 0.156201 0.936372
vt 0.157982 0.939705
vt 0.160107 0.942600
vt 0.162569 0.945055
vt 0.165364 0.947061
vt 0.168500 0.948607
vt 0.172013 0.949683
vt 0.176028 0.950278
vt 0.181513 0.950359
vt 0.186985 0.949968
vt 0.190960 0.949147
vt 0.194407 0.947875
vt 0.197451 0.946154
vt 0.200128 0.943994
vt 0.202447 0.941403
vt 0.204405 0.938392
vt 0.205995 0.934964
vt 0.207209 0.931109
vt 0.208038 0.926783
vt 0.208471 0.921830
vt 0.208471 0.915055
vt 0.208089 0.908291
vt 0.207376 0.903371
vt 0.206305 0.899098
vt 0.204875 0.895318
vt 0.203093 0.891985
vt 0.200968 0.889090
vt 0.198507 0.886635
vt 0.195712 0.884629
vt 0.192576 0.883083
vt 0.189063 0.882007
vt 0.185048 0.881412
vt 0.747938 0.961893
vt 0.742452 0.961811
vt 0.742667 0.960070
vt 0.747888 0.960147
vt 0.738437 0.961216
vt 0.738845 0.959505
vt 0.734924 0.960140
vt 0.735501 0.958484
vt 0.731788 0.958594
vt 0.732515 0.957017
vt 0.728993 0.956589
vt 0.729855 0.955112
vt 0.726532 0.954134
vt 0.727512 0.952782
vt 0.724407 0.951238
vt 0.725489 0.950033
vt 0.722625 0.947905
vt 0.723794 0.946869
vt 0.721195 0.944125
vt 0.722433 0.943280
vt 0.720124 0.939852
vt 0.721413 0.939223
vt 0.719411 0.934932
vt 0.720735 0.934552
vt 0.719029 0.928168
vt 0.720372 0.928130
vt 0.719029 0.921393
vt 0.720372 0.921698
vt 0.719462 0.916441
vt 0.720785 0.916996
vt 0.720291 0.912114
vt 0.721574 0.912888
vt 0.721505 0.908259
vt 0.722730 0.909228
vt 0.723095 0.904831
vt 0.724244 0.905973
vt 0.725053 0.901820
vt 0.726108 0.903114
vt 0.727372 0.899230
vt 0.728316 0.900655
vt 0.730049 0.897070
vt 0.730864 0.898604
vt 0.733093 0.895349
vt 0.733762 0.896970
vt 0.736539 0.894076
vt 0.737043 0.895761
vt 0.740515 0.893256
vt 0.740827 0.894982
vt 0.745987 0.892864
vt 0.746036 0.894610
vt 0.751472 0.892946
vt 0.751258 0.894687
vt 0.755487 0.893541
vt 0.755080 0.895252
vt 0.759000 0.894617
vt 0.758424 0.896273
vt 0.762136 0.896163
vt 0.761409 0.897740
vt 0.764931 0.898168
vt 0.764069 0.899644
vt 0.767393 0.900623
vt 0.766412 0.901975
vt 0.769518 0.903519
vt 0.768435 0.904724
vt 0.771299 0.906852
vt 0.770130 0.907888
vt 0.772729 0.910632
vt 0.771491 0.911477
vt 0.773801 0.914905
vt 0.772511 0.915534
vt 0.774513 0.919825
vt 0.773189 0.920205
vt 0.774896 0.926589
vt 0.773553 0.926627
vt 0.774896 0.933364
vt 0.773552 0.933059
vt 0.774463 0.938316
vt 0.773140 0.937761
vt 0.773634 0.942643
vt 0.772350 0.941869
vt 0.772420 0.946498
vt 0.771194 0.945529
vt 0.770829 0.949926
vt 0.769680 0.948784
vt 0.768871 0.952937
vt 0.767816 0.951643
vt 0.766552 0.955527
vt 0.765608 0.954102
vt 0.763875 0.957687
vt 0.763060 0.956153
vt 0.760832 0.959408
vt 0.760163 0.957787
vt 0.757385 0.960681
vt 0.756881 0.958995
vt 0.753410 0.961501
vt 0.753097 0.959775
s 0
usemtl 05_|_charcoal_anti_vibration_rubber
f 3728/4685/3715 3727/4686/3715 3726/4687/3715 3725/4688/3715 3724/4689/3715 3723/4690/3715 3722/4691/3715 3721/4692/3715 3720/4693/3715 3719/4694/3715 3718/4695/3715 3717/4696/3715 3716/4697/3715 3715/4698/3715 3714/4699/3715 3713/4700/3715 3712/4701/3715 3711/4702/3715 3710/4703/3715 3709/4704/3715 3708/4705/3715 3707/4706/3715 3706/4707/3715 3705/4708/3715 3704/4709/3715 3703/4710/3715 3702/4711/3715 3701/4712/3715 3700/4713/3715 3699/4714/3715 3698/4715/3715 3697/4716/3715 3696/4717/3715 3695/4718/3715 3694/4719/3715 3693/4720/3715 3692/4721/3715 3691/4722/3715 3690/4723/3715 3689/4724/3715 3688/4725/3715 3687/4726/3715 3686/4727/3715 3685/4728/3715 3684/4729/3715 3683/4730/3715 3682/4731/3715 3681/4732/3715
s 1
f 3681/4732/3716 3682/4731/3717 3730/4733/3718 3729/4734/3719
f 3682/4731/3717 3683/4730/3720 3731/4735/3721 3730/4733/3718
f 3683/4730/3720 3684/4729/3722 3732/4736/3723 3731/4735/3721
f 3684/4729/3722 3685/4728/3724 3733/4737/3725 3732/4736/3723
f 3685/4728/3724 3686/4727/3726 3734/4738/3727 3733/4737/3725
f 3686/4727/3726 3687/4726/3728 3735/4739/3729 3734/4738/3727
f 3687/4726/3728 3688/4725/3730 3736/4740/3731 3735/4739/3729
f 3688/4725/3730 3689/4724/3732 3737/4741/3733 3736/4740/3731
f 3689/4724/3732 3690/4723/3734 3738/4742/3735 3737/4741/3733
f 3690/4723/3734 3691/4722/3736 3739/4743/3737 3738/4742/3735
f 3691/4722/3736 3692/4721/3738 3740/4744/3739 3739/4743/3737
f 3692/4721/3738 3693/4720/3740 3741/4745/3741 3740/4744/3739
f 3693/4720/3740 3694/4719/3742 3742/4746/3743 3741/4745/3741
f 3694/4719/3742 3695/4718/3744 3743/4747/3745 3742/4746/3743
f 3695/4718/3744 3696/4717/3746 3744/4748/3747 3743/4747/3745
f 3696/4717/3746 3697/4716/3748 3745/4749/3749 3744/4748/3747
f 3697/4716/3748 3698/4715/3750 3746/4750/3751 3745/4749/3749
f 3698/4715/3750 3699/4714/3752 3747/4751/3753 3746/4750/3751
f 3699/4714/3752 3700/4713/3754 3748/4752/3755 3747/4751/3753
f 3700/4713/3754 3701/4712/3756 3749/4753/3757 3748/4752/3755
f 3701/4712/3756 3702/4711/3758 3750/4754/3759 3749/4753/3757
f 3702/4711/3758 3703/4710/3760 3751/4755/3761 3750/4754/3759
f 3703/4710/3760 3704/4709/3762 3752/4756/3763 3751/4755/3761
f 3704/4709/3762 3705/4708/3764 3753/4757/3765 3752/4756/3763
f 3705/4708/3764 3706/4707/3766 3754/4758/3767 3753/4757/3765
f 3706/4707/3766 3707/4706/3768 3755/4759/3769 3754/4758/3767
f 3707/4706/3768 3708/4705/3770 3756/4760/3771 3755/4759/3769
f 3708/4705/3770 3709/4704/3772 3757/4761/3773 3756/4760/3771
f 3709/4704/3772 3710/4703/3774 3758/4762/3775 3757/4761/3773
f 3710/4703/3774 3711/4702/3776 3759/4763/3777 3758/4762/3775
f 3711/4702/3776 3712/4701/3778 3760/4764/3779 3759/4763/3777
f 3712/4701/3778 3713/4700/3780 3761/4765/3781 3760/4764/3779
f 3713/4700/3780 3714/4699/3782 3762/4766/3783 3761/4765/3781
f 3714/4699/3782 3715/4698/3784 3763/4767/3785 3762/4766/3783
f 3715/4698/3784 3716/4697/3786 3764/4768/3787 3763/4767/3785
f 3716/4697/3786 3717/4696/3788 3765/4769/3789 3764/4768/3787
f 3717/4696/3788 3718/4695/3790 3766/4770/3791 3765/4769/3789
f 3718/4695/3790 3719/4694/3792 3767/4771/3793 3766/4770/3791
f 3719/4694/3792 3720/4693/3794 3768/4772/3795 3767/4771/3793
f 3720/4693/3794 3721/4692/3796 3769/4773/3797 3768/4772/3795
f 3721/4692/3796 3722/4691/3798 3770/4774/3799 3769/4773/3797
f 3722/4691/3798 3723/4690/3800 3771/4775/3801 3770/4774/3799
f 3723/4690/3800 3724/4689/3802 3772/4776/3803 3771/4775/3801
f 3724/4689/3802 3725/4688/3804 3773/4777/3805 3772/4776/3803
f 3725/4688/3804 3726/4687/3806 3774/4778/3807 3773/4777/3805
f 3726/4687/3806 3727/4686/3808 3775/4779/3809 3774/4778/3807
f 3727/4686/3808 3728/4685/3810 3776/4780/3811 3775/4779/3809
f 3728/4685/3810 3681/4732/3716 3729/4734/3719 3776/4780/3811
f 3729/4781/3719 3730/4782/3718 3778/4783/3812 3777/4784/3813
f 3730/4782/3718 3731/4785/3721 3779/4786/3814 3778/4783/3812
f 3731/4785/3721 3732/4787/3723 3780/4788/3815 3779/4786/3814
f 3732/4787/3723 3733/4789/3725 3781/4790/3816 3780/4788/3815
f 3733/4789/3725 3734/4791/3727 3782/4792/3817 3781/4790/3816
f 3734/4791/3727 3735/4793/3729 3783/4794/3818 3782/4792/3817
f 3735/4793/3729 3736/4795/3731 3784/4796/3819 3783/4794/3818
f 3736/4795/3731 3737/4797/3733 3785/4798/3820 3784/4796/3819
f 3737/4797/3733 3738/4799/3735 3786/4800/3821 3785/4798/3820
f 3738/4799/3735 3739/4801/3737 3787/4802/3822 3786/4800/3821
f 3739/4801/3737 3740/4803/3739 3788/4804/3823 3787/4802/3822
f 3740/4803/3739 3741/4805/3741 3789/4806/3824 3788/4804/3823
f 3741/4805/3741 3742/4807/3743 3790/4808/3825 3789/4806/3824
f 3742/4807/3743 3743/4809/3745 3791/4810/3826 3790/4808/3825
f 3743/4809/3745 3744/4811/3747 3792/4812/3827 3791/4810/3826
f 3744/4811/3747 3745/4813/3749 3793/4814/3828 3792/4812/3827
f 3745/4813/3749 3746/4815/3751 3794/4816/3829 3793/4814/3828
f 3746/4815/3751 3747/4817/3753 3795/4818/3830 3794/4816/3829
f 3747/4817/3753 3748/4819/3755 3796/4820/3831 3795/4818/3830
f 3748/4819/3755 3749/4821/3757 3797/4822/3832 3796/4820/3831
f 3749/4821/3757 3750/4823/3759 3798/4824/3833 3797/4822/3832
f 3750/4823/3759 3751/4825/3761 3799/4826/3834 3798/4824/3833
f 3751/4825/3761 3752/4827/3763 3800/4828/3835 3799/4826/3834
f 3752/4827/3763 3753/4829/3765 3801/4830/3836 3800/4828/3835
f 3753/4829/3765 3754/4831/3767 3802/4832/3837 3801/4830/3836
f 3754/4831/3767 3755/4833/3769 3803/4834/3838 3802/4832/3837
f 3755/4833/3769 3756/4835/3771 3804/4836/3839 3803/4834/3838
f 3756/4835/3771 3757/4837/3773 3805/4838/3840 3804/4836/3839
f 3757/4837/3773 3758/4839/3775 3806/4840/3841 3805/4838/3840
f 3758/4839/3775 3759/4841/3777 3807/4842/3842 3806/4840/3841
f 3759/4841/3777 3760/4843/3779 3808/4844/3843 3807/4842/3842
f 3760/4843/3779 3761/4845/3781 3809/4846/3844 3808/4844/3843
f 3761/4845/3781 3762/4847/3783 3810/4848/3845 3809/4846/3844
f 3762/4847/3783 3763/4849/3785 3811/4850/3846 3810/4848/3845
f 3763/4849/3785 3764/4851/3787 3812/4852/3847 3811/4850/3846
f 3764/4851/3787 3765/4853/3789 3813/4854/3848 3812/4852/3847
f 3765/4853/3789 3766/4855/3791 3814/4856/3849 3813/4854/3848
f 3766/4855/3791 3767/4857/3793 3815/4858/3850 3814/4856/3849
f 3767/4857/3793 3768/4859/3795 3816/4860/3851 3815/4858/3850
f 3768/4859/3795 3769/4861/3797 3817/4862/3852 3816/4860/3851
f 3769/4861/3797 3770/4863/3799 3818/4864/3853 3817/4862/3852
f 3770/4863/3799 3771/4865/3801 3819/4866/3854 3818/4864/3853
f 3771/4865/3801 3772/4867/3803 3820/4868/3855 3819/4866/3854
f 3772/4867/3803 3773/4869/3805 3821/4870/3856 3820/4868/3855
f 3773/4869/3805 3774/4871/3807 3822/4872/3857 3821/4870/3856
f 3774/4871/3807 3775/4873/3809 3823/4874/3858 3822/4872/3857
f 3775/4873/3809 3776/4875/3811 3824/4876/3859 3823/4874/3858
f 3776/4875/3811 3729/4781/3719 3777/4784/3813 3824/4876/3859
s 0
f 3777/4784/3860 3778/4783/3860 3779/4786/3860 3780/4788/3860 3781/4790/3860 3782/4792/3860 3783/4794/3860 3784/4796/3860 3785/4798/3860 3786/4800/3860 3787/4802/3860 3788/4804/3860 3789/4806/3860 3790/4808/3860 3791/4810/3860 3792/4812/3860 3793/4814/3860 3794/4816/3860 3795/4818/3860 3796/4820/3860 3797/4822/3860 3798/4824/3860 3799/4826/3860 3800/4828/3860 3801/4830/3860 3802/4832/3860 3803/4834/3860 3804/4836/3860 3805/4838/3860 3806/4840/3860 3807/4842/3860 3808/4844/3860 3809/4846/3860 3810/4848/3860 3811/4850/3860 3812/4852/3860 3813/4854/3860 3814/4856/3860 3815/4858/3860 3816/4860/3860 3817/4862/3860 3818/4864/3860 3819/4866/3860 3820/4868/3860 3821/4870/3860 3822/4872/3860 3823/4874/3860 3824/4876/3860
o Grip_moulded_rib_15.001
v 0.451000 0.020982 -0.122740
v 0.450918 0.019074 -0.122864
v 0.450672 0.017683 -0.122955
v 0.450264 0.016470 -0.123034
v 0.449696 0.015394 -0.123104
v 0.448971 0.014441 -0.123166
v 0.448094 0.013609 -0.123220
v 0.447067 0.012898 -0.123267
v 0.445892 0.012310 -0.123305
v 0.444565 0.011850 -0.123335
v 0.443070 0.011519 -0.123356
v 0.441354 0.011320 -0.123369
v 0.439000 0.011253 -0.123374
v 0.436646 0.011320 -0.123369
v 0.434930 0.011519 -0.123356
v 0.433435 0.011850 -0.123335
v 0.432108 0.012310 -0.123305
v 0.430932 0.012898 -0.123267
v 0.429906 0.013609 -0.123220
v 0.429029 0.014441 -0.123166
v 0.428304 0.015394 -0.123104
v 0.427736 0.016470 -0.123034
v 0.427328 0.017683 -0.122955
v 0.427082 0.019074 -0.122864
v 0.427000 0.020982 -0.122740
v 0.427082 0.022891 -0.122616
v 0.427328 0.024282 -0.122525
v 0.427736 0.025494 -0.122447
v 0.428304 0.026570 -0.122377
v 0.429029 0.027523 -0.122314
v 0.429906 0.028356 -0.122260
v 0.430932 0.029067 -0.122214
v 0.432108 0.029654 -0.122176
v 0.433435 0.030115 -0.122146
v 0.434930 0.030446 -0.122124
v 0.436646 0.030645 -0.122111
v 0.439000 0.030712 -0.122107
v 0.441354 0.030645 -0.122111
v 0.443070 0.030446 -0.122124
v 0.444565 0.030115 -0.122146
v 0.445892 0.029654 -0.122176
v 0.447067 0.029067 -0.122214
v 0.448094 0.028356 -0.122260
v 0.448971 0.027523 -0.122314
v 0.449696 0.026570 -0.122377
v 0.450264 0.025494 -0.122447
v 0.450672 0.024282 -0.122525
v 0.450918 0.022891 -0.122616
v 0.451650 0.021041 -0.123638
v 0.451563 0.019035 -0.123769
v 0.451304 0.017572 -0.123864
v 0.450874 0.016297 -0.123947
v 0.450275 0.015166 -0.124021
v 0.449511 0.014164 -0.124086
v 0.448587 0.013289 -0.124143
v 0.447504 0.012542 -0.124192
v 0.446266 0.011924 -0.124232
v 0.444866 0.011440 -0.124263
v 0.443290 0.011092 -0.124286
v 0.441481 0.010882 -0.124300
v 0.439000 0.010812 -0.124304
v 0.436519 0.010882 -0.124300
v 0.434710 0.011092 -0.124286
v 0.433134 0.011440 -0.124263
v 0.431734 0.011924 -0.124232
v 0.430496 0.012542 -0.124192
v 0.429413 0.013289 -0.124143
v 0.428489 0.014164 -0.124086
v 0.427725 0.015166 -0.124021
v 0.427126 0.016297 -0.123947
v 0.426696 0.017572 -0.123864
v 0.426437 0.019035 -0.123769
v 0.426350 0.021041 -0.123638
v 0.426437 0.023047 -0.123508
v 0.426696 0.024510 -0.123413
v 0.427126 0.025784 -0.123330
v 0.427725 0.026915 -0.123256
v 0.428489 0.027917 -0.123191
v 0.429413 0.028792 -0.123134
v 0.430496 0.029540 -0.123085
v 0.431734 0.030157 -0.123045
v 0.433134 0.030641 -0.123013
v 0.434710 0.030989 -0.122991
v 0.436519 0.031199 -0.122977
v 0.439000 0.031269 -0.122973
v 0.441481 0.031199 -0.122977
v 0.443290 0.030989 -0.122991
v 0.444866 0.030641 -0.123013
v 0.446266 0.030157 -0.123045
v 0.447504 0.029540 -0.123085
v 0.448587 0.028792 -0.123134
v 0.449511 0.027917 -0.123191
v 0.450275 0.026915 -0.123256
v 0.450874 0.025784 -0.123330
v 0.451304 0.024510 -0.123413
v 0.451563 0.023047 -0.123508
v 0.451000 0.021112 -0.124736
v 0.450918 0.019204 -0.124860
v 0.450672 0.017812 -0.124951
v 0.450264 0.016600 -0.125030
v 0.449696 0.015524 -0.125100
v 0.448971 0.014571 -0.125162
v 0.448094 0.013739 -0.125216
v 0.447067 0.013028 -0.125262
v 0.445892 0.012440 -0.125300
v 0.444565 0.011980 -0.125330
v 0.443070 0.011649 -0.125352
v 0.441354 0.011449 -0.125365
v 0.439000 0.011383 -0.125369
v 0.436646 0.011449 -0.125365
v 0.434930 0.011649 -0.125352
v 0.433435 0.011980 -0.125330
v 0.432108 0.012440 -0.125300
v 0.430932 0.013028 -0.125262
v 0.429906 0.013739 -0.125216
v 0.429029 0.014571 -0.125162
v 0.428304 0.015524 -0.125100
v 0.427736 0.016600 -0.125030
v 0.427328 0.017812 -0.124951
v 0.427082 0.019204 -0.124860
v 0.427000 0.021112 -0.124736
v 0.427082 0.023021 -0.124612
v 0.427328 0.024412 -0.124521
v 0.427736 0.025624 -0.124442
v 0.428304 0.026700 -0.124372
v 0.429029 0.027653 -0.124310
v 0.429906 0.028486 -0.124256
v 0.430932 0.029197 -0.124210
v 0.432108 0.029784 -0.124172
v 0.433435 0.030244 -0.124142
v 0.434930 0.030575 -0.124120
v 0.436646 0.030775 -0.124107
v 0.439000 0.030842 -0.124103
v 0.441354 0.030775 -0.124107
v 0.443070 0.030575 -0.124120
v 0.444565 0.030244 -0.124142
v 0.445892 0.029784 -0.124172
v 0.447067 0.029197 -0.124210
v 0.448094 0.028486 -0.124256
v 0.448971 0.027653 -0.124310
v 0.449696 0.026700 -0.124372
v 0.450264 0.025624 -0.124442
v 0.450672 0.024412 -0.124521
v 0.450918 0.023021 -0.124612
vn -0.0000 -0.0650 0.9979
vn 0.8107 -0.0380 0.5842
vn 0.8059 -0.1180 0.5802
vn 0.9951 -0.0987 -0.0064
vn 1.0000 -0.0000 -0.0000
vn 0.7844 -0.2348 0.5741
vn 0.9699 -0.2430 -0.0158
vn 0.7449 -0.3550 0.5649
vn 0.9199 -0.3913 -0.0255
vn 0.6865 -0.4737 0.5517
vn 0.8437 -0.5357 -0.0349
vn 0.6112 -0.5837 0.5346
vn 0.7447 -0.6660 -0.0434
vn 0.5230 -0.6795 0.5146
vn 0.6301 -0.7749 -0.0504
vn 0.4272 -0.7576 0.4935
vn 0.5081 -0.8595 -0.0560
vn 0.3288 -0.8174 0.4730
vn 0.3864 -0.9204 -0.0599
vn 0.2325 -0.8596 0.4549
vn 0.2702 -0.9608 -0.0625
vn 0.1415 -0.8865 0.4406
vn 0.1631 -0.9845 -0.0641
vn 0.0570 -0.9006 0.4309
vn 0.0653 -0.9958 -0.0648
vn -0.0000 -0.9038 0.4279
vn -0.0000 -0.9979 -0.0649
vn -0.0570 -0.9006 0.4310
vn -0.0653 -0.9958 -0.0648
vn -0.1415 -0.8865 0.4406
vn -0.1631 -0.9845 -0.0641
vn -0.2325 -0.8596 0.4549
vn -0.2702 -0.9608 -0.0625
vn -0.3289 -0.8174 0.4730
vn -0.3864 -0.9204 -0.0599
vn -0.4272 -0.7576 0.4935
vn -0.5081 -0.8594 -0.0560
vn -0.5230 -0.6795 0.5146
vn -0.6301 -0.7749 -0.0504
vn -0.6112 -0.5837 0.5346
vn -0.7447 -0.6660 -0.0434
vn -0.6865 -0.4737 0.5517
vn -0.8437 -0.5357 -0.0349
vn -0.7449 -0.3550 0.5649
vn -0.9199 -0.3913 -0.0254
vn -0.7844 -0.2348 0.5741
vn -0.9699 -0.2431 -0.0158
vn -0.8059 -0.1180 0.5802
vn -0.9951 -0.0987 -0.0064
vn -0.8107 -0.0380 0.5842
vn -1.0000 -0.0000 -0.0000
vn -0.8059 0.0418 0.5906
vn -0.9951 0.0987 0.0064
vn -0.7844 0.1584 0.5996
vn -0.9699 0.2430 0.0158
vn -0.7449 0.2788 0.6061
vn -0.9199 0.3913 0.0255
vn -0.6865 0.3982 0.6084
vn -0.8437 0.5357 0.0349
vn -0.6112 0.5095 0.6057
vn -0.7447 0.6660 0.0433
vn -0.5230 0.6070 0.5983
vn -0.6301 0.7749 0.0504
vn -0.4272 0.6873 0.5875
vn -0.5081 0.8595 0.0559
vn -0.3288 0.7492 0.5750
vn -0.3864 0.9204 0.0599
vn -0.2324 0.7934 0.5625
vn -0.2702 0.9608 0.0626
vn -0.1415 0.8219 0.5518
vn -0.1631 0.9845 0.0641
vn -0.0570 0.8371 0.5441
vn -0.0653 0.9958 0.0649
vn -0.0000 0.8407 0.5415
vn -0.0000 0.9979 0.0650
vn 0.0570 0.8371 0.5441
vn 0.0653 0.9958 0.0649
vn 0.1415 0.8219 0.5518
vn 0.1631 0.9845 0.0641
vn 0.2324 0.7934 0.5625
vn 0.2702 0.9608 0.0626
vn 0.3288 0.7492 0.5750
vn 0.3864 0.9204 0.0599
vn 0.4272 0.6873 0.5875
vn 0.5081 0.8595 0.0559
vn 0.5230 0.6070 0.5983
vn 0.6301 0.7749 0.0504
vn 0.6112 0.5095 0.6057
vn 0.7447 0.6660 0.0433
vn 0.6865 0.3982 0.6084
vn 0.8437 0.5357 0.0349
vn 0.7449 0.2788 0.6061
vn 0.9199 0.3913 0.0255
vn 0.7844 0.1584 0.5996
vn 0.9699 0.2431 0.0158
vn 0.8059 0.0418 0.5906
vn 0.9951 0.0987 0.0064
vn 0.8560 -0.0518 -0.5143
vn 0.8610 0.0330 -0.5076
vn 0.8335 -0.1757 -0.5238
vn 0.7913 -0.3035 -0.5308
vn 0.7284 -0.4298 -0.5336
vn 0.6471 -0.5466 -0.5316
vn 0.5521 -0.6478 -0.5249
vn 0.4495 -0.7300 -0.5149
vn 0.3449 -0.7924 -0.5032
vn 0.2431 -0.8362 -0.4916
vn 0.1476 -0.8638 -0.4817
vn 0.0594 -0.8782 -0.4745
vn -0.0000 -0.8815 -0.4721
vn -0.0594 -0.8782 -0.4745
vn -0.1477 -0.8638 -0.4817
vn -0.2431 -0.8362 -0.4916
vn -0.3449 -0.7924 -0.5032
vn -0.4495 -0.7300 -0.5149
vn -0.5521 -0.6478 -0.5249
vn -0.6471 -0.5466 -0.5316
vn -0.7284 -0.4297 -0.5336
vn -0.7913 -0.3035 -0.5308
vn -0.8335 -0.1757 -0.5238
vn -0.8560 -0.0518 -0.5143
vn -0.8610 0.0330 -0.5076
vn -0.8560 0.1180 -0.5033
vn -0.8335 0.2421 -0.4966
vn -0.7913 0.3698 -0.4870
vn -0.7284 0.4953 -0.4734
vn -0.6471 0.6109 -0.4562
vn -0.5521 0.7104 -0.4365
vn -0.4495 0.7906 -0.4159
vn -0.3449 0.8509 -0.3962
vn -0.2431 0.8929 -0.3791
vn -0.1476 0.9190 -0.3656
vn -0.0594 0.9323 -0.3567
vn -0.0000 0.9353 -0.3539
vn 0.0594 0.9323 -0.3567
vn 0.1476 0.9190 -0.3656
vn 0.2431 0.8929 -0.3791
vn 0.3449 0.8509 -0.3962
vn 0.4495 0.7906 -0.4159
vn 0.5521 0.7104 -0.4365
vn 0.6471 0.6108 -0.4562
vn 0.7284 0.4953 -0.4734
vn 0.7913 0.3697 -0.4870
vn 0.8335 0.2421 -0.4966
vn 0.8560 0.1180 -0.5033
vn -0.0000 0.0650 -0.9979
vt 0.682773 0.894686
vt 0.686537 0.895241
vt 0.689830 0.896245
vt 0.692770 0.897688
vt 0.695390 0.899561
vt 0.697698 0.901853
vt 0.699690 0.904557
vt 0.701360 0.907669
vt 0.702700 0.911199
vt 0.703704 0.915189
vt 0.704372 0.919784
vt 0.704730 0.926100
vt 0.704730 0.932427
vt 0.704323 0.937052
vt 0.703546 0.941092
vt 0.702407 0.944693
vt 0.700916 0.947894
vt 0.699080 0.950706
vt 0.696906 0.953125
vt 0.694396 0.955143
vt 0.691543 0.956750
vt 0.688311 0.957939
vt 0.684585 0.958706
vt 0.679455 0.959072
vt 0.674312 0.958997
vt 0.670548 0.958442
vt 0.667254 0.957438
vt 0.664314 0.955994
vt 0.661695 0.954122
vt 0.659387 0.951829
vt 0.657395 0.949126
vt 0.655725 0.946014
vt 0.654385 0.942484
vt 0.653380 0.938493
vt 0.652713 0.933899
vt 0.652355 0.927582
vt 0.652355 0.921256
vt 0.652762 0.916631
vt 0.653539 0.912590
vt 0.654677 0.908990
vt 0.656169 0.905788
vt 0.658005 0.902976
vt 0.660179 0.900557
vt 0.662689 0.898539
vt 0.665542 0.896932
vt 0.668774 0.895743
vt 0.672500 0.894976
vt 0.677630 0.894610
vt 0.672188 0.893250
vt 0.677581 0.892864
vt 0.668270 0.894058
vt 0.664873 0.895311
vt 0.661873 0.897005
vt 0.659235 0.899132
vt 0.656949 0.901682
vt 0.655019 0.904646
vt 0.653452 0.908021
vt 0.652256 0.911816
vt 0.651439 0.916076
vt 0.651012 0.920951
vt 0.651012 0.927620
vt 0.651389 0.934279
vt 0.652091 0.939122
vt 0.653147 0.943329
vt 0.654557 0.947050
vt 0.656312 0.950331
vt 0.658407 0.953181
vt 0.660833 0.955598
vt 0.663587 0.957572
vt 0.666678 0.959094
vt 0.670140 0.960153
vt 0.674098 0.960738
vt 0.679504 0.960818
vt 0.684897 0.960433
vt 0.688815 0.959625
vt 0.692212 0.958372
vt 0.695212 0.956677
vt 0.697850 0.954551
vt 0.700135 0.952000
vt 0.702065 0.949036
vt 0.703633 0.945661
vt 0.704829 0.941866
vt 0.705646 0.937607
vt 0.706073 0.932732
vt 0.706073 0.926062
vt 0.705696 0.919403
vt 0.704994 0.914560
vt 0.703938 0.910354
vt 0.702528 0.906632
vt 0.700773 0.903352
vt 0.698678 0.900501
vt 0.696252 0.898085
vt 0.693498 0.896110
vt 0.690407 0.894588
vt 0.686944 0.893530
vt 0.682987 0.892944
vt 0.950676 0.809484
vt 0.945269 0.809404
vt 0.945484 0.807663
vt 0.950626 0.807738
vt 0.941312 0.808819
vt 0.941720 0.807108
vt 0.937850 0.807760
vt 0.938426 0.806103
vt 0.934759 0.806238
vt 0.935486 0.804660
vt 0.932004 0.804264
vt 0.932866 0.802787
vt 0.929578 0.801847
vt 0.930559 0.800495
vt 0.927484 0.798997
vt 0.928567 0.797791
vt 0.925728 0.795716
vt 0.926897 0.794679
vt 0.924319 0.791995
vt 0.925557 0.791149
vt 0.923263 0.787788
vt 0.924552 0.787159
vt 0.922561 0.782945
vt 0.923885 0.782565
vt 0.922183 0.776286
vt 0.923526 0.776248
vt 0.922183 0.769617
vt 0.923527 0.769921
vt 0.922610 0.764741
vt 0.923933 0.765296
vt 0.923427 0.760482
vt 0.924711 0.761256
vt 0.924624 0.756687
vt 0.925849 0.757656
vt 0.926191 0.753312
vt 0.927340 0.754454
vt 0.928121 0.750348
vt 0.929176 0.751642
vt 0.930406 0.747798
vt 0.931350 0.749223
vt 0.933045 0.745671
vt 0.933860 0.747205
vt 0.936045 0.743977
vt 0.936714 0.745598
vt 0.939442 0.742724
vt 0.939945 0.744409
vt 0.943359 0.741916
vt 0.943672 0.743642
vt 0.948753 0.741530
vt 0.948802 0.743276
vt 0.954159 0.741610
vt 0.953945 0.743351
vt 0.958116 0.742195
vt 0.957709 0.743906
vt 0.961579 0.743254
vt 0.961002 0.744910
vt 0.964669 0.744776
vt 0.963942 0.746354
vt 0.967424 0.746750
vt 0.966562 0.748226
vt 0.969850 0.749167
vt 0.968869 0.750519
vt 0.971944 0.752017
vt 0.970861 0.753222
vt 0.973700 0.755298
vt 0.972531 0.756335
vt 0.975109 0.759019
vt 0.973872 0.759865
vt 0.976166 0.763226
vt 0.974876 0.763855
vt 0.976868 0.768069
vt 0.975543 0.768449
vt 0.977245 0.774728
vt 0.975902 0.774766
vt 0.977245 0.781397
vt 0.975901 0.781093
vt 0.976818 0.786273
vt 0.975495 0.785717
vt 0.976001 0.790532
vt 0.974717 0.789758
vt 0.974804 0.794327
vt 0.973579 0.793358
vt 0.973237 0.797702
vt 0.972088 0.796560
vt 0.971307 0.800666
vt 0.970252 0.799372
vt 0.969022 0.803216
vt 0.968078 0.801791
vt 0.966383 0.805343
vt 0.965568 0.803809
vt 0.963383 0.807037
vt 0.962714 0.805416
vt 0.959986 0.808290
vt 0.959483 0.806605
vt 0.956069 0.809098
vt 0.955756 0.807372
s 0
usemtl 05_|_charcoal_anti_vibration_rubber
f 3872/4877/3861 3871/4878/3861 3870/4879/3861 3869/4880/3861 3868/4881/3861 3867/4882/3861 3866/4883/3861 3865/4884/3861 3864/4885/3861 3863/4886/3861 3862/4887/3861 3861/4888/3861 3860/4889/3861 3859/4890/3861 3858/4891/3861 3857/4892/3861 3856/4893/3861 3855/4894/3861 3854/4895/3861 3853/4896/3861 3852/4897/3861 3851/4898/3861 3850/4899/3861 3849/4900/3861 3848/4901/3861 3847/4902/3861 3846/4903/3861 3845/4904/3861 3844/4905/3861 3843/4906/3861 3842/4907/3861 3841/4908/3861 3840/4909/3861 3839/4910/3861 3838/4911/3861 3837/4912/3861 3836/4913/3861 3835/4914/3861 3834/4915/3861 3833/4916/3861 3832/4917/3861 3831/4918/3861 3830/4919/3861 3829/4920/3861 3828/4921/3861 3827/4922/3861 3826/4923/3861 3825/4924/3861
s 1
f 3825/4924/3862 3826/4923/3863 3874/4925/3864 3873/4926/3865
f 3826/4923/3863 3827/4922/3866 3875/4927/3867 3874/4925/3864
f 3827/4922/3866 3828/4921/3868 3876/4928/3869 3875/4927/3867
f 3828/4921/3868 3829/4920/3870 3877/4929/3871 3876/4928/3869
f 3829/4920/3870 3830/4919/3872 3878/4930/3873 3877/4929/3871
f 3830/4919/3872 3831/4918/3874 3879/4931/3875 3878/4930/3873
f 3831/4918/3874 3832/4917/3876 3880/4932/3877 3879/4931/3875
f 3832/4917/3876 3833/4916/3878 3881/4933/3879 3880/4932/3877
f 3833/4916/3878 3834/4915/3880 3882/4934/3881 3881/4933/3879
f 3834/4915/3880 3835/4914/3882 3883/4935/3883 3882/4934/3881
f 3835/4914/3882 3836/4913/3884 3884/4936/3885 3883/4935/3883
f 3836/4913/3884 3837/4912/3886 3885/4937/3887 3884/4936/3885
f 3837/4912/3886 3838/4911/3888 3886/4938/3889 3885/4937/3887
f 3838/4911/3888 3839/4910/3890 3887/4939/3891 3886/4938/3889
f 3839/4910/3890 3840/4909/3892 3888/4940/3893 3887/4939/3891
f 3840/4909/3892 3841/4908/3894 3889/4941/3895 3888/4940/3893
f 3841/4908/3894 3842/4907/3896 3890/4942/3897 3889/4941/3895
f 3842/4907/3896 3843/4906/3898 3891/4943/3899 3890/4942/3897
f 3843/4906/3898 3844/4905/3900 3892/4944/3901 3891/4943/3899
f 3844/4905/3900 3845/4904/3902 3893/4945/3903 3892/4944/3901
f 3845/4904/3902 3846/4903/3904 3894/4946/3905 3893/4945/3903
f 3846/4903/3904 3847/4902/3906 3895/4947/3907 3894/4946/3905
f 3847/4902/3906 3848/4901/3908 3896/4948/3909 3895/4947/3907
f 3848/4901/3908 3849/4900/3910 3897/4949/3911 3896/4948/3909
f 3849/4900/3910 3850/4899/3912 3898/4950/3913 3897/4949/3911
f 3850/4899/3912 3851/4898/3914 3899/4951/3915 3898/4950/3913
f 3851/4898/3914 3852/4897/3916 3900/4952/3917 3899/4951/3915
f 3852/4897/3916 3853/4896/3918 3901/4953/3919 3900/4952/3917
f 3853/4896/3918 3854/4895/3920 3902/4954/3921 3901/4953/3919
f 3854/4895/3920 3855/4894/3922 3903/4955/3923 3902/4954/3921
f 3855/4894/3922 3856/4893/3924 3904/4956/3925 3903/4955/3923
f 3856/4893/3924 3857/4892/3926 3905/4957/3927 3904/4956/3925
f 3857/4892/3926 3858/4891/3928 3906/4958/3929 3905/4957/3927
f 3858/4891/3928 3859/4890/3930 3907/4959/3931 3906/4958/3929
f 3859/4890/3930 3860/4889/3932 3908/4960/3933 3907/4959/3931
f 3860/4889/3932 3861/4888/3934 3909/4961/3935 3908/4960/3933
f 3861/4888/3934 3862/4887/3936 3910/4962/3937 3909/4961/3935
f 3862/4887/3936 3863/4886/3938 3911/4963/3939 3910/4962/3937
f 3863/4886/3938 3864/4885/3940 3912/4964/3941 3911/4963/3939
f 3864/4885/3940 3865/4884/3942 3913/4965/3943 3912/4964/3941
f 3865/4884/3942 3866/4883/3944 3914/4966/3945 3913/4965/3943
f 3866/4883/3944 3867/4882/3946 3915/4967/3947 3914/4966/3945
f 3867/4882/3946 3868/4881/3948 3916/4968/3949 3915/4967/3947
f 3868/4881/3948 3869/4880/3950 3917/4969/3951 3916/4968/3949
f 3869/4880/3950 3870/4879/3952 3918/4970/3953 3917/4969/3951
f 3870/4879/3952 3871/4878/3954 3919/4971/3955 3918/4970/3953
f 3871/4878/3954 3872/4877/3956 3920/4972/3957 3919/4971/3955
f 3872/4877/3956 3825/4924/3862 3873/4926/3865 3920/4972/3957
f 3873/4973/3865 3874/4974/3864 3922/4975/3958 3921/4976/3959
f 3874/4974/3864 3875/4977/3867 3923/4978/3960 3922/4975/3958
f 3875/4977/3867 3876/4979/3869 3924/4980/3961 3923/4978/3960
f 3876/4979/3869 3877/4981/3871 3925/4982/3962 3924/4980/3961
f 3877/4981/3871 3878/4983/3873 3926/4984/3963 3925/4982/3962
f 3878/4983/3873 3879/4985/3875 3927/4986/3964 3926/4984/3963
f 3879/4985/3875 3880/4987/3877 3928/4988/3965 3927/4986/3964
f 3880/4987/3877 3881/4989/3879 3929/4990/3966 3928/4988/3965
f 3881/4989/3879 3882/4991/3881 3930/4992/3967 3929/4990/3966
f 3882/4991/3881 3883/4993/3883 3931/4994/3968 3930/4992/3967
f 3883/4993/3883 3884/4995/3885 3932/4996/3969 3931/4994/3968
f 3884/4995/3885 3885/4997/3887 3933/4998/3970 3932/4996/3969
f 3885/4997/3887 3886/4999/3889 3934/5000/3971 3933/4998/3970
f 3886/4999/3889 3887/5001/3891 3935/5002/3972 3934/5000/3971
f 3887/5001/3891 3888/5003/3893 3936/5004/3973 3935/5002/3972
f 3888/5003/3893 3889/5005/3895 3937/5006/3974 3936/5004/3973
f 3889/5005/3895 3890/5007/3897 3938/5008/3975 3937/5006/3974
f 3890/5007/3897 3891/5009/3899 3939/5010/3976 3938/5008/3975
f 3891/5009/3899 3892/5011/3901 3940/5012/3977 3939/5010/3976
f 3892/5011/3901 3893/5013/3903 3941/5014/3978 3940/5012/3977
f 3893/5013/3903 3894/5015/3905 3942/5016/3979 3941/5014/3978
f 3894/5015/3905 3895/5017/3907 3943/5018/3980 3942/5016/3979
f 3895/5017/3907 3896/5019/3909 3944/5020/3981 3943/5018/3980
f 3896/5019/3909 3897/5021/3911 3945/5022/3982 3944/5020/3981
f 3897/5021/3911 3898/5023/3913 3946/5024/3983 3945/5022/3982
f 3898/5023/3913 3899/5025/3915 3947/5026/3984 3946/5024/3983
f 3899/5025/3915 3900/5027/3917 3948/5028/3985 3947/5026/3984
f 3900/5027/3917 3901/5029/3919 3949/5030/3986 3948/5028/3985
f 3901/5029/3919 3902/5031/3921 3950/5032/3987 3949/5030/3986
f 3902/5031/3921 3903/5033/3923 3951/5034/3988 3950/5032/3987
f 3903/5033/3923 3904/5035/3925 3952/5036/3989 3951/5034/3988
f 3904/5035/3925 3905/5037/3927 3953/5038/3990 3952/5036/3989
f 3905/5037/3927 3906/5039/3929 3954/5040/3991 3953/5038/3990
f 3906/5039/3929 3907/5041/3931 3955/5042/3992 3954/5040/3991
f 3907/5041/3931 3908/5043/3933 3956/5044/3993 3955/5042/3992
f 3908/5043/3933 3909/5045/3935 3957/5046/3994 3956/5044/3993
f 3909/5045/3935 3910/5047/3937 3958/5048/3995 3957/5046/3994
f 3910/5047/3937 3911/5049/3939 3959/5050/3996 3958/5048/3995
f 3911/5049/3939 3912/5051/3941 3960/5052/3997 3959/5050/3996
f 3912/5051/3941 3913/5053/3943 3961/5054/3998 3960/5052/3997
f 3913/5053/3943 3914/5055/3945 3962/5056/3999 3961/5054/3998
f 3914/5055/3945 3915/5057/3947 3963/5058/4000 3962/5056/3999
f 3915/5057/3947 3916/5059/3949 3964/5060/4001 3963/5058/4000
f 3916/5059/3949 3917/5061/3951 3965/5062/4002 3964/5060/4001
f 3917/5061/3951 3918/5063/3953 3966/5064/4003 3965/5062/4002
f 3918/5063/3953 3919/5065/3955 3967/5066/4004 3966/5064/4003
f 3919/5065/3955 3920/5067/3957 3968/5068/4005 3967/5066/4004
f 3920/5067/3957 3873/4973/3865 3921/4976/3959 3968/5068/4005
s 0
f 3921/4976/4006 3922/4975/4006 3923/4978/4006 3924/4980/4006 3925/4982/4006 3926/4984/4006 3927/4986/4006 3928/4988/4006 3929/4990/4006 3930/4992/4006 3931/4994/4006 3932/4996/4006 3933/4998/4006 3934/5000/4006 3935/5002/4006 3936/5004/4006 3937/5006/4006 3938/5008/4006 3939/5010/4006 3940/5012/4006 3941/5014/4006 3942/5016/4006 3943/5018/4006 3944/5020/4006 3945/5022/4006 3946/5024/4006 3947/5026/4006 3948/5028/4006 3949/5030/4006 3950/5032/4006 3951/5034/4006 3952/5036/4006 3953/5038/4006 3954/5040/4006 3955/5042/4006 3956/5044/4006 3957/5046/4006 3958/5048/4006 3959/5050/4006 3960/5052/4006 3961/5054/4006 3962/5056/4006 3963/5058/4006 3964/5060/4006 3965/5062/4006 3966/5064/4006 3967/5066/4006 3968/5068/4006
o Grip_moulded_rib_16.001
v 0.450800 0.021437 -0.129725
v 0.450719 0.019558 -0.129848
v 0.450477 0.018188 -0.129937
v 0.450076 0.016995 -0.130015
v 0.449517 0.015935 -0.130084
v 0.448805 0.014997 -0.130145
v 0.447943 0.014177 -0.130198
v 0.446933 0.013477 -0.130244
v 0.445777 0.012899 -0.130281
v 0.444472 0.012445 -0.130311
v 0.443002 0.012119 -0.130332
v 0.441314 0.011923 -0.130345
v 0.439000 0.011857 -0.130349
v 0.436686 0.011923 -0.130345
v 0.434998 0.012119 -0.130332
v 0.433528 0.012445 -0.130311
v 0.432223 0.012899 -0.130281
v 0.431067 0.013477 -0.130244
v 0.430057 0.014177 -0.130198
v 0.429195 0.014997 -0.130145
v 0.428483 0.015935 -0.130084
v 0.427924 0.016995 -0.130015
v 0.427523 0.018188 -0.129937
v 0.427281 0.019558 -0.129848
v 0.427200 0.021437 -0.129725
v 0.427281 0.023316 -0.129603
v 0.427523 0.024686 -0.129514
v 0.427924 0.025879 -0.129436
v 0.428483 0.026939 -0.129367
v 0.429195 0.027877 -0.129306
v 0.430057 0.028697 -0.129253
v 0.431067 0.029397 -0.129207
v 0.432223 0.029975 -0.129170
v 0.433528 0.030429 -0.129140
v 0.434998 0.030755 -0.129119
v 0.436686 0.030951 -0.129106
v 0.439000 0.031017 -0.129102
v 0.441314 0.030951 -0.129106
v 0.443002 0.030755 -0.129119
v 0.444472 0.030429 -0.129140
v 0.445777 0.029975 -0.129170
v 0.446933 0.029397 -0.129207
v 0.447943 0.028697 -0.129253
v 0.448805 0.027877 -0.129306
v 0.449517 0.026939 -0.129367
v 0.450076 0.025879 -0.129436
v 0.450477 0.024686 -0.129514
v 0.450719 0.023316 -0.129603
v 0.451450 0.021495 -0.130624
v 0.451365 0.019519 -0.130752
v 0.451109 0.018077 -0.130846
v 0.450686 0.016822 -0.130928
v 0.450097 0.015707 -0.131000
v 0.449345 0.014720 -0.131065
v 0.448435 0.013857 -0.131121
v 0.447370 0.013121 -0.131169
v 0.446151 0.012512 -0.131208
v 0.444774 0.012035 -0.131239
v 0.443222 0.011692 -0.131262
v 0.441442 0.011486 -0.131275
v 0.439000 0.011417 -0.131280
v 0.436558 0.011486 -0.131275
v 0.434778 0.011692 -0.131262
v 0.433226 0.012035 -0.131239
v 0.431849 0.012512 -0.131208
v 0.430630 0.013121 -0.131169
v 0.429565 0.013857 -0.131121
v 0.428655 0.014720 -0.131065
v 0.427903 0.015707 -0.131000
v 0.427314 0.016822 -0.130928
v 0.426891 0.018077 -0.130846
v 0.426635 0.019519 -0.130752
v 0.426550 0.021495 -0.130624
v 0.426635 0.023472 -0.130495
v 0.426891 0.024914 -0.130401
v 0.427314 0.026169 -0.130319
v 0.427903 0.027284 -0.130247
v 0.428655 0.028271 -0.130183
v 0.429565 0.029134 -0.130126
v 0.430630 0.029870 -0.130078
v 0.431849 0.030479 -0.130039
v 0.433226 0.030956 -0.130008
v 0.434778 0.031298 -0.129985
v 0.436558 0.031505 -0.129972
v 0.439000 0.031574 -0.129968
v 0.441442 0.031505 -0.129972
v 0.443222 0.031298 -0.129985
v 0.444774 0.030956 -0.130008
v 0.446151 0.030479 -0.130039
v 0.447370 0.029870 -0.130078
v 0.448435 0.029134 -0.130126
v 0.449345 0.028271 -0.130183
v 0.450097 0.027284 -0.130247
v 0.450686 0.026169 -0.130319
v 0.451109 0.024914 -0.130401
v 0.451365 0.023472 -0.130495
v 0.450800 0.021567 -0.131721
v 0.450719 0.019688 -0.131844
v 0.450477 0.018318 -0.131933
v 0.450076 0.017124 -0.132010
v 0.449517 0.016065 -0.132079
v 0.448805 0.015127 -0.132140
v 0.447943 0.014307 -0.132194
v 0.446933 0.013607 -0.132239
v 0.445777 0.013028 -0.132277
v 0.444472 0.012575 -0.132307
v 0.443002 0.012249 -0.132328
v 0.441314 0.012053 -0.132341
v 0.439000 0.011987 -0.132345
v 0.436686 0.012053 -0.132341
v 0.434998 0.012249 -0.132328
v 0.433528 0.012575 -0.132307
v 0.432223 0.013028 -0.132277
v 0.431067 0.013607 -0.132239
v 0.430057 0.014307 -0.132194
v 0.429195 0.015127 -0.132140
v 0.428483 0.016065 -0.132079
v 0.427924 0.017124 -0.132010
v 0.427523 0.018318 -0.131933
v 0.427281 0.019688 -0.131844
v 0.427200 0.021567 -0.131721
v 0.427281 0.023446 -0.131599
v 0.427523 0.024816 -0.131510
v 0.427924 0.026009 -0.131432
v 0.428483 0.027069 -0.131363
v 0.429195 0.028007 -0.131302
v 0.430057 0.028827 -0.131249
v 0.431067 0.029527 -0.131203
v 0.432223 0.030105 -0.131165
v 0.433528 0.030559 -0.131136
v 0.434998 0.030885 -0.131115
v 0.436686 0.031081 -0.131102
v 0.439000 0.031147 -0.131098
v 0.441314 0.031081 -0.131102
v 0.443002 0.030885 -0.131115
v 0.444472 0.030559 -0.131136
v 0.445777 0.030105 -0.131165
v 0.446933 0.029527 -0.131203
v 0.447943 0.028827 -0.131249
v 0.448805 0.028007 -0.131302
v 0.449517 0.027069 -0.131363
v 0.450076 0.026009 -0.131432
v 0.450477 0.024816 -0.131510
v 0.450719 0.023446 -0.131599
vn -0.0000 -0.0650 0.9979
vn 0.8107 -0.0380 0.5842
vn 0.8059 -0.1180 0.5802
vn 0.9951 -0.0986 -0.0064
vn 1.0000 -0.0000 -0.0000
vn 0.7845 -0.2345 0.5741
vn 0.9700 -0.2428 -0.0158
vn 0.7450 -0.3547 0.5649
vn 0.9201 -0.3909 -0.0255
vn 0.6867 -0.4733 0.5517
vn 0.8440 -0.5353 -0.0348
vn 0.6115 -0.5833 0.5346
vn 0.7451 -0.6655 -0.0433
vn 0.5233 -0.6791 0.5147
vn 0.6305 -0.7745 -0.0504
vn 0.4275 -0.7574 0.4936
vn 0.5086 -0.8592 -0.0559
vn 0.3291 -0.8172 0.4731
vn 0.3868 -0.9202 -0.0599
vn 0.2327 -0.8596 0.4550
vn 0.2705 -0.9607 -0.0625
vn 0.1417 -0.8864 0.4406
vn 0.1633 -0.9845 -0.0641
vn 0.0571 -0.9006 0.4310
vn 0.0654 -0.9958 -0.0648
vn -0.0000 -0.9038 0.4279
vn -0.0000 -0.9979 -0.0649
vn -0.0570 -0.9006 0.4310
vn -0.0654 -0.9958 -0.0648
vn -0.1416 -0.8864 0.4406
vn -0.1633 -0.9845 -0.0641
vn -0.2327 -0.8596 0.4550
vn -0.2705 -0.9607 -0.0625
vn -0.3292 -0.8172 0.4731
vn -0.3868 -0.9202 -0.0599
vn -0.4275 -0.7574 0.4936
vn -0.5086 -0.8592 -0.0559
vn -0.5233 -0.6791 0.5147
vn -0.6305 -0.7745 -0.0504
vn -0.6115 -0.5833 0.5346
vn -0.7451 -0.6655 -0.0433
vn -0.6867 -0.4733 0.5517
vn -0.8440 -0.5353 -0.0348
vn -0.7451 -0.3547 0.5649
vn -0.9201 -0.3909 -0.0255
vn -0.7845 -0.2346 0.5741
vn -0.9700 -0.2428 -0.0158
vn -0.8059 -0.1180 0.5802
vn -0.9951 -0.0986 -0.0064
vn -0.8107 -0.0380 0.5842
vn -1.0000 -0.0000 -0.0000
vn -0.8059 0.0417 0.5906
vn -0.9951 0.0986 0.0064
vn -0.7845 0.1582 0.5996
vn -0.9700 0.2428 0.0158
vn -0.7450 0.2785 0.6061
vn -0.9201 0.3909 0.0254
vn -0.6867 0.3978 0.6084
vn -0.8440 0.5353 0.0348
vn -0.6115 0.5091 0.6057
vn -0.7451 0.6655 0.0433
vn -0.5233 0.6067 0.5984
vn -0.6305 0.7745 0.0504
vn -0.4275 0.6870 0.5876
vn -0.5086 0.8592 0.0560
vn -0.3292 0.7490 0.5750
vn -0.3868 0.9202 0.0599
vn -0.2327 0.7933 0.5626
vn -0.2705 0.9607 0.0626
vn -0.1416 0.8218 0.5518
vn -0.1633 0.9845 0.0641
vn -0.0571 0.8371 0.5441
vn -0.0654 0.9958 0.0649
vn -0.0000 0.8407 0.5415
vn -0.0000 0.9979 0.0650
vn 0.0570 0.8371 0.5441
vn 0.0654 0.9958 0.0648
vn 0.1416 0.8218 0.5518
vn 0.1633 0.9845 0.0641
vn 0.2327 0.7933 0.5626
vn 0.2705 0.9607 0.0626
vn 0.3291 0.7490 0.5750
vn 0.3868 0.9202 0.0599
vn 0.4275 0.6870 0.5876
vn 0.5086 0.8592 0.0560
vn 0.5233 0.6067 0.5984
vn 0.6305 0.7745 0.0504
vn 0.6115 0.5091 0.6057
vn 0.7451 0.6655 0.0433
vn 0.6867 0.3978 0.6084
vn 0.8440 0.5353 0.0348
vn 0.7451 0.2785 0.6061
vn 0.9201 0.3909 0.0254
vn 0.7845 0.1582 0.5996
vn 0.9700 0.2428 0.0158
vn 0.8059 0.0417 0.5906
vn 0.9951 0.0986 0.0064
vn 0.8560 -0.0517 -0.5143
vn 0.8610 0.0330 -0.5076
vn 0.8336 -0.1755 -0.5238
vn 0.7914 -0.3031 -0.5308
vn 0.7286 -0.4293 -0.5336
vn 0.6474 -0.5462 -0.5316
vn 0.5525 -0.6475 -0.5249
vn 0.4499 -0.7297 -0.5149
vn 0.3453 -0.7922 -0.5032
vn 0.2434 -0.8361 -0.4917
vn 0.1480 -0.8637 -0.4817
vn 0.0594 -0.8782 -0.4745
vn -0.0000 -0.8815 -0.4721
vn -0.0594 -0.8782 -0.4745
vn -0.1473 -0.8639 -0.4817
vn -0.2434 -0.8361 -0.4917
vn -0.3453 -0.7922 -0.5032
vn -0.4499 -0.7297 -0.5149
vn -0.5526 -0.6474 -0.5249
vn -0.6474 -0.5462 -0.5316
vn -0.7286 -0.4293 -0.5336
vn -0.7915 -0.3031 -0.5308
vn -0.8336 -0.1755 -0.5238
vn -0.8560 -0.0517 -0.5143
vn -0.8610 0.0330 -0.5076
vn -0.8560 0.1179 -0.5033
vn -0.8336 0.2418 -0.4966
vn -0.7915 0.3693 -0.4870
vn -0.7286 0.4949 -0.4735
vn -0.6474 0.6104 -0.4563
vn -0.5525 0.7100 -0.4365
vn -0.4499 0.7903 -0.4159
vn -0.3453 0.8507 -0.3963
vn -0.2434 0.8928 -0.3791
vn -0.1480 0.9189 -0.3657
vn -0.0594 0.9323 -0.3567
vn -0.0000 0.9353 -0.3539
vn 0.0594 0.9323 -0.3567
vn 0.1478 0.9189 -0.3657
vn 0.2434 0.8927 -0.3791
vn 0.3453 0.8507 -0.3963
vn 0.4499 0.7903 -0.4160
vn 0.5525 0.7100 -0.4365
vn 0.6474 0.6105 -0.4563
vn 0.7286 0.4949 -0.4735
vn 0.7914 0.3694 -0.4870
vn 0.8336 0.2418 -0.4966
vn 0.8560 0.1179 -0.5033
vn -0.0000 0.0650 -0.9979
vt 0.893608 0.919136
vt 0.897314 0.919681
vt 0.900557 0.920668
vt 0.903452 0.922087
vt 0.906031 0.923929
vt 0.908303 0.926183
vt 0.910264 0.928841
vt 0.911909 0.931901
vt 0.913228 0.935372
vt 0.914217 0.939296
vt 0.914874 0.943814
vt 0.915227 0.950025
vt 0.915227 0.956247
vt 0.914826 0.960794
vt 0.914061 0.964768
vt 0.912940 0.968308
vt 0.911472 0.971456
vt 0.909664 0.974222
vt 0.907523 0.976601
vt 0.905052 0.978585
vt 0.902243 0.980166
vt 0.899061 0.981335
vt 0.895391 0.982089
vt 0.890340 0.982450
vt 0.885277 0.982376
vt 0.881571 0.981830
vt 0.878328 0.980843
vt 0.875433 0.979424
vt 0.872854 0.977583
vt 0.870582 0.975329
vt 0.868620 0.972670
vt 0.866976 0.969610
vt 0.865656 0.966139
vt 0.864667 0.962215
vt 0.864010 0.957698
vt 0.863658 0.951486
vt 0.863658 0.945265
vt 0.864058 0.940717
vt 0.864824 0.936744
vt 0.865945 0.933204
vt 0.867413 0.930055
vt 0.869221 0.927290
vt 0.871361 0.924911
vt 0.873833 0.922927
vt 0.876642 0.921346
vt 0.879824 0.920177
vt 0.883493 0.919422
vt 0.888544 0.919062
vt 0.883181 0.917696
vt 0.888495 0.917316
vt 0.879320 0.918491
vt 0.875973 0.919725
vt 0.873017 0.921392
vt 0.870417 0.923486
vt 0.868165 0.925996
vt 0.866264 0.928913
vt 0.864719 0.932235
vt 0.863540 0.935970
vt 0.862735 0.940162
vt 0.862315 0.944960
vt 0.862315 0.951524
vt 0.862686 0.958078
vt 0.863378 0.962845
vt 0.864419 0.966984
vt 0.865807 0.970647
vt 0.867538 0.973876
vt 0.869601 0.976681
vt 0.871992 0.979059
vt 0.874706 0.981002
vt 0.877751 0.982499
vt 0.881163 0.983541
vt 0.885063 0.984117
vt 0.890390 0.984195
vt 0.895704 0.983816
vt 0.899564 0.983020
vt 0.902912 0.981787
vt 0.905868 0.980119
vt 0.908467 0.978026
vt 0.910719 0.975516
vt 0.912621 0.972598
vt 0.914165 0.969277
vt 0.915345 0.965542
vt 0.916149 0.961349
vt 0.916570 0.956551
vt 0.916570 0.949987
vt 0.916198 0.943434
vt 0.915507 0.938667
vt 0.914466 0.934527
vt 0.913077 0.930865
vt 0.911347 0.927636
vt 0.909283 0.924831
vt 0.906893 0.922452
vt 0.904179 0.920510
vt 0.901133 0.919012
vt 0.897721 0.917970
vt 0.893822 0.917394
vt 0.957601 0.984195
vt 0.952273 0.984117
vt 0.952488 0.982376
vt 0.957551 0.982450
vt 0.948374 0.983541
vt 0.948782 0.981830
vt 0.944962 0.982500
vt 0.945539 0.980843
vt 0.941917 0.981002
vt 0.942644 0.979424
vt 0.939203 0.979059
vt 0.940064 0.977583
vt 0.936812 0.976681
vt 0.937793 0.975329
vt 0.934748 0.973876
vt 0.935831 0.972670
vt 0.933018 0.970647
vt 0.934187 0.969610
vt 0.931630 0.966984
vt 0.932867 0.966139
vt 0.930589 0.962845
vt 0.931878 0.962215
vt 0.929897 0.958078
vt 0.931221 0.957698
vt 0.929525 0.951524
vt 0.930868 0.951486
vt 0.929525 0.944960
vt 0.930869 0.945265
vt 0.929946 0.940162
vt 0.931269 0.940717
vt 0.930751 0.935970
vt 0.932035 0.936744
vt 0.931930 0.932235
vt 0.933155 0.933204
vt 0.933475 0.928913
vt 0.934624 0.930055
vt 0.935376 0.925996
vt 0.936431 0.927290
vt 0.937628 0.923486
vt 0.938572 0.924911
vt 0.940228 0.921392
vt 0.941043 0.922927
vt 0.943184 0.919725
vt 0.943853 0.921346
vt 0.946531 0.918491
vt 0.947035 0.920177
vt 0.950392 0.917696
vt 0.950704 0.919422
vt 0.955706 0.917316
vt 0.955755 0.919062
vt 0.961033 0.917394
vt 0.960819 0.919136
vt 0.964932 0.917970
vt 0.964525 0.919681
vt 0.968344 0.919012
vt 0.967768 0.920668
vt 0.971390 0.920510
vt 0.970662 0.922087
vt 0.974104 0.922452
vt 0.973242 0.923929
vt 0.976494 0.924831
vt 0.975514 0.926183
vt 0.978558 0.927636
vt 0.977475 0.928841
vt 0.980288 0.930865
vt 0.979120 0.931901
vt 0.981677 0.934527
vt 0.980439 0.935372
vt 0.982718 0.938667
vt 0.981428 0.939296
vt 0.983409 0.943434
vt 0.982085 0.943814
vt 0.983781 0.949987
vt 0.982438 0.950025
vt 0.983781 0.956551
vt 0.982438 0.956247
vt 0.983360 0.961349
vt 0.982037 0.960794
vt 0.982555 0.965542
vt 0.981272 0.964768
vt 0.981376 0.969277
vt 0.980151 0.968308
vt 0.979832 0.972598
vt 0.978683 0.971456
vt 0.977930 0.975516
vt 0.976875 0.974222
vt 0.975678 0.978026
vt 0.974734 0.976601
vt 0.973078 0.980119
vt 0.972263 0.978585
vt 0.970123 0.981787
vt 0.969453 0.980166
vt 0.966775 0.983020
vt 0.966272 0.981335
vt 0.962915 0.983816
vt 0.962602 0.982089
s 0
usemtl 05_|_charcoal_anti_vibration_rubber
f 4016/5069/4007 4015/5070/4007 4014/5071/4007 4013/5072/4007 4012/5073/4007 4011/5074/4007 4010/5075/4007 4009/5076/4007 4008/5077/4007 4007/5078/4007 4006/5079/4007 4005/5080/4007 4004/5081/4007 4003/5082/4007 4002/5083/4007 4001/5084/4007 4000/5085/4007 3999/5086/4007 3998/5087/4007 3997/5088/4007 3996/5089/4007 3995/5090/4007 3994/5091/4007 3993/5092/4007 3992/5093/4007 3991/5094/4007 3990/5095/4007 3989/5096/4007 3988/5097/4007 3987/5098/4007 3986/5099/4007 3985/5100/4007 3984/5101/4007 3983/5102/4007 3982/5103/4007 3981/5104/4007 3980/5105/4007 3979/5106/4007 3978/5107/4007 3977/5108/4007 3976/5109/4007 3975/5110/4007 3974/5111/4007 3973/5112/4007 3972/5113/4007 3971/5114/4007 3970/5115/4007 3969/5116/4007
s 1
f 3969/5116/4008 3970/5115/4009 4018/5117/4010 4017/5118/4011
f 3970/5115/4009 3971/5114/4012 4019/5119/4013 4018/5117/4010
f 3971/5114/4012 3972/5113/4014 4020/5120/4015 4019/5119/4013
f 3972/5113/4014 3973/5112/4016 4021/5121/4017 4020/5120/4015
f 3973/5112/4016 3974/5111/4018 4022/5122/4019 4021/5121/4017
f 3974/5111/4018 3975/5110/4020 4023/5123/4021 4022/5122/4019
f 3975/5110/4020 3976/5109/4022 4024/5124/4023 4023/5123/4021
f 3976/5109/4022 3977/5108/4024 4025/5125/4025 4024/5124/4023
f 3977/5108/4024 3978/5107/4026 4026/5126/4027 4025/5125/4025
f 3978/5107/4026 3979/5106/4028 4027/5127/4029 4026/5126/4027
f 3979/5106/4028 3980/5105/4030 4028/5128/4031 4027/5127/4029
f 3980/5105/4030 3981/5104/4032 4029/5129/4033 4028/5128/4031
f 3981/5104/4032 3982/5103/4034 4030/5130/4035 4029/5129/4033
f 3982/5103/4034 3983/5102/4036 4031/5131/4037 4030/5130/4035
f 3983/5102/4036 3984/5101/4038 4032/5132/4039 4031/5131/4037
f 3984/5101/4038 3985/5100/4040 4033/5133/4041 4032/5132/4039
f 3985/5100/4040 3986/5099/4042 4034/5134/4043 4033/5133/4041
f 3986/5099/4042 3987/5098/4044 4035/5135/4045 4034/5134/4043
f 3987/5098/4044 3988/5097/4046 4036/5136/4047 4035/5135/4045
f 3988/5097/4046 3989/5096/4048 4037/5137/4049 4036/5136/4047
f 3989/5096/4048 3990/5095/4050 4038/5138/4051 4037/5137/4049
f 3990/5095/4050 3991/5094/4052 4039/5139/4053 4038/5138/4051
f 3991/5094/4052 3992/5093/4054 4040/5140/4055 4039/5139/4053
f 3992/5093/4054 3993/5092/4056 4041/5141/4057 4040/5140/4055
f 3993/5092/4056 3994/5091/4058 4042/5142/4059 4041/5141/4057
f 3994/5091/4058 3995/5090/4060 4043/5143/4061 4042/5142/4059
f 3995/5090/4060 3996/5089/4062 4044/5144/4063 4043/5143/4061
f 3996/5089/4062 3997/5088/4064 4045/5145/4065 4044/5144/4063
f 3997/5088/4064 3998/5087/4066 4046/5146/4067 4045/5145/4065
f 3998/5087/4066 3999/5086/4068 4047/5147/4069 4046/5146/4067
f 3999/5086/4068 4000/5085/4070 4048/5148/4071 4047/5147/4069
f 4000/5085/4070 4001/5084/4072 4049/5149/4073 4048/5148/4071
f 4001/5084/4072 4002/5083/4074 4050/5150/4075 4049/5149/4073
f 4002/5083/4074 4003/5082/4076 4051/5151/4077 4050/5150/4075
f 4003/5082/4076 4004/5081/4078 4052/5152/4079 4051/5151/4077
f 4004/5081/4078 4005/5080/4080 4053/5153/4081 4052/5152/4079
f 4005/5080/4080 4006/5079/4082 4054/5154/4083 4053/5153/4081
f 4006/5079/4082 4007/5078/4084 4055/5155/4085 4054/5154/4083
f 4007/5078/4084 4008/5077/4086 4056/5156/4087 4055/5155/4085
f 4008/5077/4086 4009/5076/4088 4057/5157/4089 4056/5156/4087
f 4009/5076/4088 4010/5075/4090 4058/5158/4091 4057/5157/4089
f 4010/5075/4090 4011/5074/4092 4059/5159/4093 4058/5158/4091
f 4011/5074/4092 4012/5073/4094 4060/5160/4095 4059/5159/4093
f 4012/5073/4094 4013/5072/4096 4061/5161/4097 4060/5160/4095
f 4013/5072/4096 4014/5071/4098 4062/5162/4099 4061/5161/4097
f 4014/5071/4098 4015/5070/4100 4063/5163/4101 4062/5162/4099
f 4015/5070/4100 4016/5069/4102 4064/5164/4103 4063/5163/4101
f 4016/5069/4102 3969/5116/4008 4017/5118/4011 4064/5164/4103
f 4017/5165/4011 4018/5166/4010 4066/5167/4104 4065/5168/4105
f 4018/5166/4010 4019/5169/4013 4067/5170/4106 4066/5167/4104
f 4019/5169/4013 4020/5171/4015 4068/5172/4107 4067/5170/4106
f 4020/5171/4015 4021/5173/4017 4069/5174/4108 4068/5172/4107
f 4021/5173/4017 4022/5175/4019 4070/5176/4109 4069/5174/4108
f 4022/5175/4019 4023/5177/4021 4071/5178/4110 4070/5176/4109
f 4023/5177/4021 4024/5179/4023 4072/5180/4111 4071/5178/4110
f 4024/5179/4023 4025/5181/4025 4073/5182/4112 4072/5180/4111
f 4025/5181/4025 4026/5183/4027 4074/5184/4113 4073/5182/4112
f 4026/5183/4027 4027/5185/4029 4075/5186/4114 4074/5184/4113
f 4027/5185/4029 4028/5187/4031 4076/5188/4115 4075/5186/4114
f 4028/5187/4031 4029/5189/4033 4077/5190/4116 4076/5188/4115
f 4029/5189/4033 4030/5191/4035 4078/5192/4117 4077/5190/4116
f 4030/5191/4035 4031/5193/4037 4079/5194/4118 4078/5192/4117
f 4031/5193/4037 4032/5195/4039 4080/5196/4119 4079/5194/4118
f 4032/5195/4039 4033/5197/4041 4081/5198/4120 4080/5196/4119
f 4033/5197/4041 4034/5199/4043 4082/5200/4121 4081/5198/4120
f 4034/5199/4043 4035/5201/4045 4083/5202/4122 4082/5200/4121
f 4035/5201/4045 4036/5203/4047 4084/5204/4123 4083/5202/4122
f 4036/5203/4047 4037/5205/4049 4085/5206/4124 4084/5204/4123
f 4037/5205/4049 4038/5207/4051 4086/5208/4125 4085/5206/4124
f 4038/5207/4051 4039/5209/4053 4087/5210/4126 4086/5208/4125
f 4039/5209/4053 4040/5211/4055 4088/5212/4127 4087/5210/4126
f 4040/5211/4055 4041/5213/4057 4089/5214/4128 4088/5212/4127
f 4041/5213/4057 4042/5215/4059 4090/5216/4129 4089/5214/4128
f 4042/5215/4059 4043/5217/4061 4091/5218/4130 4090/5216/4129
f 4043/5217/4061 4044/5219/4063 4092/5220/4131 4091/5218/4130
f 4044/5219/4063 4045/5221/4065 4093/5222/4132 4092/5220/4131
f 4045/5221/4065 4046/5223/4067 4094/5224/4133 4093/5222/4132
f 4046/5223/4067 4047/5225/4069 4095/5226/4134 4094/5224/4133
f 4047/5225/4069 4048/5227/4071 4096/5228/4135 4095/5226/4134
f 4048/5227/4071 4049/5229/4073 4097/5230/4136 4096/5228/4135
f 4049/5229/4073 4050/5231/4075 4098/5232/4137 4097/5230/4136
f 4050/5231/4075 4051/5233/4077 4099/5234/4138 4098/5232/4137
f 4051/5233/4077 4052/5235/4079 4100/5236/4139 4099/5234/4138
f 4052/5235/4079 4053/5237/4081 4101/5238/4140 4100/5236/4139
f 4053/5237/4081 4054/5239/4083 4102/5240/4141 4101/5238/4140
f 4054/5239/4083 4055/5241/4085 4103/5242/4142 4102/5240/4141
f 4055/5241/4085 4056/5243/4087 4104/5244/4143 4103/5242/4142
f 4056/5243/4087 4057/5245/4089 4105/5246/4144 4104/5244/4143
f 4057/5245/4089 4058/5247/4091 4106/5248/4145 4105/5246/4144
f 4058/5247/4091 4059/5249/4093 4107/5250/4146 4106/5248/4145
f 4059/5249/4093 4060/5251/4095 4108/5252/4147 4107/5250/4146
f 4060/5251/4095 4061/5253/4097 4109/5254/4148 4108/5252/4147
f 4061/5253/4097 4062/5255/4099 4110/5256/4149 4109/5254/4148
f 4062/5255/4099 4063/5257/4101 4111/5258/4150 4110/5256/4149
f 4063/5257/4101 4064/5259/4103 4112/5260/4151 4111/5258/4150
f 4064/5259/4103 4017/5165/4011 4065/5168/4105 4112/5260/4151
s 0
f 4065/5168/4152 4066/5167/4152 4067/5170/4152 4068/5172/4152 4069/5174/4152 4070/5176/4152 4071/5178/4152 4072/5180/4152 4073/5182/4152 4074/5184/4152 4075/5186/4152 4076/5188/4152 4077/5190/4152 4078/5192/4152 4079/5194/4152 4080/5196/4152 4081/5198/4152 4082/5200/4152 4083/5202/4152 4084/5204/4152 4085/5206/4152 4086/5208/4152 4087/5210/4152 4088/5212/4152 4089/5214/4152 4090/5216/4152 4091/5218/4152 4092/5220/4152 4093/5222/4152 4094/5224/4152 4095/5226/4152 4096/5228/4152 4097/5230/4152 4098/5232/4152 4099/5234/4152 4100/5236/4152 4101/5238/4152 4102/5240/4152 4103/5242/4152 4104/5244/4152 4105/5246/4152 4106/5248/4152 4107/5250/4152 4108/5252/4152 4109/5254/4152 4110/5256/4152 4111/5258/4152 4112/5260/4152
o Grip_moulded_rib_17.001
v 0.450600 0.021892 -0.136711
v 0.450521 0.020042 -0.136831
v 0.450283 0.018693 -0.136919
v 0.449888 0.017519 -0.136995
v 0.449339 0.016476 -0.137063
v 0.448639 0.015552 -0.137123
v 0.447791 0.014745 -0.137176
v 0.446799 0.014056 -0.137221
v 0.445662 0.013487 -0.137258
v 0.444379 0.013040 -0.137287
v 0.442934 0.012720 -0.137308
v 0.441275 0.012526 -0.137320
v 0.439000 0.012462 -0.137325
v 0.436725 0.012526 -0.137320
v 0.435066 0.012720 -0.137308
v 0.433621 0.013040 -0.137287
v 0.432338 0.013487 -0.137258
v 0.431201 0.014056 -0.137221
v 0.430209 0.014745 -0.137176
v 0.429361 0.015552 -0.137123
v 0.428661 0.016476 -0.137063
v 0.428112 0.017519 -0.136995
v 0.427717 0.018693 -0.136919
v 0.427479 0.020042 -0.136831
v 0.427400 0.021892 -0.136711
v 0.427479 0.023741 -0.136590
v 0.427717 0.025090 -0.136503
v 0.428112 0.026265 -0.136426
v 0.428661 0.027308 -0.136358
v 0.429361 0.028231 -0.136298
v 0.430209 0.029038 -0.136246
v 0.431201 0.029728 -0.136201
v 0.432338 0.030297 -0.136164
v 0.433621 0.030743 -0.136135
v 0.435066 0.031064 -0.136114
v 0.436725 0.031257 -0.136101
v 0.439000 0.031322 -0.136097
v 0.441275 0.031257 -0.136101
v 0.442934 0.031064 -0.136114
v 0.444379 0.030743 -0.136135
v 0.445662 0.030297 -0.136164
v 0.446799 0.029728 -0.136201
v 0.447791 0.029038 -0.136246
v 0.448639 0.028231 -0.136298
v 0.449339 0.027308 -0.136358
v 0.449888 0.026265 -0.136426
v 0.450283 0.025090 -0.136503
v 0.450521 0.023741 -0.136590
v 0.451250 0.021950 -0.137609
v 0.451166 0.020003 -0.137736
v 0.450915 0.018583 -0.137828
v 0.450498 0.017346 -0.137908
v 0.449918 0.016247 -0.137980
v 0.449179 0.015275 -0.138043
v 0.448284 0.014425 -0.138099
v 0.447236 0.013700 -0.138146
v 0.446036 0.013100 -0.138185
v 0.444681 0.012631 -0.138215
v 0.443155 0.012293 -0.138237
v 0.441403 0.012089 -0.138251
v 0.439000 0.012021 -0.138255
v 0.436597 0.012089 -0.138251
v 0.434845 0.012293 -0.138237
v 0.433319 0.012631 -0.138215
v 0.431964 0.013100 -0.138185
v 0.430764 0.013700 -0.138146
v 0.429716 0.014425 -0.138099
v 0.428821 0.015275 -0.138043
v 0.428082 0.016247 -0.137980
v 0.427502 0.017346 -0.137908
v 0.427085 0.018583 -0.137828
v 0.426834 0.020003 -0.137736
v 0.426750 0.021950 -0.137609
v 0.426834 0.023898 -0.137482
v 0.427085 0.025318 -0.137390
v 0.427502 0.026555 -0.137309
v 0.428082 0.027653 -0.137238
v 0.428821 0.028625 -0.137174
v 0.429716 0.029475 -0.137119
v 0.430764 0.030201 -0.137072
v 0.431964 0.030800 -0.137033
v 0.433319 0.031270 -0.137002
v 0.434845 0.031608 -0.136980
v 0.436597 0.031811 -0.136967
v 0.439000 0.031879 -0.136962
v 0.441403 0.031811 -0.136967
v 0.443155 0.031608 -0.136980
v 0.444681 0.031270 -0.137002
v 0.446036 0.030800 -0.137033
v 0.447236 0.030201 -0.137072
v 0.448284 0.029475 -0.137119
v 0.449179 0.028625 -0.137174
v 0.449918 0.027653 -0.137238
v 0.450498 0.026555 -0.137309
v 0.450915 0.025318 -0.137390
v 0.451166 0.023898 -0.137482
v 0.450600 0.022022 -0.138706
v 0.450521 0.020172 -0.138827
v 0.450283 0.018823 -0.138915
v 0.449888 0.017649 -0.138991
v 0.449339 0.016605 -0.139059
v 0.448639 0.015682 -0.139119
v 0.447791 0.014875 -0.139172
v 0.446799 0.014186 -0.139217
v 0.445662 0.013617 -0.139254
v 0.444379 0.013170 -0.139283
v 0.442934 0.012849 -0.139303
v 0.441275 0.012656 -0.139316
v 0.439000 0.012592 -0.139320
v 0.436725 0.012656 -0.139316
v 0.435066 0.012849 -0.139303
v 0.433621 0.013170 -0.139283
v 0.432338 0.013617 -0.139254
v 0.431201 0.014186 -0.139217
v 0.430209 0.014875 -0.139172
v 0.429361 0.015682 -0.139119
v 0.428661 0.016605 -0.139059
v 0.428112 0.017649 -0.138991
v 0.427717 0.018823 -0.138915
v 0.427479 0.020172 -0.138827
v 0.427400 0.022022 -0.138706
v 0.427479 0.023871 -0.138586
v 0.427717 0.025220 -0.138498
v 0.428112 0.026395 -0.138422
v 0.428661 0.027438 -0.138354
v 0.429361 0.028361 -0.138294
v 0.430209 0.029168 -0.138241
v 0.431201 0.029857 -0.138196
v 0.432338 0.030427 -0.138159
v 0.433621 0.030873 -0.138130
v 0.435066 0.031194 -0.138109
v 0.436725 0.031387 -0.138097
v 0.439000 0.031452 -0.138093
v 0.441275 0.031387 -0.138097
v 0.442934 0.031194 -0.138109
v 0.444379 0.030873 -0.138130
v 0.445662 0.030427 -0.138159
v 0.446799 0.029857 -0.138196
v 0.447791 0.029168 -0.138241
v 0.448639 0.028361 -0.138294
v 0.449339 0.027438 -0.138354
v 0.449888 0.026395 -0.138422
v 0.450283 0.025220 -0.138498
v 0.450521 0.023871 -0.138586
vn -0.0000 -0.0650 0.9979
vn 0.8107 -0.0380 0.5842
vn 0.8059 -0.1179 0.5802
vn 0.9951 -0.0985 -0.0064
vn 1.0000 -0.0000 -0.0000
vn 0.7846 -0.2343 0.5741
vn 0.9700 -0.2425 -0.0158
vn 0.7452 -0.3543 0.5649
vn 0.9203 -0.3905 -0.0254
vn 0.6870 -0.4729 0.5518
vn 0.8443 -0.5348 -0.0348
vn 0.6118 -0.5829 0.5347
vn 0.7455 -0.6651 -0.0433
vn 0.5237 -0.6788 0.5148
vn 0.6310 -0.7741 -0.0504
vn 0.4279 -0.7571 0.4936
vn 0.5091 -0.8589 -0.0559
vn 0.3295 -0.8170 0.4732
vn 0.3872 -0.9200 -0.0599
vn 0.2330 -0.8595 0.4550
vn 0.2708 -0.9606 -0.0625
vn 0.1419 -0.8864 0.4407
vn 0.1635 -0.9845 -0.0641
vn 0.0571 -0.9006 0.4310
vn 0.0655 -0.9957 -0.0648
vn -0.0000 -0.9038 0.4279
vn -0.0000 -0.9979 -0.0649
vn -0.0571 -0.9006 0.4310
vn -0.0655 -0.9957 -0.0648
vn -0.1418 -0.8864 0.4407
vn -0.1635 -0.9845 -0.0641
vn -0.2329 -0.8595 0.4550
vn -0.2708 -0.9606 -0.0625
vn -0.3295 -0.8170 0.4732
vn -0.3872 -0.9200 -0.0599
vn -0.4279 -0.7571 0.4936
vn -0.5091 -0.8589 -0.0559
vn -0.5237 -0.6788 0.5148
vn -0.6310 -0.7741 -0.0504
vn -0.6118 -0.5829 0.5347
vn -0.7455 -0.6651 -0.0433
vn -0.6870 -0.4729 0.5518
vn -0.8443 -0.5348 -0.0348
vn -0.7452 -0.3543 0.5649
vn -0.9203 -0.3905 -0.0254
vn -0.7845 -0.2344 0.5741
vn -0.9700 -0.2425 -0.0158
vn -0.8059 -0.1179 0.5802
vn -0.9951 -0.0985 -0.0064
vn -0.8107 -0.0380 0.5842
vn -1.0000 -0.0000 -0.0000
vn -0.8059 0.0416 0.5906
vn -0.9951 0.0985 0.0064
vn -0.7846 0.1579 0.5996
vn -0.9700 0.2425 0.0158
vn -0.7452 0.2781 0.6061
vn -0.9203 0.3905 0.0254
vn -0.6870 0.3974 0.6084
vn -0.8443 0.5348 0.0348
vn -0.6118 0.5087 0.6057
vn -0.7455 0.6651 0.0433
vn -0.5237 0.6063 0.5984
vn -0.6310 0.7741 0.0504
vn -0.4279 0.6867 0.5876
vn -0.5091 0.8589 0.0559
vn -0.3295 0.7488 0.5751
vn -0.3872 0.9200 0.0599
vn -0.2329 0.7932 0.5626
vn -0.2708 0.9606 0.0626
vn -0.1419 0.8218 0.5519
vn -0.1635 0.9845 0.0641
vn -0.0571 0.8371 0.5441
vn -0.0655 0.9957 0.0649
vn -0.0000 0.8407 0.5415
vn -0.0000 0.9979 0.0650
vn 0.0572 0.8371 0.5441
vn 0.0655 0.9957 0.0648
vn 0.1418 0.8218 0.5518
vn 0.1635 0.9845 0.0641
vn 0.2329 0.7932 0.5626
vn 0.2708 0.9606 0.0626
vn 0.3295 0.7488 0.5751
vn 0.3872 0.9200 0.0599
vn 0.4279 0.6867 0.5876
vn 0.5091 0.8589 0.0559
vn 0.5237 0.6063 0.5984
vn 0.6310 0.7741 0.0504
vn 0.6118 0.5087 0.6057
vn 0.7455 0.6651 0.0433
vn 0.6870 0.3974 0.6084
vn 0.8443 0.5348 0.0348
vn 0.7452 0.2781 0.6061
vn 0.9203 0.3905 0.0255
vn 0.7846 0.1579 0.5996
vn 0.9700 0.2425 0.0158
vn 0.8059 0.0416 0.5906
vn 0.9951 0.0985 0.0064
vn 0.8560 -0.0516 -0.5143
vn 0.8610 0.0330 -0.5076
vn 0.8337 -0.1752 -0.5238
vn 0.7916 -0.3028 -0.5308
vn 0.7289 -0.4289 -0.5336
vn 0.6478 -0.5457 -0.5316
vn 0.5529 -0.6471 -0.5249
vn 0.4503 -0.7294 -0.5149
vn 0.3456 -0.7920 -0.5033
vn 0.2437 -0.8360 -0.4917
vn 0.1480 -0.8637 -0.4817
vn 0.0595 -0.8782 -0.4745
vn -0.0000 -0.8815 -0.4721
vn -0.0595 -0.8782 -0.4745
vn -0.1481 -0.8637 -0.4817
vn -0.2437 -0.8360 -0.4917
vn -0.3457 -0.7920 -0.5033
vn -0.4503 -0.7294 -0.5149
vn -0.5529 -0.6471 -0.5249
vn -0.6478 -0.5457 -0.5316
vn -0.7289 -0.4289 -0.5336
vn -0.7916 -0.3028 -0.5307
vn -0.8337 -0.1752 -0.5238
vn -0.8561 -0.0516 -0.5143
vn -0.8610 0.0330 -0.5076
vn -0.8561 0.1178 -0.5033
vn -0.8337 0.2416 -0.4966
vn -0.7916 0.3690 -0.4870
vn -0.7289 0.4945 -0.4735
vn -0.6478 0.6100 -0.4563
vn -0.5530 0.7096 -0.4366
vn -0.4503 0.7900 -0.4160
vn -0.3456 0.8506 -0.3964
vn -0.2436 0.8927 -0.3792
vn -0.1481 0.9189 -0.3657
vn -0.0595 0.9323 -0.3567
vn -0.0000 0.9353 -0.3539
vn 0.0595 0.9323 -0.3567
vn 0.1481 0.9189 -0.3657
vn 0.2437 0.8927 -0.3792
vn 0.3456 0.8506 -0.3964
vn 0.4503 0.7900 -0.4160
vn 0.5529 0.7097 -0.4366
vn 0.6478 0.6100 -0.4564
vn 0.7289 0.4945 -0.4735
vn 0.7916 0.3690 -0.4870
vn 0.8337 0.2416 -0.4966
vn 0.8560 0.1178 -0.5033
vn -0.0000 0.0650 -0.9979
vt 0.818677 0.921283
vt 0.822325 0.921819
vt 0.825517 0.922789
vt 0.828366 0.924184
vt 0.830906 0.925994
vt 0.833142 0.928209
vt 0.835073 0.930823
vt 0.836691 0.933831
vt 0.837990 0.937243
vt 0.838964 0.941100
vt 0.839611 0.945541
vt 0.839958 0.951647
vt 0.839957 0.957763
vt 0.839563 0.962234
vt 0.838810 0.966140
vt 0.837707 0.969620
vt 0.836261 0.972715
vt 0.834482 0.975434
vt 0.832374 0.977773
vt 0.829942 0.979724
vt 0.827176 0.981278
vt 0.824044 0.982428
vt 0.820432 0.983169
vt 0.815460 0.983524
vt 0.810475 0.983452
vt 0.806827 0.982916
vt 0.803635 0.981946
vt 0.800786 0.980551
vt 0.798246 0.978741
vt 0.796010 0.976525
vt 0.794079 0.973912
vt 0.792461 0.970904
vt 0.791162 0.967492
vt 0.790188 0.963635
vt 0.789541 0.959193
vt 0.789194 0.953087
vt 0.789195 0.946971
vt 0.789589 0.942501
vt 0.790342 0.938595
vt 0.791445 0.935114
vt 0.792891 0.932019
vt 0.794670 0.929301
vt 0.796778 0.926962
vt 0.799210 0.925011
vt 0.801976 0.923457
vt 0.805108 0.922307
vt 0.808720 0.921565
vt 0.813692 0.921211
vt 0.808407 0.919839
vt 0.813643 0.919465
vt 0.804604 0.920622
vt 0.801307 0.921836
vt 0.798395 0.923477
vt 0.795834 0.925537
vt 0.793615 0.928007
vt 0.791742 0.930877
vt 0.790220 0.934146
vt 0.789059 0.937821
vt 0.788266 0.941946
vt 0.787851 0.946667
vt 0.787851 0.953125
vt 0.788217 0.959574
vt 0.788899 0.964264
vt 0.789924 0.968337
vt 0.791292 0.971941
vt 0.792997 0.975117
vt 0.795030 0.977877
vt 0.797385 0.980217
vt 0.800058 0.982129
vt 0.803059 0.983602
vt 0.806420 0.984627
vt 0.810261 0.985193
vt 0.815509 0.985270
vt 0.820745 0.984896
vt 0.824548 0.984113
vt 0.827845 0.982899
vt 0.830757 0.981258
vt 0.833318 0.979198
vt 0.835537 0.976728
vt 0.837410 0.973857
vt 0.838932 0.970589
vt 0.840093 0.966914
vt 0.840886 0.962789
vt 0.841301 0.958068
vt 0.841301 0.951609
vt 0.840935 0.945161
vt 0.840253 0.940471
vt 0.839228 0.936398
vt 0.837860 0.932794
vt 0.836155 0.929617
vt 0.834122 0.926857
vt 0.831767 0.924518
vt 0.829093 0.922606
vt 0.826093 0.921133
vt 0.822732 0.920108
vt 0.818891 0.919542
vt 0.561742 0.986717
vt 0.556494 0.986640
vt 0.556708 0.984899
vt 0.561692 0.984971
vt 0.552652 0.986074
vt 0.553060 0.984363
vt 0.549291 0.985049
vt 0.549868 0.983392
vt 0.546291 0.983576
vt 0.547018 0.981998
vt 0.543617 0.981664
vt 0.544479 0.980188
vt 0.541262 0.979324
vt 0.542242 0.977972
vt 0.539229 0.976564
vt 0.540312 0.975359
vt 0.537525 0.973387
vt 0.538693 0.972351
vt 0.536157 0.969784
vt 0.537394 0.968938
vt 0.535131 0.965711
vt 0.536421 0.965081
vt 0.534450 0.961020
vt 0.535774 0.960640
vt 0.534084 0.954572
vt 0.535427 0.954534
vt 0.534084 0.948114
vt 0.535427 0.948418
vt 0.534498 0.943393
vt 0.535821 0.943948
vt 0.535291 0.939268
vt 0.536575 0.940042
vt 0.536453 0.935592
vt 0.537678 0.936561
vt 0.537974 0.932324
vt 0.539123 0.933466
vt 0.539847 0.929453
vt 0.540903 0.930748
vt 0.542066 0.926984
vt 0.543010 0.928409
vt 0.544627 0.924924
vt 0.545443 0.926458
vt 0.547539 0.923283
vt 0.548208 0.924904
vt 0.550837 0.922069
vt 0.551340 0.923754
vt 0.554640 0.921286
vt 0.554952 0.923012
vt 0.559875 0.920912
vt 0.559925 0.922658
vt 0.565123 0.920988
vt 0.564909 0.922730
vt 0.568964 0.921555
vt 0.568557 0.923266
vt 0.572326 0.922580
vt 0.571749 0.924236
vt 0.575326 0.924053
vt 0.574599 0.925631
vt 0.578000 0.925964
vt 0.577138 0.927441
vt 0.580355 0.928304
vt 0.579375 0.929656
vt 0.582388 0.931064
vt 0.581305 0.932270
vt 0.584092 0.934241
vt 0.582924 0.935278
vt 0.585460 0.937845
vt 0.584223 0.938690
vt 0.586486 0.941918
vt 0.585196 0.942547
vt 0.587167 0.946608
vt 0.585843 0.946988
vt 0.587533 0.953056
vt 0.586190 0.953094
vt 0.587533 0.959515
vt 0.586190 0.959210
vt 0.587119 0.964236
vt 0.585796 0.963681
vt 0.586326 0.968361
vt 0.585042 0.967587
vt 0.585164 0.972036
vt 0.583939 0.971067
vt 0.583643 0.975304
vt 0.582494 0.974162
vt 0.581769 0.978175
vt 0.580714 0.976881
vt 0.579551 0.980645
vt 0.578607 0.979220
vt 0.576990 0.982705
vt 0.576174 0.981171
vt 0.574078 0.984346
vt 0.573409 0.982725
vt 0.570780 0.985560
vt 0.570276 0.983874
vt 0.566977 0.986343
vt 0.566665 0.984616
s 0
usemtl 05_|_charcoal_anti_vibration_rubber
f 4160/5261/4153 4159/5262/4153 4158/5263/4153 4157/5264/4153 4156/5265/4153 4155/5266/4153 4154/5267/4153 4153/5268/4153 4152/5269/4153 4151/5270/4153 4150/5271/4153 4149/5272/4153 4148/5273/4153 4147/5274/4153 4146/5275/4153 4145/5276/4153 4144/5277/4153 4143/5278/4153 4142/5279/4153 4141/5280/4153 4140/5281/4153 4139/5282/4153 4138/5283/4153 4137/5284/4153 4136/5285/4153 4135/5286/4153 4134/5287/4153 4133/5288/4153 4132/5289/4153 4131/5290/4153 4130/5291/4153 4129/5292/4153 4128/5293/4153 4127/5294/4153 4126/5295/4153 4125/5296/4153 4124/5297/4153 4123/5298/4153 4122/5299/4153 4121/5300/4153 4120/5301/4153 4119/5302/4153 4118/5303/4153 4117/5304/4153 4116/5305/4153 4115/5306/4153 4114/5307/4153 4113/5308/4153
s 1
f 4113/5308/4154 4114/5307/4155 4162/5309/4156 4161/5310/4157
f 4114/5307/4155 4115/5306/4158 4163/5311/4159 4162/5309/4156
f 4115/5306/4158 4116/5305/4160 4164/5312/4161 4163/5311/4159
f 4116/5305/4160 4117/5304/4162 4165/5313/4163 4164/5312/4161
f 4117/5304/4162 4118/5303/4164 4166/5314/4165 4165/5313/4163
f 4118/5303/4164 4119/5302/4166 4167/5315/4167 4166/5314/4165
f 4119/5302/4166 4120/5301/4168 4168/5316/4169 4167/5315/4167
f 4120/5301/4168 4121/5300/4170 4169/5317/4171 4168/5316/4169
f 4121/5300/4170 4122/5299/4172 4170/5318/4173 4169/5317/4171
f 4122/5299/4172 4123/5298/4174 4171/5319/4175 4170/5318/4173
f 4123/5298/4174 4124/5297/4176 4172/5320/4177 4171/5319/4175
f 4124/5297/4176 4125/5296/4178 4173/5321/4179 4172/5320/4177
f 4125/5296/4178 4126/5295/4180 4174/5322/4181 4173/5321/4179
f 4126/5295/4180 4127/5294/4182 4175/5323/4183 4174/5322/4181
f 4127/5294/4182 4128/5293/4184 4176/5324/4185 4175/5323/4183
f 4128/5293/4184 4129/5292/4186 4177/5325/4187 4176/5324/4185
f 4129/5292/4186 4130/5291/4188 4178/5326/4189 4177/5325/4187
f 4130/5291/4188 4131/5290/4190 4179/5327/4191 4178/5326/4189
f 4131/5290/4190 4132/5289/4192 4180/5328/4193 4179/5327/4191
f 4132/5289/4192 4133/5288/4194 4181/5329/4195 4180/5328/4193
f 4133/5288/4194 4134/5287/4196 4182/5330/4197 4181/5329/4195
f 4134/5287/4196 4135/5286/4198 4183/5331/4199 4182/5330/4197
f 4135/5286/4198 4136/5285/4200 4184/5332/4201 4183/5331/4199
f 4136/5285/4200 4137/5284/4202 4185/5333/4203 4184/5332/4201
f 4137/5284/4202 4138/5283/4204 4186/5334/4205 4185/5333/4203
f 4138/5283/4204 4139/5282/4206 4187/5335/4207 4186/5334/4205
f 4139/5282/4206 4140/5281/4208 4188/5336/4209 4187/5335/4207
f 4140/5281/4208 4141/5280/4210 4189/5337/4211 4188/5336/4209
f 4141/5280/4210 4142/5279/4212 4190/5338/4213 4189/5337/4211
f 4142/5279/4212 4143/5278/4214 4191/5339/4215 4190/5338/4213
f 4143/5278/4214 4144/5277/4216 4192/5340/4217 4191/5339/4215
f 4144/5277/4216 4145/5276/4218 4193/5341/4219 4192/5340/4217
f 4145/5276/4218 4146/5275/4220 4194/5342/4221 4193/5341/4219
f 4146/5275/4220 4147/5274/4222 4195/5343/4223 4194/5342/4221
f 4147/5274/4222 4148/5273/4224 4196/5344/4225 4195/5343/4223
f 4148/5273/4224 4149/5272/4226 4197/5345/4227 4196/5344/4225
f 4149/5272/4226 4150/5271/4228 4198/5346/4229 4197/5345/4227
f 4150/5271/4228 4151/5270/4230 4199/5347/4231 4198/5346/4229
f 4151/5270/4230 4152/5269/4232 4200/5348/4233 4199/5347/4231
f 4152/5269/4232 4153/5268/4234 4201/5349/4235 4200/5348/4233
f 4153/5268/4234 4154/5267/4236 4202/5350/4237 4201/5349/4235
f 4154/5267/4236 4155/5266/4238 4203/5351/4239 4202/5350/4237
f 4155/5266/4238 4156/5265/4240 4204/5352/4241 4203/5351/4239
f 4156/5265/4240 4157/5264/4242 4205/5353/4243 4204/5352/4241
f 4157/5264/4242 4158/5263/4244 4206/5354/4245 4205/5353/4243
f 4158/5263/4244 4159/5262/4246 4207/5355/4247 4206/5354/4245
f 4159/5262/4246 4160/5261/4248 4208/5356/4249 4207/5355/4247
f 4160/5261/4248 4113/5308/4154 4161/5310/4157 4208/5356/4249
f 4161/5357/4157 4162/5358/4156 4210/5359/4250 4209/5360/4251
f 4162/5358/4156 4163/5361/4159 4211/5362/4252 4210/5359/4250
f 4163/5361/4159 4164/5363/4161 4212/5364/4253 4211/5362/4252
f 4164/5363/4161 4165/5365/4163 4213/5366/4254 4212/5364/4253
f 4165/5365/4163 4166/5367/4165 4214/5368/4255 4213/5366/4254
f 4166/5367/4165 4167/5369/4167 4215/5370/4256 4214/5368/4255
f 4167/5369/4167 4168/5371/4169 4216/5372/4257 4215/5370/4256
f 4168/5371/4169 4169/5373/4171 4217/5374/4258 4216/5372/4257
f 4169/5373/4171 4170/5375/4173 4218/5376/4259 4217/5374/4258
f 4170/5375/4173 4171/5377/4175 4219/5378/4260 4218/5376/4259
f 4171/5377/4175 4172/5379/4177 4220/5380/4261 4219/5378/4260
f 4172/5379/4177 4173/5381/4179 4221/5382/4262 4220/5380/4261
f 4173/5381/4179 4174/5383/4181 4222/5384/4263 4221/5382/4262
f 4174/5383/4181 4175/5385/4183 4223/5386/4264 4222/5384/4263
f 4175/5385/4183 4176/5387/4185 4224/5388/4265 4223/5386/4264
f 4176/5387/4185 4177/5389/4187 4225/5390/4266 4224/5388/4265
f 4177/5389/4187 4178/5391/4189 4226/5392/4267 4225/5390/4266
f 4178/5391/4189 4179/5393/4191 4227/5394/4268 4226/5392/4267
f 4179/5393/4191 4180/5395/4193 4228/5396/4269 4227/5394/4268
f 4180/5395/4193 4181/5397/4195 4229/5398/4270 4228/5396/4269
f 4181/5397/4195 4182/5399/4197 4230/5400/4271 4229/5398/4270
f 4182/5399/4197 4183/5401/4199 4231/5402/4272 4230/5400/4271
f 4183/5401/4199 4184/5403/4201 4232/5404/4273 4231/5402/4272
f 4184/5403/4201 4185/5405/4203 4233/5406/4274 4232/5404/4273
f 4185/5405/4203 4186/5407/4205 4234/5408/4275 4233/5406/4274
f 4186/5407/4205 4187/5409/4207 4235/5410/4276 4234/5408/4275
f 4187/5409/4207 4188/5411/4209 4236/5412/4277 4235/5410/4276
f 4188/5411/4209 4189/5413/4211 4237/5414/4278 4236/5412/4277
f 4189/5413/4211 4190/5415/4213 4238/5416/4279 4237/5414/4278
f 4190/5415/4213 4191/5417/4215 4239/5418/4280 4238/5416/4279
f 4191/5417/4215 4192/5419/4217 4240/5420/4281 4239/5418/4280
f 4192/5419/4217 4193/5421/4219 4241/5422/4282 4240/5420/4281
f 4193/5421/4219 4194/5423/4221 4242/5424/4283 4241/5422/4282
f 4194/5423/4221 4195/5425/4223 4243/5426/4284 4242/5424/4283
f 4195/5425/4223 4196/5427/4225 4244/5428/4285 4243/5426/4284
f 4196/5427/4225 4197/5429/4227 4245/5430/4286 4244/5428/4285
f 4197/5429/4227 4198/5431/4229 4246/5432/4287 4245/5430/4286
f 4198/5431/4229 4199/5433/4231 4247/5434/4288 4246/5432/4287
f 4199/5433/4231 4200/5435/4233 4248/5436/4289 4247/5434/4288
f 4200/5435/4233 4201/5437/4235 4249/5438/4290 4248/5436/4289
f 4201/5437/4235 4202/5439/4237 4250/5440/4291 4249/5438/4290
f 4202/5439/4237 4203/5441/4239 4251/5442/4292 4250/5440/4291
f 4203/5441/4239 4204/5443/4241 4252/5444/4293 4251/5442/4292
f 4204/5443/4241 4205/5445/4243 4253/5446/4294 4252/5444/4293
f 4205/5445/4243 4206/5447/4245 4254/5448/4295 4253/5446/4294
f 4206/5447/4245 4207/5449/4247 4255/5450/4296 4254/5448/4295
f 4207/5449/4247 4208/5451/4249 4256/5452/4297 4255/5450/4296
f 4208/5451/4249 4161/5357/4157 4209/5360/4251 4256/5452/4297
s 0
f 4209/5360/4298 4210/5359/4298 4211/5362/4298 4212/5364/4298 4213/5366/4298 4214/5368/4298 4215/5370/4298 4216/5372/4298 4217/5374/4298 4218/5376/4298 4219/5378/4298 4220/5380/4298 4221/5382/4298 4222/5384/4298 4223/5386/4298 4224/5388/4298 4225/5390/4298 4226/5392/4298 4227/5394/4298 4228/5396/4298 4229/5398/4298 4230/5400/4298 4231/5402/4298 4232/5404/4298 4233/5406/4298 4234/5408/4298 4235/5410/4298 4236/5412/4298 4237/5414/4298 4238/5416/4298 4239/5418/4298 4240/5420/4298 4241/5422/4298 4242/5424/4298 4243/5426/4298 4244/5428/4298 4245/5430/4298 4246/5432/4298 4247/5434/4298 4248/5436/4298 4249/5438/4298 4250/5440/4298 4251/5442/4298 4252/5444/4298 4253/5446/4298 4254/5448/4298 4255/5450/4298 4256/5452/4298
o Grip_moulded_rib_18.001
v 0.450400 0.022346 -0.143696
v 0.450322 0.020526 -0.143814
v 0.450088 0.019199 -0.143901
v 0.449700 0.018043 -0.143976
v 0.449161 0.017016 -0.144043
v 0.448473 0.016107 -0.144102
v 0.447640 0.015313 -0.144154
v 0.446664 0.014635 -0.144198
v 0.445548 0.014075 -0.144234
v 0.444287 0.013636 -0.144263
v 0.442866 0.013320 -0.144283
v 0.441236 0.013130 -0.144296
v 0.439000 0.013066 -0.144300
v 0.436764 0.013130 -0.144296
v 0.435134 0.013320 -0.144283
v 0.433713 0.013636 -0.144263
v 0.432452 0.014075 -0.144234
v 0.431336 0.014635 -0.144198
v 0.430360 0.015313 -0.144154
v 0.429527 0.016107 -0.144102
v 0.428839 0.017016 -0.144043
v 0.428300 0.018043 -0.143976
v 0.427912 0.019199 -0.143901
v 0.427678 0.020526 -0.143814
v 0.427600 0.022346 -0.143696
v 0.427678 0.024167 -0.143577
v 0.427912 0.025494 -0.143491
v 0.428300 0.026650 -0.143416
v 0.428839 0.027677 -0.143349
v 0.429527 0.028585 -0.143290
v 0.430360 0.029380 -0.143238
v 0.431336 0.030058 -0.143194
v 0.432452 0.030618 -0.143157
v 0.433713 0.031057 -0.143129
v 0.435134 0.031373 -0.143108
v 0.436764 0.031563 -0.143096
v 0.439000 0.031627 -0.143092
v 0.441236 0.031563 -0.143096
v 0.442866 0.031373 -0.143108
v 0.444287 0.031057 -0.143129
v 0.445548 0.030618 -0.143157
v 0.446664 0.030058 -0.143194
v 0.447640 0.029380 -0.143238
v 0.448473 0.028585 -0.143290
v 0.449161 0.027677 -0.143349
v 0.449700 0.026650 -0.143416
v 0.450088 0.025494 -0.143491
v 0.450322 0.024167 -0.143577
v 0.451050 0.022405 -0.144594
v 0.450967 0.020487 -0.144719
v 0.450720 0.019088 -0.144810
v 0.450310 0.017870 -0.144889
v 0.449740 0.016788 -0.144960
v 0.449013 0.015830 -0.145022
v 0.448132 0.014993 -0.145076
v 0.447101 0.014279 -0.145123
v 0.445921 0.013688 -0.145161
v 0.444588 0.013226 -0.145191
v 0.443087 0.012893 -0.145213
v 0.441363 0.012692 -0.145226
v 0.439000 0.012625 -0.145231
v 0.436637 0.012692 -0.145226
v 0.434913 0.012893 -0.145213
v 0.433412 0.013226 -0.145191
v 0.432079 0.013688 -0.145161
v 0.430899 0.014279 -0.145123
v 0.429868 0.014993 -0.145076
v 0.428987 0.015830 -0.145022
v 0.428260 0.016788 -0.144960
v 0.427690 0.017870 -0.144889
v 0.427280 0.019088 -0.144810
v 0.427033 0.020487 -0.144719
v 0.426950 0.022405 -0.144594
v 0.427033 0.024323 -0.144469
v 0.427280 0.025721 -0.144378
v 0.427690 0.026940 -0.144299
v 0.428260 0.028022 -0.144228
v 0.428987 0.028979 -0.144166
v 0.429868 0.029816 -0.144112
v 0.430899 0.030531 -0.144065
v 0.432079 0.031121 -0.144027
v 0.433412 0.031584 -0.143997
v 0.434913 0.031917 -0.143975
v 0.436637 0.032117 -0.143962
v 0.439000 0.032184 -0.143957
v 0.441363 0.032117 -0.143962
v 0.443087 0.031917 -0.143975
v 0.444588 0.031584 -0.143997
v 0.445921 0.031121 -0.144027
v 0.447101 0.030531 -0.144065
v 0.448132 0.029816 -0.144112
v 0.449013 0.028979 -0.144166
v 0.449740 0.028022 -0.144228
v 0.450310 0.026940 -0.144299
v 0.450720 0.025721 -0.144378
v 0.450967 0.024323 -0.144469
v 0.450400 0.022476 -0.145692
v 0.450322 0.020656 -0.145810
v 0.450088 0.019329 -0.145897
v 0.449700 0.018173 -0.145972
v 0.449161 0.017146 -0.146039
v 0.448473 0.016237 -0.146098
v 0.447640 0.015443 -0.146149
v 0.446664 0.014765 -0.146194
v 0.445548 0.014205 -0.146230
v 0.444287 0.013765 -0.146259
v 0.442866 0.013450 -0.146279
v 0.441236 0.013259 -0.146292
v 0.439000 0.013196 -0.146296
v 0.436764 0.013259 -0.146292
v 0.435134 0.013450 -0.146279
v 0.433713 0.013765 -0.146259
v 0.432452 0.014205 -0.146230
v 0.431336 0.014765 -0.146194
v 0.430360 0.015443 -0.146149
v 0.429527 0.016237 -0.146098
v 0.428839 0.017146 -0.146039
v 0.428300 0.018173 -0.145972
v 0.427912 0.019329 -0.145897
v 0.427678 0.020656 -0.145810
v 0.427600 0.022476 -0.145692
v 0.427678 0.024296 -0.145573
v 0.427912 0.025624 -0.145487
v 0.428300 0.026780 -0.145412
v 0.428839 0.027806 -0.145345
v 0.429527 0.028715 -0.145286
v 0.430360 0.029509 -0.145234
v 0.431336 0.030188 -0.145190
v 0.432452 0.030748 -0.145153
v 0.433713 0.031187 -0.145125
v 0.435134 0.031503 -0.145104
v 0.436764 0.031693 -0.145092
v 0.439000 0.031757 -0.145088
v 0.441236 0.031693 -0.145092
v 0.442866 0.031503 -0.145104
v 0.444287 0.031187 -0.145125
v 0.445548 0.030748 -0.145153
v 0.446664 0.030188 -0.145190
v 0.447640 0.029509 -0.145234
v 0.448473 0.028715 -0.145286
v 0.449161 0.027806 -0.145345
v 0.449700 0.026780 -0.145412
v 0.450088 0.025624 -0.145487
v 0.450322 0.024296 -0.145573
vn -0.0000 -0.0650 0.9979
vn 0.8107 -0.0380 0.5842
vn 0.8059 -0.1177 0.5802
vn 0.9951 -0.0983 -0.0064
vn 1.0000 -0.0000 -0.0000
vn 0.7846 -0.2341 0.5741
vn 0.9701 -0.2422 -0.0158
vn 0.7454 -0.3540 0.5650
vn 0.9205 -0.3900 -0.0254
vn 0.6872 -0.4725 0.5518
vn 0.8446 -0.5343 -0.0348
vn 0.6122 -0.5825 0.5348
vn 0.7460 -0.6646 -0.0433
vn 0.5241 -0.6784 0.5148
vn 0.6315 -0.7737 -0.0504
vn 0.4283 -0.7568 0.4937
vn 0.5096 -0.8586 -0.0558
vn 0.3298 -0.8169 0.4732
vn 0.3877 -0.9199 -0.0599
vn 0.2332 -0.8594 0.4551
vn 0.2712 -0.9605 -0.0625
vn 0.1420 -0.8864 0.4407
vn 0.1637 -0.9844 -0.0641
vn 0.0572 -0.9006 0.4310
vn 0.0655 -0.9957 -0.0648
vn -0.0000 -0.9038 0.4279
vn -0.0000 -0.9979 -0.0649
vn -0.0572 -0.9006 0.4310
vn -0.0656 -0.9957 -0.0648
vn -0.1421 -0.8863 0.4407
vn -0.1637 -0.9844 -0.0641
vn -0.2332 -0.8594 0.4551
vn -0.2712 -0.9605 -0.0625
vn -0.3299 -0.8169 0.4732
vn -0.3877 -0.9199 -0.0599
vn -0.4283 -0.7568 0.4937
vn -0.5096 -0.8586 -0.0558
vn -0.5241 -0.6784 0.5148
vn -0.6315 -0.7737 -0.0504
vn -0.6122 -0.5825 0.5348
vn -0.7460 -0.6646 -0.0433
vn -0.6872 -0.4725 0.5518
vn -0.8446 -0.5343 -0.0348
vn -0.7454 -0.3539 0.5650
vn -0.9205 -0.3900 -0.0254
vn -0.7846 -0.2341 0.5741
vn -0.9701 -0.2422 -0.0158
vn -0.8059 -0.1177 0.5802
vn -0.9951 -0.0983 -0.0064
vn -0.8107 -0.0380 0.5842
vn -1.0000 -0.0000 -0.0000
vn -0.8059 0.0415 0.5906
vn -0.9951 0.0983 0.0064
vn -0.7846 0.1577 0.5996
vn -0.9701 0.2422 0.0158
vn -0.7454 0.2777 0.6061
vn -0.9205 0.3900 0.0254
vn -0.6872 0.3970 0.6084
vn -0.8446 0.5343 0.0348
vn -0.6122 0.5082 0.6058
vn -0.7460 0.6646 0.0432
vn -0.5241 0.6059 0.5984
vn -0.6315 0.7737 0.0504
vn -0.4283 0.6865 0.5877
vn -0.5096 0.8586 0.0559
vn -0.3299 0.7486 0.5751
vn -0.3877 0.9199 0.0599
vn -0.2332 0.7931 0.5626
vn -0.2712 0.9605 0.0625
vn -0.1420 0.8218 0.5519
vn -0.1637 0.9844 0.0641
vn -0.0572 0.8371 0.5441
vn -0.0656 0.9957 0.0649
vn -0.0000 0.8407 0.5415
vn -0.0000 0.9979 0.0650
vn 0.0572 0.8371 0.5441
vn 0.0655 0.9957 0.0648
vn 0.1420 0.8218 0.5519
vn 0.1637 0.9844 0.0641
vn 0.2332 0.7931 0.5626
vn 0.2712 0.9605 0.0625
vn 0.3298 0.7486 0.5751
vn 0.3877 0.9199 0.0599
vn 0.4283 0.6864 0.5877
vn 0.5096 0.8586 0.0559
vn 0.5241 0.6059 0.5984
vn 0.6315 0.7737 0.0504
vn 0.6122 0.5082 0.6058
vn 0.7460 0.6646 0.0432
vn 0.6872 0.3970 0.6084
vn 0.8446 0.5343 0.0348
vn 0.7454 0.2777 0.6061
vn 0.9205 0.3900 0.0254
vn 0.7846 0.1577 0.5996
vn 0.9701 0.2422 0.0158
vn 0.8059 0.0415 0.5906
vn 0.9951 0.0983 0.0064
vn 0.8561 -0.0515 -0.5143
vn 0.8610 0.0330 -0.5076
vn 0.8337 -0.1749 -0.5237
vn 0.7917 -0.3024 -0.5308
vn 0.7292 -0.4285 -0.5336
vn 0.6481 -0.5453 -0.5316
vn 0.5534 -0.6467 -0.5250
vn 0.4508 -0.7291 -0.5150
vn 0.3460 -0.7918 -0.5033
vn 0.2440 -0.8359 -0.4917
vn 0.1481 -0.8637 -0.4817
vn 0.0596 -0.8782 -0.4745
vn -0.0000 -0.8815 -0.4721
vn -0.0596 -0.8782 -0.4745
vn -0.1477 -0.8638 -0.4817
vn -0.2440 -0.8359 -0.4917
vn -0.3460 -0.7918 -0.5033
vn -0.4507 -0.7291 -0.5150
vn -0.5534 -0.6467 -0.5250
vn -0.6481 -0.5453 -0.5316
vn -0.7292 -0.4284 -0.5336
vn -0.7918 -0.3024 -0.5307
vn -0.8337 -0.1749 -0.5237
vn -0.8561 -0.0515 -0.5143
vn -0.8610 0.0330 -0.5076
vn -0.8561 0.1177 -0.5033
vn -0.8337 0.2413 -0.4966
vn -0.7917 0.3686 -0.4871
vn -0.7292 0.4940 -0.4736
vn -0.6481 0.6096 -0.4564
vn -0.5534 0.7093 -0.4367
vn -0.4508 0.7897 -0.4161
vn -0.3460 0.8504 -0.3964
vn -0.2440 0.8925 -0.3792
vn -0.1483 0.9188 -0.3657
vn -0.0596 0.9323 -0.3567
vn -0.0000 0.9353 -0.3539
vn 0.0596 0.9323 -0.3567
vn 0.1484 0.9188 -0.3657
vn 0.2440 0.8926 -0.3792
vn 0.3460 0.8504 -0.3964
vn 0.4507 0.7897 -0.4161
vn 0.5534 0.7093 -0.4367
vn 0.6481 0.6096 -0.4564
vn 0.7292 0.4940 -0.4736
vn 0.7918 0.3686 -0.4870
vn 0.8337 0.2414 -0.4966
vn 0.8561 0.1177 -0.5033
vn -0.0000 0.0650 -0.9979
vt 0.489978 0.923803
vt 0.493568 0.924329
vt 0.496710 0.925282
vt 0.499514 0.926653
vt 0.502013 0.928431
vt 0.504214 0.930609
vt 0.506114 0.933177
vt 0.507706 0.936133
vt 0.508985 0.939486
vt 0.509943 0.943277
vt 0.510579 0.947641
vt 0.510921 0.953642
vt 0.510921 0.959652
vt 0.510533 0.964046
vt 0.509791 0.967885
vt 0.508705 0.971305
vt 0.507283 0.974347
vt 0.505532 0.977019
vt 0.503458 0.979318
vt 0.501064 0.981235
vt 0.498342 0.982763
vt 0.495260 0.983893
vt 0.491705 0.984622
vt 0.486812 0.984971
vt 0.481907 0.984900
vt 0.478316 0.984374
vt 0.475175 0.983421
vt 0.472371 0.982050
vt 0.469872 0.980272
vt 0.467671 0.978094
vt 0.465771 0.975526
vt 0.464178 0.972570
vt 0.462900 0.969217
vt 0.461941 0.965426
vt 0.461305 0.961062
vt 0.460963 0.955061
vt 0.460964 0.949050
vt 0.461352 0.944657
vt 0.462093 0.940818
vt 0.463179 0.937398
vt 0.464601 0.934356
vt 0.466353 0.931684
vt 0.468426 0.929385
vt 0.470820 0.927468
vt 0.473542 0.925940
vt 0.476625 0.924810
vt 0.480179 0.924081
vt 0.485072 0.923732
vt 0.479867 0.922355
vt 0.485023 0.921986
vt 0.476121 0.923125
vt 0.472873 0.924319
vt 0.470005 0.925934
vt 0.467482 0.927960
vt 0.465297 0.930390
vt 0.463452 0.933214
vt 0.461953 0.936429
vt 0.460809 0.940044
vt 0.460028 0.944102
vt 0.459620 0.948746
vt 0.459620 0.955099
vt 0.459981 0.961442
vt 0.460652 0.966055
vt 0.461662 0.970062
vt 0.463009 0.973607
vt 0.464688 0.976732
vt 0.466691 0.979446
vt 0.469010 0.981748
vt 0.471644 0.983628
vt 0.474599 0.985077
vt 0.477909 0.986085
vt 0.481692 0.986642
vt 0.486861 0.986717
vt 0.492018 0.986348
vt 0.495764 0.985578
vt 0.499012 0.984384
vt 0.501880 0.982769
vt 0.504402 0.980743
vt 0.506587 0.978313
vt 0.508432 0.975489
vt 0.509931 0.972274
vt 0.511075 0.968659
vt 0.511856 0.964601
vt 0.512264 0.959957
vt 0.512264 0.953604
vt 0.511904 0.947261
vt 0.511232 0.942647
vt 0.510222 0.938641
vt 0.508875 0.935096
vt 0.507196 0.931971
vt 0.505194 0.929257
vt 0.502874 0.926955
vt 0.500241 0.925075
vt 0.497286 0.923626
vt 0.493975 0.922618
vt 0.490192 0.922061
vt 0.962408 0.904361
vt 0.957239 0.904286
vt 0.957453 0.902544
vt 0.962358 0.902615
vt 0.953455 0.903729
vt 0.953863 0.902018
vt 0.950145 0.902721
vt 0.950721 0.901065
vt 0.947190 0.901272
vt 0.947917 0.899694
vt 0.944556 0.899392
vt 0.945418 0.897916
vt 0.942237 0.897090
vt 0.943217 0.895738
vt 0.940234 0.894376
vt 0.941317 0.893170
vt 0.938556 0.891251
vt 0.939724 0.890214
vt 0.937208 0.887706
vt 0.938446 0.886861
vt 0.936198 0.883699
vt 0.937488 0.883070
vt 0.935527 0.879086
vt 0.936851 0.878706
vt 0.935166 0.872743
vt 0.936509 0.872705
vt 0.935166 0.866390
vt 0.936510 0.866695
vt 0.935575 0.861746
vt 0.936898 0.862301
vt 0.936356 0.857688
vt 0.937639 0.858462
vt 0.937500 0.854073
vt 0.938725 0.855042
vt 0.938998 0.850858
vt 0.940148 0.852000
vt 0.940843 0.848034
vt 0.941899 0.849328
vt 0.943029 0.845604
vt 0.943973 0.847029
vt 0.945551 0.843578
vt 0.946367 0.845112
vt 0.948419 0.841963
vt 0.949088 0.843584
vt 0.951667 0.840769
vt 0.952171 0.842454
vt 0.955413 0.839999
vt 0.955725 0.841725
vt 0.960569 0.839630
vt 0.960619 0.841376
vt 0.965738 0.839705
vt 0.965524 0.841447
vt 0.969521 0.840262
vt 0.969114 0.841973
vt 0.972832 0.841270
vt 0.972256 0.842926
vt 0.975787 0.842719
vt 0.975060 0.844297
vt 0.978421 0.844599
vt 0.977559 0.846075
vt 0.980740 0.846901
vt 0.979760 0.848253
vt 0.982743 0.849615
vt 0.981660 0.850821
vt 0.984421 0.852740
vt 0.983253 0.853777
vt 0.985769 0.856285
vt 0.984531 0.857130
vt 0.986779 0.860292
vt 0.985489 0.860921
vt 0.987450 0.864905
vt 0.986126 0.865285
vt 0.987810 0.871248
vt 0.986467 0.871286
vt 0.987810 0.877601
vt 0.986467 0.877296
vt 0.987402 0.882245
vt 0.986079 0.881690
vt 0.986621 0.886303
vt 0.985338 0.885529
vt 0.985477 0.889918
vt 0.984252 0.888949
vt 0.983979 0.893133
vt 0.982829 0.891991
vt 0.982133 0.895957
vt 0.981078 0.894663
vt 0.979948 0.898387
vt 0.979004 0.896962
vt 0.977426 0.900413
vt 0.976610 0.898879
vt 0.974558 0.902028
vt 0.973888 0.900407
vt 0.971310 0.903222
vt 0.970806 0.901537
vt 0.967564 0.903992
vt 0.967251 0.902266
s 0
usemtl 05_|_charcoal_anti_vibration_rubber
f 4304/5453/4299 4303/5454/4299 4302/5455/4299 4301/5456/4299 4300/5457/4299 4299/5458/4299 4298/5459/4299 4297/5460/4299 4296/5461/4299 4295/5462/4299 4294/5463/4299 4293/5464/4299 4292/5465/4299 4291/5466/4299 4290/5467/4299 4289/5468/4299 4288/5469/4299 4287/5470/4299 4286/5471/4299 4285/5472/4299 4284/5473/4299 4283/5474/4299 4282/5475/4299 4281/5476/4299 4280/5477/4299 4279/5478/4299 4278/5479/4299 4277/5480/4299 4276/5481/4299 4275/5482/4299 4274/5483/4299 4273/5484/4299 4272/5485/4299 4271/5486/4299 4270/5487/4299 4269/5488/4299 4268/5489/4299 4267/5490/4299 4266/5491/4299 4265/5492/4299 4264/5493/4299 4263/5494/4299 4262/5495/4299 4261/5496/4299 4260/5497/4299 4259/5498/4299 4258/5499/4299 4257/5500/4299
s 1
f 4257/5500/4300 4258/5499/4301 4306/5501/4302 4305/5502/4303
f 4258/5499/4301 4259/5498/4304 4307/5503/4305 4306/5501/4302
f 4259/5498/4304 4260/5497/4306 4308/5504/4307 4307/5503/4305
f 4260/5497/4306 4261/5496/4308 4309/5505/4309 4308/5504/4307
f 4261/5496/4308 4262/5495/4310 4310/5506/4311 4309/5505/4309
f 4262/5495/4310 4263/5494/4312 4311/5507/4313 4310/5506/4311
f 4263/5494/4312 4264/5493/4314 4312/5508/4315 4311/5507/4313
f 4264/5493/4314 4265/5492/4316 4313/5509/4317 4312/5508/4315
f 4265/5492/4316 4266/5491/4318 4314/5510/4319 4313/5509/4317
f 4266/5491/4318 4267/5490/4320 4315/5511/4321 4314/5510/4319
f 4267/5490/4320 4268/5489/4322 4316/5512/4323 4315/5511/4321
f 4268/5489/4322 4269/5488/4324 4317/5513/4325 4316/5512/4323
f 4269/5488/4324 4270/5487/4326 4318/5514/4327 4317/5513/4325
f 4270/5487/4326 4271/5486/4328 4319/5515/4329 4318/5514/4327
f 4271/5486/4328 4272/5485/4330 4320/5516/4331 4319/5515/4329
f 4272/5485/4330 4273/5484/4332 4321/5517/4333 4320/5516/4331
f 4273/5484/4332 4274/5483/4334 4322/5518/4335 4321/5517/4333
f 4274/5483/4334 4275/5482/4336 4323/5519/4337 4322/5518/4335
f 4275/5482/4336 4276/5481/4338 4324/5520/4339 4323/5519/4337
f 4276/5481/4338 4277/5480/4340 4325/5521/4341 4324/5520/4339
f 4277/5480/4340 4278/5479/4342 4326/5522/4343 4325/5521/4341
f 4278/5479/4342 4279/5478/4344 4327/5523/4345 4326/5522/4343
f 4279/5478/4344 4280/5477/4346 4328/5524/4347 4327/5523/4345
f 4280/5477/4346 4281/5476/4348 4329/5525/4349 4328/5524/4347
f 4281/5476/4348 4282/5475/4350 4330/5526/4351 4329/5525/4349
f 4282/5475/4350 4283/5474/4352 4331/5527/4353 4330/5526/4351
f 4283/5474/4352 4284/5473/4354 4332/5528/4355 4331/5527/4353
f 4284/5473/4354 4285/5472/4356 4333/5529/4357 4332/5528/4355
f 4285/5472/4356 4286/5471/4358 4334/5530/4359 4333/5529/4357
f 4286/5471/4358 4287/5470/4360 4335/5531/4361 4334/5530/4359
f 4287/5470/4360 4288/5469/4362 4336/5532/4363 4335/5531/4361
f 4288/5469/4362 4289/5468/4364 4337/5533/4365 4336/5532/4363
f 4289/5468/4364 4290/5467/4366 4338/5534/4367 4337/5533/4365
f 4290/5467/4366 4291/5466/4368 4339/5535/4369 4338/5534/4367
f 4291/5466/4368 4292/5465/4370 4340/5536/4371 4339/5535/4369
f 4292/5465/4370 4293/5464/4372 4341/5537/4373 4340/5536/4371
f 4293/5464/4372 4294/5463/4374 4342/5538/4375 4341/5537/4373
f 4294/5463/4374 4295/5462/4376 4343/5539/4377 4342/5538/4375
f 4295/5462/4376 4296/5461/4378 4344/5540/4379 4343/5539/4377
f 4296/5461/4378 4297/5460/4380 4345/5541/4381 4344/5540/4379
f 4297/5460/4380 4298/5459/4382 4346/5542/4383 4345/5541/4381
f 4298/5459/4382 4299/5458/4384 4347/5543/4385 4346/5542/4383
f 4299/5458/4384 4300/5457/4386 4348/5544/4387 4347/5543/4385
f 4300/5457/4386 4301/5456/4388 4349/5545/4389 4348/5544/4387
f 4301/5456/4388 4302/5455/4390 4350/5546/4391 4349/5545/4389
f 4302/5455/4390 4303/5454/4392 4351/5547/4393 4350/5546/4391
f 4303/5454/4392 4304/5453/4394 4352/5548/4395 4351/5547/4393
f 4304/5453/4394 4257/5500/4300 4305/5502/4303 4352/5548/4395
f 4305/5549/4303 4306/5550/4302 4354/5551/4396 4353/5552/4397
f 4306/5550/4302 4307/5553/4305 4355/5554/4398 4354/5551/4396
f 4307/5553/4305 4308/5555/4307 4356/5556/4399 4355/5554/4398
f 4308/5555/4307 4309/5557/4309 4357/5558/4400 4356/5556/4399
f 4309/5557/4309 4310/5559/4311 4358/5560/4401 4357/5558/4400
f 4310/5559/4311 4311/5561/4313 4359/5562/4402 4358/5560/4401
f 4311/5561/4313 4312/5563/4315 4360/5564/4403 4359/5562/4402
f 4312/5563/4315 4313/5565/4317 4361/5566/4404 4360/5564/4403
f 4313/5565/4317 4314/5567/4319 4362/5568/4405 4361/5566/4404
f 4314/5567/4319 4315/5569/4321 4363/5570/4406 4362/5568/4405
f 4315/5569/4321 4316/5571/4323 4364/5572/4407 4363/5570/4406
f 4316/5571/4323 4317/5573/4325 4365/5574/4408 4364/5572/4407
f 4317/5573/4325 4318/5575/4327 4366/5576/4409 4365/5574/4408
f 4318/5575/4327 4319/5577/4329 4367/5578/4410 4366/5576/4409
f 4319/5577/4329 4320/5579/4331 4368/5580/4411 4367/5578/4410
f 4320/5579/4331 4321/5581/4333 4369/5582/4412 4368/5580/4411
f 4321/5581/4333 4322/5583/4335 4370/5584/4413 4369/5582/4412
f 4322/5583/4335 4323/5585/4337 4371/5586/4414 4370/5584/4413
f 4323/5585/4337 4324/5587/4339 4372/5588/4415 4371/5586/4414
f 4324/5587/4339 4325/5589/4341 4373/5590/4416 4372/5588/4415
f 4325/5589/4341 4326/5591/4343 4374/5592/4417 4373/5590/4416
f 4326/5591/4343 4327/5593/4345 4375/5594/4418 4374/5592/4417
f 4327/5593/4345 4328/5595/4347 4376/5596/4419 4375/5594/4418
f 4328/5595/4347 4329/5597/4349 4377/5598/4420 4376/5596/4419
f 4329/5597/4349 4330/5599/4351 4378/5600/4421 4377/5598/4420
f 4330/5599/4351 4331/5601/4353 4379/5602/4422 4378/5600/4421
f 4331/5601/4353 4332/5603/4355 4380/5604/4423 4379/5602/4422
f 4332/5603/4355 4333/5605/4357 4381/5606/4424 4380/5604/4423
f 4333/5605/4357 4334/5607/4359 4382/5608/4425 4381/5606/4424
f 4334/5607/4359 4335/5609/4361 4383/5610/4426 4382/5608/4425
f 4335/5609/4361 4336/5611/4363 4384/5612/4427 4383/5610/4426
f 4336/5611/4363 4337/5613/4365 4385/5614/4428 4384/5612/4427
f 4337/5613/4365 4338/5615/4367 4386/5616/4429 4385/5614/4428
f 4338/5615/4367 4339/5617/4369 4387/5618/4430 4386/5616/4429
f 4339/5617/4369 4340/5619/4371 4388/5620/4431 4387/5618/4430
f 4340/5619/4371 4341/5621/4373 4389/5622/4432 4388/5620/4431
f 4341/5621/4373 4342/5623/4375 4390/5624/4433 4389/5622/4432
f 4342/5623/4375 4343/5625/4377 4391/5626/4434 4390/5624/4433
f 4343/5625/4377 4344/5627/4379 4392/5628/4435 4391/5626/4434
f 4344/5627/4379 4345/5629/4381 4393/5630/4436 4392/5628/4435
f 4345/5629/4381 4346/5631/4383 4394/5632/4437 4393/5630/4436
f 4346/5631/4383 4347/5633/4385 4395/5634/4438 4394/5632/4437
f 4347/5633/4385 4348/5635/4387 4396/5636/4439 4395/5634/4438
f 4348/5635/4387 4349/5637/4389 4397/5638/4440 4396/5636/4439
f 4349/5637/4389 4350/5639/4391 4398/5640/4441 4397/5638/4440
f 4350/5639/4391 4351/5641/4393 4399/5642/4442 4398/5640/4441
f 4351/5641/4393 4352/5643/4395 4400/5644/4443 4399/5642/4442
f 4352/5643/4395 4305/5549/4303 4353/5552/4397 4400/5644/4443
s 0
f 4353/5552/4444 4354/5551/4444 4355/5554/4444 4356/5556/4444 4357/5558/4444 4358/5560/4444 4359/5562/4444 4360/5564/4444 4361/5566/4444 4362/5568/4444 4363/5570/4444 4364/5572/4444 4365/5574/4444 4366/5576/4444 4367/5578/4444 4368/5580/4444 4369/5582/4444 4370/5584/4444 4371/5586/4444 4372/5588/4444 4373/5590/4444 4374/5592/4444 4375/5594/4444 4376/5596/4444 4377/5598/4444 4378/5600/4444 4379/5602/4444 4380/5604/4444 4381/5606/4444 4382/5608/4444 4383/5610/4444 4384/5612/4444 4385/5614/4444 4386/5616/4444 4387/5618/4444 4388/5620/4444 4389/5622/4444 4390/5624/4444 4391/5626/4444 4392/5628/4444 4393/5630/4444 4394/5632/4444 4395/5634/4444 4396/5636/4444 4397/5638/4444 4398/5640/4444 4399/5642/4444 4400/5644/4444
o Coloured_grip_collar.001
v 0.451000 0.023451 -0.160660
v 0.451400 0.023477 -0.161059
v 0.451200 0.023454 -0.160713
v 0.451346 0.023464 -0.160860
v 0.451362 0.021651 -0.161178
v 0.450962 0.021649 -0.160777
v 0.451308 0.021641 -0.160978
v 0.451162 0.021640 -0.160832
v 0.451246 0.020520 -0.161252
v 0.450850 0.020554 -0.160849
v 0.451193 0.020515 -0.161051
v 0.451048 0.020528 -0.160904
v 0.451054 0.019572 -0.161313
v 0.450666 0.019647 -0.160908
v 0.451002 0.019573 -0.161113
v 0.450860 0.019600 -0.160964
v 0.450785 0.018739 -0.161368
v 0.450412 0.018859 -0.160959
v 0.450735 0.018746 -0.161167
v 0.450599 0.018789 -0.161017
v 0.450440 0.017995 -0.161416
v 0.450088 0.018160 -0.161004
v 0.450393 0.018007 -0.161215
v 0.450264 0.018068 -0.161064
v 0.450018 0.017326 -0.161459
v 0.449694 0.017535 -0.161045
v 0.449975 0.017345 -0.161258
v 0.449856 0.017421 -0.161106
v 0.449520 0.016728 -0.161498
v 0.449229 0.016977 -0.161081
v 0.449481 0.016752 -0.161296
v 0.449374 0.016843 -0.161144
v 0.448944 0.016195 -0.161533
v 0.448691 0.016479 -0.161114
v 0.448910 0.016224 -0.161331
v 0.448817 0.016328 -0.161177
v 0.448290 0.015727 -0.161564
v 0.448076 0.016039 -0.161142
v 0.448261 0.015759 -0.161361
v 0.448183 0.015873 -0.161207
v 0.447555 0.015321 -0.161590
v 0.447380 0.015655 -0.161167
v 0.447531 0.015356 -0.161387
v 0.447467 0.015478 -0.161233
v 0.446734 0.014978 -0.161612
v 0.446598 0.015327 -0.161189
v 0.446716 0.015015 -0.161410
v 0.446666 0.015143 -0.161254
v 0.445820 0.014697 -0.161631
v 0.445719 0.015057 -0.161206
v 0.445806 0.014735 -0.161428
v 0.445769 0.014867 -0.161272
v 0.444796 0.014478 -0.161645
v 0.444727 0.014845 -0.161220
v 0.444787 0.014517 -0.161442
v 0.444762 0.014652 -0.161286
v 0.443631 0.014321 -0.161655
v 0.443591 0.014693 -0.161230
v 0.443626 0.014362 -0.161452
v 0.443611 0.014498 -0.161296
v 0.442243 0.014227 -0.161661
v 0.442227 0.014600 -0.161236
v 0.442241 0.014268 -0.161458
v 0.442235 0.014404 -0.161303
v 0.440000 0.014196 -0.161663
v 0.440000 0.014569 -0.161238
v 0.440000 0.014237 -0.161460
v 0.440000 0.014373 -0.161305
v 0.437757 0.014227 -0.161661
v 0.437773 0.014600 -0.161236
v 0.437759 0.014268 -0.161458
v 0.437765 0.014404 -0.161303
v 0.436369 0.014321 -0.161655
v 0.436409 0.014693 -0.161230
v 0.436374 0.014362 -0.161452
v 0.436389 0.014498 -0.161296
v 0.435204 0.014478 -0.161645
v 0.435273 0.014845 -0.161220
v 0.435213 0.014517 -0.161442
v 0.435238 0.014652 -0.161286
v 0.434180 0.014697 -0.161631
v 0.434281 0.015057 -0.161206
v 0.434194 0.014735 -0.161428
v 0.434231 0.014867 -0.161272
v 0.433266 0.014978 -0.161612
v 0.433402 0.015327 -0.161189
v 0.433284 0.015015 -0.161410
v 0.433334 0.015143 -0.161254
v 0.432445 0.015321 -0.161590
v 0.432620 0.015655 -0.161167
v 0.432469 0.015356 -0.161387
v 0.432533 0.015478 -0.161233
v 0.431710 0.015727 -0.161564
v 0.431924 0.016039 -0.161142
v 0.431739 0.015759 -0.161361
v 0.431817 0.015873 -0.161207
v 0.431056 0.016195 -0.161533
v 0.431309 0.016479 -0.161114
v 0.431090 0.016224 -0.161331
v 0.431183 0.016328 -0.161177
v 0.430480 0.016728 -0.161498
v 0.430771 0.016977 -0.161081
v 0.430519 0.016752 -0.161296
v 0.430626 0.016843 -0.161144
v 0.429982 0.017326 -0.161459
v 0.430306 0.017535 -0.161045
v 0.430025 0.017345 -0.161258
v 0.430144 0.017421 -0.161106
v 0.429560 0.017995 -0.161416
v 0.429912 0.018160 -0.161004
v 0.429607 0.018007 -0.161215
v 0.429736 0.018068 -0.161064
v 0.429215 0.018739 -0.161368
v 0.429588 0.018859 -0.160959
v 0.429265 0.018746 -0.161167
v 0.429401 0.018789 -0.161017
v 0.428946 0.019572 -0.161313
v 0.429334 0.019647 -0.160908
v 0.428998 0.019573 -0.161113
v 0.429140 0.019600 -0.160964
v 0.428754 0.020520 -0.161252
v 0.429150 0.020554 -0.160849
v 0.428807 0.020515 -0.161051
v 0.428952 0.020528 -0.160904
v 0.428638 0.021651 -0.161178
v 0.429038 0.021649 -0.160777
v 0.428692 0.021641 -0.160978
v 0.428838 0.021640 -0.160832
v 0.428600 0.023477 -0.161059
v 0.429000 0.023451 -0.160660
v 0.428654 0.023464 -0.160860
v 0.428800 0.023454 -0.160713
v 0.428638 0.025302 -0.160940
v 0.429038 0.025252 -0.160543
v 0.428692 0.025286 -0.160741
v 0.428838 0.025268 -0.160595
v 0.428754 0.026433 -0.160867
v 0.429150 0.026347 -0.160471
v 0.428807 0.026412 -0.160668
v 0.428952 0.026380 -0.160523
v 0.428946 0.027381 -0.160805
v 0.429334 0.027254 -0.160412
v 0.428998 0.027354 -0.160606
v 0.429140 0.027308 -0.160463
v 0.429215 0.028214 -0.160751
v 0.429588 0.028043 -0.160361
v 0.429265 0.028182 -0.160552
v 0.429401 0.028119 -0.160410
v 0.429560 0.028958 -0.160702
v 0.429912 0.028742 -0.160316
v 0.429607 0.028920 -0.160504
v 0.429736 0.028841 -0.160363
v 0.429982 0.029627 -0.160659
v 0.430306 0.029366 -0.160275
v 0.430025 0.029582 -0.160461
v 0.430144 0.029487 -0.160321
v 0.430480 0.030225 -0.160620
v 0.430771 0.029924 -0.160239
v 0.430519 0.030175 -0.160423
v 0.430626 0.030065 -0.160283
v 0.431056 0.030758 -0.160585
v 0.431309 0.030422 -0.160206
v 0.431090 0.030703 -0.160388
v 0.431183 0.030580 -0.160250
v 0.431710 0.031226 -0.160555
v 0.431924 0.030862 -0.160178
v 0.431739 0.031168 -0.160358
v 0.431817 0.031035 -0.160220
v 0.432445 0.031632 -0.160528
v 0.432620 0.031246 -0.160153
v 0.432469 0.031571 -0.160332
v 0.432533 0.031430 -0.160194
v 0.433266 0.031976 -0.160506
v 0.433402 0.031574 -0.160131
v 0.433284 0.031912 -0.160310
v 0.433334 0.031765 -0.160172
v 0.434180 0.032257 -0.160488
v 0.434281 0.031844 -0.160114
v 0.434194 0.032192 -0.160291
v 0.434231 0.032041 -0.160155
v 0.435204 0.032475 -0.160473
v 0.435273 0.032056 -0.160100
v 0.435213 0.032410 -0.160277
v 0.435238 0.032256 -0.160141
v 0.436369 0.032632 -0.160463
v 0.436409 0.032208 -0.160090
v 0.436374 0.032565 -0.160267
v 0.436389 0.032411 -0.160130
v 0.437757 0.032726 -0.160457
v 0.437773 0.032301 -0.160084
v 0.437759 0.032659 -0.160261
v 0.437765 0.032504 -0.160124
v 0.440000 0.032757 -0.160455
v 0.440000 0.032332 -0.160082
v 0.440000 0.032690 -0.160259
v 0.440000 0.032535 -0.160122
v 0.442243 0.032726 -0.160457
v 0.442227 0.032301 -0.160084
v 0.442241 0.032659 -0.160261
v 0.442235 0.032504 -0.160124
v 0.443631 0.032632 -0.160463
v 0.443591 0.032208 -0.160090
v 0.443626 0.032565 -0.160267
v 0.443611 0.032411 -0.160130
v 0.444796 0.032475 -0.160473
v 0.444727 0.032056 -0.160100
v 0.444787 0.032410 -0.160277
v 0.444762 0.032256 -0.160141
v 0.445820 0.032257 -0.160488
v 0.445719 0.031844 -0.160114
v 0.445806 0.032192 -0.160291
v 0.445769 0.032041 -0.160155
v 0.446734 0.031976 -0.160506
v 0.446598 0.031574 -0.160131
v 0.446716 0.031912 -0.160310
v 0.446666 0.031765 -0.160172
v 0.447555 0.031632 -0.160528
v 0.447380 0.031246 -0.160153
v 0.447531 0.031571 -0.160332
v 0.447467 0.031430 -0.160194
v 0.448290 0.031226 -0.160555
v 0.448076 0.030862 -0.160178
v 0.448261 0.031168 -0.160358
v 0.448183 0.031035 -0.160220
v 0.448944 0.030758 -0.160585
v 0.448691 0.030422 -0.160206
v 0.448910 0.030703 -0.160388
v 0.448817 0.030580 -0.160250
v 0.449520 0.030225 -0.160620
v 0.449229 0.029924 -0.160239
v 0.449481 0.030175 -0.160423
v 0.449374 0.030065 -0.160283
v 0.450018 0.029627 -0.160659
v 0.449694 0.029366 -0.160275
v 0.449975 0.029582 -0.160461
v 0.449856 0.029487 -0.160321
v 0.450440 0.028958 -0.160702
v 0.450088 0.028742 -0.160316
v 0.450393 0.028920 -0.160504
v 0.450264 0.028841 -0.160363
v 0.450785 0.028214 -0.160751
v 0.450412 0.028043 -0.160361
v 0.450735 0.028182 -0.160552
v 0.450599 0.028119 -0.160410
v 0.451054 0.027381 -0.160805
v 0.450666 0.027254 -0.160412
v 0.451002 0.027354 -0.160606
v 0.450860 0.027308 -0.160463
v 0.451246 0.026433 -0.160867
v 0.450850 0.026347 -0.160471
v 0.451193 0.026412 -0.160668
v 0.451048 0.026380 -0.160523
v 0.451362 0.025302 -0.160940
v 0.450962 0.025252 -0.160543
v 0.451308 0.025286 -0.160741
v 0.451162 0.025268 -0.160595
v 0.451000 0.023840 -0.166647
v 0.451400 0.023814 -0.166248
v 0.451200 0.023837 -0.166594
v 0.451346 0.023827 -0.166448
v 0.450962 0.022039 -0.166765
v 0.451362 0.021988 -0.166367
v 0.451162 0.022023 -0.166712
v 0.451308 0.022005 -0.166566
v 0.450850 0.020944 -0.166836
v 0.451246 0.020858 -0.166441
v 0.451048 0.020911 -0.166784
v 0.451193 0.020879 -0.166640
v 0.450666 0.020037 -0.166895
v 0.451054 0.019910 -0.166502
v 0.450860 0.019983 -0.166845
v 0.451002 0.019937 -0.166701
v 0.450412 0.019248 -0.166946
v 0.450785 0.019077 -0.166557
v 0.450599 0.019172 -0.166898
v 0.450735 0.019109 -0.166755
v 0.450088 0.018549 -0.166992
v 0.450440 0.018332 -0.166605
v 0.450264 0.018450 -0.166944
v 0.450393 0.018371 -0.166803
v 0.449694 0.017925 -0.167032
v 0.450018 0.017664 -0.166648
v 0.449856 0.017804 -0.166987
v 0.449975 0.017709 -0.166846
v 0.449229 0.017367 -0.167069
v 0.449520 0.017066 -0.166687
v 0.449374 0.017226 -0.167024
v 0.449481 0.017116 -0.166885
v 0.448691 0.016869 -0.167101
v 0.448944 0.016533 -0.166722
v 0.448817 0.016710 -0.167058
v 0.448910 0.016588 -0.166919
v 0.448076 0.016428 -0.167130
v 0.448290 0.016064 -0.166753
v 0.448183 0.016256 -0.167087
v 0.448261 0.016123 -0.166949
v 0.447380 0.016044 -0.167155
v 0.447555 0.015659 -0.166779
v 0.447467 0.015861 -0.167113
v 0.447531 0.015720 -0.166975
v 0.446598 0.015717 -0.167176
v 0.446734 0.015315 -0.166801
v 0.446666 0.015526 -0.167135
v 0.446716 0.015379 -0.166998
v 0.445719 0.015447 -0.167194
v 0.445820 0.015034 -0.166820
v 0.445769 0.015250 -0.167153
v 0.445806 0.015099 -0.167016
v 0.444727 0.015235 -0.167207
v 0.444796 0.014816 -0.166834
v 0.444762 0.015035 -0.167167
v 0.444787 0.014881 -0.167030
v 0.443591 0.015082 -0.167217
v 0.443631 0.014659 -0.166844
v 0.443611 0.014880 -0.167177
v 0.443626 0.014725 -0.167040
v 0.442227 0.014990 -0.167223
v 0.442243 0.014565 -0.166850
v 0.442235 0.014787 -0.167183
v 0.442241 0.014632 -0.167046
v 0.440000 0.014959 -0.167225
v 0.440000 0.014534 -0.166852
v 0.440000 0.014756 -0.167185
v 0.440000 0.014600 -0.167048
v 0.437773 0.014990 -0.167223
v 0.437757 0.014565 -0.166850
v 0.437765 0.014787 -0.167183
v 0.437759 0.014632 -0.167046
v 0.436409 0.015082 -0.167217
v 0.436369 0.014659 -0.166844
v 0.436389 0.014880 -0.167177
v 0.436374 0.014725 -0.167040
v 0.435273 0.015235 -0.167207
v 0.435204 0.014816 -0.166834
v 0.435238 0.015035 -0.167167
v 0.435213 0.014881 -0.167030
v 0.434281 0.015447 -0.167194
v 0.434180 0.015034 -0.166820
v 0.434231 0.015250 -0.167153
v 0.434194 0.015099 -0.167016
v 0.433402 0.015717 -0.167176
v 0.433266 0.015315 -0.166801
v 0.433334 0.015526 -0.167135
v 0.433284 0.015379 -0.166998
v 0.432620 0.016044 -0.167155
v 0.432445 0.015659 -0.166779
v 0.432533 0.015861 -0.167113
v 0.432469 0.015720 -0.166975
v 0.431924 0.016428 -0.167130
v 0.431710 0.016064 -0.166753
v 0.431817 0.016256 -0.167087
v 0.431739 0.016123 -0.166949
v 0.431309 0.016869 -0.167101
v 0.431056 0.016533 -0.166722
v 0.431183 0.016710 -0.167058
v 0.431090 0.016588 -0.166919
v 0.430771 0.017367 -0.167069
v 0.430480 0.017066 -0.166687
v 0.430626 0.017226 -0.167024
v 0.430519 0.017116 -0.166885
v 0.430306 0.017925 -0.167032
v 0.429982 0.017664 -0.166648
v 0.430144 0.017804 -0.166987
v 0.430025 0.017709 -0.166846
v 0.429912 0.018549 -0.166992
v 0.429560 0.018332 -0.166605
v 0.429736 0.018450 -0.166944
v 0.429607 0.018371 -0.166803
v 0.429588 0.019248 -0.166946
v 0.429215 0.019077 -0.166557
v 0.429401 0.019172 -0.166898
v 0.429265 0.019109 -0.166755
v 0.429334 0.020037 -0.166895
v 0.428946 0.019910 -0.166502
v 0.429140 0.019983 -0.166845
v 0.428998 0.019937 -0.166701
v 0.429150 0.020944 -0.166836
v 0.428754 0.020858 -0.166441
v 0.428952 0.020911 -0.166784
v 0.428807 0.020879 -0.166640
v 0.429038 0.022039 -0.166765
v 0.428638 0.021988 -0.166367
v 0.428838 0.022023 -0.166712
v 0.428692 0.022005 -0.166566
v 0.429000 0.023840 -0.166647
v 0.428600 0.023814 -0.166248
v 0.428800 0.023837 -0.166594
v 0.428654 0.023827 -0.166448
v 0.429038 0.025642 -0.166530
v 0.428638 0.025640 -0.166129
v 0.428838 0.025650 -0.166476
v 0.428692 0.025650 -0.166329
v 0.429150 0.026737 -0.166459
v 0.428754 0.026770 -0.166056
v 0.428952 0.026763 -0.166403
v 0.428807 0.026775 -0.166256
v 0.429334 0.027644 -0.166400
v 0.428946 0.027719 -0.165994
v 0.429140 0.027691 -0.166343
v 0.428998 0.027718 -0.166194
v 0.429588 0.028432 -0.166348
v 0.429215 0.028552 -0.165940
v 0.429401 0.028502 -0.166290
v 0.429265 0.028545 -0.166141
v 0.429912 0.029131 -0.166303
v 0.429560 0.029296 -0.165891
v 0.429736 0.029223 -0.166243
v 0.429607 0.029284 -0.166093
v 0.430306 0.029755 -0.166262
v 0.429982 0.029964 -0.165848
v 0.430144 0.029869 -0.166201
v 0.430025 0.029946 -0.166049
v 0.430771 0.030314 -0.166226
v 0.430480 0.030563 -0.165809
v 0.430626 0.030448 -0.166164
v 0.430519 0.030539 -0.166011
v 0.431309 0.030812 -0.166194
v 0.431056 0.031096 -0.165774
v 0.431183 0.030963 -0.166130
v 0.431090 0.031067 -0.165977
v 0.431924 0.031252 -0.166165
v 0.431710 0.031564 -0.165744
v 0.431817 0.031418 -0.166100
v 0.431739 0.031532 -0.165946
v 0.432620 0.031636 -0.166140
v 0.432445 0.031970 -0.165717
v 0.432533 0.031813 -0.166075
v 0.432469 0.031935 -0.165920
v 0.433402 0.031964 -0.166119
v 0.433266 0.032313 -0.165695
v 0.433334 0.032148 -0.166053
v 0.433284 0.032276 -0.165898
v 0.434281 0.032234 -0.166101
v 0.434180 0.032594 -0.165677
v 0.434231 0.032424 -0.166035
v 0.434194 0.032556 -0.165880
v 0.435273 0.032446 -0.166087
v 0.435204 0.032813 -0.165662
v 0.435238 0.032639 -0.166021
v 0.435213 0.032773 -0.165865
v 0.436409 0.032598 -0.166077
v 0.436369 0.032969 -0.165652
v 0.436389 0.032793 -0.166011
v 0.436374 0.032929 -0.165855
v 0.437773 0.032690 -0.166071
v 0.437757 0.033063 -0.165646
v 0.437765 0.032886 -0.166005
v 0.437759 0.033023 -0.165849
v 0.440000 0.032721 -0.166069
v 0.440000 0.033095 -0.165644
v 0.440000 0.032918 -0.166003
v 0.440000 0.033054 -0.165847
v 0.442227 0.032690 -0.166071
v 0.442243 0.033063 -0.165646
v 0.442235 0.032886 -0.166005
v 0.442241 0.033023 -0.165849
v 0.443591 0.032598 -0.166077
v 0.443631 0.032969 -0.165652
v 0.443611 0.032793 -0.166011
v 0.443626 0.032929 -0.165855
v 0.444727 0.032446 -0.166087
v 0.444796 0.032813 -0.165662
v 0.444762 0.032639 -0.166021
v 0.444787 0.032773 -0.165865
v 0.445719 0.032234 -0.166101
v 0.445820 0.032594 -0.165677
v 0.445769 0.032424 -0.166035
v 0.445806 0.032556 -0.165880
v 0.446598 0.031964 -0.166119
v 0.446734 0.032313 -0.165695
v 0.446666 0.032148 -0.166053
v 0.446716 0.032276 -0.165898
v 0.447380 0.031636 -0.166140
v 0.447555 0.031970 -0.165717
v 0.447467 0.031813 -0.166075
v 0.447531 0.031935 -0.165920
v 0.448076 0.031252 -0.166165
v 0.448290 0.031564 -0.165744
v 0.448183 0.031418 -0.166100
v 0.448261 0.031532 -0.165946
v 0.448691 0.030812 -0.166194
v 0.448944 0.031096 -0.165774
v 0.448817 0.030963 -0.166130
v 0.448910 0.031067 -0.165977
v 0.449229 0.030314 -0.166226
v 0.449520 0.030563 -0.165809
v 0.449374 0.030448 -0.166164
v 0.449481 0.030539 -0.166011
v 0.449694 0.029755 -0.166262
v 0.450018 0.029964 -0.165848
v 0.449856 0.029869 -0.166201
v 0.449975 0.029946 -0.166049
v 0.450088 0.029131 -0.166303
v 0.450440 0.029296 -0.165891
v 0.450264 0.029223 -0.166243
v 0.450393 0.029284 -0.166093
v 0.450412 0.028432 -0.166348
v 0.450785 0.028552 -0.165940
v 0.450599 0.028502 -0.166290
v 0.450735 0.028545 -0.166141
v 0.450666 0.027644 -0.166400
v 0.451054 0.027719 -0.165994
v 0.450860 0.027691 -0.166343
v 0.451002 0.027718 -0.166194
v 0.450850 0.026737 -0.166459
v 0.451246 0.026770 -0.166056
v 0.451048 0.026763 -0.166403
v 0.451193 0.026775 -0.166256
v 0.450962 0.025642 -0.166530
v 0.451362 0.025640 -0.166129
v 0.451162 0.025650 -0.166476
v 0.451308 0.025650 -0.166329
vn 1.0000 -0.0006 0.0099
vn 0.9986 0.0511 0.0133
vn 0.9641 0.0422 0.2623
vn 0.9659 -0.0168 0.2583
vn 0.7070 -0.0311 0.7065
vn 0.2587 -0.0573 0.9642
vn 0.2575 -0.0366 0.9656
vn 0.7034 0.0255 0.7103
vn 0.9549 0.1277 0.2680
vn 0.9892 0.1451 0.0194
vn 0.2537 -0.0116 0.9672
vn 0.6931 0.0939 0.7147
vn 0.9345 0.2267 0.2745
vn 0.9682 0.2488 0.0262
vn 0.2463 0.0164 0.9691
vn 0.6731 0.1702 0.7196
vn 0.8996 0.3338 0.2815
vn 0.9321 0.3606 0.0334
vn 0.2349 0.0457 0.9710
vn 0.6417 0.2504 0.7249
vn 0.8486 0.4433 0.2887
vn 0.8792 0.4747 0.0408
vn 0.2190 0.0749 0.9728
vn 0.5983 0.3302 0.7301
vn 0.7817 0.5492 0.2956
vn 0.8096 0.5850 0.0480
vn 0.1990 0.1023 0.9746
vn 0.5438 0.4051 0.7350
vn 0.7012 0.6459 0.3019
vn 0.7258 0.6857 0.0546
vn 0.1760 0.1266 0.9762
vn 0.4808 0.4715 0.7393
vn 0.6111 0.7294 0.3073
vn 0.6321 0.7726 0.0602
vn 0.1509 0.1470 0.9775
vn 0.4124 0.5273 0.7429
vn 0.5162 0.7977 0.3117
vn 0.5334 0.8434 0.0648
vn 0.1253 0.1633 0.9786
vn 0.3422 0.5716 0.7458
vn 0.4210 0.8506 0.3151
vn 0.4345 0.8981 0.0684
vn 0.1000 0.1754 0.9794
vn 0.2734 0.6048 0.7480
vn 0.3293 0.8892 0.3175
vn 0.3392 0.9380 0.0710
vn 0.0762 0.1841 0.9800
vn 0.2081 0.6284 0.7495
vn 0.2435 0.9159 0.3192
vn 0.2502 0.9654 0.0728
vn 0.0542 0.1898 0.9803
vn 0.1481 0.6441 0.7505
vn 0.1657 0.9327 0.3203
vn 0.1693 0.9828 0.0739
vn 0.0345 0.1932 0.9806
vn 0.0943 0.6534 0.7511
vn 0.0971 0.9421 0.3208
vn 0.0978 0.9924 0.0746
vn 0.0175 0.1949 0.9807
vn 0.0478 0.6581 0.7514
vn 0.0394 0.9462 0.3210
vn 0.0345 0.9966 0.0748
vn 0.0036 0.1955 0.9807
vn 0.0099 0.6596 0.7515
vn -0.0000 0.9471 0.3210
vn -0.0000 0.9972 0.0749
vn -0.0036 0.1955 0.9807
vn -0.0099 0.6596 0.7515
vn -0.0394 0.9462 0.3210
vn -0.0345 0.9966 0.0748
vn -0.0175 0.1949 0.9807
vn -0.0478 0.6581 0.7514
vn -0.0971 0.9421 0.3208
vn -0.0978 0.9924 0.0746
vn -0.0345 0.1932 0.9806
vn -0.0943 0.6534 0.7511
vn -0.1657 0.9327 0.3203
vn -0.1693 0.9828 0.0739
vn -0.0542 0.1898 0.9803
vn -0.1481 0.6441 0.7505
vn -0.2435 0.9159 0.3192
vn -0.2502 0.9654 0.0728
vn -0.0762 0.1841 0.9800
vn -0.2081 0.6284 0.7495
vn -0.3292 0.8893 0.3175
vn -0.3392 0.9380 0.0710
vn -0.1000 0.1754 0.9794
vn -0.2734 0.6048 0.7480
vn -0.4210 0.8506 0.3151
vn -0.4345 0.8981 0.0684
vn -0.1253 0.1632 0.9786
vn -0.3422 0.5716 0.7458
vn -0.5162 0.7977 0.3117
vn -0.5334 0.8434 0.0648
vn -0.1509 0.1470 0.9775
vn -0.4124 0.5273 0.7429
vn -0.6111 0.7295 0.3073
vn -0.6321 0.7725 0.0602
vn -0.1759 0.1266 0.9762
vn -0.4808 0.4715 0.7393
vn -0.7012 0.6459 0.3019
vn -0.7258 0.6857 0.0546
vn -0.1990 0.1023 0.9746
vn -0.5438 0.4051 0.7350
vn -0.7817 0.5492 0.2956
vn -0.8096 0.5850 0.0480
vn -0.2190 0.0749 0.9728
vn -0.5983 0.3302 0.7301
vn -0.8486 0.4433 0.2887
vn -0.8792 0.4747 0.0408
vn -0.2349 0.0457 0.9710
vn -0.6417 0.2504 0.7249
vn -0.8996 0.3338 0.2815
vn -0.9321 0.3606 0.0334
vn -0.2464 0.0164 0.9690
vn -0.6731 0.1702 0.7196
vn -0.9345 0.2267 0.2745
vn -0.9682 0.2488 0.0262
vn -0.2537 -0.0116 0.9672
vn -0.6931 0.0939 0.7147
vn -0.9549 0.1277 0.2680
vn -0.9892 0.1451 0.0194
vn -0.2574 -0.0366 0.9656
vn -0.7035 0.0255 0.7103
vn -0.9641 0.0422 0.2623
vn -0.9986 0.0511 0.0133
vn -0.2587 -0.0573 0.9642
vn -0.7070 -0.0311 0.7065
vn -0.9659 -0.0168 0.2583
vn -1.0000 -0.0007 0.0099
vn -0.2587 -0.0682 0.9635
vn -0.7070 -0.0608 0.7046
vn -0.9641 -0.0758 0.2546
vn -0.9986 -0.0524 0.0066
vn -0.2575 -0.0889 0.9622
vn -0.7034 -0.1174 0.7010
vn -0.9549 -0.1613 0.2491
vn -0.9892 -0.1464 0.0005
vn -0.2537 -0.1139 0.9606
vn -0.6931 -0.1858 0.6965
vn -0.9345 -0.2604 0.2428
vn -0.9682 -0.2501 -0.0063
vn -0.2463 -0.1419 0.9588
vn -0.6731 -0.2621 0.6915
vn -0.8996 -0.3675 0.2359
vn -0.9321 -0.3619 -0.0136
vn -0.2349 -0.1712 0.9568
vn -0.6417 -0.3423 0.6863
vn -0.8486 -0.4770 0.2288
vn -0.8792 -0.4760 -0.0211
vn -0.2190 -0.2004 0.9549
vn -0.5983 -0.4220 0.6811
vn -0.7817 -0.5829 0.2219
vn -0.8096 -0.5863 -0.0282
vn -0.1990 -0.2278 0.9532
vn -0.5438 -0.4969 0.6762
vn -0.7012 -0.6796 0.2156
vn -0.7258 -0.6870 -0.0348
vn -0.1760 -0.2521 0.9516
vn -0.4808 -0.5634 0.6719
vn -0.6111 -0.7631 0.2102
vn -0.6321 -0.7738 -0.0404
vn -0.1509 -0.2725 0.9502
vn -0.4124 -0.6192 0.6683
vn -0.5162 -0.8314 0.2057
vn -0.5334 -0.8447 -0.0450
vn -0.1253 -0.2887 0.9492
vn -0.3422 -0.6634 0.6654
vn -0.4210 -0.8842 0.2022
vn -0.4345 -0.8994 -0.0486
vn -0.1000 -0.3009 0.9484
vn -0.2734 -0.6967 0.6632
vn -0.3293 -0.9229 0.1996
vn -0.3392 -0.9393 -0.0512
vn -0.0762 -0.3095 0.9478
vn -0.2081 -0.7203 0.6617
vn -0.2435 -0.9495 0.1978
vn -0.2502 -0.9667 -0.0530
vn -0.0542 -0.3153 0.9475
vn -0.1481 -0.7359 0.6607
vn -0.1657 -0.9664 0.1966
vn -0.1693 -0.9841 -0.0541
vn -0.0345 -0.3187 0.9472
vn -0.0943 -0.7453 0.6601
vn -0.0971 -0.9758 0.1960
vn -0.0978 -0.9937 -0.0547
vn -0.0175 -0.3204 0.9471
vn -0.0478 -0.7500 0.6598
vn -0.0394 -0.9799 0.1957
vn -0.0345 -0.9979 -0.0550
vn -0.0036 -0.3210 0.9471
vn -0.0099 -0.7515 0.6597
vn -0.0000 -0.9807 0.1956
vn -0.0000 -0.9985 -0.0550
vn 0.0036 -0.3210 0.9471
vn 0.0099 -0.7515 0.6597
vn 0.0394 -0.9799 0.1957
vn 0.0345 -0.9979 -0.0550
vn 0.0175 -0.3204 0.9471
vn 0.0478 -0.7500 0.6598
vn 0.0971 -0.9758 0.1960
vn 0.0978 -0.9937 -0.0547
vn 0.0345 -0.3187 0.9472
vn 0.0943 -0.7453 0.6601
vn 0.1657 -0.9664 0.1966
vn 0.1693 -0.9841 -0.0541
vn 0.0542 -0.3153 0.9475
vn 0.1481 -0.7359 0.6607
vn 0.2435 -0.9495 0.1978
vn 0.2502 -0.9667 -0.0530
vn 0.0762 -0.3095 0.9478
vn 0.2081 -0.7203 0.6617
vn 0.3292 -0.9229 0.1996
vn 0.3392 -0.9393 -0.0512
vn 0.1000 -0.3009 0.9484
vn 0.2734 -0.6967 0.6632
vn 0.4210 -0.8842 0.2022
vn 0.4345 -0.8994 -0.0486
vn 0.1253 -0.2887 0.9492
vn 0.3422 -0.6634 0.6654
vn 0.5162 -0.8314 0.2057
vn 0.5334 -0.8447 -0.0450
vn 0.1509 -0.2725 0.9502
vn 0.4124 -0.6192 0.6683
vn 0.6111 -0.7631 0.2102
vn 0.6321 -0.7738 -0.0404
vn 0.1759 -0.2521 0.9516
vn 0.4808 -0.5634 0.6719
vn 0.7012 -0.6796 0.2156
vn 0.7258 -0.6870 -0.0348
vn 0.1990 -0.2278 0.9531
vn 0.5438 -0.4969 0.6762
vn 0.7817 -0.5829 0.2219
vn 0.8096 -0.5863 -0.0282
vn 0.2190 -0.2004 0.9549
vn 0.5983 -0.4220 0.6811
vn 0.8486 -0.4770 0.2288
vn 0.8792 -0.4760 -0.0210
vn 0.2349 -0.1712 0.9568
vn 0.6417 -0.3423 0.6863
vn 0.8996 -0.3675 0.2359
vn 0.9321 -0.3619 -0.0136
vn 0.2464 -0.1419 0.9587
vn 0.6731 -0.2621 0.6915
vn 0.9345 -0.2604 0.2428
vn 0.9682 -0.2501 -0.0063
vn 0.2537 -0.1139 0.9605
vn 0.6931 -0.1858 0.6965
vn 0.9549 -0.1613 0.2491
vn 0.9892 -0.1464 0.0005
vn 0.2574 -0.0889 0.9622
vn 0.7035 -0.1174 0.7010
vn 0.9641 -0.0758 0.2546
vn 0.9986 -0.0524 0.0066
vn 0.2587 -0.0682 0.9635
vn 0.7070 -0.0608 0.7046
vn 1.0000 0.0006 -0.0099
vn 0.9986 -0.0511 -0.0133
vn 0.9641 -0.0422 -0.2623
vn 0.9659 0.0168 -0.2583
vn 0.7070 0.0311 -0.7066
vn 0.2587 0.0573 -0.9642
vn 0.9892 -0.1451 -0.0194
vn 0.9549 -0.1277 -0.2680
vn 0.7035 -0.0255 -0.7103
vn 0.2575 0.0366 -0.9656
vn 0.9682 -0.2488 -0.0261
vn 0.9345 -0.2267 -0.2745
vn 0.6931 -0.0939 -0.7147
vn 0.2536 0.0116 -0.9672
vn 0.9321 -0.3606 -0.0334
vn 0.8996 -0.3338 -0.2815
vn 0.6731 -0.1702 -0.7196
vn 0.2463 -0.0164 -0.9691
vn 0.8792 -0.4747 -0.0409
vn 0.8486 -0.4433 -0.2887
vn 0.6417 -0.2505 -0.7249
vn 0.2349 -0.0457 -0.9709
vn 0.8096 -0.5850 -0.0481
vn 0.7817 -0.5492 -0.2956
vn 0.5983 -0.3302 -0.7301
vn 0.2190 -0.0749 -0.9728
vn 0.7258 -0.6857 -0.0546
vn 0.7012 -0.6459 -0.3019
vn 0.5439 -0.4051 -0.7349
vn 0.1990 -0.1023 -0.9746
vn 0.6321 -0.7725 -0.0602
vn 0.6111 -0.7295 -0.3073
vn 0.4808 -0.4715 -0.7393
vn 0.1759 -0.1266 -0.9762
vn 0.5334 -0.8434 -0.0648
vn 0.5162 -0.7977 -0.3117
vn 0.4124 -0.5273 -0.7429
vn 0.1509 -0.1470 -0.9775
vn 0.4345 -0.8981 -0.0684
vn 0.4210 -0.8506 -0.3151
vn 0.3422 -0.5716 -0.7458
vn 0.1253 -0.1633 -0.9786
vn 0.3392 -0.9380 -0.0710
vn 0.3293 -0.8892 -0.3175
vn 0.2734 -0.6048 -0.7480
vn 0.1001 -0.1754 -0.9794
vn 0.2502 -0.9654 -0.0728
vn 0.2435 -0.9159 -0.3192
vn 0.2081 -0.6284 -0.7495
vn 0.0762 -0.1841 -0.9800
vn 0.1693 -0.9828 -0.0739
vn 0.1657 -0.9327 -0.3203
vn 0.1481 -0.6441 -0.7505
vn 0.0542 -0.1898 -0.9803
vn 0.0978 -0.9924 -0.0746
vn 0.0971 -0.9421 -0.3208
vn 0.0943 -0.6534 -0.7511
vn 0.0345 -0.1932 -0.9806
vn 0.0345 -0.9966 -0.0748
vn 0.0394 -0.9462 -0.3210
vn 0.0478 -0.6581 -0.7514
vn 0.0175 -0.1949 -0.9807
vn -0.0000 -0.9972 -0.0749
vn -0.0000 -0.9471 -0.3210
vn 0.0099 -0.6596 -0.7515
vn 0.0036 -0.1955 -0.9807
vn -0.0345 -0.9966 -0.0748
vn -0.0394 -0.9462 -0.3210
vn -0.0099 -0.6596 -0.7515
vn -0.0036 -0.1955 -0.9807
vn -0.0978 -0.9924 -0.0746
vn -0.0971 -0.9421 -0.3208
vn -0.0478 -0.6581 -0.7514
vn -0.0175 -0.1949 -0.9807
vn -0.1693 -0.9828 -0.0739
vn -0.1657 -0.9327 -0.3203
vn -0.0943 -0.6534 -0.7511
vn -0.0345 -0.1932 -0.9806
vn -0.2502 -0.9654 -0.0728
vn -0.2435 -0.9159 -0.3192
vn -0.1481 -0.6441 -0.7505
vn -0.0542 -0.1898 -0.9803
vn -0.3392 -0.9380 -0.0710
vn -0.3293 -0.8892 -0.3175
vn -0.2081 -0.6284 -0.7495
vn -0.0762 -0.1841 -0.9800
vn -0.4345 -0.8981 -0.0684
vn -0.4210 -0.8506 -0.3151
vn -0.2734 -0.6048 -0.7480
vn -0.1001 -0.1754 -0.9794
vn -0.5334 -0.8434 -0.0648
vn -0.5162 -0.7977 -0.3117
vn -0.3422 -0.5716 -0.7458
vn -0.1253 -0.1632 -0.9786
vn -0.6321 -0.7725 -0.0602
vn -0.6111 -0.7295 -0.3073
vn -0.4124 -0.5273 -0.7429
vn -0.1509 -0.1470 -0.9775
vn -0.7258 -0.6857 -0.0546
vn -0.7012 -0.6459 -0.3019
vn -0.4808 -0.4715 -0.7393
vn -0.1759 -0.1266 -0.9762
vn -0.8096 -0.5850 -0.0481
vn -0.7817 -0.5492 -0.2956
vn -0.5439 -0.4051 -0.7349
vn -0.1991 -0.1023 -0.9746
vn -0.8792 -0.4747 -0.0408
vn -0.8486 -0.4433 -0.2887
vn -0.5983 -0.3302 -0.7301
vn -0.2190 -0.0749 -0.9728
vn -0.9321 -0.3606 -0.0334
vn -0.8996 -0.3339 -0.2816
vn -0.6417 -0.2504 -0.7249
vn -0.2349 -0.0457 -0.9709
vn -0.9682 -0.2488 -0.0261
vn -0.9345 -0.2267 -0.2745
vn -0.6731 -0.1702 -0.7196
vn -0.2463 -0.0164 -0.9691
vn -0.9892 -0.1451 -0.0194
vn -0.9549 -0.1277 -0.2680
vn -0.6931 -0.0939 -0.7147
vn -0.2537 0.0116 -0.9672
vn -0.9986 -0.0511 -0.0133
vn -0.9641 -0.0422 -0.2623
vn -0.7035 -0.0255 -0.7103
vn -0.2574 0.0366 -0.9656
vn -1.0000 0.0007 -0.0099
vn -0.9659 0.0168 -0.2583
vn -0.7070 0.0311 -0.7066
vn -0.2587 0.0573 -0.9642
vn -0.9986 0.0524 -0.0066
vn -0.9641 0.0758 -0.2546
vn -0.7070 0.0608 -0.7046
vn -0.2587 0.0682 -0.9635
vn -0.9892 0.1464 -0.0005
vn -0.9549 0.1613 -0.2491
vn -0.7035 0.1174 -0.7010
vn -0.2575 0.0889 -0.9622
vn -0.9682 0.2501 0.0063
vn -0.9345 0.2604 -0.2428
vn -0.6931 0.1858 -0.6965
vn -0.2536 0.1139 -0.9606
vn -0.9321 0.3619 0.0136
vn -0.8996 0.3675 -0.2359
vn -0.6731 0.2621 -0.6915
vn -0.2463 0.1419 -0.9588
vn -0.8792 0.4760 0.0210
vn -0.8486 0.4770 -0.2288
vn -0.6417 0.3423 -0.6863
vn -0.2349 0.1712 -0.9568
vn -0.8096 0.5863 0.0282
vn -0.7817 0.5829 -0.2219
vn -0.5983 0.4220 -0.6811
vn -0.2190 0.2004 -0.9549
vn -0.7258 0.6870 0.0348
vn -0.7012 0.6796 -0.2156
vn -0.5439 0.4969 -0.6762
vn -0.1990 0.2278 -0.9532
vn -0.6321 0.7738 0.0404
vn -0.6111 0.7631 -0.2102
vn -0.4808 0.5634 -0.6719
vn -0.1759 0.2521 -0.9516
vn -0.5334 0.8447 0.0450
vn -0.5162 0.8314 -0.2057
vn -0.4124 0.6192 -0.6683
vn -0.1509 0.2725 -0.9502
vn -0.4345 0.8994 0.0486
vn -0.4210 0.8842 -0.2022
vn -0.3422 0.6634 -0.6654
vn -0.1253 0.2887 -0.9492
vn -0.3392 0.9393 0.0512
vn -0.3293 0.9229 -0.1996
vn -0.2734 0.6967 -0.6632
vn -0.1001 0.3009 -0.9484
vn -0.2502 0.9667 0.0530
vn -0.2435 0.9495 -0.1978
vn -0.2081 0.7203 -0.6617
vn -0.0762 0.3096 -0.9478
vn -0.1693 0.9841 0.0541
vn -0.1657 0.9664 -0.1966
vn -0.1481 0.7359 -0.6607
vn -0.0542 0.3153 -0.9475
vn -0.0978 0.9937 0.0547
vn -0.0971 0.9758 -0.1960
vn -0.0943 0.7453 -0.6601
vn -0.0345 0.3187 -0.9472
vn -0.0345 0.9979 0.0550
vn -0.0394 0.9799 -0.1957
vn -0.0478 0.7500 -0.6598
vn -0.0175 0.3204 -0.9471
vn -0.0000 0.9985 0.0550
vn -0.0000 0.9807 -0.1956
vn -0.0099 0.7515 -0.6597
vn -0.0036 0.3210 -0.9471
vn 0.0345 0.9979 0.0550
vn 0.0394 0.9799 -0.1957
vn 0.0099 0.7515 -0.6597
vn 0.0036 0.3210 -0.9471
vn 0.0978 0.9937 0.0547
vn 0.0971 0.9758 -0.1960
vn 0.0478 0.7500 -0.6598
vn 0.0175 0.3204 -0.9471
vn 0.1693 0.9841 0.0541
vn 0.1657 0.9664 -0.1966
vn 0.0943 0.7453 -0.6601
vn 0.0345 0.3187 -0.9472
vn 0.2502 0.9667 0.0530
vn 0.2435 0.9495 -0.1978
vn 0.1481 0.7359 -0.6607
vn 0.0542 0.3153 -0.9475
vn 0.3392 0.9393 0.0512
vn 0.3293 0.9229 -0.1996
vn 0.2081 0.7203 -0.6617
vn 0.0762 0.3095 -0.9478
vn 0.4345 0.8994 0.0486
vn 0.4210 0.8842 -0.2022
vn 0.2734 0.6967 -0.6632
vn 0.1001 0.3009 -0.9484
vn 0.5334 0.8447 0.0450
vn 0.5162 0.8314 -0.2057
vn 0.3422 0.6634 -0.6654
vn 0.1253 0.2887 -0.9492
vn 0.6321 0.7738 0.0404
vn 0.6111 0.7631 -0.2102
vn 0.4124 0.6192 -0.6683
vn 0.1509 0.2725 -0.9502
vn 0.7258 0.6870 0.0348
vn 0.7012 0.6796 -0.2156
vn 0.4808 0.5634 -0.6719
vn 0.1759 0.2521 -0.9516
vn 0.8096 0.5863 0.0282
vn 0.7817 0.5829 -0.2219
vn 0.5439 0.4969 -0.6762
vn 0.1991 0.2278 -0.9531
vn 0.8792 0.4760 0.0211
vn 0.8486 0.4770 -0.2288
vn 0.5983 0.4220 -0.6811
vn 0.2190 0.2004 -0.9549
vn 0.9321 0.3619 0.0136
vn 0.8996 0.3675 -0.2359
vn 0.6417 0.3423 -0.6863
vn 0.2349 0.1712 -0.9568
vn 0.9682 0.2501 0.0063
vn 0.9345 0.2604 -0.2428
vn 0.6731 0.2621 -0.6915
vn 0.2463 0.1419 -0.9588
vn 0.9892 0.1464 -0.0005
vn 0.9549 0.1613 -0.2491
vn 0.6931 0.1858 -0.6965
vn 0.2537 0.1139 -0.9606
vn 0.9986 0.0524 -0.0066
vn 0.9641 0.0758 -0.2546
vn 0.7035 0.1174 -0.7010
vn 0.2574 0.0889 -0.9622
vn 0.2587 0.0682 -0.9635
vn 0.7070 0.0608 -0.7046
vn -0.0000 -0.0650 0.9979
vn -0.0000 0.0650 -0.9979
vt 0.236474 0.883904
vt 0.236474 0.880047
vt 0.237549 0.880046
vt 0.237549 0.883901
vt 0.420018 0.853875
vt 0.424935 0.853910
vt 0.424910 0.854447
vt 0.420025 0.854413
vt 0.424885 0.854985
vt 0.420033 0.854950
vt 0.427836 0.855243
vt 0.427910 0.854710
vt 0.427983 0.854178
vt 0.237549 0.877502
vt 0.236474 0.877502
vt 0.430286 0.855703
vt 0.430414 0.855180
vt 0.430543 0.854658
vt 0.237549 0.875205
vt 0.236474 0.875205
vt 0.432418 0.856356
vt 0.432607 0.855852
vt 0.432796 0.855349
vt 0.237549 0.873015
vt 0.236474 0.873015
vt 0.434313 0.857202
vt 0.434563 0.856725
vt 0.434813 0.856248
vt 0.237549 0.870879
vt 0.236474 0.870879
vt 0.436008 0.858237
vt 0.436318 0.857796
vt 0.436628 0.857356
vt 0.237549 0.868770
vt 0.236474 0.868770
vt 0.437529 0.859465
vt 0.437894 0.859069
vt 0.438258 0.858673
vt 0.237549 0.866675
vt 0.236474 0.866675
vt 0.438890 0.860892
vt 0.439302 0.860545
vt 0.439714 0.860199
vt 0.237549 0.864584
vt 0.236474 0.864584
vt 0.440099 0.862527
vt 0.440550 0.862233
vt 0.441000 0.861939
vt 0.237549 0.862491
vt 0.236474 0.862491
vt 0.441159 0.864382
vt 0.441640 0.864140
vt 0.442120 0.863899
vt 0.237549 0.860391
vt 0.236474 0.860391
vt 0.442070 0.866473
vt 0.442573 0.866282
vt 0.443076 0.866092
vt 0.237549 0.858274
vt 0.236474 0.858274
vt 0.442830 0.868823
vt 0.443348 0.868680
vt 0.443867 0.868538
vt 0.237549 0.856126
vt 0.236474 0.856126
vt 0.443437 0.871478
vt 0.443966 0.871379
vt 0.444494 0.871280
vt 0.237549 0.853921
vt 0.236474 0.853921
vt 0.443891 0.874526
vt 0.444425 0.874465
vt 0.444959 0.874403
vt 0.237549 0.851604
vt 0.236474 0.851604
vt 0.444191 0.878189
vt 0.444727 0.878159
vt 0.445264 0.878130
vt 0.237549 0.849033
vt 0.236474 0.849033
vt 0.444358 0.884169
vt 0.444895 0.884162
vt 0.445433 0.884155
vt 0.237549 0.845133
vt 0.236474 0.845131
vt 0.444358 0.890153
vt 0.444895 0.890168
vt 0.445433 0.890182
vt 0.237549 0.828274
vt 0.237549 0.832175
vt 0.236474 0.832176
vt 0.236474 0.828274
vt 0.444161 0.893823
vt 0.444696 0.893869
vt 0.445232 0.893916
vt 0.237549 0.825704
vt 0.236474 0.825704
vt 0.443793 0.896881
vt 0.444324 0.896966
vt 0.444855 0.897051
vt 0.237549 0.823386
vt 0.236474 0.823386
vt 0.443259 0.899552
vt 0.443782 0.899680
vt 0.444304 0.899809
vt 0.237549 0.821181
vt 0.236474 0.821181
vt 0.442565 0.901924
vt 0.443074 0.902100
vt 0.443582 0.902276
vt 0.237549 0.819033
vt 0.236474 0.819033
vt 0.441713 0.904039
vt 0.442201 0.904267
vt 0.442688 0.904494
vt 0.237549 0.816916
vt 0.236474 0.816916
vt 0.440706 0.905922
vt 0.441165 0.906204
vt 0.441623 0.906485
vt 0.237549 0.814816
vt 0.236474 0.814816
vt 0.439543 0.907591
vt 0.439965 0.907926
vt 0.440386 0.908260
vt 0.237549 0.812723
vt 0.236474 0.812724
vt 0.438223 0.909056
vt 0.438598 0.909442
vt 0.438974 0.909827
vt 0.237549 0.810633
vt 0.236474 0.810633
vt 0.436736 0.910326
vt 0.437059 0.910758
vt 0.437381 0.911189
vt 0.237549 0.808537
vt 0.236474 0.808537
vt 0.435071 0.911409
vt 0.435335 0.911878
vt 0.435598 0.912347
vt 0.237549 0.806429
vt 0.236474 0.806429
vt 0.433201 0.912306
vt 0.433404 0.912804
vt 0.433607 0.913303
vt 0.237549 0.804292
vt 0.236474 0.804292
vt 0.431087 0.913019
vt 0.431230 0.913538
vt 0.431373 0.914056
vt 0.237549 0.802102
vt 0.236474 0.802102
vt 0.428652 0.913547
vt 0.428740 0.914078
vt 0.428828 0.914608
vt 0.237549 0.799805
vt 0.236474 0.799805
vt 0.425708 0.913888
vt 0.425749 0.914424
vt 0.425789 0.914961
vt 0.237549 0.797261
vt 0.236474 0.797261
vt 0.420860 0.914058
vt 0.420867 0.914595
vt 0.420875 0.915133
vt 0.237549 0.793404
vt 0.236474 0.793404
vt 0.416008 0.914024
vt 0.415983 0.914561
vt 0.415957 0.915098
vt 0.237549 0.789678
vt 0.236474 0.789678
vt 0.413056 0.913765
vt 0.412983 0.914298
vt 0.412910 0.914831
vt 0.237549 0.787533
vt 0.236474 0.787528
vt 0.410607 0.913305
vt 0.410478 0.913828
vt 0.410350 0.914350
vt 0.503751 0.642012
vt 0.503751 0.643771
vt 0.502677 0.643776
vt 0.502676 0.642012
vt 0.408474 0.912651
vt 0.408285 0.913156
vt 0.408096 0.913659
vt 0.503751 0.640232
vt 0.502676 0.640233
vt 0.406580 0.911807
vt 0.406329 0.912284
vt 0.406079 0.912760
vt 0.503751 0.638401
vt 0.502676 0.638401
vt 0.404885 0.910772
vt 0.404574 0.911212
vt 0.404264 0.911652
vt 0.503751 0.636500
vt 0.502676 0.636500
vt 0.403363 0.909543
vt 0.402999 0.909940
vt 0.402634 0.910335
vt 0.503751 0.634519
vt 0.502676 0.634520
vt 0.402002 0.908116
vt 0.401590 0.908462
vt 0.401179 0.908809
vt 0.503751 0.632454
vt 0.502676 0.632454
vt 0.400794 0.906481
vt 0.400343 0.906775
vt 0.399892 0.907069
vt 0.503751 0.630296
vt 0.502676 0.630296
vt 0.399734 0.904626
vt 0.399253 0.904867
vt 0.398772 0.905109
vt 0.503751 0.628041
vt 0.502676 0.628041
vt 0.398823 0.902536
vt 0.398320 0.902726
vt 0.397817 0.902917
vt 0.503751 0.625675
vt 0.502676 0.625675
vt 0.398063 0.900185
vt 0.397544 0.900327
vt 0.397026 0.900470
vt 0.503751 0.623181
vt 0.502676 0.623181
vt 0.397455 0.897529
vt 0.396926 0.897629
vt 0.396398 0.897729
vt 0.503751 0.620523
vt 0.502676 0.620523
vt 0.397002 0.894482
vt 0.396467 0.894544
vt 0.395933 0.894605
vt 0.503751 0.617628
vt 0.502676 0.617628
vt 0.396702 0.890820
vt 0.396165 0.890849
vt 0.395628 0.890878
vt 0.503751 0.614305
vt 0.502676 0.614305
vt 0.396534 0.884839
vt 0.395997 0.884846
vt 0.395460 0.884854
vt 0.503751 0.609106
vt 0.502676 0.609106
vt 0.396534 0.878855
vt 0.395997 0.878841
vt 0.395460 0.878826
vt 0.503751 0.603994
vt 0.502676 0.603994
vt 0.396731 0.875185
vt 0.396196 0.875139
vt 0.395660 0.875092
vt 0.503751 0.600933
vt 0.502676 0.600933
vt 0.397100 0.872127
vt 0.396569 0.872042
vt 0.396038 0.871957
vt 0.503751 0.598478
vt 0.502676 0.598474
vt 0.397633 0.869456
vt 0.397110 0.869327
vt 0.396588 0.869199
vt 0.428104 0.837044
vt 0.428104 0.839246
vt 0.427030 0.839250
vt 0.427030 0.837045
vt 0.398327 0.867084
vt 0.397819 0.866908
vt 0.397311 0.866732
vt 0.428104 0.834897
vt 0.427030 0.834897
vt 0.399179 0.864969
vt 0.398691 0.864741
vt 0.398204 0.864514
vt 0.428104 0.832780
vt 0.427030 0.832780
vt 0.400187 0.863085
vt 0.399728 0.862804
vt 0.399269 0.862523
vt 0.428104 0.830679
vt 0.427030 0.830679
vt 0.401349 0.861417
vt 0.400928 0.861082
vt 0.400506 0.860748
vt 0.428104 0.828587
vt 0.427030 0.828587
vt 0.402670 0.859952
vt 0.402294 0.859566
vt 0.401919 0.859181
vt 0.428104 0.826496
vt 0.427030 0.826496
vt 0.404156 0.858682
vt 0.403833 0.858250
vt 0.403511 0.857819
vt 0.428104 0.824401
vt 0.427030 0.824401
vt 0.405822 0.857600
vt 0.405558 0.857130
vt 0.405294 0.856661
vt 0.428104 0.822292
vt 0.427030 0.822292
vt 0.407691 0.856702
vt 0.407488 0.856204
vt 0.407286 0.855705
vt 0.428104 0.820156
vt 0.427030 0.820156
vt 0.409805 0.855989
vt 0.409662 0.855470
vt 0.409519 0.854952
vt 0.428104 0.817966
vt 0.427030 0.817966
vt 0.412241 0.855461
vt 0.412152 0.854931
vt 0.412064 0.854400
vt 0.428104 0.815669
vt 0.427030 0.815668
vt 0.415184 0.855120
vt 0.415144 0.854584
vt 0.415103 0.854048
vt 0.428104 0.813124
vt 0.427030 0.813124
vt 0.428104 0.809270
vt 0.427030 0.809267
vt 0.413057 0.809267
vt 0.413057 0.813124
vt 0.411982 0.813124
vt 0.411982 0.809269
vt 0.420875 0.989346
vt 0.415957 0.989311
vt 0.415982 0.988774
vt 0.420867 0.988808
vt 0.416008 0.988237
vt 0.420859 0.988270
vt 0.413057 0.815668
vt 0.411982 0.815669
vt 0.412910 0.989043
vt 0.412983 0.988511
vt 0.413056 0.987978
vt 0.413057 0.817966
vt 0.411982 0.817966
vt 0.410350 0.988563
vt 0.410478 0.988041
vt 0.410607 0.987518
vt 0.413057 0.820156
vt 0.411982 0.820156
vt 0.408096 0.987872
vt 0.408285 0.987368
vt 0.408474 0.986864
vt 0.413057 0.822292
vt 0.411982 0.822292
vt 0.406079 0.986973
vt 0.406329 0.986497
vt 0.406580 0.986020
vt 0.413057 0.824401
vt 0.411982 0.824401
vt 0.404264 0.985865
vt 0.404574 0.985425
vt 0.404884 0.984985
vt 0.413057 0.826496
vt 0.411982 0.826496
vt 0.402634 0.984548
vt 0.402999 0.984152
vt 0.403364 0.983756
vt 0.413057 0.828587
vt 0.411982 0.828587
vt 0.401179 0.983022
vt 0.401590 0.982675
vt 0.402002 0.982329
vt 0.413057 0.830679
vt 0.411982 0.830679
vt 0.399892 0.981282
vt 0.400343 0.980988
vt 0.400794 0.980694
vt 0.413057 0.832780
vt 0.411982 0.832780
vt 0.398772 0.979322
vt 0.399253 0.979080
vt 0.399734 0.978839
vt 0.413057 0.834897
vt 0.411982 0.834897
vt 0.397817 0.977129
vt 0.398320 0.976939
vt 0.398823 0.976749
vt 0.413057 0.837045
vt 0.411982 0.837045
vt 0.397026 0.974683
vt 0.397544 0.974540
vt 0.398063 0.974397
vt 0.413057 0.839250
vt 0.411982 0.839246
vt 0.396398 0.971941
vt 0.396926 0.971842
vt 0.397455 0.971742
vt 0.488704 0.598474
vt 0.488704 0.600933
vt 0.487629 0.600933
vt 0.487629 0.598478
vt 0.395933 0.968818
vt 0.396467 0.968757
vt 0.397002 0.968695
vt 0.488704 0.603994
vt 0.487629 0.603994
vt 0.395628 0.965091
vt 0.396165 0.965062
vt 0.396702 0.965033
vt 0.488704 0.609106
vt 0.487629 0.609106
vt 0.395460 0.959066
vt 0.395997 0.959059
vt 0.396534 0.959051
vt 0.488704 0.614305
vt 0.487629 0.614305
vt 0.395460 0.953039
vt 0.395997 0.953053
vt 0.396534 0.953068
vt 0.488704 0.617628
vt 0.487629 0.617628
vt 0.395660 0.949305
vt 0.396196 0.949352
vt 0.396731 0.949398
vt 0.488704 0.620523
vt 0.487629 0.620523
vt 0.396038 0.946170
vt 0.396569 0.946255
vt 0.397100 0.946340
vt 0.488704 0.623181
vt 0.487629 0.623181
vt 0.396588 0.943412
vt 0.397110 0.943540
vt 0.397633 0.943668
vt 0.488704 0.625675
vt 0.487629 0.625675
vt 0.397311 0.940945
vt 0.397819 0.941120
vt 0.398327 0.941297
vt 0.488704 0.628041
vt 0.487629 0.628041
vt 0.398204 0.938727
vt 0.398691 0.938954
vt 0.399179 0.939182
vt 0.488704 0.630296
vt 0.487629 0.630296
vt 0.399269 0.936736
vt 0.399728 0.937017
vt 0.400186 0.937298
vt 0.488704 0.632454
vt 0.487629 0.632454
vt 0.400506 0.934961
vt 0.400928 0.935295
vt 0.401349 0.935630
vt 0.488704 0.634520
vt 0.487629 0.634519
vt 0.401919 0.933394
vt 0.402294 0.933779
vt 0.402670 0.934165
vt 0.488704 0.636500
vt 0.487629 0.636500
vt 0.403511 0.932032
vt 0.403833 0.932463
vt 0.404156 0.932895
vt 0.488704 0.638401
vt 0.487629 0.638401
vt 0.405294 0.930874
vt 0.405558 0.931343
vt 0.405822 0.931813
vt 0.488704 0.640233
vt 0.487629 0.640232
vt 0.407286 0.929918
vt 0.407488 0.930417
vt 0.407691 0.930915
vt 0.488704 0.642012
vt 0.487629 0.642012
vt 0.409519 0.929165
vt 0.409662 0.929683
vt 0.409805 0.930202
vt 0.488704 0.643776
vt 0.487629 0.643771
vt 0.412064 0.928613
vt 0.412152 0.929144
vt 0.412240 0.929674
vt 0.222502 0.787528
vt 0.222502 0.789678
vt 0.221427 0.789678
vt 0.221427 0.787533
vt 0.415103 0.928261
vt 0.415144 0.928796
vt 0.415184 0.929333
vt 0.222502 0.793404
vt 0.221427 0.793404
vt 0.420018 0.928088
vt 0.420025 0.928626
vt 0.420033 0.929163
vt 0.222502 0.797261
vt 0.221427 0.797261
vt 0.424935 0.928123
vt 0.424910 0.928660
vt 0.424884 0.929197
vt 0.222502 0.799805
vt 0.221427 0.799805
vt 0.427983 0.928390
vt 0.427910 0.928923
vt 0.427836 0.929456
vt 0.222502 0.802102
vt 0.221427 0.802102
vt 0.430543 0.928871
vt 0.430414 0.929393
vt 0.430285 0.929916
vt 0.222502 0.804292
vt 0.221427 0.804292
vt 0.432796 0.929562
vt 0.432607 0.930065
vt 0.432419 0.930570
vt 0.222502 0.806429
vt 0.221427 0.806429
vt 0.434813 0.930461
vt 0.434563 0.930937
vt 0.434313 0.931414
vt 0.222502 0.808537
vt 0.221427 0.808537
vt 0.436628 0.931569
vt 0.436318 0.932009
vt 0.436008 0.932450
vt 0.222502 0.810633
vt 0.221427 0.810633
vt 0.438258 0.932886
vt 0.437894 0.933281
vt 0.437529 0.933677
vt 0.222502 0.812724
vt 0.221427 0.812724
vt 0.439714 0.934412
vt 0.439302 0.934758
vt 0.438890 0.935105
vt 0.222502 0.814816
vt 0.221427 0.814816
vt 0.441000 0.936152
vt 0.440550 0.936446
vt 0.440099 0.936740
vt 0.222502 0.816916
vt 0.221427 0.816916
vt 0.442120 0.938112
vt 0.441640 0.938354
vt 0.441159 0.938595
vt 0.222502 0.819033
vt 0.221427 0.819033
vt 0.443076 0.940305
vt 0.442573 0.940495
vt 0.442069 0.940685
vt 0.222502 0.821181
vt 0.221427 0.821181
vt 0.443867 0.942751
vt 0.443348 0.942894
vt 0.442830 0.943036
vt 0.222502 0.823386
vt 0.221427 0.823386
vt 0.444494 0.945493
vt 0.443966 0.945592
vt 0.443438 0.945692
vt 0.222502 0.825704
vt 0.221427 0.825704
vt 0.444959 0.948616
vt 0.444425 0.948677
vt 0.443891 0.948739
vt 0.222502 0.828274
vt 0.221427 0.828274
vt 0.445264 0.952343
vt 0.444727 0.952372
vt 0.444191 0.952402
vt 0.222502 0.832176
vt 0.221427 0.832175
vt 0.445433 0.958367
vt 0.444895 0.958375
vt 0.444358 0.958382
vt 0.222502 0.845131
vt 0.222502 0.849033
vt 0.221427 0.849033
vt 0.221427 0.845133
vt 0.445433 0.964395
vt 0.444895 0.964380
vt 0.444358 0.964366
vt 0.222502 0.851604
vt 0.221427 0.851604
vt 0.445232 0.968129
vt 0.444696 0.968082
vt 0.444161 0.968035
vt 0.222502 0.853921
vt 0.221427 0.853921
vt 0.444855 0.971264
vt 0.444324 0.971179
vt 0.443793 0.971094
vt 0.222502 0.856126
vt 0.221427 0.856126
vt 0.444304 0.974022
vt 0.443782 0.973894
vt 0.443260 0.973765
vt 0.222502 0.858274
vt 0.221427 0.858274
vt 0.443582 0.976489
vt 0.443074 0.976313
vt 0.442565 0.976137
vt 0.222502 0.860391
vt 0.221427 0.860391
vt 0.442688 0.978707
vt 0.442201 0.978480
vt 0.441713 0.978252
vt 0.222502 0.862491
vt 0.221427 0.862492
vt 0.441623 0.980698
vt 0.441165 0.980417
vt 0.440706 0.980135
vt 0.222502 0.864584
vt 0.221427 0.864584
vt 0.440386 0.982473
vt 0.439965 0.982139
vt 0.439543 0.981804
vt 0.222502 0.866675
vt 0.221427 0.866675
vt 0.438974 0.984040
vt 0.438598 0.983654
vt 0.438222 0.983269
vt 0.222502 0.868770
vt 0.221427 0.868770
vt 0.437381 0.985402
vt 0.437059 0.984971
vt 0.436736 0.984539
vt 0.222502 0.870879
vt 0.221427 0.870879
vt 0.435598 0.986560
vt 0.435335 0.986091
vt 0.435071 0.985621
vt 0.222502 0.873015
vt 0.221427 0.873015
vt 0.433607 0.987516
vt 0.433404 0.987017
vt 0.433201 0.986519
vt 0.222502 0.875205
vt 0.221427 0.875205
vt 0.431373 0.988269
vt 0.431230 0.987750
vt 0.431087 0.987232
vt 0.222502 0.877502
vt 0.221427 0.877502
vt 0.428828 0.988821
vt 0.428740 0.988290
vt 0.428652 0.987760
vt 0.222502 0.880047
vt 0.221427 0.880046
vt 0.425789 0.989173
vt 0.425749 0.988637
vt 0.425708 0.988101
vt 0.221427 0.883901
vt 0.222502 0.883904
s 1
usemtl 05_|_orange_glass_fibre_resin
f 4402/5645/4445 4653/5646/4446 4655/5647/4447 4404/5648/4448
s 0
f 4404/5649/4449 4655/5650/4449 4656/5651/4449 4403/5652/4449
f 4403/5652/4450 4656/5651/4450 4654/5653/4450 4401/5654/4450
f 4650/5655/4451 4654/5653/4451 4656/5651/4451 4652/5656/4451
f 4652/5656/4452 4656/5651/4452 4655/5650/4452 4651/5657/4452
s 1
f 4651/5658/4453 4655/5647/4447 4653/5646/4446 4649/5659/4454
s 0
f 4646/5660/4455 4650/5655/4455 4652/5656/4455 4648/5661/4455
f 4648/5661/4456 4652/5656/4456 4651/5657/4456 4647/5662/4456
s 1
f 4647/5663/4457 4651/5658/4453 4649/5659/4454 4645/5664/4458
s 0
f 4642/5665/4459 4646/5660/4459 4648/5661/4459 4644/5666/4459
f 4644/5666/4460 4648/5661/4460 4647/5662/4460 4643/5667/4460
s 1
f 4643/5668/4461 4647/5663/4457 4645/5664/4458 4641/5669/4462
s 0
f 4638/5670/4463 4642/5665/4463 4644/5666/4463 4640/5671/4463
f 4640/5671/4464 4644/5666/4464 4643/5667/4464 4639/5672/4464
s 1
f 4639/5673/4465 4643/5668/4461 4641/5669/4462 4637/5674/4466
s 0
f 4634/5675/4467 4638/5670/4467 4640/5671/4467 4636/5676/4467
f 4636/5676/4468 4640/5671/4468 4639/5672/4468 4635/5677/4468
s 1
f 4635/5678/4469 4639/5673/4465 4637/5674/4466 4633/5679/4470
s 0
f 4630/5680/4471 4634/5675/4471 4636/5676/4471 4632/5681/4471
f 4632/5681/4472 4636/5676/4472 4635/5677/4472 4631/5682/4472
s 1
f 4631/5683/4473 4635/5678/4469 4633/5679/4470 4629/5684/4474
s 0
f 4626/5685/4475 4630/5680/4475 4632/5681/4475 4628/5686/4475
f 4628/5686/4476 4632/5681/4476 4631/5682/4476 4627/5687/4476
s 1
f 4627/5688/4477 4631/5683/4473 4629/5684/4474 4625/5689/4478
s 0
f 4622/5690/4479 4626/5685/4479 4628/5686/4479 4624/5691/4479
f 4624/5691/4480 4628/5686/4480 4627/5687/4480 4623/5692/4480
s 1
f 4623/5693/4481 4627/5688/4477 4625/5689/4478 4621/5694/4482
s 0
f 4618/5695/4483 4622/5690/4483 4624/5691/4483 4620/5696/4483
f 4620/5696/4484 4624/5691/4484 4623/5692/4484 4619/5697/4484
s 1
f 4619/5698/4485 4623/5693/4481 4621/5694/4482 4617/5699/4486
s 0
f 4614/5700/4487 4618/5695/4487 4620/5696/4487 4616/5701/4487
f 4616/5701/4488 4620/5696/4488 4619/5697/4488 4615/5702/4488
s 1
f 4615/5703/4489 4619/5698/4485 4617/5699/4486 4613/5704/4490
s 0
f 4610/5705/4491 4614/5700/4491 4616/5701/4491 4612/5706/4491
f 4612/5706/4492 4616/5701/4492 4615/5702/4492 4611/5707/4492
s 1
f 4611/5708/4493 4615/5703/4489 4613/5704/4490 4609/5709/4494
s 0
f 4606/5710/4495 4610/5705/4495 4612/5706/4495 4608/5711/4495
f 4608/5711/4496 4612/5706/4496 4611/5707/4496 4607/5712/4496
s 1
f 4607/5713/4497 4611/5708/4493 4609/5709/4494 4605/5714/4498
s 0
f 4602/5715/4499 4606/5710/4499 4608/5711/4499 4604/5716/4499
f 4604/5716/4500 4608/5711/4500 4607/5712/4500 4603/5717/4500
s 1
f 4603/5718/4501 4607/5713/4497 4605/5714/4498 4601/5719/4502
s 0
f 4598/5720/4503 4602/5715/4503 4604/5716/4503 4600/5721/4503
f 4600/5721/4504 4604/5716/4504 4603/5717/4504 4599/5722/4504
s 1
f 4599/5723/4505 4603/5718/4501 4601/5719/4502 4597/5724/4506
s 0
f 4594/5725/4507 4598/5720/4507 4600/5721/4507 4596/5726/4507
f 4596/5726/4508 4600/5721/4508 4599/5722/4508 4595/5727/4508
s 1
f 4595/5728/4509 4599/5723/4505 4597/5724/4506 4593/5729/4510
s 0
f 4590/5730/4511 4594/5725/4511 4596/5726/4511 4592/5731/4511
f 4592/5731/4512 4596/5726/4512 4595/5727/4512 4591/5732/4512
s 1
f 4591/5733/4513 4595/5734/4509 4593/5735/4510 4589/5736/4514
s 0
f 4586/5737/4515 4590/5730/4515 4592/5731/4515 4588/5738/4515
f 4588/5738/4516 4592/5731/4516 4591/5732/4516 4587/5739/4516
s 1
f 4587/5740/4517 4591/5733/4513 4589/5736/4514 4585/5741/4518
s 0
f 4582/5742/4519 4586/5737/4519 4588/5738/4519 4584/5743/4519
f 4584/5743/4520 4588/5738/4520 4587/5739/4520 4583/5744/4520
s 1
f 4583/5745/4521 4587/5740/4517 4585/5741/4518 4581/5746/4522
s 0
f 4578/5747/4523 4582/5742/4523 4584/5743/4523 4580/5748/4523
f 4580/5748/4524 4584/5743/4524 4583/5744/4524 4579/5749/4524
s 1
f 4579/5750/4525 4583/5745/4521 4581/5746/4522 4577/5751/4526
s 0
f 4574/5752/4527 4578/5747/4527 4580/5748/4527 4576/5753/4527
f 4576/5753/4528 4580/5748/4528 4579/5749/4528 4575/5754/4528
s 1
f 4575/5755/4529 4579/5750/4525 4577/5751/4526 4573/5756/4530
s 0
f 4570/5757/4531 4574/5752/4531 4576/5753/4531 4572/5758/4531
f 4572/5758/4532 4576/5753/4532 4575/5754/4532 4571/5759/4532
s 1
f 4571/5760/4533 4575/5755/4529 4573/5756/4530 4569/5761/4534
s 0
f 4566/5762/4535 4570/5757/4535 4572/5758/4535 4568/5763/4535
f 4568/5763/4536 4572/5758/4536 4571/5759/4536 4567/5764/4536
s 1
f 4567/5765/4537 4571/5760/4533 4569/5761/4534 4565/5766/4538
s 0
f 4562/5767/4539 4566/5762/4539 4568/5763/4539 4564/5768/4539
f 4564/5768/4540 4568/5763/4540 4567/5764/4540 4563/5769/4540
s 1
f 4563/5770/4541 4567/5765/4537 4565/5766/4538 4561/5771/4542
s 0
f 4558/5772/4543 4562/5767/4543 4564/5768/4543 4560/5773/4543
f 4560/5773/4544 4564/5768/4544 4563/5769/4544 4559/5774/4544
s 1
f 4559/5775/4545 4563/5770/4541 4561/5771/4542 4557/5776/4546
s 0
f 4554/5777/4547 4558/5772/4547 4560/5773/4547 4556/5778/4547
f 4556/5778/4548 4560/5773/4548 4559/5774/4548 4555/5779/4548
s 1
f 4555/5780/4549 4559/5775/4545 4557/5776/4546 4553/5781/4550
s 0
f 4550/5782/4551 4554/5777/4551 4556/5778/4551 4552/5783/4551
f 4552/5783/4552 4556/5778/4552 4555/5779/4552 4551/5784/4552
s 1
f 4551/5785/4553 4555/5780/4549 4553/5781/4550 4549/5786/4554
s 0
f 4546/5787/4555 4550/5782/4555 4552/5783/4555 4548/5788/4555
f 4548/5788/4556 4552/5783/4556 4551/5784/4556 4547/5789/4556
s 1
f 4547/5790/4557 4551/5785/4553 4549/5786/4554 4545/5791/4558
s 0
f 4542/5792/4559 4546/5787/4559 4548/5788/4559 4544/5793/4559
f 4544/5793/4560 4548/5788/4560 4547/5789/4560 4543/5794/4560
s 1
f 4543/5795/4561 4547/5790/4557 4545/5791/4558 4541/5796/4562
s 0
f 4538/5797/4563 4542/5792/4563 4544/5793/4563 4540/5798/4563
f 4540/5798/4564 4544/5793/4564 4543/5794/4564 4539/5799/4564
s 1
f 4539/5800/4565 4543/5795/4561 4541/5796/4562 4537/5801/4566
s 0
f 4534/5802/4567 4538/5797/4567 4540/5798/4567 4536/5803/4567
f 4536/5803/4568 4540/5798/4568 4539/5799/4568 4535/5804/4568
s 1
f 4535/5805/4569 4539/5800/4565 4537/5801/4566 4533/5806/4570
s 0
f 4530/5807/4571 4534/5802/4571 4536/5803/4571 4532/5808/4571
f 4532/5808/4572 4536/5803/4572 4535/5804/4572 4531/5809/4572
s 1
f 4531/5810/4573 4535/5805/4569 4533/5806/4570 4529/5811/4574
s 0
f 4526/5812/4575 4530/5807/4575 4532/5808/4575 4528/5813/4575
f 4528/5813/4576 4532/5808/4576 4531/5809/4576 4527/5814/4576
s 1
f 4527/5815/4577 4531/5810/4573 4529/5811/4574 4525/5816/4578
s 0
f 4522/5817/4579 4526/5812/4579 4528/5813/4579 4524/5818/4579
f 4524/5818/4580 4528/5813/4580 4527/5814/4580 4523/5819/4580
s 1
f 4523/5820/4581 4527/5815/4577 4525/5816/4578 4521/5821/4582
s 0
f 4518/5822/4583 4522/5817/4583 4524/5818/4583 4520/5823/4583
f 4520/5823/4584 4524/5818/4584 4523/5819/4584 4519/5824/4584
s 1
f 4519/5825/4585 4523/5826/4581 4521/5827/4582 4517/5828/4586
s 0
f 4514/5829/4587 4518/5822/4587 4520/5823/4587 4516/5830/4587
f 4516/5830/4588 4520/5823/4588 4519/5824/4588 4515/5831/4588
s 1
f 4515/5832/4589 4519/5825/4585 4517/5828/4586 4513/5833/4590
s 0
f 4510/5834/4591 4514/5829/4591 4516/5830/4591 4512/5835/4591
f 4512/5835/4592 4516/5830/4592 4515/5831/4592 4511/5836/4592
s 1
f 4511/5837/4593 4515/5832/4589 4513/5833/4590 4509/5838/4594
s 0
f 4506/5839/4595 4510/5834/4595 4512/5835/4595 4508/5840/4595
f 4508/5840/4596 4512/5835/4596 4511/5836/4596 4507/5841/4596
s 1
f 4507/5842/4597 4511/5837/4593 4509/5838/4594 4505/5843/4598
s 0
f 4502/5844/4599 4506/5839/4599 4508/5840/4599 4504/5845/4599
f 4504/5845/4600 4508/5840/4600 4507/5841/4600 4503/5846/4600
s 1
f 4503/5847/4601 4507/5842/4597 4505/5843/4598 4501/5848/4602
s 0
f 4498/5849/4603 4502/5844/4603 4504/5845/4603 4500/5850/4603
f 4500/5850/4604 4504/5845/4604 4503/5846/4604 4499/5851/4604
s 1
f 4499/5852/4605 4503/5847/4601 4501/5848/4602 4497/5853/4606
s 0
f 4494/5854/4607 4498/5849/4607 4500/5850/4607 4496/5855/4607
f 4496/5855/4608 4500/5850/4608 4499/5851/4608 4495/5856/4608
s 1
f 4495/5857/4609 4499/5852/4605 4497/5853/4606 4493/5858/4610
s 0
f 4490/5859/4611 4494/5854/4611 4496/5855/4611 4492/5860/4611
f 4492/5860/4612 4496/5855/4612 4495/5856/4612 4491/5861/4612
s 1
f 4491/5862/4613 4495/5857/4609 4493/5858/4610 4489/5863/4614
s 0
f 4486/5864/4615 4490/5859/4615 4492/5860/4615 4488/5865/4615
f 4488/5865/4616 4492/5860/4616 4491/5861/4616 4487/5866/4616
s 1
f 4487/5867/4617 4491/5862/4613 4489/5863/4614 4485/5868/4618
s 0
f 4482/5869/4619 4486/5864/4619 4488/5865/4619 4484/5870/4619
f 4484/5870/4620 4488/5865/4620 4487/5866/4620 4483/5871/4620
s 1
f 4483/5872/4621 4487/5867/4617 4485/5868/4618 4481/5873/4622
s 0
f 4478/5874/4623 4482/5869/4623 4484/5870/4623 4480/5875/4623
f 4480/5875/4624 4484/5870/4624 4483/5871/4624 4479/5876/4624
s 1
f 4479/5877/4625 4483/5872/4621 4481/5873/4622 4477/5878/4626
s 0
f 4474/5879/4627 4478/5874/4627 4480/5875/4627 4476/5880/4627
f 4476/5880/4628 4480/5875/4628 4479/5876/4628 4475/5881/4628
s 1
f 4475/5882/4629 4479/5877/4625 4477/5878/4626 4473/5883/4630
s 0
f 4470/5884/4631 4474/5879/4631 4476/5880/4631 4472/5885/4631
f 4472/5885/4632 4476/5880/4632 4475/5881/4632 4471/5886/4632
s 1
f 4471/5887/4633 4475/5882/4629 4473/5883/4630 4469/5888/4634
s 0
f 4466/5889/4635 4470/5884/4635 4472/5885/4635 4468/5890/4635
f 4468/5890/4636 4472/5885/4636 4471/5886/4636 4467/5891/4636
s 1
f 4467/5892/4637 4471/5887/4633 4469/5888/4634 4465/5893/4638
s 0
f 4462/5894/4639 4466/5889/4639 4468/5890/4639 4464/5895/4639
f 4464/5895/4640 4468/5890/4640 4467/5891/4640 4463/5896/4640
s 1
f 4463/5897/4641 4467/5892/4637 4465/5893/4638 4461/5898/4642
s 0
f 4458/5899/4643 4462/5894/4643 4464/5895/4643 4460/5900/4643
f 4460/5900/4644 4464/5895/4644 4463/5896/4644 4459/5901/4644
s 1
f 4459/5902/4645 4463/5897/4641 4461/5898/4642 4457/5903/4646
s 0
f 4454/5904/4647 4458/5899/4647 4460/5900/4647 4456/5905/4647
f 4456/5905/4648 4460/5900/4648 4459/5901/4648 4455/5906/4648
s 1
f 4455/5907/4649 4459/5902/4645 4457/5903/4646 4453/5908/4650
s 0
f 4450/5909/4651 4454/5904/4651 4456/5905/4651 4452/5910/4651
f 4452/5910/4652 4456/5905/4652 4455/5906/4652 4451/5911/4652
s 1
f 4451/5912/4653 4455/5913/4649 4453/5914/4650 4449/5915/4654
s 0
f 4446/5916/4655 4450/5909/4655 4452/5910/4655 4448/5917/4655
f 4448/5917/4656 4452/5910/4656 4451/5911/4656 4447/5918/4656
s 1
f 4447/5919/4657 4451/5912/4653 4449/5915/4654 4445/5920/4658
s 0
f 4442/5921/4659 4446/5916/4659 4448/5917/4659 4444/5922/4659
f 4444/5922/4660 4448/5917/4660 4447/5918/4660 4443/5923/4660
s 1
f 4443/5924/4661 4447/5919/4657 4445/5920/4658 4441/5925/4662
s 0
f 4438/5926/4663 4442/5921/4663 4444/5922/4663 4440/5927/4663
f 4440/5927/4664 4444/5922/4664 4443/5923/4664 4439/5928/4664
s 1
f 4439/5929/4665 4443/5924/4661 4441/5925/4662 4437/5930/4666
s 0
f 4434/5931/4667 4438/5926/4667 4440/5927/4667 4436/5932/4667
f 4436/5932/4668 4440/5927/4668 4439/5928/4668 4435/5933/4668
s 1
f 4435/5934/4669 4439/5929/4665 4437/5930/4666 4433/5935/4670
s 0
f 4430/5936/4671 4434/5931/4671 4436/5932/4671 4432/5937/4671
f 4432/5937/4672 4436/5932/4672 4435/5933/4672 4431/5938/4672
s 1
f 4431/5939/4673 4435/5934/4669 4433/5935/4670 4429/5940/4674
s 0
f 4426/5941/4675 4430/5936/4675 4432/5937/4675 4428/5942/4675
f 4428/5942/4676 4432/5937/4676 4431/5938/4676 4427/5943/4676
s 1
f 4427/5944/4677 4431/5939/4673 4429/5940/4674 4425/5945/4678
s 0
f 4422/5946/4679 4426/5941/4679 4428/5942/4679 4424/5947/4679
f 4424/5947/4680 4428/5942/4680 4427/5943/4680 4423/5948/4680
s 1
f 4423/5949/4681 4427/5944/4677 4425/5945/4678 4421/5950/4682
s 0
f 4418/5951/4683 4422/5946/4683 4424/5947/4683 4420/5952/4683
f 4420/5952/4684 4424/5947/4684 4423/5948/4684 4419/5953/4684
s 1
f 4419/5954/4685 4423/5949/4681 4421/5950/4682 4417/5955/4686
s 0
f 4414/5956/4687 4418/5951/4687 4420/5952/4687 4416/5957/4687
f 4416/5957/4688 4420/5952/4688 4419/5953/4688 4415/5958/4688
s 1
f 4415/5959/4689 4419/5954/4685 4417/5955/4686 4413/5960/4690
s 0
f 4410/5961/4691 4414/5956/4691 4416/5957/4691 4412/5962/4691
f 4412/5962/4692 4416/5957/4692 4415/5958/4692 4411/5963/4692
s 1
f 4411/5964/4693 4415/5959/4689 4413/5960/4690 4409/5965/4694
s 0
f 4406/5966/4695 4410/5961/4695 4412/5962/4695 4408/5967/4695
f 4408/5967/4696 4412/5962/4696 4411/5963/4696 4407/5968/4696
s 1
f 4407/5969/4697 4411/5964/4693 4409/5965/4694 4405/5970/4698
s 0
f 4401/5654/4699 4406/5966/4699 4408/5967/4699 4403/5652/4699
f 4403/5652/4700 4408/5967/4700 4407/5968/4700 4404/5649/4700
s 1
f 4404/5971/4448 4407/5969/4697 4405/5970/4698 4402/5972/4445
f 4658/5973/4701 4662/5974/4702 4664/5975/4703 4660/5976/4704
s 0
f 4660/5977/4705 4664/5978/4705 4663/5979/4705 4659/5980/4705
f 4659/5980/4706 4663/5979/4706 4661/5981/4706 4657/5982/4706
s 1
f 4662/5974/4702 4666/5983/4707 4668/5984/4708 4664/5975/4703
s 0
f 4664/5978/4709 4668/5985/4709 4667/5986/4709 4663/5979/4709
f 4663/5979/4710 4667/5986/4710 4665/5987/4710 4661/5981/4710
s 1
f 4666/5983/4707 4670/5988/4711 4672/5989/4712 4668/5984/4708
s 0
f 4668/5985/4713 4672/5990/4713 4671/5991/4713 4667/5986/4713
f 4667/5986/4714 4671/5991/4714 4669/5992/4714 4665/5987/4714
s 1
f 4670/5988/4711 4674/5993/4715 4676/5994/4716 4672/5989/4712
s 0
f 4672/5990/4717 4676/5995/4717 4675/5996/4717 4671/5991/4717
f 4671/5991/4718 4675/5996/4718 4673/5997/4718 4669/5992/4718
s 1
f 4674/5993/4715 4678/5998/4719 4680/5999/4720 4676/5994/4716
s 0
f 4676/5995/4721 4680/6000/4721 4679/6001/4721 4675/5996/4721
f 4675/5996/4722 4679/6001/4722 4677/6002/4722 4673/5997/4722
s 1
f 4678/5998/4719 4682/6003/4723 4684/6004/4724 4680/5999/4720
s 0
f 4680/6000/4725 4684/6005/4725 4683/6006/4725 4679/6001/4725
f 4679/6001/4726 4683/6006/4726 4681/6007/4726 4677/6002/4726
s 1
f 4682/6003/4723 4686/6008/4727 4688/6009/4728 4684/6004/4724
s 0
f 4684/6005/4729 4688/6010/4729 4687/6011/4729 4683/6006/4729
f 4683/6006/4730 4687/6011/4730 4685/6012/4730 4681/6007/4730
s 1
f 4686/6008/4727 4690/6013/4731 4692/6014/4732 4688/6009/4728
s 0
f 4688/6010/4733 4692/6015/4733 4691/6016/4733 4687/6011/4733
f 4687/6011/4734 4691/6016/4734 4689/6017/4734 4685/6012/4734
s 1
f 4690/6013/4731 4694/6018/4735 4696/6019/4736 4692/6014/4732
s 0
f 4692/6015/4737 4696/6020/4737 4695/6021/4737 4691/6016/4737
f 4691/6016/4738 4695/6021/4738 4693/6022/4738 4689/6017/4738
s 1
f 4694/6018/4735 4698/6023/4739 4700/6024/4740 4696/6019/4736
s 0
f 4696/6020/4741 4700/6025/4741 4699/6026/4741 4695/6021/4741
f 4695/6021/4742 4699/6026/4742 4697/6027/4742 4693/6022/4742
s 1
f 4698/6023/4739 4702/6028/4743 4704/6029/4744 4700/6024/4740
s 0
f 4700/6025/4745 4704/6030/4745 4703/6031/4745 4699/6026/4745
f 4699/6026/4746 4703/6031/4746 4701/6032/4746 4697/6027/4746
s 1
f 4702/6028/4743 4706/6033/4747 4708/6034/4748 4704/6029/4744
s 0
f 4704/6030/4749 4708/6035/4749 4707/6036/4749 4703/6031/4749
f 4703/6031/4750 4707/6036/4750 4705/6037/4750 4701/6032/4750
s 1
f 4706/6033/4747 4710/6038/4751 4712/6039/4752 4708/6034/4748
s 0
f 4708/6035/4753 4712/6040/4753 4711/6041/4753 4707/6036/4753
f 4707/6036/4754 4711/6041/4754 4709/6042/4754 4705/6037/4754
s 1
f 4710/6043/4751 4714/6044/4755 4716/6045/4756 4712/6046/4752
s 0
f 4712/6040/4757 4716/6047/4757 4715/6048/4757 4711/6041/4757
f 4711/6041/4758 4715/6048/4758 4713/6049/4758 4709/6042/4758
s 1
f 4714/6044/4755 4718/6050/4759 4720/6051/4760 4716/6045/4756
s 0
f 4716/6047/4761 4720/6052/4761 4719/6053/4761 4715/6048/4761
f 4715/6048/4762 4719/6053/4762 4717/6054/4762 4713/6049/4762
s 1
f 4718/6050/4759 4722/6055/4763 4724/6056/4764 4720/6051/4760
s 0
f 4720/6052/4765 4724/6057/4765 4723/6058/4765 4719/6053/4765
f 4719/6053/4766 4723/6058/4766 4721/6059/4766 4717/6054/4766
s 1
f 4722/6055/4763 4726/6060/4767 4728/6061/4768 4724/6056/4764
s 0
f 4724/6057/4769 4728/6062/4769 4727/6063/4769 4723/6058/4769
f 4723/6058/4770 4727/6063/4770 4725/6064/4770 4721/6059/4770
s 1
f 4726/6060/4767 4730/6065/4771 4732/6066/4772 4728/6061/4768
s 0
f 4728/6062/4773 4732/6067/4773 4731/6068/4773 4727/6063/4773
f 4727/6063/4774 4731/6068/4774 4729/6069/4774 4725/6064/4774
s 1
f 4730/6065/4771 4734/6070/4775 4736/6071/4776 4732/6066/4772
s 0
f 4732/6067/4777 4736/6072/4777 4735/6073/4777 4731/6068/4777
f 4731/6068/4778 4735/6073/4778 4733/6074/4778 4729/6069/4778
s 1
f 4734/6070/4775 4738/6075/4779 4740/6076/4780 4736/6071/4776
s 0
f 4736/6072/4781 4740/6077/4781 4739/6078/4781 4735/6073/4781
f 4735/6073/4782 4739/6078/4782 4737/6079/4782 4733/6074/4782
s 1
f 4738/6075/4779 4742/6080/4783 4744/6081/4784 4740/6076/4780
s 0
f 4740/6077/4785 4744/6082/4785 4743/6083/4785 4739/6078/4785
f 4739/6078/4786 4743/6083/4786 4741/6084/4786 4737/6079/4786
s 1
f 4742/6080/4783 4746/6085/4787 4748/6086/4788 4744/6081/4784
s 0
f 4744/6082/4789 4748/6087/4789 4747/6088/4789 4743/6083/4789
f 4743/6083/4790 4747/6088/4790 4745/6089/4790 4741/6084/4790
s 1
f 4746/6085/4787 4750/6090/4791 4752/6091/4792 4748/6086/4788
s 0
f 4748/6087/4793 4752/6092/4793 4751/6093/4793 4747/6088/4793
f 4747/6088/4794 4751/6093/4794 4749/6094/4794 4745/6089/4794
s 1
f 4750/6090/4791 4754/6095/4795 4756/6096/4796 4752/6091/4792
s 0
f 4752/6092/4797 4756/6097/4797 4755/6098/4797 4751/6093/4797
f 4751/6093/4798 4755/6098/4798 4753/6099/4798 4749/6094/4798
s 1
f 4754/6095/4795 4758/6100/4799 4760/6101/4800 4756/6096/4796
s 0
f 4756/6097/4801 4760/6102/4801 4759/6103/4801 4755/6098/4801
f 4755/6098/4802 4759/6103/4802 4757/6104/4802 4753/6099/4802
s 1
f 4758/6100/4799 4762/6105/4803 4764/6106/4804 4760/6101/4800
s 0
f 4760/6102/4805 4764/6107/4805 4763/6108/4805 4759/6103/4805
f 4759/6103/4806 4763/6108/4806 4761/6109/4806 4757/6104/4806
s 1
f 4762/6105/4803 4766/6110/4807 4768/6111/4808 4764/6106/4804
s 0
f 4764/6107/4809 4768/6112/4809 4767/6113/4809 4763/6108/4809
f 4763/6108/4810 4767/6113/4810 4765/6114/4810 4761/6109/4810
s 1
f 4766/6110/4807 4770/6115/4811 4772/6116/4812 4768/6111/4808
s 0
f 4768/6112/4813 4772/6117/4813 4771/6118/4813 4767/6113/4813
f 4767/6113/4814 4771/6118/4814 4769/6119/4814 4765/6114/4814
s 1
f 4770/6115/4811 4774/6120/4815 4776/6121/4816 4772/6116/4812
s 0
f 4772/6117/4817 4776/6122/4817 4775/6123/4817 4771/6118/4817
f 4771/6118/4818 4775/6123/4818 4773/6124/4818 4769/6119/4818
s 1
f 4774/6120/4815 4778/6125/4819 4780/6126/4820 4776/6121/4816
s 0
f 4776/6122/4821 4780/6127/4821 4779/6128/4821 4775/6123/4821
f 4775/6123/4822 4779/6128/4822 4777/6129/4822 4773/6124/4822
s 1
f 4778/6130/4819 4782/6131/4823 4784/6132/4824 4780/6133/4820
s 0
f 4780/6127/4825 4784/6134/4825 4783/6135/4825 4779/6128/4825
f 4779/6128/4826 4783/6135/4826 4781/6136/4826 4777/6129/4826
s 1
f 4782/6131/4823 4786/6137/4827 4788/6138/4828 4784/6132/4824
s 0
f 4784/6134/4829 4788/6139/4829 4787/6140/4829 4783/6135/4829
f 4783/6135/4830 4787/6140/4830 4785/6141/4830 4781/6136/4830
s 1
f 4786/6137/4827 4790/6142/4831 4792/6143/4832 4788/6138/4828
s 0
f 4788/6139/4833 4792/6144/4833 4791/6145/4833 4787/6140/4833
f 4787/6140/4834 4791/6145/4834 4789/6146/4834 4785/6141/4834
s 1
f 4790/6142/4831 4794/6147/4835 4796/6148/4836 4792/6143/4832
s 0
f 4792/6144/4837 4796/6149/4837 4795/6150/4837 4791/6145/4837
f 4791/6145/4838 4795/6150/4838 4793/6151/4838 4789/6146/4838
s 1
f 4794/6147/4835 4798/6152/4839 4800/6153/4840 4796/6148/4836
s 0
f 4796/6149/4841 4800/6154/4841 4799/6155/4841 4795/6150/4841
f 4795/6150/4842 4799/6155/4842 4797/6156/4842 4793/6151/4842
s 1
f 4798/6152/4839 4802/6157/4843 4804/6158/4844 4800/6153/4840
s 0
f 4800/6154/4845 4804/6159/4845 4803/6160/4845 4799/6155/4845
f 4799/6155/4846 4803/6160/4846 4801/6161/4846 4797/6156/4846
s 1
f 4802/6157/4843 4806/6162/4847 4808/6163/4848 4804/6158/4844
s 0
f 4804/6159/4849 4808/6164/4849 4807/6165/4849 4803/6160/4849
f 4803/6160/4850 4807/6165/4850 4805/6166/4850 4801/6161/4850
s 1
f 4806/6162/4847 4810/6167/4851 4812/6168/4852 4808/6163/4848
s 0
f 4808/6164/4853 4812/6169/4853 4811/6170/4853 4807/6165/4853
f 4807/6165/4854 4811/6170/4854 4809/6171/4854 4805/6166/4854
s 1
f 4810/6167/4851 4814/6172/4855 4816/6173/4856 4812/6168/4852
s 0
f 4812/6169/4857 4816/6174/4857 4815/6175/4857 4811/6170/4857
f 4811/6170/4858 4815/6175/4858 4813/6176/4858 4809/6171/4858
s 1
f 4814/6172/4855 4818/6177/4859 4820/6178/4860 4816/6173/4856
s 0
f 4816/6174/4861 4820/6179/4861 4819/6180/4861 4815/6175/4861
f 4815/6175/4862 4819/6180/4862 4817/6181/4862 4813/6176/4862
s 1
f 4818/6177/4859 4822/6182/4863 4824/6183/4864 4820/6178/4860
s 0
f 4820/6179/4865 4824/6184/4865 4823/6185/4865 4819/6180/4865
f 4819/6180/4866 4823/6185/4866 4821/6186/4866 4817/6181/4866
s 1
f 4822/6182/4863 4826/6187/4867 4828/6188/4868 4824/6183/4864
s 0
f 4824/6184/4869 4828/6189/4869 4827/6190/4869 4823/6185/4869
f 4823/6185/4870 4827/6190/4870 4825/6191/4870 4821/6186/4870
s 1
f 4826/6187/4867 4830/6192/4871 4832/6193/4872 4828/6188/4868
s 0
f 4828/6189/4873 4832/6194/4873 4831/6195/4873 4827/6190/4873
f 4827/6190/4874 4831/6195/4874 4829/6196/4874 4825/6191/4874
s 1
f 4830/6192/4871 4834/6197/4875 4836/6198/4876 4832/6193/4872
s 0
f 4832/6194/4877 4836/6199/4877 4835/6200/4877 4831/6195/4877
f 4831/6195/4878 4835/6200/4878 4833/6201/4878 4829/6196/4878
s 1
f 4834/6197/4875 4838/6202/4879 4840/6203/4880 4836/6198/4876
s 0
f 4836/6199/4881 4840/6204/4881 4839/6205/4881 4835/6200/4881
f 4835/6200/4882 4839/6205/4882 4837/6206/4882 4833/6201/4882
s 1
f 4838/6202/4879 4842/6207/4883 4844/6208/4884 4840/6203/4880
s 0
f 4840/6204/4885 4844/6209/4885 4843/6210/4885 4839/6205/4885
f 4839/6205/4886 4843/6210/4886 4841/6211/4886 4837/6206/4886
s 1
f 4842/6207/4883 4846/6212/4887 4848/6213/4888 4844/6208/4884
s 0
f 4844/6209/4889 4848/6214/4889 4847/6215/4889 4843/6210/4889
f 4843/6210/4890 4847/6215/4890 4845/6216/4890 4841/6211/4890
s 1
f 4846/6212/4887 4850/6217/4891 4852/6218/4892 4848/6213/4888
s 0
f 4848/6214/4893 4852/6219/4893 4851/6220/4893 4847/6215/4893
f 4847/6215/4894 4851/6220/4894 4849/6221/4894 4845/6216/4894
s 1
f 4850/6222/4891 4854/6223/4895 4856/6224/4896 4852/6225/4892
s 0
f 4852/6219/4897 4856/6226/4897 4855/6227/4897 4851/6220/4897
f 4851/6220/4898 4855/6227/4898 4853/6228/4898 4849/6221/4898
s 1
f 4854/6223/4895 4858/6229/4899 4860/6230/4900 4856/6224/4896
s 0
f 4856/6226/4901 4860/6231/4901 4859/6232/4901 4855/6227/4901
f 4855/6227/4902 4859/6232/4902 4857/6233/4902 4853/6228/4902
s 1
f 4858/6229/4899 4862/6234/4903 4864/6235/4904 4860/6230/4900
s 0
f 4860/6231/4905 4864/6236/4905 4863/6237/4905 4859/6232/4905
f 4859/6232/4906 4863/6237/4906 4861/6238/4906 4857/6233/4906
s 1
f 4862/6234/4903 4866/6239/4907 4868/6240/4908 4864/6235/4904
s 0
f 4864/6236/4909 4868/6241/4909 4867/6242/4909 4863/6237/4909
f 4863/6237/4910 4867/6242/4910 4865/6243/4910 4861/6238/4910
s 1
f 4866/6239/4907 4870/6244/4911 4872/6245/4912 4868/6240/4908
s 0
f 4868/6241/4913 4872/6246/4913 4871/6247/4913 4867/6242/4913
f 4867/6242/4914 4871/6247/4914 4869/6248/4914 4865/6243/4914
s 1
f 4870/6244/4911 4874/6249/4915 4876/6250/4916 4872/6245/4912
s 0
f 4872/6246/4917 4876/6251/4917 4875/6252/4917 4871/6247/4917
f 4871/6247/4918 4875/6252/4918 4873/6253/4918 4869/6248/4918
s 1
f 4874/6249/4915 4878/6254/4919 4880/6255/4920 4876/6250/4916
s 0
f 4876/6251/4921 4880/6256/4921 4879/6257/4921 4875/6252/4921
f 4875/6252/4922 4879/6257/4922 4877/6258/4922 4873/6253/4922
s 1
f 4878/6254/4919 4882/6259/4923 4884/6260/4924 4880/6255/4920
s 0
f 4880/6256/4925 4884/6261/4925 4883/6262/4925 4879/6257/4925
f 4879/6257/4926 4883/6262/4926 4881/6263/4926 4877/6258/4926
s 1
f 4882/6259/4923 4886/6264/4927 4888/6265/4928 4884/6260/4924
s 0
f 4884/6261/4929 4888/6266/4929 4887/6267/4929 4883/6262/4929
f 4883/6262/4930 4887/6267/4930 4885/6268/4930 4881/6263/4930
s 1
f 4886/6264/4927 4890/6269/4931 4892/6270/4932 4888/6265/4928
s 0
f 4888/6266/4933 4892/6271/4933 4891/6272/4933 4887/6267/4933
f 4887/6267/4934 4891/6272/4934 4889/6273/4934 4885/6268/4934
s 1
f 4890/6269/4931 4894/6274/4935 4896/6275/4936 4892/6270/4932
s 0
f 4892/6271/4937 4896/6276/4937 4895/6277/4937 4891/6272/4937
f 4891/6272/4938 4895/6277/4938 4893/6278/4938 4889/6273/4938
s 1
f 4894/6274/4935 4898/6279/4939 4900/6280/4940 4896/6275/4936
s 0
f 4896/6276/4941 4900/6281/4941 4899/6282/4941 4895/6277/4941
f 4895/6277/4942 4899/6282/4942 4897/6283/4942 4893/6278/4942
s 1
f 4898/6279/4939 4902/6284/4943 4904/6285/4944 4900/6280/4940
s 0
f 4900/6281/4945 4904/6286/4945 4903/6287/4945 4899/6282/4945
f 4899/6282/4946 4903/6287/4946 4901/6288/4946 4897/6283/4946
s 1
f 4902/6284/4943 4906/6289/4947 4908/6290/4948 4904/6285/4944
s 0
f 4904/6286/4949 4908/6291/4949 4907/6292/4949 4903/6287/4949
f 4903/6287/4950 4907/6292/4950 4905/6293/4950 4901/6288/4950
s 1
f 4906/6289/4947 4910/6294/4951 4912/6295/4952 4908/6290/4948
s 0
f 4908/6291/4953 4912/6296/4953 4911/6297/4953 4907/6292/4953
f 4907/6292/4954 4911/6297/4954 4909/6298/4954 4905/6293/4954
f 4657/5982/4955 4909/6298/4955 4911/6297/4955 4659/5980/4955
f 4659/5980/4956 4911/6297/4956 4912/6296/4956 4660/5977/4956
s 1
f 4660/6299/4704 4912/6295/4952 4910/6294/4951 4658/6300/4701
f 4653/5646/4446 4402/5645/4445 4658/6300/4701 4910/6294/4951
s 0
f 4654/5653/4957 4650/5655/4957 4646/5660/4957 4642/5665/4957 4638/5670/4957 4634/5675/4957 4630/5680/4957 4626/5685/4957 4622/5690/4957 4618/5695/4957 4614/5700/4957 4610/5705/4957 4606/5710/4957 4602/5715/4957 4598/5720/4957 4594/5725/4957 4590/5730/4957 4586/5737/4957 4582/5742/4957 4578/5747/4957 4574/5752/4957 4570/5757/4957 4566/5762/4957 4562/5767/4957 4558/5772/4957 4554/5777/4957 4550/5782/4957 4546/5787/4957 4542/5792/4957 4538/5797/4957 4534/5802/4957 4530/5807/4957 4526/5812/4957 4522/5817/4957 4518/5822/4957 4514/5829/4957 4510/5834/4957 4506/5839/4957 4502/5844/4957 4498/5849/4957 4494/5854/4957 4490/5859/4957 4486/5864/4957 4482/5869/4957 4478/5874/4957 4474/5879/4957 4470/5884/4957 4466/5889/4957 4462/5894/4957 4458/5899/4957 4454/5904/4957 4450/5909/4957 4446/5916/4957 4442/5921/4957 4438/5926/4957 4434/5931/4957 4430/5936/4957 4426/5941/4957 4422/5946/4957 4418/5951/4957 4414/5956/4957 4410/5961/4957 4406/5966/4957 4401/5654/4957
s 1
f 4402/5972/4445 4405/5970/4698 4662/5974/4702 4658/5973/4701
f 4405/5970/4698 4409/5965/4694 4666/5983/4707 4662/5974/4702
f 4409/5965/4694 4413/5960/4690 4670/5988/4711 4666/5983/4707
f 4413/5960/4690 4417/5955/4686 4674/5993/4715 4670/5988/4711
f 4417/5955/4686 4421/5950/4682 4678/5998/4719 4674/5993/4715
f 4421/5950/4682 4425/5945/4678 4682/6003/4723 4678/5998/4719
f 4425/5945/4678 4429/5940/4674 4686/6008/4727 4682/6003/4723
f 4429/5940/4674 4433/5935/4670 4690/6013/4731 4686/6008/4727
f 4433/5935/4670 4437/5930/4666 4694/6018/4735 4690/6013/4731
f 4437/5930/4666 4441/5925/4662 4698/6023/4739 4694/6018/4735
f 4441/5925/4662 4445/5920/4658 4702/6028/4743 4698/6023/4739
f 4445/5920/4658 4449/5915/4654 4706/6033/4747 4702/6028/4743
f 4449/5915/4654 4453/5914/4650 4710/6038/4751 4706/6033/4747
f 4453/5908/4650 4457/5903/4646 4714/6044/4755 4710/6043/4751
f 4457/5903/4646 4461/5898/4642 4718/6050/4759 4714/6044/4755
f 4461/5898/4642 4465/5893/4638 4722/6055/4763 4718/6050/4759
f 4465/5893/4638 4469/5888/4634 4726/6060/4767 4722/6055/4763
f 4469/5888/4634 4473/5883/4630 4730/6065/4771 4726/6060/4767
f 4473/5883/4630 4477/5878/4626 4734/6070/4775 4730/6065/4771
f 4477/5878/4626 4481/5873/4622 4738/6075/4779 4734/6070/4775
f 4481/5873/4622 4485/5868/4618 4742/6080/4783 4738/6075/4779
f 4485/5868/4618 4489/5863/4614 4746/6085/4787 4742/6080/4783
f 4489/5863/4614 4493/5858/4610 4750/6090/4791 4746/6085/4787
f 4493/5858/4610 4497/5853/4606 4754/6095/4795 4750/6090/4791
f 4497/5853/4606 4501/5848/4602 4758/6100/4799 4754/6095/4795
f 4501/5848/4602 4505/5843/4598 4762/6105/4803 4758/6100/4799
f 4505/5843/4598 4509/5838/4594 4766/6110/4807 4762/6105/4803
f 4509/5838/4594 4513/5833/4590 4770/6115/4811 4766/6110/4807
f 4513/5833/4590 4517/5828/4586 4774/6120/4815 4770/6115/4811
f 4517/5828/4586 4521/5827/4582 4778/6125/4819 4774/6120/4815
f 4521/5821/4582 4525/5816/4578 4782/6131/4823 4778/6130/4819
f 4525/5816/4578 4529/5811/4574 4786/6137/4827 4782/6131/4823
f 4529/5811/4574 4533/5806/4570 4790/6142/4831 4786/6137/4827
f 4533/5806/4570 4537/5801/4566 4794/6147/4835 4790/6142/4831
f 4537/5801/4566 4541/5796/4562 4798/6152/4839 4794/6147/4835
f 4541/5796/4562 4545/5791/4558 4802/6157/4843 4798/6152/4839
f 4545/5791/4558 4549/5786/4554 4806/6162/4847 4802/6157/4843
f 4549/5786/4554 4553/5781/4550 4810/6167/4851 4806/6162/4847
f 4553/5781/4550 4557/5776/4546 4814/6172/4855 4810/6167/4851
f 4557/5776/4546 4561/5771/4542 4818/6177/4859 4814/6172/4855
f 4561/5771/4542 4565/5766/4538 4822/6182/4863 4818/6177/4859
f 4565/5766/4538 4569/5761/4534 4826/6187/4867 4822/6182/4863
f 4569/5761/4534 4573/5756/4530 4830/6192/4871 4826/6187/4867
f 4573/5756/4530 4577/5751/4526 4834/6197/4875 4830/6192/4871
f 4577/5751/4526 4581/5746/4522 4838/6202/4879 4834/6197/4875
f 4581/5746/4522 4585/5741/4518 4842/6207/4883 4838/6202/4879
f 4585/5741/4518 4589/5736/4514 4846/6212/4887 4842/6207/4883
f 4589/5736/4514 4593/5735/4510 4850/6217/4891 4846/6212/4887
f 4593/5729/4510 4597/5724/4506 4854/6223/4895 4850/6222/4891
f 4597/5724/4506 4601/5719/4502 4858/6229/4899 4854/6223/4895
f 4601/5719/4502 4605/5714/4498 4862/6234/4903 4858/6229/4899
f 4605/5714/4498 4609/5709/4494 4866/6239/4907 4862/6234/4903
f 4609/5709/4494 4613/5704/4490 4870/6244/4911 4866/6239/4907
f 4613/5704/4490 4617/5699/4486 4874/6249/4915 4870/6244/4911
f 4617/5699/4486 4621/5694/4482 4878/6254/4919 4874/6249/4915
f 4621/5694/4482 4625/5689/4478 4882/6259/4923 4878/6254/4919
f 4625/5689/4478 4629/5684/4474 4886/6264/4927 4882/6259/4923
f 4629/5684/4474 4633/5679/4470 4890/6269/4931 4886/6264/4927
f 4633/5679/4470 4637/5674/4466 4894/6274/4935 4890/6269/4931
f 4637/5674/4466 4641/5669/4462 4898/6279/4939 4894/6274/4935
f 4641/5669/4462 4645/5664/4458 4902/6284/4943 4898/6279/4939
f 4645/5664/4458 4649/5659/4454 4906/6289/4947 4902/6284/4943
f 4649/5659/4454 4653/5646/4446 4910/6294/4951 4906/6289/4947
s 0
f 4657/5982/4958 4661/5981/4958 4665/5987/4958 4669/5992/4958 4673/5997/4958 4677/6002/4958 4681/6007/4958 4685/6012/4958 4689/6017/4958 4693/6022/4958 4697/6027/4958 4701/6032/4958 4705/6037/4958 4709/6042/4958 4713/6049/4958 4717/6054/4958 4721/6059/4958 4725/6064/4958 4729/6069/4958 4733/6074/4958 4737/6079/4958 4741/6084/4958 4745/6089/4958 4749/6094/4958 4753/6099/4958 4757/6104/4958 4761/6109/4958 4765/6114/4958 4769/6119/4958 4773/6124/4958 4777/6129/4958 4781/6136/4958 4785/6141/4958 4789/6146/4958 4793/6151/4958 4797/6156/4958 4801/6161/4958 4805/6166/4958 4809/6171/4958 4813/6176/4958 4817/6181/4958 4821/6186/4958 4825/6191/4958 4829/6196/4958 4833/6201/4958 4837/6206/4958 4841/6211/4958 4845/6216/4958 4849/6221/4958 4853/6228/4958 4857/6233/4958 4861/6238/4958 4865/6243/4958 4869/6248/4958 4873/6253/4958 4877/6258/4958 4881/6263/4958 4885/6268/4958 4889/6273/4958 4893/6278/4958 4897/6283/4958 4901/6288/4958 4905/6293/4958 4909/6298/4958
o Impact_protection_below_head.001
v 0.454000 0.027802 -0.227519
v 0.453963 0.024743 -0.227718
v 0.453851 0.023335 -0.227809
v 0.453665 0.022243 -0.227880
v 0.453403 0.021331 -0.227940
v 0.453065 0.020544 -0.227991
v 0.452649 0.019858 -0.228036
v 0.452152 0.019256 -0.228075
v 0.451570 0.018731 -0.228109
v 0.450900 0.018275 -0.228139
v 0.450133 0.017885 -0.228164
v 0.449257 0.017559 -0.228185
v 0.448254 0.017293 -0.228203
v 0.447091 0.017088 -0.228216
v 0.445698 0.016942 -0.228225
v 0.443903 0.016855 -0.228231
v 0.440000 0.016826 -0.228233
v 0.436097 0.016855 -0.228231
v 0.434302 0.016942 -0.228225
v 0.432909 0.017088 -0.228216
v 0.431746 0.017293 -0.228203
v 0.430743 0.017559 -0.228185
v 0.429867 0.017885 -0.228164
v 0.429100 0.018275 -0.228139
v 0.428430 0.018731 -0.228109
v 0.427848 0.019256 -0.228075
v 0.427351 0.019858 -0.228036
v 0.426935 0.020544 -0.227991
v 0.426597 0.021331 -0.227940
v 0.426335 0.022243 -0.227880
v 0.426149 0.023335 -0.227809
v 0.426037 0.024743 -0.227718
v 0.426000 0.027802 -0.227519
v 0.426037 0.030862 -0.227319
v 0.426149 0.032270 -0.227228
v 0.426335 0.033362 -0.227157
v 0.426597 0.034274 -0.227097
v 0.426935 0.035061 -0.227046
v 0.427351 0.035747 -0.227001
v 0.427848 0.036349 -0.226962
v 0.428430 0.036874 -0.226928
v 0.429100 0.037330 -0.226898
v 0.429867 0.037720 -0.226873
v 0.430743 0.038046 -0.226852
v 0.431746 0.038312 -0.226834
v 0.432909 0.038517 -0.226821
v 0.434302 0.038663 -0.226812
v 0.436097 0.038750 -0.226806
v 0.440000 0.038779 -0.226804
v 0.443903 0.038750 -0.226806
v 0.445698 0.038663 -0.226812
v 0.447091 0.038517 -0.226821
v 0.448254 0.038312 -0.226834
v 0.449257 0.038046 -0.226852
v 0.450133 0.037720 -0.226873
v 0.450900 0.037330 -0.226898
v 0.451570 0.036874 -0.226928
v 0.452152 0.036349 -0.226962
v 0.452649 0.035747 -0.227001
v 0.453065 0.035061 -0.227046
v 0.453403 0.034274 -0.227097
v 0.453665 0.033362 -0.227157
v 0.453851 0.032270 -0.227228
v 0.453963 0.030862 -0.227319
v 0.448200 0.026633 -0.209557
v 0.449214 0.026683 -0.210325
v 0.448629 0.026640 -0.209659
v 0.449000 0.026658 -0.209941
v 0.449189 0.024689 -0.210455
v 0.448177 0.024723 -0.209681
v 0.448976 0.024692 -0.210069
v 0.448605 0.024705 -0.209785
v 0.449116 0.023771 -0.210514
v 0.448110 0.023890 -0.209735
v 0.448904 0.023794 -0.210127
v 0.448536 0.023837 -0.209842
v 0.448993 0.023059 -0.210560
v 0.448004 0.023275 -0.209775
v 0.448784 0.023101 -0.210172
v 0.448422 0.023180 -0.209885
v 0.448821 0.022464 -0.210599
v 0.447862 0.022786 -0.209807
v 0.448618 0.022526 -0.210209
v 0.448267 0.022643 -0.209920
v 0.448599 0.021952 -0.210633
v 0.447687 0.022383 -0.209833
v 0.448403 0.022032 -0.210242
v 0.448070 0.022190 -0.209949
v 0.448325 0.021504 -0.210662
v 0.447479 0.022044 -0.209855
v 0.448141 0.021603 -0.210270
v 0.447831 0.021801 -0.209974
v 0.447997 0.021112 -0.210688
v 0.447234 0.021750 -0.209874
v 0.447827 0.021228 -0.210294
v 0.447548 0.021462 -0.209997
v 0.447615 0.020769 -0.210711
v 0.446945 0.021491 -0.209891
v 0.447461 0.020899 -0.210316
v 0.447215 0.021164 -0.210016
v 0.447174 0.020472 -0.210732
v 0.446602 0.021261 -0.209906
v 0.447036 0.020614 -0.210335
v 0.446827 0.020902 -0.210033
v 0.446670 0.020218 -0.210749
v 0.446194 0.021055 -0.209920
v 0.446549 0.020368 -0.210352
v 0.446375 0.020675 -0.210048
v 0.446093 0.020005 -0.210764
v 0.445710 0.020877 -0.209931
v 0.445990 0.020162 -0.210366
v 0.445850 0.020481 -0.210061
v 0.445433 0.019831 -0.210776
v 0.445136 0.020726 -0.209941
v 0.445347 0.019993 -0.210377
v 0.445238 0.020321 -0.210072
v 0.444667 0.019698 -0.210786
v 0.444448 0.020606 -0.209949
v 0.444598 0.019862 -0.210386
v 0.444518 0.020195 -0.210080
v 0.443751 0.019602 -0.210793
v 0.443603 0.020519 -0.209955
v 0.443699 0.019769 -0.210393
v 0.443645 0.020104 -0.210086
v 0.442569 0.019545 -0.210797
v 0.442486 0.020465 -0.209958
v 0.442536 0.019713 -0.210396
v 0.442506 0.020049 -0.210089
v 0.440000 0.019526 -0.210798
v 0.440000 0.020446 -0.209959
v 0.440000 0.019694 -0.210398
v 0.440000 0.020031 -0.210091
v 0.437431 0.019545 -0.210797
v 0.437514 0.020465 -0.209958
v 0.437464 0.019713 -0.210396
v 0.437494 0.020049 -0.210089
v 0.436249 0.019602 -0.210793
v 0.436397 0.020519 -0.209955
v 0.436301 0.019769 -0.210393
v 0.436355 0.020104 -0.210086
v 0.435333 0.019698 -0.210786
v 0.435552 0.020606 -0.209949
v 0.435402 0.019862 -0.210386
v 0.435482 0.020195 -0.210080
v 0.434567 0.019831 -0.210776
v 0.434864 0.020726 -0.209941
v 0.434653 0.019993 -0.210377
v 0.434762 0.020321 -0.210072
v 0.433907 0.020005 -0.210764
v 0.434290 0.020877 -0.209931
v 0.434010 0.020162 -0.210366
v 0.434150 0.020481 -0.210061
v 0.433330 0.020218 -0.210749
v 0.433806 0.021055 -0.209920
v 0.433451 0.020368 -0.210352
v 0.433625 0.020675 -0.210048
v 0.432826 0.020472 -0.210732
v 0.433398 0.021261 -0.209906
v 0.432964 0.020614 -0.210335
v 0.433173 0.020902 -0.210033
v 0.432385 0.020769 -0.210711
v 0.433055 0.021491 -0.209891
v 0.432539 0.020899 -0.210316
v 0.432785 0.021164 -0.210016
v 0.432003 0.021112 -0.210688
v 0.432766 0.021750 -0.209874
v 0.432173 0.021228 -0.210294
v 0.432452 0.021462 -0.209997
v 0.431675 0.021504 -0.210662
v 0.432521 0.022044 -0.209855
v 0.431859 0.021603 -0.210270
v 0.432169 0.021801 -0.209974
v 0.431401 0.021952 -0.210633
v 0.432313 0.022383 -0.209833
v 0.431597 0.022032 -0.210242
v 0.431930 0.022190 -0.209949
v 0.431179 0.022464 -0.210599
v 0.432138 0.022786 -0.209807
v 0.431382 0.022526 -0.210209
v 0.431733 0.022643 -0.209920
v 0.431007 0.023059 -0.210560
v 0.431996 0.023275 -0.209775
v 0.431216 0.023101 -0.210172
v 0.431578 0.023180 -0.209885
v 0.430884 0.023771 -0.210514
v 0.431890 0.023890 -0.209735
v 0.431096 0.023794 -0.210127
v 0.431464 0.023837 -0.209842
v 0.430811 0.024689 -0.210455
v 0.431823 0.024723 -0.209681
v 0.431024 0.024692 -0.210069
v 0.431395 0.024705 -0.209785
v 0.430786 0.026683 -0.210325
v 0.431800 0.026633 -0.209557
v 0.431000 0.026658 -0.209941
v 0.431371 0.026640 -0.209659
v 0.430811 0.028678 -0.210195
v 0.431823 0.028544 -0.209432
v 0.431024 0.028624 -0.209813
v 0.431395 0.028575 -0.209533
v 0.430884 0.029596 -0.210135
v 0.431890 0.029377 -0.209378
v 0.431096 0.029523 -0.209754
v 0.431464 0.029443 -0.209477
v 0.431007 0.030308 -0.210089
v 0.431996 0.029992 -0.209338
v 0.431216 0.030215 -0.209709
v 0.431578 0.030100 -0.209434
v 0.431179 0.030902 -0.210050
v 0.432138 0.030481 -0.209306
v 0.431382 0.030791 -0.209671
v 0.431733 0.030637 -0.209399
v 0.431401 0.031415 -0.210017
v 0.432313 0.030883 -0.209280
v 0.431597 0.031284 -0.209639
v 0.431930 0.031090 -0.209370
v 0.431675 0.031863 -0.209988
v 0.432521 0.031223 -0.209258
v 0.431859 0.031713 -0.209612
v 0.432169 0.031479 -0.209344
v 0.432003 0.032255 -0.209963
v 0.432766 0.031516 -0.209239
v 0.432173 0.032089 -0.209587
v 0.432452 0.031819 -0.209322
v 0.432385 0.032598 -0.209941
v 0.433055 0.031775 -0.209222
v 0.432539 0.032417 -0.209567
v 0.432785 0.032116 -0.209303
v 0.432826 0.032895 -0.209923
v 0.433398 0.032006 -0.209207
v 0.432964 0.032703 -0.209548
v 0.433173 0.032378 -0.209286
v 0.433330 0.033149 -0.209907
v 0.433806 0.032211 -0.209193
v 0.433451 0.032949 -0.209533
v 0.433625 0.032605 -0.209272
v 0.433907 0.033363 -0.209895
v 0.434290 0.032390 -0.209182
v 0.434010 0.033155 -0.209520
v 0.434150 0.032799 -0.209259
v 0.434567 0.033536 -0.209884
v 0.434864 0.032540 -0.209172
v 0.434653 0.033324 -0.209510
v 0.434762 0.032959 -0.209249
v 0.435333 0.033670 -0.209876
v 0.435552 0.032660 -0.209164
v 0.435402 0.033455 -0.209502
v 0.435482 0.033085 -0.209241
v 0.436249 0.033765 -0.209871
v 0.436397 0.032748 -0.209159
v 0.436301 0.033548 -0.209496
v 0.436355 0.033176 -0.209235
v 0.437431 0.033822 -0.209868
v 0.437514 0.032802 -0.209155
v 0.437464 0.033604 -0.209492
v 0.437494 0.033231 -0.209231
v 0.440000 0.033841 -0.209866
v 0.440000 0.032820 -0.209154
v 0.440000 0.033623 -0.209491
v 0.440000 0.033249 -0.209230
v 0.442569 0.033822 -0.209868
v 0.442486 0.032802 -0.209155
v 0.442536 0.033604 -0.209492
v 0.442506 0.033231 -0.209231
v 0.443751 0.033765 -0.209871
v 0.443603 0.032748 -0.209159
v 0.443699 0.033548 -0.209496
v 0.443645 0.033176 -0.209235
v 0.444667 0.033670 -0.209876
v 0.444448 0.032660 -0.209164
v 0.444598 0.033455 -0.209502
v 0.444518 0.033085 -0.209241
v 0.445433 0.033536 -0.209884
v 0.445136 0.032540 -0.209172
v 0.445347 0.033324 -0.209510
v 0.445238 0.032959 -0.209249
v 0.446093 0.033363 -0.209895
v 0.445710 0.032390 -0.209182
v 0.445990 0.033155 -0.209520
v 0.445850 0.032799 -0.209259
v 0.446670 0.033149 -0.209907
v 0.446194 0.032211 -0.209193
v 0.446549 0.032949 -0.209533
v 0.446375 0.032605 -0.209272
v 0.447174 0.032895 -0.209923
v 0.446602 0.032006 -0.209207
v 0.447036 0.032703 -0.209548
v 0.446827 0.032378 -0.209286
v 0.447615 0.032598 -0.209941
v 0.446945 0.031775 -0.209222
v 0.447461 0.032417 -0.209567
v 0.447215 0.032116 -0.209303
v 0.447997 0.032255 -0.209963
v 0.447234 0.031516 -0.209239
v 0.447827 0.032089 -0.209587
v 0.447548 0.031819 -0.209322
v 0.448325 0.031863 -0.209988
v 0.447479 0.031223 -0.209258
v 0.448141 0.031713 -0.209612
v 0.447831 0.031479 -0.209344
v 0.448599 0.031415 -0.210017
v 0.447687 0.030883 -0.209280
v 0.448403 0.031284 -0.209639
v 0.448070 0.031090 -0.209370
v 0.448821 0.030902 -0.210050
v 0.447862 0.030481 -0.209306
v 0.448618 0.030791 -0.209671
v 0.448267 0.030637 -0.209399
v 0.448993 0.030308 -0.210089
v 0.448004 0.029992 -0.209338
v 0.448784 0.030215 -0.209709
v 0.448422 0.030100 -0.209434
v 0.449116 0.029596 -0.210135
v 0.448110 0.029377 -0.209378
v 0.448904 0.029523 -0.209754
v 0.448536 0.029443 -0.209477
v 0.449189 0.028678 -0.210195
v 0.448177 0.028544 -0.209432
v 0.448976 0.028624 -0.209813
v 0.448605 0.028575 -0.209533
v 0.453200 0.029296 -0.250470
v 0.454000 0.029244 -0.249672
v 0.453600 0.029289 -0.250363
v 0.453893 0.029270 -0.250071
v 0.453163 0.026273 -0.250667
v 0.453963 0.026185 -0.249871
v 0.453563 0.026248 -0.250561
v 0.453856 0.026216 -0.250270
v 0.453057 0.024927 -0.250754
v 0.453851 0.024777 -0.249962
v 0.453454 0.024871 -0.250651
v 0.453745 0.024816 -0.250361
v 0.452884 0.023914 -0.250820
v 0.453665 0.023685 -0.250033
v 0.453275 0.023819 -0.250719
v 0.453561 0.023735 -0.250431
v 0.452648 0.023093 -0.250874
v 0.453403 0.022773 -0.250093
v 0.453026 0.022952 -0.250776
v 0.453302 0.022834 -0.250490
v 0.452352 0.022404 -0.250919
v 0.453065 0.021986 -0.250144
v 0.452709 0.022214 -0.250824
v 0.452970 0.022061 -0.250540
v 0.451994 0.021815 -0.250957
v 0.452649 0.021300 -0.250189
v 0.452322 0.021576 -0.250865
v 0.452561 0.021388 -0.250584
v 0.451571 0.021303 -0.250990
v 0.452152 0.020698 -0.250228
v 0.451861 0.021020 -0.250901
v 0.452074 0.020798 -0.250622
v 0.451074 0.020853 -0.251020
v 0.451570 0.020173 -0.250262
v 0.451322 0.020532 -0.250933
v 0.451504 0.020283 -0.250656
v 0.450492 0.020457 -0.251045
v 0.450900 0.019717 -0.250292
v 0.450696 0.020106 -0.250961
v 0.450845 0.019835 -0.250685
v 0.449810 0.020111 -0.251068
v 0.450133 0.019327 -0.250317
v 0.449972 0.019738 -0.250985
v 0.450090 0.019451 -0.250710
v 0.449014 0.019814 -0.251087
v 0.449257 0.019001 -0.250338
v 0.449136 0.019426 -0.251005
v 0.449225 0.019129 -0.250731
v 0.448082 0.019568 -0.251103
v 0.448254 0.018735 -0.250356
v 0.448168 0.019171 -0.251022
v 0.448231 0.018866 -0.250748
v 0.446979 0.019373 -0.251116
v 0.447091 0.018530 -0.250369
v 0.447035 0.018971 -0.251035
v 0.447076 0.018662 -0.250761
v 0.445637 0.019232 -0.251125
v 0.445698 0.018384 -0.250379
v 0.445668 0.018827 -0.251044
v 0.445690 0.018517 -0.250771
v 0.443880 0.019147 -0.251131
v 0.443903 0.018297 -0.250384
v 0.443891 0.018741 -0.251050
v 0.443899 0.018430 -0.250776
v 0.440000 0.019118 -0.251132
v 0.440000 0.018268 -0.250386
v 0.440000 0.018712 -0.251052
v 0.440000 0.018401 -0.250778
v 0.436120 0.019147 -0.251131
v 0.436097 0.018297 -0.250384
v 0.436109 0.018741 -0.251050
v 0.436101 0.018430 -0.250776
v 0.434363 0.019232 -0.251125
v 0.434302 0.018384 -0.250379
v 0.434332 0.018827 -0.251044
v 0.434310 0.018517 -0.250771
v 0.433021 0.019373 -0.251116
v 0.432909 0.018530 -0.250369
v 0.432965 0.018971 -0.251035
v 0.432924 0.018662 -0.250761
v 0.431918 0.019568 -0.251103
v 0.431746 0.018735 -0.250356
v 0.431832 0.019171 -0.251022
v 0.431769 0.018866 -0.250748
v 0.430986 0.019814 -0.251087
v 0.430743 0.019001 -0.250338
v 0.430864 0.019426 -0.251005
v 0.430775 0.019129 -0.250731
v 0.430190 0.020111 -0.251068
v 0.429867 0.019327 -0.250317
v 0.430028 0.019738 -0.250985
v 0.429910 0.019451 -0.250710
v 0.429508 0.020457 -0.251045
v 0.429100 0.019717 -0.250292
v 0.429304 0.020106 -0.250961
v 0.429155 0.019835 -0.250685
v 0.428926 0.020853 -0.251020
v 0.428430 0.020173 -0.250262
v 0.428678 0.020532 -0.250933
v 0.428496 0.020283 -0.250656
v 0.428429 0.021303 -0.250990
v 0.427848 0.020698 -0.250228
v 0.428139 0.021020 -0.250901
v 0.427926 0.020798 -0.250622
v 0.428006 0.021815 -0.250957
v 0.427351 0.021300 -0.250189
v 0.427678 0.021576 -0.250865
v 0.427439 0.021388 -0.250584
v 0.427648 0.022404 -0.250919
v 0.426935 0.021986 -0.250144
v 0.427291 0.022214 -0.250824
v 0.427030 0.022061 -0.250540
v 0.427352 0.023093 -0.250874
v 0.426597 0.022773 -0.250093
v 0.426974 0.022952 -0.250776
v 0.426698 0.022834 -0.250490
v 0.427116 0.023914 -0.250820
v 0.426335 0.023685 -0.250033
v 0.426725 0.023819 -0.250719
v 0.426439 0.023735 -0.250431
v 0.426943 0.024927 -0.250754
v 0.426149 0.024777 -0.249962
v 0.426546 0.024871 -0.250651
v 0.426255 0.024816 -0.250361
v 0.426837 0.026273 -0.250667
v 0.426037 0.026185 -0.249871
v 0.426437 0.026248 -0.250561
v 0.426144 0.026216 -0.250270
v 0.426800 0.029296 -0.250470
v 0.426000 0.029244 -0.249672
v 0.426400 0.029289 -0.250363
v 0.426107 0.029270 -0.250071
v 0.426837 0.032320 -0.250273
v 0.426037 0.032304 -0.249472
v 0.426437 0.032331 -0.250165
v 0.426144 0.032325 -0.249872
v 0.426943 0.033666 -0.250186
v 0.426149 0.033712 -0.249381
v 0.426546 0.033708 -0.250075
v 0.426255 0.033725 -0.249781
v 0.427116 0.034678 -0.250120
v 0.426335 0.034804 -0.249310
v 0.426725 0.034760 -0.250007
v 0.426439 0.034806 -0.249710
v 0.427352 0.035500 -0.250066
v 0.426597 0.035716 -0.249250
v 0.426974 0.035627 -0.249950
v 0.426698 0.035706 -0.249652
v 0.427648 0.036189 -0.250021
v 0.426935 0.036503 -0.249199
v 0.427291 0.036365 -0.249902
v 0.427030 0.036480 -0.249602
v 0.428006 0.036778 -0.249983
v 0.427351 0.037189 -0.249154
v 0.427678 0.037003 -0.249861
v 0.427439 0.037153 -0.249558
v 0.428429 0.037290 -0.249950
v 0.427848 0.037791 -0.249115
v 0.428139 0.037559 -0.249825
v 0.427926 0.037743 -0.249519
v 0.428926 0.037740 -0.249920
v 0.428430 0.038316 -0.249081
v 0.428678 0.038047 -0.249793
v 0.428496 0.038258 -0.249486
v 0.429508 0.038136 -0.249895
v 0.429100 0.038772 -0.249051
v 0.429304 0.038473 -0.249765
v 0.429155 0.038706 -0.249457
v 0.430190 0.038482 -0.249872
v 0.429867 0.039162 -0.249026
v 0.430028 0.038841 -0.249741
v 0.429910 0.039090 -0.249432
v 0.430986 0.038779 -0.249853
v 0.430743 0.039488 -0.249005
v 0.430864 0.039152 -0.249721
v 0.430775 0.039412 -0.249411
v 0.431918 0.039025 -0.249837
v 0.431746 0.039754 -0.248988
v 0.431832 0.039408 -0.249704
v 0.431769 0.039675 -0.249394
v 0.433021 0.039220 -0.249824
v 0.432909 0.039959 -0.248974
v 0.432965 0.039608 -0.249691
v 0.432924 0.039879 -0.249380
v 0.434363 0.039360 -0.249815
v 0.434302 0.040105 -0.248965
v 0.434332 0.039752 -0.249682
v 0.434310 0.040024 -0.249371
v 0.436120 0.039446 -0.249809
v 0.436097 0.040192 -0.248959
v 0.436109 0.039838 -0.249676
v 0.436101 0.040111 -0.249365
v 0.440000 0.039475 -0.249807
v 0.440000 0.040221 -0.248957
v 0.440000 0.039867 -0.249674
v 0.440000 0.040140 -0.249363
v 0.443880 0.039446 -0.249809
v 0.443903 0.040192 -0.248959
v 0.443891 0.039838 -0.249676
v 0.443899 0.040111 -0.249365
v 0.445637 0.039360 -0.249815
v 0.445698 0.040105 -0.248965
v 0.445668 0.039752 -0.249682
v 0.445690 0.040024 -0.249371
v 0.446979 0.039220 -0.249824
v 0.447091 0.039959 -0.248974
v 0.447035 0.039608 -0.249691
v 0.447076 0.039879 -0.249380
v 0.448082 0.039025 -0.249837
v 0.448254 0.039754 -0.248988
v 0.448168 0.039408 -0.249704
v 0.448231 0.039675 -0.249394
v 0.449014 0.038779 -0.249853
v 0.449257 0.039488 -0.249005
v 0.449136 0.039152 -0.249721
v 0.449225 0.039412 -0.249411
v 0.449810 0.038482 -0.249872
v 0.450133 0.039162 -0.249026
v 0.449972 0.038841 -0.249741
v 0.450090 0.039090 -0.249432
v 0.450492 0.038136 -0.249895
v 0.450900 0.038772 -0.249051
v 0.450696 0.038473 -0.249765
v 0.450845 0.038706 -0.249457
v 0.451074 0.037740 -0.249920
v 0.451570 0.038316 -0.249081
v 0.451322 0.038047 -0.249793
v 0.451504 0.038258 -0.249486
v 0.451571 0.037290 -0.249950
v 0.452152 0.037791 -0.249115
v 0.451861 0.037559 -0.249825
v 0.452074 0.037743 -0.249519
v 0.451994 0.036778 -0.249983
v 0.452649 0.037189 -0.249154
v 0.452322 0.037003 -0.249861
v 0.452561 0.037153 -0.249558
v 0.452352 0.036189 -0.250021
v 0.453065 0.036503 -0.249199
v 0.452709 0.036365 -0.249902
v 0.452970 0.036480 -0.249602
v 0.452648 0.035500 -0.250066
v 0.453403 0.035716 -0.249250
v 0.453026 0.035627 -0.249950
v 0.453302 0.035706 -0.249652
v 0.452884 0.034678 -0.250120
v 0.453665 0.034804 -0.249310
v 0.453275 0.034760 -0.250007
v 0.453561 0.034806 -0.249710
v 0.453057 0.033666 -0.250186
v 0.453851 0.033712 -0.249381
v 0.453454 0.033708 -0.250075
v 0.453745 0.033725 -0.249781
v 0.453163 0.032320 -0.250273
v 0.453963 0.032304 -0.249472
v 0.453563 0.032331 -0.250165
v 0.453856 0.032325 -0.249872
vn 0.9623 -0.0177 0.2714
vn 0.9615 0.0142 0.2745
vn 0.8729 -0.0025 0.4879
vn 0.8739 -0.0316 0.4851
vn 0.6047 -0.0444 0.7952
vn 0.2339 -0.0603 0.9704
vn 0.2330 -0.0446 0.9715
vn 0.6018 -0.0039 0.7986
vn 0.8649 0.0753 0.4963
vn 0.9541 0.0956 0.2839
vn 0.2301 -0.0237 0.9729
vn 0.5935 0.0500 0.8033
vn 0.8476 0.1608 0.5056
vn 0.9362 0.1909 0.2951
vn 0.2239 0.0014 0.9746
vn 0.5770 0.1144 0.8087
vn 0.8166 0.2596 0.5156
vn 0.9032 0.3002 0.3068
vn 0.2137 0.0293 0.9765
vn 0.5498 0.1859 0.8143
vn 0.7689 0.3655 0.5246
vn 0.8515 0.4174 0.3173
vn 0.1987 0.0581 0.9783
vn 0.5109 0.2599 0.8194
vn 0.7038 0.4715 0.5314
vn 0.7802 0.5345 0.3250
vn 0.1791 0.0858 0.9801
vn 0.4605 0.3312 0.8235
vn 0.6237 0.5699 0.5350
vn 0.6918 0.6431 0.3285
vn 0.1559 0.1104 0.9816
vn 0.4015 0.3953 0.8262
vn 0.5336 0.6549 0.5352
vn 0.5918 0.7364 0.3279
vn 0.1309 0.1308 0.9827
vn 0.3378 0.4487 0.8274
vn 0.4398 0.7233 0.5324
vn 0.4875 0.8110 0.3235
vn 0.1058 0.1465 0.9835
vn 0.2735 0.4907 0.8273
vn 0.3482 0.7748 0.5277
vn 0.3855 0.8666 0.3168
vn 0.0818 0.1579 0.9841
vn 0.2121 0.5216 0.8264
vn 0.2630 0.8114 0.5219
vn 0.2905 0.9056 0.3091
vn 0.0600 0.1656 0.9844
vn 0.1560 0.5433 0.8249
vn 0.1867 0.8359 0.5161
vn 0.2056 0.9311 0.3013
vn 0.0409 0.1706 0.9845
vn 0.1064 0.5574 0.8234
vn 0.1209 0.8511 0.5109
vn 0.1322 0.9465 0.2944
vn 0.0246 0.1735 0.9845
vn 0.0642 0.5660 0.8219
vn 0.0664 0.8595 0.5067
vn 0.0710 0.9547 0.2890
vn 0.0115 0.1749 0.9845
vn 0.0300 0.5705 0.8207
vn 0.0181 0.8637 0.5036
vn 0.0199 0.9583 0.2852
vn 0.0018 0.1754 0.9845
vn 0.0046 0.5722 0.8201
vn -0.0000 0.8643 0.5030
vn -0.0000 0.9587 0.2843
vn -0.0018 0.1754 0.9845
vn -0.0046 0.5722 0.8201
vn -0.0181 0.8637 0.5036
vn -0.0199 0.9583 0.2852
vn -0.0115 0.1749 0.9845
vn -0.0300 0.5705 0.8207
vn -0.0664 0.8595 0.5067
vn -0.0710 0.9547 0.2890
vn -0.0246 0.1735 0.9845
vn -0.0642 0.5660 0.8219
vn -0.1209 0.8511 0.5109
vn -0.1322 0.9465 0.2944
vn -0.0409 0.1706 0.9845
vn -0.1064 0.5574 0.8234
vn -0.1867 0.8359 0.5161
vn -0.2056 0.9311 0.3013
vn -0.0600 0.1656 0.9844
vn -0.1560 0.5433 0.8249
vn -0.2630 0.8114 0.5219
vn -0.2905 0.9056 0.3091
vn -0.0818 0.1579 0.9841
vn -0.2121 0.5216 0.8264
vn -0.3482 0.7748 0.5277
vn -0.3855 0.8666 0.3168
vn -0.1057 0.1465 0.9835
vn -0.2735 0.4907 0.8273
vn -0.4398 0.7233 0.5324
vn -0.4875 0.8110 0.3235
vn -0.1309 0.1308 0.9827
vn -0.3378 0.4487 0.8274
vn -0.5336 0.6549 0.5352
vn -0.5918 0.7364 0.3279
vn -0.1559 0.1104 0.9816
vn -0.4016 0.3952 0.8262
vn -0.6237 0.5699 0.5350
vn -0.6918 0.6431 0.3285
vn -0.1791 0.0858 0.9801
vn -0.4605 0.3312 0.8235
vn -0.7038 0.4715 0.5314
vn -0.7802 0.5345 0.3250
vn -0.1986 0.0581 0.9784
vn -0.5109 0.2599 0.8194
vn -0.7689 0.3655 0.5246
vn -0.8515 0.4174 0.3173
vn -0.2137 0.0293 0.9765
vn -0.5498 0.1859 0.8143
vn -0.8166 0.2596 0.5156
vn -0.9032 0.3002 0.3068
vn -0.2240 0.0014 0.9746
vn -0.5770 0.1144 0.8087
vn -0.8476 0.1608 0.5056
vn -0.9362 0.1909 0.2951
vn -0.2301 -0.0237 0.9729
vn -0.5935 0.0500 0.8033
vn -0.8649 0.0753 0.4963
vn -0.9541 0.0956 0.2839
vn -0.2330 -0.0446 0.9714
vn -0.6018 -0.0039 0.7986
vn -0.8729 -0.0025 0.4879
vn -0.9615 0.0142 0.2745
vn -0.2339 -0.0603 0.9704
vn -0.6047 -0.0444 0.7952
vn -0.8739 -0.0316 0.4851
vn -0.9623 -0.0176 0.2714
vn -0.2339 -0.0660 0.9700
vn -0.6047 -0.0591 0.7943
vn -0.8729 -0.0608 0.4841
vn -0.9615 -0.0497 0.2704
vn -0.2330 -0.0817 0.9690
vn -0.6018 -0.0997 0.7924
vn -0.8649 -0.1390 0.4824
vn -0.9541 -0.1316 0.2691
vn -0.2301 -0.1026 0.9677
vn -0.5935 -0.1537 0.7900
vn -0.8476 -0.2250 0.4805
vn -0.9362 -0.2275 0.2678
vn -0.2239 -0.1278 0.9662
vn -0.5770 -0.2183 0.7871
vn -0.8166 -0.3242 0.4776
vn -0.9032 -0.3375 0.2653
vn -0.2137 -0.1556 0.9644
vn -0.5498 -0.2899 0.7833
vn -0.7689 -0.4305 0.4728
vn -0.8515 -0.4550 0.2605
vn -0.1987 -0.1845 0.9626
vn -0.5109 -0.3639 0.7788
vn -0.7038 -0.5364 0.4658
vn -0.7802 -0.5721 0.2530
vn -0.1791 -0.2121 0.9607
vn -0.4605 -0.4352 0.7736
vn -0.6237 -0.6345 0.4566
vn -0.6918 -0.6802 0.2424
vn -0.1559 -0.2368 0.9590
vn -0.4015 -0.4990 0.7680
vn -0.5336 -0.7187 0.4457
vn -0.5918 -0.7727 0.2296
vn -0.1309 -0.2571 0.9575
vn -0.3378 -0.5522 0.7622
vn -0.4398 -0.7862 0.4342
vn -0.4875 -0.8461 0.2157
vn -0.1058 -0.2728 0.9562
vn -0.2735 -0.5938 0.7567
vn -0.3482 -0.8367 0.4228
vn -0.3855 -0.9004 0.2018
vn -0.0818 -0.2841 0.9553
vn -0.2121 -0.6244 0.7518
vn -0.2630 -0.8723 0.4123
vn -0.2905 -0.9380 0.1891
vn -0.0600 -0.2918 0.9546
vn -0.1560 -0.6456 0.7476
vn -0.1867 -0.8958 0.4034
vn -0.2056 -0.9623 0.1781
vn -0.0409 -0.2968 0.9541
vn -0.1064 -0.6595 0.7442
vn -0.1209 -0.9101 0.3963
vn -0.1322 -0.9767 0.1692
vn -0.0246 -0.2997 0.9537
vn -0.0642 -0.6678 0.7416
vn -0.0664 -0.9180 0.3910
vn -0.0710 -0.9841 0.1628
vn -0.0115 -0.3011 0.9535
vn -0.0300 -0.6721 0.7399
vn -0.0181 -0.9217 0.3874
vn -0.0199 -0.9872 0.1585
vn -0.0018 -0.3016 0.9534
vn -0.0046 -0.6737 0.7390
vn -0.0000 -0.9222 0.3867
vn -0.0000 -0.9875 0.1576
vn 0.0018 -0.3016 0.9534
vn 0.0046 -0.6737 0.7390
vn 0.0181 -0.9217 0.3874
vn 0.0199 -0.9872 0.1585
vn 0.0115 -0.3011 0.9535
vn 0.0300 -0.6721 0.7399
vn 0.0664 -0.9180 0.3910
vn 0.0710 -0.9841 0.1628
vn 0.0246 -0.2997 0.9537
vn 0.0642 -0.6678 0.7416
vn 0.1209 -0.9102 0.3963
vn 0.1322 -0.9767 0.1692
vn 0.0409 -0.2968 0.9541
vn 0.1064 -0.6595 0.7442
vn 0.1867 -0.8958 0.4034
vn 0.2056 -0.9623 0.1781
vn 0.0600 -0.2918 0.9546
vn 0.1560 -0.6456 0.7476
vn 0.2630 -0.8723 0.4123
vn 0.2905 -0.9380 0.1891
vn 0.0818 -0.2841 0.9553
vn 0.2121 -0.6244 0.7518
vn 0.3482 -0.8367 0.4228
vn 0.3855 -0.9004 0.2018
vn 0.1057 -0.2728 0.9563
vn 0.2735 -0.5938 0.7567
vn 0.4398 -0.7862 0.4342
vn 0.4875 -0.8461 0.2157
vn 0.1309 -0.2571 0.9575
vn 0.3378 -0.5522 0.7622
vn 0.5336 -0.7187 0.4457
vn 0.5918 -0.7727 0.2296
vn 0.1559 -0.2368 0.9590
vn 0.4016 -0.4990 0.7679
vn 0.6237 -0.6345 0.4566
vn 0.6918 -0.6802 0.2424
vn 0.1791 -0.2121 0.9607
vn 0.4605 -0.4352 0.7736
vn 0.7038 -0.5364 0.4658
vn 0.7802 -0.5721 0.2530
vn 0.1986 -0.1845 0.9626
vn 0.5109 -0.3639 0.7788
vn 0.7689 -0.4305 0.4728
vn 0.8515 -0.4550 0.2605
vn 0.2137 -0.1556 0.9644
vn 0.5498 -0.2899 0.7833
vn 0.8166 -0.3242 0.4776
vn 0.9032 -0.3375 0.2653
vn 0.2240 -0.1278 0.9662
vn 0.5770 -0.2183 0.7871
vn 0.8476 -0.2250 0.4805
vn 0.9362 -0.2275 0.2678
vn 0.2301 -0.1026 0.9677
vn 0.5935 -0.1537 0.7900
vn 0.8649 -0.1390 0.4824
vn 0.9541 -0.1316 0.2691
vn 0.2330 -0.0817 0.9690
vn 0.6018 -0.0997 0.7924
vn 0.8729 -0.0608 0.4841
vn 0.9615 -0.0497 0.2704
vn 0.2339 -0.0660 0.9700
vn 0.6047 -0.0591 0.7943
vn 1.0000 0.0003 -0.0048
vn 0.9994 -0.0328 -0.0069
vn 0.9653 -0.0151 -0.2606
vn 0.9659 0.0168 -0.2583
vn 0.7071 0.0374 -0.7061
vn 0.2588 0.0596 -0.9641
vn 0.9930 -0.1175 -0.0124
vn 0.9591 -0.0969 -0.2660
vn 0.7049 -0.0096 -0.7092
vn 0.2580 0.0424 -0.9652
vn 0.9760 -0.2169 -0.0189
vn 0.9418 -0.1970 -0.2726
vn 0.6971 -0.0725 -0.7133
vn 0.2551 0.0194 -0.9667
vn 0.9431 -0.3314 -0.0263
vn 0.9098 -0.3065 -0.2798
vn 0.6798 -0.1482 -0.7182
vn 0.2488 -0.0083 -0.9685
vn 0.8903 -0.4540 -0.0343
vn 0.8589 -0.4239 -0.2875
vn 0.6498 -0.2324 -0.7237
vn 0.2378 -0.0391 -0.9705
vn 0.8162 -0.5763 -0.0423
vn 0.7876 -0.5408 -0.2952
vn 0.6049 -0.3196 -0.7294
vn 0.2214 -0.0710 -0.9726
vn 0.7233 -0.6888 -0.0496
vn 0.6986 -0.6486 -0.3022
vn 0.5455 -0.4031 -0.7348
vn 0.1996 -0.1016 -0.9746
vn 0.6178 -0.7843 -0.0558
vn 0.5975 -0.7403 -0.3081
vn 0.4748 -0.4769 -0.7396
vn 0.1738 -0.1286 -0.9763
vn 0.5078 -0.8593 -0.0607
vn 0.4920 -0.8125 -0.3127
vn 0.3981 -0.5372 -0.7436
vn 0.1457 -0.1507 -0.9778
vn 0.4005 -0.9141 -0.0642
vn 0.3888 -0.8654 -0.3161
vn 0.3209 -0.5829 -0.7465
vn 0.1175 -0.1674 -0.9789
vn 0.3011 -0.9513 -0.0667
vn 0.2932 -0.9015 -0.3183
vn 0.2476 -0.6150 -0.7486
vn 0.0907 -0.1792 -0.9796
vn 0.2126 -0.9748 -0.0682
vn 0.2079 -0.9244 -0.3197
vn 0.1812 -0.6362 -0.7500
vn 0.0663 -0.1869 -0.9801
vn 0.1364 -0.9882 -0.0691
vn 0.1317 -0.9380 -0.3206
vn 0.1230 -0.6489 -0.7508
vn 0.0450 -0.1916 -0.9804
vn 0.0732 -0.9949 -0.0695
vn 0.0707 -0.9445 -0.3209
vn 0.0739 -0.6558 -0.7513
vn 0.0270 -0.1941 -0.9806
vn 0.0205 -0.9974 -0.0697
vn 0.0198 -0.9469 -0.3210
vn 0.0344 -0.6589 -0.7515
vn 0.0126 -0.1952 -0.9807
vn -0.0000 -0.9976 -0.0697
vn -0.0000 -0.9471 -0.3210
vn 0.0053 -0.6597 -0.7515
vn 0.0019 -0.1955 -0.9807
vn -0.0205 -0.9974 -0.0697
vn -0.0198 -0.9468 -0.3211
vn -0.0053 -0.6597 -0.7515
vn -0.0019 -0.1955 -0.9807
vn -0.0732 -0.9949 -0.0695
vn -0.0707 -0.9445 -0.3210
vn -0.0344 -0.6589 -0.7515
vn -0.0126 -0.1952 -0.9807
vn -0.1364 -0.9882 -0.0691
vn -0.1318 -0.9380 -0.3206
vn -0.0739 -0.6558 -0.7513
vn -0.0271 -0.1941 -0.9806
vn -0.2126 -0.9748 -0.0682
vn -0.2079 -0.9244 -0.3197
vn -0.1230 -0.6489 -0.7508
vn -0.0450 -0.1916 -0.9804
vn -0.3011 -0.9513 -0.0667
vn -0.2932 -0.9015 -0.3183
vn -0.1812 -0.6362 -0.7500
vn -0.0663 -0.1869 -0.9801
vn -0.4005 -0.9141 -0.0642
vn -0.3888 -0.8654 -0.3161
vn -0.2476 -0.6150 -0.7486
vn -0.0906 -0.1792 -0.9796
vn -0.5078 -0.8593 -0.0607
vn -0.4920 -0.8125 -0.3127
vn -0.3209 -0.5829 -0.7465
vn -0.1174 -0.1674 -0.9789
vn -0.6178 -0.7843 -0.0558
vn -0.5975 -0.7403 -0.3081
vn -0.3981 -0.5372 -0.7436
vn -0.1457 -0.1507 -0.9778
vn -0.7233 -0.6888 -0.0496
vn -0.6986 -0.6486 -0.3022
vn -0.4749 -0.4769 -0.7396
vn -0.1738 -0.1286 -0.9764
vn -0.8162 -0.5763 -0.0423
vn -0.7876 -0.5408 -0.2952
vn -0.5455 -0.4031 -0.7348
vn -0.1996 -0.1016 -0.9746
vn -0.8903 -0.4541 -0.0343
vn -0.8589 -0.4239 -0.2875
vn -0.6049 -0.3196 -0.7294
vn -0.2214 -0.0710 -0.9726
vn -0.9431 -0.3314 -0.0263
vn -0.9098 -0.3065 -0.2798
vn -0.6498 -0.2324 -0.7237
vn -0.2378 -0.0391 -0.9705
vn -0.9760 -0.2169 -0.0189
vn -0.9418 -0.1970 -0.2726
vn -0.6798 -0.1482 -0.7182
vn -0.2488 -0.0083 -0.9685
vn -0.9930 -0.1175 -0.0124
vn -0.9591 -0.0969 -0.2659
vn -0.6971 -0.0725 -0.7133
vn -0.2551 0.0194 -0.9667
vn -0.9994 -0.0328 -0.0069
vn -0.9654 -0.0151 -0.2605
vn -0.7049 -0.0096 -0.7092
vn -0.2580 0.0424 -0.9652
vn -1.0000 0.0003 -0.0048
vn -0.9659 0.0168 -0.2583
vn -0.7071 0.0374 -0.7061
vn -0.2588 0.0596 -0.9641
vn -0.9994 0.0334 -0.0026
vn -0.9653 0.0488 -0.2564
vn -0.7071 0.0545 -0.7050
vn -0.2588 0.0659 -0.9637
vn -0.9930 0.1181 0.0029
vn -0.9591 0.1306 -0.2512
vn -0.7049 0.1015 -0.7020
vn -0.2580 0.0831 -0.9626
vn -0.9760 0.2175 0.0094
vn -0.9418 0.2306 -0.2447
vn -0.6971 0.1644 -0.6979
vn -0.2551 0.1061 -0.9611
vn -0.9431 0.3320 0.0169
vn -0.9098 0.3402 -0.2377
vn -0.6798 0.2401 -0.6929
vn -0.2488 0.1338 -0.9593
vn -0.8903 0.4547 0.0249
vn -0.8589 0.4576 -0.2302
vn -0.6498 0.3243 -0.6875
vn -0.2378 0.1646 -0.9573
vn -0.8162 0.5769 0.0328
vn -0.7876 0.5745 -0.2226
vn -0.6049 0.4114 -0.6818
vn -0.2214 0.1965 -0.9552
vn -0.7233 0.6894 0.0401
vn -0.6986 0.6823 -0.2156
vn -0.5455 0.4949 -0.6764
vn -0.1996 0.2271 -0.9532
vn -0.6178 0.7850 0.0464
vn -0.5975 0.7740 -0.2096
vn -0.4748 0.5688 -0.6716
vn -0.1738 0.2541 -0.9514
vn -0.5078 0.8600 0.0512
vn -0.4920 0.8462 -0.2048
vn -0.3981 0.6291 -0.6676
vn -0.1457 0.2762 -0.9500
vn -0.4005 0.9147 0.0548
vn -0.3888 0.8991 -0.2012
vn -0.3209 0.6747 -0.6647
vn -0.1175 0.2929 -0.9489
vn -0.3011 0.9519 0.0572
vn -0.2932 0.9352 -0.1988
vn -0.2476 0.7069 -0.6626
vn -0.0907 0.3046 -0.9481
vn -0.2126 0.9754 0.0587
vn -0.2079 0.9581 -0.1972
vn -0.1812 0.7280 -0.6612
vn -0.0663 0.3124 -0.9476
vn -0.1364 0.9889 0.0596
vn -0.1317 0.9717 -0.1963
vn -0.1230 0.7408 -0.6604
vn -0.0450 0.3171 -0.9473
vn -0.0732 0.9955 0.0600
vn -0.0707 0.9781 -0.1958
vn -0.0739 0.7477 -0.6599
vn -0.0270 0.3196 -0.9472
vn -0.0205 0.9980 0.0602
vn -0.0198 0.9805 -0.1956
vn -0.0344 0.7507 -0.6597
vn -0.0126 0.3207 -0.9471
vn -0.0000 0.9982 0.0602
vn -0.0000 0.9807 -0.1955
vn -0.0053 0.7515 -0.6597
vn -0.0019 0.3210 -0.9471
vn 0.0205 0.9980 0.0602
vn 0.0198 0.9805 -0.1956
vn 0.0053 0.7515 -0.6597
vn 0.0019 0.3210 -0.9471
vn 0.0732 0.9955 0.0600
vn 0.0707 0.9781 -0.1958
vn 0.0344 0.7507 -0.6597
vn 0.0126 0.3207 -0.9471
vn 0.1364 0.9889 0.0596
vn 0.1318 0.9717 -0.1963
vn 0.0739 0.7477 -0.6599
vn 0.0271 0.3196 -0.9472
vn 0.2126 0.9754 0.0587
vn 0.2079 0.9581 -0.1972
vn 0.1230 0.7408 -0.6604
vn 0.0450 0.3171 -0.9473
vn 0.3011 0.9519 0.0572
vn 0.2932 0.9352 -0.1988
vn 0.1812 0.7280 -0.6612
vn 0.0663 0.3124 -0.9476
vn 0.4005 0.9147 0.0548
vn 0.3888 0.8991 -0.2012
vn 0.2476 0.7069 -0.6626
vn 0.0906 0.3046 -0.9481
vn 0.5078 0.8600 0.0512
vn 0.4920 0.8462 -0.2048
vn 0.3209 0.6747 -0.6647
vn 0.1174 0.2929 -0.9489
vn 0.6178 0.7850 0.0464
vn 0.5975 0.7740 -0.2096
vn 0.3981 0.6291 -0.6676
vn 0.1457 0.2762 -0.9500
vn 0.7233 0.6894 0.0401
vn 0.6986 0.6823 -0.2156
vn 0.4749 0.5688 -0.6715
vn 0.1738 0.2541 -0.9514
vn 0.8162 0.5769 0.0328
vn 0.7876 0.5745 -0.2226
vn 0.5455 0.4949 -0.6764
vn 0.1996 0.2271 -0.9532
vn 0.8903 0.4547 0.0249
vn 0.8589 0.4576 -0.2302
vn 0.6049 0.4114 -0.6818
vn 0.2214 0.1965 -0.9552
vn 0.9431 0.3320 0.0169
vn 0.9098 0.3402 -0.2377
vn 0.6498 0.3243 -0.6875
vn 0.2378 0.1646 -0.9573
vn 0.9760 0.2175 0.0094
vn 0.9418 0.2306 -0.2447
vn 0.6798 0.2401 -0.6929
vn 0.2488 0.1338 -0.9593
vn 0.9930 0.1181 0.0029
vn 0.9591 0.1306 -0.2511
vn 0.6971 0.1644 -0.6979
vn 0.2551 0.1061 -0.9611
vn 0.9994 0.0334 -0.0026
vn 0.9654 0.0488 -0.2563
vn 0.7049 0.1015 -0.7020
vn 0.2580 0.0831 -0.9626
vn 0.2588 0.0659 -0.9637
vn 0.7071 0.0545 -0.7050
vn 0.9942 -0.0070 0.1076
vn 0.9936 0.0259 0.1102
vn -0.0000 -0.0650 0.9979
vn 0.9936 -0.0400 0.1060
vn 0.9869 -0.1244 0.1023
vn 0.9698 -0.2235 0.0980
vn 0.9368 -0.3374 0.0926
vn 0.8841 -0.4594 0.0859
vn 0.8103 -0.5808 0.0781
vn 0.7180 -0.6926 0.0693
vn 0.6134 -0.7874 0.0602
vn 0.5043 -0.8620 0.0514
vn 0.3979 -0.9164 0.0435
vn 0.2992 -0.9535 0.0367
vn 0.2113 -0.9769 0.0312
vn 0.1356 -0.9904 0.0270
vn 0.0728 -0.9971 0.0240
vn 0.0204 -0.9995 0.0222
vn -0.0000 -0.9998 0.0218
vn -0.0204 -0.9995 0.0222
vn -0.0728 -0.9971 0.0240
vn -0.1357 -0.9904 0.0270
vn -0.2113 -0.9769 0.0312
vn -0.2992 -0.9535 0.0367
vn -0.3979 -0.9164 0.0435
vn -0.5043 -0.8620 0.0514
vn -0.6134 -0.7874 0.0602
vn -0.7180 -0.6925 0.0693
vn -0.8103 -0.5808 0.0781
vn -0.8841 -0.4594 0.0859
vn -0.9368 -0.3374 0.0926
vn -0.9698 -0.2235 0.0980
vn -0.9869 -0.1244 0.1023
vn -0.9936 -0.0400 0.1060
vn -0.9942 -0.0070 0.1076
vn -0.9936 0.0259 0.1102
vn -0.9869 0.1101 0.1175
vn -0.9698 0.2089 0.1261
vn -0.9368 0.3225 0.1355
vn -0.8841 0.4443 0.1448
vn -0.8103 0.5658 0.1527
vn -0.7180 0.6777 0.1585
vn -0.6134 0.7730 0.1618
vn -0.5043 0.8480 0.1627
vn -0.3979 0.9030 0.1619
vn -0.2992 0.9407 0.1600
vn -0.2113 0.9646 0.1575
vn -0.1356 0.9785 0.1551
vn -0.0728 0.9855 0.1530
vn -0.0204 0.9882 0.1516
vn -0.0000 0.9885 0.1512
vn 0.0204 0.9882 0.1516
vn 0.0728 0.9855 0.1530
vn 0.1357 0.9785 0.1551
vn 0.2113 0.9646 0.1575
vn 0.2992 0.9407 0.1600
vn 0.3979 0.9030 0.1619
vn 0.5043 0.8480 0.1627
vn 0.6134 0.7730 0.1618
vn 0.7180 0.6777 0.1585
vn 0.8103 0.5658 0.1527
vn 0.8841 0.4443 0.1448
vn 0.9368 0.3225 0.1355
vn 0.9698 0.2089 0.1261
vn 0.9869 0.1101 0.1175
vn -0.0000 0.0650 -0.9979
vt 0.807010 0.814056
vt 0.811192 0.813622
vt 0.811479 0.815738
vt 0.807376 0.816165
vt 0.291449 0.941231
vt 0.296718 0.941258
vt 0.296668 0.942254
vt 0.291456 0.942229
vt 0.296610 0.943406
vt 0.291465 0.943381
vt 0.298854 0.943568
vt 0.299005 0.942423
vt 0.299135 0.941436
vt 0.813466 0.815559
vt 0.813224 0.813438
vt 0.300513 0.943841
vt 0.300777 0.942715
vt 0.301003 0.941746
vt 0.815111 0.815438
vt 0.814910 0.813314
vt 0.301832 0.944212
vt 0.302225 0.943122
vt 0.302562 0.942186
vt 0.816598 0.815355
vt 0.816440 0.813228
vt 0.302919 0.944673
vt 0.303449 0.943642
vt 0.303902 0.942757
vt 0.817997 0.815303
vt 0.817885 0.813174
vt 0.303837 0.945226
vt 0.304502 0.944275
vt 0.305073 0.943461
vt 0.819350 0.815278
vt 0.819283 0.813147
vt 0.304632 0.945878
vt 0.305422 0.945030
vt 0.306100 0.944302
vt 0.820677 0.815279
vt 0.820657 0.813147
vt 0.305335 0.946650
vt 0.306230 0.945918
vt 0.307001 0.945287
vt 0.821998 0.815304
vt 0.822023 0.813171
vt 0.305964 0.947568
vt 0.306942 0.946956
vt 0.307788 0.946427
vt 0.823328 0.815354
vt 0.823395 0.813220
vt 0.306524 0.948659
vt 0.307563 0.948166
vt 0.308467 0.947737
vt 0.824681 0.815430
vt 0.824786 0.813296
vt 0.307014 0.949956
vt 0.308096 0.949573
vt 0.309041 0.949238
vt 0.826074 0.815533
vt 0.826215 0.813400
vt 0.307431 0.951496
vt 0.308539 0.951213
vt 0.309514 0.950964
vt 0.827530 0.815667
vt 0.827704 0.813535
vt 0.307768 0.953343
vt 0.308892 0.953147
vt 0.309886 0.952973
vt 0.829087 0.815838
vt 0.829293 0.813708
vt 0.308021 0.955612
vt 0.309154 0.955490
vt 0.310158 0.955382
vt 0.830783 0.816052
vt 0.831059 0.813930
vt 0.308188 0.958610
vt 0.309324 0.958549
vt 0.310335 0.958496
vt 0.658826 0.690966
vt 0.656556 0.691230
vt 0.656082 0.689133
vt 0.658435 0.688858
vt 0.308287 0.965290
vt 0.309424 0.965282
vt 0.310436 0.965274
vt 0.664023 0.690409
vt 0.663727 0.688291
vt 0.308287 0.971972
vt 0.309424 0.972014
vt 0.310435 0.972053
vt 0.669285 0.689862
vt 0.669085 0.687734
vt 0.308164 0.974972
vt 0.309299 0.975076
vt 0.310305 0.975169
vt 0.671785 0.689623
vt 0.671633 0.687492
vt 0.307945 0.977244
vt 0.309072 0.977423
vt 0.310068 0.977582
vt 0.673808 0.689452
vt 0.673696 0.687319
vt 0.307635 0.979095
vt 0.308748 0.979362
vt 0.309726 0.979597
vt 0.675587 0.689324
vt 0.675513 0.687189
vt 0.307242 0.980642
vt 0.308328 0.981009
vt 0.309279 0.981330
vt 0.677214 0.689228
vt 0.677178 0.687093
vt 0.306770 0.981946
vt 0.307816 0.982424
vt 0.308726 0.982839
vt 0.678734 0.689161
vt 0.678737 0.687027
vt 0.306226 0.983045
vt 0.307213 0.983643
vt 0.308067 0.984159
vt 0.680174 0.689120
vt 0.680219 0.686987
vt 0.305611 0.983972
vt 0.306517 0.984691
vt 0.307297 0.985310
vt 0.681553 0.689104
vt 0.681643 0.686972
vt 0.304919 0.984754
vt 0.305722 0.985591
vt 0.306410 0.986308
vt 0.682886 0.689111
vt 0.683022 0.686981
vt 0.304134 0.985418
vt 0.304814 0.986359
vt 0.305397 0.987165
vt 0.684190 0.689143
vt 0.684372 0.687016
vt 0.303224 0.985984
vt 0.303769 0.987008
vt 0.304236 0.987886
vt 0.685482 0.689200
vt 0.685707 0.687076
vt 0.302145 0.986462
vt 0.302554 0.987546
vt 0.302904 0.988477
vt 0.686780 0.689285
vt 0.687047 0.687163
vt 0.300831 0.986853
vt 0.301111 0.987974
vt 0.301352 0.988940
vt 0.688098 0.689400
vt 0.688423 0.687284
vt 0.299177 0.987149
vt 0.299344 0.988292
vt 0.299489 0.989277
vt 0.829232 0.496784
vt 0.827738 0.496925
vt 0.827275 0.494824
vt 0.828828 0.494677
vt 0.296935 0.987345
vt 0.297010 0.988496
vt 0.297075 0.989491
vt 0.831291 0.496623
vt 0.830937 0.494513
vt 0.291791 0.987446
vt 0.291800 0.988598
vt 0.291807 0.989596
vt 0.835947 0.496313
vt 0.835684 0.494196
vt 0.286646 0.987421
vt 0.286588 0.988573
vt 0.286538 0.989569
vt 0.840663 0.496017
vt 0.840492 0.493895
vt 0.284402 0.987259
vt 0.284251 0.988403
vt 0.284121 0.989391
vt 0.842901 0.495900
vt 0.842780 0.493775
vt 0.282743 0.986986
vt 0.282479 0.988112
vt 0.282253 0.989081
vt 0.844709 0.495829
vt 0.844635 0.493702
vt 0.281424 0.986615
vt 0.281031 0.987705
vt 0.280694 0.988641
vt 0.846298 0.495790
vt 0.846271 0.493662
vt 0.280337 0.986154
vt 0.279807 0.987186
vt 0.279354 0.988070
vt 0.847752 0.495778
vt 0.847773 0.493649
vt 0.279419 0.985601
vt 0.278754 0.986552
vt 0.278183 0.987366
vt 0.849115 0.495791
vt 0.849181 0.493662
vt 0.278624 0.984949
vt 0.277834 0.985797
vt 0.277156 0.986525
vt 0.850410 0.495828
vt 0.850522 0.493698
vt 0.277921 0.984177
vt 0.277026 0.984909
vt 0.276255 0.985540
vt 0.851659 0.495887
vt 0.851812 0.493757
vt 0.277292 0.983259
vt 0.276314 0.983871
vt 0.275468 0.984400
vt 0.852874 0.495970
vt 0.853066 0.493841
vt 0.276732 0.982168
vt 0.275693 0.982661
vt 0.274789 0.983090
vt 0.854071 0.496079
vt 0.854295 0.493951
vt 0.276242 0.980871
vt 0.275160 0.981254
vt 0.274215 0.981589
vt 0.855216 0.496210
vt 0.855513 0.494088
vt 0.275825 0.979331
vt 0.274717 0.979614
vt 0.273742 0.979863
vt 0.659493 0.564956
vt 0.658256 0.565106
vt 0.657710 0.563018
vt 0.659020 0.562856
vt 0.275488 0.977484
vt 0.274364 0.977681
vt 0.273370 0.977854
vt 0.661064 0.564794
vt 0.660630 0.562689
vt 0.275235 0.975215
vt 0.274102 0.975337
vt 0.273098 0.975445
vt 0.663033 0.564618
vt 0.662642 0.562508
vt 0.275068 0.972217
vt 0.273932 0.972277
vt 0.272921 0.972331
vt 0.665663 0.564410
vt 0.665325 0.562295
vt 0.274969 0.965537
vt 0.273832 0.965545
vt 0.272820 0.965553
vt 0.671527 0.563987
vt 0.671297 0.561864
vt 0.274969 0.958856
vt 0.273832 0.958812
vt 0.272821 0.958774
vt 0.677441 0.563576
vt 0.677319 0.561446
vt 0.275092 0.955856
vt 0.273957 0.955751
vt 0.272951 0.955658
vt 0.680223 0.563401
vt 0.680155 0.561268
vt 0.275311 0.953583
vt 0.274184 0.953403
vt 0.273188 0.953245
vt 0.682444 0.563280
vt 0.682421 0.561146
vt 0.275621 0.951732
vt 0.274508 0.951465
vt 0.273530 0.951230
vt 0.684369 0.563195
vt 0.684388 0.561061
vt 0.276014 0.950185
vt 0.274928 0.949818
vt 0.273977 0.949497
vt 0.686099 0.563138
vt 0.686159 0.561004
vt 0.276486 0.948882
vt 0.275439 0.948403
vt 0.274530 0.947988
vt 0.687686 0.563107
vt 0.687788 0.560974
vt 0.277030 0.947782
vt 0.276043 0.947185
vt 0.275189 0.946668
vt 0.689160 0.563098
vt 0.689305 0.560967
vt 0.277645 0.946855
vt 0.276739 0.946136
vt 0.275959 0.945517
vt 0.690540 0.563111
vt 0.690731 0.560983
vt 0.278336 0.946073
vt 0.277534 0.945236
vt 0.276846 0.944519
vt 0.691845 0.563147
vt 0.692081 0.561022
vt 0.279122 0.945409
vt 0.278442 0.944468
vt 0.277859 0.943662
vt 0.693087 0.563205
vt 0.693367 0.561083
vt 0.280031 0.944843
vt 0.279487 0.943819
vt 0.279020 0.942941
vt 0.694284 0.563287
vt 0.694604 0.561169
vt 0.281111 0.944365
vt 0.280702 0.943281
vt 0.280352 0.942350
vt 0.695450 0.563395
vt 0.695807 0.561282
vt 0.282425 0.943975
vt 0.282145 0.942852
vt 0.281904 0.941887
vt 0.696595 0.563533
vt 0.697002 0.561426
vt 0.284079 0.943678
vt 0.283912 0.942535
vt 0.283767 0.941550
vt 0.801618 0.816822
vt 0.800400 0.817005
vt 0.799864 0.814918
vt 0.801131 0.814727
vt 0.286321 0.943482
vt 0.286246 0.942331
vt 0.286181 0.941336
vt 0.803356 0.816604
vt 0.802911 0.814504
vt 0.798819 0.707714
vt 0.792530 0.708401
vt 0.792531 0.706269
vt 0.798819 0.705582
vt 0.353229 0.929109
vt 0.344990 0.929071
vt 0.345030 0.927996
vt 0.353221 0.928034
vt 0.345071 0.926922
vt 0.353213 0.926959
vt 0.789798 0.708742
vt 0.789799 0.706611
vt 0.341196 0.928799
vt 0.341321 0.927731
vt 0.341446 0.926663
vt 0.787851 0.709034
vt 0.787862 0.706900
vt 0.338253 0.928320
vt 0.338484 0.927270
vt 0.338715 0.926219
vt 0.705327 0.454962
vt 0.703499 0.454741
vt 0.703499 0.452608
vt 0.705316 0.452828
vt 0.335791 0.927635
vt 0.336144 0.926619
vt 0.336498 0.925602
vt 0.701661 0.454568
vt 0.701660 0.452435
vt 0.333667 0.926742
vt 0.334152 0.925782
vt 0.334638 0.924820
vt 0.699773 0.454437
vt 0.699773 0.452305
vt 0.331811 0.925637
vt 0.332427 0.924754
vt 0.333044 0.923871
vt 0.697811 0.454345
vt 0.697811 0.452212
vt 0.330182 0.924313
vt 0.330919 0.923529
vt 0.331657 0.922744
vt 0.695753 0.454288
vt 0.695753 0.452155
vt 0.328755 0.922762
vt 0.329595 0.922090
vt 0.330437 0.921417
vt 0.693581 0.454267
vt 0.693581 0.452134
vt 0.327514 0.920971
vt 0.328436 0.920416
vt 0.329359 0.919860
vt 0.691271 0.454280
vt 0.691271 0.452147
vt 0.326449 0.918918
vt 0.327430 0.918477
vt 0.328413 0.918037
vt 0.688792 0.454330
vt 0.688792 0.452197
vt 0.325552 0.916572
vt 0.326574 0.916238
vt 0.327597 0.915904
vt 0.686097 0.454419
vt 0.686097 0.452286
vt 0.324818 0.913883
vt 0.325866 0.913643
vt 0.326915 0.913404
vt 0.683106 0.454551
vt 0.683106 0.452418
vt 0.324242 0.910760
vt 0.325305 0.910602
vt 0.326369 0.910444
vt 0.679662 0.454739
vt 0.679662 0.452606
vt 0.323820 0.907022
vt 0.324891 0.906931
vt 0.325963 0.906841
vt 0.675353 0.455010
vt 0.675353 0.452877
vt 0.323549 0.902198
vt 0.324623 0.902160
vt 0.325697 0.902122
vt 0.666204 0.455647
vt 0.666204 0.453514
vt 0.323392 0.891713
vt 0.324467 0.891705
vt 0.325541 0.891697
vt 0.657133 0.456300
vt 0.657133 0.454167
vt 0.323392 0.881227
vt 0.324467 0.881249
vt 0.325542 0.881272
vt 0.653057 0.456622
vt 0.653057 0.454489
vt 0.323591 0.876399
vt 0.324664 0.876474
vt 0.325736 0.876548
vt 0.650002 0.456895
vt 0.650002 0.454762
vt 0.323957 0.872656
vt 0.325022 0.872798
vt 0.326089 0.872940
vt 0.647559 0.457147
vt 0.647559 0.455014
vt 0.324486 0.869525
vt 0.325538 0.869748
vt 0.326590 0.869972
vt 0.645571 0.457390
vt 0.645581 0.455255
vt 0.325180 0.866825
vt 0.326207 0.867143
vt 0.327235 0.867462
vt 0.860165 0.387490
vt 0.858308 0.387278
vt 0.858307 0.385145
vt 0.860154 0.385357
vt 0.326042 0.864466
vt 0.327030 0.864892
vt 0.328019 0.865318
vt 0.856432 0.387108
vt 0.856432 0.384975
vt 0.327076 0.862397
vt 0.328006 0.862938
vt 0.328937 0.863480
vt 0.854518 0.386977
vt 0.854517 0.384844
vt 0.328290 0.860587
vt 0.329140 0.861246
vt 0.329992 0.861907
vt 0.852545 0.386883
vt 0.852545 0.384751
vt 0.329694 0.859015
vt 0.330443 0.859788
vt 0.331192 0.860562
vt 0.850494 0.386827
vt 0.850494 0.384694
vt 0.331303 0.857667
vt 0.331932 0.858540
vt 0.332562 0.859415
vt 0.848339 0.386808
vt 0.848339 0.384675
vt 0.333142 0.856534
vt 0.333642 0.857487
vt 0.334142 0.858442
vt 0.846040 0.386828
vt 0.846040 0.384695
vt 0.335253 0.855609
vt 0.335621 0.856620
vt 0.335990 0.857632
vt 0.843533 0.386891
vt 0.843533 0.384758
vt 0.337705 0.854888
vt 0.337951 0.855934
vt 0.338198 0.856982
vt 0.840690 0.387003
vt 0.840690 0.384871
vt 0.340640 0.854365
vt 0.340780 0.855431
vt 0.340921 0.856498
vt 0.837181 0.387188
vt 0.837181 0.385055
vt 0.344429 0.854037
vt 0.344486 0.855111
vt 0.344543 0.856185
vt 0.829807 0.387650
vt 0.829807 0.385518
vt 0.352667 0.853875
vt 0.352675 0.854950
vt 0.352683 0.856025
vt 0.822524 0.388135
vt 0.822524 0.386003
vt 0.360906 0.853914
vt 0.360866 0.854988
vt 0.360825 0.856063
vt 0.819289 0.388387
vt 0.819289 0.386254
vt 0.364700 0.854185
vt 0.364575 0.855253
vt 0.364451 0.856322
vt 0.816903 0.388612
vt 0.816916 0.386478
vt 0.367643 0.854664
vt 0.367412 0.855714
vt 0.367181 0.856766
vt 0.694792 0.580669
vt 0.692686 0.580484
vt 0.692685 0.578352
vt 0.694779 0.578536
vt 0.370105 0.855349
vt 0.369752 0.856365
vt 0.369398 0.857382
vt 0.690637 0.580349
vt 0.690637 0.578217
vt 0.372229 0.856242
vt 0.371744 0.857203
vt 0.371258 0.858165
vt 0.688598 0.580257
vt 0.688597 0.578126
vt 0.374085 0.857348
vt 0.373469 0.858230
vt 0.372852 0.859114
vt 0.686537 0.580206
vt 0.686536 0.578075
vt 0.375714 0.858671
vt 0.374977 0.859455
vt 0.374239 0.860240
vt 0.684431 0.580194
vt 0.684431 0.578062
vt 0.377141 0.860222
vt 0.376301 0.860894
vt 0.375460 0.861567
vt 0.682261 0.580219
vt 0.682261 0.578088
vt 0.378382 0.862014
vt 0.377460 0.862569
vt 0.376538 0.863124
vt 0.680003 0.580283
vt 0.680004 0.578152
vt 0.379447 0.864067
vt 0.378466 0.864507
vt 0.377483 0.864948
vt 0.677629 0.580388
vt 0.677629 0.578256
vt 0.380344 0.866412
vt 0.379322 0.866746
vt 0.378299 0.867081
vt 0.675096 0.580537
vt 0.675096 0.578405
vt 0.381078 0.869102
vt 0.380030 0.869341
vt 0.378981 0.869580
vt 0.672331 0.580737
vt 0.672332 0.578605
vt 0.381655 0.872225
vt 0.380591 0.872383
vt 0.379527 0.872540
vt 0.669196 0.581003
vt 0.669196 0.578871
vt 0.382076 0.875962
vt 0.381005 0.876053
vt 0.379933 0.876143
vt 0.665323 0.581372
vt 0.665323 0.579241
vt 0.382347 0.880786
vt 0.381273 0.880824
vt 0.380199 0.880863
vt 0.657184 0.582219
vt 0.657184 0.580087
vt 0.382504 0.891271
vt 0.381429 0.891279
vt 0.380354 0.891288
vt 0.649144 0.583080
vt 0.649144 0.580948
vt 0.382504 0.901758
vt 0.381429 0.901735
vt 0.380355 0.901713
vt 0.645571 0.583496
vt 0.645577 0.581363
vt 0.382305 0.906585
vt 0.381232 0.906510
vt 0.380160 0.906436
vt 0.835570 0.707530
vt 0.832885 0.707190
vt 0.832885 0.705058
vt 0.835565 0.705397
vt 0.381939 0.910328
vt 0.380874 0.910187
vt 0.379808 0.910045
vt 0.830467 0.706924
vt 0.830467 0.704793
vt 0.381410 0.913460
vt 0.380358 0.913236
vt 0.379306 0.913012
vt 0.828200 0.706715
vt 0.828200 0.704583
vt 0.380716 0.916160
vt 0.379689 0.915841
vt 0.378661 0.915522
vt 0.826024 0.706553
vt 0.826023 0.704422
vt 0.379854 0.918519
vt 0.378866 0.918093
vt 0.377877 0.917667
vt 0.823902 0.706434
vt 0.823901 0.704303
vt 0.378820 0.920587
vt 0.377890 0.920046
vt 0.376959 0.919505
vt 0.821809 0.706356
vt 0.821808 0.704225
vt 0.377606 0.922397
vt 0.376756 0.921738
vt 0.375904 0.921078
vt 0.819723 0.706317
vt 0.819723 0.704185
vt 0.376202 0.923969
vt 0.375454 0.923196
vt 0.374704 0.922423
vt 0.817624 0.706317
vt 0.817624 0.704186
vt 0.374593 0.925317
vt 0.373964 0.924444
vt 0.373334 0.923570
vt 0.815486 0.706358
vt 0.815486 0.704226
vt 0.372754 0.926450
vt 0.372254 0.925497
vt 0.371754 0.924542
vt 0.813275 0.706441
vt 0.813275 0.704310
vt 0.370643 0.927375
vt 0.370275 0.926364
vt 0.369906 0.925352
vt 0.810932 0.706573
vt 0.810933 0.704442
vt 0.368191 0.928097
vt 0.367945 0.927050
vt 0.367698 0.926002
vt 0.808348 0.706765
vt 0.808348 0.704633
vt 0.365256 0.928619
vt 0.365116 0.927553
vt 0.364975 0.926487
vt 0.805234 0.707047
vt 0.805234 0.704915
vt 0.361467 0.928947
vt 0.361410 0.927874
vt 0.361353 0.926800
vt 0.798819 0.766867
vt 0.805234 0.766199
vt 0.792530 0.767554
vt 0.789798 0.767895
vt 0.787851 0.768186
vt 0.703499 0.513930
vt 0.705327 0.514152
vt 0.701661 0.513758
vt 0.699773 0.513627
vt 0.697811 0.513534
vt 0.695753 0.513478
vt 0.693581 0.513456
vt 0.691271 0.513470
vt 0.688792 0.513520
vt 0.686097 0.513608
vt 0.683106 0.513741
vt 0.679662 0.513928
vt 0.675353 0.514200
vt 0.666204 0.514836
vt 0.657133 0.515490
vt 0.653057 0.515812
vt 0.650002 0.516084
vt 0.647559 0.516336
vt 0.645571 0.516579
vt 0.858308 0.446455
vt 0.860165 0.446668
vt 0.856432 0.446285
vt 0.854518 0.446154
vt 0.852545 0.446061
vt 0.850494 0.446004
vt 0.848339 0.445985
vt 0.846040 0.446005
vt 0.843533 0.446068
vt 0.840690 0.446181
vt 0.837181 0.446365
vt 0.829807 0.446828
vt 0.822524 0.447313
vt 0.819289 0.447564
vt 0.816903 0.447789
vt 0.692686 0.639645
vt 0.694792 0.639830
vt 0.690637 0.639510
vt 0.688598 0.639418
vt 0.686537 0.639367
vt 0.684431 0.639355
vt 0.682261 0.639380
vt 0.680003 0.639444
vt 0.677629 0.639549
vt 0.675096 0.639698
vt 0.672331 0.639898
vt 0.669196 0.640164
vt 0.665323 0.640533
vt 0.657184 0.641379
vt 0.649144 0.642241
vt 0.645571 0.642657
vt 0.832885 0.766342
vt 0.835570 0.766682
vt 0.830467 0.766077
vt 0.828200 0.765867
vt 0.826024 0.765706
vt 0.823902 0.765587
vt 0.821809 0.765509
vt 0.819723 0.765470
vt 0.817624 0.765470
vt 0.815486 0.765510
vt 0.813275 0.765594
vt 0.810932 0.765726
vt 0.808348 0.765918
s 1
usemtl 05_|_charcoal_anti_vibration_rubber
f 4978/6301/4959 5229/6302/4960 5231/6303/4961 4980/6304/4962
s 0
f 4980/6305/4963 5231/6306/4963 5232/6307/4963 4979/6308/4963
f 4979/6308/4964 5232/6307/4964 5230/6309/4964 4977/6310/4964
f 5226/6311/4965 5230/6309/4965 5232/6307/4965 5228/6312/4965
f 5228/6312/4966 5232/6307/4966 5231/6306/4966 5227/6313/4966
s 1
f 5227/6314/4967 5231/6303/4961 5229/6302/4960 5225/6315/4968
s 0
f 5222/6316/4969 5226/6311/4969 5228/6312/4969 5224/6317/4969
f 5224/6317/4970 5228/6312/4970 5227/6313/4970 5223/6318/4970
s 1
f 5223/6319/4971 5227/6314/4967 5225/6315/4968 5221/6320/4972
s 0
f 5218/6321/4973 5222/6316/4973 5224/6317/4973 5220/6322/4973
f 5220/6322/4974 5224/6317/4974 5223/6318/4974 5219/6323/4974
s 1
f 5219/6324/4975 5223/6319/4971 5221/6320/4972 5217/6325/4976
s 0
f 5214/6326/4977 5218/6321/4977 5220/6322/4977 5216/6327/4977
f 5216/6327/4978 5220/6322/4978 5219/6323/4978 5215/6328/4978
s 1
f 5215/6329/4979 5219/6324/4975 5217/6325/4976 5213/6330/4980
s 0
f 5210/6331/4981 5214/6326/4981 5216/6327/4981 5212/6332/4981
f 5212/6332/4982 5216/6327/4982 5215/6328/4982 5211/6333/4982
s 1
f 5211/6334/4983 5215/6329/4979 5213/6330/4980 5209/6335/4984
s 0
f 5206/6336/4985 5210/6331/4985 5212/6332/4985 5208/6337/4985
f 5208/6337/4986 5212/6332/4986 5211/6333/4986 5207/6338/4986
s 1
f 5207/6339/4987 5211/6334/4983 5209/6335/4984 5205/6340/4988
s 0
f 5202/6341/4989 5206/6336/4989 5208/6337/4989 5204/6342/4989
f 5204/6342/4990 5208/6337/4990 5207/6338/4990 5203/6343/4990
s 1
f 5203/6344/4991 5207/6339/4987 5205/6340/4988 5201/6345/4992
s 0
f 5198/6346/4993 5202/6341/4993 5204/6342/4993 5200/6347/4993
f 5200/6347/4994 5204/6342/4994 5203/6343/4994 5199/6348/4994
s 1
f 5199/6349/4995 5203/6344/4991 5201/6345/4992 5197/6350/4996
s 0
f 5194/6351/4997 5198/6346/4997 5200/6347/4997 5196/6352/4997
f 5196/6352/4998 5200/6347/4998 5199/6348/4998 5195/6353/4998
s 1
f 5195/6354/4999 5199/6349/4995 5197/6350/4996 5193/6355/5000
s 0
f 5190/6356/5001 5194/6351/5001 5196/6352/5001 5192/6357/5001
f 5192/6357/5002 5196/6352/5002 5195/6353/5002 5191/6358/5002
s 1
f 5191/6359/5003 5195/6354/4999 5193/6355/5000 5189/6360/5004
s 0
f 5186/6361/5005 5190/6356/5005 5192/6357/5005 5188/6362/5005
f 5188/6362/5006 5192/6357/5006 5191/6358/5006 5187/6363/5006
s 1
f 5187/6364/5007 5191/6359/5003 5189/6360/5004 5185/6365/5008
s 0
f 5182/6366/5009 5186/6361/5009 5188/6362/5009 5184/6367/5009
f 5184/6367/5010 5188/6362/5010 5187/6363/5010 5183/6368/5010
s 1
f 5183/6369/5011 5187/6364/5007 5185/6365/5008 5181/6370/5012
s 0
f 5178/6371/5013 5182/6366/5013 5184/6367/5013 5180/6372/5013
f 5180/6372/5014 5184/6367/5014 5183/6368/5014 5179/6373/5014
s 1
f 5179/6374/5015 5183/6369/5011 5181/6370/5012 5177/6375/5016
s 0
f 5174/6376/5017 5178/6371/5017 5180/6372/5017 5176/6377/5017
f 5176/6377/5018 5180/6372/5018 5179/6373/5018 5175/6378/5018
s 1
f 5175/6379/5019 5179/6380/5015 5177/6381/5016 5173/6382/5020
s 0
f 5170/6383/5021 5174/6376/5021 5176/6377/5021 5172/6384/5021
f 5172/6384/5022 5176/6377/5022 5175/6378/5022 5171/6385/5022
s 1
f 5171/6386/5023 5175/6379/5019 5173/6382/5020 5169/6387/5024
s 0
f 5166/6388/5025 5170/6383/5025 5172/6384/5025 5168/6389/5025
f 5168/6389/5026 5172/6384/5026 5171/6385/5026 5167/6390/5026
s 1
f 5167/6391/5027 5171/6386/5023 5169/6387/5024 5165/6392/5028
s 0
f 5162/6393/5029 5166/6388/5029 5168/6389/5029 5164/6394/5029
f 5164/6394/5030 5168/6389/5030 5167/6390/5030 5163/6395/5030
s 1
f 5163/6396/5031 5167/6391/5027 5165/6392/5028 5161/6397/5032
s 0
f 5158/6398/5033 5162/6393/5033 5164/6394/5033 5160/6399/5033
f 5160/6399/5034 5164/6394/5034 5163/6395/5034 5159/6400/5034
s 1
f 5159/6401/5035 5163/6396/5031 5161/6397/5032 5157/6402/5036
s 0
f 5154/6403/5037 5158/6398/5037 5160/6399/5037 5156/6404/5037
f 5156/6404/5038 5160/6399/5038 5159/6400/5038 5155/6405/5038
s 1
f 5155/6406/5039 5159/6401/5035 5157/6402/5036 5153/6407/5040
s 0
f 5150/6408/5041 5154/6403/5041 5156/6404/5041 5152/6409/5041
f 5152/6409/5042 5156/6404/5042 5155/6405/5042 5151/6410/5042
s 1
f 5151/6411/5043 5155/6406/5039 5153/6407/5040 5149/6412/5044
s 0
f 5146/6413/5045 5150/6408/5045 5152/6409/5045 5148/6414/5045
f 5148/6414/5046 5152/6409/5046 5151/6410/5046 5147/6415/5046
s 1
f 5147/6416/5047 5151/6411/5043 5149/6412/5044 5145/6417/5048
s 0
f 5142/6418/5049 5146/6413/5049 5148/6414/5049 5144/6419/5049
f 5144/6419/5050 5148/6414/5050 5147/6415/5050 5143/6420/5050
s 1
f 5143/6421/5051 5147/6416/5047 5145/6417/5048 5141/6422/5052
s 0
f 5138/6423/5053 5142/6418/5053 5144/6419/5053 5140/6424/5053
f 5140/6424/5054 5144/6419/5054 5143/6420/5054 5139/6425/5054
s 1
f 5139/6426/5055 5143/6421/5051 5141/6422/5052 5137/6427/5056
s 0
f 5134/6428/5057 5138/6423/5057 5140/6424/5057 5136/6429/5057
f 5136/6429/5058 5140/6424/5058 5139/6425/5058 5135/6430/5058
s 1
f 5135/6431/5059 5139/6426/5055 5137/6427/5056 5133/6432/5060
s 0
f 5130/6433/5061 5134/6428/5061 5136/6429/5061 5132/6434/5061
f 5132/6434/5062 5136/6429/5062 5135/6430/5062 5131/6435/5062
s 1
f 5131/6436/5063 5135/6431/5059 5133/6432/5060 5129/6437/5064
s 0
f 5126/6438/5065 5130/6433/5065 5132/6434/5065 5128/6439/5065
f 5128/6439/5066 5132/6434/5066 5131/6435/5066 5127/6440/5066
s 1
f 5127/6441/5067 5131/6436/5063 5129/6437/5064 5125/6442/5068
s 0
f 5122/6443/5069 5126/6438/5069 5128/6439/5069 5124/6444/5069
f 5124/6444/5070 5128/6439/5070 5127/6440/5070 5123/6445/5070
s 1
f 5123/6446/5071 5127/6441/5067 5125/6442/5068 5121/6447/5072
s 0
f 5118/6448/5073 5122/6443/5073 5124/6444/5073 5120/6449/5073
f 5120/6449/5074 5124/6444/5074 5123/6445/5074 5119/6450/5074
s 1
f 5119/6451/5075 5123/6446/5071 5121/6447/5072 5117/6452/5076
s 0
f 5114/6453/5077 5118/6448/5077 5120/6449/5077 5116/6454/5077
f 5116/6454/5078 5120/6449/5078 5119/6450/5078 5115/6455/5078
s 1
f 5115/6456/5079 5119/6457/5075 5117/6458/5076 5113/6459/5080
s 0
f 5110/6460/5081 5114/6453/5081 5116/6454/5081 5112/6461/5081
f 5112/6461/5082 5116/6454/5082 5115/6455/5082 5111/6462/5082
s 1
f 5111/6463/5083 5115/6456/5079 5113/6459/5080 5109/6464/5084
s 0
f 5106/6465/5085 5110/6460/5085 5112/6461/5085 5108/6466/5085
f 5108/6466/5086 5112/6461/5086 5111/6462/5086 5107/6467/5086
s 1
f 5107/6468/5087 5111/6463/5083 5109/6464/5084 5105/6469/5088
s 0
f 5102/6470/5089 5106/6465/5089 5108/6466/5089 5104/6471/5089
f 5104/6471/5090 5108/6466/5090 5107/6467/5090 5103/6472/5090
s 1
f 5103/6473/5091 5107/6468/5087 5105/6469/5088 5101/6474/5092
s 0
f 5098/6475/5093 5102/6470/5093 5104/6471/5093 5100/6476/5093
f 5100/6476/5094 5104/6471/5094 5103/6472/5094 5099/6477/5094
s 1
f 5099/6478/5095 5103/6473/5091 5101/6474/5092 5097/6479/5096
s 0
f 5094/6480/5097 5098/6475/5097 5100/6476/5097 5096/6481/5097
f 5096/6481/5098 5100/6476/5098 5099/6477/5098 5095/6482/5098
s 1
f 5095/6483/5099 5099/6478/5095 5097/6479/5096 5093/6484/5100
s 0
f 5090/6485/5101 5094/6480/5101 5096/6481/5101 5092/6486/5101
f 5092/6486/5102 5096/6481/5102 5095/6482/5102 5091/6487/5102
s 1
f 5091/6488/5103 5095/6483/5099 5093/6484/5100 5089/6489/5104
s 0
f 5086/6490/5105 5090/6485/5105 5092/6486/5105 5088/6491/5105
f 5088/6491/5106 5092/6486/5106 5091/6487/5106 5087/6492/5106
s 1
f 5087/6493/5107 5091/6488/5103 5089/6489/5104 5085/6494/5108
s 0
f 5082/6495/5109 5086/6490/5109 5088/6491/5109 5084/6496/5109
f 5084/6496/5110 5088/6491/5110 5087/6492/5110 5083/6497/5110
s 1
f 5083/6498/5111 5087/6493/5107 5085/6494/5108 5081/6499/5112
s 0
f 5078/6500/5113 5082/6495/5113 5084/6496/5113 5080/6501/5113
f 5080/6501/5114 5084/6496/5114 5083/6497/5114 5079/6502/5114
s 1
f 5079/6503/5115 5083/6498/5111 5081/6499/5112 5077/6504/5116
s 0
f 5074/6505/5117 5078/6500/5117 5080/6501/5117 5076/6506/5117
f 5076/6506/5118 5080/6501/5118 5079/6502/5118 5075/6507/5118
s 1
f 5075/6508/5119 5079/6503/5115 5077/6504/5116 5073/6509/5120
s 0
f 5070/6510/5121 5074/6505/5121 5076/6506/5121 5072/6511/5121
f 5072/6511/5122 5076/6506/5122 5075/6507/5122 5071/6512/5122
s 1
f 5071/6513/5123 5075/6508/5119 5073/6509/5120 5069/6514/5124
s 0
f 5066/6515/5125 5070/6510/5125 5072/6511/5125 5068/6516/5125
f 5068/6516/5126 5072/6511/5126 5071/6512/5126 5067/6517/5126
s 1
f 5067/6518/5127 5071/6513/5123 5069/6514/5124 5065/6519/5128
s 0
f 5062/6520/5129 5066/6515/5129 5068/6516/5129 5064/6521/5129
f 5064/6521/5130 5068/6516/5130 5067/6517/5130 5063/6522/5130
s 1
f 5063/6523/5131 5067/6518/5127 5065/6519/5128 5061/6524/5132
s 0
f 5058/6525/5133 5062/6520/5133 5064/6521/5133 5060/6526/5133
f 5060/6526/5134 5064/6521/5134 5063/6522/5134 5059/6527/5134
s 1
f 5059/6528/5135 5063/6529/5131 5061/6530/5132 5057/6531/5136
s 0
f 5054/6532/5137 5058/6525/5137 5060/6526/5137 5056/6533/5137
f 5056/6533/5138 5060/6526/5138 5059/6527/5138 5055/6534/5138
s 1
f 5055/6535/5139 5059/6528/5135 5057/6531/5136 5053/6536/5140
s 0
f 5050/6537/5141 5054/6532/5141 5056/6533/5141 5052/6538/5141
f 5052/6538/5142 5056/6533/5142 5055/6534/5142 5051/6539/5142
s 1
f 5051/6540/5143 5055/6535/5139 5053/6536/5140 5049/6541/5144
s 0
f 5046/6542/5145 5050/6537/5145 5052/6538/5145 5048/6543/5145
f 5048/6543/5146 5052/6538/5146 5051/6539/5146 5047/6544/5146
s 1
f 5047/6545/5147 5051/6540/5143 5049/6541/5144 5045/6546/5148
s 0
f 5042/6547/5149 5046/6542/5149 5048/6543/5149 5044/6548/5149
f 5044/6548/5150 5048/6543/5150 5047/6544/5150 5043/6549/5150
s 1
f 5043/6550/5151 5047/6545/5147 5045/6546/5148 5041/6551/5152
s 0
f 5038/6552/5153 5042/6547/5153 5044/6548/5153 5040/6553/5153
f 5040/6553/5154 5044/6548/5154 5043/6549/5154 5039/6554/5154
s 1
f 5039/6555/5155 5043/6550/5151 5041/6551/5152 5037/6556/5156
s 0
f 5034/6557/5157 5038/6552/5157 5040/6553/5157 5036/6558/5157
f 5036/6558/5158 5040/6553/5158 5039/6554/5158 5035/6559/5158
s 1
f 5035/6560/5159 5039/6555/5155 5037/6556/5156 5033/6561/5160
s 0
f 5030/6562/5161 5034/6557/5161 5036/6558/5161 5032/6563/5161
f 5032/6563/5162 5036/6558/5162 5035/6559/5162 5031/6564/5162
s 1
f 5031/6565/5163 5035/6560/5159 5033/6561/5160 5029/6566/5164
s 0
f 5026/6567/5165 5030/6562/5165 5032/6563/5165 5028/6568/5165
f 5028/6568/5166 5032/6563/5166 5031/6564/5166 5027/6569/5166
s 1
f 5027/6570/5167 5031/6565/5163 5029/6566/5164 5025/6571/5168
s 0
f 5022/6572/5169 5026/6567/5169 5028/6568/5169 5024/6573/5169
f 5024/6573/5170 5028/6568/5170 5027/6569/5170 5023/6574/5170
s 1
f 5023/6575/5171 5027/6570/5167 5025/6571/5168 5021/6576/5172
s 0
f 5018/6577/5173 5022/6572/5173 5024/6573/5173 5020/6578/5173
f 5020/6578/5174 5024/6573/5174 5023/6574/5174 5019/6579/5174
s 1
f 5019/6580/5175 5023/6575/5171 5021/6576/5172 5017/6581/5176
s 0
f 5014/6582/5177 5018/6577/5177 5020/6578/5177 5016/6583/5177
f 5016/6583/5178 5020/6578/5178 5019/6579/5178 5015/6584/5178
s 1
f 5015/6585/5179 5019/6580/5175 5017/6581/5176 5013/6586/5180
s 0
f 5010/6587/5181 5014/6582/5181 5016/6583/5181 5012/6588/5181
f 5012/6588/5182 5016/6583/5182 5015/6584/5182 5011/6589/5182
s 1
f 5011/6590/5183 5015/6585/5179 5013/6586/5180 5009/6591/5184
s 0
f 5006/6592/5185 5010/6587/5185 5012/6588/5185 5008/6593/5185
f 5008/6593/5186 5012/6588/5186 5011/6589/5186 5007/6594/5186
s 1
f 5007/6595/5187 5011/6590/5183 5009/6591/5184 5005/6596/5188
s 0
f 5002/6597/5189 5006/6592/5189 5008/6593/5189 5004/6598/5189
f 5004/6598/5190 5008/6593/5190 5007/6594/5190 5003/6599/5190
s 1
f 5003/6600/5191 5007/6595/5187 5005/6596/5188 5001/6601/5192
s 0
f 4998/6602/5193 5002/6597/5193 5004/6598/5193 5000/6603/5193
f 5000/6603/5194 5004/6598/5194 5003/6599/5194 4999/6604/5194
s 1
f 4999/6605/5195 5003/6600/5191 5001/6601/5192 4997/6606/5196
s 0
f 4994/6607/5197 4998/6602/5197 5000/6603/5197 4996/6608/5197
f 4996/6608/5198 5000/6603/5198 4999/6604/5198 4995/6609/5198
s 1
f 4995/6610/5199 4999/6605/5195 4997/6606/5196 4993/6611/5200
s 0
f 4990/6612/5201 4994/6607/5201 4996/6608/5201 4992/6613/5201
f 4992/6613/5202 4996/6608/5202 4995/6609/5202 4991/6614/5202
s 1
f 4991/6615/5203 4995/6610/5199 4993/6611/5200 4989/6616/5204
s 0
f 4986/6617/5205 4990/6612/5205 4992/6613/5205 4988/6618/5205
f 4988/6618/5206 4992/6613/5206 4991/6614/5206 4987/6619/5206
s 1
f 4987/6620/5207 4991/6621/5203 4989/6622/5204 4985/6623/5208
s 0
f 4982/6624/5209 4986/6617/5209 4988/6618/5209 4984/6625/5209
f 4984/6625/5210 4988/6618/5210 4987/6619/5210 4983/6626/5210
s 1
f 4983/6627/5211 4987/6620/5207 4985/6623/5208 4981/6628/5212
s 0
f 4977/6310/5213 4982/6624/5213 4984/6625/5213 4979/6308/5213
f 4979/6308/5214 4984/6625/5214 4983/6626/5214 4980/6305/5214
s 1
f 4980/6304/4962 4983/6627/5211 4981/6628/5212 4978/6301/4959
f 5234/6629/5215 5238/6630/5216 5240/6631/5217 5236/6632/5218
s 0
f 5236/6633/5219 5240/6634/5219 5239/6635/5219 5235/6636/5219
f 5235/6636/5220 5239/6635/5220 5237/6637/5220 5233/6638/5220
s 1
f 5238/6630/5216 5242/6639/5221 5244/6640/5222 5240/6631/5217
s 0
f 5240/6634/5223 5244/6641/5223 5243/6642/5223 5239/6635/5223
f 5239/6635/5224 5243/6642/5224 5241/6643/5224 5237/6637/5224
s 1
f 5242/6639/5221 5246/6644/5225 5248/6645/5226 5244/6640/5222
s 0
f 5244/6641/5227 5248/6646/5227 5247/6647/5227 5243/6642/5227
f 5243/6642/5228 5247/6647/5228 5245/6648/5228 5241/6643/5228
s 1
f 5246/6649/5225 5250/6650/5229 5252/6651/5230 5248/6652/5226
s 0
f 5248/6646/5231 5252/6653/5231 5251/6654/5231 5247/6647/5231
f 5247/6647/5232 5251/6654/5232 5249/6655/5232 5245/6648/5232
s 1
f 5250/6650/5229 5254/6656/5233 5256/6657/5234 5252/6651/5230
s 0
f 5252/6653/5235 5256/6658/5235 5255/6659/5235 5251/6654/5235
f 5251/6654/5236 5255/6659/5236 5253/6660/5236 5249/6655/5236
s 1
f 5254/6656/5233 5258/6661/5237 5260/6662/5238 5256/6657/5234
s 0
f 5256/6658/5239 5260/6663/5239 5259/6664/5239 5255/6659/5239
f 5255/6659/5240 5259/6664/5240 5257/6665/5240 5253/6660/5240
s 1
f 5258/6661/5237 5262/6666/5241 5264/6667/5242 5260/6662/5238
s 0
f 5260/6663/5243 5264/6668/5243 5263/6669/5243 5259/6664/5243
f 5259/6664/5244 5263/6669/5244 5261/6670/5244 5257/6665/5244
s 1
f 5262/6666/5241 5266/6671/5245 5268/6672/5246 5264/6667/5242
s 0
f 5264/6668/5247 5268/6673/5247 5267/6674/5247 5263/6669/5247
f 5263/6669/5248 5267/6674/5248 5265/6675/5248 5261/6670/5248
s 1
f 5266/6671/5245 5270/6676/5249 5272/6677/5250 5268/6672/5246
s 0
f 5268/6673/5251 5272/6678/5251 5271/6679/5251 5267/6674/5251
f 5267/6674/5252 5271/6679/5252 5269/6680/5252 5265/6675/5252
s 1
f 5270/6676/5249 5274/6681/5253 5276/6682/5254 5272/6677/5250
s 0
f 5272/6678/5255 5276/6683/5255 5275/6684/5255 5271/6679/5255
f 5271/6679/5256 5275/6684/5256 5273/6685/5256 5269/6680/5256
s 1
f 5274/6681/5253 5278/6686/5257 5280/6687/5258 5276/6682/5254
s 0
f 5276/6683/5259 5280/6688/5259 5279/6689/5259 5275/6684/5259
f 5275/6684/5260 5279/6689/5260 5277/6690/5260 5273/6685/5260
s 1
f 5278/6686/5257 5282/6691/5261 5284/6692/5262 5280/6687/5258
s 0
f 5280/6688/5263 5284/6693/5263 5283/6694/5263 5279/6689/5263
f 5279/6689/5264 5283/6694/5264 5281/6695/5264 5277/6690/5264
s 1
f 5282/6691/5261 5286/6696/5265 5288/6697/5266 5284/6692/5262
s 0
f 5284/6693/5267 5288/6698/5267 5287/6699/5267 5283/6694/5267
f 5283/6694/5268 5287/6699/5268 5285/6700/5268 5281/6695/5268
s 1
f 5286/6696/5265 5290/6701/5269 5292/6702/5270 5288/6697/5266
s 0
f 5288/6698/5271 5292/6703/5271 5291/6704/5271 5287/6699/5271
f 5287/6699/5272 5291/6704/5272 5289/6705/5272 5285/6700/5272
s 1
f 5290/6701/5269 5294/6706/5273 5296/6707/5274 5292/6702/5270
s 0
f 5292/6703/5275 5296/6708/5275 5295/6709/5275 5291/6704/5275
f 5291/6704/5276 5295/6709/5276 5293/6710/5276 5289/6705/5276
s 1
f 5294/6706/5273 5298/6711/5277 5300/6712/5278 5296/6707/5274
s 0
f 5296/6708/5279 5300/6713/5279 5299/6714/5279 5295/6709/5279
f 5295/6709/5280 5299/6714/5280 5297/6715/5280 5293/6710/5280
s 1
f 5298/6711/5277 5302/6716/5281 5304/6717/5282 5300/6712/5278
s 0
f 5300/6713/5283 5304/6718/5283 5303/6719/5283 5299/6714/5283
f 5299/6714/5284 5303/6719/5284 5301/6720/5284 5297/6715/5284
s 1
f 5302/6716/5281 5306/6721/5285 5308/6722/5286 5304/6717/5282
s 0
f 5304/6718/5287 5308/6723/5287 5307/6724/5287 5303/6719/5287
f 5303/6719/5288 5307/6724/5288 5305/6725/5288 5301/6720/5288
s 1
f 5306/6721/5285 5310/6726/5289 5312/6727/5290 5308/6722/5286
s 0
f 5308/6723/5291 5312/6728/5291 5311/6729/5291 5307/6724/5291
f 5307/6724/5292 5311/6729/5292 5309/6730/5292 5305/6725/5292
s 1
f 5310/6726/5289 5314/6731/5293 5316/6732/5294 5312/6727/5290
s 0
f 5312/6728/5295 5316/6733/5295 5315/6734/5295 5311/6729/5295
f 5311/6729/5296 5315/6734/5296 5313/6735/5296 5309/6730/5296
s 1
f 5314/6731/5293 5318/6736/5297 5320/6737/5298 5316/6732/5294
s 0
f 5316/6733/5299 5320/6738/5299 5319/6739/5299 5315/6734/5299
f 5315/6734/5300 5319/6739/5300 5317/6740/5300 5313/6735/5300
s 1
f 5318/6741/5297 5322/6742/5301 5324/6743/5302 5320/6744/5298
s 0
f 5320/6738/5303 5324/6745/5303 5323/6746/5303 5319/6739/5303
f 5319/6739/5304 5323/6746/5304 5321/6747/5304 5317/6740/5304
s 1
f 5322/6742/5301 5326/6748/5305 5328/6749/5306 5324/6743/5302
s 0
f 5324/6745/5307 5328/6750/5307 5327/6751/5307 5323/6746/5307
f 5323/6746/5308 5327/6751/5308 5325/6752/5308 5321/6747/5308
s 1
f 5326/6748/5305 5330/6753/5309 5332/6754/5310 5328/6749/5306
s 0
f 5328/6750/5311 5332/6755/5311 5331/6756/5311 5327/6751/5311
f 5327/6751/5312 5331/6756/5312 5329/6757/5312 5325/6752/5312
s 1
f 5330/6753/5309 5334/6758/5313 5336/6759/5314 5332/6754/5310
s 0
f 5332/6755/5315 5336/6760/5315 5335/6761/5315 5331/6756/5315
f 5331/6756/5316 5335/6761/5316 5333/6762/5316 5329/6757/5316
s 1
f 5334/6758/5313 5338/6763/5317 5340/6764/5318 5336/6759/5314
s 0
f 5336/6760/5319 5340/6765/5319 5339/6766/5319 5335/6761/5319
f 5335/6761/5320 5339/6766/5320 5337/6767/5320 5333/6762/5320
s 1
f 5338/6763/5317 5342/6768/5321 5344/6769/5322 5340/6764/5318
s 0
f 5340/6765/5323 5344/6770/5323 5343/6771/5323 5339/6766/5323
f 5339/6766/5324 5343/6771/5324 5341/6772/5324 5337/6767/5324
s 1
f 5342/6768/5321 5346/6773/5325 5348/6774/5326 5344/6769/5322
s 0
f 5344/6770/5327 5348/6775/5327 5347/6776/5327 5343/6771/5327
f 5343/6771/5328 5347/6776/5328 5345/6777/5328 5341/6772/5328
s 1
f 5346/6773/5325 5350/6778/5329 5352/6779/5330 5348/6774/5326
s 0
f 5348/6775/5331 5352/6780/5331 5351/6781/5331 5347/6776/5331
f 5347/6776/5332 5351/6781/5332 5349/6782/5332 5345/6777/5332
s 1
f 5350/6778/5329 5354/6783/5333 5356/6784/5334 5352/6779/5330
s 0
f 5352/6780/5335 5356/6785/5335 5355/6786/5335 5351/6781/5335
f 5351/6781/5336 5355/6786/5336 5353/6787/5336 5349/6782/5336
s 1
f 5354/6783/5333 5358/6788/5337 5360/6789/5338 5356/6784/5334
s 0
f 5356/6785/5339 5360/6790/5339 5359/6791/5339 5355/6786/5339
f 5355/6786/5340 5359/6791/5340 5357/6792/5340 5353/6787/5340
s 1
f 5358/6788/5337 5362/6793/5341 5364/6794/5342 5360/6789/5338
s 0
f 5360/6790/5343 5364/6795/5343 5363/6796/5343 5359/6791/5343
f 5359/6791/5344 5363/6796/5344 5361/6797/5344 5357/6792/5344
s 1
f 5362/6793/5341 5366/6798/5345 5368/6799/5346 5364/6794/5342
s 0
f 5364/6795/5347 5368/6800/5347 5367/6801/5347 5363/6796/5347
f 5363/6796/5348 5367/6801/5348 5365/6802/5348 5361/6797/5348
s 1
f 5366/6798/5345 5370/6803/5349 5372/6804/5350 5368/6799/5346
s 0
f 5368/6800/5351 5372/6805/5351 5371/6806/5351 5367/6801/5351
f 5367/6801/5352 5371/6806/5352 5369/6807/5352 5365/6802/5352
s 1
f 5370/6803/5349 5374/6808/5353 5376/6809/5354 5372/6804/5350
s 0
f 5372/6805/5355 5376/6810/5355 5375/6811/5355 5371/6806/5355
f 5371/6806/5356 5375/6811/5356 5373/6812/5356 5369/6807/5356
s 1
f 5374/6813/5353 5378/6814/5357 5380/6815/5358 5376/6816/5354
s 0
f 5376/6810/5359 5380/6817/5359 5379/6818/5359 5375/6811/5359
f 5375/6811/5360 5379/6818/5360 5377/6819/5360 5373/6812/5360
s 1
f 5378/6814/5357 5382/6820/5361 5384/6821/5362 5380/6815/5358
s 0
f 5380/6817/5363 5384/6822/5363 5383/6823/5363 5379/6818/5363
f 5379/6818/5364 5383/6823/5364 5381/6824/5364 5377/6819/5364
s 1
f 5382/6820/5361 5386/6825/5365 5388/6826/5366 5384/6821/5362
s 0
f 5384/6822/5367 5388/6827/5367 5387/6828/5367 5383/6823/5367
f 5383/6823/5368 5387/6828/5368 5385/6829/5368 5381/6824/5368
s 1
f 5386/6825/5365 5390/6830/5369 5392/6831/5370 5388/6826/5366
s 0
f 5388/6827/5371 5392/6832/5371 5391/6833/5371 5387/6828/5371
f 5387/6828/5372 5391/6833/5372 5389/6834/5372 5385/6829/5372
s 1
f 5390/6830/5369 5394/6835/5373 5396/6836/5374 5392/6831/5370
s 0
f 5392/6832/5375 5396/6837/5375 5395/6838/5375 5391/6833/5375
f 5391/6833/5376 5395/6838/5376 5393/6839/5376 5389/6834/5376
s 1
f 5394/6835/5373 5398/6840/5377 5400/6841/5378 5396/6836/5374
s 0
f 5396/6837/5379 5400/6842/5379 5399/6843/5379 5395/6838/5379
f 5395/6838/5380 5399/6843/5380 5397/6844/5380 5393/6839/5380
s 1
f 5398/6840/5377 5402/6845/5381 5404/6846/5382 5400/6841/5378
s 0
f 5400/6842/5383 5404/6847/5383 5403/6848/5383 5399/6843/5383
f 5399/6843/5384 5403/6848/5384 5401/6849/5384 5397/6844/5384
s 1
f 5402/6845/5381 5406/6850/5385 5408/6851/5386 5404/6846/5382
s 0
f 5404/6847/5387 5408/6852/5387 5407/6853/5387 5403/6848/5387
f 5403/6848/5388 5407/6853/5388 5405/6854/5388 5401/6849/5388
s 1
f 5406/6850/5385 5410/6855/5389 5412/6856/5390 5408/6851/5386
s 0
f 5408/6852/5391 5412/6857/5391 5411/6858/5391 5407/6853/5391
f 5407/6853/5392 5411/6858/5392 5409/6859/5392 5405/6854/5392
s 1
f 5410/6855/5389 5414/6860/5393 5416/6861/5394 5412/6856/5390
s 0
f 5412/6857/5395 5416/6862/5395 5415/6863/5395 5411/6858/5395
f 5411/6858/5396 5415/6863/5396 5413/6864/5396 5409/6859/5396
s 1
f 5414/6860/5393 5418/6865/5397 5420/6866/5398 5416/6861/5394
s 0
f 5416/6862/5399 5420/6867/5399 5419/6868/5399 5415/6863/5399
f 5415/6863/5400 5419/6868/5400 5417/6869/5400 5413/6864/5400
s 1
f 5418/6865/5397 5422/6870/5401 5424/6871/5402 5420/6866/5398
s 0
f 5420/6867/5403 5424/6872/5403 5423/6873/5403 5419/6868/5403
f 5419/6868/5404 5423/6873/5404 5421/6874/5404 5417/6869/5404
s 1
f 5422/6870/5401 5426/6875/5405 5428/6876/5406 5424/6871/5402
s 0
f 5424/6872/5407 5428/6877/5407 5427/6878/5407 5423/6873/5407
f 5423/6873/5408 5427/6878/5408 5425/6879/5408 5421/6874/5408
s 1
f 5426/6875/5405 5430/6880/5409 5432/6881/5410 5428/6876/5406
s 0
f 5428/6877/5411 5432/6882/5411 5431/6883/5411 5427/6878/5411
f 5427/6878/5412 5431/6883/5412 5429/6884/5412 5425/6879/5412
s 1
f 5430/6880/5409 5434/6885/5413 5436/6886/5414 5432/6881/5410
s 0
f 5432/6882/5415 5436/6887/5415 5435/6888/5415 5431/6883/5415
f 5431/6883/5416 5435/6888/5416 5433/6889/5416 5429/6884/5416
s 1
f 5434/6890/5413 5438/6891/5417 5440/6892/5418 5436/6893/5414
s 0
f 5436/6887/5419 5440/6894/5419 5439/6895/5419 5435/6888/5419
f 5435/6888/5420 5439/6895/5420 5437/6896/5420 5433/6889/5420
s 1
f 5438/6891/5417 5442/6897/5421 5444/6898/5422 5440/6892/5418
s 0
f 5440/6894/5423 5444/6899/5423 5443/6900/5423 5439/6895/5423
f 5439/6895/5424 5443/6900/5424 5441/6901/5424 5437/6896/5424
s 1
f 5442/6897/5421 5446/6902/5425 5448/6903/5426 5444/6898/5422
s 0
f 5444/6899/5427 5448/6904/5427 5447/6905/5427 5443/6900/5427
f 5443/6900/5428 5447/6905/5428 5445/6906/5428 5441/6901/5428
s 1
f 5446/6902/5425 5450/6907/5429 5452/6908/5430 5448/6903/5426
s 0
f 5448/6904/5431 5452/6909/5431 5451/6910/5431 5447/6905/5431
f 5447/6905/5432 5451/6910/5432 5449/6911/5432 5445/6906/5432
s 1
f 5450/6907/5429 5454/6912/5433 5456/6913/5434 5452/6908/5430
s 0
f 5452/6909/5435 5456/6914/5435 5455/6915/5435 5451/6910/5435
f 5451/6910/5436 5455/6915/5436 5453/6916/5436 5449/6911/5436
s 1
f 5454/6912/5433 5458/6917/5437 5460/6918/5438 5456/6913/5434
s 0
f 5456/6914/5439 5460/6919/5439 5459/6920/5439 5455/6915/5439
f 5455/6915/5440 5459/6920/5440 5457/6921/5440 5453/6916/5440
s 1
f 5458/6917/5437 5462/6922/5441 5464/6923/5442 5460/6918/5438
s 0
f 5460/6919/5443 5464/6924/5443 5463/6925/5443 5459/6920/5443
f 5459/6920/5444 5463/6925/5444 5461/6926/5444 5457/6921/5444
s 1
f 5462/6922/5441 5466/6927/5445 5468/6928/5446 5464/6923/5442
s 0
f 5464/6924/5447 5468/6929/5447 5467/6930/5447 5463/6925/5447
f 5463/6925/5448 5467/6930/5448 5465/6931/5448 5461/6926/5448
s 1
f 5466/6927/5445 5470/6932/5449 5472/6933/5450 5468/6928/5446
s 0
f 5468/6929/5451 5472/6934/5451 5471/6935/5451 5467/6930/5451
f 5467/6930/5452 5471/6935/5452 5469/6936/5452 5465/6931/5452
s 1
f 5470/6932/5449 5474/6937/5453 5476/6938/5454 5472/6933/5450
s 0
f 5472/6934/5455 5476/6939/5455 5475/6940/5455 5471/6935/5455
f 5471/6935/5456 5475/6940/5456 5473/6941/5456 5469/6936/5456
s 1
f 5474/6937/5453 5478/6942/5457 5480/6943/5458 5476/6938/5454
s 0
f 5476/6939/5459 5480/6944/5459 5479/6945/5459 5475/6940/5459
f 5475/6940/5460 5479/6945/5460 5477/6946/5460 5473/6941/5460
s 1
f 5478/6942/5457 5482/6947/5461 5484/6948/5462 5480/6943/5458
s 0
f 5480/6944/5463 5484/6949/5463 5483/6950/5463 5479/6945/5463
f 5479/6945/5464 5483/6950/5464 5481/6951/5464 5477/6946/5464
s 1
f 5482/6947/5461 5486/6952/5465 5488/6953/5466 5484/6948/5462
s 0
f 5484/6949/5467 5488/6954/5467 5487/6955/5467 5483/6950/5467
f 5483/6950/5468 5487/6955/5468 5485/6956/5468 5481/6951/5468
f 5233/6638/5469 5485/6956/5469 5487/6955/5469 5235/6636/5469
f 5235/6636/5470 5487/6955/5470 5488/6954/5470 5236/6633/5470
s 1
f 5236/6632/5218 5488/6953/5466 5486/6952/5465 5234/6629/5215
f 5229/6302/4960 4978/6301/4959 4913/6957/5471 4976/6958/5472
s 0
f 5230/6309/5473 5226/6311/5473 5222/6316/5473 5218/6321/5473 5214/6326/5473 5210/6331/5473 5206/6336/5473 5202/6341/5473 5198/6346/5473 5194/6351/5473 5190/6356/5473 5186/6361/5473 5182/6366/5473 5178/6371/5473 5174/6376/5473 5170/6383/5473 5166/6388/5473 5162/6393/5473 5158/6398/5473 5154/6403/5473 5150/6408/5473 5146/6413/5473 5142/6418/5473 5138/6423/5473 5134/6428/5473 5130/6433/5473 5126/6438/5473 5122/6443/5473 5118/6448/5473 5114/6453/5473 5110/6460/5473 5106/6465/5473 5102/6470/5473 5098/6475/5473 5094/6480/5473 5090/6485/5473 5086/6490/5473 5082/6495/5473 5078/6500/5473 5074/6505/5473 5070/6510/5473 5066/6515/5473 5062/6520/5473 5058/6525/5473 5054/6532/5473 5050/6537/5473 5046/6542/5473 5042/6547/5473 5038/6552/5473 5034/6557/5473 5030/6562/5473 5026/6567/5473 5022/6572/5473 5018/6577/5473 5014/6582/5473 5010/6587/5473 5006/6592/5473 5002/6597/5473 4998/6602/5473 4994/6607/5473 4990/6612/5473 4986/6617/5473 4982/6624/5473 4977/6310/5473
s 1
f 4978/6301/4959 4981/6628/5212 4914/6959/5474 4913/6957/5471
f 4981/6628/5212 4985/6623/5208 4915/6960/5475 4914/6959/5474
f 4985/6623/5208 4989/6622/5204 4916/6961/5476 4915/6960/5475
f 4989/6616/5204 4993/6611/5200 4917/6962/5477 4916/6963/5476
f 4993/6611/5200 4997/6606/5196 4918/6964/5478 4917/6962/5477
f 4997/6606/5196 5001/6601/5192 4919/6965/5479 4918/6964/5478
f 5001/6601/5192 5005/6596/5188 4920/6966/5480 4919/6965/5479
f 5005/6596/5188 5009/6591/5184 4921/6967/5481 4920/6966/5480
f 5009/6591/5184 5013/6586/5180 4922/6968/5482 4921/6967/5481
f 5013/6586/5180 5017/6581/5176 4923/6969/5483 4922/6968/5482
f 5017/6581/5176 5021/6576/5172 4924/6970/5484 4923/6969/5483
f 5021/6576/5172 5025/6571/5168 4925/6971/5485 4924/6970/5484
f 5025/6571/5168 5029/6566/5164 4926/6972/5486 4925/6971/5485
f 5029/6566/5164 5033/6561/5160 4927/6973/5487 4926/6972/5486
f 5033/6561/5160 5037/6556/5156 4928/6974/5488 4927/6973/5487
f 5037/6556/5156 5041/6551/5152 4929/6975/5489 4928/6974/5488
f 5041/6551/5152 5045/6546/5148 4930/6976/5490 4929/6975/5489
f 5045/6546/5148 5049/6541/5144 4931/6977/5491 4930/6976/5490
f 5049/6541/5144 5053/6536/5140 4932/6978/5492 4931/6977/5491
f 5053/6536/5140 5057/6531/5136 4933/6979/5493 4932/6978/5492
f 5057/6531/5136 5061/6530/5132 4934/6980/5494 4933/6979/5493
f 5061/6524/5132 5065/6519/5128 4935/6981/5495 4934/6982/5494
f 5065/6519/5128 5069/6514/5124 4936/6983/5496 4935/6981/5495
f 5069/6514/5124 5073/6509/5120 4937/6984/5497 4936/6983/5496
f 5073/6509/5120 5077/6504/5116 4938/6985/5498 4937/6984/5497
f 5077/6504/5116 5081/6499/5112 4939/6986/5499 4938/6985/5498
f 5081/6499/5112 5085/6494/5108 4940/6987/5500 4939/6986/5499
f 5085/6494/5108 5089/6489/5104 4941/6988/5501 4940/6987/5500
f 5089/6489/5104 5093/6484/5100 4942/6989/5502 4941/6988/5501
f 5093/6484/5100 5097/6479/5096 4943/6990/5503 4942/6989/5502
f 5097/6479/5096 5101/6474/5092 4944/6991/5504 4943/6990/5503
f 5101/6474/5092 5105/6469/5088 4945/6992/5505 4944/6991/5504
f 5105/6469/5088 5109/6464/5084 4946/6993/5506 4945/6992/5505
f 5109/6464/5084 5113/6459/5080 4947/6994/5507 4946/6993/5506
f 5113/6459/5080 5117/6458/5076 4948/6995/5508 4947/6994/5507
f 5117/6452/5076 5121/6447/5072 4949/6996/5509 4948/6997/5508
f 5121/6447/5072 5125/6442/5068 4950/6998/5510 4949/6996/5509
f 5125/6442/5068 5129/6437/5064 4951/6999/5511 4950/6998/5510
f 5129/6437/5064 5133/6432/5060 4952/7000/5512 4951/6999/5511
f 5133/6432/5060 5137/6427/5056 4953/7001/5513 4952/7000/5512
f 5137/6427/5056 5141/6422/5052 4954/7002/5514 4953/7001/5513
f 5141/6422/5052 5145/6417/5048 4955/7003/5515 4954/7002/5514
f 5145/6417/5048 5149/6412/5044 4956/7004/5516 4955/7003/5515
f 5149/6412/5044 5153/6407/5040 4957/7005/5517 4956/7004/5516
f 5153/6407/5040 5157/6402/5036 4958/7006/5518 4957/7005/5517
f 5157/6402/5036 5161/6397/5032 4959/7007/5519 4958/7006/5518
f 5161/6397/5032 5165/6392/5028 4960/7008/5520 4959/7007/5519
f 5165/6392/5028 5169/6387/5024 4961/7009/5521 4960/7008/5520
f 5169/6387/5024 5173/6382/5020 4962/7010/5522 4961/7009/5521
f 5173/6382/5020 5177/6381/5016 4963/7011/5523 4962/7010/5522
f 5177/6375/5016 5181/6370/5012 4964/7012/5524 4963/7013/5523
f 5181/6370/5012 5185/6365/5008 4965/7014/5525 4964/7012/5524
f 5185/6365/5008 5189/6360/5004 4966/7015/5526 4965/7014/5525
f 5189/6360/5004 5193/6355/5000 4967/7016/5527 4966/7015/5526
f 5193/6355/5000 5197/6350/4996 4968/7017/5528 4967/7016/5527
f 5197/6350/4996 5201/6345/4992 4969/7018/5529 4968/7017/5528
f 5201/6345/4992 5205/6340/4988 4970/7019/5530 4969/7018/5529
f 5205/6340/4988 5209/6335/4984 4971/7020/5531 4970/7019/5530
f 5209/6335/4984 5213/6330/4980 4972/7021/5532 4971/7020/5531
f 5213/6330/4980 5217/6325/4976 4973/7022/5533 4972/7021/5532
f 5217/6325/4976 5221/6320/4972 4974/7023/5534 4973/7022/5533
f 5221/6320/4972 5225/6315/4968 4975/7024/5535 4974/7023/5534
f 5225/6315/4968 5229/6302/4960 4976/6958/5472 4975/7024/5535
f 4976/6958/5472 4913/6957/5471 5234/6629/5215 5486/6952/5465
f 4913/6957/5471 4914/6959/5474 5238/6630/5216 5234/6629/5215
s 0
f 5233/6638/5536 5237/6637/5536 5241/6643/5536 5245/6648/5536 5249/6655/5536 5253/6660/5536 5257/6665/5536 5261/6670/5536 5265/6675/5536 5269/6680/5536 5273/6685/5536 5277/6690/5536 5281/6695/5536 5285/6700/5536 5289/6705/5536 5293/6710/5536 5297/6715/5536 5301/6720/5536 5305/6725/5536 5309/6730/5536 5313/6735/5536 5317/6740/5536 5321/6747/5536 5325/6752/5536 5329/6757/5536 5333/6762/5536 5337/6767/5536 5341/6772/5536 5345/6777/5536 5349/6782/5536 5353/6787/5536 5357/6792/5536 5361/6797/5536 5365/6802/5536 5369/6807/5536 5373/6812/5536 5377/6819/5536 5381/6824/5536 5385/6829/5536 5389/6834/5536 5393/6839/5536 5397/6844/5536 5401/6849/5536 5405/6854/5536 5409/6859/5536 5413/6864/5536 5417/6869/5536 5421/6874/5536 5425/6879/5536 5429/6884/5536 5433/6889/5536 5437/6896/5536 5441/6901/5536 5445/6906/5536 5449/6911/5536 5453/6916/5536 5457/6921/5536 5461/6926/5536 5465/6931/5536 5469/6936/5536 5473/6941/5536 5477/6946/5536 5481/6951/5536 5485/6956/5536
s 1
f 4914/6959/5474 4915/6960/5475 5242/6639/5221 5238/6630/5216
f 4915/6960/5475 4916/6961/5476 5246/6644/5225 5242/6639/5221
f 4916/6963/5476 4917/6962/5477 5250/6650/5229 5246/6649/5225
f 4917/6962/5477 4918/6964/5478 5254/6656/5233 5250/6650/5229
f 4918/6964/5478 4919/6965/5479 5258/6661/5237 5254/6656/5233
f 4919/6965/5479 4920/6966/5480 5262/6666/5241 5258/6661/5237
f 4920/6966/5480 4921/6967/5481 5266/6671/5245 5262/6666/5241
f 4921/6967/5481 4922/6968/5482 5270/6676/5249 5266/6671/5245
f 4922/6968/5482 4923/6969/5483 5274/6681/5253 5270/6676/5249
f 4923/6969/5483 4924/6970/5484 5278/6686/5257 5274/6681/5253
f 4924/6970/5484 4925/6971/5485 5282/6691/5261 5278/6686/5257
f 4925/6971/5485 4926/6972/5486 5286/6696/5265 5282/6691/5261
f 4926/6972/5486 4927/6973/5487 5290/6701/5269 5286/6696/5265
f 4927/6973/5487 4928/6974/5488 5294/6706/5273 5290/6701/5269
f 4928/6974/5488 4929/6975/5489 5298/6711/5277 5294/6706/5273
f 4929/6975/5489 4930/6976/5490 5302/6716/5281 5298/6711/5277
f 4930/6976/5490 4931/6977/5491 5306/6721/5285 5302/6716/5281
f 4931/6977/5491 4932/6978/5492 5310/6726/5289 5306/6721/5285
f 4932/6978/5492 4933/6979/5493 5314/6731/5293 5310/6726/5289
f 4933/6979/5493 4934/6980/5494 5318/6736/5297 5314/6731/5293
f 4934/6982/5494 4935/6981/5495 5322/6742/5301 5318/6741/5297
f 4935/6981/5495 4936/6983/5496 5326/6748/5305 5322/6742/5301
f 4936/6983/5496 4937/6984/5497 5330/6753/5309 5326/6748/5305
f 4937/6984/5497 4938/6985/5498 5334/6758/5313 5330/6753/5309
f 4938/6985/5498 4939/6986/5499 5338/6763/5317 5334/6758/5313
f 4939/6986/5499 4940/6987/5500 5342/6768/5321 5338/6763/5317
f 4940/6987/5500 4941/6988/5501 5346/6773/5325 5342/6768/5321
f 4941/6988/5501 4942/6989/5502 5350/6778/5329 5346/6773/5325
f 4942/6989/5502 4943/6990/5503 5354/6783/5333 5350/6778/5329
f 4943/6990/5503 4944/6991/5504 5358/6788/5337 5354/6783/5333
f 4944/6991/5504 4945/6992/5505 5362/6793/5341 5358/6788/5337
f 4945/6992/5505 4946/6993/5506 5366/6798/5345 5362/6793/5341
f 4946/6993/5506 4947/6994/5507 5370/6803/5349 5366/6798/5345
f 4947/6994/5507 4948/6995/5508 5374/6808/5353 5370/6803/5349
f 4948/6997/5508 4949/6996/5509 5378/6814/5357 5374/6813/5353
f 4949/6996/5509 4950/6998/5510 5382/6820/5361 5378/6814/5357
f 4950/6998/5510 4951/6999/5511 5386/6825/5365 5382/6820/5361
f 4951/6999/5511 4952/7000/5512 5390/6830/5369 5386/6825/5365
f 4952/7000/5512 4953/7001/5513 5394/6835/5373 5390/6830/5369
f 4953/7001/5513 4954/7002/5514 5398/6840/5377 5394/6835/5373
f 4954/7002/5514 4955/7003/5515 5402/6845/5381 5398/6840/5377
f 4955/7003/5515 4956/7004/5516 5406/6850/5385 5402/6845/5381
f 4956/7004/5516 4957/7005/5517 5410/6855/5389 5406/6850/5385
f 4957/7005/5517 4958/7006/5518 5414/6860/5393 5410/6855/5389
f 4958/7006/5518 4959/7007/5519 5418/6865/5397 5414/6860/5393
f 4959/7007/5519 4960/7008/5520 5422/6870/5401 5418/6865/5397
f 4960/7008/5520 4961/7009/5521 5426/6875/5405 5422/6870/5401
f 4961/7009/5521 4962/7010/5522 5430/6880/5409 5426/6875/5405
f 4962/7010/5522 4963/7011/5523 5434/6885/5413 5430/6880/5409
f 4963/7013/5523 4964/7012/5524 5438/6891/5417 5434/6890/5413
f 4964/7012/5524 4965/7014/5525 5442/6897/5421 5438/6891/5417
f 4965/7014/5525 4966/7015/5526 5446/6902/5425 5442/6897/5421
f 4966/7015/5526 4967/7016/5527 5450/6907/5429 5446/6902/5425
f 4967/7016/5527 4968/7017/5528 5454/6912/5433 5450/6907/5429
f 4968/7017/5528 4969/7018/5529 5458/6917/5437 5454/6912/5433
f 4969/7018/5529 4970/7019/5530 5462/6922/5441 5458/6917/5437
f 4970/7019/5530 4971/7020/5531 5466/6927/5445 5462/6922/5441
f 4971/7020/5531 4972/7021/5532 5470/6932/5449 5466/6927/5445
f 4972/7021/5532 4973/7022/5533 5474/6937/5453 5470/6932/5449
f 4973/7022/5533 4974/7023/5534 5478/6942/5457 5474/6937/5453
f 4974/7023/5534 4975/7024/5535 5482/6947/5461 5478/6942/5457
f 4975/7024/5535 4976/6958/5472 5486/6952/5465 5482/6947/5461
o Heavy_octagonal_forged_head
v 0.410000 0.004674 -0.257083
v 0.410000 0.054568 -0.253836
v 0.440000 0.006670 -0.256953
v 0.440000 0.052573 -0.253965
v 0.470000 0.004674 -0.257083
v 0.470000 0.054568 -0.253836
v 0.380000 0.009204 -0.256788
v 0.381311 0.006920 -0.256937
v 0.380176 0.008336 -0.256845
v 0.380655 0.007500 -0.256899
v 0.381246 0.014330 -0.276777
v 0.381301 0.012331 -0.274955
v 0.380000 0.014519 -0.274431
v 0.381133 0.013571 -0.276330
v 0.380637 0.014367 -0.276143
v 0.380618 0.013716 -0.275851
v 0.380665 0.012903 -0.274826
v 0.381153 0.012842 -0.275665
v 0.380627 0.013250 -0.275431
v 0.380183 0.014436 -0.275287
v 0.380191 0.013700 -0.274635
v 0.380319 0.013757 -0.275311
v 0.381235 0.031237 -0.280289
v 0.380000 0.031079 -0.277856
v 0.380618 0.031195 -0.279641
v 0.380166 0.031137 -0.278750
v 0.381301 0.049293 -0.272549
v 0.381246 0.047547 -0.274615
v 0.380000 0.047056 -0.272313
v 0.381153 0.048878 -0.273320
v 0.380665 0.048709 -0.272495
v 0.380627 0.048444 -0.273141
v 0.380637 0.047428 -0.273991
v 0.381133 0.048241 -0.274074
v 0.380618 0.048036 -0.273617
v 0.380191 0.047894 -0.272409
v 0.380183 0.047249 -0.273151
v 0.380319 0.047925 -0.273087
v 0.381311 0.052322 -0.253982
v 0.380000 0.050038 -0.254130
v 0.380655 0.051743 -0.254019
v 0.380176 0.050907 -0.254074
v 0.381246 0.044913 -0.234142
v 0.381301 0.046911 -0.235964
v 0.380000 0.044724 -0.236488
v 0.381133 0.045671 -0.234588
v 0.380637 0.044876 -0.234776
v 0.380618 0.045527 -0.235067
v 0.380665 0.046339 -0.236093
v 0.381153 0.046401 -0.235253
v 0.380627 0.045993 -0.235487
v 0.380183 0.044807 -0.235632
v 0.380191 0.045542 -0.236284
v 0.380319 0.045486 -0.235608
v 0.381235 0.028005 -0.230629
v 0.380000 0.028163 -0.233063
v 0.380618 0.028047 -0.231278
v 0.380166 0.028105 -0.232168
v 0.381301 0.009950 -0.238370
v 0.381246 0.011695 -0.236304
v 0.380000 0.012187 -0.238606
v 0.381153 0.010364 -0.237599
v 0.380665 0.010534 -0.238424
v 0.380627 0.010799 -0.237778
v 0.380637 0.011814 -0.236928
v 0.381133 0.011001 -0.236845
v 0.380618 0.011206 -0.237301
v 0.380191 0.011349 -0.238510
v 0.380183 0.011994 -0.237767
v 0.380319 0.011317 -0.237832
v 0.388499 0.003741 -0.257144
v 0.385690 0.004423 -0.257100
v 0.387574 0.003809 -0.257140
v 0.386546 0.004058 -0.257123
v 0.385755 0.012441 -0.279485
v 0.388496 0.011926 -0.280115
v 0.388498 0.010032 -0.278362
v 0.385697 0.010500 -0.277583
v 0.386582 0.012244 -0.279844
v 0.385606 0.011700 -0.279012
v 0.386564 0.011388 -0.279413
v 0.388516 0.011146 -0.279749
v 0.387583 0.012055 -0.280074
v 0.387543 0.011202 -0.279661
v 0.387576 0.010047 -0.278154
v 0.388516 0.010456 -0.279110
v 0.387541 0.010528 -0.279017
v 0.385585 0.010992 -0.278318
v 0.386552 0.010218 -0.277870
v 0.386554 0.010707 -0.278751
v 0.388495 0.030029 -0.283956
v 0.385764 0.031448 -0.283517
v 0.388495 0.032911 -0.283769
v 0.387584 0.030444 -0.283980
v 0.388507 0.030952 -0.284034
v 0.387648 0.031152 -0.284049
v 0.386586 0.031967 -0.283754
v 0.386586 0.030963 -0.283819
v 0.387033 0.031476 -0.283959
v 0.388507 0.032006 -0.283966
v 0.387584 0.032502 -0.283846
v 0.387648 0.031810 -0.284006
v 0.385697 0.051449 -0.274917
v 0.388498 0.052014 -0.275629
v 0.388496 0.050364 -0.277613
v 0.385755 0.049771 -0.277055
v 0.386552 0.051766 -0.275165
v 0.385585 0.051057 -0.275710
v 0.386554 0.051395 -0.276102
v 0.388516 0.051690 -0.276426
v 0.387576 0.051973 -0.275425
v 0.387541 0.051608 -0.276343
v 0.387583 0.050230 -0.277589
v 0.388516 0.051089 -0.277149
v 0.387543 0.051023 -0.277069
v 0.385606 0.050445 -0.276490
v 0.386582 0.050013 -0.277385
v 0.386564 0.050806 -0.276848
v 0.385690 0.054819 -0.253819
v 0.388499 0.055501 -0.253775
v 0.386546 0.055184 -0.253795
v 0.387574 0.055434 -0.253779
v 0.385755 0.046801 -0.231434
v 0.388496 0.047317 -0.230804
v 0.388498 0.049211 -0.232557
v 0.385697 0.048742 -0.233336
v 0.386582 0.046999 -0.231075
v 0.385606 0.047542 -0.231907
v 0.386564 0.047854 -0.231505
v 0.388516 0.048096 -0.231170
v 0.387583 0.047187 -0.230845
v 0.387543 0.048041 -0.231257
v 0.387576 0.049196 -0.232764
v 0.388516 0.048786 -0.231808
v 0.387541 0.048715 -0.231902
v 0.385585 0.048251 -0.232601
v 0.386552 0.049025 -0.233049
v 0.386554 0.048535 -0.232168
v 0.388495 0.029213 -0.226963
v 0.385764 0.027795 -0.227402
v 0.388495 0.026331 -0.227150
v 0.387584 0.028798 -0.226939
v 0.388507 0.028290 -0.226885
v 0.387648 0.028091 -0.226870
v 0.386586 0.027275 -0.227165
v 0.386586 0.028280 -0.227100
v 0.387033 0.027766 -0.226960
v 0.388507 0.027237 -0.226953
v 0.387584 0.026740 -0.227073
v 0.387648 0.027433 -0.226912
v 0.385697 0.007793 -0.236001
v 0.388498 0.007228 -0.235290
v 0.388496 0.008879 -0.233306
v 0.385755 0.009471 -0.233864
v 0.386552 0.007476 -0.235754
v 0.385585 0.008186 -0.235209
v 0.386554 0.007847 -0.234816
v 0.388516 0.007552 -0.234492
v 0.387576 0.007270 -0.235493
v 0.387541 0.007635 -0.234576
v 0.387583 0.009013 -0.233330
v 0.388516 0.008154 -0.233770
v 0.387543 0.008220 -0.233849
v 0.385606 0.008798 -0.234429
v 0.386582 0.009229 -0.233534
v 0.386564 0.008437 -0.234071
v 0.410000 0.012576 -0.278564
v 0.410000 0.010670 -0.276827
v 0.410000 0.011783 -0.278222
v 0.410000 0.011085 -0.277586
v 0.410000 0.032794 -0.281914
v 0.410000 0.029905 -0.282102
v 0.410000 0.031887 -0.282118
v 0.410000 0.030830 -0.282187
v 0.410000 0.051183 -0.274190
v 0.410000 0.049518 -0.276160
v 0.410000 0.050870 -0.274996
v 0.410000 0.050260 -0.275717
v 0.410000 0.046666 -0.232354
v 0.410000 0.048573 -0.234092
v 0.410000 0.047460 -0.232697
v 0.410000 0.048158 -0.233333
v 0.410000 0.026449 -0.229005
v 0.410000 0.029337 -0.228817
v 0.410000 0.027355 -0.228801
v 0.410000 0.028412 -0.228732
v 0.410000 0.008059 -0.236729
v 0.410000 0.009725 -0.234759
v 0.410000 0.008373 -0.235923
v 0.410000 0.008982 -0.235202
v 0.440000 0.014065 -0.276870
v 0.440000 0.012161 -0.275130
v 0.440000 0.013272 -0.276526
v 0.440000 0.012575 -0.275889
v 0.440000 0.032663 -0.279916
v 0.440000 0.029776 -0.280104
v 0.440000 0.031757 -0.280121
v 0.440000 0.030700 -0.280190
v 0.440000 0.049484 -0.272700
v 0.440000 0.047821 -0.274673
v 0.440000 0.049172 -0.273507
v 0.440000 0.048563 -0.274229
v 0.440000 0.045177 -0.234049
v 0.440000 0.047081 -0.235789
v 0.440000 0.045970 -0.234393
v 0.440000 0.046667 -0.235030
v 0.440000 0.026579 -0.231003
v 0.440000 0.029467 -0.230815
v 0.440000 0.027485 -0.230798
v 0.440000 0.028542 -0.230729
v 0.440000 0.009758 -0.238219
v 0.440000 0.011421 -0.236246
v 0.440000 0.010071 -0.237412
v 0.440000 0.010679 -0.236690
v 0.470000 0.012576 -0.278564
v 0.470000 0.010670 -0.276827
v 0.470000 0.011783 -0.278222
v 0.470000 0.011085 -0.277586
v 0.470000 0.032794 -0.281914
v 0.470000 0.029905 -0.282102
v 0.470000 0.031887 -0.282118
v 0.470000 0.030830 -0.282187
v 0.470000 0.051183 -0.274190
v 0.470000 0.049518 -0.276160
v 0.470000 0.050870 -0.274996
v 0.470000 0.050260 -0.275717
v 0.470000 0.046666 -0.232354
v 0.470000 0.048573 -0.234092
v 0.470000 0.047460 -0.232697
v 0.470000 0.048158 -0.233333
v 0.470000 0.026449 -0.229005
v 0.470000 0.029337 -0.228817
v 0.470000 0.027355 -0.228801
v 0.470000 0.028412 -0.228732
v 0.470000 0.008059 -0.236729
v 0.470000 0.009725 -0.234759
v 0.470000 0.008373 -0.235923
v 0.470000 0.008982 -0.235202
v 0.494310 0.004423 -0.257100
v 0.491501 0.003741 -0.257144
v 0.493454 0.004058 -0.257123
v 0.492426 0.003809 -0.257140
v 0.491504 0.011926 -0.280115
v 0.494245 0.012441 -0.279485
v 0.494303 0.010500 -0.277583
v 0.491502 0.010032 -0.278362
v 0.492417 0.012055 -0.280074
v 0.491484 0.011146 -0.279749
v 0.492457 0.011202 -0.279661
v 0.494394 0.011700 -0.279012
v 0.493418 0.012244 -0.279844
v 0.493436 0.011388 -0.279413
v 0.493448 0.010218 -0.277870
v 0.494415 0.010992 -0.278318
v 0.493446 0.010707 -0.278751
v 0.491484 0.010456 -0.279110
v 0.492424 0.010047 -0.278154
v 0.492459 0.010528 -0.279017
v 0.491505 0.032911 -0.283769
v 0.494236 0.031448 -0.283517
v 0.491505 0.030029 -0.283956
v 0.492416 0.032502 -0.283846
v 0.491493 0.032006 -0.283966
v 0.492352 0.031810 -0.284006
v 0.493414 0.030963 -0.283819
v 0.493414 0.031967 -0.283754
v 0.492967 0.031476 -0.283959
v 0.491493 0.030952 -0.284034
v 0.492416 0.030444 -0.283980
v 0.492352 0.031152 -0.284049
v 0.491502 0.052014 -0.275629
v 0.494303 0.051449 -0.274917
v 0.494245 0.049771 -0.277055
v 0.491504 0.050364 -0.277613
v 0.492424 0.051973 -0.275425
v 0.491484 0.051690 -0.276426
v 0.492459 0.051608 -0.276343
v 0.494415 0.051057 -0.275710
v 0.493448 0.051766 -0.275165
v 0.493446 0.051395 -0.276102
v 0.493418 0.050013 -0.277385
v 0.494394 0.050445 -0.276490
v 0.493436 0.050806 -0.276848
v 0.491484 0.051089 -0.277149
v 0.492417 0.050230 -0.277589
v 0.492457 0.051023 -0.277069
v 0.491501 0.055501 -0.253775
v 0.494310 0.054819 -0.253819
v 0.492426 0.055434 -0.253779
v 0.493454 0.055184 -0.253795
v 0.491504 0.047317 -0.230804
v 0.494245 0.046801 -0.231434
v 0.494303 0.048742 -0.233336
v 0.491502 0.049211 -0.232557
v 0.492417 0.047187 -0.230845
v 0.491484 0.048096 -0.231170
v 0.492457 0.048041 -0.231257
v 0.494394 0.047542 -0.231907
v 0.493418 0.046999 -0.231075
v 0.493436 0.047854 -0.231505
v 0.493448 0.049025 -0.233049
v 0.494415 0.048251 -0.232601
v 0.493446 0.048535 -0.232168
v 0.491484 0.048786 -0.231808
v 0.492424 0.049196 -0.232764
v 0.492459 0.048715 -0.231902
v 0.491505 0.026331 -0.227150
v 0.494236 0.027795 -0.227402
v 0.491505 0.029213 -0.226963
v 0.492416 0.026740 -0.227073
v 0.491493 0.027237 -0.226953
v 0.492352 0.027433 -0.226912
v 0.493414 0.028280 -0.227100
v 0.493414 0.027275 -0.227165
v 0.492967 0.027766 -0.226960
v 0.491493 0.028290 -0.226885
v 0.492416 0.028798 -0.226939
v 0.492352 0.028091 -0.226870
v 0.491502 0.007228 -0.235290
v 0.494303 0.007793 -0.236001
v 0.494245 0.009471 -0.233864
v 0.491504 0.008879 -0.233306
v 0.492424 0.007270 -0.235493
v 0.491484 0.007552 -0.234492
v 0.492459 0.007635 -0.234576
v 0.494415 0.008186 -0.235209
v 0.493448 0.007476 -0.235754
v 0.493446 0.007847 -0.234816
v 0.493418 0.009229 -0.233534
v 0.494394 0.008798 -0.234429
v 0.493436 0.008437 -0.234071
v 0.491484 0.008154 -0.233770
v 0.492417 0.009013 -0.233330
v 0.492457 0.008220 -0.233849
v 0.500000 0.009204 -0.256788
v 0.498689 0.006920 -0.256937
v 0.499824 0.008336 -0.256845
v 0.499345 0.007500 -0.256899
v 0.498754 0.014330 -0.276777
v 0.500000 0.014519 -0.274431
v 0.498699 0.012331 -0.274955
v 0.499363 0.014367 -0.276143
v 0.498867 0.013571 -0.276330
v 0.499382 0.013716 -0.275851
v 0.499809 0.013700 -0.274635
v 0.499817 0.014436 -0.275287
v 0.499681 0.013757 -0.275311
v 0.498847 0.012842 -0.275665
v 0.499335 0.012903 -0.274826
v 0.499373 0.013250 -0.275431
v 0.500000 0.031079 -0.277856
v 0.498765 0.031237 -0.280289
v 0.499834 0.031137 -0.278750
v 0.499382 0.031195 -0.279641
v 0.498699 0.049293 -0.272549
v 0.500000 0.047056 -0.272313
v 0.498754 0.047547 -0.274615
v 0.499335 0.048709 -0.272495
v 0.498847 0.048878 -0.273320
v 0.499373 0.048444 -0.273141
v 0.499817 0.047249 -0.273151
v 0.499809 0.047894 -0.272409
v 0.499681 0.047925 -0.273087
v 0.498867 0.048241 -0.274073
v 0.499363 0.047428 -0.273991
v 0.499382 0.048036 -0.273617
v 0.500000 0.050038 -0.254130
v 0.498689 0.052322 -0.253982
v 0.499824 0.050907 -0.254074
v 0.499345 0.051743 -0.254019
v 0.498754 0.044913 -0.234142
v 0.500000 0.044724 -0.236488
v 0.498699 0.046911 -0.235964
v 0.499363 0.044876 -0.234776
v 0.498867 0.045671 -0.234589
v 0.499382 0.045527 -0.235067
v 0.499809 0.045542 -0.236284
v 0.499817 0.044807 -0.235632
v 0.499681 0.045486 -0.235608
v 0.498847 0.046401 -0.235253
v 0.499335 0.046339 -0.236093
v 0.499373 0.045993 -0.235487
v 0.500000 0.028163 -0.233063
v 0.498765 0.028005 -0.230629
v 0.499834 0.028105 -0.232168
v 0.499382 0.028047 -0.231278
v 0.498699 0.009950 -0.238370
v 0.500000 0.012187 -0.238606
v 0.498754 0.011695 -0.236304
v 0.499335 0.010534 -0.238424
v 0.498847 0.010364 -0.237599
v 0.499373 0.010799 -0.237778
v 0.499817 0.011994 -0.237767
v 0.499809 0.011349 -0.238510
v 0.499681 0.011317 -0.237832
v 0.498867 0.011001 -0.236845
v 0.499363 0.011814 -0.236928
v 0.499382 0.011206 -0.237301
vn -0.5852 -0.1749 -0.7918
vn -0.5999 -0.4546 -0.6584
vn -0.7593 -0.3345 -0.5583
vn -0.8110 -0.1235 -0.5719
vn -0.5824 -0.6396 -0.5017
vn -0.6870 -0.5756 -0.4436
vn -0.5189 -0.8168 -0.2521
vn -0.6655 -0.7133 -0.2196
vn -0.8600 -0.4666 -0.2066
vn -0.9644 -0.1815 -0.1923
vn -0.8834 -0.0984 -0.4582
vn -0.8570 -0.2565 -0.4469
vn -0.5189 0.8426 -0.1441
vn -0.5824 0.6992 -0.4145
vn -0.6870 0.6282 -0.3652
vn -0.6655 0.7358 -0.1253
vn -0.5999 0.5361 -0.5939
vn -0.7593 0.4040 -0.5102
vn -0.5852 0.2760 -0.7625
vn -0.8110 0.1966 -0.5511
vn -0.8834 0.1570 -0.4415
vn -0.8570 0.3123 -0.4098
vn -0.9644 0.2049 -0.1671
vn -0.8600 0.4894 -0.1444
vn -0.5852 0.1749 0.7918
vn -0.5999 0.4545 0.6584
vn -0.7593 0.3344 0.5583
vn -0.8110 0.1235 0.5719
vn -0.5824 0.6396 0.5017
vn -0.6870 0.5756 0.4436
vn -0.5189 0.8168 0.2521
vn -0.6655 0.7133 0.2196
vn -0.8600 0.4666 0.2066
vn -0.9644 0.1815 0.1923
vn -0.8834 0.0984 0.4581
vn -0.8570 0.2565 0.4469
vn -0.5189 -0.8426 0.1441
vn -0.5824 -0.6992 0.4145
vn -0.6870 -0.6282 0.3652
vn -0.6655 -0.7358 0.1253
vn -0.5999 -0.5361 0.5940
vn -0.7593 -0.4040 0.5102
vn -0.5852 -0.2760 0.7625
vn -0.8110 -0.1966 0.5511
vn -0.8834 -0.1570 0.4415
vn -0.8570 -0.3123 0.4098
vn -0.9644 -0.2049 0.1671
vn -0.8600 -0.4894 0.1444
vn -0.5455 -0.1817 -0.8182
vn -0.3421 -0.2060 -0.9168
vn -0.3832 -0.5332 -0.7542
vn -0.5708 -0.4708 -0.6727
vn -0.1724 -0.2154 -0.9612
vn -0.2090 -0.5560 -0.8044
vn 0.0733 -0.2131 -0.9743
vn 0.0675 -0.5553 -0.8289
vn 0.0592 -0.7796 -0.6234
vn -0.2088 -0.7744 -0.5972
vn 0.0410 -0.9546 -0.2950
vn -0.1607 -0.9436 -0.2895
vn -0.3051 -0.9103 -0.2799
vn -0.3713 -0.7352 -0.5672
vn -0.4765 -0.8400 -0.2593
vn -0.5531 -0.6542 -0.5158
vn 0.0738 -0.1979 -0.9774
vn -0.1680 -0.2006 -0.9652
vn -0.0557 -0.0252 -0.9981
vn 0.0832 -0.0068 -0.9965
vn -0.3380 -0.1891 -0.9220
vn -0.2330 0.0632 -0.9704
vn -0.5578 0.0539 -0.8283
vn -0.3380 0.3070 -0.8897
vn -0.1680 0.3240 -0.9310
vn -0.0557 0.1543 -0.9864
vn 0.0738 0.3230 -0.9435
vn 0.0832 0.1360 -0.9872
vn -0.4766 0.8666 -0.1482
vn -0.3051 0.9389 -0.1596
vn -0.3713 0.8025 -0.4671
vn -0.5531 0.7155 -0.4267
vn -0.1607 0.9732 -0.1647
vn -0.2088 0.8453 -0.4917
vn 0.0410 0.9848 -0.1687
vn 0.0592 0.8539 -0.5171
vn 0.0675 0.6581 -0.7499
vn -0.2090 0.6556 -0.7256
vn 0.0733 0.3376 -0.9384
vn -0.1724 0.3382 -0.9251
vn -0.3420 0.3232 -0.8824
vn -0.3833 0.6265 -0.6787
vn -0.5455 0.2862 -0.7878
vn -0.5708 0.5540 -0.6060
vn -0.5454 0.1817 0.8182
vn -0.3420 0.2060 0.9168
vn -0.3832 0.5333 0.7542
vn -0.5708 0.4708 0.6727
vn -0.1724 0.2154 0.9612
vn -0.2090 0.5560 0.8044
vn 0.0733 0.2131 0.9743
vn 0.0675 0.5553 0.8289
vn 0.0592 0.7796 0.6234
vn -0.2088 0.7744 0.5972
vn 0.0410 0.9546 0.2950
vn -0.1607 0.9436 0.2895
vn -0.3051 0.9103 0.2799
vn -0.3713 0.7351 0.5672
vn -0.4765 0.8400 0.2593
vn -0.5531 0.6542 0.5158
vn 0.0739 0.1980 0.9774
vn -0.1680 0.2005 0.9652
vn -0.0557 0.0252 0.9981
vn 0.0832 0.0068 0.9965
vn -0.3380 0.1891 0.9220
vn -0.2330 -0.0632 0.9704
vn -0.5577 -0.0539 0.8283
vn -0.3380 -0.3070 0.8897
vn -0.1681 -0.3240 0.9310
vn -0.0557 -0.1543 0.9865
vn 0.0739 -0.3230 0.9435
vn 0.0832 -0.1360 0.9872
vn -0.4766 -0.8666 0.1482
vn -0.3051 -0.9389 0.1596
vn -0.3713 -0.8025 0.4671
vn -0.5531 -0.7155 0.4267
vn -0.1607 -0.9732 0.1647
vn -0.2088 -0.8453 0.4918
vn 0.0410 -0.9848 0.1687
vn 0.0592 -0.8539 0.5171
vn 0.0675 -0.6581 0.7499
vn -0.2090 -0.6556 0.7256
vn 0.0733 -0.3376 0.9384
vn -0.1724 -0.3382 0.9251
vn -0.3420 -0.3232 0.8824
vn -0.3832 -0.6265 0.6787
vn -0.5455 -0.2862 0.7878
vn -0.5708 -0.5540 0.6060
vn -0.0733 -0.2131 -0.9743
vn 0.1724 -0.2154 -0.9612
vn 0.2090 -0.5560 -0.8044
vn -0.0675 -0.5553 -0.8289
vn 0.3420 -0.2060 -0.9168
vn 0.3832 -0.5332 -0.7542
vn 0.5455 -0.1817 -0.8182
vn 0.5708 -0.4708 -0.6727
vn 0.5531 -0.6542 -0.5158
vn 0.3713 -0.7352 -0.5672
vn 0.4766 -0.8400 -0.2593
vn 0.3051 -0.9103 -0.2799
vn 0.1607 -0.9436 -0.2895
vn 0.2088 -0.7744 -0.5972
vn -0.0410 -0.9546 -0.2950
vn -0.0592 -0.7796 -0.6234
vn -0.0738 0.3230 -0.9435
vn 0.1680 0.3240 -0.9310
vn 0.0556 0.1543 -0.9864
vn -0.0832 0.1360 -0.9872
vn 0.3380 0.3070 -0.8897
vn 0.2330 0.0632 -0.9704
vn 0.5577 0.0539 -0.8283
vn 0.3380 -0.1891 -0.9220
vn 0.1680 -0.2006 -0.9652
vn 0.0557 -0.0252 -0.9981
vn -0.0738 -0.1979 -0.9774
vn -0.0832 -0.0069 -0.9965
vn -0.0410 0.9848 -0.1687
vn 0.1607 0.9732 -0.1647
vn 0.2088 0.8453 -0.4917
vn -0.0592 0.8539 -0.5171
vn 0.3051 0.9389 -0.1596
vn 0.3713 0.8025 -0.4671
vn 0.4765 0.8666 -0.1482
vn 0.5531 0.7155 -0.4267
vn 0.5708 0.5540 -0.6060
vn 0.3832 0.6265 -0.6787
vn 0.5455 0.2862 -0.7878
vn 0.3421 0.3232 -0.8824
vn 0.1724 0.3382 -0.9252
vn 0.2090 0.6556 -0.7256
vn -0.0733 0.3376 -0.9384
vn -0.0675 0.6581 -0.7499
vn -0.0733 0.2131 0.9743
vn 0.1725 0.2154 0.9612
vn 0.2090 0.5560 0.8044
vn -0.0675 0.5553 0.8289
vn 0.3420 0.2060 0.9168
vn 0.3832 0.5333 0.7542
vn 0.5454 0.1817 0.8182
vn 0.5708 0.4708 0.6727
vn 0.5531 0.6542 0.5158
vn 0.3713 0.7351 0.5672
vn 0.4765 0.8400 0.2593
vn 0.3051 0.9103 0.2799
vn 0.1607 0.9436 0.2895
vn 0.2088 0.7744 0.5972
vn -0.0410 0.9546 0.2950
vn -0.0592 0.7796 0.6234
vn -0.0739 -0.3230 0.9435
vn 0.1680 -0.3240 0.9310
vn 0.0557 -0.1543 0.9865
vn -0.0832 -0.1360 0.9872
vn 0.3380 -0.3070 0.8897
vn 0.2330 -0.0632 0.9704
vn 0.5578 -0.0539 0.8283
vn 0.3380 0.1891 0.9220
vn 0.1681 0.2005 0.9652
vn 0.0557 0.0252 0.9981
vn -0.0739 0.1980 0.9774
vn -0.0832 0.0069 0.9965
vn -0.0410 -0.9848 0.1687
vn 0.1607 -0.9732 0.1647
vn 0.2088 -0.8453 0.4918
vn -0.0592 -0.8539 0.5171
vn 0.3051 -0.9389 0.1596
vn 0.3713 -0.8025 0.4671
vn 0.4765 -0.8666 0.1482
vn 0.5531 -0.7156 0.4267
vn 0.5708 -0.5540 0.6060
vn 0.3832 -0.6265 0.6787
vn 0.5454 -0.2862 0.7878
vn 0.3420 -0.3232 0.8824
vn 0.1724 -0.3382 0.9251
vn 0.2090 -0.6556 0.7256
vn -0.0733 -0.3376 0.9384
vn -0.0675 -0.6581 0.7499
vn 0.5852 -0.1749 -0.7918
vn 0.8110 -0.1235 -0.5719
vn 0.7593 -0.3344 -0.5583
vn 0.5999 -0.4545 -0.6584
vn 0.8834 -0.0984 -0.4581
vn 0.8752 -0.3319 -0.3521
vn 0.9644 -0.1815 -0.1923
vn 0.8636 -0.4821 -0.1479
vn 0.7779 -0.6007 -0.1846
vn 0.7439 -0.5500 -0.3797
vn 0.5189 -0.8168 -0.2521
vn 0.5824 -0.6396 -0.5017
vn 0.5189 0.8426 -0.1441
vn 0.7779 0.6195 -0.1052
vn 0.7439 0.5945 -0.3052
vn 0.5824 0.6992 -0.4146
vn 0.8636 0.4972 -0.0841
vn 0.8752 0.3747 -0.3061
vn 0.9644 0.2049 -0.1671
vn 0.8834 0.1570 -0.4415
vn 0.8110 0.1966 -0.5511
vn 0.7593 0.4040 -0.5102
vn 0.5852 0.2760 -0.7625
vn 0.5999 0.5361 -0.5939
vn 0.5852 0.1749 0.7918
vn 0.8110 0.1235 0.5719
vn 0.7593 0.3345 0.5583
vn 0.5999 0.4545 0.6584
vn 0.8834 0.0984 0.4581
vn 0.8752 0.3318 0.3521
vn 0.9644 0.1816 0.1923
vn 0.8636 0.4821 0.1479
vn 0.7779 0.6007 0.1846
vn 0.7439 0.5500 0.3797
vn 0.5189 0.8168 0.2521
vn 0.5824 0.6396 0.5017
vn 0.5189 -0.8426 0.1441
vn 0.7779 -0.6195 0.1052
vn 0.7439 -0.5945 0.3052
vn 0.5824 -0.6992 0.4145
vn 0.8636 -0.4972 0.0841
vn 0.8752 -0.3747 0.3061
vn 0.9644 -0.2049 0.1671
vn 0.8834 -0.1570 0.4415
vn 0.8110 -0.1966 0.5511
vn 0.7593 -0.4040 0.5102
vn 0.5852 -0.2761 0.7625
vn 0.5999 -0.5361 0.5939
vn -0.5262 -0.8486 -0.0552
vn -0.6749 -0.7363 -0.0479
vn -0.8636 -0.4974 0.0823
vn -0.9772 -0.2093 0.0348
vn -0.9801 -0.0656 0.1875
vn -0.8907 -0.0295 0.4535
vn -0.8217 -0.0370 0.5687
vn -0.5985 -0.0520 0.7995
vn -0.9801 0.0408 0.1945
vn -0.9772 0.2030 0.0616
vn -0.8636 0.4825 0.1461
vn -0.6749 0.7363 0.0479
vn -0.5262 0.8486 0.0552
vn -0.9772 0.2093 -0.0348
vn -0.8636 0.4974 -0.0823
vn -0.9801 0.0656 -0.1875
vn -0.8907 0.0295 -0.4536
vn -0.8217 0.0370 -0.5687
vn -0.5985 0.0520 -0.7995
vn -0.9801 -0.0408 -0.1945
vn -0.9772 -0.2030 -0.0616
vn -0.8636 -0.4825 -0.1461
vn -0.4830 -0.8738 -0.0569
vn -0.3099 -0.9488 -0.0618
vn -0.1626 -0.9846 -0.0641
vn 0.0415 -0.9970 -0.0649
vn -0.4830 0.8738 0.0569
vn -0.3099 0.9488 0.0618
vn -0.1626 0.9846 0.0641
vn 0.0415 0.9970 0.0649
vn 0.0714 -0.2113 -0.9748
vn 0.0748 -0.5505 -0.8315
vn 0.0711 -0.7796 -0.6223
vn 0.0566 -0.9534 -0.2964
vn 0.0714 0.3211 -0.9443
vn 0.0744 0.1368 -0.9878
vn 0.0744 -0.0076 -0.9972
vn 0.0714 -0.1960 -0.9780
vn 0.0566 0.9838 -0.1703
vn 0.0711 0.8537 -0.5160
vn 0.0748 0.6537 -0.7531
vn 0.0714 0.3359 -0.9392
vn 0.0714 0.2113 0.9748
vn 0.0748 0.5505 0.8315
vn 0.0711 0.7796 0.6223
vn 0.0566 0.9534 0.2964
vn 0.0714 -0.3211 0.9443
vn 0.0744 -0.1368 0.9878
vn 0.0744 0.0076 0.9972
vn 0.0714 0.1960 0.9780
vn 0.0566 -0.9838 0.1703
vn 0.0711 -0.8536 0.5160
vn 0.0748 -0.6537 0.7531
vn 0.0714 -0.3359 0.9392
vn -0.0000 -0.2106 -0.9776
vn -0.0000 -0.5492 -0.8357
vn -0.0000 -0.7821 -0.6232
vn -0.0000 -0.9545 -0.2981
vn -0.0000 0.3206 -0.9472
vn -0.0000 0.1378 -0.9905
vn -0.0000 -0.0082 -1.0000
vn -0.0000 -0.1951 -0.9808
vn -0.0000 0.9851 -0.1719
vn -0.0000 0.8562 -0.5166
vn -0.0000 0.6529 -0.7574
vn -0.0000 0.3356 -0.9420
vn -0.0000 0.2106 0.9776
vn -0.0000 0.5492 0.8357
vn -0.0000 0.7821 0.6232
vn -0.0000 0.9545 0.2981
vn -0.0000 -0.3206 0.9472
vn -0.0000 -0.1378 0.9905
vn -0.0000 0.0083 1.0000
vn -0.0000 0.1951 0.9808
vn -0.0000 -0.9851 0.1719
vn -0.0000 -0.8562 0.5166
vn -0.0000 -0.6529 0.7574
vn -0.0000 -0.3356 0.9420
vn -0.0714 -0.2113 -0.9748
vn -0.0748 -0.5505 -0.8315
vn -0.0711 -0.7796 -0.6223
vn -0.0566 -0.9534 -0.2964
vn -0.0714 0.3211 -0.9443
vn -0.0744 0.1368 -0.9878
vn -0.0744 -0.0076 -0.9972
vn -0.0714 -0.1960 -0.9780
vn -0.0566 0.9838 -0.1703
vn -0.0711 0.8537 -0.5160
vn -0.0748 0.6537 -0.7531
vn -0.0714 0.3359 -0.9392
vn -0.0714 0.2113 0.9748
vn -0.0748 0.5505 0.8315
vn -0.0711 0.7796 0.6223
vn -0.0566 0.9534 0.2964
vn -0.0714 -0.3211 0.9443
vn -0.0744 -0.1368 0.9878
vn -0.0744 0.0076 0.9972
vn -0.0714 0.1960 0.9780
vn -0.0566 -0.9838 0.1703
vn -0.0711 -0.8537 0.5160
vn -0.0748 -0.6537 0.7531
vn -0.0714 -0.3359 0.9392
vn -0.0415 -0.9970 -0.0649
vn 0.1626 -0.9846 -0.0641
vn 0.3099 -0.9488 -0.0618
vn 0.4830 -0.8738 -0.0569
vn -0.0415 0.9970 0.0649
vn 0.1626 0.9846 0.0641
vn 0.3099 0.9488 0.0618
vn 0.4830 0.8738 0.0569
vn 0.5262 -0.8486 -0.0552
vn 0.7862 -0.6167 -0.0401
vn 0.8693 -0.4932 -0.0321
vn 0.9772 -0.2030 -0.0616
vn 0.5985 0.0520 -0.7994
vn 0.8217 0.0370 -0.5687
vn 0.8907 0.0295 -0.4536
vn 0.9801 -0.0408 -0.1945
vn 0.9801 0.0656 -0.1875
vn 0.5262 0.8486 0.0552
vn 0.7862 0.6167 0.0401
vn 0.8693 0.4932 0.0321
vn 0.9772 0.2093 -0.0348
vn 0.9772 0.2030 0.0616
vn 0.5985 -0.0520 0.7995
vn 0.8217 -0.0370 0.5687
vn 0.8907 -0.0295 0.4535
vn 0.9801 0.0408 0.1945
vn 0.9801 -0.0656 0.1875
vn 0.9772 -0.2093 0.0348
vn -1.0000 -0.0000 -0.0000
vn 0.0577 -0.9962 -0.0648
vn 0.0577 0.9962 0.0648
vn -0.0000 -0.9979 -0.0650
vn -0.0000 0.9979 0.0650
vn -0.0577 -0.9962 -0.0648
vn -0.0577 0.9962 0.0648
vn 1.0000 -0.0000 -0.0000
vt 0.381261 0.325614
vt 0.383293 0.326243
vt 0.382872 0.327878
vt 0.381125 0.327606
vt 0.384745 0.326743
vt 0.384055 0.328260
vt 0.019172 0.325416
vt 0.019434 0.328917
vt 0.016367 0.328053
vt 0.015559 0.326587
vt 0.374109 0.346501
vt 0.372467 0.347164
vt 0.372076 0.344096
vt 0.373222 0.343564
vt 0.370385 0.348060
vt 0.370304 0.344023
vt 0.381114 0.329102
vt 0.382811 0.329136
vt 0.156434 0.009979
vt 0.152821 0.008807
vt 0.153629 0.007341
vt 0.156696 0.006478
vt 0.288271 0.326576
vt 0.289761 0.326081
vt 0.290131 0.327718
vt 0.288918 0.328095
vt 0.291844 0.325460
vt 0.291911 0.327451
vt 0.291869 0.328948
vt 0.290148 0.328976
vt 0.285033 0.367829
vt 0.282769 0.367939
vt 0.281771 0.365012
vt 0.283331 0.364167
vt 0.281003 0.368065
vt 0.280508 0.365038
vt 0.416706 0.010016
vt 0.414674 0.009388
vt 0.415095 0.007753
vt 0.416842 0.008025
vt 0.413222 0.008888
vt 0.413912 0.007371
vt 0.254860 0.009979
vt 0.254437 0.006478
vt 0.257488 0.007341
vt 0.258350 0.008807
vt 0.303075 0.463366
vt 0.304717 0.462703
vt 0.305108 0.465770
vt 0.303962 0.466303
vt 0.306799 0.461806
vt 0.306880 0.465844
vt 0.416852 0.006529
vt 0.415155 0.006495
vt 0.117598 0.325416
vt 0.121088 0.326587
vt 0.120225 0.328053
vt 0.117175 0.328917
vt 0.509695 0.009055
vt 0.508205 0.009550
vt 0.507836 0.007913
vt 0.509049 0.007536
vt 0.506123 0.010171
vt 0.506055 0.008180
vt 0.506097 0.006683
vt 0.507819 0.006655
vt 0.392151 0.442038
vt 0.394415 0.441928
vt 0.395413 0.444855
vt 0.393853 0.445700
vt 0.396181 0.441801
vt 0.396676 0.444829
vt 0.386974 0.313069
vt 0.387679 0.310980
vt 0.389989 0.311380
vt 0.388955 0.313801
vt 0.388257 0.308020
vt 0.390652 0.308381
vt 0.388506 0.305622
vt 0.390654 0.305571
vt 0.392352 0.305514
vt 0.392657 0.308950
vt 0.010720 0.306082
vt 0.011212 0.308545
vt 0.008663 0.308614
vt 0.006763 0.305902
vt 0.011932 0.311468
vt 0.007697 0.312321
vt 0.012669 0.313610
vt 0.008998 0.314681
vt 0.390352 0.314424
vt 0.391463 0.311982
vt 0.341008 0.304651
vt 0.340011 0.307028
vt 0.338192 0.306806
vt 0.338646 0.304547
vt 0.338421 0.310122
vt 0.336935 0.309049
vt 0.337103 0.312028
vt 0.335695 0.309964
vt 0.334271 0.307018
vt 0.336115 0.306803
vt 0.333247 0.304637
vt 0.335644 0.304541
vt 0.149931 0.021785
vt 0.149195 0.023927
vt 0.146619 0.023679
vt 0.146260 0.020714
vt 0.148474 0.026850
vt 0.145897 0.026511
vt 0.147982 0.029313
vt 0.144026 0.029493
vt 0.281141 0.305321
vt 0.282864 0.305385
vt 0.282911 0.307941
vt 0.280850 0.307878
vt 0.285044 0.305443
vt 0.285308 0.307842
vt 0.285852 0.310804
vt 0.283495 0.311196
vt 0.286493 0.312895
vt 0.284459 0.313620
vt 0.283020 0.314238
vt 0.281512 0.311912
vt 0.143756 0.025443
vt 0.144481 0.023167
vt 0.410992 0.022562
vt 0.410287 0.024651
vt 0.407890 0.024432
vt 0.409012 0.021830
vt 0.409710 0.027611
vt 0.407348 0.027504
vt 0.409460 0.030009
vt 0.407312 0.030059
vt 0.405615 0.030117
vt 0.405520 0.027552
vt 0.263867 0.029313
vt 0.263394 0.026850
vt 0.267932 0.026911
vt 0.267749 0.029493
vt 0.262628 0.023927
vt 0.265145 0.023679
vt 0.261804 0.021785
vt 0.265356 0.020714
vt 0.407615 0.021207
vt 0.405809 0.024270
vt 0.456958 0.030980
vt 0.457956 0.028603
vt 0.459774 0.028825
vt 0.459320 0.031084
vt 0.459545 0.025509
vt 0.461031 0.026581
vt 0.460863 0.023603
vt 0.462272 0.025667
vt 0.463696 0.028613
vt 0.461851 0.028828
vt 0.464719 0.030994
vt 0.462322 0.031090
vt 0.124541 0.313610
vt 0.125366 0.311468
vt 0.127882 0.311716
vt 0.128094 0.314681
vt 0.126131 0.308545
vt 0.128674 0.308884
vt 0.126605 0.306082
vt 0.130487 0.305902
vt 0.516826 0.030310
vt 0.515103 0.030246
vt 0.515056 0.027690
vt 0.517117 0.027753
vt 0.512922 0.030188
vt 0.512659 0.027789
vt 0.512115 0.024827
vt 0.514471 0.024435
vt 0.511474 0.022736
vt 0.513508 0.022010
vt 0.514947 0.021393
vt 0.516455 0.023719
vt 0.130777 0.309952
vt 0.129957 0.312228
vt 0.388506 0.029442
vt 0.388257 0.027007
vt 0.390652 0.026729
vt 0.390654 0.029581
vt 0.387679 0.024131
vt 0.389989 0.023857
vt 0.386974 0.022201
vt 0.388955 0.021611
vt 0.390352 0.021098
vt 0.391463 0.023366
vt 0.012669 0.021785
vt 0.011933 0.023927
vt 0.007697 0.023074
vt 0.008998 0.020714
vt 0.011212 0.026850
vt 0.008663 0.026781
vt 0.010720 0.029313
vt 0.006763 0.029493
vt 0.392352 0.029709
vt 0.392657 0.026256
vt 0.333247 0.028455
vt 0.334271 0.026012
vt 0.336115 0.026168
vt 0.335644 0.028471
vt 0.335851 0.022940
vt 0.337375 0.023918
vt 0.337103 0.021201
vt 0.338565 0.023129
vt 0.340011 0.026022
vt 0.338192 0.026172
vt 0.341008 0.028468
vt 0.338646 0.028476
vt 0.147982 0.306082
vt 0.148474 0.308545
vt 0.145925 0.308614
vt 0.144026 0.305902
vt 0.149195 0.311468
vt 0.146560 0.311554
vt 0.149931 0.313610
vt 0.146260 0.314681
vt 0.283020 0.020913
vt 0.284459 0.021430
vt 0.283495 0.023672
vt 0.281512 0.023082
vt 0.286493 0.022027
vt 0.285852 0.023955
vt 0.285308 0.026829
vt 0.282911 0.026811
vt 0.285044 0.029263
vt 0.282864 0.029395
vt 0.281141 0.029517
vt 0.280850 0.026943
vt 0.144247 0.311145
vt 0.143783 0.308550
vt 0.409460 0.306189
vt 0.409710 0.308624
vt 0.407348 0.308634
vt 0.407312 0.306050
vt 0.410287 0.311500
vt 0.407890 0.311632
vt 0.410992 0.313430
vt 0.409012 0.314020
vt 0.407615 0.314533
vt 0.405809 0.311719
vt 0.261804 0.313610
vt 0.262628 0.311468
vt 0.265145 0.311716
vt 0.265356 0.314681
vt 0.263394 0.308545
vt 0.267932 0.308484
vt 0.263867 0.306082
vt 0.267749 0.305902
vt 0.405615 0.305922
vt 0.405520 0.308510
vt 0.464719 0.307176
vt 0.463696 0.309619
vt 0.461851 0.309463
vt 0.462322 0.307160
vt 0.462115 0.312691
vt 0.460592 0.311713
vt 0.460863 0.314430
vt 0.459401 0.312502
vt 0.457956 0.309609
vt 0.459774 0.309459
vt 0.456958 0.307163
vt 0.459320 0.307154
vt 0.126605 0.029313
vt 0.126131 0.026850
vt 0.128634 0.026781
vt 0.130487 0.029493
vt 0.125366 0.023927
vt 0.127968 0.023841
vt 0.124541 0.021785
vt 0.128094 0.020714
vt 0.514947 0.314718
vt 0.513508 0.314201
vt 0.514472 0.311959
vt 0.516455 0.312549
vt 0.511474 0.313604
vt 0.512115 0.311676
vt 0.512659 0.308802
vt 0.515056 0.308820
vt 0.512922 0.306368
vt 0.515103 0.306236
vt 0.516826 0.306114
vt 0.517117 0.308688
vt 0.130291 0.024250
vt 0.130736 0.026845
vt 0.381261 0.010550
vt 0.381125 0.008731
vt 0.382872 0.008550
vt 0.383293 0.010056
vt 0.381114 0.007368
vt 0.382811 0.007402
vt 0.285033 0.506434
vt 0.281003 0.506544
vt 0.281771 0.503617
vt 0.283331 0.502772
vt 0.019310 0.006478
vt 0.019272 0.008015
vt 0.016367 0.007341
vt 0.016469 0.006149
vt 0.019172 0.009979
vt 0.015559 0.008807
vt 0.384745 0.009657
vt 0.384054 0.008248
vt 0.156434 0.325416
vt 0.156535 0.327379
vt 0.154767 0.327638
vt 0.152821 0.326587
vt 0.156572 0.328917
vt 0.154818 0.328917
vt 0.370385 0.486666
vt 0.370304 0.482628
vt 0.373269 0.483390
vt 0.374053 0.484993
vt 0.291869 0.007213
vt 0.291911 0.008577
vt 0.290131 0.008390
vt 0.289011 0.006978
vt 0.291844 0.010396
vt 0.289761 0.009895
vt 0.288271 0.009490
vt 0.288779 0.008051
vt 0.153393 0.328031
vt 0.416706 0.325081
vt 0.416842 0.326900
vt 0.415095 0.327081
vt 0.414674 0.325575
vt 0.416852 0.328263
vt 0.415155 0.328229
vt 0.392151 0.580643
vt 0.396181 0.580533
vt 0.395413 0.583460
vt 0.393853 0.584305
vt 0.254559 0.328917
vt 0.254668 0.327379
vt 0.257488 0.328053
vt 0.257330 0.329246
vt 0.254860 0.325416
vt 0.258350 0.326587
vt 0.413222 0.325974
vt 0.413912 0.327383
vt 0.117598 0.009979
vt 0.117406 0.008015
vt 0.119128 0.007756
vt 0.121088 0.008807
vt 0.117297 0.006478
vt 0.119017 0.006478
vt 0.306799 0.600412
vt 0.306880 0.604449
vt 0.303915 0.603687
vt 0.303131 0.602084
vt 0.506097 0.328418
vt 0.506055 0.327054
vt 0.507836 0.327241
vt 0.508956 0.328653
vt 0.506123 0.325235
vt 0.508205 0.325736
vt 0.509695 0.326141
vt 0.509188 0.327580
vt 0.120458 0.007364
vt 0.068851 0.325395
vt 0.068768 0.328917
vt 0.396181 0.391595
vt 0.394429 0.392001
vt 0.392151 0.392529
vt 0.352199 0.463685
vt 0.353115 0.467636
vt 0.461156 0.007410
vt 0.461127 0.008890
vt 0.461091 0.010887
vt 0.285033 0.417338
vt 0.282755 0.417866
vt 0.281003 0.418272
vt 0.206031 0.006478
vt 0.206113 0.009999
vt 0.324984 0.346182
vt 0.324069 0.342231
vt 0.336811 0.328221
vt 0.336839 0.326741
vt 0.336876 0.324744
vt 0.069126 0.313629
vt 0.069176 0.311468
vt 0.069205 0.308553
vt 0.069201 0.306081
vt 0.206388 0.021766
vt 0.206438 0.023927
vt 0.206467 0.026841
vt 0.206463 0.029314
vt 0.386388 0.248229
vt 0.388566 0.248238
vt 0.390246 0.248256
vt 0.010679 0.248257
vt 0.014640 0.248307
vt 0.333109 0.247310
vt 0.335519 0.247251
vt 0.338510 0.247256
vt 0.340885 0.247323
vt 0.151903 0.087088
vt 0.147941 0.087137
vt 0.283037 0.248071
vt 0.284742 0.248059
vt 0.286951 0.248057
vt 0.411578 0.087402
vt 0.409401 0.087393
vt 0.407720 0.087375
vt 0.263670 0.087137
vt 0.259784 0.087088
vt 0.464857 0.088321
vt 0.462448 0.088380
vt 0.459457 0.088375
vt 0.457082 0.088308
vt 0.122522 0.248307
vt 0.126408 0.248257
vt 0.514929 0.087560
vt 0.513224 0.087572
vt 0.511016 0.087574
vt 0.381989 0.168071
vt 0.384164 0.168114
vt 0.385848 0.168148
vt 0.014787 0.167697
vt 0.018752 0.167697
vt 0.332970 0.167231
vt 0.335378 0.167192
vt 0.338368 0.167197
vt 0.340742 0.167245
vt 0.156014 0.167697
vt 0.152049 0.167697
vt 0.287211 0.167977
vt 0.288919 0.167950
vt 0.291126 0.167913
vt 0.415977 0.167560
vt 0.413802 0.167517
vt 0.412118 0.167483
vt 0.259211 0.167697
vt 0.255321 0.167697
vt 0.464996 0.168399
vt 0.462588 0.168439
vt 0.459598 0.168433
vt 0.457224 0.168386
vt 0.118058 0.167697
vt 0.121948 0.167697
vt 0.510756 0.167654
vt 0.509047 0.167681
vt 0.506841 0.167717
vt 0.386388 0.087361
vt 0.388565 0.087439
vt 0.390246 0.087488
vt 0.010679 0.087137
vt 0.014640 0.087088
vt 0.333109 0.086442
vt 0.335519 0.086423
vt 0.338510 0.086428
vt 0.340885 0.086456
vt 0.151903 0.248307
vt 0.147941 0.248257
vt 0.283037 0.087303
vt 0.284742 0.087260
vt 0.286951 0.087189
vt 0.411578 0.248270
vt 0.409401 0.248192
vt 0.407720 0.248143
vt 0.263670 0.248257
vt 0.259784 0.248307
vt 0.464857 0.249189
vt 0.462448 0.249208
vt 0.459457 0.249203
vt 0.457082 0.249175
vt 0.122522 0.087088
vt 0.126408 0.087137
vt 0.514929 0.248328
vt 0.513224 0.248371
vt 0.511016 0.248442
vt 0.069201 0.029314
vt 0.069205 0.026841
vt 0.069176 0.023927
vt 0.069126 0.021766
vt 0.206463 0.306081
vt 0.206467 0.308553
vt 0.206438 0.311468
vt 0.206388 0.313629
vt 0.068851 0.009999
vt 0.068803 0.008006
vt 0.068764 0.006478
vt 0.281092 0.556856
vt 0.285033 0.555943
vt 0.336876 0.009633
vt 0.336839 0.007820
vt 0.336811 0.006486
vt 0.324069 0.480836
vt 0.324984 0.484787
vt 0.206113 0.325395
vt 0.206065 0.327388
vt 0.206027 0.328917
vt 0.396092 0.530221
vt 0.392151 0.531134
vt 0.461091 0.325997
vt 0.461127 0.327811
vt 0.461156 0.329145
vt 0.353115 0.606241
vt 0.352199 0.602291
vt 0.069098 0.248307
vt 0.206361 0.087088
vt 0.068878 0.167697
vt 0.206141 0.167697
vt 0.069098 0.087088
vt 0.206361 0.248307
s 1
usemtl 05_|_dark_textured_forged_coating
f 5499/7025/5537 5502/7026/5538 5504/7027/5539 5503/7028/5540
f 5502/7026/5538 5506/7029/5541 5507/7030/5542 5504/7027/5539
f 5500/7031/5543 5505/7032/5544 5507/7033/5542 5506/7034/5541
s 0
f 5505/7035/5545 5509/7036/5545 5510/7037/5545 5507/7038/5545
f 5501/7039/5546 5508/7040/5546 5510/7037/5546 5509/7036/5546
s 1
f 5508/7041/5547 5503/7028/5540 5504/7027/5539 5510/7042/5548
f 5504/7027/5539 5507/7030/5542 5510/7042/5548
f 5515/7043/5549 5518/7044/5550 5520/7045/5551 5519/7046/5552
f 5518/7047/5550 5522/7048/5553 5523/7049/5554 5520/7050/5551
f 5516/7051/5555 5521/7052/5556 5523/7049/5554 5522/7048/5553
f 5521/7052/5556 5525/7053/5557 5526/7054/5558 5523/7049/5554
s 0
f 5517/7055/5559 5524/7056/5559 5526/7057/5559 5525/7058/5559
f 5524/7056/5560 5519/7059/5560 5520/7060/5560 5526/7057/5560
s 1
f 5520/7050/5551 5523/7049/5554 5526/7054/5558
f 5531/7061/5561 5534/7062/5562 5536/7063/5563 5535/7064/5564
f 5534/7062/5562 5538/7065/5565 5539/7066/5566 5536/7063/5563
f 5532/7067/5567 5537/7068/5568 5539/7069/5566 5538/7070/5565
s 0
f 5537/7071/5569 5541/7072/5569 5542/7073/5569 5539/7074/5569
f 5533/7075/5570 5540/7076/5570 5542/7073/5570 5541/7072/5570
s 1
f 5540/7077/5571 5535/7064/5564 5536/7063/5563 5542/7078/5572
f 5536/7063/5563 5539/7066/5566 5542/7078/5572
f 5547/7079/5573 5550/7080/5574 5552/7081/5575 5551/7082/5576
f 5550/7083/5574 5554/7084/5577 5555/7085/5578 5552/7086/5575
f 5548/7087/5579 5553/7088/5580 5555/7085/5578 5554/7084/5577
f 5553/7088/5580 5557/7089/5581 5558/7090/5582 5555/7085/5578
s 0
f 5549/7091/5583 5556/7092/5583 5558/7093/5583 5557/7094/5583
f 5556/7092/5584 5551/7095/5584 5552/7096/5584 5558/7093/5584
s 1
f 5552/7086/5575 5555/7085/5578 5558/7090/5582
f 5563/7097/5585 5567/7098/5586 5569/7099/5587 5568/7100/5588
f 5567/7098/5586 5571/7101/5589 5572/7102/5590 5569/7099/5587
f 5564/7103/5591 5570/7104/5592 5572/7102/5590 5571/7101/5589
f 5570/7104/5592 5574/7105/5593 5575/7106/5594 5572/7102/5590
f 5565/7107/5595 5573/7108/5596 5575/7109/5594 5574/7110/5593
f 5573/7108/5596 5577/7111/5597 5578/7112/5598 5575/7109/5594
f 5566/7113/5599 5576/7114/5600 5578/7112/5598 5577/7111/5597
f 5576/7115/5600 5568/7100/5588 5569/7099/5587 5578/7116/5598
f 5569/7099/5587 5572/7102/5590 5575/7106/5594 5578/7116/5598
f 5579/7117/5601 5582/7118/5602 5584/7119/5603 5583/7120/5604
f 5582/7118/5602 5586/7121/5605 5587/7122/5606 5584/7119/5603
f 5580/7123/5607 5585/7124/5608 5587/7122/5606 5586/7121/5605
f 5585/7124/5608 5589/7125/5609 5590/7126/5610 5587/7122/5606
f 5581/7127/5611 5588/7128/5612 5590/7126/5610 5589/7125/5609
f 5588/7128/5612 5583/7120/5604 5584/7119/5603 5590/7126/5610
f 5584/7119/5603 5587/7122/5606 5590/7126/5610
f 5591/7129/5613 5595/7130/5614 5597/7131/5615 5596/7132/5616
f 5595/7130/5614 5599/7133/5617 5600/7134/5618 5597/7131/5615
f 5592/7135/5619 5598/7136/5620 5600/7134/5618 5599/7133/5617
f 5598/7137/5620 5602/7138/5621 5603/7139/5622 5600/7140/5618
f 5593/7141/5623 5601/7142/5624 5603/7139/5622 5602/7138/5621
f 5601/7142/5624 5605/7143/5625 5606/7144/5626 5603/7139/5622
f 5594/7145/5627 5604/7146/5628 5606/7144/5626 5605/7143/5625
f 5604/7146/5628 5596/7147/5616 5597/7148/5615 5606/7144/5626
f 5597/7131/5615 5600/7134/5618 5603/7149/5622 5606/7150/5626
f 5611/7151/5629 5615/7152/5630 5617/7153/5631 5616/7154/5632
f 5615/7152/5630 5619/7155/5633 5620/7156/5634 5617/7153/5631
f 5612/7157/5635 5618/7158/5636 5620/7156/5634 5619/7155/5633
f 5618/7158/5636 5622/7159/5637 5623/7160/5638 5620/7156/5634
f 5613/7161/5639 5621/7162/5640 5623/7163/5638 5622/7164/5637
f 5621/7162/5640 5625/7165/5641 5626/7166/5642 5623/7163/5638
f 5614/7167/5643 5624/7168/5644 5626/7166/5642 5625/7165/5641
f 5624/7169/5644 5616/7154/5632 5617/7153/5631 5626/7170/5642
f 5617/7153/5631 5620/7156/5634 5623/7160/5638 5626/7170/5642
f 5627/7171/5645 5630/7172/5646 5632/7173/5647 5631/7174/5648
f 5630/7172/5646 5634/7175/5649 5635/7176/5650 5632/7173/5647
f 5628/7177/5651 5633/7178/5652 5635/7176/5650 5634/7175/5649
f 5633/7178/5652 5637/7179/5653 5638/7180/5654 5635/7176/5650
f 5629/7181/5655 5636/7182/5656 5638/7180/5654 5637/7179/5653
f 5636/7182/5656 5631/7174/5648 5632/7173/5647 5638/7180/5654
f 5632/7173/5647 5635/7176/5650 5638/7180/5654
f 5639/7183/5657 5643/7184/5658 5645/7185/5659 5644/7186/5660
f 5643/7184/5658 5647/7187/5661 5648/7188/5662 5645/7185/5659
f 5640/7189/5663 5646/7190/5664 5648/7188/5662 5647/7187/5661
f 5646/7191/5664 5650/7192/5665 5651/7193/5666 5648/7194/5662
f 5641/7195/5667 5649/7196/5668 5651/7193/5666 5650/7192/5665
f 5649/7196/5668 5653/7197/5669 5654/7198/5670 5651/7193/5666
f 5642/7199/5671 5652/7200/5672 5654/7198/5670 5653/7197/5669
f 5652/7200/5672 5644/7201/5660 5645/7202/5659 5654/7198/5670
f 5645/7185/5659 5648/7188/5662 5651/7203/5666 5654/7204/5670
f 5731/7205/5673 5735/7206/5674 5737/7207/5675 5736/7208/5676
f 5735/7206/5674 5739/7209/5677 5740/7210/5678 5737/7207/5675
f 5732/7211/5679 5738/7212/5680 5740/7210/5678 5739/7209/5677
f 5738/7212/5680 5742/7213/5681 5743/7214/5682 5740/7210/5678
f 5733/7215/5683 5741/7216/5684 5743/7217/5682 5742/7218/5681
f 5741/7216/5684 5745/7219/5685 5746/7220/5686 5743/7217/5682
f 5734/7221/5687 5744/7222/5688 5746/7220/5686 5745/7219/5685
f 5744/7223/5688 5736/7208/5676 5737/7207/5675 5746/7224/5686
f 5737/7207/5675 5740/7210/5678 5743/7214/5682 5746/7224/5686
f 5747/7225/5689 5750/7226/5690 5752/7227/5691 5751/7228/5692
f 5750/7226/5690 5754/7229/5693 5755/7230/5694 5752/7227/5691
f 5748/7231/5695 5753/7232/5696 5755/7230/5694 5754/7229/5693
f 5753/7232/5696 5757/7233/5697 5758/7234/5698 5755/7230/5694
f 5749/7235/5699 5756/7236/5700 5758/7234/5698 5757/7233/5697
f 5756/7236/5700 5751/7228/5692 5752/7227/5691 5758/7234/5698
f 5752/7227/5691 5755/7230/5694 5758/7234/5698
f 5759/7237/5701 5763/7238/5702 5765/7239/5703 5764/7240/5704
f 5763/7238/5702 5767/7241/5705 5768/7242/5706 5765/7239/5703
f 5760/7243/5707 5766/7244/5708 5768/7242/5706 5767/7241/5705
f 5766/7245/5708 5770/7246/5709 5771/7247/5710 5768/7248/5706
f 5761/7249/5711 5769/7250/5712 5771/7247/5710 5770/7246/5709
f 5769/7250/5712 5773/7251/5713 5774/7252/5714 5771/7247/5710
f 5762/7253/5715 5772/7254/5716 5774/7252/5714 5773/7251/5713
f 5772/7254/5716 5764/7255/5704 5765/7256/5703 5774/7252/5714
f 5765/7239/5703 5768/7242/5706 5771/7257/5710 5774/7258/5714
f 5779/7259/5717 5783/7260/5718 5785/7261/5719 5784/7262/5720
f 5783/7260/5718 5787/7263/5721 5788/7264/5722 5785/7261/5719
f 5780/7265/5723 5786/7266/5724 5788/7264/5722 5787/7263/5721
f 5786/7266/5724 5790/7267/5725 5791/7268/5726 5788/7264/5722
f 5781/7269/5727 5789/7270/5728 5791/7271/5726 5790/7272/5725
f 5789/7270/5728 5793/7273/5729 5794/7274/5730 5791/7271/5726
f 5782/7275/5731 5792/7276/5732 5794/7274/5730 5793/7273/5729
f 5792/7277/5732 5784/7262/5720 5785/7261/5719 5794/7278/5730
f 5785/7261/5719 5788/7264/5722 5791/7268/5726 5794/7278/5730
f 5795/7279/5733 5798/7280/5734 5800/7281/5735 5799/7282/5736
f 5798/7280/5734 5802/7283/5737 5803/7284/5738 5800/7281/5735
f 5796/7285/5739 5801/7286/5740 5803/7284/5738 5802/7283/5737
f 5801/7286/5740 5805/7287/5741 5806/7288/5742 5803/7284/5738
f 5797/7289/5743 5804/7290/5744 5806/7288/5742 5805/7287/5741
f 5804/7290/5744 5799/7282/5736 5800/7281/5735 5806/7288/5742
f 5800/7281/5735 5803/7284/5738 5806/7288/5742
f 5807/7291/5745 5811/7292/5746 5813/7293/5747 5812/7294/5748
f 5811/7292/5746 5815/7295/5749 5816/7296/5750 5813/7293/5747
f 5808/7297/5751 5814/7298/5752 5816/7296/5750 5815/7295/5749
f 5814/7299/5752 5818/7300/5753 5819/7301/5754 5816/7302/5750
f 5809/7303/5755 5817/7304/5756 5819/7301/5754 5818/7300/5753
f 5817/7304/5756 5821/7305/5757 5822/7306/5758 5819/7301/5754
f 5810/7307/5759 5820/7308/5760 5822/7306/5758 5821/7305/5757
f 5820/7308/5760 5812/7309/5748 5813/7310/5747 5822/7306/5758
f 5813/7293/5747 5816/7296/5750 5819/7311/5754 5822/7312/5758
f 5827/7313/5761 5830/7314/5762 5832/7315/5763 5831/7316/5764
f 5830/7314/5762 5834/7317/5765 5835/7318/5766 5832/7315/5763
s 0
f 5828/7319/5767 5833/7320/5767 5835/7321/5767 5834/7322/5767
s 1
f 5833/7323/5768 5837/7324/5769 5838/7325/5770 5835/7326/5766
f 5829/7327/5771 5836/7328/5772 5838/7325/5770 5837/7324/5769
f 5836/7329/5772 5831/7316/5764 5832/7315/5763 5838/7330/5770
f 5832/7315/5763 5835/7318/5766 5838/7330/5770
f 5843/7331/5773 5846/7332/5774 5848/7333/5775 5847/7334/5776
f 5846/7332/5774 5850/7335/5777 5851/7336/5778 5848/7333/5775
s 0
f 5844/7337/5779 5849/7338/5779 5851/7339/5779 5850/7340/5779
s 1
f 5849/7341/5780 5853/7342/5781 5854/7343/5782 5851/7344/5778
f 5845/7345/5783 5852/7346/5784 5854/7343/5782 5853/7342/5781
f 5852/7346/5784 5847/7347/5776 5848/7348/5775 5854/7343/5782
f 5848/7333/5775 5851/7336/5778 5854/7349/5782
f 5859/7350/5785 5862/7351/5786 5864/7352/5787 5863/7353/5788
f 5862/7351/5786 5866/7354/5789 5867/7355/5790 5864/7352/5787
s 0
f 5860/7356/5791 5865/7357/5791 5867/7358/5791 5866/7359/5791
s 1
f 5865/7360/5792 5869/7361/5793 5870/7362/5794 5867/7363/5790
f 5861/7364/5795 5868/7365/5796 5870/7362/5794 5869/7361/5793
f 5868/7366/5796 5863/7353/5788 5864/7352/5787 5870/7367/5794
f 5864/7352/5787 5867/7355/5790 5870/7367/5794
f 5875/7368/5797 5878/7369/5798 5880/7370/5799 5879/7371/5800
f 5878/7369/5798 5882/7372/5801 5883/7373/5802 5880/7370/5799
s 0
f 5876/7374/5803 5881/7375/5803 5883/7376/5803 5882/7377/5803
s 1
f 5881/7378/5804 5885/7379/5805 5886/7380/5806 5883/7381/5802
f 5877/7382/5807 5884/7383/5808 5886/7380/5806 5885/7379/5805
f 5884/7383/5808 5879/7384/5800 5880/7385/5799 5886/7380/5806
f 5880/7370/5799 5883/7373/5802 5886/7386/5806
f 5496/7387/5809 5547/7079/5573 5551/7082/5576 5498/7388/5810
s 0
f 5498/7389/5811 5551/7095/5811 5556/7092/5811 5497/7390/5811
f 5497/7390/5812 5556/7092/5812 5549/7091/5812 5495/7391/5812
f 5544/7392/5813 5549/7091/5813 5557/7094/5813 5546/7393/5813
s 1
f 5546/7394/5814 5557/7089/5581 5553/7088/5580 5545/7395/5815
f 5545/7395/5815 5553/7088/5580 5548/7087/5579 5543/7396/5816
s 0
f 5533/7075/5817 5544/7392/5817 5546/7393/5817 5540/7076/5817
s 1
f 5540/7077/5571 5546/7394/5814 5545/7395/5815 5535/7064/5564
f 5535/7064/5564 5545/7395/5815 5543/7396/5816 5531/7061/5561
s 0
f 5528/7397/5818 5533/7075/5818 5541/7072/5818 5530/7398/5818
f 5530/7398/5819 5541/7072/5819 5537/7071/5819 5529/7399/5819
s 1
f 5529/7400/5820 5537/7068/5568 5532/7067/5567 5527/7401/5821
s 0
f 5517/7055/5822 5528/7397/5822 5530/7398/5822 5524/7056/5822
f 5524/7056/5823 5530/7398/5823 5529/7399/5823 5519/7059/5823
s 1
f 5519/7046/5552 5529/7400/5820 5527/7401/5821 5515/7043/5549
s 0
f 5512/7402/5824 5517/7055/5824 5525/7058/5824 5514/7403/5824
s 1
f 5514/7404/5825 5525/7053/5557 5521/7052/5556 5513/7405/5826
f 5513/7405/5826 5521/7052/5556 5516/7051/5555 5511/7406/5827
s 0
f 5501/7039/5828 5512/7402/5828 5514/7403/5828 5508/7040/5828
s 1
f 5508/7041/5547 5514/7404/5825 5513/7405/5826 5503/7028/5540
f 5503/7028/5540 5513/7405/5826 5511/7406/5827 5499/7025/5537
s 0
f 5495/7391/5829 5501/7039/5829 5509/7036/5829 5497/7390/5829
f 5497/7390/5830 5509/7036/5830 5505/7035/5830 5498/7389/5830
s 1
f 5498/7388/5810 5505/7032/5544 5500/7031/5543 5496/7387/5809
f 5499/7025/5537 5563/7097/5585 5568/7100/5588 5502/7026/5538
f 5502/7026/5538 5568/7100/5588 5576/7115/5600 5506/7029/5541
f 5506/7034/5541 5576/7114/5600 5566/7113/5599 5500/7031/5543
f 5560/7407/5831 5566/7113/5599 5577/7111/5597 5562/7408/5832
f 5562/7408/5832 5577/7111/5597 5573/7108/5596 5561/7409/5833
f 5561/7409/5833 5573/7108/5596 5565/7107/5595 5559/7410/5834
f 5563/7097/5585 5580/7123/5607 5586/7121/5605 5567/7098/5586
f 5567/7098/5586 5586/7121/5605 5582/7118/5602 5571/7101/5589
f 5571/7101/5589 5582/7118/5602 5579/7117/5601 5564/7103/5591
f 5515/7043/5549 5591/7129/5613 5596/7132/5616 5518/7044/5550
f 5518/7047/5550 5596/7147/5616 5604/7146/5628 5522/7048/5553
f 5522/7048/5553 5604/7146/5628 5594/7145/5627 5516/7051/5555
f 5580/7123/5607 5594/7145/5627 5605/7143/5625 5585/7124/5608
f 5585/7124/5608 5605/7143/5625 5601/7142/5624 5589/7125/5609
f 5589/7125/5609 5601/7142/5624 5593/7141/5623 5581/7127/5611
f 5591/7129/5613 5607/7411/5835 5609/7412/5836 5595/7130/5614
f 5595/7130/5614 5609/7412/5836 5610/7413/5837 5599/7133/5617
f 5599/7133/5617 5610/7413/5837 5608/7414/5838 5592/7135/5619
f 5531/7061/5561 5611/7151/5629 5616/7154/5632 5534/7062/5562
f 5534/7062/5562 5616/7154/5632 5624/7169/5644 5538/7065/5565
f 5538/7070/5565 5624/7168/5644 5614/7167/5643 5532/7067/5567
f 5607/7411/5835 5614/7167/5643 5625/7165/5641 5609/7412/5836
f 5609/7412/5836 5625/7165/5641 5621/7162/5640 5610/7413/5837
f 5610/7413/5837 5621/7162/5640 5613/7161/5639 5608/7414/5838
f 5611/7151/5629 5628/7177/5651 5634/7175/5649 5615/7152/5630
f 5615/7152/5630 5634/7175/5649 5630/7172/5646 5619/7155/5633
f 5619/7155/5633 5630/7172/5646 5627/7171/5645 5612/7157/5635
f 5547/7079/5573 5639/7183/5657 5644/7186/5660 5550/7080/5574
f 5550/7083/5574 5644/7201/5660 5652/7200/5672 5554/7084/5577
f 5554/7084/5577 5652/7200/5672 5642/7199/5671 5548/7087/5579
f 5628/7177/5651 5642/7199/5671 5653/7197/5669 5633/7178/5652
f 5633/7178/5652 5653/7197/5669 5649/7196/5668 5637/7179/5653
f 5637/7179/5653 5649/7196/5668 5641/7195/5667 5629/7181/5655
f 5559/7410/5834 5640/7189/5663 5647/7187/5661 5561/7409/5833
f 5561/7409/5833 5647/7187/5661 5643/7184/5658 5562/7408/5832
f 5562/7408/5832 5643/7184/5658 5639/7183/5657 5560/7407/5831
f 5564/7103/5591 5655/7415/5839 5657/7416/5840 5570/7104/5592
f 5570/7104/5592 5657/7416/5840 5658/7417/5841 5574/7105/5593
f 5574/7110/5593 5658/7418/5841 5656/7419/5842 5565/7107/5595
f 5581/7127/5611 5659/7420/5843 5661/7421/5844 5588/7128/5612
f 5588/7128/5612 5661/7421/5844 5662/7422/5845 5583/7120/5604
f 5583/7120/5604 5662/7422/5845 5660/7423/5846 5579/7117/5601
f 5592/7135/5619 5663/7424/5847 5665/7425/5848 5598/7136/5620
f 5598/7137/5620 5665/7426/5848 5666/7427/5849 5602/7138/5621
f 5602/7138/5621 5666/7427/5849 5664/7428/5850 5593/7141/5623
f 5612/7157/5635 5667/7429/5851 5669/7430/5852 5618/7158/5636
f 5618/7158/5636 5669/7430/5852 5670/7431/5853 5622/7159/5637
f 5622/7164/5637 5670/7432/5853 5668/7433/5854 5613/7161/5639
f 5629/7181/5655 5671/7434/5855 5673/7435/5856 5636/7182/5656
f 5636/7182/5656 5673/7435/5856 5674/7436/5857 5631/7174/5648
f 5631/7174/5648 5674/7436/5857 5672/7437/5858 5627/7171/5645
f 5640/7189/5663 5675/7438/5859 5677/7439/5860 5646/7190/5664
f 5646/7191/5664 5677/7440/5860 5678/7441/5861 5650/7192/5665
f 5650/7192/5665 5678/7441/5861 5676/7442/5862 5641/7195/5667
f 5655/7415/5839 5679/7443/5863 5681/7444/5864 5657/7416/5840
f 5657/7416/5840 5681/7444/5864 5682/7445/5865 5658/7417/5841
f 5658/7418/5841 5682/7446/5865 5680/7447/5866 5656/7419/5842
f 5659/7420/5843 5683/7448/5867 5685/7449/5868 5661/7421/5844
f 5661/7421/5844 5685/7449/5868 5686/7450/5869 5662/7422/5845
f 5662/7422/5845 5686/7450/5869 5684/7451/5870 5660/7423/5846
f 5663/7424/5847 5687/7452/5871 5689/7453/5872 5665/7425/5848
f 5665/7426/5848 5689/7454/5872 5690/7455/5873 5666/7427/5849
f 5666/7427/5849 5690/7455/5873 5688/7456/5874 5664/7428/5850
f 5667/7429/5851 5691/7457/5875 5693/7458/5876 5669/7430/5852
f 5669/7430/5852 5693/7458/5876 5694/7459/5877 5670/7431/5853
f 5670/7432/5853 5694/7460/5877 5692/7461/5878 5668/7433/5854
f 5671/7434/5855 5695/7462/5879 5697/7463/5880 5673/7435/5856
f 5673/7435/5856 5697/7463/5880 5698/7464/5881 5674/7436/5857
f 5674/7436/5857 5698/7464/5881 5696/7465/5882 5672/7437/5858
f 5675/7438/5859 5699/7466/5883 5701/7467/5884 5677/7439/5860
f 5677/7440/5860 5701/7468/5884 5702/7469/5885 5678/7441/5861
f 5678/7441/5861 5702/7469/5885 5700/7470/5886 5676/7442/5862
f 5679/7443/5863 5703/7471/5887 5705/7472/5888 5681/7444/5864
f 5681/7444/5864 5705/7472/5888 5706/7473/5889 5682/7445/5865
f 5682/7446/5865 5706/7474/5889 5704/7475/5890 5680/7447/5866
f 5683/7448/5867 5707/7476/5891 5709/7477/5892 5685/7449/5868
f 5685/7449/5868 5709/7477/5892 5710/7478/5893 5686/7450/5869
f 5686/7450/5869 5710/7478/5893 5708/7479/5894 5684/7451/5870
f 5687/7452/5871 5711/7480/5895 5713/7481/5896 5689/7453/5872
f 5689/7454/5872 5713/7482/5896 5714/7483/5897 5690/7455/5873
f 5690/7455/5873 5714/7483/5897 5712/7484/5898 5688/7456/5874
f 5691/7457/5875 5715/7485/5899 5717/7486/5900 5693/7458/5876
f 5693/7458/5876 5717/7486/5900 5718/7487/5901 5694/7459/5877
f 5694/7460/5877 5718/7488/5901 5716/7489/5902 5692/7461/5878
f 5695/7462/5879 5719/7490/5903 5721/7491/5904 5697/7463/5880
f 5697/7463/5880 5721/7491/5904 5722/7492/5905 5698/7464/5881
f 5698/7464/5881 5722/7492/5905 5720/7493/5906 5696/7465/5882
f 5699/7466/5883 5723/7494/5907 5725/7495/5908 5701/7467/5884
f 5701/7468/5884 5725/7496/5908 5726/7497/5909 5702/7469/5885
f 5702/7469/5885 5726/7497/5909 5724/7498/5910 5700/7470/5886
f 5703/7471/5887 5731/7205/5673 5736/7208/5676 5705/7472/5888
f 5705/7472/5888 5736/7208/5676 5744/7223/5688 5706/7473/5889
f 5706/7474/5889 5744/7222/5688 5734/7221/5687 5704/7475/5890
f 5728/7499/5911 5734/7221/5687 5745/7219/5685 5730/7500/5912
f 5730/7500/5912 5745/7219/5685 5741/7216/5684 5729/7501/5913
f 5729/7501/5913 5741/7216/5684 5733/7215/5683 5727/7502/5914
f 5707/7476/5891 5747/7225/5689 5751/7228/5692 5709/7477/5892
f 5709/7477/5892 5751/7228/5692 5756/7236/5700 5710/7478/5893
f 5710/7478/5893 5756/7236/5700 5749/7235/5699 5708/7479/5894
f 5731/7205/5673 5749/7235/5699 5757/7233/5697 5735/7206/5674
f 5735/7206/5674 5757/7233/5697 5753/7232/5696 5739/7209/5677
f 5739/7209/5677 5753/7232/5696 5748/7231/5695 5732/7211/5679
f 5711/7480/5895 5759/7237/5701 5764/7240/5704 5713/7481/5896
f 5713/7482/5896 5764/7255/5704 5772/7254/5716 5714/7483/5897
f 5714/7483/5897 5772/7254/5716 5762/7253/5715 5712/7484/5898
f 5747/7225/5689 5762/7253/5715 5773/7251/5713 5750/7226/5690
f 5750/7226/5690 5773/7251/5713 5769/7250/5712 5754/7229/5693
f 5754/7229/5693 5769/7250/5712 5761/7249/5711 5748/7231/5695
f 5759/7237/5701 5775/7503/5915 5777/7504/5916 5763/7238/5702
f 5763/7238/5702 5777/7504/5916 5778/7505/5917 5767/7241/5705
f 5767/7241/5705 5778/7505/5917 5776/7506/5918 5760/7243/5707
f 5715/7485/5899 5779/7259/5717 5784/7262/5720 5717/7486/5900
f 5717/7486/5900 5784/7262/5720 5792/7277/5732 5718/7487/5901
f 5718/7488/5901 5792/7276/5732 5782/7275/5731 5716/7489/5902
f 5775/7503/5915 5782/7275/5731 5793/7273/5729 5777/7504/5916
f 5777/7504/5916 5793/7273/5729 5789/7270/5728 5778/7505/5917
f 5778/7505/5917 5789/7270/5728 5781/7269/5727 5776/7506/5918
f 5719/7490/5903 5795/7279/5733 5799/7282/5736 5721/7491/5904
f 5721/7491/5904 5799/7282/5736 5804/7290/5744 5722/7492/5905
f 5722/7492/5905 5804/7290/5744 5797/7289/5743 5720/7493/5906
f 5779/7259/5717 5797/7289/5743 5805/7287/5741 5783/7260/5718
f 5783/7260/5718 5805/7287/5741 5801/7286/5740 5787/7263/5721
f 5787/7263/5721 5801/7286/5740 5796/7285/5739 5780/7265/5723
f 5723/7494/5907 5807/7291/5745 5812/7294/5748 5725/7495/5908
f 5725/7496/5908 5812/7309/5748 5820/7308/5760 5726/7497/5909
f 5726/7497/5909 5820/7308/5760 5810/7307/5759 5724/7498/5910
f 5795/7279/5733 5810/7307/5759 5821/7305/5757 5798/7280/5734
f 5798/7280/5734 5821/7305/5757 5817/7304/5756 5802/7283/5737
f 5802/7283/5737 5817/7304/5756 5809/7303/5755 5796/7285/5739
f 5727/7502/5914 5808/7297/5751 5815/7295/5749 5729/7501/5913
f 5729/7501/5913 5815/7295/5749 5811/7292/5746 5730/7500/5912
f 5730/7500/5912 5811/7292/5746 5807/7291/5745 5728/7499/5911
f 5732/7211/5679 5827/7313/5761 5831/7316/5764 5738/7212/5680
f 5738/7212/5680 5831/7316/5764 5836/7329/5772 5742/7213/5681
f 5742/7218/5681 5836/7328/5772 5829/7327/5771 5733/7215/5683
f 5824/7507/5919 5829/7327/5771 5837/7324/5769 5826/7508/5920
f 5826/7508/5920 5837/7324/5769 5833/7323/5768 5825/7509/5921
s 0
f 5825/7510/5922 5833/7320/5922 5828/7319/5922 5823/7511/5922
s 1
f 5827/7313/5761 5840/7512/5923 5842/7513/5924 5830/7314/5762
f 5830/7314/5762 5842/7513/5924 5841/7514/5925 5834/7317/5765
s 0
f 5834/7322/5926 5841/7515/5926 5839/7516/5926 5828/7319/5926
s 1
f 5760/7243/5707 5843/7331/5773 5847/7334/5776 5766/7244/5708
f 5766/7245/5708 5847/7347/5776 5852/7346/5784 5770/7246/5709
f 5770/7246/5709 5852/7346/5784 5845/7345/5783 5761/7249/5711
f 5840/7512/5923 5845/7345/5783 5853/7342/5781 5842/7513/5924
f 5842/7513/5924 5853/7342/5781 5849/7341/5780 5841/7514/5925
s 0
f 5841/7515/5927 5849/7338/5927 5844/7337/5927 5839/7516/5927
s 1
f 5843/7331/5773 5856/7517/5928 5858/7518/5929 5846/7332/5774
f 5846/7332/5774 5858/7518/5929 5857/7519/5930 5850/7335/5777
s 0
f 5850/7340/5931 5857/7520/5931 5855/7521/5931 5844/7337/5931
s 1
f 5780/7265/5723 5859/7350/5785 5863/7353/5788 5786/7266/5724
f 5786/7266/5724 5863/7353/5788 5868/7366/5796 5790/7267/5725
f 5790/7272/5725 5868/7365/5796 5861/7364/5795 5781/7269/5727
f 5856/7517/5928 5861/7364/5795 5869/7361/5793 5858/7518/5929
f 5858/7518/5929 5869/7361/5793 5865/7360/5792 5857/7519/5930
s 0
f 5857/7520/5932 5865/7357/5932 5860/7356/5932 5855/7521/5932
s 1
f 5859/7350/5785 5872/7522/5933 5874/7523/5934 5862/7351/5786
f 5862/7351/5786 5874/7523/5934 5873/7524/5935 5866/7354/5789
s 0
f 5866/7359/5936 5873/7525/5936 5871/7526/5936 5860/7356/5936
s 1
f 5808/7297/5751 5875/7368/5797 5879/7371/5800 5814/7298/5752
f 5814/7299/5752 5879/7384/5800 5884/7383/5808 5818/7300/5753
f 5818/7300/5753 5884/7383/5808 5877/7382/5807 5809/7303/5755
f 5872/7522/5933 5877/7382/5807 5885/7379/5805 5874/7523/5934
f 5874/7523/5934 5885/7379/5805 5881/7378/5804 5873/7524/5935
s 0
f 5873/7525/5937 5881/7375/5937 5876/7374/5937 5871/7526/5937
f 5823/7511/5938 5876/7374/5938 5882/7377/5938 5825/7510/5938
s 1
f 5825/7509/5921 5882/7372/5801 5878/7369/5798 5826/7508/5920
f 5826/7508/5920 5878/7369/5798 5875/7368/5797 5824/7507/5919
f 5547/7079/5573 5496/7387/5809 5560/7407/5831 5639/7183/5657
s 0
f 5549/7091/5939 5544/7392/5939 5533/7075/5939 5528/7397/5939 5517/7055/5939 5512/7402/5939 5501/7039/5939 5495/7391/5939
s 1
f 5496/7387/5809 5500/7031/5543 5566/7113/5599 5560/7407/5831
f 5499/7025/5537 5511/7406/5827 5580/7123/5607 5563/7097/5585
f 5511/7406/5827 5516/7051/5555 5594/7145/5627 5580/7123/5607
f 5515/7043/5549 5527/7401/5821 5607/7411/5835 5591/7129/5613
f 5527/7401/5821 5532/7067/5567 5614/7167/5643 5607/7411/5835
f 5531/7061/5561 5543/7396/5816 5628/7177/5651 5611/7151/5629
f 5543/7396/5816 5548/7087/5579 5642/7199/5671 5628/7177/5651
f 5640/7189/5663 5559/7410/5834 5489/7527/5940 5675/7438/5859
f 5559/7410/5834 5565/7107/5595 5656/7419/5842 5489/7527/5940
f 5564/7103/5591 5579/7117/5601 5660/7423/5846 5655/7415/5839
f 5581/7127/5611 5593/7141/5623 5664/7428/5850 5659/7420/5843
f 5592/7135/5619 5608/7414/5838 5490/7528/5941 5663/7424/5847
f 5608/7414/5838 5613/7161/5639 5668/7433/5854 5490/7528/5941
f 5612/7157/5635 5627/7171/5645 5672/7437/5858 5667/7429/5851
f 5629/7181/5655 5641/7195/5667 5676/7442/5862 5671/7434/5855
f 5655/7415/5839 5660/7423/5846 5684/7451/5870 5679/7443/5863
f 5489/7527/5940 5656/7419/5842 5680/7447/5866 5491/7529/5942
f 5659/7420/5843 5664/7428/5850 5688/7456/5874 5683/7448/5867
f 5663/7424/5847 5490/7528/5941 5492/7530/5943 5687/7452/5871
f 5667/7429/5851 5672/7437/5858 5696/7465/5882 5691/7457/5875
f 5490/7528/5941 5668/7433/5854 5692/7461/5878 5492/7530/5943
f 5671/7434/5855 5676/7442/5862 5700/7470/5886 5695/7462/5879
f 5675/7438/5859 5489/7527/5940 5491/7529/5942 5699/7466/5883
f 5679/7443/5863 5684/7451/5870 5708/7479/5894 5703/7471/5887
f 5491/7529/5942 5680/7447/5866 5704/7475/5890 5493/7531/5944
f 5683/7448/5867 5688/7456/5874 5712/7484/5898 5707/7476/5891
f 5687/7452/5871 5492/7530/5943 5494/7532/5945 5711/7480/5895
f 5691/7457/5875 5696/7465/5882 5720/7493/5906 5715/7485/5899
f 5492/7530/5943 5692/7461/5878 5716/7489/5902 5494/7532/5945
f 5695/7462/5879 5700/7470/5886 5724/7498/5910 5719/7490/5903
f 5699/7466/5883 5491/7529/5942 5493/7531/5944 5723/7494/5907
f 5703/7471/5887 5708/7479/5894 5749/7235/5699 5731/7205/5673
f 5493/7531/5944 5704/7475/5890 5734/7221/5687 5728/7499/5911
f 5707/7476/5891 5712/7484/5898 5762/7253/5715 5747/7225/5689
f 5711/7480/5895 5494/7532/5945 5775/7503/5915 5759/7237/5701
f 5715/7485/5899 5720/7493/5906 5797/7289/5743 5779/7259/5717
f 5494/7532/5945 5716/7489/5902 5782/7275/5731 5775/7503/5915
f 5719/7490/5903 5724/7498/5910 5810/7307/5759 5795/7279/5733
f 5723/7494/5907 5493/7531/5944 5728/7499/5911 5807/7291/5745
f 5808/7297/5751 5727/7502/5914 5824/7507/5919 5875/7368/5797
f 5727/7502/5914 5733/7215/5683 5829/7327/5771 5824/7507/5919
f 5732/7211/5679 5748/7231/5695 5840/7512/5923 5827/7313/5761
f 5748/7231/5695 5761/7249/5711 5845/7345/5783 5840/7512/5923
f 5760/7243/5707 5776/7506/5918 5856/7517/5928 5843/7331/5773
f 5776/7506/5918 5781/7269/5727 5861/7364/5795 5856/7517/5928
f 5780/7265/5723 5796/7285/5739 5872/7522/5933 5859/7350/5785
f 5796/7285/5739 5809/7303/5755 5877/7382/5807 5872/7522/5933
s 0
f 5823/7511/5946 5828/7319/5946 5839/7516/5946 5844/7337/5946 5855/7521/5946 5860/7356/5946 5871/7526/5946 5876/7374/5946
o Ground_club_impact_face
v 0.375000 0.010372 -0.256712
v 0.375496 0.009169 -0.256791
v 0.375066 0.009952 -0.256740
v 0.375248 0.009511 -0.256768
v 0.375494 0.015191 -0.274593
v 0.375500 0.014241 -0.273724
v 0.375000 0.015375 -0.273429
v 0.375431 0.014850 -0.274360
v 0.375253 0.015242 -0.274258
v 0.375237 0.014950 -0.274114
v 0.375256 0.014566 -0.273640
v 0.375433 0.014503 -0.274042
v 0.375238 0.014734 -0.273917
v 0.375072 0.015309 -0.273833
v 0.375073 0.014980 -0.273533
v 0.375123 0.014991 -0.273850
v 0.375499 0.031083 -0.277910
v 0.375000 0.031004 -0.276696
v 0.375249 0.031060 -0.277566
v 0.375067 0.031031 -0.277121
v 0.375500 0.047239 -0.271576
v 0.375494 0.046410 -0.272561
v 0.375000 0.046077 -0.271430
v 0.375433 0.047021 -0.271925
v 0.375256 0.046906 -0.271535
v 0.375238 0.046776 -0.271831
v 0.375253 0.046316 -0.272236
v 0.375431 0.046718 -0.272285
v 0.375237 0.046587 -0.272055
v 0.375073 0.046482 -0.271482
v 0.375072 0.046194 -0.271822
v 0.375123 0.046512 -0.271799
v 0.375496 0.050074 -0.254128
v 0.375000 0.048870 -0.254206
v 0.375248 0.049731 -0.254150
v 0.375066 0.049291 -0.254179
v 0.375494 0.044052 -0.236326
v 0.375500 0.045002 -0.237195
v 0.375000 0.043868 -0.237490
v 0.375431 0.044392 -0.236559
v 0.375253 0.044000 -0.236661
v 0.375237 0.044292 -0.236804
v 0.375256 0.044677 -0.237278
v 0.375433 0.044739 -0.236877
v 0.375238 0.044508 -0.237002
v 0.375072 0.043933 -0.237086
v 0.375073 0.044263 -0.237386
v 0.375123 0.044251 -0.237068
v 0.375499 0.028160 -0.233008
v 0.375000 0.028239 -0.234223
v 0.375249 0.028182 -0.233353
v 0.375067 0.028211 -0.233798
v 0.375500 0.012003 -0.239343
v 0.375494 0.012832 -0.238358
v 0.375000 0.013166 -0.239489
v 0.375433 0.012222 -0.238994
v 0.375256 0.012336 -0.239383
v 0.375238 0.012467 -0.239087
v 0.375253 0.012926 -0.238683
v 0.375431 0.012525 -0.238634
v 0.375237 0.012655 -0.238864
v 0.375073 0.012761 -0.239437
v 0.375072 0.013048 -0.239096
v 0.375123 0.012731 -0.239120
v 0.376680 0.008530 -0.256832
v 0.375504 0.009160 -0.256791
v 0.376273 0.008664 -0.256824
v 0.375843 0.008895 -0.256809
v 0.375506 0.015182 -0.274603
v 0.376679 0.014666 -0.275127
v 0.376680 0.013783 -0.274318
v 0.375500 0.014241 -0.273724
v 0.375847 0.015006 -0.274828
v 0.375439 0.014844 -0.274366
v 0.375837 0.014599 -0.274626
v 0.376653 0.014307 -0.274956
v 0.376276 0.014817 -0.275020
v 0.376246 0.014418 -0.274824
v 0.376275 0.013871 -0.274147
v 0.376654 0.013985 -0.274661
v 0.376246 0.014101 -0.274530
v 0.375437 0.014500 -0.274045
v 0.375843 0.014038 -0.273929
v 0.375836 0.014274 -0.274323
v 0.376680 0.030445 -0.278405
v 0.375502 0.031083 -0.277913
v 0.376680 0.031779 -0.278319
v 0.376275 0.030635 -0.278308
v 0.376668 0.030872 -0.278438
v 0.376296 0.030959 -0.278343
v 0.375844 0.031323 -0.278098
v 0.375844 0.030868 -0.278128
v 0.376032 0.031104 -0.278234
v 0.376668 0.031360 -0.278407
v 0.376275 0.031578 -0.278246
v 0.376296 0.031261 -0.278324
v 0.375500 0.047240 -0.271576
v 0.376680 0.047770 -0.272106
v 0.376679 0.047000 -0.273023
v 0.375506 0.046420 -0.272570
v 0.375843 0.047467 -0.271753
v 0.375437 0.047024 -0.271928
v 0.375836 0.047284 -0.272175
v 0.376654 0.047614 -0.272472
v 0.376275 0.047661 -0.271947
v 0.376246 0.047483 -0.272358
v 0.376276 0.046836 -0.272936
v 0.376653 0.047334 -0.272806
v 0.376246 0.047206 -0.272690
v 0.375439 0.046725 -0.272291
v 0.375847 0.046624 -0.272770
v 0.375837 0.047001 -0.272516
v 0.375504 0.050082 -0.254128
v 0.376680 0.050712 -0.254087
v 0.375843 0.050348 -0.254110
v 0.376273 0.050578 -0.254095
v 0.375506 0.044060 -0.236316
v 0.376679 0.044577 -0.235791
v 0.376680 0.045459 -0.236601
v 0.375500 0.045002 -0.237195
v 0.375847 0.044236 -0.236091
v 0.375439 0.044398 -0.236553
v 0.375837 0.044643 -0.236293
v 0.376653 0.044936 -0.235963
v 0.376276 0.044425 -0.235899
v 0.376246 0.044824 -0.236095
v 0.376275 0.045371 -0.236772
v 0.376654 0.045257 -0.236258
v 0.376246 0.045142 -0.236388
v 0.375437 0.044742 -0.236874
v 0.375843 0.045204 -0.236989
v 0.375836 0.044969 -0.236595
v 0.376680 0.028797 -0.232513
v 0.375502 0.028160 -0.233005
v 0.376680 0.027464 -0.232600
v 0.376275 0.028607 -0.232611
v 0.376668 0.028370 -0.232480
v 0.376296 0.028283 -0.232575
v 0.375844 0.027919 -0.232821
v 0.375844 0.028374 -0.232791
v 0.376032 0.028139 -0.232684
v 0.376668 0.027883 -0.232512
v 0.376275 0.027665 -0.232672
v 0.376296 0.027981 -0.232595
v 0.375500 0.012003 -0.239343
v 0.376680 0.011472 -0.238813
v 0.376679 0.012242 -0.237896
v 0.375506 0.012822 -0.238349
v 0.375843 0.011776 -0.239165
v 0.375437 0.012219 -0.238991
v 0.375836 0.011958 -0.238744
v 0.376654 0.011628 -0.238447
v 0.376275 0.011582 -0.238971
v 0.376246 0.011759 -0.238561
v 0.376276 0.012406 -0.237983
v 0.376653 0.011909 -0.238113
v 0.376246 0.012036 -0.238229
v 0.375439 0.012518 -0.238628
v 0.375847 0.012619 -0.238149
v 0.375837 0.012241 -0.238402
v 0.381000 0.008377 -0.256842
v 0.380320 0.007803 -0.256880
v 0.380909 0.008040 -0.256864
v 0.380660 0.007830 -0.256878
v 0.380321 0.014123 -0.275745
v 0.381000 0.013884 -0.275124
v 0.380320 0.013240 -0.274936
v 0.380660 0.014066 -0.275691
v 0.380320 0.013744 -0.275597
v 0.380645 0.013704 -0.275548
v 0.380909 0.013537 -0.275060
v 0.380909 0.013978 -0.275464
v 0.380821 0.013642 -0.275387
v 0.380320 0.013420 -0.275301
v 0.380659 0.013301 -0.274991
v 0.380645 0.013476 -0.275339
v 0.380320 0.031826 -0.279046
v 0.381000 0.031133 -0.278692
v 0.380320 0.030492 -0.279133
v 0.380654 0.031651 -0.279066
v 0.380308 0.031407 -0.279134
v 0.380639 0.031320 -0.279150
v 0.380899 0.030900 -0.278971
v 0.380899 0.031401 -0.278938
v 0.380823 0.031160 -0.279097
v 0.380308 0.030919 -0.279165
v 0.380654 0.030669 -0.279130
v 0.380639 0.031007 -0.279171
v 0.380320 0.048389 -0.272648
v 0.381000 0.047775 -0.272918
v 0.380321 0.047618 -0.273564
v 0.380659 0.048336 -0.272710
v 0.380320 0.048257 -0.273033
v 0.380645 0.048207 -0.273078
v 0.380909 0.047726 -0.273267
v 0.380909 0.048110 -0.272810
v 0.380821 0.048049 -0.273148
v 0.380320 0.047975 -0.273369
v 0.380660 0.047668 -0.273504
v 0.380645 0.048008 -0.273315
v 0.381000 0.050866 -0.254077
v 0.380320 0.051439 -0.254039
v 0.380909 0.051202 -0.254055
v 0.380660 0.051412 -0.254041
v 0.380321 0.045119 -0.235174
v 0.381000 0.045358 -0.235794
v 0.380320 0.046002 -0.235983
v 0.380660 0.045176 -0.235227
v 0.380320 0.045498 -0.235321
v 0.380645 0.045538 -0.235371
v 0.380909 0.045705 -0.235859
v 0.380909 0.045264 -0.235455
v 0.380821 0.045600 -0.235532
v 0.380320 0.045822 -0.235618
v 0.380659 0.045942 -0.235928
v 0.380645 0.045766 -0.235580
v 0.380320 0.027416 -0.231873
v 0.381000 0.028109 -0.232227
v 0.380320 0.028750 -0.231786
v 0.380654 0.027591 -0.231853
v 0.380308 0.027835 -0.231785
v 0.380639 0.027922 -0.231768
v 0.380899 0.028343 -0.231948
v 0.380899 0.027841 -0.231980
v 0.380823 0.028083 -0.231821
v 0.380308 0.028323 -0.231753
v 0.380654 0.028574 -0.231789
v 0.380639 0.028235 -0.231748
v 0.380320 0.010854 -0.238271
v 0.381000 0.011468 -0.238000
v 0.380321 0.011625 -0.237354
v 0.380659 0.010907 -0.238208
v 0.380320 0.010985 -0.237886
v 0.380645 0.011035 -0.237841
v 0.380909 0.011517 -0.237652
v 0.380909 0.011132 -0.238109
v 0.380821 0.011194 -0.237771
v 0.380320 0.011268 -0.237549
v 0.380660 0.011574 -0.237415
v 0.380645 0.011234 -0.237604
vn -0.8048 -0.1235 -0.5805
vn -0.7701 -0.3434 -0.5376
vn -0.8580 -0.2717 -0.4358
vn -0.8732 -0.1012 -0.4766
vn -0.7904 -0.4913 -0.3660
vn -0.8230 -0.4350 -0.3652
vn -0.8048 -0.5680 -0.1724
vn -0.8057 -0.5667 -0.1720
vn -0.9171 -0.3650 -0.1604
vn -0.9774 -0.1441 -0.1549
vn -0.9212 -0.0807 -0.3806
vn -0.9119 -0.1975 -0.3598
vn -0.8048 0.5855 -0.0973
vn -0.7906 0.5344 -0.2990
vn -0.8230 0.4787 -0.3058
vn -0.8057 0.5842 -0.0971
vn -0.7702 0.4102 -0.4883
vn -0.8580 0.3259 -0.3970
vn -0.8048 0.1977 -0.5596
vn -0.8733 0.1621 -0.4595
vn -0.9212 0.1293 -0.3669
vn -0.9119 0.2425 -0.3312
vn -0.9774 0.1629 -0.1349
vn -0.9171 0.3827 -0.1117
vn -0.8048 0.1235 0.5805
vn -0.7710 0.3428 0.5367
vn -0.8580 0.2717 0.4359
vn -0.8732 0.1012 0.4767
vn -0.7913 0.4909 0.3646
vn -0.8230 0.4350 0.3653
vn -0.8048 0.5680 0.1724
vn -0.8057 0.5667 0.1720
vn -0.9171 0.3650 0.1604
vn -0.9774 0.1440 0.1549
vn -0.9212 0.0807 0.3806
vn -0.9119 0.1975 0.3598
vn -0.8048 -0.5856 0.0973
vn -0.7919 -0.5331 0.2978
vn -0.8230 -0.4787 0.3058
vn -0.8057 -0.5843 0.0971
vn -0.7711 -0.4095 0.4875
vn -0.8580 -0.3259 0.3970
vn -0.8049 -0.1977 0.5596
vn -0.8732 -0.1621 0.4595
vn -0.9212 -0.1293 0.3669
vn -0.9119 -0.2425 0.3312
vn -0.9774 -0.1629 0.1349
vn -0.9171 -0.3827 0.1117
vn -0.6019 -0.1685 -0.7806
vn -0.5301 -0.1782 -0.8290
vn -0.5980 -0.4487 -0.6641
vn -0.6981 -0.4020 -0.5925
vn -0.3983 -0.1919 -0.8970
vn -0.4628 -0.4914 -0.7378
vn -0.2048 -0.2034 -0.9574
vn -0.2410 -0.5316 -0.8120
vn -0.2397 -0.7631 -0.6002
vn -0.4612 -0.6957 -0.5507
vn -0.2027 -0.9365 -0.2860
vn -0.3932 -0.8792 -0.2692
vn -0.5291 -0.8112 -0.2489
vn -0.5957 -0.6280 -0.5008
vn -0.6033 -0.7624 -0.2342
vn -0.7215 -0.5439 -0.4285
vn -0.2040 -0.1959 -0.9592
vn -0.3954 -0.1849 -0.8997
vn -0.3207 -0.0140 -0.9471
vn -0.2004 -0.0045 -0.9797
vn -0.5273 -0.1701 -0.8325
vn -0.4361 0.0585 -0.8980
vn -0.6134 0.0513 -0.7881
vn -0.5273 0.2765 -0.8034
vn -0.3955 0.3000 -0.8681
vn -0.3207 0.1367 -0.9372
vn -0.2039 0.3186 -0.9257
vn -0.2004 0.1314 -0.9709
vn -0.6033 0.7863 -0.1333
vn -0.5291 0.8366 -0.1416
vn -0.5957 0.6876 -0.4151
vn -0.7217 0.5947 -0.3542
vn -0.3932 0.9067 -0.1530
vn -0.4612 0.7612 -0.4559
vn -0.2028 0.9657 -0.1622
vn -0.2397 0.8344 -0.4962
vn -0.2410 0.6324 -0.7362
vn -0.4628 0.5829 -0.6678
vn -0.2047 0.3258 -0.9230
vn -0.3983 0.3066 -0.8645
vn -0.5300 0.2841 -0.7989
vn -0.5981 0.5309 -0.6003
vn -0.6019 0.2682 -0.7522
vn -0.6983 0.4753 -0.5352
vn -0.6019 0.1684 0.7806
vn -0.5301 0.1782 0.8290
vn -0.5980 0.4487 0.6641
vn -0.6992 0.4012 0.5918
vn -0.3983 0.1920 0.8970
vn -0.4629 0.4914 0.7378
vn -0.2047 0.2034 0.9575
vn -0.2410 0.5316 0.8120
vn -0.2397 0.7631 0.6002
vn -0.4612 0.6957 0.5507
vn -0.2027 0.9365 0.2860
vn -0.3932 0.8792 0.2692
vn -0.5291 0.8112 0.2489
vn -0.5957 0.6280 0.5007
vn -0.6033 0.7624 0.2342
vn -0.7223 0.5433 0.4279
vn -0.2039 0.1959 0.9592
vn -0.3954 0.1849 0.8997
vn -0.3207 0.0140 0.9471
vn -0.2004 0.0045 0.9797
vn -0.5274 0.1701 0.8324
vn -0.4362 -0.0585 0.8980
vn -0.6134 -0.0513 0.7881
vn -0.5274 -0.2765 0.8034
vn -0.3954 -0.3000 0.8681
vn -0.3207 -0.1367 0.9373
vn -0.2039 -0.3186 0.9257
vn -0.2004 -0.1314 0.9709
vn -0.6032 -0.7863 0.1334
vn -0.5291 -0.8367 0.1416
vn -0.5957 -0.6876 0.4151
vn -0.7230 -0.5933 0.3540
vn -0.3932 -0.9067 0.1530
vn -0.4612 -0.7612 0.4559
vn -0.2028 -0.9657 0.1622
vn -0.2397 -0.8344 0.4962
vn -0.2410 -0.6324 0.7362
vn -0.4628 -0.5829 0.6678
vn -0.2047 -0.3258 0.9230
vn -0.3983 -0.3066 0.8645
vn -0.5301 -0.2841 0.7989
vn -0.5980 -0.5310 0.6004
vn -0.6019 -0.2682 0.7522
vn -0.6993 -0.4745 0.5347
vn -0.1659 -0.2047 -0.9647
vn 0.3854 -0.1905 -0.9029
vn 0.2916 -0.5004 -0.8152
vn -0.2023 -0.5341 -0.8209
vn 0.6350 -0.1594 -0.7559
vn 0.5326 -0.5714 -0.6243
vn 0.8940 -0.3029 -0.3302
vn 0.6355 -0.7383 -0.2258
vn 0.3768 -0.8859 -0.2707
vn 0.2931 -0.7677 -0.5699
vn -0.1659 -0.9432 -0.2880
vn -0.2009 -0.7715 -0.6037
vn -0.1656 0.3209 -0.9325
vn 0.3844 0.3012 -0.8726
vn 0.2503 0.1680 -0.9535
vn -0.1820 0.1320 -0.9744
vn 0.6350 0.2528 -0.7300
vn 0.4966 0.0563 -0.8661
vn 0.9164 0.0260 -0.3995
vn 0.6349 -0.1560 -0.7567
vn 0.3845 -0.1856 -0.9043
vn 0.2502 -0.0430 -0.9672
vn -0.1656 -0.1973 -0.9663
vn -0.1820 -0.0046 -0.9833
vn -0.1659 0.9725 -0.1633
vn 0.3768 0.9135 -0.1536
vn 0.2931 0.8351 -0.4656
vn -0.2009 0.8432 -0.4986
vn 0.6355 0.7614 -0.1282
vn 0.5326 0.6476 -0.5450
vn 0.8940 0.3432 -0.2881
vn 0.6351 0.2560 -0.7288
vn 0.3853 0.3059 -0.8706
vn 0.2916 0.6018 -0.7435
vn -0.1659 0.3280 -0.9300
vn -0.2023 0.6359 -0.7447
vn -0.1659 0.2047 0.9647
vn 0.3854 0.1905 0.9029
vn 0.2917 0.5004 0.8152
vn -0.2023 0.5340 0.8209
vn 0.6351 0.1594 0.7558
vn 0.5326 0.5715 0.6243
vn 0.8940 0.3030 0.3302
vn 0.6355 0.7383 0.2259
vn 0.3768 0.8859 0.2707
vn 0.2931 0.7677 0.5699
vn -0.1659 0.9432 0.2880
vn -0.2009 0.7715 0.6037
vn -0.1656 -0.3209 0.9325
vn 0.3845 -0.3012 0.8726
vn 0.2502 -0.1680 0.9535
vn -0.1820 -0.1320 0.9744
vn 0.6350 -0.2528 0.7300
vn 0.4965 -0.0564 0.8662
vn 0.9164 -0.0260 0.3995
vn 0.6350 0.1560 0.7566
vn 0.3845 0.1856 0.9043
vn 0.2502 0.0430 0.9672
vn -0.1656 0.1973 0.9663
vn -0.1820 0.0046 0.9833
vn -0.1659 -0.9725 0.1633
vn 0.3768 -0.9135 0.1536
vn 0.2931 -0.8351 0.4656
vn -0.2009 -0.8432 0.4986
vn 0.6355 -0.7614 0.1282
vn 0.5326 -0.6476 0.5450
vn 0.8940 -0.3432 0.2881
vn 0.6351 -0.2560 0.7288
vn 0.3854 -0.3059 0.8706
vn 0.2916 -0.6018 0.7435
vn -0.1659 -0.3280 0.9300
vn -0.2023 -0.6359 0.7448
vn -0.8120 -0.5825 -0.0379
vn -0.8130 -0.5811 -0.0378
vn -0.9205 -0.3857 0.0630
vn -0.9857 -0.1660 0.0271
vn -0.9859 -0.0554 0.1580
vn -0.9263 -0.0245 0.3760
vn -0.8809 -0.0307 0.4724
vn -0.8151 -0.0376 0.5781
vn -0.9859 0.0344 0.1639
vn -0.9857 0.1611 0.0484
vn -0.9205 0.3743 0.1125
vn -0.8130 0.5811 0.0378
vn -0.8120 0.5824 0.0379
vn -0.9857 0.1660 -0.0271
vn -0.9205 0.3857 -0.0630
vn -0.9859 0.0554 -0.1580
vn -0.9263 0.0245 -0.3760
vn -0.8809 0.0307 -0.4724
vn -0.8151 0.0377 -0.5781
vn -0.9859 -0.0344 -0.1638
vn -0.9857 -0.1611 -0.0484
vn -0.9205 -0.3743 -0.1125
vn -0.6119 -0.7893 -0.0514
vn -0.5373 -0.8416 -0.0548
vn -0.4002 -0.9145 -0.0595
vn -0.2072 -0.9762 -0.0635
vn -0.6118 0.7893 0.0514
vn -0.5374 0.8415 0.0548
vn -0.4002 0.9145 0.0595
vn -0.2072 0.9762 0.0635
vn -0.1696 -0.9834 -0.0640
vn 0.3865 -0.9204 -0.0599
vn 0.6463 -0.7615 -0.0496
vn 0.9621 -0.2611 -0.0788
vn 0.9572 -0.0584 -0.2835
vn 0.9572 0.0946 -0.2735
vn -0.1696 0.9834 0.0640
vn 0.3864 0.9204 0.0599
vn 0.6463 0.7615 0.0496
vn 0.9621 0.2691 -0.0442
vn 0.9621 0.2611 0.0788
vn 0.9572 0.0584 0.2835
vn 0.9572 -0.0946 0.2735
vn 0.9621 -0.2691 0.0443
vn -1.0000 -0.0000 -0.0000
vn 1.0000 -0.0000 -0.0000
vt 0.965029 0.381169
vt 0.964625 0.382078
vt 0.963916 0.381793
vt 0.964111 0.381011
vt 0.964344 0.382692
vt 0.963709 0.382247
vt 0.250695 0.347065
vt 0.249131 0.347318
vt 0.249376 0.345954
vt 0.250010 0.345509
vt 0.513889 0.364519
vt 0.513125 0.364477
vt 0.513598 0.363176
vt 0.514138 0.363177
vt 0.512029 0.364441
vt 0.512872 0.362782
vt 0.963474 0.380923
vt 0.963430 0.381719
vt 0.266432 0.462982
vt 0.267117 0.461425
vt 0.267751 0.461871
vt 0.267995 0.463234
vt 0.964344 0.295584
vt 0.964625 0.296198
vt 0.963916 0.296482
vt 0.963709 0.296029
vt 0.965029 0.297106
vt 0.964111 0.297265
vt 0.963474 0.297352
vt 0.963430 0.296556
vt 0.431456 0.345934
vt 0.430453 0.345488
vt 0.430596 0.344110
vt 0.431421 0.344073
vt 0.429748 0.345192
vt 0.430109 0.343876
vt 0.597078 0.793407
vt 0.596674 0.794316
vt 0.595965 0.794031
vt 0.596160 0.793249
vt 0.596393 0.794930
vt 0.595758 0.794484
vt 0.266432 0.555557
vt 0.267995 0.555305
vt 0.267751 0.556668
vt 0.267117 0.557114
vt 0.409137 0.434926
vt 0.409900 0.434967
vt 0.409428 0.436269
vt 0.408887 0.436267
vt 0.410997 0.435004
vt 0.410154 0.436663
vt 0.595523 0.793161
vt 0.595479 0.793957
vt 0.250695 0.439641
vt 0.250010 0.441197
vt 0.249376 0.440752
vt 0.249131 0.439388
vt 0.596393 0.707821
vt 0.596674 0.708436
vt 0.595965 0.708720
vt 0.595758 0.708267
vt 0.597078 0.709344
vt 0.596160 0.709502
vt 0.595523 0.709590
vt 0.595479 0.708794
vt 0.491570 0.453511
vt 0.492572 0.453957
vt 0.492430 0.455334
vt 0.491604 0.455371
vt 0.493277 0.454252
vt 0.492917 0.455569
vt 0.965066 0.381195
vt 0.965994 0.381735
vt 0.965736 0.382829
vt 0.964650 0.382095
vt 0.967301 0.382285
vt 0.967013 0.383397
vt 0.968416 0.382671
vt 0.968244 0.383665
vt 0.968108 0.384442
vt 0.966636 0.384320
vt 0.254063 0.345551
vt 0.252944 0.345962
vt 0.252761 0.344833
vt 0.253770 0.343759
vt 0.251632 0.346525
vt 0.251100 0.344743
vt 0.250695 0.347065
vt 0.250022 0.345501
vt 0.964356 0.382700
vt 0.965437 0.383458
vt 0.970702 0.340933
vt 0.969591 0.340445
vt 0.969675 0.339607
vt 0.970702 0.339830
vt 0.968223 0.339727
vt 0.968714 0.339063
vt 0.967359 0.339138
vt 0.968287 0.338497
vt 0.969591 0.337830
vt 0.969675 0.338669
vt 0.970702 0.337342
vt 0.970702 0.338445
vt 0.266432 0.462982
vt 0.265495 0.462441
vt 0.265735 0.461311
vt 0.267105 0.461417
vt 0.264183 0.461879
vt 0.264488 0.460744
vt 0.263063 0.461467
vt 0.263357 0.459676
vt 0.968108 0.293834
vt 0.968244 0.294610
vt 0.967106 0.294883
vt 0.966939 0.293929
vt 0.968416 0.295605
vt 0.967301 0.295991
vt 0.965994 0.296541
vt 0.965736 0.295446
vt 0.965065 0.297081
vt 0.964650 0.296180
vt 0.964356 0.295576
vt 0.965322 0.294543
vt 0.265122 0.459822
vt 0.266131 0.460373
vt 0.597114 0.793433
vt 0.598043 0.793973
vt 0.597833 0.795104
vt 0.596699 0.794333
vt 0.599350 0.794523
vt 0.599155 0.795630
vt 0.600465 0.794909
vt 0.600293 0.795903
vt 0.600157 0.796680
vt 0.599001 0.796497
vt 0.263063 0.557072
vt 0.264183 0.556660
vt 0.264513 0.558681
vt 0.263357 0.558863
vt 0.265495 0.556098
vt 0.265736 0.557228
vt 0.266432 0.555557
vt 0.267105 0.557122
vt 0.596405 0.794938
vt 0.597587 0.796082
vt 0.602751 0.753171
vt 0.601640 0.752683
vt 0.601724 0.751845
vt 0.602751 0.752068
vt 0.600272 0.751965
vt 0.600763 0.751301
vt 0.599408 0.751376
vt 0.600336 0.750735
vt 0.601640 0.750068
vt 0.601724 0.750907
vt 0.602751 0.749580
vt 0.602751 0.750683
vt 0.250695 0.439641
vt 0.251632 0.440181
vt 0.251455 0.441352
vt 0.250022 0.441205
vt 0.252944 0.440744
vt 0.252761 0.441873
vt 0.254063 0.441155
vt 0.253770 0.442947
vt 0.600157 0.706072
vt 0.600293 0.706848
vt 0.599155 0.707121
vt 0.598988 0.706167
vt 0.600465 0.707843
vt 0.599350 0.708228
vt 0.598043 0.708779
vt 0.597785 0.707684
vt 0.597114 0.709319
vt 0.596699 0.708418
vt 0.596405 0.707813
vt 0.597371 0.706781
vt 0.252606 0.442844
vt 0.251426 0.442432
vt 0.978316 0.384233
vt 0.979180 0.384451
vt 0.979052 0.385441
vt 0.978224 0.385270
vt 0.980145 0.384844
vt 0.980097 0.385736
vt 0.484036 0.697713
vt 0.482174 0.697286
vt 0.483466 0.695875
vt 0.484390 0.695837
vt 0.265796 0.343375
vt 0.264826 0.343769
vt 0.264591 0.342052
vt 0.265613 0.341592
vt 0.263961 0.343989
vt 0.263755 0.342184
vt 0.978091 0.386017
vt 0.978928 0.386149
vt 0.980678 0.337342
vt 0.981562 0.337745
vt 0.981556 0.338628
vt 0.980678 0.338445
vt 0.982587 0.338197
vt 0.982627 0.338933
vt 0.531325 0.695756
vt 0.530786 0.693917
vt 0.531956 0.693982
vt 0.532618 0.694341
vt 0.982587 0.340078
vt 0.981561 0.340531
vt 0.981556 0.339589
vt 0.980678 0.340934
vt 0.980678 0.339830
vt 0.253165 0.459906
vt 0.252300 0.459685
vt 0.252417 0.458685
vt 0.253372 0.458100
vt 0.251331 0.459291
vt 0.251371 0.458392
vt 0.572939 0.718304
vt 0.573445 0.716463
vt 0.574799 0.717815
vt 0.574799 0.718738
vt 0.980145 0.293432
vt 0.979179 0.293824
vt 0.979052 0.292835
vt 0.979945 0.291668
vt 0.978316 0.294043
vt 0.978224 0.293006
vt 0.978091 0.292259
vt 0.978933 0.292150
vt 0.252529 0.457992
vt 0.610365 0.796471
vt 0.611228 0.796689
vt 0.611101 0.797679
vt 0.610273 0.797508
vt 0.612194 0.797082
vt 0.612146 0.797974
vt 0.550384 0.815689
vt 0.552245 0.816117
vt 0.550953 0.817527
vt 0.550029 0.817566
vt 0.251331 0.559248
vt 0.252300 0.558854
vt 0.252536 0.560571
vt 0.251514 0.561031
vt 0.253165 0.558634
vt 0.253372 0.560439
vt 0.610140 0.798255
vt 0.610977 0.798387
vt 0.612727 0.749580
vt 0.613611 0.749983
vt 0.613605 0.750866
vt 0.612727 0.750683
vt 0.614636 0.750435
vt 0.614676 0.751171
vt 0.503094 0.817646
vt 0.503634 0.819486
vt 0.502463 0.819420
vt 0.501801 0.819061
vt 0.614636 0.752316
vt 0.613611 0.752769
vt 0.613605 0.751827
vt 0.612727 0.753172
vt 0.612727 0.752068
vt 0.263961 0.442717
vt 0.264826 0.442937
vt 0.264709 0.443938
vt 0.263755 0.444522
vt 0.265796 0.443331
vt 0.265755 0.444231
vt 0.461480 0.795098
vt 0.460974 0.796940
vt 0.459620 0.795587
vt 0.459620 0.794664
vt 0.612194 0.705670
vt 0.611229 0.706062
vt 0.611101 0.705073
vt 0.611994 0.703906
vt 0.610365 0.706281
vt 0.610273 0.705244
vt 0.610141 0.704497
vt 0.610982 0.704388
vt 0.264598 0.444630
vt 0.252754 0.393353
vt 0.251188 0.393353
vt 0.513889 0.411753
vt 0.513133 0.411579
vt 0.512029 0.411325
vt 0.448712 0.455454
vt 0.448292 0.457281
vt 0.597810 0.751376
vt 0.598461 0.751376
vt 0.599399 0.751376
vt 0.410997 0.388119
vt 0.409893 0.387865
vt 0.409137 0.387692
vt 0.265939 0.509269
vt 0.264373 0.509269
vt 0.474314 0.343990
vt 0.474734 0.342164
vt 0.965761 0.339138
vt 0.966412 0.339138
vt 0.967350 0.339138
vt 0.252780 0.393353
vt 0.253738 0.393353
vt 0.255067 0.393353
vt 0.256208 0.393353
vt 0.264347 0.509269
vt 0.263389 0.509269
vt 0.262059 0.509269
vt 0.260918 0.509269
vt 0.266185 0.393353
vt 0.267066 0.393353
vt 0.268037 0.393353
vt 0.459670 0.743374
vt 0.461481 0.743794
vt 0.250942 0.509269
vt 0.250060 0.509269
vt 0.249089 0.509269
vt 0.574749 0.770028
vt 0.572939 0.769608
s 1
usemtl 05_|_machined_impact_faces
f 5891/7533/5947 5894/7534/5948 5896/7535/5949 5895/7536/5950
f 5894/7534/5948 5898/7537/5951 5899/7538/5952 5896/7535/5949
f 5892/7539/5953 5897/7540/5954 5899/7541/5952 5898/7542/5951
s 0
f 5897/7543/5955 5901/7544/5955 5902/7545/5955 5899/7546/5955
f 5893/7547/5956 5900/7548/5956 5902/7545/5956 5901/7544/5956
s 1
f 5900/7549/5957 5895/7536/5950 5896/7535/5949 5902/7550/5958
f 5896/7535/5949 5899/7538/5952 5902/7550/5958
f 5907/7551/5959 5910/7552/5960 5912/7553/5961 5911/7554/5962
f 5910/7555/5960 5914/7556/5963 5915/7557/5964 5912/7558/5961
f 5908/7559/5965 5913/7560/5966 5915/7557/5964 5914/7556/5963
f 5913/7560/5966 5917/7561/5967 5918/7562/5968 5915/7557/5964
s 0
f 5909/7563/5969 5916/7564/5969 5918/7565/5969 5917/7566/5969
f 5916/7564/5970 5911/7567/5970 5912/7568/5970 5918/7565/5970
s 1
f 5912/7558/5961 5915/7557/5964 5918/7562/5968
f 5923/7569/5971 5926/7570/5972 5928/7571/5973 5927/7572/5974
f 5926/7570/5972 5930/7573/5975 5931/7574/5976 5928/7571/5973
f 5924/7575/5977 5929/7576/5978 5931/7577/5976 5930/7578/5975
s 0
f 5929/7579/5979 5933/7580/5979 5934/7581/5979 5931/7582/5979
f 5925/7583/5980 5932/7584/5980 5934/7581/5980 5933/7580/5980
s 1
f 5932/7585/5981 5927/7572/5974 5928/7571/5973 5934/7586/5982
f 5928/7571/5973 5931/7574/5976 5934/7586/5982
f 5939/7587/5983 5942/7588/5984 5944/7589/5985 5943/7590/5986
f 5942/7591/5984 5946/7592/5987 5947/7593/5988 5944/7594/5985
f 5940/7595/5989 5945/7596/5990 5947/7593/5988 5946/7592/5987
f 5945/7596/5990 5949/7597/5991 5950/7598/5992 5947/7593/5988
s 0
f 5941/7599/5993 5948/7600/5993 5950/7601/5993 5949/7602/5993
f 5948/7600/5994 5943/7603/5994 5944/7604/5994 5950/7601/5994
s 1
f 5944/7594/5985 5947/7593/5988 5950/7598/5992
f 5955/7605/5995 5959/7606/5996 5961/7607/5997 5960/7608/5998
f 5959/7606/5996 5963/7609/5999 5964/7610/6000 5961/7607/5997
f 5956/7611/6001 5962/7612/6002 5964/7610/6000 5963/7609/5999
f 5962/7612/6002 5966/7613/6003 5967/7614/6004 5964/7610/6000
f 5957/7615/6005 5965/7616/6006 5967/7617/6004 5966/7618/6003
f 5965/7616/6006 5969/7619/6007 5970/7620/6008 5967/7617/6004
f 5958/7621/6009 5968/7622/6010 5970/7620/6008 5969/7619/6007
f 5968/7623/6010 5960/7608/5998 5961/7607/5997 5970/7624/6008
f 5961/7607/5997 5964/7610/6000 5967/7614/6004 5970/7624/6008
f 5971/7625/6011 5974/7626/6012 5976/7627/6013 5975/7628/6014
f 5974/7626/6012 5978/7629/6015 5979/7630/6016 5976/7627/6013
f 5972/7631/6017 5977/7632/6018 5979/7630/6016 5978/7629/6015
f 5977/7632/6018 5981/7633/6019 5982/7634/6020 5979/7630/6016
f 5973/7635/6021 5980/7636/6022 5982/7634/6020 5981/7633/6019
f 5980/7636/6022 5975/7628/6014 5976/7627/6013 5982/7634/6020
f 5976/7627/6013 5979/7630/6016 5982/7634/6020
f 5983/7637/6023 5987/7638/6024 5989/7639/6025 5988/7640/6026
f 5987/7638/6024 5991/7641/6027 5992/7642/6028 5989/7639/6025
f 5984/7643/6029 5990/7644/6030 5992/7642/6028 5991/7641/6027
f 5990/7645/6030 5994/7646/6031 5995/7647/6032 5992/7648/6028
f 5985/7649/6033 5993/7650/6034 5995/7647/6032 5994/7646/6031
f 5993/7650/6034 5997/7651/6035 5998/7652/6036 5995/7647/6032
f 5986/7653/6037 5996/7654/6038 5998/7652/6036 5997/7651/6035
f 5996/7654/6038 5988/7655/6026 5989/7656/6025 5998/7652/6036
f 5989/7639/6025 5992/7642/6028 5995/7657/6032 5998/7658/6036
f 6003/7659/6039 6007/7660/6040 6009/7661/6041 6008/7662/6042
f 6007/7660/6040 6011/7663/6043 6012/7664/6044 6009/7661/6041
f 6004/7665/6045 6010/7666/6046 6012/7664/6044 6011/7663/6043
f 6010/7666/6046 6014/7667/6047 6015/7668/6048 6012/7664/6044
f 6005/7669/6049 6013/7670/6050 6015/7671/6048 6014/7672/6047
f 6013/7670/6050 6017/7673/6051 6018/7674/6052 6015/7671/6048
f 6006/7675/6053 6016/7676/6054 6018/7674/6052 6017/7673/6051
f 6016/7677/6054 6008/7662/6042 6009/7661/6041 6018/7678/6052
f 6009/7661/6041 6012/7664/6044 6015/7668/6048 6018/7678/6052
f 6019/7679/6055 6022/7680/6056 6024/7681/6057 6023/7682/6058
f 6022/7680/6056 6026/7683/6059 6027/7684/6060 6024/7681/6057
f 6020/7685/6061 6025/7686/6062 6027/7684/6060 6026/7683/6059
f 6025/7686/6062 6029/7687/6063 6030/7688/6064 6027/7684/6060
f 6021/7689/6065 6028/7690/6066 6030/7688/6064 6029/7687/6063
f 6028/7690/6066 6023/7682/6058 6024/7681/6057 6030/7688/6064
f 6024/7681/6057 6027/7684/6060 6030/7688/6064
f 6031/7691/6067 6035/7692/6068 6037/7693/6069 6036/7694/6070
f 6035/7692/6068 6039/7695/6071 6040/7696/6072 6037/7693/6069
f 6032/7697/6073 6038/7698/6074 6040/7696/6072 6039/7695/6071
f 6038/7699/6074 6042/7700/6075 6043/7701/6076 6040/7702/6072
f 6033/7703/6077 6041/7704/6078 6043/7701/6076 6042/7700/6075
f 6041/7704/6078 6045/7705/6079 6046/7706/6080 6043/7701/6076
f 6034/7707/6081 6044/7708/6082 6046/7706/6080 6045/7705/6079
f 6044/7708/6082 6036/7709/6070 6037/7710/6069 6046/7706/6080
f 6037/7693/6069 6040/7696/6072 6043/7711/6076 6046/7712/6080
f 6051/7713/6083 6054/7714/6084 6056/7715/6085 6055/7716/6086
f 6054/7714/6084 6058/7717/6087 6059/7718/6088 6056/7715/6085
s 0
f 6052/7719/6089 6057/7720/6089 6059/7721/6089 6058/7722/6089
s 1
f 6057/7723/6090 6061/7724/6091 6062/7725/6092 6059/7726/6088
f 6053/7727/6093 6060/7728/6094 6062/7725/6092 6061/7724/6091
f 6060/7729/6094 6055/7716/6086 6056/7715/6085 6062/7730/6092
f 6056/7715/6085 6059/7718/6088 6062/7730/6092
f 6063/7731/6095 6066/7732/6096 6068/7733/6097 6067/7734/6098
f 6066/7732/6096 6070/7735/6099 6071/7736/6100 6068/7733/6097
s 0
f 6064/7737/6101 6069/7738/6101 6071/7739/6101 6070/7740/6101
s 1
f 6069/7741/6102 6073/7742/6103 6074/7743/6104 6071/7736/6100
f 6065/7744/6105 6072/7745/6106 6074/7743/6104 6073/7742/6103
f 6072/7745/6106 6067/7734/6098 6068/7733/6097 6074/7743/6104
f 6068/7733/6097 6071/7736/6100 6074/7743/6104
f 6075/7746/6107 6078/7747/6108 6080/7748/6109 6079/7749/6110
f 6078/7747/6108 6082/7750/6111 6083/7751/6112 6080/7748/6109
s 0
f 6076/7752/6113 6081/7753/6113 6083/7754/6113 6082/7755/6113
s 1
f 6081/7756/6114 6085/7757/6115 6086/7758/6116 6083/7759/6112
f 6077/7760/6117 6084/7761/6118 6086/7758/6116 6085/7757/6115
f 6084/7761/6118 6079/7762/6110 6080/7763/6109 6086/7758/6116
f 6080/7748/6109 6083/7751/6112 6086/7764/6116
f 6091/7765/6119 6094/7766/6120 6096/7767/6121 6095/7768/6122
f 6094/7766/6120 6098/7769/6123 6099/7770/6124 6096/7767/6121
s 0
f 6092/7771/6125 6097/7772/6125 6099/7773/6125 6098/7774/6125
s 1
f 6097/7775/6126 6101/7776/6127 6102/7777/6128 6099/7778/6124
f 6093/7779/6129 6100/7780/6130 6102/7777/6128 6101/7776/6127
f 6100/7781/6130 6095/7768/6122 6096/7767/6121 6102/7782/6128
f 6096/7767/6121 6099/7770/6124 6102/7782/6128
f 6103/7783/6131 6106/7784/6132 6108/7785/6133 6107/7786/6134
f 6106/7784/6132 6110/7787/6135 6111/7788/6136 6108/7785/6133
s 0
f 6104/7789/6137 6109/7790/6137 6111/7791/6137 6110/7792/6137
s 1
f 6109/7793/6138 6113/7794/6139 6114/7795/6140 6111/7788/6136
f 6105/7796/6141 6112/7797/6142 6114/7795/6140 6113/7794/6139
f 6112/7797/6142 6107/7786/6134 6108/7785/6133 6114/7795/6140
f 6108/7785/6133 6111/7788/6136 6114/7795/6140
f 6115/7798/6143 6118/7799/6144 6120/7800/6145 6119/7801/6146
f 6118/7799/6144 6122/7802/6147 6123/7803/6148 6120/7800/6145
s 0
f 6116/7804/6149 6121/7805/6149 6123/7806/6149 6122/7807/6149
s 1
f 6121/7808/6150 6125/7809/6151 6126/7810/6152 6123/7811/6148
f 6117/7812/6153 6124/7813/6154 6126/7810/6152 6125/7809/6151
f 6124/7813/6154 6119/7814/6146 6120/7815/6145 6126/7810/6152
f 6120/7800/6145 6123/7803/6148 6126/7816/6152
f 5888/7817/6155 5939/7587/5983 5943/7590/5986 5890/7818/6156
s 0
f 5890/7819/6157 5943/7603/6157 5948/7600/6157 5889/7820/6157
f 5889/7820/6158 5948/7600/6158 5941/7599/6158 5887/7821/6158
f 5936/7822/6159 5941/7599/6159 5949/7602/6159 5938/7823/6159
s 1
f 5938/7824/6160 5949/7597/5991 5945/7596/5990 5937/7825/6161
f 5937/7825/6161 5945/7596/5990 5940/7595/5989 5935/7826/6162
s 0
f 5925/7583/6163 5936/7822/6163 5938/7823/6163 5932/7584/6163
s 1
f 5932/7585/5981 5938/7824/6160 5937/7825/6161 5927/7572/5974
f 5927/7572/5974 5937/7825/6161 5935/7826/6162 5923/7569/5971
s 0
f 5920/7827/6164 5925/7583/6164 5933/7580/6164 5922/7828/6164
f 5922/7828/6165 5933/7580/6165 5929/7579/6165 5921/7829/6165
s 1
f 5921/7830/6166 5929/7576/5978 5924/7575/5977 5919/7831/6167
s 0
f 5909/7563/6168 5920/7827/6168 5922/7828/6168 5916/7564/6168
f 5916/7564/6169 5922/7828/6169 5921/7829/6169 5911/7567/6169
s 1
f 5911/7554/5962 5921/7830/6166 5919/7831/6167 5907/7551/5959
s 0
f 5904/7832/6170 5909/7563/6170 5917/7566/6170 5906/7833/6170
s 1
f 5906/7834/6171 5917/7561/5967 5913/7560/5966 5905/7835/6172
f 5905/7835/6172 5913/7560/5966 5908/7559/5965 5903/7836/6173
s 0
f 5893/7547/6174 5904/7832/6174 5906/7833/6174 5900/7548/6174
s 1
f 5900/7549/5957 5906/7834/6171 5905/7835/6172 5895/7536/5950
f 5895/7536/5950 5905/7835/6172 5903/7836/6173 5891/7533/5947
s 0
f 5887/7821/6175 5893/7547/6175 5901/7544/6175 5889/7820/6175
f 5889/7820/6176 5901/7544/6176 5897/7543/6176 5890/7819/6176
s 1
f 5890/7818/6156 5897/7540/5954 5892/7539/5953 5888/7817/6155
f 5891/7533/5947 5955/7605/5995 5960/7608/5998 5894/7534/5948
f 5894/7534/5948 5960/7608/5998 5968/7623/6010 5898/7537/5951
f 5898/7542/5951 5968/7622/6010 5958/7621/6009 5892/7539/5953
f 5952/7837/6177 5958/7621/6009 5969/7619/6007 5954/7838/6178
f 5954/7838/6178 5969/7619/6007 5965/7616/6006 5953/7839/6179
f 5953/7839/6179 5965/7616/6006 5957/7615/6005 5951/7840/6180
f 5955/7605/5995 5972/7631/6017 5978/7629/6015 5959/7606/5996
f 5959/7606/5996 5978/7629/6015 5974/7626/6012 5963/7609/5999
f 5963/7609/5999 5974/7626/6012 5971/7625/6011 5956/7611/6001
f 5907/7551/5959 5983/7637/6023 5988/7640/6026 5910/7552/5960
f 5910/7555/5960 5988/7655/6026 5996/7654/6038 5914/7556/5963
f 5914/7556/5963 5996/7654/6038 5986/7653/6037 5908/7559/5965
f 5972/7631/6017 5986/7653/6037 5997/7651/6035 5977/7632/6018
f 5977/7632/6018 5997/7651/6035 5993/7650/6034 5981/7633/6019
f 5981/7633/6019 5993/7650/6034 5985/7649/6033 5973/7635/6021
f 5983/7637/6023 5999/7841/6181 6001/7842/6182 5987/7638/6024
f 5987/7638/6024 6001/7842/6182 6002/7843/6183 5991/7641/6027
f 5991/7641/6027 6002/7843/6183 6000/7844/6184 5984/7643/6029
f 5923/7569/5971 6003/7659/6039 6008/7662/6042 5926/7570/5972
f 5926/7570/5972 6008/7662/6042 6016/7677/6054 5930/7573/5975
f 5930/7578/5975 6016/7676/6054 6006/7675/6053 5924/7575/5977
f 5999/7841/6181 6006/7675/6053 6017/7673/6051 6001/7842/6182
f 6001/7842/6182 6017/7673/6051 6013/7670/6050 6002/7843/6183
f 6002/7843/6183 6013/7670/6050 6005/7669/6049 6000/7844/6184
f 6003/7659/6039 6020/7685/6061 6026/7683/6059 6007/7660/6040
f 6007/7660/6040 6026/7683/6059 6022/7680/6056 6011/7663/6043
f 6011/7663/6043 6022/7680/6056 6019/7679/6055 6004/7665/6045
f 5939/7587/5983 6031/7691/6067 6036/7694/6070 5942/7588/5984
f 5942/7591/5984 6036/7709/6070 6044/7708/6082 5946/7592/5987
f 5946/7592/5987 6044/7708/6082 6034/7707/6081 5940/7595/5989
f 6020/7685/6061 6034/7707/6081 6045/7705/6079 6025/7686/6062
f 6025/7686/6062 6045/7705/6079 6041/7704/6078 6029/7687/6063
f 6029/7687/6063 6041/7704/6078 6033/7703/6077 6021/7689/6065
f 5951/7840/6180 6032/7697/6073 6039/7695/6071 5953/7839/6179
f 5953/7839/6179 6039/7695/6071 6035/7692/6068 5954/7838/6178
f 5954/7838/6178 6035/7692/6068 6031/7691/6067 5952/7837/6177
f 5956/7611/6001 6051/7713/6083 6055/7716/6086 5962/7612/6002
f 5962/7612/6002 6055/7716/6086 6060/7729/6094 5966/7613/6003
f 5966/7618/6003 6060/7728/6094 6053/7727/6093 5957/7615/6005
f 6048/7845/6185 6053/7727/6093 6061/7724/6091 6050/7846/6186
f 6050/7846/6186 6061/7724/6091 6057/7723/6090 6049/7847/6187
s 0
f 6049/7848/6188 6057/7720/6188 6052/7719/6188 6047/7849/6188
s 1
f 5973/7635/6021 6063/7731/6095 6067/7734/6098 5980/7636/6022
f 5980/7636/6022 6067/7734/6098 6072/7745/6106 5975/7628/6014
f 5975/7628/6014 6072/7745/6106 6065/7744/6105 5971/7625/6011
f 6051/7713/6083 6065/7744/6105 6073/7742/6103 6054/7714/6084
f 6054/7714/6084 6073/7742/6103 6069/7741/6102 6058/7717/6087
s 0
f 6058/7722/6189 6069/7738/6189 6064/7737/6189 6052/7719/6189
s 1
f 5984/7643/6029 6075/7746/6107 6079/7749/6110 5990/7644/6030
f 5990/7645/6030 6079/7762/6110 6084/7761/6118 5994/7646/6031
f 5994/7646/6031 6084/7761/6118 6077/7760/6117 5985/7649/6033
f 6063/7731/6095 6077/7760/6117 6085/7757/6115 6066/7732/6096
f 6066/7732/6096 6085/7757/6115 6081/7756/6114 6070/7735/6099
s 0
f 6070/7740/6190 6081/7753/6190 6076/7752/6190 6064/7737/6190
s 1
f 6075/7746/6107 6088/7850/6191 6090/7851/6192 6078/7747/6108
f 6078/7747/6108 6090/7851/6192 6089/7852/6193 6082/7750/6111
s 0
f 6082/7755/6194 6089/7853/6194 6087/7854/6194 6076/7752/6194
s 1
f 6004/7665/6045 6091/7765/6119 6095/7768/6122 6010/7666/6046
f 6010/7666/6046 6095/7768/6122 6100/7781/6130 6014/7667/6047
f 6014/7672/6047 6100/7780/6130 6093/7779/6129 6005/7669/6049
f 6088/7850/6191 6093/7779/6129 6101/7776/6127 6090/7851/6192
f 6090/7851/6192 6101/7776/6127 6097/7775/6126 6089/7852/6193
s 0
f 6089/7853/6195 6097/7772/6195 6092/7771/6195 6087/7854/6195
s 1
f 6021/7689/6065 6103/7783/6131 6107/7786/6134 6028/7690/6066
f 6028/7690/6066 6107/7786/6134 6112/7797/6142 6023/7682/6058
f 6023/7682/6058 6112/7797/6142 6105/7796/6141 6019/7679/6055
f 6091/7765/6119 6105/7796/6141 6113/7794/6139 6094/7766/6120
f 6094/7766/6120 6113/7794/6139 6109/7793/6138 6098/7769/6123
s 0
f 6098/7774/6196 6109/7790/6196 6104/7789/6196 6092/7771/6196
s 1
f 6032/7697/6073 6115/7798/6143 6119/7801/6146 6038/7698/6074
f 6038/7699/6074 6119/7814/6146 6124/7813/6154 6042/7700/6075
f 6042/7700/6075 6124/7813/6154 6117/7812/6153 6033/7703/6077
f 6103/7783/6131 6117/7812/6153 6125/7809/6151 6106/7784/6132
f 6106/7784/6132 6125/7809/6151 6121/7808/6150 6110/7787/6135
s 0
f 6110/7792/6197 6121/7805/6197 6116/7804/6197 6104/7789/6197
f 6047/7849/6198 6116/7804/6198 6122/7807/6198 6049/7848/6198
s 1
f 6049/7847/6187 6122/7802/6147 6118/7799/6144 6050/7846/6186
f 6050/7846/6186 6118/7799/6144 6115/7798/6143 6048/7845/6185
f 5939/7587/5983 5888/7817/6155 5952/7837/6177 6031/7691/6067
s 0
f 5941/7599/6199 5936/7822/6199 5925/7583/6199 5920/7827/6199 5909/7563/6199 5904/7832/6199 5893/7547/6199 5887/7821/6199
s 1
f 5888/7817/6155 5892/7539/5953 5958/7621/6009 5952/7837/6177
f 5891/7533/5947 5903/7836/6173 5972/7631/6017 5955/7605/5995
f 5903/7836/6173 5908/7559/5965 5986/7653/6037 5972/7631/6017
f 5907/7551/5959 5919/7831/6167 5999/7841/6181 5983/7637/6023
f 5919/7831/6167 5924/7575/5977 6006/7675/6053 5999/7841/6181
f 5923/7569/5971 5935/7826/6162 6020/7685/6061 6003/7659/6039
f 5935/7826/6162 5940/7595/5989 6034/7707/6081 6020/7685/6061
f 6032/7697/6073 5951/7840/6180 6048/7845/6185 6115/7798/6143
f 5951/7840/6180 5957/7615/6005 6053/7727/6093 6048/7845/6185
f 5956/7611/6001 5971/7625/6011 6065/7744/6105 6051/7713/6083
f 5973/7635/6021 5985/7649/6033 6077/7760/6117 6063/7731/6095
f 5984/7643/6029 6000/7844/6184 6088/7850/6191 6075/7746/6107
f 6000/7844/6184 6005/7669/6049 6093/7779/6129 6088/7850/6191
f 6004/7665/6045 6019/7679/6055 6105/7796/6141 6091/7765/6119
f 6021/7689/6065 6033/7703/6077 6117/7812/6153 6103/7783/6131
s 0
f 6047/7849/6200 6052/7719/6200 6064/7737/6200 6076/7752/6200 6087/7854/6200 6092/7771/6200 6104/7789/6200 6116/7804/6200
o Ground_club_impact_face.001
v 0.499000 0.008377 -0.256842
v 0.499680 0.007803 -0.256880
v 0.499091 0.008040 -0.256864
v 0.499340 0.007830 -0.256878
v 0.499679 0.014123 -0.275745
v 0.499680 0.013240 -0.274936
v 0.499000 0.013884 -0.275124
v 0.499680 0.013745 -0.275597
v 0.499340 0.014066 -0.275691
v 0.499355 0.013704 -0.275548
v 0.499341 0.013301 -0.274991
v 0.499680 0.013420 -0.275301
v 0.499355 0.013476 -0.275339
v 0.499091 0.013978 -0.275464
v 0.499091 0.013537 -0.275060
v 0.499179 0.013642 -0.275387
v 0.499680 0.031826 -0.279046
v 0.499680 0.030492 -0.279133
v 0.499000 0.031133 -0.278692
v 0.499692 0.031407 -0.279134
v 0.499346 0.031651 -0.279066
v 0.499361 0.031320 -0.279150
v 0.499346 0.030669 -0.279130
v 0.499692 0.030919 -0.279165
v 0.499361 0.031007 -0.279171
v 0.499101 0.031401 -0.278938
v 0.499101 0.030900 -0.278971
v 0.499177 0.031160 -0.279097
v 0.499680 0.048389 -0.272648
v 0.499679 0.047618 -0.273564
v 0.499000 0.047775 -0.272918
v 0.499680 0.048257 -0.273033
v 0.499341 0.048336 -0.272710
v 0.499355 0.048207 -0.273078
v 0.499340 0.047668 -0.273504
v 0.499680 0.047975 -0.273369
v 0.499355 0.048008 -0.273315
v 0.499091 0.048110 -0.272810
v 0.499091 0.047726 -0.273267
v 0.499179 0.048049 -0.273148
v 0.499680 0.051439 -0.254039
v 0.499000 0.050866 -0.254077
v 0.499340 0.051412 -0.254041
v 0.499091 0.051202 -0.254055
v 0.499679 0.045119 -0.235174
v 0.499680 0.046002 -0.235983
v 0.499000 0.045358 -0.235794
v 0.499680 0.045498 -0.235321
v 0.499340 0.045176 -0.235227
v 0.499355 0.045538 -0.235371
v 0.499341 0.045942 -0.235928
v 0.499680 0.045822 -0.235618
v 0.499355 0.045766 -0.235580
v 0.499091 0.045264 -0.235455
v 0.499091 0.045705 -0.235859
v 0.499179 0.045600 -0.235532
v 0.499680 0.027416 -0.231873
v 0.499680 0.028750 -0.231786
v 0.499000 0.028109 -0.232227
v 0.499692 0.027835 -0.231785
v 0.499346 0.027591 -0.231853
v 0.499361 0.027922 -0.231768
v 0.499346 0.028574 -0.231789
v 0.499692 0.028323 -0.231753
v 0.499361 0.028235 -0.231748
v 0.499101 0.027841 -0.231980
v 0.499101 0.028343 -0.231948
v 0.499177 0.028083 -0.231821
v 0.499680 0.010854 -0.238271
v 0.499679 0.011625 -0.237354
v 0.499000 0.011468 -0.238000
v 0.499680 0.010985 -0.237886
v 0.499341 0.010907 -0.238208
v 0.499355 0.011035 -0.237841
v 0.499340 0.011574 -0.237415
v 0.499680 0.011268 -0.237549
v 0.499355 0.011234 -0.237604
v 0.499091 0.011132 -0.238109
v 0.499091 0.011517 -0.237652
v 0.499179 0.011194 -0.237771
v 0.504496 0.009160 -0.256791
v 0.503320 0.008530 -0.256832
v 0.504157 0.008895 -0.256809
v 0.503727 0.008664 -0.256824
v 0.503321 0.014666 -0.275127
v 0.504494 0.015182 -0.274603
v 0.504500 0.014241 -0.273724
v 0.503320 0.013783 -0.274318
v 0.503724 0.014817 -0.275020
v 0.503347 0.014307 -0.274956
v 0.503754 0.014418 -0.274824
v 0.504561 0.014844 -0.274366
v 0.504153 0.015006 -0.274828
v 0.504163 0.014599 -0.274626
v 0.504157 0.014038 -0.273929
v 0.504563 0.014500 -0.274045
v 0.504164 0.014274 -0.274323
v 0.503346 0.013985 -0.274661
v 0.503725 0.013871 -0.274147
v 0.503754 0.014101 -0.274531
v 0.503320 0.031779 -0.278319
v 0.504498 0.031083 -0.277913
v 0.503320 0.030445 -0.278405
v 0.503725 0.031578 -0.278246
v 0.503332 0.031360 -0.278407
v 0.503704 0.031261 -0.278324
v 0.504156 0.030868 -0.278128
v 0.504156 0.031323 -0.278098
v 0.503968 0.031104 -0.278234
v 0.503332 0.030872 -0.278438
v 0.503725 0.030635 -0.278308
v 0.503704 0.030959 -0.278343
v 0.503320 0.047770 -0.272106
v 0.504500 0.047240 -0.271576
v 0.504494 0.046420 -0.272570
v 0.503321 0.047000 -0.273023
v 0.503725 0.047661 -0.271947
v 0.503346 0.047614 -0.272472
v 0.503754 0.047483 -0.272358
v 0.504563 0.047024 -0.271928
v 0.504157 0.047467 -0.271753
v 0.504164 0.047284 -0.272175
v 0.504153 0.046624 -0.272770
v 0.504561 0.046725 -0.272291
v 0.504163 0.047001 -0.272516
v 0.503347 0.047334 -0.272806
v 0.503724 0.046836 -0.272936
v 0.503754 0.047206 -0.272690
v 0.503320 0.050712 -0.254087
v 0.504496 0.050082 -0.254128
v 0.503727 0.050578 -0.254095
v 0.504157 0.050348 -0.254110
v 0.503321 0.044577 -0.235791
v 0.504494 0.044060 -0.236316
v 0.504500 0.045002 -0.237195
v 0.503320 0.045459 -0.236601
v 0.503724 0.044425 -0.235899
v 0.503347 0.044936 -0.235963
v 0.503754 0.044824 -0.236095
v 0.504561 0.044398 -0.236553
v 0.504153 0.044236 -0.236091
v 0.504163 0.044643 -0.236293
v 0.504157 0.045204 -0.236989
v 0.504563 0.044742 -0.236874
v 0.504164 0.044969 -0.236595
v 0.503346 0.045257 -0.236258
v 0.503725 0.045371 -0.236772
v 0.503754 0.045142 -0.236388
v 0.503320 0.027464 -0.232600
v 0.504498 0.028160 -0.233005
v 0.503320 0.028797 -0.232513
v 0.503725 0.027665 -0.232672
v 0.503332 0.027883 -0.232512
v 0.503704 0.027981 -0.232595
v 0.504156 0.028374 -0.232791
v 0.504156 0.027919 -0.232821
v 0.503968 0.028139 -0.232684
v 0.503332 0.028370 -0.232480
v 0.503725 0.028607 -0.232611
v 0.503704 0.028283 -0.232575
v 0.503320 0.011472 -0.238813
v 0.504500 0.012003 -0.239343
v 0.504494 0.012822 -0.238349
v 0.503321 0.012242 -0.237896
v 0.503725 0.011582 -0.238971
v 0.503346 0.011628 -0.238447
v 0.503754 0.011759 -0.238561
v 0.504563 0.012218 -0.238991
v 0.504157 0.011776 -0.239165
v 0.504164 0.011958 -0.238744
v 0.504153 0.012619 -0.238149
v 0.504561 0.012518 -0.238628
v 0.504163 0.012241 -0.238402
v 0.503347 0.011909 -0.238113
v 0.503724 0.012406 -0.237983
v 0.503754 0.012036 -0.238229
v 0.505000 0.010372 -0.256712
v 0.504504 0.009169 -0.256791
v 0.504934 0.009952 -0.256740
v 0.504752 0.009511 -0.256768
v 0.504506 0.015191 -0.274593
v 0.505000 0.015375 -0.273429
v 0.504500 0.014241 -0.273724
v 0.504747 0.015242 -0.274258
v 0.504569 0.014850 -0.274359
v 0.504763 0.014950 -0.274115
v 0.504927 0.014980 -0.273533
v 0.504928 0.015309 -0.273833
v 0.504877 0.014991 -0.273850
v 0.504567 0.014503 -0.274042
v 0.504744 0.014566 -0.273640
v 0.504762 0.014734 -0.273917
v 0.505000 0.031004 -0.276696
v 0.504501 0.031083 -0.277910
v 0.504933 0.031031 -0.277121
v 0.504751 0.031060 -0.277566
v 0.504500 0.047239 -0.271576
v 0.505000 0.046077 -0.271430
v 0.504506 0.046410 -0.272561
v 0.504744 0.046906 -0.271535
v 0.504567 0.047021 -0.271925
v 0.504762 0.046776 -0.271831
v 0.504928 0.046194 -0.271822
v 0.504927 0.046482 -0.271482
v 0.504877 0.046512 -0.271799
v 0.504569 0.046718 -0.272285
v 0.504747 0.046316 -0.272236
v 0.504763 0.046587 -0.272055
v 0.505000 0.048870 -0.254206
v 0.504504 0.050074 -0.254128
v 0.504934 0.049291 -0.254179
v 0.504752 0.049731 -0.254150
v 0.504506 0.044052 -0.236326
v 0.505000 0.043868 -0.237490
v 0.504500 0.045002 -0.237195
v 0.504747 0.044000 -0.236661
v 0.504569 0.044392 -0.236559
v 0.504763 0.044292 -0.236804
v 0.504927 0.044263 -0.237386
v 0.504928 0.043933 -0.237086
v 0.504877 0.044251 -0.237068
v 0.504567 0.044739 -0.236877
v 0.504744 0.044677 -0.237278
v 0.504762 0.044508 -0.237002
v 0.505000 0.028239 -0.234223
v 0.504501 0.028160 -0.233008
v 0.504933 0.028211 -0.233798
v 0.504751 0.028182 -0.233353
v 0.504500 0.012003 -0.239343
v 0.505000 0.013166 -0.239489
v 0.504506 0.012832 -0.238358
v 0.504744 0.012336 -0.239383
v 0.504567 0.012222 -0.238994
v 0.504762 0.012467 -0.239087
v 0.504928 0.013048 -0.239096
v 0.504927 0.012761 -0.239437
v 0.504877 0.012731 -0.239120
v 0.504569 0.012525 -0.238634
v 0.504747 0.012926 -0.238683
v 0.504763 0.012655 -0.238864
vn 0.1659 -0.2047 -0.9647
vn 0.2023 -0.5340 -0.8209
vn -0.2916 -0.5004 -0.8152
vn -0.3853 -0.1905 -0.9029
vn 0.2009 -0.7715 -0.6037
vn -0.1356 -0.7576 -0.6385
vn 0.1659 -0.9431 -0.2880
vn -0.1004 -0.9516 -0.2906
vn -0.5753 -0.7208 -0.3866
vn -0.8940 -0.3030 -0.3301
vn -0.6350 -0.1594 -0.7559
vn -0.4945 -0.4780 -0.7260
vn 0.1656 0.3208 -0.9325
vn 0.1820 0.1320 -0.9744
vn -0.2502 0.1681 -0.9535
vn -0.3844 0.3012 -0.8726
vn 0.1820 -0.0046 -0.9833
vn -0.2503 -0.0430 -0.9672
vn 0.1656 -0.1973 -0.9663
vn -0.3844 -0.1856 -0.9043
vn -0.6349 -0.1560 -0.7567
vn -0.4965 0.0564 -0.8662
vn -0.9164 0.0260 -0.3995
vn -0.6349 0.2528 -0.7300
vn 0.1659 0.9725 -0.1633
vn 0.2009 0.8432 -0.4986
vn -0.1356 0.8340 -0.5349
vn -0.1004 0.9812 -0.1648
vn 0.2023 0.6360 -0.7447
vn -0.2916 0.6018 -0.7435
vn 0.1659 0.3280 -0.9300
vn -0.3853 0.3060 -0.8706
vn -0.6350 0.2561 -0.7288
vn -0.4945 0.5680 -0.6579
vn -0.8940 0.3432 -0.2881
vn -0.5754 0.7648 -0.2898
vn 0.1659 0.2047 0.9647
vn 0.2023 0.5340 0.8209
vn -0.2917 0.5004 0.8152
vn -0.3854 0.1905 0.9029
vn 0.2009 0.7715 0.6037
vn -0.1356 0.7576 0.6385
vn 0.1659 0.9431 0.2880
vn -0.1004 0.9516 0.2906
vn -0.5753 0.7208 0.3866
vn -0.8940 0.3029 0.3301
vn -0.6350 0.1594 0.7558
vn -0.4945 0.4780 0.7260
vn 0.1656 -0.3209 0.9325
vn 0.1820 -0.1320 0.9744
vn -0.2503 -0.1680 0.9535
vn -0.3844 -0.3012 0.8726
vn 0.1820 0.0046 0.9833
vn -0.2503 0.0430 0.9672
vn 0.1656 0.1973 0.9663
vn -0.3845 0.1855 0.9043
vn -0.6349 0.1560 0.7566
vn -0.4965 -0.0564 0.8662
vn -0.9164 -0.0260 0.3995
vn -0.6349 -0.2528 0.7301
vn 0.1659 -0.9725 0.1633
vn 0.2009 -0.8432 0.4986
vn -0.1356 -0.8340 0.5349
vn -0.1004 -0.9812 0.1648
vn 0.2023 -0.6359 0.7448
vn -0.2916 -0.6018 0.7435
vn 0.1659 -0.3280 0.9300
vn -0.3853 -0.3060 0.8706
vn -0.6350 -0.2560 0.7288
vn -0.4945 -0.5681 0.6579
vn -0.8940 -0.3432 0.2881
vn -0.5753 -0.7648 0.2899
vn 0.2047 -0.2034 -0.9575
vn 0.3983 -0.1920 -0.8969
vn 0.4628 -0.4914 -0.7378
vn 0.2410 -0.5316 -0.8120
vn 0.5301 -0.1782 -0.8290
vn 0.5981 -0.4486 -0.6641
vn 0.6018 -0.1684 -0.7807
vn 0.6982 -0.4020 -0.5924
vn 0.7214 -0.5440 -0.4285
vn 0.5957 -0.6280 -0.5008
vn 0.6033 -0.7624 -0.2341
vn 0.5291 -0.8112 -0.2489
vn 0.3932 -0.8792 -0.2692
vn 0.4612 -0.6957 -0.5507
vn 0.2028 -0.9365 -0.2860
vn 0.2397 -0.7631 -0.6002
vn 0.2039 0.3186 -0.9257
vn 0.3954 0.3000 -0.8681
vn 0.3207 0.1367 -0.9373
vn 0.2004 0.1315 -0.9709
vn 0.5274 0.2765 -0.8034
vn 0.4362 0.0584 -0.8980
vn 0.6134 0.0513 -0.7881
vn 0.5273 -0.1700 -0.8325
vn 0.3954 -0.1849 -0.8997
vn 0.3208 -0.0140 -0.9471
vn 0.2039 -0.1959 -0.9592
vn 0.2004 -0.0045 -0.9797
vn 0.2027 0.9657 -0.1622
vn 0.3932 0.9067 -0.1530
vn 0.4612 0.7612 -0.4559
vn 0.2397 0.8344 -0.4962
vn 0.5291 0.8366 -0.1416
vn 0.5957 0.6876 -0.4151
vn 0.6033 0.7863 -0.1333
vn 0.7218 0.5946 -0.3542
vn 0.6982 0.4754 -0.5352
vn 0.5980 0.5310 -0.6003
vn 0.6019 0.2682 -0.7522
vn 0.5301 0.2841 -0.7989
vn 0.3983 0.3066 -0.8645
vn 0.4628 0.5829 -0.6678
vn 0.2048 0.3258 -0.9230
vn 0.2410 0.6324 -0.7362
vn 0.2047 0.2034 0.9575
vn 0.3983 0.1920 0.8970
vn 0.4628 0.4914 0.7378
vn 0.2410 0.5316 0.8120
vn 0.5301 0.1782 0.8290
vn 0.5980 0.4487 0.6641
vn 0.6019 0.1684 0.7806
vn 0.6992 0.4013 0.5918
vn 0.7231 0.5423 0.4278
vn 0.5957 0.6280 0.5008
vn 0.6032 0.7624 0.2342
vn 0.5291 0.8112 0.2489
vn 0.3932 0.8792 0.2692
vn 0.4612 0.6957 0.5507
vn 0.2028 0.9365 0.2860
vn 0.2397 0.7631 0.6002
vn 0.2039 -0.3186 0.9257
vn 0.3954 -0.3000 0.8681
vn 0.3207 -0.1367 0.9373
vn 0.2004 -0.1314 0.9709
vn 0.5274 -0.2765 0.8034
vn 0.4361 -0.0585 0.8980
vn 0.6134 -0.0513 0.7881
vn 0.5274 0.1700 0.8324
vn 0.3954 0.1849 0.8997
vn 0.3207 0.0140 0.9471
vn 0.2039 0.1959 0.9592
vn 0.2004 0.0045 0.9797
vn 0.2027 -0.9657 0.1622
vn 0.3932 -0.9067 0.1530
vn 0.4612 -0.7612 0.4559
vn 0.2397 -0.8344 0.4962
vn 0.5291 -0.8366 0.1416
vn 0.5957 -0.6876 0.4151
vn 0.6032 -0.7863 0.1334
vn 0.7223 -0.5943 0.3538
vn 0.6992 -0.4745 0.5348
vn 0.5980 -0.5310 0.6004
vn 0.6019 -0.2682 0.7522
vn 0.5301 -0.2842 0.7989
vn 0.3983 -0.3066 0.8645
vn 0.4629 -0.5829 0.6678
vn 0.2047 -0.3258 0.9230
vn 0.2410 -0.6324 0.7362
vn 0.8048 -0.1235 -0.5805
vn 0.8733 -0.1012 -0.4766
vn 0.8580 -0.2717 -0.4359
vn 0.7702 -0.3435 -0.5374
vn 0.9212 -0.0807 -0.3806
vn 0.9214 -0.2649 -0.2845
vn 0.9774 -0.1440 -0.1549
vn 0.9204 -0.3741 -0.1132
vn 0.8720 -0.4684 -0.1420
vn 0.8562 -0.4165 -0.3057
vn 0.8048 -0.5680 -0.1724
vn 0.7903 -0.4914 -0.3660
vn 0.8048 0.5856 -0.0973
vn 0.8720 0.4829 -0.0801
vn 0.8562 0.4526 -0.2491
vn 0.7906 0.5343 -0.2990
vn 0.9204 0.3856 -0.0637
vn 0.9214 0.2995 -0.2477
vn 0.9774 0.1629 -0.1349
vn 0.9212 0.1293 -0.3669
vn 0.8732 0.1621 -0.4595
vn 0.8580 0.3259 -0.3969
vn 0.8048 0.1977 -0.5596
vn 0.7702 0.4102 -0.4885
vn 0.8048 0.1235 0.5805
vn 0.8732 0.1012 0.4767
vn 0.8580 0.2717 0.4359
vn 0.7710 0.3429 0.5366
vn 0.9212 0.0807 0.3806
vn 0.9214 0.2649 0.2845
vn 0.9774 0.1440 0.1549
vn 0.9204 0.3741 0.1132
vn 0.8720 0.4684 0.1420
vn 0.8562 0.4165 0.3057
vn 0.8048 0.5680 0.1724
vn 0.7921 0.4898 0.3644
vn 0.8048 -0.5856 0.0973
vn 0.8720 -0.4829 0.0801
vn 0.8562 -0.4526 0.2491
vn 0.7912 -0.5341 0.2979
vn 0.9204 -0.3856 0.0637
vn 0.9214 -0.2995 0.2477
vn 0.9774 -0.1629 0.1349
vn 0.9212 -0.1293 0.3669
vn 0.8732 -0.1621 0.4595
vn 0.8580 -0.3260 0.3970
vn 0.8048 -0.1977 0.5596
vn 0.7710 -0.4094 0.4878
vn 0.1696 -0.9834 -0.0640
vn -0.1032 -0.9926 -0.0646
vn -0.6364 -0.7611 0.1254
vn -0.9621 -0.2691 0.0443
vn -0.9572 -0.0946 0.2735
vn -0.9572 0.0584 0.2834
vn -0.9621 0.2611 0.0788
vn -0.6364 0.7384 0.2230
vn -0.1032 0.9926 0.0646
vn 0.1696 0.9834 0.0640
vn -0.9621 0.2691 -0.0443
vn -0.6364 0.7611 -0.1254
vn -0.9572 0.0946 -0.2735
vn -0.9572 -0.0584 -0.2834
vn -0.9621 -0.2611 -0.0788
vn -0.6364 -0.7384 -0.2231
vn 0.2072 -0.9762 -0.0635
vn 0.4002 -0.9145 -0.0595
vn 0.5374 -0.8415 -0.0548
vn 0.6118 -0.7893 -0.0514
vn 0.2072 0.9762 0.0636
vn 0.4002 0.9145 0.0595
vn 0.5374 0.8415 0.0548
vn 0.6119 0.7893 0.0514
vn 0.8120 -0.5824 -0.0379
vn 0.8775 -0.4786 -0.0312
vn 0.9241 -0.3815 -0.0248
vn 0.9857 -0.1611 -0.0484
vn 0.8151 0.0376 -0.5781
vn 0.8809 0.0307 -0.4724
vn 0.9263 0.0245 -0.3760
vn 0.9859 -0.0344 -0.1639
vn 0.9859 0.0554 -0.1580
vn 0.8120 0.5825 0.0379
vn 0.8775 0.4786 0.0312
vn 0.9241 0.3815 0.0248
vn 0.9857 0.1660 -0.0271
vn 0.9857 0.1611 0.0484
vn 0.8151 -0.0376 0.5781
vn 0.8809 -0.0307 0.4724
vn 0.9263 -0.0245 0.3760
vn 0.9859 0.0344 0.1639
vn 0.9859 -0.0554 0.1580
vn 0.9857 -0.1660 0.0271
vn -1.0000 -0.0000 -0.0000
vn 1.0000 -0.0000 -0.0000
vt 0.978316 0.602555
vt 0.978224 0.601518
vt 0.979052 0.601347
vt 0.979180 0.602336
vt 0.978091 0.600771
vt 0.978928 0.600639
vt 0.253165 0.575822
vt 0.251315 0.575560
vt 0.252536 0.573885
vt 0.253372 0.574017
vt 0.373786 0.623052
vt 0.372714 0.623175
vt 0.372335 0.621317
vt 0.372815 0.621558
vt 0.371766 0.623156
vt 0.371411 0.621279
vt 0.980145 0.601944
vt 0.980097 0.601052
vt 0.980678 0.649446
vt 0.980678 0.648343
vt 0.981556 0.648160
vt 0.981561 0.649043
vt 0.980678 0.646958
vt 0.981556 0.647199
vt 0.980677 0.645854
vt 0.981561 0.646257
vt 0.982587 0.646710
vt 0.982627 0.647855
vt 0.324477 0.621199
vt 0.323184 0.619784
vt 0.323845 0.619425
vt 0.325016 0.619359
vt 0.982587 0.648591
vt 0.424019 0.695467
vt 0.423812 0.693662
vt 0.424648 0.693530
vt 0.425869 0.695205
vt 0.978091 0.694529
vt 0.978224 0.693782
vt 0.979052 0.693953
vt 0.978927 0.694661
vt 0.978316 0.692745
vt 0.979179 0.692964
vt 0.980145 0.693356
vt 0.980097 0.694248
vt 0.282863 0.643746
vt 0.282020 0.644181
vt 0.281543 0.642346
vt 0.282356 0.641905
vt 0.281003 0.644542
vt 0.281218 0.642773
vt 0.047970 0.845891
vt 0.047878 0.844855
vt 0.048706 0.844683
vt 0.048833 0.845673
vt 0.047745 0.844107
vt 0.048581 0.843975
vt 0.424019 0.794195
vt 0.425869 0.794457
vt 0.424648 0.796132
vt 0.423812 0.796000
vt 0.303398 0.741235
vt 0.304470 0.741112
vt 0.304849 0.742970
vt 0.304369 0.742729
vt 0.305418 0.741131
vt 0.305773 0.743008
vt 0.049799 0.845280
vt 0.049751 0.844389
vt 0.050331 0.892782
vt 0.050332 0.891679
vt 0.051210 0.891438
vt 0.051215 0.892380
vt 0.050332 0.890294
vt 0.051210 0.890476
vt 0.050331 0.889191
vt 0.051215 0.889593
vt 0.052241 0.890046
vt 0.052280 0.890782
vt 0.352707 0.743089
vt 0.354001 0.744504
vt 0.352920 0.744959
vt 0.352168 0.744928
vt 0.052241 0.891927
vt 0.253165 0.674550
vt 0.253372 0.676355
vt 0.252536 0.676487
vt 0.251315 0.674812
vt 0.047745 0.937866
vt 0.047878 0.937118
vt 0.048706 0.937289
vt 0.048581 0.937998
vt 0.047970 0.936082
vt 0.048833 0.936300
vt 0.049799 0.936693
vt 0.049751 0.937584
vt 0.394321 0.720541
vt 0.395164 0.720106
vt 0.395641 0.721942
vt 0.394828 0.722382
vt 0.396181 0.719745
vt 0.395966 0.721514
vt 0.968416 0.604117
vt 0.967301 0.604503
vt 0.967013 0.603391
vt 0.968244 0.603123
vt 0.965994 0.605053
vt 0.965736 0.603959
vt 0.965065 0.605593
vt 0.964650 0.604693
vt 0.964356 0.604088
vt 0.965437 0.603330
vt 0.266432 0.578898
vt 0.265495 0.578358
vt 0.266026 0.576576
vt 0.267105 0.577334
vt 0.264183 0.577795
vt 0.264365 0.576666
vt 0.263063 0.577384
vt 0.263357 0.575592
vt 0.968108 0.602346
vt 0.966636 0.602468
vt 0.970702 0.649446
vt 0.969591 0.648958
vt 0.969675 0.648119
vt 0.970702 0.648343
vt 0.968223 0.648240
vt 0.968714 0.647575
vt 0.967359 0.647650
vt 0.968287 0.647009
vt 0.969591 0.646343
vt 0.969675 0.647181
vt 0.970702 0.645854
vt 0.970702 0.646957
vt 0.414121 0.697029
vt 0.413001 0.697441
vt 0.412696 0.696306
vt 0.413827 0.695237
vt 0.411689 0.698003
vt 0.411448 0.696872
vt 0.410752 0.698543
vt 0.410079 0.696979
vt 0.964356 0.691212
vt 0.964650 0.690608
vt 0.965736 0.691342
vt 0.965322 0.692245
vt 0.965065 0.689707
vt 0.965994 0.690247
vt 0.967301 0.690797
vt 0.967106 0.691905
vt 0.968416 0.691183
vt 0.968244 0.692177
vt 0.968108 0.692954
vt 0.966939 0.692859
vt 0.411053 0.695935
vt 0.412062 0.695384
vt 0.038070 0.847453
vt 0.036955 0.847839
vt 0.036760 0.846732
vt 0.037898 0.846459
vt 0.035648 0.848389
vt 0.035438 0.847258
vt 0.034719 0.848929
vt 0.034304 0.848029
vt 0.034010 0.847424
vt 0.035192 0.846281
vt 0.410752 0.791119
vt 0.411689 0.791659
vt 0.411448 0.792790
vt 0.410079 0.792684
vt 0.413001 0.792222
vt 0.412671 0.794243
vt 0.414121 0.792633
vt 0.413827 0.794425
vt 0.037762 0.845683
vt 0.036606 0.845865
vt 0.040356 0.892782
vt 0.039245 0.892294
vt 0.039329 0.891456
vt 0.040356 0.891679
vt 0.037877 0.891576
vt 0.038368 0.890912
vt 0.037013 0.890987
vt 0.037941 0.890346
vt 0.039245 0.889679
vt 0.039329 0.890517
vt 0.040356 0.889191
vt 0.040356 0.890294
vt 0.263063 0.672988
vt 0.264183 0.672577
vt 0.264365 0.673706
vt 0.263357 0.674780
vt 0.265495 0.672014
vt 0.265672 0.673185
vt 0.266432 0.671474
vt 0.267105 0.673038
vt 0.034010 0.934549
vt 0.034304 0.933944
vt 0.035390 0.934678
vt 0.034976 0.935582
vt 0.034719 0.933044
vt 0.035648 0.933584
vt 0.036955 0.934134
vt 0.036760 0.935241
vt 0.038070 0.934520
vt 0.037898 0.935514
vt 0.037762 0.936290
vt 0.036593 0.936195
vt 0.265701 0.674265
vt 0.264520 0.674677
vt 0.965029 0.605618
vt 0.964111 0.605777
vt 0.963916 0.604995
vt 0.964625 0.604710
vt 0.963474 0.605865
vt 0.963430 0.605069
vt 0.431456 0.474116
vt 0.429766 0.473337
vt 0.430596 0.472293
vt 0.431421 0.472256
vt 0.267997 0.579110
vt 0.267355 0.579033
vt 0.267751 0.577787
vt 0.268224 0.577873
vt 0.266432 0.578898
vt 0.267117 0.577342
vt 0.964344 0.604096
vt 0.963709 0.604541
vt 0.410752 0.698543
vt 0.409829 0.698678
vt 0.409635 0.697886
vt 0.410067 0.696987
vt 0.409187 0.698755
vt 0.409151 0.697950
vt 0.512029 0.492623
vt 0.512872 0.490964
vt 0.513889 0.491833
vt 0.513889 0.492660
vt 0.963474 0.689436
vt 0.964111 0.689523
vt 0.963916 0.690305
vt 0.963242 0.690660
vt 0.965029 0.689682
vt 0.964625 0.690590
vt 0.964344 0.691204
vt 0.963649 0.690906
vt 0.409369 0.697272
vt 0.034683 0.848955
vt 0.033765 0.849113
vt 0.033569 0.848331
vt 0.034279 0.848047
vt 0.033127 0.849201
vt 0.033084 0.848405
vt 0.491570 0.581693
vt 0.493259 0.582473
vt 0.492430 0.583517
vt 0.491604 0.583554
vt 0.409187 0.790907
vt 0.409829 0.790985
vt 0.409433 0.792230
vt 0.408960 0.792144
vt 0.410752 0.791119
vt 0.410067 0.792675
vt 0.033998 0.847432
vt 0.033363 0.847878
vt 0.267355 0.671339
vt 0.267549 0.672131
vt 0.267117 0.673030
vt 0.267997 0.671262
vt 0.268033 0.672068
vt 0.410997 0.563186
vt 0.410154 0.564845
vt 0.409137 0.563977
vt 0.409137 0.563150
vt 0.033127 0.932772
vt 0.033765 0.932860
vt 0.033569 0.933642
vt 0.032896 0.933996
vt 0.034683 0.933018
vt 0.034279 0.933926
vt 0.033998 0.934541
vt 0.033303 0.934242
vt 0.267815 0.672745
vt 0.250942 0.625186
vt 0.249084 0.625186
vt 0.396160 0.668810
vt 0.395204 0.669032
vt 0.394321 0.669236
vt 0.282863 0.695051
vt 0.281980 0.695255
vt 0.281024 0.695477
vt 0.428100 0.744831
vt 0.426242 0.744831
vt 0.260918 0.625186
vt 0.262059 0.625186
vt 0.263389 0.625186
vt 0.264347 0.625186
vt 0.416265 0.744831
vt 0.415125 0.744831
vt 0.413795 0.744831
vt 0.412837 0.744831
vt 0.264373 0.625186
vt 0.265303 0.625186
vt 0.265946 0.625186
vt 0.409175 0.515883
vt 0.410997 0.516302
vt 0.967350 0.647650
vt 0.966411 0.647650
vt 0.965761 0.647650
vt 0.474734 0.470346
vt 0.474314 0.472173
vt 0.412811 0.744831
vt 0.411881 0.744831
vt 0.411238 0.744831
vt 0.513851 0.539927
vt 0.512029 0.539508
vt 0.037004 0.890987
vt 0.036065 0.890987
vt 0.035414 0.890987
vt 0.448292 0.585463
vt 0.448712 0.583637
s 1
usemtl 05_|_machined_impact_faces
f 6131/7855/6201 6134/7856/6202 6136/7857/6203 6135/7858/6204
f 6134/7856/6202 6138/7859/6205 6139/7860/6206 6136/7857/6203
f 6132/7861/6207 6137/7862/6208 6139/7863/6206 6138/7864/6205
s 0
f 6137/7865/6209 6141/7866/6209 6142/7867/6209 6139/7868/6209
f 6133/7869/6210 6140/7870/6210 6142/7867/6210 6141/7866/6210
s 1
f 6140/7871/6211 6135/7858/6204 6136/7857/6203 6142/7872/6212
f 6136/7857/6203 6139/7860/6206 6142/7872/6212
f 6143/7873/6213 6146/7874/6214 6148/7875/6215 6147/7876/6216
f 6146/7874/6214 6150/7877/6217 6151/7878/6218 6148/7875/6215
f 6144/7879/6219 6149/7880/6220 6151/7878/6218 6150/7877/6217
f 6149/7880/6220 6153/7881/6221 6154/7882/6222 6151/7878/6218
s 0
f 6145/7883/6223 6152/7884/6223 6154/7885/6223 6153/7886/6223
s 1
f 6152/7887/6224 6147/7876/6216 6148/7875/6215 6154/7882/6222
f 6148/7875/6215 6151/7878/6218 6154/7882/6222
f 6155/7888/6225 6158/7889/6226 6160/7890/6227 6159/7891/6228
f 6158/7892/6226 6162/7893/6229 6163/7894/6230 6160/7895/6227
f 6156/7896/6231 6161/7897/6232 6163/7894/6230 6162/7893/6229
f 6161/7897/6232 6165/7898/6233 6166/7899/6234 6163/7894/6230
s 0
f 6157/7900/6235 6164/7901/6235 6166/7902/6235 6165/7903/6235
f 6164/7901/6236 6159/7904/6236 6160/7905/6236 6166/7902/6236
s 1
f 6160/7895/6227 6163/7894/6230 6166/7899/6234
f 6171/7906/6237 6174/7907/6238 6176/7908/6239 6175/7909/6240
f 6174/7907/6238 6178/7910/6241 6179/7911/6242 6176/7908/6239
f 6172/7912/6243 6177/7913/6244 6179/7914/6242 6178/7915/6241
s 0
f 6177/7916/6245 6181/7917/6245 6182/7918/6245 6179/7919/6245
f 6173/7920/6246 6180/7921/6246 6182/7918/6246 6181/7917/6246
s 1
f 6180/7922/6247 6175/7909/6240 6176/7908/6239 6182/7923/6248
f 6176/7908/6239 6179/7911/6242 6182/7923/6248
f 6183/7924/6249 6186/7925/6250 6188/7926/6251 6187/7927/6252
f 6186/7925/6250 6190/7928/6253 6191/7929/6254 6188/7926/6251
f 6184/7930/6255 6189/7931/6256 6191/7929/6254 6190/7928/6253
f 6189/7931/6256 6193/7932/6257 6194/7933/6258 6191/7929/6254
s 0
f 6185/7934/6259 6192/7935/6259 6194/7936/6259 6193/7937/6259
s 1
f 6192/7938/6260 6187/7927/6252 6188/7926/6251 6194/7933/6258
f 6188/7926/6251 6191/7929/6254 6194/7933/6258
f 6195/7939/6261 6198/7940/6262 6200/7941/6263 6199/7942/6264
f 6198/7943/6262 6202/7944/6265 6203/7945/6266 6200/7946/6263
f 6196/7947/6267 6201/7948/6268 6203/7945/6266 6202/7944/6265
f 6201/7948/6268 6205/7949/6269 6206/7950/6270 6203/7945/6266
s 0
f 6197/7951/6271 6204/7952/6271 6206/7953/6271 6205/7954/6271
f 6204/7952/6272 6199/7955/6272 6200/7956/6272 6206/7953/6272
s 1
f 6200/7946/6263 6203/7945/6266 6206/7950/6270
f 6211/7957/6273 6215/7958/6274 6217/7959/6275 6216/7960/6276
f 6215/7958/6274 6219/7961/6277 6220/7962/6278 6217/7959/6275
f 6212/7963/6279 6218/7964/6280 6220/7962/6278 6219/7961/6277
f 6218/7964/6280 6222/7965/6281 6223/7966/6282 6220/7962/6278
f 6213/7967/6283 6221/7968/6284 6223/7969/6282 6222/7970/6281
f 6221/7968/6284 6225/7971/6285 6226/7972/6286 6223/7969/6282
f 6214/7973/6287 6224/7974/6288 6226/7972/6286 6225/7971/6285
f 6224/7975/6288 6216/7960/6276 6217/7959/6275 6226/7976/6286
f 6217/7959/6275 6220/7962/6278 6223/7966/6282 6226/7976/6286
f 6227/7977/6289 6230/7978/6290 6232/7979/6291 6231/7980/6292
f 6230/7978/6290 6234/7981/6293 6235/7982/6294 6232/7979/6291
f 6228/7983/6295 6233/7984/6296 6235/7982/6294 6234/7981/6293
f 6233/7984/6296 6237/7985/6297 6238/7986/6298 6235/7982/6294
f 6229/7987/6299 6236/7988/6300 6238/7986/6298 6237/7985/6297
f 6236/7988/6300 6231/7980/6292 6232/7979/6291 6238/7986/6298
f 6232/7979/6291 6235/7982/6294 6238/7986/6298
f 6239/7989/6301 6243/7990/6302 6245/7991/6303 6244/7992/6304
f 6243/7990/6302 6247/7993/6305 6248/7994/6306 6245/7991/6303
f 6240/7995/6307 6246/7996/6308 6248/7994/6306 6247/7993/6305
f 6246/7997/6308 6250/7998/6309 6251/7999/6310 6248/8000/6306
f 6241/8001/6311 6249/8002/6312 6251/7999/6310 6250/7998/6309
f 6249/8002/6312 6253/8003/6313 6254/8004/6314 6251/7999/6310
f 6242/8005/6315 6252/8006/6316 6254/8004/6314 6253/8003/6313
f 6252/8006/6316 6244/8007/6304 6245/8008/6303 6254/8004/6314
f 6245/7991/6303 6248/7994/6306 6251/8009/6310 6254/8010/6314
f 6259/8011/6317 6263/8012/6318 6265/8013/6319 6264/8014/6320
f 6263/8012/6318 6267/8015/6321 6268/8016/6322 6265/8013/6319
f 6260/8017/6323 6266/8018/6324 6268/8016/6322 6267/8015/6321
f 6266/8018/6324 6270/8019/6325 6271/8020/6326 6268/8016/6322
f 6261/8021/6327 6269/8022/6328 6271/8023/6326 6270/8024/6325
f 6269/8022/6328 6273/8025/6329 6274/8026/6330 6271/8023/6326
f 6262/8027/6331 6272/8028/6332 6274/8026/6330 6273/8025/6329
f 6272/8029/6332 6264/8014/6320 6265/8013/6319 6274/8030/6330
f 6265/8013/6319 6268/8016/6322 6271/8020/6326 6274/8030/6330
f 6275/8031/6333 6278/8032/6334 6280/8033/6335 6279/8034/6336
f 6278/8032/6334 6282/8035/6337 6283/8036/6338 6280/8033/6335
f 6276/8037/6339 6281/8038/6340 6283/8036/6338 6282/8035/6337
f 6281/8038/6340 6285/8039/6341 6286/8040/6342 6283/8036/6338
f 6277/8041/6343 6284/8042/6344 6286/8040/6342 6285/8039/6341
f 6284/8042/6344 6279/8034/6336 6280/8033/6335 6286/8040/6342
f 6280/8033/6335 6283/8036/6338 6286/8040/6342
f 6287/8043/6345 6291/8044/6346 6293/8045/6347 6292/8046/6348
f 6291/8044/6346 6295/8047/6349 6296/8048/6350 6293/8045/6347
f 6288/8049/6351 6294/8050/6352 6296/8048/6350 6295/8047/6349
f 6294/8051/6352 6298/8052/6353 6299/8053/6354 6296/8054/6350
f 6289/8055/6355 6297/8056/6356 6299/8053/6354 6298/8052/6353
f 6297/8056/6356 6301/8057/6357 6302/8058/6358 6299/8053/6354
f 6290/8059/6359 6300/8060/6360 6302/8058/6358 6301/8057/6357
f 6300/8060/6360 6292/8061/6348 6293/8062/6347 6302/8058/6358
f 6293/8045/6347 6296/8048/6350 6299/8063/6354 6302/8064/6358
f 6307/8065/6361 6310/8066/6362 6312/8067/6363 6311/8068/6364
f 6310/8066/6362 6314/8069/6365 6315/8070/6366 6312/8067/6363
s 0
f 6308/8071/6367 6313/8072/6367 6315/8073/6367 6314/8074/6367
s 1
f 6313/8075/6368 6317/8076/6369 6318/8077/6370 6315/8078/6366
f 6309/8079/6371 6316/8080/6372 6318/8077/6370 6317/8076/6369
f 6316/8081/6372 6311/8068/6364 6312/8067/6363 6318/8082/6370
f 6312/8067/6363 6315/8070/6366 6318/8082/6370
f 6323/8083/6373 6326/8084/6374 6328/8085/6375 6327/8086/6376
f 6326/8084/6374 6330/8087/6377 6331/8088/6378 6328/8085/6375
s 0
f 6324/8089/6379 6329/8090/6379 6331/8091/6379 6330/8092/6379
s 1
f 6329/8093/6380 6333/8094/6381 6334/8095/6382 6331/8096/6378
f 6325/8097/6383 6332/8098/6384 6334/8095/6382 6333/8094/6381
f 6332/8098/6384 6327/8099/6376 6328/8100/6375 6334/8095/6382
f 6328/8085/6375 6331/8088/6378 6334/8101/6382
f 6339/8102/6385 6342/8103/6386 6344/8104/6387 6343/8105/6388
f 6342/8103/6386 6346/8106/6389 6347/8107/6390 6344/8104/6387
s 0
f 6340/8108/6391 6345/8109/6391 6347/8110/6391 6346/8111/6391
s 1
f 6345/8112/6392 6349/8113/6393 6350/8114/6394 6347/8115/6390
f 6341/8116/6395 6348/8117/6396 6350/8114/6394 6349/8113/6393
f 6348/8118/6396 6343/8105/6388 6344/8104/6387 6350/8119/6394
f 6344/8104/6387 6347/8107/6390 6350/8119/6394
f 6355/8049/6397 6358/8120/6398 6360/8121/6399 6359/8122/6400
f 6358/8120/6398 6362/8123/6401 6363/8124/6402 6360/8121/6399
s 0
f 6356/8125/6403 6361/8126/6403 6363/8127/6403 6362/8128/6403
s 1
f 6361/8129/6404 6365/8130/6405 6366/8131/6406 6363/8132/6402
f 6357/8133/6407 6364/8134/6408 6366/8131/6406 6365/8130/6405
f 6364/8134/6408 6359/8135/6400 6360/8136/6399 6366/8131/6406
f 6360/8121/6399 6363/8124/6402 6366/8137/6406
f 6128/8138/6409 6195/7939/6261 6199/7942/6264 6130/8139/6410
s 0
f 6130/8140/6411 6199/7955/6411 6204/7952/6411 6129/8141/6411
f 6129/8141/6412 6204/7952/6412 6197/7951/6412 6127/8142/6412
f 6185/7934/6413 6197/7951/6413 6205/7954/6413 6192/7935/6413
s 1
f 6192/7938/6260 6205/7949/6269 6201/7948/6268 6187/7927/6252
f 6187/7927/6252 6201/7948/6268 6196/7947/6267 6183/7924/6249
s 0
f 6173/7920/6414 6185/7934/6414 6193/7937/6414 6180/7921/6414
s 1
f 6180/7922/6247 6193/7932/6257 6189/7931/6256 6175/7909/6240
f 6175/7909/6240 6189/7931/6256 6184/7930/6255 6171/7906/6237
s 0
f 6168/8143/6415 6173/7920/6415 6181/7917/6415 6170/8144/6415
f 6170/8144/6416 6181/7917/6416 6177/7916/6416 6169/8145/6416
s 1
f 6169/8146/6417 6177/7913/6244 6172/7912/6243 6167/8147/6418
s 0
f 6157/7900/6419 6168/8143/6419 6170/8144/6419 6164/7901/6419
f 6164/7901/6420 6170/8144/6420 6169/8145/6420 6159/7904/6420
s 1
f 6159/7891/6228 6169/8146/6417 6167/8147/6418 6155/7888/6225
s 0
f 6145/7883/6421 6157/7900/6421 6165/7903/6421 6152/7884/6421
s 1
f 6152/7887/6224 6165/7898/6233 6161/7897/6232 6147/7876/6216
f 6147/7876/6216 6161/7897/6232 6156/7896/6231 6143/7873/6213
s 0
f 6133/7869/6422 6145/7883/6422 6153/7886/6422 6140/7870/6422
s 1
f 6140/7871/6211 6153/7881/6221 6149/7880/6220 6135/7858/6204
f 6135/7858/6204 6149/7880/6220 6144/7879/6219 6131/7855/6201
s 0
f 6127/8142/6423 6133/7869/6423 6141/7866/6423 6129/8141/6423
f 6129/8141/6424 6141/7866/6424 6137/7865/6424 6130/8140/6424
s 1
f 6130/8139/6410 6137/7862/6208 6132/7861/6207 6128/8138/6409
f 6131/7855/6201 6211/7957/6273 6216/7960/6276 6134/7856/6202
f 6134/7856/6202 6216/7960/6276 6224/7975/6288 6138/7859/6205
f 6138/7864/6205 6224/7974/6288 6214/7973/6287 6132/7861/6207
f 6208/8148/6425 6214/7973/6287 6225/7971/6285 6210/8149/6426
f 6210/8149/6426 6225/7971/6285 6221/7968/6284 6209/8150/6427
f 6209/8150/6427 6221/7968/6284 6213/7967/6283 6207/8151/6428
f 6143/7873/6213 6227/7977/6289 6231/7980/6292 6146/7874/6214
f 6146/7874/6214 6231/7980/6292 6236/7988/6300 6150/7877/6217
f 6150/7877/6217 6236/7988/6300 6229/7987/6299 6144/7879/6219
f 6211/7957/6273 6229/7987/6299 6237/7985/6297 6215/7958/6274
f 6215/7958/6274 6237/7985/6297 6233/7984/6296 6219/7961/6277
f 6219/7961/6277 6233/7984/6296 6228/7983/6295 6212/7963/6279
f 6155/7888/6225 6239/7989/6301 6244/7992/6304 6158/7889/6226
f 6158/7892/6226 6244/8007/6304 6252/8006/6316 6162/7893/6229
f 6162/7893/6229 6252/8006/6316 6242/8005/6315 6156/7896/6231
f 6227/7977/6289 6242/8005/6315 6253/8003/6313 6230/7978/6290
f 6230/7978/6290 6253/8003/6313 6249/8002/6312 6234/7981/6293
f 6234/7981/6293 6249/8002/6312 6241/8001/6311 6228/7983/6295
f 6239/7989/6301 6255/8152/6429 6257/8153/6430 6243/7990/6302
f 6243/7990/6302 6257/8153/6430 6258/8154/6431 6247/7993/6305
f 6247/7993/6305 6258/8154/6431 6256/8155/6432 6240/7995/6307
f 6171/7906/6237 6259/8011/6317 6264/8014/6320 6174/7907/6238
f 6174/7907/6238 6264/8014/6320 6272/8029/6332 6178/7910/6241
f 6178/7915/6241 6272/8028/6332 6262/8027/6331 6172/7912/6243
f 6255/8152/6429 6262/8027/6331 6273/8025/6329 6257/8153/6430
f 6257/8153/6430 6273/8025/6329 6269/8022/6328 6258/8154/6431
f 6258/8154/6431 6269/8022/6328 6261/8021/6327 6256/8155/6432
f 6183/7924/6249 6275/8031/6333 6279/8034/6336 6186/7925/6250
f 6186/7925/6250 6279/8034/6336 6284/8042/6344 6190/7928/6253
f 6190/7928/6253 6284/8042/6344 6277/8041/6343 6184/7930/6255
f 6259/8011/6317 6277/8041/6343 6285/8039/6341 6263/8012/6318
f 6263/8012/6318 6285/8039/6341 6281/8038/6340 6267/8015/6321
f 6267/8015/6321 6281/8038/6340 6276/8037/6339 6260/8017/6323
f 6195/7939/6261 6287/8043/6345 6292/8046/6348 6198/7940/6262
f 6198/7943/6262 6292/8061/6348 6300/8060/6360 6202/7944/6265
f 6202/7944/6265 6300/8060/6360 6290/8059/6359 6196/7947/6267
f 6275/8031/6333 6290/8059/6359 6301/8057/6357 6278/8032/6334
f 6278/8032/6334 6301/8057/6357 6297/8056/6356 6282/8035/6337
f 6282/8035/6337 6297/8056/6356 6289/8055/6355 6276/8037/6339
f 6207/8151/6428 6288/8049/6351 6295/8047/6349 6209/8150/6427
f 6209/8150/6427 6295/8047/6349 6291/8044/6346 6210/8149/6426
f 6210/8149/6426 6291/8044/6346 6287/8043/6345 6208/8148/6425
f 6212/7963/6279 6307/8065/6361 6311/8068/6364 6218/7964/6280
f 6218/7964/6280 6311/8068/6364 6316/8081/6372 6222/7965/6281
f 6222/7970/6281 6316/8080/6372 6309/8079/6371 6213/7967/6283
f 6304/8156/6433 6309/8079/6371 6317/8076/6369 6306/8157/6434
f 6306/8157/6434 6317/8076/6369 6313/8075/6368 6305/8158/6435
s 0
f 6305/8159/6436 6313/8072/6436 6308/8071/6436 6303/8160/6436
s 1
f 6307/8065/6361 6320/8161/6437 6322/8162/6438 6310/8066/6362
f 6310/8066/6362 6322/8162/6438 6321/8163/6439 6314/8069/6365
s 0
f 6314/8074/6440 6321/8164/6440 6319/8165/6440 6308/8071/6440
s 1
f 6240/7995/6307 6323/8083/6373 6327/8086/6376 6246/7996/6308
f 6246/7997/6308 6327/8099/6376 6332/8098/6384 6250/7998/6309
f 6250/7998/6309 6332/8098/6384 6325/8097/6383 6241/8001/6311
f 6320/8161/6437 6325/8097/6383 6333/8094/6381 6322/8162/6438
f 6322/8162/6438 6333/8094/6381 6329/8093/6380 6321/8163/6439
s 0
f 6321/8164/6441 6329/8090/6441 6324/8089/6441 6319/8165/6441
s 1
f 6323/8083/6373 6336/8166/6442 6338/8167/6443 6326/8084/6374
f 6326/8084/6374 6338/8167/6443 6337/8168/6444 6330/8087/6377
s 0
f 6330/8092/6445 6337/8169/6445 6335/8170/6445 6324/8089/6445
s 1
f 6260/8017/6323 6339/8102/6385 6343/8105/6388 6266/8018/6324
f 6266/8018/6324 6343/8105/6388 6348/8118/6396 6270/8019/6325
f 6270/8024/6325 6348/8117/6396 6341/8116/6395 6261/8021/6327
f 6336/8166/6442 6341/8116/6395 6349/8113/6393 6338/8167/6443
f 6338/8167/6443 6349/8113/6393 6345/8112/6392 6337/8168/6444
s 0
f 6337/8169/6446 6345/8109/6446 6340/8108/6446 6335/8170/6446
s 1
f 6339/8102/6385 6352/8171/6447 6354/8172/6448 6342/8103/6386
f 6342/8103/6386 6354/8172/6448 6353/8173/6449 6346/8106/6389
s 0
f 6346/8111/6450 6353/8174/6450 6351/8175/6450 6340/8108/6450
s 1
f 6288/8049/6351 6355/8049/6397 6359/8122/6400 6294/8050/6352
f 6294/8051/6352 6359/8135/6400 6364/8134/6408 6298/8052/6353
f 6298/8052/6353 6364/8134/6408 6357/8133/6407 6289/8055/6355
f 6352/8171/6447 6357/8133/6407 6365/8130/6405 6354/8172/6448
f 6354/8172/6448 6365/8130/6405 6361/8129/6404 6353/8173/6449
s 0
f 6353/8174/6451 6361/8126/6451 6356/8125/6451 6351/8175/6451
f 6303/8160/6452 6356/8125/6452 6362/8128/6452 6305/8159/6452
s 1
f 6305/8158/6435 6362/8123/6401 6358/8120/6398 6306/8157/6434
f 6306/8157/6434 6358/8120/6398 6355/8049/6397 6304/8156/6433
f 6195/7939/6261 6128/8138/6409 6208/8148/6425 6287/8043/6345
s 0
f 6197/7951/6453 6185/7934/6453 6173/7920/6453 6168/8143/6453 6157/7900/6453 6145/7883/6453 6133/7869/6453 6127/8142/6453
s 1
f 6128/8138/6409 6132/7861/6207 6214/7973/6287 6208/8148/6425
f 6131/7855/6201 6144/7879/6219 6229/7987/6299 6211/7957/6273
f 6143/7873/6213 6156/7896/6231 6242/8005/6315 6227/7977/6289
f 6155/7888/6225 6167/8147/6418 6255/8152/6429 6239/7989/6301
f 6167/8147/6418 6172/7912/6243 6262/8027/6331 6255/8152/6429
f 6171/7906/6237 6184/7930/6255 6277/8041/6343 6259/8011/6317
f 6183/7924/6249 6196/7947/6267 6290/8059/6359 6275/8031/6333
f 6288/8049/6351 6207/8151/6428 6304/8156/6433 6355/8049/6397
f 6207/8151/6428 6213/7967/6283 6309/8079/6371 6304/8156/6433
f 6212/7963/6279 6228/7983/6295 6320/8161/6437 6307/8065/6361
f 6228/7983/6295 6241/8001/6311 6325/8097/6383 6320/8161/6437
f 6240/7995/6307 6256/8155/6432 6336/8166/6442 6323/8083/6373
f 6256/8155/6432 6261/8021/6327 6341/8116/6395 6336/8166/6442
f 6260/8017/6323 6276/8037/6339 6352/8171/6447 6339/8102/6385
f 6276/8037/6339 6289/8055/6355 6357/8133/6407 6352/8171/6447
s 0
f 6303/8160/6454 6308/8071/6454 6319/8165/6454 6324/8089/6454 6335/8170/6454 6340/8108/6454 6351/8175/6454 6356/8125/6454
