# Blender 5.2.1 LTS
# www.blender.org
mtllib hammer4.mtl
o Shaped_wooden_handle.002
v 0.231985 0.009603 -0.003043
v 0.231694 0.008681 -0.003064
v 0.231290 0.007787 -0.003084
v 0.230777 0.006929 -0.003104
v 0.230161 0.006114 -0.003123
v 0.229446 0.005351 -0.003140
v 0.228641 0.004648 -0.003157
v 0.227752 0.004010 -0.003171
v 0.226789 0.003444 -0.003184
v 0.225760 0.002956 -0.003196
v 0.224676 0.002550 -0.003205
v 0.223547 0.002230 -0.003212
v 0.222384 0.001999 -0.003218
v 0.221198 0.001860 -0.003221
v 0.220000 0.001813 -0.003222
v 0.218802 0.001860 -0.003221
v 0.217616 0.001999 -0.003218
v 0.216453 0.002230 -0.003212
v 0.215324 0.002550 -0.003205
v 0.214240 0.002956 -0.003196
v 0.213211 0.003444 -0.003184
v 0.212248 0.004010 -0.003171
v 0.211359 0.004648 -0.003157
v 0.210554 0.005351 -0.003140
v 0.209839 0.006114 -0.003123
v 0.209223 0.006929 -0.003104
v 0.208710 0.007787 -0.003084
v 0.208306 0.008681 -0.003064
v 0.208015 0.009603 -0.003043
v 0.208015 0.013379 -0.002956
v 0.208306 0.014300 -0.002935
v 0.208710 0.015194 -0.002914
v 0.209223 0.016052 -0.002894
v 0.209839 0.016867 -0.002876
v 0.210554 0.017630 -0.002858
v 0.211359 0.018334 -0.002842
v 0.212248 0.018971 -0.002827
v 0.213211 0.019537 -0.002814
v 0.214240 0.020025 -0.002803
v 0.215324 0.020431 -0.002794
v 0.216453 0.020751 -0.002786
v 0.217616 0.020982 -0.002781
v 0.218802 0.021121 -0.002778
v 0.220000 0.021168 -0.002777
v 0.221198 0.021121 -0.002778
v 0.222384 0.020982 -0.002781
v 0.223547 0.020751 -0.002786
v 0.224676 0.020431 -0.002794
v 0.225760 0.020025 -0.002803
v 0.226789 0.019537 -0.002814
v 0.227752 0.018971 -0.002827
v 0.228641 0.018334 -0.002842
v 0.229446 0.017630 -0.002858
v 0.230161 0.016867 -0.002876
v 0.230777 0.016052 -0.002894
v 0.231290 0.015194 -0.002914
v 0.231694 0.014300 -0.002935
v 0.231985 0.013379 -0.002956
v 0.233000 0.011721 -0.012997
v 0.232937 0.010643 -0.013021
v 0.232750 0.009575 -0.013046
v 0.232440 0.008528 -0.013070
v 0.232010 0.007512 -0.013093
v 0.231465 0.006537 -0.013116
v 0.230809 0.005611 -0.013137
v 0.230049 0.004744 -0.013157
v 0.229192 0.003944 -0.013175
v 0.228247 0.003220 -0.013192
v 0.227222 0.002577 -0.013207
v 0.226128 0.002022 -0.013220
v 0.224975 0.001561 -0.013230
v 0.223774 0.001197 -0.013239
v 0.222536 0.000935 -0.013245
v 0.221274 0.000776 -0.013248
v 0.220000 0.000723 -0.013250
v 0.218726 0.000776 -0.013248
v 0.217464 0.000935 -0.013245
v 0.216226 0.001197 -0.013239
v 0.215025 0.001561 -0.013230
v 0.213872 0.002022 -0.013220
v 0.212778 0.002577 -0.013207
v 0.211753 0.003220 -0.013192
v 0.210808 0.003944 -0.013175
v 0.209951 0.004744 -0.013157
v 0.209191 0.005611 -0.013137
v 0.208535 0.006537 -0.013116
v 0.207990 0.007512 -0.013093
v 0.207560 0.008528 -0.013070
v 0.207250 0.009575 -0.013046
v 0.207063 0.010643 -0.013021
v 0.207000 0.011721 -0.012997
v 0.207063 0.012798 -0.012972
v 0.207250 0.013866 -0.012947
v 0.207560 0.014913 -0.012923
v 0.207990 0.015929 -0.012900
v 0.208535 0.016905 -0.012877
v 0.209191 0.017830 -0.012856
v 0.209951 0.018697 -0.012836
v 0.210808 0.019497 -0.012818
v 0.211753 0.020221 -0.012801
v 0.212778 0.020864 -0.012786
v 0.213872 0.021419 -0.012773
v 0.215025 0.021880 -0.012763
v 0.216226 0.022244 -0.012754
v 0.217464 0.022506 -0.012748
v 0.218726 0.022665 -0.012745
v 0.220000 0.022718 -0.012744
v 0.221274 0.022665 -0.012745
v 0.222536 0.022506 -0.012748
v 0.223774 0.022244 -0.012754
v 0.224975 0.021880 -0.012763
v 0.226128 0.021419 -0.012773
v 0.227222 0.020864 -0.012786
v 0.228247 0.020221 -0.012801
v 0.229192 0.019497 -0.012818
v 0.230049 0.018697 -0.012836
v 0.230809 0.017830 -0.012856
v 0.231465 0.016905 -0.012877
v 0.232010 0.015929 -0.012900
v 0.232440 0.014913 -0.012923
v 0.232750 0.013866 -0.012947
v 0.232937 0.012798 -0.012972
v 0.230830 0.012295 -0.037990
v 0.230773 0.011271 -0.038014
v 0.230603 0.010257 -0.038037
v 0.230321 0.009263 -0.038060
v 0.229929 0.008297 -0.038082
v 0.229433 0.007371 -0.038103
v 0.228836 0.006491 -0.038123
v 0.228145 0.005668 -0.038142
v 0.227365 0.004908 -0.038160
v 0.226505 0.004220 -0.038176
v 0.225572 0.003609 -0.038190
v 0.224577 0.003082 -0.038202
v 0.223527 0.002643 -0.038212
v 0.222434 0.002298 -0.038220
v 0.221308 0.002049 -0.038226
v 0.220160 0.001899 -0.038229
v 0.219000 0.001848 -0.038230
v 0.217840 0.001899 -0.038229
v 0.216692 0.002049 -0.038226
v 0.215566 0.002298 -0.038220
v 0.214473 0.002643 -0.038212
v 0.213423 0.003082 -0.038202
v 0.212428 0.003609 -0.038190
v 0.211495 0.004220 -0.038176
v 0.210635 0.004908 -0.038160
v 0.209855 0.005668 -0.038142
v 0.209164 0.006491 -0.038123
v 0.208567 0.007371 -0.038103
v 0.208071 0.008297 -0.038082
v 0.207679 0.009263 -0.038060
v 0.207397 0.010257 -0.038037
v 0.207227 0.011271 -0.038014
v 0.207170 0.012295 -0.037990
v 0.207227 0.013319 -0.037966
v 0.207397 0.014334 -0.037943
v 0.207679 0.015328 -0.037920
v 0.208071 0.016293 -0.037898
v 0.208567 0.017220 -0.037877
v 0.209164 0.018100 -0.037856
v 0.209855 0.018923 -0.037837
v 0.210635 0.019683 -0.037820
v 0.211495 0.020371 -0.037804
v 0.212428 0.020982 -0.037790
v 0.213423 0.021509 -0.037778
v 0.214473 0.021947 -0.037768
v 0.215566 0.022293 -0.037760
v 0.216692 0.022542 -0.037754
v 0.217840 0.022692 -0.037751
v 0.219000 0.022743 -0.037750
v 0.220160 0.022692 -0.037751
v 0.221308 0.022542 -0.037754
v 0.222434 0.022293 -0.037760
v 0.223527 0.021947 -0.037768
v 0.224577 0.021509 -0.037778
v 0.225572 0.020982 -0.037790
v 0.226505 0.020371 -0.037804
v 0.227365 0.019683 -0.037820
v 0.228145 0.018923 -0.037837
v 0.228836 0.018100 -0.037856
v 0.229433 0.017220 -0.037877
v 0.229929 0.016293 -0.037898
v 0.230321 0.015328 -0.037920
v 0.230603 0.014334 -0.037943
v 0.230773 0.013319 -0.037966
v 0.227530 0.013376 -0.084978
v 0.227479 0.012449 -0.084999
v 0.227328 0.011531 -0.085020
v 0.227077 0.010631 -0.085041
v 0.226728 0.009757 -0.085061
v 0.226287 0.008918 -0.085080
v 0.225755 0.008122 -0.085098
v 0.225140 0.007377 -0.085116
v 0.224446 0.006689 -0.085131
v 0.223680 0.006066 -0.085146
v 0.222850 0.005513 -0.085158
v 0.221964 0.005036 -0.085169
v 0.221030 0.004639 -0.085179
v 0.220057 0.004326 -0.085186
v 0.219054 0.004101 -0.085191
v 0.218032 0.003964 -0.085194
v 0.217000 0.003919 -0.085195
v 0.215968 0.003964 -0.085194
v 0.214946 0.004101 -0.085191
v 0.213943 0.004326 -0.085186
v 0.212970 0.004639 -0.085179
v 0.212036 0.005036 -0.085169
v 0.211150 0.005513 -0.085158
v 0.210320 0.006066 -0.085146
v 0.209554 0.006689 -0.085131
v 0.208860 0.007377 -0.085116
v 0.208245 0.008122 -0.085098
v 0.207713 0.008918 -0.085080
v 0.207272 0.009757 -0.085061
v 0.206923 0.010631 -0.085041
v 0.206672 0.011531 -0.085020
v 0.206521 0.012449 -0.084999
v 0.206470 0.013376 -0.084978
v 0.206521 0.014303 -0.084956
v 0.206672 0.015221 -0.084935
v 0.206923 0.016122 -0.084914
v 0.207272 0.016996 -0.084894
v 0.207713 0.017835 -0.084875
v 0.208245 0.018631 -0.084857
v 0.208860 0.019376 -0.084840
v 0.209554 0.020064 -0.084824
v 0.210320 0.020687 -0.084809
v 0.211150 0.021240 -0.084797
v 0.212036 0.021717 -0.084786
v 0.212970 0.022114 -0.084777
v 0.213943 0.022427 -0.084769
v 0.214946 0.022652 -0.084764
v 0.215968 0.022788 -0.084761
v 0.217000 0.022834 -0.084760
v 0.218032 0.022788 -0.084761
v 0.219054 0.022652 -0.084764
v 0.220057 0.022427 -0.084769
v 0.221030 0.022114 -0.084777
v 0.221964 0.021717 -0.084786
v 0.222850 0.021240 -0.084797
v 0.223680 0.020687 -0.084809
v 0.224446 0.020064 -0.084824
v 0.225140 0.019376 -0.084840
v 0.225755 0.018631 -0.084857
v 0.226287 0.017835 -0.084875
v 0.226728 0.016996 -0.084894
v 0.227077 0.016122 -0.084914
v 0.227328 0.015221 -0.084935
v 0.227479 0.014303 -0.084956
v 0.225880 0.014871 -0.149960
v 0.225832 0.014041 -0.149979
v 0.225690 0.013219 -0.149998
v 0.225455 0.012413 -0.150017
v 0.225128 0.011631 -0.150035
v 0.224713 0.010880 -0.150052
v 0.224215 0.010167 -0.150069
v 0.223637 0.009499 -0.150084
v 0.222986 0.008884 -0.150098
v 0.222268 0.008326 -0.150111
v 0.221489 0.007831 -0.150122
v 0.220657 0.007403 -0.150132
v 0.219781 0.007048 -0.150140
v 0.218868 0.006768 -0.150147
v 0.217927 0.006566 -0.150151
v 0.216968 0.006444 -0.150154
v 0.216000 0.006403 -0.150155
v 0.215032 0.006444 -0.150154
v 0.214073 0.006566 -0.150151
v 0.213132 0.006768 -0.150147
v 0.212219 0.007048 -0.150140
v 0.211343 0.007403 -0.150132
v 0.210511 0.007831 -0.150122
v 0.209732 0.008326 -0.150111
v 0.209014 0.008884 -0.150098
v 0.208363 0.009499 -0.150084
v 0.207785 0.010167 -0.150069
v 0.207287 0.010880 -0.150052
v 0.206872 0.011631 -0.150035
v 0.206545 0.012413 -0.150017
v 0.206310 0.013219 -0.149998
v 0.206168 0.014041 -0.149979
v 0.206120 0.014871 -0.149960
v 0.206168 0.015701 -0.149941
v 0.206310 0.016523 -0.149922
v 0.206545 0.017329 -0.149904
v 0.206872 0.018112 -0.149886
v 0.207287 0.018863 -0.149869
v 0.207785 0.019576 -0.149852
v 0.208363 0.020243 -0.149837
v 0.209014 0.020859 -0.149823
v 0.209732 0.021417 -0.149810
v 0.210511 0.021912 -0.149798
v 0.211343 0.022339 -0.149789
v 0.212219 0.022694 -0.149780
v 0.213132 0.022974 -0.149774
v 0.214073 0.023176 -0.149769
v 0.215032 0.023298 -0.149766
v 0.216000 0.023339 -0.149766
v 0.216968 0.023298 -0.149766
v 0.217927 0.023176 -0.149769
v 0.218868 0.022974 -0.149774
v 0.219781 0.022694 -0.149780
v 0.220657 0.022339 -0.149789
v 0.221489 0.021912 -0.149798
v 0.222268 0.021417 -0.149810
v 0.222986 0.020859 -0.149823
v 0.223637 0.020243 -0.149837
v 0.224215 0.019576 -0.149852
v 0.224713 0.018863 -0.149869
v 0.225128 0.018112 -0.149886
v 0.225455 0.017329 -0.149904
v 0.225690 0.016523 -0.149922
v 0.225832 0.015701 -0.149941
v 0.227230 0.016251 -0.209944
v 0.227186 0.015507 -0.209962
v 0.227053 0.014771 -0.209979
v 0.226833 0.014048 -0.209995
v 0.226527 0.013347 -0.210011
v 0.226140 0.012674 -0.210027
v 0.225674 0.012035 -0.210041
v 0.225135 0.011437 -0.210055
v 0.224527 0.010886 -0.210068
v 0.223855 0.010386 -0.210079
v 0.223128 0.009942 -0.210090
v 0.222351 0.009559 -0.210098
v 0.221532 0.009241 -0.210106
v 0.220679 0.008990 -0.210111
v 0.219801 0.008809 -0.210116
v 0.218905 0.008700 -0.210118
v 0.218000 0.008663 -0.210119
v 0.217095 0.008700 -0.210118
v 0.216199 0.008809 -0.210116
v 0.215321 0.008990 -0.210111
v 0.214468 0.009241 -0.210106
v 0.213649 0.009559 -0.210098
v 0.212872 0.009942 -0.210090
v 0.212145 0.010386 -0.210079
v 0.211473 0.010886 -0.210068
v 0.210865 0.011437 -0.210055
v 0.210326 0.012035 -0.210041
v 0.209860 0.012674 -0.210027
v 0.209473 0.013347 -0.210011
v 0.209167 0.014048 -0.209995
v 0.208947 0.014771 -0.209979
v 0.208814 0.015507 -0.209962
v 0.208770 0.016251 -0.209944
v 0.208814 0.016995 -0.209927
v 0.208947 0.017731 -0.209910
v 0.209167 0.018454 -0.209894
v 0.209473 0.019155 -0.209878
v 0.209860 0.019828 -0.209862
v 0.210326 0.020467 -0.209847
v 0.210865 0.021065 -0.209834
v 0.211473 0.021617 -0.209821
v 0.212145 0.022117 -0.209810
v 0.212872 0.022560 -0.209799
v 0.213649 0.022943 -0.209791
v 0.214468 0.023261 -0.209783
v 0.215321 0.023512 -0.209777
v 0.216199 0.023693 -0.209773
v 0.217095 0.023803 -0.209771
v 0.218000 0.023839 -0.209770
v 0.218905 0.023803 -0.209771
v 0.219801 0.023693 -0.209773
v 0.220679 0.023512 -0.209777
v 0.221532 0.023261 -0.209783
v 0.222351 0.022943 -0.209791
v 0.223128 0.022560 -0.209799
v 0.223855 0.022117 -0.209810
v 0.224527 0.021617 -0.209821
v 0.225135 0.021065 -0.209834
v 0.225674 0.020467 -0.209847
v 0.226140 0.019828 -0.209862
v 0.226527 0.019155 -0.209878
v 0.226833 0.018454 -0.209894
v 0.227053 0.017731 -0.209910
v 0.227186 0.016995 -0.209927
v 0.228970 0.017194 -0.250934
v 0.228927 0.016493 -0.250950
v 0.228798 0.015799 -0.250966
v 0.228584 0.015119 -0.250981
v 0.228287 0.014459 -0.250997
v 0.227911 0.013824 -0.251011
v 0.227458 0.013223 -0.251025
v 0.226934 0.012659 -0.251038
v 0.226343 0.012140 -0.251050
v 0.225691 0.011668 -0.251061
v 0.224983 0.011251 -0.251070
v 0.224228 0.010890 -0.251079
v 0.223433 0.010590 -0.251086
v 0.222604 0.010354 -0.251091
v 0.221750 0.010183 -0.251095
v 0.220879 0.010080 -0.251097
v 0.220000 0.010046 -0.251098
v 0.219121 0.010080 -0.251097
v 0.218250 0.010183 -0.251095
v 0.217396 0.010354 -0.251091
v 0.216567 0.010590 -0.251086
v 0.215772 0.010890 -0.251079
v 0.215017 0.011251 -0.251070
v 0.214309 0.011668 -0.251061
v 0.213657 0.012140 -0.251050
v 0.213066 0.012659 -0.251038
v 0.212542 0.013223 -0.251025
v 0.212089 0.013824 -0.251011
v 0.211713 0.014459 -0.250997
v 0.211416 0.015119 -0.250981
v 0.211202 0.015799 -0.250966
v 0.211073 0.016493 -0.250950
v 0.211030 0.017194 -0.250934
v 0.211073 0.017895 -0.250917
v 0.211202 0.018589 -0.250902
v 0.211416 0.019269 -0.250886
v 0.211713 0.019929 -0.250871
v 0.212089 0.020564 -0.250856
v 0.212542 0.021165 -0.250842
v 0.213066 0.021729 -0.250829
v 0.213657 0.022248 -0.250817
v 0.214309 0.022720 -0.250807
v 0.215017 0.023137 -0.250797
v 0.215772 0.023498 -0.250789
v 0.216567 0.023798 -0.250782
v 0.217396 0.024034 -0.250776
v 0.218250 0.024205 -0.250772
v 0.219121 0.024308 -0.250770
v 0.220000 0.024342 -0.250769
v 0.220879 0.024308 -0.250770
v 0.221750 0.024205 -0.250772
v 0.222604 0.024034 -0.250776
v 0.223433 0.023798 -0.250782
v 0.224228 0.023498 -0.250789
v 0.224983 0.023137 -0.250797
v 0.225691 0.022720 -0.250807
v 0.226343 0.022248 -0.250817
v 0.226934 0.021729 -0.250829
v 0.227458 0.021165 -0.250842
v 0.227911 0.020564 -0.250856
v 0.228287 0.019929 -0.250871
v 0.228584 0.019269 -0.250886
v 0.228798 0.018589 -0.250902
v 0.228927 0.017895 -0.250917
v 0.229439 0.011422 0.000000
v 0.230545 0.011435 -0.000584
v 0.229844 0.011423 -0.000078
v 0.230249 0.011428 -0.000292
v 0.230495 0.010591 -0.000604
v 0.229395 0.010685 -0.000017
v 0.230200 0.010608 -0.000311
v 0.229797 0.010642 -0.000096
v 0.230344 0.009754 -0.000625
v 0.229263 0.009955 -0.000034
v 0.230053 0.009795 -0.000331
v 0.229658 0.009868 -0.000114
v 0.230094 0.008934 -0.000646
v 0.229045 0.009237 -0.000050
v 0.229811 0.008997 -0.000350
v 0.229427 0.009108 -0.000132
v 0.229748 0.008137 -0.000668
v 0.228742 0.008538 -0.000066
v 0.229474 0.008222 -0.000370
v 0.229106 0.008369 -0.000150
v 0.229308 0.007372 -0.000690
v 0.228354 0.007863 -0.000082
v 0.229046 0.007478 -0.000389
v 0.228697 0.007657 -0.000167
v 0.228778 0.006645 -0.000711
v 0.227886 0.007219 -0.000097
v 0.228531 0.006771 -0.000408
v 0.228205 0.006981 -0.000183
v 0.228163 0.005964 -0.000732
v 0.227341 0.006613 -0.000111
v 0.227934 0.006108 -0.000425
v 0.227633 0.006346 -0.000198
v 0.227470 0.005336 -0.000751
v 0.226724 0.006052 -0.000124
v 0.227260 0.005496 -0.000442
v 0.226987 0.005758 -0.000212
v 0.226704 0.004766 -0.000769
v 0.226040 0.005541 -0.000135
v 0.226516 0.004941 -0.000457
v 0.226273 0.005225 -0.000225
v 0.225873 0.004260 -0.000785
v 0.225295 0.005086 -0.000146
v 0.225708 0.004448 -0.000471
v 0.225496 0.004751 -0.000237
v 0.224984 0.003823 -0.000799
v 0.224497 0.004692 -0.000155
v 0.224844 0.004023 -0.000483
v 0.224666 0.004341 -0.000247
v 0.224047 0.003459 -0.000811
v 0.223654 0.004363 -0.000162
v 0.223933 0.003668 -0.000492
v 0.223789 0.003999 -0.000255
v 0.223070 0.003173 -0.000821
v 0.222773 0.004103 -0.000168
v 0.222984 0.003389 -0.000500
v 0.222875 0.003730 -0.000261
v 0.222064 0.002966 -0.000827
v 0.221865 0.003915 -0.000173
v 0.222006 0.003188 -0.000506
v 0.221933 0.003535 -0.000266
v 0.221037 0.002841 -0.000831
v 0.220937 0.003802 -0.000175
v 0.221008 0.003066 -0.000509
v 0.220971 0.003418 -0.000269
v 0.220000 0.002799 -0.000833
v 0.220000 0.003764 -0.000176
v 0.220000 0.003025 -0.000510
v 0.220000 0.003379 -0.000270
v 0.218963 0.002841 -0.000831
v 0.219063 0.003802 -0.000175
v 0.218992 0.003066 -0.000509
v 0.219029 0.003418 -0.000269
v 0.217936 0.002966 -0.000827
v 0.218135 0.003915 -0.000173
v 0.217994 0.003188 -0.000506
v 0.218067 0.003535 -0.000266
v 0.216930 0.003173 -0.000821
v 0.217227 0.004103 -0.000168
v 0.217016 0.003389 -0.000500
v 0.217125 0.003730 -0.000261
v 0.215953 0.003459 -0.000811
v 0.216346 0.004363 -0.000162
v 0.216067 0.003668 -0.000492
v 0.216211 0.003999 -0.000255
v 0.215016 0.003823 -0.000799
v 0.215503 0.004692 -0.000155
v 0.215156 0.004023 -0.000483
v 0.215334 0.004341 -0.000247
v 0.214127 0.004260 -0.000785
v 0.214705 0.005086 -0.000146
v 0.214292 0.004448 -0.000471
v 0.214504 0.004751 -0.000237
v 0.213296 0.004766 -0.000769
v 0.213960 0.005541 -0.000135
v 0.213484 0.004941 -0.000457
v 0.213727 0.005225 -0.000225
v 0.212530 0.005336 -0.000751
v 0.213276 0.006052 -0.000124
v 0.212740 0.005496 -0.000442
v 0.213013 0.005758 -0.000212
v 0.211837 0.005964 -0.000732
v 0.212659 0.006613 -0.000111
v 0.212066 0.006108 -0.000425
v 0.212367 0.006346 -0.000198
v 0.211222 0.006645 -0.000711
v 0.212114 0.007219 -0.000097
v 0.211469 0.006771 -0.000408
v 0.211795 0.006981 -0.000183
v 0.210692 0.007372 -0.000690
v 0.211646 0.007863 -0.000082
v 0.210954 0.007478 -0.000389
v 0.211303 0.007657 -0.000167
v 0.210252 0.008137 -0.000668
v 0.211258 0.008538 -0.000066
v 0.210526 0.008222 -0.000370
v 0.210894 0.008369 -0.000150
v 0.209906 0.008934 -0.000646
v 0.210955 0.009237 -0.000050
v 0.210189 0.008997 -0.000350
v 0.210573 0.009108 -0.000132
v 0.209656 0.009754 -0.000625
v 0.210737 0.009955 -0.000034
v 0.209947 0.009795 -0.000331
v 0.210342 0.009868 -0.000114
v 0.209505 0.010591 -0.000604
v 0.210605 0.010685 -0.000017
v 0.209800 0.010608 -0.000311
v 0.210203 0.010642 -0.000096
v 0.209455 0.011435 -0.000584
v 0.210561 0.011422 0.000000
v 0.209751 0.011428 -0.000292
v 0.210156 0.011423 -0.000078
v 0.209505 0.012279 -0.000565
v 0.210605 0.012158 0.000017
v 0.209800 0.012249 -0.000273
v 0.210203 0.012204 -0.000060
v 0.209656 0.013116 -0.000548
v 0.210737 0.012888 0.000034
v 0.209947 0.013062 -0.000256
v 0.210342 0.012978 -0.000043
v 0.209906 0.013936 -0.000531
v 0.210955 0.013606 0.000050
v 0.210189 0.013860 -0.000239
v 0.210573 0.013739 -0.000026
v 0.210252 0.014733 -0.000517
v 0.211258 0.014306 0.000066
v 0.210526 0.014634 -0.000222
v 0.210894 0.014478 -0.000009
v 0.210692 0.015499 -0.000503
v 0.211646 0.014980 0.000082
v 0.210954 0.015379 -0.000207
v 0.211303 0.015189 0.000007
v 0.211222 0.016226 -0.000491
v 0.212114 0.015624 0.000097
v 0.211469 0.016086 -0.000193
v 0.211795 0.015866 0.000022
v 0.211837 0.016907 -0.000480
v 0.212659 0.016230 0.000111
v 0.212066 0.016749 -0.000181
v 0.212367 0.016501 0.000036
v 0.212530 0.017536 -0.000471
v 0.213276 0.016791 0.000124
v 0.212740 0.017361 -0.000169
v 0.213013 0.017089 0.000048
v 0.213296 0.018106 -0.000462
v 0.213960 0.017302 0.000135
v 0.213484 0.017916 -0.000159
v 0.213727 0.017622 0.000060
v 0.214127 0.018612 -0.000455
v 0.214705 0.017757 0.000146
v 0.214292 0.018409 -0.000150
v 0.214504 0.018096 0.000070
v 0.215016 0.019049 -0.000449
v 0.215503 0.018152 0.000155
v 0.215156 0.018835 -0.000142
v 0.215334 0.018506 0.000079
v 0.215953 0.019413 -0.000444
v 0.216346 0.018480 0.000162
v 0.216067 0.019189 -0.000135
v 0.216211 0.018848 0.000087
v 0.216930 0.019699 -0.000440
v 0.217227 0.018740 0.000168
v 0.217016 0.019468 -0.000130
v 0.217125 0.019117 0.000093
v 0.217936 0.019906 -0.000438
v 0.218135 0.018928 0.000173
v 0.217994 0.019670 -0.000127
v 0.218067 0.019312 0.000097
v 0.218963 0.020031 -0.000436
v 0.219063 0.019041 0.000175
v 0.218992 0.019792 -0.000124
v 0.219029 0.019429 0.000099
v 0.220000 0.020073 -0.000435
v 0.220000 0.019079 0.000176
v 0.220000 0.019832 -0.000124
v 0.220000 0.019468 0.000100
v 0.221037 0.020031 -0.000436
v 0.220937 0.019041 0.000175
v 0.221008 0.019792 -0.000124
v 0.220971 0.019429 0.000099
v 0.222064 0.019906 -0.000438
v 0.221865 0.018928 0.000173
v 0.222006 0.019670 -0.000127
v 0.221933 0.019312 0.000097
v 0.223070 0.019699 -0.000440
v 0.222773 0.018740 0.000168
v 0.222984 0.019468 -0.000130
v 0.222875 0.019117 0.000093
v 0.224047 0.019413 -0.000444
v 0.223654 0.018480 0.000162
v 0.223933 0.019189 -0.000135
v 0.223789 0.018848 0.000087
v 0.224984 0.019049 -0.000449
v 0.224497 0.018152 0.000155
v 0.224844 0.018835 -0.000142
v 0.224666 0.018506 0.000079
v 0.225873 0.018612 -0.000455
v 0.225295 0.017757 0.000146
v 0.225708 0.018409 -0.000150
v 0.225496 0.018096 0.000070
v 0.226704 0.018106 -0.000462
v 0.226040 0.017302 0.000135
v 0.226516 0.017916 -0.000159
v 0.226273 0.017622 0.000060
v 0.227470 0.017536 -0.000471
v 0.226724 0.016791 0.000124
v 0.227260 0.017361 -0.000169
v 0.226987 0.017089 0.000048
v 0.228163 0.016907 -0.000480
v 0.227341 0.016230 0.000111
v 0.227934 0.016749 -0.000181
v 0.227633 0.016501 0.000036
v 0.228778 0.016226 -0.000491
v 0.227886 0.015624 0.000097
v 0.228531 0.016086 -0.000193
v 0.228205 0.015866 0.000022
v 0.229308 0.015499 -0.000503
v 0.228354 0.014980 0.000082
v 0.229046 0.015379 -0.000207
v 0.228697 0.015189 0.000007
v 0.229748 0.014733 -0.000517
v 0.228742 0.014306 0.000066
v 0.229474 0.014634 -0.000222
v 0.229106 0.014478 -0.000009
v 0.230094 0.013936 -0.000531
v 0.229045 0.013606 0.000050
v 0.229811 0.013860 -0.000239
v 0.229427 0.013739 -0.000026
v 0.230344 0.013116 -0.000548
v 0.229263 0.012888 0.000034
v 0.230053 0.013062 -0.000256
v 0.229658 0.012978 -0.000043
v 0.230495 0.012279 -0.000565
v 0.229395 0.012158 0.000017
v 0.230200 0.012249 -0.000273
v 0.229797 0.012204 -0.000060
v 0.232274 0.011507 -0.003697
v 0.231821 0.011477 -0.002424
v 0.232194 0.011497 -0.003271
v 0.232028 0.011486 -0.002805
v 0.232215 0.010549 -0.003719
v 0.231764 0.010554 -0.002445
v 0.232032 0.009854 -0.003037
v 0.232135 0.010547 -0.003293
v 0.231970 0.010549 -0.002826
v 0.208236 0.010554 -0.002445
v 0.207785 0.010549 -0.003719
v 0.207968 0.009854 -0.003037
v 0.208030 0.010549 -0.002826
v 0.207865 0.010547 -0.003293
v 0.208179 0.011477 -0.002424
v 0.207726 0.011507 -0.003697
v 0.207972 0.011486 -0.002805
v 0.207806 0.011497 -0.003271
v 0.207785 0.012464 -0.003675
v 0.208236 0.012401 -0.002402
v 0.207968 0.013127 -0.002962
v 0.207865 0.012447 -0.003249
v 0.208030 0.012423 -0.002783
v 0.231764 0.012401 -0.002402
v 0.232215 0.012464 -0.003675
v 0.232032 0.013127 -0.002962
v 0.231970 0.012423 -0.002783
v 0.232135 0.012447 -0.003249
v 0.228009 0.018114 -0.290923
v 0.228715 0.018098 -0.290223
v 0.228360 0.018112 -0.290829
v 0.228618 0.018106 -0.290573
v 0.227972 0.017521 -0.290937
v 0.228673 0.017418 -0.290239
v 0.228321 0.017476 -0.290844
v 0.228577 0.017438 -0.290588
v 0.227862 0.016932 -0.290950
v 0.228547 0.016745 -0.290254
v 0.228203 0.016845 -0.290858
v 0.228454 0.016777 -0.290604
v 0.227680 0.016352 -0.290964
v 0.228339 0.016086 -0.290270
v 0.228008 0.016225 -0.290873
v 0.228249 0.016128 -0.290619
v 0.227425 0.015786 -0.290977
v 0.228051 0.015445 -0.290284
v 0.227737 0.015622 -0.290887
v 0.227966 0.015497 -0.290633
v 0.227099 0.015239 -0.290989
v 0.227686 0.014830 -0.290298
v 0.227391 0.015041 -0.290900
v 0.227606 0.014891 -0.290647
v 0.226705 0.014715 -0.291001
v 0.227246 0.014247 -0.290312
v 0.226974 0.014488 -0.290913
v 0.227172 0.014316 -0.290660
v 0.226245 0.014222 -0.291013
v 0.226736 0.013700 -0.290324
v 0.226489 0.013968 -0.290925
v 0.226669 0.013777 -0.290673
v 0.225722 0.013763 -0.291023
v 0.226162 0.013196 -0.290336
v 0.225941 0.013486 -0.290936
v 0.226102 0.013279 -0.290684
v 0.225142 0.013345 -0.291033
v 0.225528 0.012739 -0.290347
v 0.225334 0.013049 -0.290946
v 0.225476 0.012827 -0.290695
v 0.224510 0.012972 -0.291041
v 0.224842 0.012334 -0.290356
v 0.224675 0.012660 -0.290955
v 0.224796 0.012427 -0.290704
v 0.223831 0.012648 -0.291049
v 0.224108 0.011984 -0.290364
v 0.223969 0.012323 -0.290962
v 0.224070 0.012080 -0.290712
v 0.223114 0.012378 -0.291055
v 0.223335 0.011693 -0.290371
v 0.223224 0.012043 -0.290969
v 0.223305 0.011792 -0.290718
v 0.222364 0.012165 -0.291060
v 0.222530 0.011464 -0.290376
v 0.222446 0.011822 -0.290974
v 0.222507 0.011565 -0.290724
v 0.221590 0.012011 -0.291063
v 0.221700 0.011299 -0.290380
v 0.221645 0.011662 -0.290978
v 0.221685 0.011402 -0.290727
v 0.220799 0.011917 -0.291066
v 0.220854 0.011199 -0.290382
v 0.220826 0.011566 -0.290980
v 0.220847 0.011303 -0.290730
v 0.220000 0.011886 -0.291066
v 0.220000 0.011166 -0.290383
v 0.220000 0.011533 -0.290981
v 0.220000 0.011270 -0.290730
v 0.219201 0.011917 -0.291066
v 0.219146 0.011199 -0.290382
v 0.219174 0.011566 -0.290980
v 0.219153 0.011303 -0.290730
v 0.218410 0.012011 -0.291063
v 0.218300 0.011299 -0.290380
v 0.218355 0.011662 -0.290978
v 0.218315 0.011402 -0.290727
v 0.217636 0.012165 -0.291060
v 0.217470 0.011464 -0.290376
v 0.217554 0.011822 -0.290974
v 0.217493 0.011565 -0.290724
v 0.216886 0.012378 -0.291055
v 0.216665 0.011693 -0.290371
v 0.216776 0.012043 -0.290969
v 0.216695 0.011792 -0.290718
v 0.216169 0.012648 -0.291049
v 0.215892 0.011984 -0.290364
v 0.216031 0.012323 -0.290962
v 0.215930 0.012080 -0.290712
v 0.215490 0.012972 -0.291041
v 0.215158 0.012334 -0.290356
v 0.215325 0.012660 -0.290955
v 0.215204 0.012427 -0.290704
v 0.214858 0.013345 -0.291033
v 0.214472 0.012739 -0.290347
v 0.214666 0.013049 -0.290946
v 0.214524 0.012827 -0.290695
v 0.214278 0.013763 -0.291023
v 0.213838 0.013196 -0.290336
v 0.214059 0.013486 -0.290936
v 0.213898 0.013279 -0.290684
v 0.213755 0.014222 -0.291013
v 0.213264 0.013700 -0.290324
v 0.213511 0.013968 -0.290925
v 0.213331 0.013777 -0.290673
v 0.213295 0.014715 -0.291001
v 0.212754 0.014247 -0.290312
v 0.213026 0.014488 -0.290913
v 0.212828 0.014316 -0.290660
v 0.212901 0.015239 -0.290989
v 0.212314 0.014830 -0.290298
v 0.212609 0.015041 -0.290900
v 0.212394 0.014891 -0.290647
v 0.212575 0.015786 -0.290977
v 0.211949 0.015445 -0.290284
v 0.212263 0.015622 -0.290887
v 0.212034 0.015497 -0.290633
v 0.212320 0.016352 -0.290964
v 0.211661 0.016086 -0.290270
v 0.211992 0.016225 -0.290873
v 0.211751 0.016128 -0.290619
v 0.212138 0.016932 -0.290950
v 0.211453 0.016745 -0.290254
v 0.211797 0.016845 -0.290858
v 0.211546 0.016777 -0.290604
v 0.212028 0.017521 -0.290937
v 0.211327 0.017418 -0.290239
v 0.211679 0.017476 -0.290844
v 0.211423 0.017438 -0.290588
v 0.211991 0.018114 -0.290923
v 0.211285 0.018098 -0.290223
v 0.211640 0.018112 -0.290829
v 0.211382 0.018106 -0.290573
v 0.212028 0.018707 -0.290909
v 0.211327 0.018777 -0.290208
v 0.211679 0.018748 -0.290815
v 0.211423 0.018774 -0.290558
v 0.212138 0.019296 -0.290896
v 0.211453 0.019450 -0.290192
v 0.211797 0.019379 -0.290800
v 0.211546 0.019435 -0.290543
v 0.212320 0.019876 -0.290883
v 0.211661 0.020110 -0.290177
v 0.211992 0.019998 -0.290786
v 0.211751 0.020084 -0.290528
v 0.212575 0.020442 -0.290870
v 0.211949 0.020751 -0.290162
v 0.212263 0.020602 -0.290772
v 0.212034 0.020715 -0.290513
v 0.212901 0.020989 -0.290857
v 0.212314 0.021366 -0.290148
v 0.212609 0.021183 -0.290759
v 0.212394 0.021320 -0.290499
v 0.213295 0.021513 -0.290845
v 0.212754 0.021949 -0.290135
v 0.213026 0.021736 -0.290746
v 0.212828 0.021896 -0.290486
v 0.213755 0.022006 -0.290834
v 0.213264 0.022495 -0.290122
v 0.213511 0.022256 -0.290734
v 0.213331 0.022435 -0.290474
v 0.214278 0.022465 -0.290823
v 0.213838 0.023000 -0.290110
v 0.214059 0.022737 -0.290723
v 0.213898 0.022933 -0.290462
v 0.214858 0.022883 -0.290813
v 0.214472 0.023456 -0.290100
v 0.214666 0.023175 -0.290713
v 0.214524 0.023384 -0.290452
v 0.215490 0.023256 -0.290805
v 0.215158 0.023862 -0.290091
v 0.215325 0.023564 -0.290704
v 0.215204 0.023785 -0.290442
v 0.216169 0.023580 -0.290797
v 0.215892 0.024211 -0.290083
v 0.216031 0.023900 -0.290696
v 0.215930 0.024131 -0.290435
v 0.216886 0.023850 -0.290791
v 0.216665 0.024502 -0.290076
v 0.216776 0.024180 -0.290690
v 0.216695 0.024419 -0.290428
v 0.217636 0.024063 -0.290786
v 0.217470 0.024731 -0.290071
v 0.217554 0.024402 -0.290685
v 0.217493 0.024646 -0.290423
v 0.218410 0.024217 -0.290783
v 0.218300 0.024897 -0.290067
v 0.218355 0.024561 -0.290681
v 0.218315 0.024810 -0.290419
v 0.219201 0.024311 -0.290781
v 0.219146 0.024996 -0.290065
v 0.219174 0.024658 -0.290679
v 0.219153 0.024909 -0.290417
v 0.220000 0.024342 -0.290780
v 0.220000 0.025030 -0.290064
v 0.220000 0.024690 -0.290678
v 0.220000 0.024942 -0.290416
v 0.220799 0.024311 -0.290781
v 0.220854 0.024996 -0.290065
v 0.220826 0.024658 -0.290679
v 0.220847 0.024909 -0.290417
v 0.221590 0.024217 -0.290783
v 0.221700 0.024897 -0.290067
v 0.221645 0.024561 -0.290681
v 0.221685 0.024810 -0.290419
v 0.222364 0.024063 -0.290786
v 0.222530 0.024731 -0.290071
v 0.222446 0.024402 -0.290685
v 0.222507 0.024646 -0.290423
v 0.223114 0.023850 -0.290791
v 0.223335 0.024502 -0.290076
v 0.223224 0.024180 -0.290690
v 0.223305 0.024419 -0.290428
v 0.223831 0.023580 -0.290797
v 0.224108 0.024211 -0.290083
v 0.223969 0.023900 -0.290696
v 0.224070 0.024131 -0.290435
v 0.224510 0.023256 -0.290805
v 0.224842 0.023862 -0.290091
v 0.224675 0.023564 -0.290704
v 0.224796 0.023785 -0.290442
v 0.225142 0.022883 -0.290813
v 0.225528 0.023456 -0.290100
v 0.225334 0.023175 -0.290713
v 0.225476 0.023384 -0.290452
v 0.225722 0.022465 -0.290823
v 0.226162 0.023000 -0.290110
v 0.225941 0.022737 -0.290723
v 0.226102 0.022933 -0.290462
v 0.226245 0.022006 -0.290834
v 0.226736 0.022495 -0.290122
v 0.226489 0.022256 -0.290734
v 0.226669 0.022435 -0.290474
v 0.226705 0.021513 -0.290845
v 0.227246 0.021949 -0.290135
v 0.226974 0.021736 -0.290746
v 0.227172 0.021896 -0.290486
v 0.227099 0.020989 -0.290857
v 0.227686 0.021366 -0.290148
v 0.227391 0.021183 -0.290759
v 0.227606 0.021320 -0.290499
v 0.227425 0.020442 -0.290870
v 0.228051 0.020751 -0.290162
v 0.227737 0.020602 -0.290772
v 0.227966 0.020715 -0.290513
v 0.227680 0.019876 -0.290883
v 0.228339 0.020110 -0.290177
v 0.228008 0.019998 -0.290786
v 0.228249 0.020084 -0.290528
v 0.227862 0.019296 -0.290896
v 0.228547 0.019450 -0.290192
v 0.228203 0.019379 -0.290800
v 0.228454 0.019435 -0.290543
v 0.227972 0.018707 -0.290909
v 0.228673 0.018777 -0.290208
v 0.228321 0.018748 -0.290815
v 0.228577 0.018774 -0.290558
vn 0.9555 -0.2377 0.1748
vn 0.9212 -0.3474 0.1750
vn 0.9414 -0.3346 -0.0435
vn 0.9730 -0.2266 -0.0441
vn 0.8763 -0.4500 0.1724
vn 0.8987 -0.4365 -0.0422
vn 0.8219 -0.5437 0.1700
vn 0.8465 -0.5308 -0.0400
vn 0.7600 -0.6279 0.1679
vn 0.7864 -0.6166 -0.0370
vn 0.6938 -0.7008 0.1660
vn 0.7198 -0.6934 -0.0335
vn 0.6221 -0.7654 0.1646
vn 0.6481 -0.7610 -0.0296
vn 0.5476 -0.8206 0.1633
vn 0.5727 -0.8194 -0.0255
vn 0.4712 -0.8670 0.1624
vn 0.4944 -0.8690 -0.0213
vn 0.3923 -0.9055 0.1617
vn 0.4141 -0.9101 -0.0172
vn 0.3142 -0.9356 0.1612
vn 0.3325 -0.9430 -0.0133
vn 0.2357 -0.9584 0.1608
vn 0.2500 -0.9682 -0.0096
vn 0.1572 -0.9744 0.1606
vn 0.1669 -0.9860 -0.0062
vn 0.0786 -0.9839 0.1604
vn 0.0835 -0.9965 -0.0032
vn -0.0000 -0.9870 0.1604
vn -0.0000 -1.0000 -0.0006
vn -0.0786 -0.9839 0.1604
vn -0.0835 -0.9965 0.0016
vn -0.1572 -0.9744 0.1606
vn -0.1669 -0.9860 0.0034
vn -0.2357 -0.9584 0.1608
vn -0.2499 -0.9683 0.0048
vn -0.3142 -0.9356 0.1612
vn -0.3324 -0.9431 0.0059
vn -0.3923 -0.9055 0.1617
vn -0.4140 -0.9103 0.0067
vn -0.4712 -0.8670 0.1624
vn -0.4942 -0.8693 0.0072
vn -0.5476 -0.8206 0.1633
vn -0.5725 -0.8199 0.0075
vn -0.6221 -0.7654 0.1646
vn -0.6480 -0.7616 0.0078
vn -0.6938 -0.7008 0.1660
vn -0.7197 -0.6943 0.0080
vn -0.7600 -0.6279 0.1679
vn -0.7864 -0.6177 0.0084
vn -0.8219 -0.5437 0.1700
vn -0.8467 -0.5320 0.0089
vn -0.8763 -0.4500 0.1724
vn -0.8990 -0.4378 0.0097
vn -0.9212 -0.3474 0.1750
vn -0.9418 -0.3360 0.0108
vn -0.9555 -0.2375 0.1748
vn -0.9736 -0.2280 0.0122
vn -0.9555 0.2294 0.1855
vn -0.9212 0.3390 0.1908
vn -0.9418 0.3351 0.0263
vn -0.9736 0.2272 0.0227
vn -0.8763 0.4416 0.1929
vn -0.8990 0.4369 0.0298
vn -0.8219 0.5353 0.1948
vn -0.8467 0.5311 0.0334
vn -0.7600 0.6195 0.1966
vn -0.7864 0.6166 0.0368
vn -0.6938 0.6924 0.1981
vn -0.7197 0.6931 0.0399
vn -0.6221 0.7570 0.1996
vn -0.6480 0.7605 0.0428
vn -0.5476 0.8123 0.2009
vn -0.5725 0.8187 0.0452
vn -0.4712 0.8586 0.2021
vn -0.4942 0.8681 0.0472
vn -0.3923 0.8971 0.2031
vn -0.4140 0.9090 0.0485
vn -0.3142 0.9272 0.2040
vn -0.3324 0.9419 0.0493
vn -0.2357 0.9500 0.2047
vn -0.2499 0.9670 0.0493
vn -0.1572 0.9660 0.2052
vn -0.1669 0.9848 0.0487
vn -0.0786 0.9755 0.2055
vn -0.0835 0.9954 0.0474
vn -0.0000 0.9786 0.2056
vn -0.0000 0.9990 0.0454
vn 0.0786 0.9755 0.2055
vn 0.0835 0.9956 0.0426
vn 0.1572 0.9660 0.2052
vn 0.1669 0.9852 0.0392
vn 0.2357 0.9500 0.2047
vn 0.2500 0.9676 0.0349
vn 0.3142 0.9272 0.2040
vn 0.3325 0.9426 0.0301
vn 0.3923 0.8971 0.2031
vn 0.4141 0.9099 0.0246
vn 0.4712 0.8586 0.2021
vn 0.4944 0.8690 0.0186
vn 0.5476 0.8123 0.2009
vn 0.5727 0.8197 0.0122
vn 0.6221 0.7570 0.1996
vn 0.6481 0.7615 0.0054
vn 0.6938 0.6924 0.1981
vn 0.7198 0.6942 -0.0016
vn 0.7600 0.6195 0.1966
vn 0.7864 0.6177 -0.0086
vn 0.8219 0.5353 0.1948
vn 0.8465 0.5321 -0.0155
vn 0.8763 0.4416 0.1929
vn 0.8987 0.4380 -0.0221
vn 0.9212 0.3390 0.1908
vn 0.9414 0.3362 -0.0280
vn 0.9555 0.2292 0.1855
vn 0.9730 0.2284 -0.0336
vn 0.9991 0.0010 -0.0430
vn 0.9925 -0.1141 -0.0443
vn 0.9910 -0.1091 -0.0781
vn 0.9971 0.0017 -0.0760
vn 0.9727 -0.2180 -0.0794
vn 0.9430 -0.3231 -0.0799
vn 0.9027 -0.4229 -0.0796
vn 0.8529 -0.5161 -0.0787
vn 0.7950 -0.6016 -0.0770
vn 0.7303 -0.6791 -0.0748
vn 0.6599 -0.7479 -0.0722
vn 0.5850 -0.8081 -0.0692
vn 0.5065 -0.8597 -0.0660
vn 0.4255 -0.9028 -0.0625
vn 0.3424 -0.9377 -0.0590
vn 0.2579 -0.9646 -0.0553
vn 0.1726 -0.9836 -0.0517
vn 0.0866 -0.9951 -0.0480
vn 0.0001 -0.9990 -0.0445
vn -0.0860 -0.9954 -0.0410
vn -0.1726 -0.9843 -0.0373
vn -0.2580 -0.9656 -0.0339
vn -0.3427 -0.9390 -0.0305
vn -0.4258 -0.9044 -0.0272
vn -0.5071 -0.8615 -0.0238
vn -0.5857 -0.8103 -0.0206
vn -0.6609 -0.7503 -0.0173
vn -0.7315 -0.6816 -0.0141
vn -0.7966 -0.6044 -0.0109
vn -0.8548 -0.5189 -0.0077
vn -0.9049 -0.4257 -0.0046
vn -0.9455 -0.3258 -0.0015
vn -0.9754 -0.2204 0.0015
vn -0.9932 -0.1155 0.0137
vn -0.9938 -0.1113 0.0044
vn -0.9999 -0.0004 0.0157
vn -1.0000 -0.0002 0.0070
vn -0.9932 0.1148 0.0190
vn -0.9938 0.1110 0.0095
vn -0.9754 0.2201 0.0116
vn -0.9454 0.3255 0.0135
vn -0.9049 0.4254 0.0150
vn -0.8548 0.5187 0.0161
vn -0.7966 0.6043 0.0169
vn -0.7315 0.6816 0.0173
vn -0.6609 0.7503 0.0172
vn -0.5857 0.8103 0.0167
vn -0.5071 0.8617 0.0158
vn -0.4258 0.9047 0.0145
vn -0.3427 0.9394 0.0127
vn -0.2580 0.9661 0.0105
vn -0.1726 0.9850 0.0080
vn -0.0860 0.9963 0.0048
vn -0.0001 1.0000 0.0018
vn 0.0866 0.9962 -0.0021
vn 0.1726 0.9850 -0.0064
vn 0.2578 0.9661 -0.0109
vn 0.3423 0.9394 -0.0158
vn 0.4255 0.9047 -0.0209
vn 0.5065 0.8618 -0.0264
vn 0.5850 0.8104 -0.0320
vn 0.6599 0.7504 -0.0377
vn 0.7303 0.6818 -0.0435
vn 0.7950 0.6045 -0.0492
vn 0.8529 0.5191 -0.0548
vn 0.9027 0.4261 -0.0602
vn 0.9430 0.3264 -0.0650
vn 0.9727 0.2214 -0.0693
vn 0.9925 0.1160 -0.0390
vn 0.9910 0.1125 -0.0730
vn 0.9928 -0.1096 -0.0476
vn 0.9990 0.0010 -0.0453
vn 0.9746 -0.2183 -0.0496
vn 0.9449 -0.3232 -0.0512
vn 0.9047 -0.4229 -0.0524
vn 0.8549 -0.5160 -0.0531
vn 0.7970 -0.6015 -0.0535
vn 0.7322 -0.6789 -0.0535
vn 0.6618 -0.7478 -0.0532
vn 0.5868 -0.8080 -0.0525
vn 0.5082 -0.8597 -0.0515
vn 0.4269 -0.9029 -0.0502
vn 0.3436 -0.9378 -0.0489
vn 0.2589 -0.9648 -0.0472
vn 0.1731 -0.9839 -0.0453
vn 0.0867 -0.9953 -0.0431
vn -0.0001 -0.9992 -0.0409
vn -0.0866 -0.9955 -0.0383
vn -0.1731 -0.9843 -0.0357
vn -0.2590 -0.9653 -0.0329
vn -0.3438 -0.9386 -0.0299
vn -0.4272 -0.9038 -0.0268
vn -0.5085 -0.8607 -0.0236
vn -0.5872 -0.8092 -0.0202
vn -0.6622 -0.7491 -0.0168
vn -0.7328 -0.6803 -0.0133
vn -0.7977 -0.6030 -0.0098
vn -0.8556 -0.5175 -0.0062
vn -0.9055 -0.4244 -0.0027
vn -0.9458 -0.3247 0.0007
vn -0.9756 -0.2196 0.0040
vn -0.9938 -0.1109 0.0070
vn -1.0000 -0.0002 0.0095
vn -0.9938 0.1106 0.0119
vn -0.9756 0.2192 0.0141
vn -0.9458 0.3243 0.0156
vn -0.9055 0.4241 0.0168
vn -0.8556 0.5173 0.0176
vn -0.7977 0.6028 0.0180
vn -0.7327 0.6803 0.0180
vn -0.6622 0.7491 0.0176
vn -0.5872 0.8093 0.0170
vn -0.5085 0.8609 0.0160
vn -0.4272 0.9041 0.0148
vn -0.3438 0.9389 0.0133
vn -0.2590 0.9658 0.0115
vn -0.1731 0.9849 0.0096
vn -0.0866 0.9962 0.0075
vn -0.0001 1.0000 0.0051
vn 0.0867 0.9962 0.0028
vn 0.1731 0.9849 -0.0000
vn 0.2589 0.9659 -0.0028
vn 0.3436 0.9391 -0.0058
vn 0.4269 0.9042 -0.0086
vn 0.5082 0.8611 -0.0120
vn 0.5868 0.8096 -0.0153
vn 0.6618 0.7495 -0.0188
vn 0.7322 0.6807 -0.0222
vn 0.7970 0.6034 -0.0258
vn 0.8549 0.5179 -0.0295
vn 0.9047 0.4249 -0.0329
vn 0.9449 0.3253 -0.0363
vn 0.9746 0.2203 -0.0396
vn 0.9928 0.1117 -0.0426
vn 0.9935 -0.1136 -0.0064
vn 1.0000 0.0001 -0.0037
vn 0.9743 -0.2250 -0.0093
vn 0.9431 -0.3322 -0.0122
vn 0.9011 -0.4334 -0.0151
vn 0.8495 -0.5272 -0.0180
vn 0.7899 -0.6128 -0.0208
vn 0.7238 -0.6896 -0.0234
vn 0.6524 -0.7575 -0.0259
vn 0.5770 -0.8163 -0.0282
vn 0.4986 -0.8663 -0.0303
vn 0.4180 -0.9079 -0.0322
vn 0.3359 -0.9413 -0.0338
vn 0.2527 -0.9669 -0.0352
vn 0.1687 -0.9850 -0.0363
vn 0.0843 -0.9957 -0.0372
vn -0.0003 -0.9993 -0.0379
vn -0.0844 -0.9957 -0.0384
vn -0.1687 -0.9849 -0.0385
vn -0.2526 -0.9668 -0.0385
vn -0.3359 -0.9411 -0.0383
vn -0.4179 -0.9077 -0.0377
vn -0.4985 -0.8661 -0.0369
vn -0.5769 -0.8160 -0.0359
vn -0.6523 -0.7572 -0.0346
vn -0.7237 -0.6893 -0.0331
vn -0.7898 -0.6125 -0.0313
vn -0.8494 -0.5269 -0.0292
vn -0.9010 -0.4330 -0.0271
vn -0.9430 -0.3318 -0.0247
vn -0.9742 -0.2247 -0.0223
vn -0.9934 -0.1132 -0.0197
vn -0.9999 0.0004 -0.0171
vn -0.9934 0.1140 -0.0144
vn -0.9742 0.2254 -0.0119
vn -0.9430 0.3326 -0.0094
vn -0.9010 0.4338 -0.0071
vn -0.8494 0.5277 -0.0051
vn -0.7898 0.6133 -0.0031
vn -0.7237 0.6901 -0.0013
vn -0.6523 0.7580 0.0003
vn -0.5769 0.8168 0.0018
vn -0.4985 0.8669 0.0029
vn -0.4179 0.9085 0.0041
vn -0.3358 0.9419 0.0052
vn -0.2526 0.9675 0.0060
vn -0.1687 0.9857 0.0068
vn -0.0844 0.9964 0.0075
vn -0.0003 1.0000 0.0081
vn 0.0843 0.9964 0.0086
vn 0.1689 0.9856 0.0090
vn 0.2527 0.9675 0.0093
vn 0.3357 0.9419 0.0096
vn 0.4180 0.9084 0.0097
vn 0.4986 0.8668 0.0096
vn 0.5769 0.8167 0.0095
vn 0.6524 0.7578 0.0090
vn 0.7238 0.6900 0.0083
vn 0.7900 0.6131 0.0074
vn 0.8495 0.5275 0.0062
vn 0.9011 0.4336 0.0049
vn 0.9431 0.3324 0.0031
vn 0.9743 0.2252 0.0010
vn 0.9935 0.1137 -0.0012
vn 0.9926 -0.1187 0.0271
vn 0.9995 -0.0007 0.0301
vn 0.9720 -0.2340 0.0235
vn 0.9387 -0.3443 0.0195
vn 0.8941 -0.4475 0.0150
vn 0.8400 -0.5424 0.0105
vn 0.7782 -0.6280 0.0057
vn 0.7103 -0.7039 0.0008
vn 0.6379 -0.7701 -0.0039
vn 0.5622 -0.8270 -0.0085
vn 0.4843 -0.8748 -0.0131
vn 0.4049 -0.9142 -0.0175
vn 0.3245 -0.9456 -0.0215
vn 0.2437 -0.9695 -0.0255
vn 0.1626 -0.9863 -0.0293
vn 0.0812 -0.9962 -0.0326
vn -0.0000 -0.9994 -0.0360
vn -0.0813 -0.9959 -0.0392
vn -0.1622 -0.9859 -0.0419
vn -0.2439 -0.9688 -0.0447
vn -0.3245 -0.9447 -0.0471
vn -0.4047 -0.9131 -0.0492
vn -0.4841 -0.8735 -0.0511
vn -0.5619 -0.8255 -0.0527
vn -0.6375 -0.7686 -0.0540
vn -0.7099 -0.7022 -0.0549
vn -0.7777 -0.6262 -0.0554
vn -0.8395 -0.5406 -0.0555
vn -0.8935 -0.4456 -0.0551
vn -0.9380 -0.3423 -0.0542
vn -0.9712 -0.2321 -0.0529
vn -0.9919 -0.1168 -0.0508
vn -0.9988 0.0011 -0.0484
vn -0.9919 0.1190 -0.0454
vn -0.9712 0.2343 -0.0422
vn -0.9380 0.3445 -0.0384
vn -0.8935 0.4477 -0.0346
vn -0.8395 0.5425 -0.0306
vn -0.7777 0.6280 -0.0265
vn -0.7100 0.7039 -0.0225
vn -0.6376 0.7702 -0.0185
vn -0.5619 0.8271 -0.0147
vn -0.4841 0.8749 -0.0108
vn -0.4047 0.9144 -0.0072
vn -0.3245 0.9459 -0.0036
vn -0.2439 0.9698 -0.0001
vn -0.1622 0.9867 0.0035
vn -0.0813 0.9967 0.0066
vn -0.0000 1.0000 0.0100
vn 0.0812 0.9966 0.0132
vn 0.1626 0.9866 0.0161
vn 0.2437 0.9697 0.0191
vn 0.3245 0.9456 0.0220
vn 0.4049 0.9140 0.0246
vn 0.4843 0.8745 0.0271
vn 0.5622 0.8265 0.0295
vn 0.6379 0.7695 0.0315
vn 0.7103 0.7031 0.0332
vn 0.7782 0.6271 0.0345
vn 0.8400 0.5414 0.0354
vn 0.8941 0.4464 0.0356
vn 0.9387 0.3430 0.0353
vn 0.9720 0.2327 0.0343
vn 0.9926 0.1173 0.0326
vn 0.9924 -0.1220 0.0159
vn 0.9998 -0.0004 0.0191
vn 0.9705 -0.2406 0.0126
vn 0.9354 -0.3535 0.0091
vn 0.8887 -0.4584 0.0054
vn 0.8325 -0.5540 0.0016
vn 0.7688 -0.6395 -0.0021
vn 0.6994 -0.7147 -0.0058
vn 0.6263 -0.7795 -0.0094
vn 0.5505 -0.8347 -0.0128
vn 0.4729 -0.8810 -0.0159
vn 0.3945 -0.9187 -0.0189
vn 0.3158 -0.9486 -0.0218
vn 0.2367 -0.9713 -0.0244
vn 0.1577 -0.9871 -0.0268
vn 0.0790 -0.9965 -0.0291
vn -0.0000 -0.9995 -0.0312
vn -0.0790 -0.9963 -0.0331
vn -0.1579 -0.9868 -0.0349
vn -0.2366 -0.9709 -0.0363
vn -0.3158 -0.9481 -0.0379
vn -0.3945 -0.9181 -0.0389
vn -0.4728 -0.8803 -0.0399
vn -0.5503 -0.8340 -0.0408
vn -0.6261 -0.7786 -0.0412
vn -0.6993 -0.7136 -0.0415
vn -0.7686 -0.6384 -0.0414
vn -0.8322 -0.5529 -0.0407
vn -0.8884 -0.4573 -0.0400
vn -0.9351 -0.3523 -0.0385
vn -0.9702 -0.2394 -0.0367
vn -0.9921 -0.1209 -0.0345
vn -0.9995 0.0007 -0.0320
vn -0.9921 0.1223 -0.0289
vn -0.9702 0.2409 -0.0257
vn -0.9351 0.3537 -0.0223
vn -0.8884 0.4586 -0.0189
vn -0.8322 0.5542 -0.0153
vn -0.7686 0.6397 -0.0120
vn -0.6993 0.7147 -0.0086
vn -0.6261 0.7797 -0.0054
vn -0.5503 0.8349 -0.0024
vn -0.4728 0.8812 0.0006
vn -0.3945 0.9189 0.0033
vn -0.3157 0.9488 0.0058
vn -0.2366 0.9716 0.0084
vn -0.1579 0.9874 0.0105
vn -0.0790 0.9968 0.0127
vn -0.0000 0.9999 0.0148
vn 0.0790 0.9967 0.0168
vn 0.1577 0.9873 0.0186
vn 0.2369 0.9713 0.0203
vn 0.3158 0.9486 0.0219
vn 0.3945 0.9186 0.0233
vn 0.4730 0.8807 0.0246
vn 0.5505 0.8344 0.0256
vn 0.6263 0.7791 0.0265
vn 0.6995 0.7141 0.0270
vn 0.7687 0.6390 0.0273
vn 0.8325 0.5534 0.0271
vn 0.8887 0.4577 0.0264
vn 0.9354 0.3527 0.0253
vn 0.9705 0.2398 0.0237
vn 0.9924 0.1212 0.0215
vn 0.9896 -0.1203 0.0789
vn 0.9625 -0.0600 0.2645
vn 0.9682 -0.1750 0.1790
vn 0.9145 -0.0585 0.4003
vn 0.8241 -0.1118 0.5553
vn -0.8241 -0.1118 0.5553
vn -0.9145 -0.0585 0.4003
vn -0.9682 -0.1750 0.1790
vn -0.9625 -0.0600 0.2645
vn -0.9896 -0.1203 0.0789
vn -0.9896 0.1166 0.0843
vn -0.9625 0.0478 0.2669
vn -0.9682 0.1666 0.1869
vn -0.9145 0.0400 0.4026
vn -0.8241 0.0861 0.5598
vn 0.8241 0.0861 0.5598
vn 0.9145 0.0400 0.4026
vn 0.9682 0.1666 0.1869
vn 0.9625 0.0478 0.2669
vn 0.9896 0.1166 0.0843
vn 0.8058 -0.0136 0.5920
vn 0.8021 0.0885 0.5907
vn 0.6981 0.0685 0.7127
vn 0.7020 -0.0164 0.7120
vn 0.4670 0.0077 0.8842
vn 0.1899 -0.0112 0.9817
vn 0.1877 0.0113 0.9822
vn 0.4619 0.0634 0.8847
vn 0.6865 0.1522 0.7111
vn 0.7896 0.1837 0.5855
vn 0.1834 0.0334 0.9825
vn 0.4519 0.1180 0.8842
vn 0.6674 0.2337 0.7071
vn 0.7673 0.2759 0.5789
vn 0.1771 0.0546 0.9827
vn 0.4372 0.1709 0.8830
vn 0.6412 0.3118 0.7012
vn 0.7357 0.3655 0.5702
vn 0.1690 0.0748 0.9828
vn 0.4181 0.2214 0.8810
vn 0.6085 0.3856 0.6935
vn 0.6965 0.4497 0.5592
vn 0.1592 0.0936 0.9828
vn 0.3950 0.2691 0.8784
vn 0.5700 0.4545 0.6845
vn 0.6505 0.5275 0.5465
vn 0.1480 0.1111 0.9827
vn 0.3681 0.3135 0.8753
vn 0.5262 0.5177 0.6746
vn 0.5986 0.5982 0.5327
vn 0.1355 0.1269 0.9826
vn 0.3379 0.3542 0.8720
vn 0.4779 0.5748 0.6642
vn 0.5419 0.6614 0.5185
vn 0.1219 0.1412 0.9825
vn 0.3049 0.3910 0.8684
vn 0.4258 0.6255 0.6538
vn 0.4812 0.7170 0.5043
vn 0.1073 0.1537 0.9823
vn 0.2692 0.4236 0.8649
vn 0.3704 0.6695 0.6438
vn 0.4173 0.7648 0.4909
vn 0.0921 0.1645 0.9821
vn 0.2314 0.4519 0.8615
vn 0.3124 0.7068 0.6347
vn 0.3509 0.8048 0.4787
vn 0.0761 0.1735 0.9819
vn 0.1918 0.4757 0.8584
vn 0.2522 0.7373 0.6267
vn 0.2827 0.8372 0.4681
vn 0.0597 0.1807 0.9817
vn 0.1507 0.4948 0.8558
vn 0.1905 0.7610 0.6201
vn 0.2131 0.8622 0.4595
vn 0.0429 0.1861 0.9816
vn 0.1085 0.5093 0.8538
vn 0.1276 0.7779 0.6153
vn 0.1425 0.8800 0.4532
vn 0.0259 0.1897 0.9815
vn 0.0654 0.5189 0.8523
vn 0.0640 0.7880 0.6123
vn 0.0714 0.8905 0.4493
vn 0.0086 0.1915 0.9815
vn 0.0219 0.5238 0.8516
vn -0.0000 0.7914 0.6113
vn -0.0000 0.8940 0.4480
vn -0.0086 0.1915 0.9815
vn -0.0219 0.5238 0.8516
vn -0.0640 0.7880 0.6123
vn -0.0714 0.8905 0.4493
vn -0.0259 0.1897 0.9815
vn -0.0654 0.5189 0.8523
vn -0.1276 0.7779 0.6153
vn -0.1425 0.8800 0.4532
vn -0.0429 0.1861 0.9816
vn -0.1085 0.5093 0.8537
vn -0.1905 0.7610 0.6201
vn -0.2131 0.8622 0.4595
vn -0.0597 0.1807 0.9817
vn -0.1507 0.4948 0.8558
vn -0.2522 0.7373 0.6267
vn -0.2827 0.8372 0.4681
vn -0.0761 0.1735 0.9819
vn -0.1918 0.4757 0.8584
vn -0.3124 0.7068 0.6347
vn -0.3509 0.8048 0.4787
vn -0.0921 0.1645 0.9821
vn -0.2314 0.4519 0.8615
vn -0.3704 0.6695 0.6438
vn -0.4173 0.7648 0.4909
vn -0.1073 0.1537 0.9823
vn -0.2692 0.4236 0.8649
vn -0.4258 0.6255 0.6538
vn -0.4812 0.7170 0.5043
vn -0.1219 0.1412 0.9825
vn -0.3049 0.3910 0.8684
vn -0.4779 0.5748 0.6642
vn -0.5419 0.6614 0.5185
vn -0.1355 0.1269 0.9826
vn -0.3379 0.3542 0.8720
vn -0.5262 0.5177 0.6746
vn -0.5986 0.5982 0.5327
vn -0.1480 0.1111 0.9827
vn -0.3681 0.3135 0.8753
vn -0.5700 0.4545 0.6845
vn -0.6505 0.5275 0.5465
vn -0.1592 0.0936 0.9828
vn -0.3950 0.2691 0.8784
vn -0.6085 0.3856 0.6935
vn -0.6965 0.4497 0.5592
vn -0.1690 0.0748 0.9828
vn -0.4181 0.2214 0.8810
vn -0.6412 0.3118 0.7012
vn -0.7357 0.3655 0.5702
vn -0.1771 0.0546 0.9827
vn -0.4372 0.1709 0.8830
vn -0.6674 0.2337 0.7071
vn -0.7673 0.2759 0.5789
vn -0.1834 0.0334 0.9825
vn -0.4519 0.1180 0.8842
vn -0.6865 0.1522 0.7111
vn -0.7896 0.1837 0.5855
vn -0.1877 0.0113 0.9822
vn -0.4619 0.0634 0.8847
vn -0.6981 0.0685 0.7127
vn -0.8021 0.0885 0.5907
vn -0.1899 -0.0112 0.9817
vn -0.4670 0.0077 0.8842
vn -0.7020 -0.0164 0.7120
vn -0.8058 -0.0136 0.5920
vn -0.1899 -0.0339 0.9812
vn -0.4670 -0.0483 0.8830
vn -0.6981 -0.1012 0.7088
vn -0.8021 -0.1155 0.5860
vn -0.1877 -0.0565 0.9806
vn -0.4619 -0.1040 0.8808
vn -0.6865 -0.1848 0.7033
vn -0.7896 -0.2105 0.5764
vn -0.1834 -0.0785 0.9799
vn -0.4519 -0.1586 0.8778
vn -0.6674 -0.2659 0.6956
vn -0.7673 -0.3022 0.5656
vn -0.1771 -0.0997 0.9791
vn -0.4372 -0.2113 0.8742
vn -0.6412 -0.3437 0.6861
vn -0.7357 -0.3913 0.5528
vn -0.1690 -0.1199 0.9783
vn -0.4181 -0.2617 0.8699
vn -0.6085 -0.4171 0.6750
vn -0.6965 -0.4749 0.5380
vn -0.1592 -0.1387 0.9775
vn -0.3950 -0.3092 0.8651
vn -0.5700 -0.4855 0.6629
vn -0.6505 -0.5520 0.5217
vn -0.1480 -0.1561 0.9766
vn -0.3681 -0.3534 0.8600
vn -0.5262 -0.5481 0.6501
vn -0.5986 -0.6220 0.5047
vn -0.1355 -0.1720 0.9757
vn -0.3379 -0.3939 0.8548
vn -0.4779 -0.6047 0.6371
vn -0.5419 -0.6846 0.4875
vn -0.1219 -0.1862 0.9749
vn -0.3049 -0.4305 0.8495
vn -0.4258 -0.6549 0.6244
vn -0.4812 -0.7394 0.4708
vn -0.1073 -0.1987 0.9742
vn -0.2692 -0.4630 0.8445
vn -0.3704 -0.6984 0.6124
vn -0.4173 -0.7865 0.4552
vn -0.0921 -0.2095 0.9735
vn -0.2314 -0.4911 0.8398
vn -0.3124 -0.7353 0.6015
vn -0.3509 -0.8260 0.4412
vn -0.0761 -0.2184 0.9729
vn -0.1918 -0.5147 0.8357
vn -0.2522 -0.7654 0.5921
vn -0.2827 -0.8579 0.4291
vn -0.0597 -0.2256 0.9724
vn -0.1507 -0.5337 0.8322
vn -0.1905 -0.7887 0.5845
vn -0.2131 -0.8824 0.4194
vn -0.0429 -0.2310 0.9720
vn -0.1085 -0.5480 0.8294
vn -0.1276 -0.8054 0.5789
vn -0.1425 -0.8999 0.4122
vn -0.0259 -0.2346 0.9717
vn -0.0654 -0.5576 0.8276
vn -0.0640 -0.8154 0.5754
vn -0.0714 -0.9102 0.4079
vn -0.0086 -0.2364 0.9716
vn -0.0219 -0.5624 0.8266
vn -0.0000 -0.8187 0.5743
vn -0.0000 -0.9137 0.4064
vn 0.0086 -0.2364 0.9716
vn 0.0219 -0.5624 0.8266
vn 0.0640 -0.8154 0.5754
vn 0.0714 -0.9102 0.4079
vn 0.0259 -0.2346 0.9717
vn 0.0654 -0.5576 0.8276
vn 0.1276 -0.8054 0.5789
vn 0.1425 -0.8999 0.4122
vn 0.0429 -0.2310 0.9720
vn 0.1085 -0.5480 0.8294
vn 0.1905 -0.7887 0.5845
vn 0.2131 -0.8824 0.4194
vn 0.0597 -0.2256 0.9724
vn 0.1507 -0.5337 0.8322
vn 0.2522 -0.7654 0.5921
vn 0.2827 -0.8579 0.4291
vn 0.0761 -0.2184 0.9729
vn 0.1918 -0.5147 0.8357
vn 0.3124 -0.7353 0.6015
vn 0.3509 -0.8260 0.4412
vn 0.0921 -0.2095 0.9735
vn 0.2314 -0.4911 0.8398
vn 0.3704 -0.6984 0.6124
vn 0.4173 -0.7865 0.4552
vn 0.1073 -0.1987 0.9742
vn 0.2692 -0.4630 0.8445
vn 0.4258 -0.6549 0.6244
vn 0.4812 -0.7394 0.4708
vn 0.1219 -0.1862 0.9749
vn 0.3049 -0.4305 0.8495
vn 0.4779 -0.6047 0.6371
vn 0.5419 -0.6846 0.4875
vn 0.1355 -0.1720 0.9757
vn 0.3379 -0.3939 0.8548
vn 0.5262 -0.5481 0.6501
vn 0.5986 -0.6220 0.5047
vn 0.1480 -0.1561 0.9766
vn 0.3681 -0.3534 0.8600
vn 0.5700 -0.4855 0.6629
vn 0.6505 -0.5520 0.5217
vn 0.1592 -0.1387 0.9775
vn 0.3950 -0.3092 0.8651
vn 0.6085 -0.4171 0.6750
vn 0.6965 -0.4749 0.5380
vn 0.1690 -0.1199 0.9783
vn 0.4181 -0.2617 0.8699
vn 0.6412 -0.3437 0.6861
vn 0.7357 -0.3913 0.5528
vn 0.1771 -0.0997 0.9791
vn 0.4372 -0.2113 0.8742
vn 0.6674 -0.2659 0.6956
vn 0.7673 -0.3022 0.5656
vn 0.1834 -0.0785 0.9799
vn 0.4519 -0.1586 0.8778
vn 0.6865 -0.1848 0.7033
vn 0.7896 -0.2105 0.5764
vn 0.1877 -0.0565 0.9806
vn 0.4619 -0.1040 0.8808
vn 0.6981 -0.1012 0.7088
vn 0.8021 -0.1155 0.5860
vn 0.1899 -0.0339 0.9812
vn 0.4670 -0.0483 0.8830
vn 0.8323 -0.0127 0.5541
vn 0.9156 -0.0092 0.4020
vn 0.9639 -0.0061 0.2661
vn 0.9966 -0.0019 0.0825
vn -0.8323 -0.0127 0.5541
vn -0.9156 -0.0092 0.4020
vn -0.9639 -0.0061 0.2661
vn -0.9966 -0.0019 0.0825
vn 1.0000 0.0002 -0.0088
vn 0.9924 -0.1225 -0.0117
vn 0.9569 -0.1122 -0.2677
vn 0.9642 0.0061 -0.2650
vn 0.7035 -0.0271 -0.7102
vn 0.2579 0.0063 -0.9661
vn 0.9702 -0.2421 -0.0144
vn 0.9355 -0.2274 -0.2704
vn 0.6929 -0.1128 -0.7122
vn 0.2541 -0.0251 -0.9669
vn 0.9345 -0.3556 -0.0169
vn 0.9011 -0.3369 -0.2728
vn 0.6723 -0.1953 -0.7141
vn 0.2465 -0.0554 -0.9676
vn 0.8871 -0.4611 -0.0193
vn 0.8556 -0.4386 -0.2750
vn 0.6429 -0.2727 -0.7158
vn 0.2356 -0.0837 -0.9682
vn 0.8303 -0.5569 -0.0214
vn 0.8008 -0.5311 -0.2770
vn 0.6059 -0.3438 -0.7174
vn 0.2222 -0.1098 -0.9688
vn 0.7660 -0.6424 -0.0232
vn 0.7388 -0.6135 -0.2788
vn 0.5630 -0.4077 -0.7188
vn 0.2065 -0.1332 -0.9693
vn 0.6964 -0.7172 -0.0248
vn 0.6717 -0.6858 -0.2804
vn 0.5157 -0.4642 -0.7201
vn 0.1890 -0.1540 -0.9698
vn 0.6229 -0.7818 -0.0262
vn 0.6008 -0.7481 -0.2817
vn 0.4651 -0.5134 -0.7212
vn 0.1705 -0.1720 -0.9702
vn 0.5471 -0.8366 -0.0274
vn 0.5277 -0.8010 -0.2828
vn 0.4124 -0.5554 -0.7221
vn 0.1512 -0.1874 -0.9706
vn 0.4697 -0.8823 -0.0284
vn 0.4531 -0.8451 -0.2837
vn 0.3583 -0.5908 -0.7229
vn 0.1314 -0.2003 -0.9709
vn 0.3916 -0.9197 -0.0292
vn 0.3778 -0.8811 -0.2845
vn 0.3035 -0.6199 -0.7236
vn 0.1112 -0.2110 -0.9711
vn 0.3133 -0.9492 -0.0298
vn 0.3021 -0.9096 -0.2851
vn 0.2483 -0.6435 -0.7241
vn 0.0911 -0.2196 -0.9713
vn 0.2348 -0.9716 -0.0302
vn 0.2265 -0.9312 -0.2855
vn 0.1931 -0.6617 -0.7245
vn 0.0708 -0.2263 -0.9715
vn 0.1564 -0.9872 -0.0306
vn 0.1509 -0.9463 -0.2858
vn 0.1378 -0.6751 -0.7248
vn 0.0505 -0.2312 -0.9716
vn 0.0782 -0.9965 -0.0308
vn 0.0754 -0.9553 -0.2860
vn 0.0827 -0.6838 -0.7250
vn 0.0303 -0.2344 -0.9717
vn -0.0000 -0.9995 -0.0308
vn -0.0000 -0.9582 -0.2861
vn 0.0275 -0.6881 -0.7251
vn 0.0101 -0.2360 -0.9717
vn -0.0782 -0.9965 -0.0308
vn -0.0754 -0.9553 -0.2860
vn -0.0275 -0.6881 -0.7251
vn -0.0101 -0.2360 -0.9717
vn -0.1565 -0.9872 -0.0306
vn -0.1509 -0.9463 -0.2858
vn -0.0827 -0.6838 -0.7250
vn -0.0303 -0.2344 -0.9717
vn -0.2348 -0.9716 -0.0302
vn -0.2265 -0.9312 -0.2855
vn -0.1378 -0.6751 -0.7248
vn -0.0505 -0.2312 -0.9716
vn -0.3133 -0.9492 -0.0298
vn -0.3021 -0.9096 -0.2851
vn -0.1931 -0.6617 -0.7245
vn -0.0708 -0.2263 -0.9715
vn -0.3916 -0.9197 -0.0292
vn -0.3778 -0.8811 -0.2845
vn -0.2483 -0.6434 -0.7241
vn -0.0910 -0.2196 -0.9713
vn -0.4697 -0.8823 -0.0284
vn -0.4531 -0.8451 -0.2837
vn -0.3035 -0.6199 -0.7236
vn -0.1112 -0.2110 -0.9711
vn -0.5471 -0.8366 -0.0274
vn -0.5277 -0.8010 -0.2828
vn -0.3583 -0.5908 -0.7229
vn -0.1314 -0.2003 -0.9709
vn -0.6230 -0.7818 -0.0262
vn -0.6009 -0.7481 -0.2817
vn -0.4124 -0.5554 -0.7221
vn -0.1512 -0.1874 -0.9706
vn -0.6964 -0.7172 -0.0248
vn -0.6717 -0.6858 -0.2804
vn -0.4651 -0.5134 -0.7212
vn -0.1705 -0.1720 -0.9702
vn -0.7661 -0.6424 -0.0232
vn -0.7388 -0.6135 -0.2788
vn -0.5157 -0.4642 -0.7201
vn -0.1890 -0.1540 -0.9698
vn -0.8303 -0.5569 -0.0214
vn -0.8007 -0.5311 -0.2771
vn -0.5630 -0.4077 -0.7188
vn -0.2065 -0.1332 -0.9693
vn -0.8871 -0.4611 -0.0193
vn -0.8555 -0.4386 -0.2750
vn -0.6059 -0.3438 -0.7174
vn -0.2222 -0.1098 -0.9688
vn -0.9345 -0.3557 -0.0169
vn -0.9011 -0.3370 -0.2728
vn -0.6428 -0.2727 -0.7158
vn -0.2356 -0.0837 -0.9682
vn -0.9702 -0.2421 -0.0144
vn -0.9355 -0.2274 -0.2704
vn -0.6724 -0.1953 -0.7140
vn -0.2464 -0.0554 -0.9676
vn -0.9924 -0.1225 -0.0117
vn -0.9569 -0.1122 -0.2677
vn -0.6929 -0.1128 -0.7122
vn -0.2540 -0.0251 -0.9669
vn -1.0000 0.0002 -0.0088
vn -0.9642 0.0061 -0.2650
vn -0.7035 -0.0271 -0.7102
vn -0.2580 0.0063 -0.9661
vn -0.9924 0.1229 -0.0060
vn -0.9569 0.1244 -0.2623
vn -0.7035 0.0597 -0.7082
vn -0.2579 0.0381 -0.9654
vn -0.9702 0.2425 -0.0032
vn -0.9355 0.2396 -0.2596
vn -0.6929 0.1455 -0.7062
vn -0.2541 0.0696 -0.9647
vn -0.9345 0.3561 -0.0006
vn -0.9011 0.3491 -0.2570
vn -0.6723 0.2279 -0.7043
vn -0.2465 0.0998 -0.9640
vn -0.8871 0.4615 0.0020
vn -0.8556 0.4508 -0.2546
vn -0.6429 0.3053 -0.7025
vn -0.2356 0.1282 -0.9633
vn -0.8303 0.5573 0.0043
vn -0.8008 0.5433 -0.2523
vn -0.6059 0.3764 -0.7008
vn -0.2222 0.1542 -0.9627
vn -0.7660 0.6428 0.0063
vn -0.7388 0.6257 -0.2503
vn -0.5630 0.4404 -0.6993
vn -0.2065 0.1777 -0.9622
vn -0.6964 0.7176 0.0082
vn -0.6717 0.6979 -0.2485
vn -0.5157 0.4969 -0.6980
vn -0.1890 0.1984 -0.9617
vn -0.6229 0.7822 0.0097
vn -0.6008 0.7603 -0.2470
vn -0.4651 0.5460 -0.6968
vn -0.1705 0.2164 -0.9613
vn -0.5471 0.8370 0.0111
vn -0.5277 0.8132 -0.2457
vn -0.4124 0.5880 -0.6958
vn -0.1512 0.2318 -0.9609
vn -0.4697 0.8827 0.0122
vn -0.4531 0.8573 -0.2446
vn -0.3583 0.6234 -0.6950
vn -0.1314 0.2448 -0.9606
vn -0.3916 0.9200 0.0132
vn -0.3778 0.8933 -0.2436
vn -0.3035 0.6526 -0.6943
vn -0.1112 0.2555 -0.9604
vn -0.3133 0.9496 0.0139
vn -0.3021 0.9218 -0.2429
vn -0.2483 0.6761 -0.6937
vn -0.0911 0.2641 -0.9602
vn -0.2348 0.9719 0.0145
vn -0.2265 0.9434 -0.2424
vn -0.1931 0.6943 -0.6933
vn -0.0708 0.2707 -0.9600
vn -0.1564 0.9876 0.0148
vn -0.1509 0.9585 -0.2420
vn -0.1378 0.7077 -0.6930
vn -0.0505 0.2756 -0.9599
vn -0.0782 0.9968 0.0151
vn -0.0754 0.9674 -0.2418
vn -0.0827 0.7164 -0.6928
vn -0.0303 0.2788 -0.9599
vn -0.0000 0.9999 0.0152
vn -0.0000 0.9704 -0.2417
vn -0.0275 0.7207 -0.6927
vn -0.0101 0.2804 -0.9598
vn 0.0782 0.9968 0.0151
vn 0.0754 0.9674 -0.2418
vn 0.0275 0.7207 -0.6927
vn 0.0101 0.2804 -0.9598
vn 0.1565 0.9876 0.0148
vn 0.1509 0.9585 -0.2420
vn 0.0827 0.7164 -0.6928
vn 0.0303 0.2788 -0.9599
vn 0.2348 0.9719 0.0145
vn 0.2265 0.9434 -0.2424
vn 0.1378 0.7077 -0.6930
vn 0.0505 0.2756 -0.9599
vn 0.3133 0.9496 0.0139
vn 0.3021 0.9218 -0.2429
vn 0.1931 0.6943 -0.6933
vn 0.0708 0.2707 -0.9600
vn 0.3916 0.9200 0.0132
vn 0.3778 0.8933 -0.2436
vn 0.2483 0.6761 -0.6937
vn 0.0910 0.2641 -0.9602
vn 0.4697 0.8827 0.0122
vn 0.4531 0.8573 -0.2446
vn 0.3035 0.6526 -0.6943
vn 0.1112 0.2555 -0.9604
vn 0.5471 0.8370 0.0111
vn 0.5277 0.8132 -0.2457
vn 0.3583 0.6234 -0.6950
vn 0.1314 0.2448 -0.9606
vn 0.6230 0.7822 0.0097
vn 0.6009 0.7602 -0.2470
vn 0.4124 0.5880 -0.6958
vn 0.1512 0.2318 -0.9609
vn 0.6964 0.7176 0.0082
vn 0.6717 0.6979 -0.2485
vn 0.4651 0.5460 -0.6968
vn 0.1705 0.2164 -0.9613
vn 0.7661 0.6427 0.0063
vn 0.7388 0.6257 -0.2503
vn 0.5157 0.4969 -0.6980
vn 0.1890 0.1984 -0.9617
vn 0.8303 0.5573 0.0043
vn 0.8007 0.5433 -0.2523
vn 0.5630 0.4404 -0.6993
vn 0.2065 0.1777 -0.9622
vn 0.8871 0.4615 0.0020
vn 0.8555 0.4508 -0.2546
vn 0.6059 0.3764 -0.7008
vn 0.2222 0.1542 -0.9627
vn 0.9345 0.3561 -0.0006
vn 0.9011 0.3491 -0.2570
vn 0.6428 0.3053 -0.7025
vn 0.2356 0.1282 -0.9633
vn 0.9702 0.2425 -0.0032
vn 0.9355 0.2396 -0.2596
vn 0.6724 0.2279 -0.7043
vn 0.2464 0.0998 -0.9640
vn 0.9924 0.1229 -0.0060
vn 0.9569 0.1244 -0.2623
vn 0.6929 0.1455 -0.7062
vn 0.2540 0.0696 -0.9647
vn 0.2579 0.0381 -0.9654
vn 0.7035 0.0597 -0.7082
vn -0.0000 -0.0230 0.9997
vn -0.0000 0.0230 -0.9997
vt 0.250557 0.986087
vt 0.247525 0.986025
vt 0.248539 0.951846
vt 0.251938 0.951917
vt 0.244312 0.985970
vt 0.244954 0.951782
vt 0.240949 0.985922
vt 0.241215 0.951726
vt 0.237469 0.985881
vt 0.237360 0.951679
vt 0.233905 0.985849
vt 0.233425 0.951640
vt 0.230291 0.985825
vt 0.229449 0.951610
vt 0.226663 0.985810
vt 0.225469 0.951590
vt 0.223054 0.985803
vt 0.221524 0.951580
vt 0.219501 0.985805
vt 0.217652 0.951579
vt 0.216036 0.985816
vt 0.213891 0.951589
vt 0.212694 0.985836
vt 0.210275 0.951608
vt 0.209507 0.985864
vt 0.206841 0.951636
vt 0.062823 0.985935
vt 0.059584 0.985814
vt 0.062354 0.951585
vt 0.065782 0.951715
vt 0.056150 0.985702
vt 0.058706 0.951466
vt 0.052553 0.985599
vt 0.054874 0.951357
vt 0.048829 0.985507
vt 0.050895 0.951259
vt 0.045013 0.985426
vt 0.046806 0.951175
vt 0.041141 0.985357
vt 0.042647 0.951104
vt 0.037252 0.985300
vt 0.038458 0.951047
vt 0.033382 0.985257
vt 0.034280 0.951005
vt 0.029570 0.985228
vt 0.030152 0.950977
vt 0.025851 0.985213
vt 0.026115 0.950966
vt 0.022261 0.985211
vt 0.022207 0.950969
vt 0.018835 0.985224
vt 0.018467 0.950989
vt 0.015607 0.985251
vt 0.014929 0.951023
vt 0.012606 0.985291
vt 0.011628 0.951072
vt 0.009862 0.985345
vt 0.008597 0.951136
vt 0.007402 0.985412
vt 0.005863 0.951214
vt 0.123295 0.985597
vt 0.120294 0.985564
vt 0.120909 0.951360
vt 0.124272 0.951400
vt 0.117103 0.985542
vt 0.117351 0.951333
vt 0.113755 0.985533
vt 0.113631 0.951319
vt 0.110280 0.985535
vt 0.109785 0.951318
vt 0.106714 0.985550
vt 0.105850 0.951330
vt 0.103089 0.985576
vt 0.101865 0.951355
vt 0.099441 0.985614
vt 0.097867 0.951392
vt 0.095805 0.985664
vt 0.093895 0.951442
vt 0.092216 0.985724
vt 0.089987 0.951504
vt 0.088709 0.985794
vt 0.086181 0.951577
vt 0.085317 0.985874
vt 0.082514 0.951660
vt 0.082074 0.985963
vt 0.079021 0.951753
vt 0.079009 0.986059
vt 0.075735 0.951856
vt 0.076154 0.986163
vt 0.072689 0.951965
vt 0.194898 0.985723
vt 0.191890 0.985671
vt 0.194497 0.951425
vt 0.197705 0.951479
vt 0.188687 0.985630
vt 0.191065 0.951381
vt 0.185319 0.985599
vt 0.187441 0.951350
vt 0.181818 0.985578
vt 0.183661 0.951330
vt 0.178219 0.985568
vt 0.179762 0.951322
vt 0.174556 0.985568
vt 0.175779 0.951326
vt 0.170864 0.985580
vt 0.171753 0.951342
vt 0.167180 0.985602
vt 0.167722 0.951371
vt 0.163537 0.985634
vt 0.163724 0.951410
vt 0.159972 0.985677
vt 0.159798 0.951461
vt 0.156519 0.985729
vt 0.155982 0.951523
vt 0.153211 0.985791
vt 0.152312 0.951595
vt 0.150079 0.985861
vt 0.148825 0.951676
vt 0.147155 0.985940
vt 0.145553 0.951766
vt 0.258044 0.952078
vt 0.255116 0.951995
vt 0.251295 0.866790
vt 0.254071 0.866869
vt 0.248293 0.866716
vt 0.245092 0.866648
vt 0.241723 0.866586
vt 0.238220 0.866532
vt 0.234616 0.866486
vt 0.230946 0.866448
vt 0.227245 0.866418
vt 0.223548 0.866398
vt 0.219892 0.866386
vt 0.216311 0.866384
vt 0.212840 0.866391
vt 0.209513 0.866407
vt 0.206361 0.866432
vt 0.058772 0.866282
vt 0.061881 0.866400
vt 0.055457 0.866173
vt 0.051966 0.866074
vt 0.048333 0.865986
vt 0.044594 0.865910
vt 0.040784 0.865847
vt 0.036940 0.865797
vt 0.033099 0.865761
vt 0.029299 0.865739
vt 0.025574 0.865731
vt 0.021963 0.865738
vt 0.018498 0.865759
vt 0.015214 0.865794
vt 0.012143 0.865843
vt 0.009313 0.865905
vt 0.006752 0.865980
vt 0.003454 0.951305
vt 0.004486 0.866067
vt 0.132872 0.951590
vt 0.130283 0.951515
vt 0.129597 0.866250
vt 0.132063 0.866320
vt 0.127407 0.951452
vt 0.126870 0.866189
vt 0.123910 0.866139
vt 0.120744 0.866100
vt 0.117402 0.866073
vt 0.113918 0.866058
vt 0.110324 0.866054
vt 0.106656 0.866063
vt 0.102948 0.866083
vt 0.099236 0.866116
vt 0.095557 0.866159
vt 0.091944 0.866214
vt 0.088434 0.866279
vt 0.085060 0.866354
vt 0.081855 0.866438
vt 0.078849 0.866531
vt 0.076071 0.866631
vt 0.194941 0.866251
vt 0.197865 0.866300
vt 0.191802 0.866212
vt 0.188479 0.866184
vt 0.185005 0.866168
vt 0.181411 0.866162
vt 0.177734 0.866168
vt 0.174008 0.866186
vt 0.170270 0.866214
vt 0.166554 0.866253
vt 0.162898 0.866303
vt 0.159337 0.866363
vt 0.155903 0.866432
vt 0.152632 0.866510
vt 0.149553 0.866596
vt 0.142528 0.951864
vt 0.146698 0.866690
vt 0.139780 0.951968
vt 0.144093 0.866789
vt 0.245827 0.706572
vt 0.248338 0.706644
vt 0.243115 0.706505
vt 0.240226 0.706443
vt 0.237190 0.706388
vt 0.234036 0.706338
vt 0.230794 0.706296
vt 0.227494 0.706261
vt 0.224170 0.706234
vt 0.220853 0.706215
vt 0.217574 0.706204
vt 0.214366 0.706202
vt 0.211260 0.706207
vt 0.208284 0.706221
vt 0.205469 0.706243
vt 0.052022 0.705905
vt 0.054785 0.706010
vt 0.049072 0.705808
vt 0.045964 0.705719
vt 0.042726 0.705642
vt 0.039391 0.705574
vt 0.035991 0.705519
vt 0.032558 0.705475
vt 0.029125 0.705443
vt 0.025726 0.705425
vt 0.022393 0.705419
vt 0.019158 0.705426
vt 0.016052 0.705446
vt 0.013106 0.705478
vt 0.010348 0.705523
vt 0.007804 0.705580
vt 0.005498 0.705648
vt 0.003454 0.705727
vt 0.130638 0.705859
vt 0.132872 0.705923
vt 0.128172 0.705804
vt 0.125498 0.705759
vt 0.122641 0.705723
vt 0.119630 0.705698
vt 0.116493 0.705683
vt 0.113260 0.705679
vt 0.109963 0.705686
vt 0.106634 0.705704
vt 0.103303 0.705732
vt 0.100005 0.705770
vt 0.096769 0.705818
vt 0.093628 0.705876
vt 0.090612 0.705943
vt 0.087749 0.706017
vt 0.085067 0.706099
vt 0.082593 0.706188
vt 0.195957 0.706121
vt 0.198562 0.706164
vt 0.193158 0.706087
vt 0.190191 0.706062
vt 0.187085 0.706048
vt 0.183871 0.706044
vt 0.180579 0.706050
vt 0.177240 0.706066
vt 0.173887 0.706093
vt 0.170552 0.706129
vt 0.167268 0.706174
vt 0.164065 0.706229
vt 0.160976 0.706292
vt 0.158028 0.706363
vt 0.155252 0.706441
vt 0.152673 0.706526
vt 0.150317 0.706616
vt 0.244645 0.484876
vt 0.246898 0.484941
vt 0.242201 0.484816
vt 0.239591 0.484762
vt 0.236840 0.484712
vt 0.233973 0.484669
vt 0.231020 0.484632
vt 0.228007 0.484602
vt 0.224964 0.484579
vt 0.221921 0.484563
vt 0.218906 0.484555
vt 0.215949 0.484554
vt 0.213078 0.484560
vt 0.210321 0.484574
vt 0.207704 0.484596
vt 0.048857 0.484237
vt 0.051460 0.484335
vt 0.046086 0.484146
vt 0.043173 0.484063
vt 0.040146 0.483989
vt 0.037033 0.483925
vt 0.033866 0.483871
vt 0.030675 0.483829
vt 0.027490 0.483797
vt 0.024341 0.483777
vt 0.021261 0.483769
vt 0.018277 0.483773
vt 0.015419 0.483788
vt 0.012714 0.483815
vt 0.010189 0.483854
vt 0.007867 0.483903
vt 0.005771 0.483963
vt 0.003921 0.484033
vt 0.130665 0.484097
vt 0.132661 0.484155
vt 0.128452 0.484048
vt 0.126043 0.484008
vt 0.123461 0.483977
vt 0.120730 0.483956
vt 0.117878 0.483945
vt 0.114932 0.483943
vt 0.111920 0.483952
vt 0.108870 0.483970
vt 0.105814 0.483998
vt 0.102779 0.484036
vt 0.099795 0.484082
vt 0.096891 0.484137
vt 0.094095 0.484200
vt 0.091433 0.484271
vt 0.088932 0.484349
vt 0.086615 0.484432
vt 0.193730 0.484539
vt 0.196169 0.484580
vt 0.191118 0.484506
vt 0.188358 0.484482
vt 0.185476 0.484468
vt 0.182501 0.484462
vt 0.179461 0.484466
vt 0.176386 0.484479
vt 0.173304 0.484501
vt 0.170247 0.484532
vt 0.167242 0.484572
vt 0.164320 0.484619
vt 0.161507 0.484675
vt 0.158832 0.484738
vt 0.156321 0.484807
vt 0.153996 0.484883
vt 0.151881 0.484963
vt 0.249942 0.280119
vt 0.251966 0.280176
vt 0.247741 0.280065
vt 0.245382 0.280017
vt 0.242889 0.279973
vt 0.240285 0.279935
vt 0.237596 0.279902
vt 0.234847 0.279876
vt 0.232065 0.279857
vt 0.229277 0.279843
vt 0.226509 0.279837
vt 0.223789 0.279838
vt 0.221142 0.279845
vt 0.218594 0.279859
vt 0.216169 0.279880
vt 0.054559 0.279878
vt 0.056999 0.279970
vt 0.051968 0.279794
vt 0.049249 0.279716
vt 0.046429 0.279647
vt 0.043535 0.279586
vt 0.040595 0.279535
vt 0.037637 0.279494
vt 0.034689 0.279462
vt 0.031781 0.279442
vt 0.028940 0.279432
vt 0.026194 0.279433
vt 0.023568 0.279445
vt 0.021088 0.279468
vt 0.018779 0.279501
vt 0.016662 0.279544
vt 0.014757 0.279597
vt 0.013084 0.279659
vt 0.123895 0.279658
vt 0.125680 0.279710
vt 0.121908 0.279615
vt 0.119737 0.279579
vt 0.117402 0.279552
vt 0.114927 0.279534
vt 0.112335 0.279526
vt 0.109652 0.279526
vt 0.106902 0.279536
vt 0.104113 0.279554
vt 0.101311 0.279582
vt 0.098524 0.279618
vt 0.095777 0.279663
vt 0.093099 0.279715
vt 0.090514 0.279775
vt 0.088047 0.279841
vt 0.085722 0.279914
vt 0.083562 0.279992
vt 0.184701 0.279862
vt 0.186976 0.279901
vt 0.182272 0.279831
vt 0.179712 0.279808
vt 0.177046 0.279793
vt 0.174299 0.279787
vt 0.171498 0.279789
vt 0.168671 0.279799
vt 0.165843 0.279818
vt 0.163043 0.279844
vt 0.160298 0.279879
vt 0.157633 0.279921
vt 0.155075 0.279970
vt 0.152648 0.280025
vt 0.150375 0.280087
vt 0.148279 0.280154
vt 0.146379 0.280226
vt 0.255340 0.140167
vt 0.257249 0.140222
vt 0.253257 0.140117
vt 0.251021 0.140072
vt 0.248652 0.140031
vt 0.246173 0.139995
vt 0.243609 0.139965
vt 0.240984 0.139941
vt 0.238323 0.139923
vt 0.235652 0.139912
vt 0.232996 0.139907
vt 0.230382 0.139908
vt 0.227834 0.139916
vt 0.225377 0.139930
vt 0.223035 0.139951
vt 0.060647 0.140276
vt 0.063024 0.140364
vt 0.058127 0.140194
vt 0.055486 0.140118
vt 0.052751 0.140051
vt 0.049948 0.139991
vt 0.047104 0.139941
vt 0.044246 0.139899
vt 0.041402 0.139868
vt 0.038598 0.139847
vt 0.035863 0.139836
vt 0.033223 0.139835
vt 0.030702 0.139845
vt 0.028325 0.139865
vt 0.026116 0.139895
vt 0.024095 0.139935
vt 0.022282 0.139984
vt 0.020694 0.140043
vt 0.118243 0.139998
vt 0.119920 0.140047
vt 0.116368 0.139957
vt 0.114313 0.139924
vt 0.112099 0.139900
vt 0.109747 0.139884
vt 0.107279 0.139876
vt 0.104719 0.139878
vt 0.102092 0.139888
vt 0.099423 0.139907
vt 0.096738 0.139935
vt 0.094063 0.139971
vt 0.091423 0.140015
vt 0.088843 0.140067
vt 0.086350 0.140125
vt 0.083966 0.140190
vt 0.081715 0.140261
vt 0.079618 0.140337
vt 0.177344 0.139953
vt 0.179552 0.139991
vt 0.174991 0.139923
vt 0.172516 0.139900
vt 0.169943 0.139885
vt 0.167296 0.139878
vt 0.164602 0.139878
vt 0.161886 0.139887
vt 0.159174 0.139903
vt 0.156492 0.139928
vt 0.153867 0.139959
vt 0.151323 0.139998
vt 0.148885 0.140044
vt 0.146577 0.140096
vt 0.144420 0.140154
vt 0.142436 0.140217
vt 0.140643 0.140285
vt 0.253500 0.983771
vt 0.253424 0.985239
vt 0.251313 0.986105
vt 0.253338 0.986865
vt 0.251313 0.986105
vt 0.253264 0.988215
vt 0.005359 0.985487
vt 0.005304 0.985489
vt 0.006826 0.985433
vt 0.005201 0.984574
vt 0.005124 0.983105
vt 0.126172 0.983256
vt 0.126113 0.984725
vt 0.124041 0.985609
vt 0.126047 0.986353
vt 0.125989 0.987704
vt 0.145388 0.988010
vt 0.144822 0.986788
vt 0.146435 0.985963
vt 0.144198 0.985433
vt 0.146435 0.985963
vt 0.143682 0.984309
vt 0.146177 0.994436
vt 0.148334 0.994352
vt 0.149264 0.996369
vt 0.147178 0.996448
vt 0.523242 0.754196
vt 0.521084 0.752422
vt 0.521773 0.751681
vt 0.523837 0.753378
vt 0.522704 0.750661
vt 0.524649 0.752260
vt 0.520952 0.748833
vt 0.519915 0.749743
vt 0.519149 0.750405
vt 0.151556 0.996295
vt 0.150714 0.994270
vt 0.519407 0.746789
vt 0.518280 0.747579
vt 0.517445 0.748156
vt 0.154041 0.996227
vt 0.153294 0.994191
vt 0.518085 0.744546
vt 0.516883 0.745209
vt 0.515989 0.745696
vt 0.156696 0.996166
vt 0.156052 0.994116
vt 0.516998 0.742122
vt 0.515738 0.742654
vt 0.514795 0.743047
vt 0.159497 0.996112
vt 0.158960 0.994046
vt 0.516161 0.739538
vt 0.514857 0.739936
vt 0.513874 0.740234
vt 0.162418 0.996066
vt 0.161992 0.993982
vt 0.515582 0.736818
vt 0.514251 0.737083
vt 0.513238 0.737283
vt 0.165433 0.996028
vt 0.165118 0.993926
vt 0.515270 0.733987
vt 0.513926 0.734120
vt 0.512893 0.734221
vt 0.168511 0.995998
vt 0.168309 0.993879
vt 0.515232 0.731072
vt 0.513887 0.731076
vt 0.512843 0.731078
vt 0.171623 0.995977
vt 0.171535 0.993842
vt 0.515470 0.728103
vt 0.514135 0.727981
vt 0.513090 0.727885
vt 0.174740 0.995966
vt 0.174764 0.993815
vt 0.515983 0.725109
vt 0.514670 0.724866
vt 0.513633 0.724673
vt 0.177829 0.995963
vt 0.177964 0.993799
vt 0.516767 0.722120
vt 0.515486 0.721761
vt 0.514467 0.721473
vt 0.180862 0.995970
vt 0.181105 0.993795
vt 0.517817 0.719168
vt 0.516576 0.718697
vt 0.515584 0.718318
vt 0.183807 0.995986
vt 0.184157 0.993803
vt 0.519123 0.716283
vt 0.517931 0.715705
vt 0.516974 0.715237
vt 0.186635 0.996011
vt 0.187088 0.993822
vt 0.520672 0.713495
vt 0.519536 0.712814
vt 0.518623 0.712263
vt 0.189319 0.996045
vt 0.189872 0.993854
vt 0.522447 0.710832
vt 0.521377 0.710054
vt 0.520513 0.709426
vt 0.191830 0.996088
vt 0.192479 0.993897
vt 0.524433 0.708321
vt 0.523435 0.707452
vt 0.522629 0.706752
vt 0.081919 0.996395
vt 0.079535 0.996481
vt 0.078820 0.994299
vt 0.081296 0.994211
vt 0.526608 0.705988
vt 0.525689 0.705032
vt 0.524950 0.704266
vt 0.084488 0.996315
vt 0.083960 0.994132
vt 0.528949 0.703856
vt 0.528118 0.702821
vt 0.527451 0.701994
vt 0.087215 0.996241
vt 0.086784 0.994063
vt 0.531433 0.701946
vt 0.530696 0.700839
vt 0.530108 0.699958
vt 0.090071 0.996176
vt 0.089743 0.994004
vt 0.534034 0.700279
vt 0.533398 0.699104
vt 0.532895 0.698178
vt 0.093028 0.996118
vt 0.092807 0.993955
vt 0.536724 0.698867
vt 0.536196 0.697635
vt 0.535783 0.696671
vt 0.096059 0.996070
vt 0.095945 0.993918
vt 0.539475 0.697725
vt 0.539064 0.696444
vt 0.538744 0.695451
vt 0.099131 0.996030
vt 0.099128 0.993892
vt 0.542260 0.696862
vt 0.541972 0.695543
vt 0.541749 0.694529
vt 0.102216 0.996000
vt 0.102324 0.993877
vt 0.545049 0.696285
vt 0.544890 0.694938
vt 0.544768 0.693913
vt 0.105283 0.995980
vt 0.105503 0.993872
vt 0.547815 0.695997
vt 0.547792 0.694634
vt 0.547772 0.693608
vt 0.108302 0.995970
vt 0.108635 0.993878
vt 0.550531 0.695997
vt 0.550648 0.694634
vt 0.550732 0.693615
vt 0.111245 0.995970
vt 0.111688 0.993894
vt 0.553172 0.696283
vt 0.553432 0.694935
vt 0.553620 0.693935
vt 0.114084 0.995980
vt 0.114635 0.993918
vt 0.555713 0.696849
vt 0.556117 0.695533
vt 0.556409 0.694561
vt 0.116792 0.995999
vt 0.117447 0.993950
vt 0.558134 0.697688
vt 0.558680 0.696421
vt 0.559073 0.695488
vt 0.119344 0.996029
vt 0.120098 0.993989
vt 0.560414 0.698791
vt 0.561097 0.697590
vt 0.561589 0.696706
vt 0.121719 0.996068
vt 0.122563 0.994035
vt 0.562535 0.700147
vt 0.563348 0.699030
vt 0.563942 0.698211
vt 0.123901 0.996116
vt 0.124819 0.994087
vt 0.564480 0.701746
vt 0.565411 0.700726
vt 0.566355 0.699690
vt 0.125854 0.996172
vt 0.126845 0.994144
vt 0.566232 0.703575
vt 0.567268 0.702665
vt 0.568309 0.701728
vt 0.566986 0.698927
vt 0.568993 0.701023
vt 0.567777 0.705618
vt 0.568904 0.704828
vt 0.569738 0.704251
vt 0.014927 0.995794
vt 0.012864 0.995852
vt 0.011796 0.993811
vt 0.013959 0.993742
vt 0.569099 0.707861
vt 0.570301 0.707199
vt 0.571194 0.706711
vt 0.017241 0.995747
vt 0.016364 0.993681
vt 0.570186 0.710285
vt 0.571446 0.709754
vt 0.572389 0.709360
vt 0.019767 0.995710
vt 0.018990 0.993629
vt 0.571023 0.712869
vt 0.572326 0.712471
vt 0.573309 0.712173
vt 0.022482 0.995685
vt 0.021811 0.993587
vt 0.571602 0.715589
vt 0.572933 0.715325
vt 0.573946 0.715125
vt 0.025362 0.995671
vt 0.024801 0.993557
vt 0.571913 0.718420
vt 0.573258 0.718287
vt 0.574291 0.718187
vt 0.028379 0.995670
vt 0.027932 0.993539
vt 0.571952 0.721335
vt 0.573297 0.721331
vt 0.574341 0.721329
vt 0.031503 0.995680
vt 0.031174 0.993534
vt 0.571714 0.724305
vt 0.573049 0.724426
vt 0.574093 0.724522
vt 0.034705 0.995702
vt 0.034495 0.993542
vt 0.571201 0.727299
vt 0.572514 0.727542
vt 0.573550 0.727735
vt 0.037954 0.995736
vt 0.037864 0.993564
vt 0.570416 0.730287
vt 0.571698 0.730647
vt 0.572717 0.730934
vt 0.041217 0.995781
vt 0.041248 0.993600
vt 0.569366 0.733239
vt 0.570607 0.733711
vt 0.571599 0.734090
vt 0.044462 0.995838
vt 0.044613 0.993649
vt 0.568061 0.736124
vt 0.569253 0.736703
vt 0.570210 0.737170
vt 0.047658 0.995904
vt 0.047928 0.993712
vt 0.566512 0.738912
vt 0.567647 0.739593
vt 0.568561 0.740145
vt 0.050773 0.995981
vt 0.051160 0.993787
vt 0.564736 0.741576
vt 0.565806 0.742354
vt 0.566670 0.742982
vt 0.053773 0.996066
vt 0.054276 0.993875
vt 0.562751 0.744087
vt 0.563749 0.744956
vt 0.564555 0.745655
vt 0.056632 0.996160
vt 0.057246 0.993973
vt 0.560576 0.746420
vt 0.561494 0.747375
vt 0.562234 0.748141
vt 0.059300 0.996260
vt 0.060043 0.994082
vt 0.558234 0.748551
vt 0.559066 0.749586
vt 0.559732 0.750413
vt 0.214553 0.996196
vt 0.211898 0.996218
vt 0.211355 0.994035
vt 0.214131 0.994018
vt 0.555750 0.750461
vt 0.556488 0.751569
vt 0.557075 0.752449
vt 0.217368 0.996181
vt 0.217047 0.994011
vt 0.553150 0.752129
vt 0.553786 0.753303
vt 0.554289 0.754229
vt 0.220291 0.996173
vt 0.220074 0.994015
vt 0.550460 0.753540
vt 0.550987 0.754773
vt 0.551401 0.755736
vt 0.223293 0.996172
vt 0.223183 0.994028
vt 0.547709 0.754682
vt 0.548120 0.755963
vt 0.548440 0.756957
vt 0.226344 0.996180
vt 0.226343 0.994050
vt 0.544924 0.755545
vt 0.545212 0.756865
vt 0.545435 0.757879
vt 0.229414 0.996194
vt 0.229524 0.994081
vt 0.542135 0.756122
vt 0.542293 0.757470
vt 0.542416 0.758495
vt 0.232473 0.996216
vt 0.232694 0.994121
vt 0.539369 0.756411
vt 0.539392 0.757773
vt 0.539412 0.758800
vt 0.235492 0.996245
vt 0.235824 0.994167
vt 0.536653 0.756411
vt 0.536536 0.757774
vt 0.536452 0.758792
vt 0.238441 0.996281
vt 0.238884 0.994220
vt 0.534012 0.756125
vt 0.533752 0.757473
vt 0.533564 0.758473
vt 0.241293 0.996323
vt 0.241844 0.994277
vt 0.531470 0.755559
vt 0.531066 0.756875
vt 0.530775 0.757846
vt 0.244021 0.996371
vt 0.244676 0.994339
vt 0.529050 0.754720
vt 0.528504 0.755987
vt 0.528110 0.756919
vt 0.246601 0.996425
vt 0.247355 0.994403
vt 0.526770 0.753617
vt 0.526087 0.754817
vt 0.525594 0.755701
vt 0.249008 0.996483
vt 0.249855 0.994470
vt 0.251229 0.996546
vt 0.252151 0.994537
vt 0.255055 0.988208
vt 0.252539 0.988137
vt 0.253054 0.986916
vt 0.255608 0.986988
vt 0.256012 0.985312
vt 0.256109 0.983845
vt 0.129925 0.987761
vt 0.127713 0.987696
vt 0.128271 0.986465
vt 0.130521 0.986531
vt 0.128663 0.984781
vt 0.130944 0.984847
vt 0.128735 0.983312
vt 0.131028 0.983379
vt 0.125241 0.987643
vt 0.125755 0.986410
vt 0.141881 0.983734
vt 0.144331 0.983641
vt 0.144415 0.985109
vt 0.141985 0.985201
vt 0.142423 0.986878
vt 0.143024 0.988099
vt 0.258030 0.006146
vt 0.256179 0.006094
vt 0.256194 0.003706
vt 0.258029 0.003758
vt 0.627971 0.137986
vt 0.625649 0.137934
vt 0.625749 0.136744
vt 0.627924 0.136793
vt 0.625849 0.135550
vt 0.627878 0.135595
vt 0.254159 0.006045
vt 0.254175 0.003657
vt 0.623339 0.137596
vt 0.623582 0.136427
vt 0.623826 0.135254
vt 0.251989 0.006001
vt 0.252007 0.003613
vt 0.621062 0.136976
vt 0.621442 0.135844
vt 0.621824 0.134708
vt 0.249691 0.005961
vt 0.249710 0.003573
vt 0.618840 0.136079
vt 0.619348 0.134999
vt 0.619858 0.133915
vt 0.247285 0.005927
vt 0.247306 0.003539
vt 0.616694 0.134915
vt 0.617320 0.133898
vt 0.617947 0.132878
vt 0.244797 0.005898
vt 0.244819 0.003510
vt 0.614647 0.133494
vt 0.615376 0.132550
vt 0.616109 0.131603
vt 0.242249 0.005875
vt 0.242273 0.003487
vt 0.612716 0.131831
vt 0.613538 0.130966
vt 0.614364 0.130099
vt 0.239666 0.005857
vt 0.239692 0.003470
vt 0.610921 0.129941
vt 0.611824 0.129161
vt 0.612730 0.128378
vt 0.237073 0.005846
vt 0.237100 0.003458
vt 0.609278 0.127842
vt 0.610250 0.127150
vt 0.611226 0.126455
vt 0.234495 0.005841
vt 0.234523 0.003454
vt 0.607805 0.125555
vt 0.608836 0.124952
vt 0.609870 0.124349
vt 0.231957 0.005843
vt 0.231987 0.003455
vt 0.606515 0.123101
vt 0.607593 0.122590
vt 0.608676 0.122078
vt 0.229483 0.005851
vt 0.229514 0.003463
vt 0.605420 0.120504
vt 0.606537 0.120086
vt 0.607659 0.119666
vt 0.227097 0.005864
vt 0.227129 0.003476
vt 0.604531 0.117790
vt 0.605679 0.117464
vt 0.606831 0.117138
vt 0.224823 0.005884
vt 0.224865 0.003496
vt 0.603857 0.114984
vt 0.605027 0.114751
vt 0.606202 0.114518
vt 0.063520 0.006355
vt 0.061211 0.006269
vt 0.061221 0.003882
vt 0.063519 0.003968
vt 0.603404 0.112114
vt 0.604589 0.111974
vt 0.605778 0.111834
vt 0.058762 0.006189
vt 0.058773 0.003802
vt 0.603176 0.109206
vt 0.604369 0.109160
vt 0.605565 0.109113
vt 0.056197 0.006116
vt 0.056209 0.003729
vt 0.603176 0.106290
vt 0.604369 0.106337
vt 0.605565 0.106384
vt 0.053540 0.006050
vt 0.053553 0.003663
vt 0.603404 0.103393
vt 0.604589 0.103534
vt 0.605778 0.103675
vt 0.050817 0.005992
vt 0.050832 0.003606
vt 0.603857 0.100543
vt 0.605027 0.100778
vt 0.606201 0.101014
vt 0.048055 0.005943
vt 0.048071 0.003556
vt 0.604531 0.097768
vt 0.605678 0.098098
vt 0.606829 0.098429
vt 0.045279 0.005903
vt 0.045296 0.003516
vt 0.605420 0.095094
vt 0.606535 0.095519
vt 0.607654 0.095945
vt 0.042517 0.005873
vt 0.042535 0.003486
vt 0.606515 0.092547
vt 0.607589 0.093067
vt 0.608667 0.093588
vt 0.039795 0.005852
vt 0.039815 0.003465
vt 0.607805 0.090152
vt 0.608828 0.090766
vt 0.609855 0.091382
vt 0.037139 0.005841
vt 0.037160 0.003454
vt 0.609278 0.087931
vt 0.610240 0.088638
vt 0.611205 0.089348
vt 0.034575 0.005840
vt 0.034598 0.003454
vt 0.610921 0.085906
vt 0.611808 0.086704
vt 0.612699 0.087504
vt 0.032128 0.005850
vt 0.032152 0.003463
vt 0.612716 0.084097
vt 0.613517 0.084981
vt 0.614322 0.085869
vt 0.029821 0.005869
vt 0.029847 0.003482
vt 0.614646 0.082521
vt 0.615349 0.083486
vt 0.616054 0.084454
vt 0.027676 0.005898
vt 0.027704 0.003512
vt 0.616694 0.081193
vt 0.617285 0.082230
vt 0.617879 0.083271
vt 0.025715 0.005937
vt 0.025744 0.003550
vt 0.618839 0.080126
vt 0.619307 0.081224
vt 0.619776 0.082327
vt 0.023955 0.005985
vt 0.023985 0.003598
vt 0.621061 0.079330
vt 0.621395 0.080476
vt 0.621730 0.081627
vt 0.022414 0.006041
vt 0.022458 0.003654
vt 0.623338 0.078813
vt 0.623531 0.079991
vt 0.623724 0.081174
vt 0.118819 0.006006
vt 0.117192 0.005959
vt 0.117172 0.003572
vt 0.118785 0.003619
vt 0.625649 0.078579
vt 0.625695 0.079772
vt 0.625742 0.080970
vt 0.115373 0.005919
vt 0.115355 0.003532
vt 0.627971 0.078632
vt 0.627871 0.079821
vt 0.627771 0.081016
vt 0.113380 0.005887
vt 0.113364 0.003500
vt 0.630281 0.078970
vt 0.630038 0.080138
vt 0.629793 0.081312
vt 0.111232 0.005863
vt 0.111217 0.003476
vt 0.632558 0.079590
vt 0.632178 0.080721
vt 0.631796 0.081857
vt 0.108950 0.005848
vt 0.108936 0.003461
vt 0.634780 0.080486
vt 0.634272 0.081566
vt 0.633762 0.082650
vt 0.106555 0.005841
vt 0.106543 0.003454
vt 0.636925 0.081650
vt 0.636301 0.082667
vt 0.635673 0.083688
vt 0.104071 0.005843
vt 0.104061 0.003455
vt 0.638973 0.083071
vt 0.638244 0.084015
vt 0.637510 0.084963
vt 0.101521 0.005853
vt 0.101512 0.003465
vt 0.640904 0.084734
vt 0.640082 0.085599
vt 0.639255 0.086466
vt 0.098930 0.005871
vt 0.098923 0.003484
vt 0.642699 0.086625
vt 0.641796 0.087405
vt 0.640889 0.088187
vt 0.096324 0.005899
vt 0.096318 0.003511
vt 0.644341 0.088723
vt 0.643370 0.089416
vt 0.642393 0.090110
vt 0.093727 0.005934
vt 0.093722 0.003546
vt 0.645815 0.091011
vt 0.644785 0.091613
vt 0.643750 0.092217
vt 0.091163 0.005976
vt 0.091160 0.003589
vt 0.647105 0.093465
vt 0.646026 0.093975
vt 0.644944 0.094487
vt 0.088659 0.006026
vt 0.088657 0.003639
vt 0.648200 0.096061
vt 0.647082 0.096479
vt 0.645961 0.096899
vt 0.086238 0.006083
vt 0.086236 0.003696
vt 0.649089 0.098775
vt 0.647941 0.099101
vt 0.646789 0.099428
vt 0.083922 0.006146
vt 0.083922 0.003759
vt 0.649763 0.101581
vt 0.648592 0.101814
vt 0.647418 0.102048
vt 0.081736 0.006215
vt 0.081737 0.003828
vt 0.650216 0.104452
vt 0.649031 0.104591
vt 0.647842 0.104732
vt 0.079699 0.006289
vt 0.079709 0.003901
vt 0.650443 0.107359
vt 0.649251 0.107405
vt 0.648055 0.107452
vt 0.177565 0.005951
vt 0.175420 0.005915
vt 0.175385 0.003527
vt 0.177521 0.003564
vt 0.650443 0.110275
vt 0.649251 0.110228
vt 0.648055 0.110181
vt 0.173134 0.005885
vt 0.173101 0.003498
vt 0.650216 0.113172
vt 0.649031 0.113031
vt 0.647842 0.112890
vt 0.170731 0.005863
vt 0.170698 0.003475
vt 0.649763 0.116022
vt 0.648593 0.115787
vt 0.647419 0.115551
vt 0.168232 0.005848
vt 0.168200 0.003461
vt 0.649089 0.118797
vt 0.647942 0.118467
vt 0.646791 0.118137
vt 0.165662 0.005841
vt 0.165632 0.003454
vt 0.648200 0.121471
vt 0.647085 0.121046
vt 0.645966 0.120621
vt 0.163046 0.005842
vt 0.163017 0.003454
vt 0.647105 0.124018
vt 0.646031 0.123499
vt 0.644953 0.122977
vt 0.160409 0.005850
vt 0.160381 0.003462
vt 0.645815 0.126414
vt 0.644792 0.125800
vt 0.643764 0.125184
vt 0.157776 0.005866
vt 0.157750 0.003478
vt 0.644341 0.128634
vt 0.643380 0.127927
vt 0.642415 0.127218
vt 0.155173 0.005889
vt 0.155148 0.003502
vt 0.642699 0.130659
vt 0.641812 0.129861
vt 0.640920 0.129061
vt 0.152625 0.005920
vt 0.152602 0.003533
vt 0.640904 0.132468
vt 0.640103 0.131584
vt 0.639298 0.130696
vt 0.150156 0.005958
vt 0.150134 0.003570
vt 0.638973 0.134044
vt 0.638271 0.133079
vt 0.637565 0.132111
vt 0.147791 0.006002
vt 0.147770 0.003614
vt 0.636926 0.135372
vt 0.636335 0.134335
vt 0.635741 0.133294
vt 0.145551 0.006052
vt 0.145532 0.003665
vt 0.634780 0.136439
vt 0.634313 0.135341
vt 0.633843 0.134238
vt 0.143458 0.006108
vt 0.143441 0.003721
vt 0.632559 0.137235
vt 0.632225 0.136089
vt 0.631889 0.134939
vt 0.141533 0.006170
vt 0.141518 0.003782
vt 0.630281 0.137753
vt 0.630089 0.136575
vt 0.629896 0.135391
vt 0.139794 0.003847
vt 0.139795 0.006235
vt 0.569752 0.695583
vt 0.572258 0.696272
vt 0.572859 0.696908
s 1
usemtl 04_|_dark_walnut_grain
f 1/1/1 2/2/2 62/3/3 61/4/4
f 2/2/2 3/5/5 63/6/6 62/3/3
f 3/5/5 4/7/7 64/8/8 63/6/6
f 4/7/7 5/9/9 65/10/10 64/8/8
f 5/9/9 6/11/11 66/12/12 65/10/10
f 6/11/11 7/13/13 67/14/14 66/12/12
f 7/13/13 8/15/15 68/16/16 67/14/14
f 8/15/15 9/17/17 69/18/18 68/16/16
f 9/17/17 10/19/19 70/20/20 69/18/18
f 10/19/19 11/21/21 71/22/22 70/20/20
f 11/21/21 12/23/23 72/24/24 71/22/22
f 12/23/23 13/25/25 73/26/26 72/24/24
f 13/27/25 14/28/27 74/29/28 73/30/26
f 14/28/27 15/31/29 75/32/30 74/29/28
f 15/31/29 16/33/31 76/34/32 75/32/30
f 16/33/31 17/35/33 77/36/34 76/34/32
f 17/35/33 18/37/35 78/38/36 77/36/34
f 18/37/35 19/39/37 79/40/38 78/38/36
f 19/39/37 20/41/39 80/42/40 79/40/38
f 20/41/39 21/43/41 81/44/42 80/42/40
f 21/43/41 22/45/43 82/46/44 81/44/42
f 22/45/43 23/47/45 83/48/46 82/46/44
f 23/47/45 24/49/47 84/50/48 83/48/46
f 24/49/47 25/51/49 85/52/50 84/50/48
f 25/51/49 26/53/51 86/54/52 85/52/50
f 26/53/51 27/55/53 87/56/54 86/54/52
f 27/55/53 28/57/55 88/58/56 87/56/54
f 28/57/55 29/59/57 89/60/58 88/58/56
f 30/61/59 31/62/60 94/63/61 93/64/62
f 31/62/60 32/65/63 95/66/64 94/63/61
f 32/65/63 33/67/65 96/68/66 95/66/64
f 33/67/65 34/69/67 97/70/68 96/68/66
f 34/69/67 35/71/69 98/72/70 97/70/68
f 35/71/69 36/73/71 99/74/72 98/72/70
f 36/73/71 37/75/73 100/76/74 99/74/72
f 37/75/73 38/77/75 101/78/76 100/76/74
f 38/77/75 39/79/77 102/80/78 101/78/76
f 39/79/77 40/81/79 103/82/80 102/80/78
f 40/81/79 41/83/81 104/84/82 103/82/80
f 41/83/81 42/85/83 105/86/84 104/84/82
f 42/85/83 43/87/85 106/88/86 105/86/84
f 43/87/85 44/89/87 107/90/88 106/88/86
f 44/91/87 45/92/89 108/93/90 107/94/88
f 45/92/89 46/95/91 109/96/92 108/93/90
f 46/95/91 47/97/93 110/98/94 109/96/92
f 47/97/93 48/99/95 111/100/96 110/98/94
f 48/99/95 49/101/97 112/102/98 111/100/96
f 49/101/97 50/103/99 113/104/100 112/102/98
f 50/103/99 51/105/101 114/106/102 113/104/100
f 51/105/101 52/107/103 115/108/104 114/106/102
f 52/107/103 53/109/105 116/110/106 115/108/104
f 53/109/105 54/111/107 117/112/108 116/110/106
f 54/111/107 55/113/109 118/114/110 117/112/108
f 55/113/109 56/115/111 119/116/112 118/114/110
f 56/115/111 57/117/113 120/118/114 119/116/112
f 57/117/113 58/119/115 121/120/116 120/118/114
f 59/121/117 60/122/118 124/123/119 123/124/120
f 60/122/118 61/4/4 125/125/121 124/123/119
f 61/4/4 62/3/3 126/126/122 125/125/121
f 62/3/3 63/6/6 127/127/123 126/126/122
f 63/6/6 64/8/8 128/128/124 127/127/123
f 64/8/8 65/10/10 129/129/125 128/128/124
f 65/10/10 66/12/12 130/130/126 129/129/125
f 66/12/12 67/14/14 131/131/127 130/130/126
f 67/14/14 68/16/16 132/132/128 131/131/127
f 68/16/16 69/18/18 133/133/129 132/132/128
f 69/18/18 70/20/20 134/134/130 133/133/129
f 70/20/20 71/22/22 135/135/131 134/134/130
f 71/22/22 72/24/24 136/136/132 135/135/131
f 72/24/24 73/26/26 137/137/133 136/136/132
f 73/30/26 74/29/28 138/138/134 137/139/133
f 74/29/28 75/32/30 139/140/135 138/138/134
f 75/32/30 76/34/32 140/141/136 139/140/135
f 76/34/32 77/36/34 141/142/137 140/141/136
f 77/36/34 78/38/36 142/143/138 141/142/137
f 78/38/36 79/40/38 143/144/139 142/143/138
f 79/40/38 80/42/40 144/145/140 143/144/139
f 80/42/40 81/44/42 145/146/141 144/145/140
f 81/44/42 82/46/44 146/147/142 145/146/141
f 82/46/44 83/48/46 147/148/143 146/147/142
f 83/48/46 84/50/48 148/149/144 147/148/143
f 84/50/48 85/52/50 149/150/145 148/149/144
f 85/52/50 86/54/52 150/151/146 149/150/145
f 86/54/52 87/56/54 151/152/147 150/151/146
f 87/56/54 88/58/56 152/153/148 151/152/147
f 88/58/56 89/60/58 153/154/149 152/153/148
f 89/60/58 90/155/150 154/156/151 153/154/149
f 90/157/150 91/158/152 155/159/153 154/160/151
f 91/158/152 92/161/154 156/162/155 155/159/153
f 92/161/154 93/64/62 157/163/156 156/162/155
f 93/64/62 94/63/61 158/164/157 157/163/156
f 94/63/61 95/66/64 159/165/158 158/164/157
f 95/66/64 96/68/66 160/166/159 159/165/158
f 96/68/66 97/70/68 161/167/160 160/166/159
f 97/70/68 98/72/70 162/168/161 161/167/160
f 98/72/70 99/74/72 163/169/162 162/168/161
f 99/74/72 100/76/74 164/170/163 163/169/162
f 100/76/74 101/78/76 165/171/164 164/170/163
f 101/78/76 102/80/78 166/172/165 165/171/164
f 102/80/78 103/82/80 167/173/166 166/172/165
f 103/82/80 104/84/82 168/174/167 167/173/166
f 104/84/82 105/86/84 169/175/168 168/174/167
f 105/86/84 106/88/86 170/176/169 169/175/168
f 106/88/86 107/90/88 171/177/170 170/176/169
f 107/94/88 108/93/90 172/178/171 171/179/170
f 108/93/90 109/96/92 173/180/172 172/178/171
f 109/96/92 110/98/94 174/181/173 173/180/172
f 110/98/94 111/100/96 175/182/174 174/181/173
f 111/100/96 112/102/98 176/183/175 175/182/174
f 112/102/98 113/104/100 177/184/176 176/183/175
f 113/104/100 114/106/102 178/185/177 177/184/176
f 114/106/102 115/108/104 179/186/178 178/185/177
f 115/108/104 116/110/106 180/187/179 179/186/178
f 116/110/106 117/112/108 181/188/180 180/187/179
f 117/112/108 118/114/110 182/189/181 181/188/180
f 118/114/110 119/116/112 183/190/182 182/189/181
f 119/116/112 120/118/114 184/191/183 183/190/182
f 120/118/114 121/120/116 185/192/184 184/191/183
f 121/120/116 122/193/185 186/194/186 185/192/184
f 122/193/185 59/195/117 123/196/120 186/194/186
f 123/124/120 124/123/119 188/197/187 187/198/188
f 124/123/119 125/125/121 189/199/189 188/197/187
f 125/125/121 126/126/122 190/200/190 189/199/189
f 126/126/122 127/127/123 191/201/191 190/200/190
f 127/127/123 128/128/124 192/202/192 191/201/191
f 128/128/124 129/129/125 193/203/193 192/202/192
f 129/129/125 130/130/126 194/204/194 193/203/193
f 130/130/126 131/131/127 195/205/195 194/204/194
f 131/131/127 132/132/128 196/206/196 195/205/195
f 132/132/128 133/133/129 197/207/197 196/206/196
f 133/133/129 134/134/130 198/208/198 197/207/197
f 134/134/130 135/135/131 199/209/199 198/208/198
f 135/135/131 136/136/132 200/210/200 199/209/199
f 136/136/132 137/137/133 201/211/201 200/210/200
f 137/139/133 138/138/134 202/212/202 201/213/201
f 138/138/134 139/140/135 203/214/203 202/212/202
f 139/140/135 140/141/136 204/215/204 203/214/203
f 140/141/136 141/142/137 205/216/205 204/215/204
f 141/142/137 142/143/138 206/217/206 205/216/205
f 142/143/138 143/144/139 207/218/207 206/217/206
f 143/144/139 144/145/140 208/219/208 207/218/207
f 144/145/140 145/146/141 209/220/209 208/219/208
f 145/146/141 146/147/142 210/221/210 209/220/209
f 146/147/142 147/148/143 211/222/211 210/221/210
f 147/148/143 148/149/144 212/223/212 211/222/211
f 148/149/144 149/150/145 213/224/213 212/223/212
f 149/150/145 150/151/146 214/225/214 213/224/213
f 150/151/146 151/152/147 215/226/215 214/225/214
f 151/152/147 152/153/148 216/227/216 215/226/215
f 152/153/148 153/154/149 217/228/217 216/227/216
f 153/154/149 154/156/151 218/229/218 217/228/217
f 154/160/151 155/159/153 219/230/219 218/231/218
f 155/159/153 156/162/155 220/232/220 219/230/219
f 156/162/155 157/163/156 221/233/221 220/232/220
f 157/163/156 158/164/157 222/234/222 221/233/221
f 158/164/157 159/165/158 223/235/223 222/234/222
f 159/165/158 160/166/159 224/236/224 223/235/223
f 160/166/159 161/167/160 225/237/225 224/236/224
f 161/167/160 162/168/161 226/238/226 225/237/225
f 162/168/161 163/169/162 227/239/227 226/238/226
f 163/169/162 164/170/163 228/240/228 227/239/227
f 164/170/163 165/171/164 229/241/229 228/240/228
f 165/171/164 166/172/165 230/242/230 229/241/229
f 166/172/165 167/173/166 231/243/231 230/242/230
f 167/173/166 168/174/167 232/244/232 231/243/231
f 168/174/167 169/175/168 233/245/233 232/244/232
f 169/175/168 170/176/169 234/246/234 233/245/233
f 170/176/169 171/177/170 235/247/235 234/246/234
f 171/179/170 172/178/171 236/248/236 235/249/235
f 172/178/171 173/180/172 237/250/237 236/248/236
f 173/180/172 174/181/173 238/251/238 237/250/237
f 174/181/173 175/182/174 239/252/239 238/251/238
f 175/182/174 176/183/175 240/253/240 239/252/239
f 176/183/175 177/184/176 241/254/241 240/253/240
f 177/184/176 178/185/177 242/255/242 241/254/241
f 178/185/177 179/186/178 243/256/243 242/255/242
f 179/186/178 180/187/179 244/257/244 243/256/243
f 180/187/179 181/188/180 245/258/245 244/257/244
f 181/188/180 182/189/181 246/259/246 245/258/245
f 182/189/181 183/190/182 247/260/247 246/259/246
f 183/190/182 184/191/183 248/261/248 247/260/247
f 184/191/183 185/192/184 249/262/249 248/261/248
f 185/192/184 186/194/186 250/263/250 249/262/249
f 186/194/186 123/196/120 187/264/188 250/263/250
f 187/198/188 188/197/187 252/265/251 251/266/252
f 188/197/187 189/199/189 253/267/253 252/265/251
f 189/199/189 190/200/190 254/268/254 253/267/253
f 190/200/190 191/201/191 255/269/255 254/268/254
f 191/201/191 192/202/192 256/270/256 255/269/255
f 192/202/192 193/203/193 257/271/257 256/270/256
f 193/203/193 194/204/194 258/272/258 257/271/257
f 194/204/194 195/205/195 259/273/259 258/272/258
f 195/205/195 196/206/196 260/274/260 259/273/259
f 196/206/196 197/207/197 261/275/261 260/274/260
f 197/207/197 198/208/198 262/276/262 261/275/261
f 198/208/198 199/209/199 263/277/263 262/276/262
f 199/209/199 200/210/200 264/278/264 263/277/263
f 200/210/200 201/211/201 265/279/265 264/278/264
f 201/213/201 202/212/202 266/280/266 265/281/265
f 202/212/202 203/214/203 267/282/267 266/280/266
f 203/214/203 204/215/204 268/283/268 267/282/267
f 204/215/204 205/216/205 269/284/269 268/283/268
f 205/216/205 206/217/206 270/285/270 269/284/269
f 206/217/206 207/218/207 271/286/271 270/285/270
f 207/218/207 208/219/208 272/287/272 271/286/271
f 208/219/208 209/220/209 273/288/273 272/287/272
f 209/220/209 210/221/210 274/289/274 273/288/273
f 210/221/210 211/222/211 275/290/275 274/289/274
f 211/222/211 212/223/212 276/291/276 275/290/275
f 212/223/212 213/224/213 277/292/277 276/291/276
f 213/224/213 214/225/214 278/293/278 277/292/277
f 214/225/214 215/226/215 279/294/279 278/293/278
f 215/226/215 216/227/216 280/295/280 279/294/279
f 216/227/216 217/228/217 281/296/281 280/295/280
f 217/228/217 218/229/218 282/297/282 281/296/281
f 218/231/218 219/230/219 283/298/283 282/299/282
f 219/230/219 220/232/220 284/300/284 283/298/283
f 220/232/220 221/233/221 285/301/285 284/300/284
f 221/233/221 222/234/222 286/302/286 285/301/285
f 222/234/222 223/235/223 287/303/287 286/302/286
f 223/235/223 224/236/224 288/304/288 287/303/287
f 224/236/224 225/237/225 289/305/289 288/304/288
f 225/237/225 226/238/226 290/306/290 289/305/289
f 226/238/226 227/239/227 291/307/291 290/306/290
f 227/239/227 228/240/228 292/308/292 291/307/291
f 228/240/228 229/241/229 293/309/293 292/308/292
f 229/241/229 230/242/230 294/310/294 293/309/293
f 230/242/230 231/243/231 295/311/295 294/310/294
f 231/243/231 232/244/232 296/312/296 295/311/295
f 232/244/232 233/245/233 297/313/297 296/312/296
f 233/245/233 234/246/234 298/314/298 297/313/297
f 234/246/234 235/247/235 299/315/299 298/314/298
f 235/249/235 236/248/236 300/316/300 299/317/299
f 236/248/236 237/250/237 301/318/301 300/316/300
f 237/250/237 238/251/238 302/319/302 301/318/301
f 238/251/238 239/252/239 303/320/303 302/319/302
f 239/252/239 240/253/240 304/321/304 303/320/303
f 240/253/240 241/254/241 305/322/305 304/321/304
f 241/254/241 242/255/242 306/323/306 305/322/305
f 242/255/242 243/256/243 307/324/307 306/323/306
f 243/256/243 244/257/244 308/325/308 307/324/307
f 244/257/244 245/258/245 309/326/309 308/325/308
f 245/258/245 246/259/246 310/327/310 309/326/309
f 246/259/246 247/260/247 311/328/311 310/327/310
f 247/260/247 248/261/248 312/329/312 311/328/311
f 248/261/248 249/262/249 313/330/313 312/329/312
f 249/262/249 250/263/250 314/331/314 313/330/313
f 250/263/250 187/264/188 251/332/252 314/331/314
f 251/266/252 252/265/251 316/333/315 315/334/316
f 252/265/251 253/267/253 317/335/317 316/333/315
f 253/267/253 254/268/254 318/336/318 317/335/317
f 254/268/254 255/269/255 319/337/319 318/336/318
f 255/269/255 256/270/256 320/338/320 319/337/319
f 256/270/256 257/271/257 321/339/321 320/338/320
f 257/271/257 258/272/258 322/340/322 321/339/321
f 258/272/258 259/273/259 323/341/323 322/340/322
f 259/273/259 260/274/260 324/342/324 323/341/323
f 260/274/260 261/275/261 325/343/325 324/342/324
f 261/275/261 262/276/262 326/344/326 325/343/325
f 262/276/262 263/277/263 327/345/327 326/344/326
f 263/277/263 264/278/264 328/346/328 327/345/327
f 264/278/264 265/279/265 329/347/329 328/346/328
f 265/281/265 266/280/266 330/348/330 329/349/329
f 266/280/266 267/282/267 331/350/331 330/348/330
f 267/282/267 268/283/268 332/351/332 331/350/331
f 268/283/268 269/284/269 333/352/333 332/351/332
f 269/284/269 270/285/270 334/353/334 333/352/333
f 270/285/270 271/286/271 335/354/335 334/353/334
f 271/286/271 272/287/272 336/355/336 335/354/335
f 272/287/272 273/288/273 337/356/337 336/355/336
f 273/288/273 274/289/274 338/357/338 337/356/337
f 274/289/274 275/290/275 339/358/339 338/357/338
f 275/290/275 276/291/276 340/359/340 339/358/339
f 276/291/276 277/292/277 341/360/341 340/359/340
f 277/292/277 278/293/278 342/361/342 341/360/341
f 278/293/278 279/294/279 343/362/343 342/361/342
f 279/294/279 280/295/280 344/363/344 343/362/343
f 280/295/280 281/296/281 345/364/345 344/363/344
f 281/296/281 282/297/282 346/365/346 345/364/345
f 282/299/282 283/298/283 347/366/347 346/367/346
f 283/298/283 284/300/284 348/368/348 347/366/347
f 284/300/284 285/301/285 349/369/349 348/368/348
f 285/301/285 286/302/286 350/370/350 349/369/349
f 286/302/286 287/303/287 351/371/351 350/370/350
f 287/303/287 288/304/288 352/372/352 351/371/351
f 288/304/288 289/305/289 353/373/353 352/372/352
f 289/305/289 290/306/290 354/374/354 353/373/353
f 290/306/290 291/307/291 355/375/355 354/374/354
f 291/307/291 292/308/292 356/376/356 355/375/355
f 292/308/292 293/309/293 357/377/357 356/376/356
f 293/309/293 294/310/294 358/378/358 357/377/357
f 294/310/294 295/311/295 359/379/359 358/378/358
f 295/311/295 296/312/296 360/380/360 359/379/359
f 296/312/296 297/313/297 361/381/361 360/380/360
f 297/313/297 298/314/298 362/382/362 361/381/361
f 298/314/298 299/315/299 363/383/363 362/382/362
f 299/317/299 300/316/300 364/384/364 363/385/363
f 300/316/300 301/318/301 365/386/365 364/384/364
f 301/318/301 302/319/302 366/387/366 365/386/365
f 302/319/302 303/320/303 367/388/367 366/387/366
f 303/320/303 304/321/304 368/389/368 367/388/367
f 304/321/304 305/322/305 369/390/369 368/389/368
f 305/322/305 306/323/306 370/391/370 369/390/369
f 306/323/306 307/324/307 371/392/371 370/391/370
f 307/324/307 308/325/308 372/393/372 371/392/371
f 308/325/308 309/326/309 373/394/373 372/393/372
f 309/326/309 310/327/310 374/395/374 373/394/373
f 310/327/310 311/328/311 375/396/375 374/395/374
f 311/328/311 312/329/312 376/397/376 375/396/375
f 312/329/312 313/330/313 377/398/377 376/397/376
f 313/330/313 314/331/314 378/399/378 377/398/377
f 314/331/314 251/332/252 315/400/316 378/399/378
f 315/334/316 316/333/315 380/401/379 379/402/380
f 316/333/315 317/335/317 381/403/381 380/401/379
f 317/335/317 318/336/318 382/404/382 381/403/381
f 318/336/318 319/337/319 383/405/383 382/404/382
f 319/337/319 320/338/320 384/406/384 383/405/383
f 320/338/320 321/339/321 385/407/385 384/406/384
f 321/339/321 322/340/322 386/408/386 385/407/385
f 322/340/322 323/341/323 387/409/387 386/408/386
f 323/341/323 324/342/324 388/410/388 387/409/387
f 324/342/324 325/343/325 389/411/389 388/410/388
f 325/343/325 326/344/326 390/412/390 389/411/389
f 326/344/326 327/345/327 391/413/391 390/412/390
f 327/345/327 328/346/328 392/414/392 391/413/391
f 328/346/328 329/347/329 393/415/393 392/414/392
f 329/349/329 330/348/330 394/416/394 393/417/393
f 330/348/330 331/350/331 395/418/395 394/416/394
f 331/350/331 332/351/332 396/419/396 395/418/395
f 332/351/332 333/352/333 397/420/397 396/419/396
f 333/352/333 334/353/334 398/421/398 397/420/397
f 334/353/334 335/354/335 399/422/399 398/421/398
f 335/354/335 336/355/336 400/423/400 399/422/399
f 336/355/336 337/356/337 401/424/401 400/423/400
f 337/356/337 338/357/338 402/425/402 401/424/401
f 338/357/338 339/358/339 403/426/403 402/425/402
f 339/358/339 340/359/340 404/427/404 403/426/403
f 340/359/340 341/360/341 405/428/405 404/427/404
f 341/360/341 342/361/342 406/429/406 405/428/405
f 342/361/342 343/362/343 407/430/407 406/429/406
f 343/362/343 344/363/344 408/431/408 407/430/407
f 344/363/344 345/364/345 409/432/409 408/431/408
f 345/364/345 346/365/346 410/433/410 409/432/409
f 346/367/346 347/366/347 411/434/411 410/435/410
f 347/366/347 348/368/348 412/436/412 411/434/411
f 348/368/348 349/369/349 413/437/413 412/436/412
f 349/369/349 350/370/350 414/438/414 413/437/413
f 350/370/350 351/371/351 415/439/415 414/438/414
f 351/371/351 352/372/352 416/440/416 415/439/415
f 352/372/352 353/373/353 417/441/417 416/440/416
f 353/373/353 354/374/354 418/442/418 417/441/417
f 354/374/354 355/375/355 419/443/419 418/442/418
f 355/375/355 356/376/356 420/444/420 419/443/419
f 356/376/356 357/377/357 421/445/421 420/444/420
f 357/377/357 358/378/358 422/446/422 421/445/421
f 358/378/358 359/379/359 423/447/423 422/446/422
f 359/379/359 360/380/360 424/448/424 423/447/423
f 360/380/360 361/381/361 425/449/425 424/448/424
f 361/381/361 362/382/362 426/450/426 425/449/425
f 362/382/362 363/383/363 427/451/427 426/450/426
f 363/385/363 364/384/364 428/452/428 427/453/427
f 364/384/364 365/386/365 429/454/429 428/452/428
f 365/386/365 366/387/366 430/455/430 429/454/429
f 366/387/366 367/388/367 431/456/431 430/455/430
f 367/388/367 368/389/368 432/457/432 431/456/431
f 368/389/368 369/390/369 433/458/433 432/457/432
f 369/390/369 370/391/370 434/459/434 433/458/433
f 370/391/370 371/392/371 435/460/435 434/459/434
f 371/392/371 372/393/372 436/461/436 435/460/435
f 372/393/372 373/394/373 437/462/437 436/461/436
f 373/394/373 374/395/374 438/463/438 437/462/437
f 374/395/374 375/396/375 439/464/439 438/463/438
f 375/396/375 376/397/376 440/465/440 439/464/439
f 376/397/376 377/398/377 441/466/441 440/465/440
f 377/398/377 378/399/378 442/467/442 441/466/441
f 378/399/378 315/400/316 379/468/380 442/467/442
f 703/469/443 706/470/444 705/471/445
f 706/470/444 707/472/446 705/473/445
f 707/472/446 704/474/447 705/473/445
f 708/475/448 711/476/449 710/477/450
f 711/476/449 712/478/451 710/477/450
f 712/478/451 709/479/452 710/477/450
f 717/480/453 720/481/454 719/482/455
f 720/481/454 721/483/456 719/482/455
f 721/483/456 718/484/457 719/482/455
f 722/485/458 725/486/459 724/487/460
f 725/486/459 726/488/461 724/489/460
f 726/488/461 723/490/462 724/489/460
f 444/491/463 695/492/464 697/493/465 446/494/466
s 0
f 446/495/467 697/496/467 698/497/467 445/498/467
f 445/498/468 698/497/468 696/499/468 443/500/468
f 692/501/469 696/499/469 698/497/469 694/502/469
f 694/502/470 698/497/470 697/496/470 693/503/470
s 1
f 693/504/471 697/493/465 695/492/464 691/505/472
s 0
f 688/506/473 692/501/473 694/502/473 690/507/473
f 690/507/474 694/502/474 693/503/474 689/508/474
s 1
f 689/509/475 693/504/471 691/505/472 687/510/476
s 0
f 684/511/477 688/506/477 690/507/477 686/512/477
f 686/512/478 690/507/478 689/508/478 685/513/478
s 1
f 685/514/479 689/509/475 687/510/476 683/515/480
s 0
f 680/516/481 684/511/481 686/512/481 682/517/481
f 682/517/482 686/512/482 685/513/482 681/518/482
s 1
f 681/519/483 685/514/479 683/515/480 679/520/484
s 0
f 676/521/485 680/516/485 682/517/485 678/522/485
f 678/522/486 682/517/486 681/518/486 677/523/486
s 1
f 677/524/487 681/519/483 679/520/484 675/525/488
s 0
f 672/526/489 676/521/489 678/522/489 674/527/489
f 674/527/490 678/522/490 677/523/490 673/528/490
s 1
f 673/529/491 677/524/487 675/525/488 671/530/492
s 0
f 668/531/493 672/526/493 674/527/493 670/532/493
f 670/532/494 674/527/494 673/528/494 669/533/494
s 1
f 669/534/495 673/529/491 671/530/492 667/535/496
s 0
f 664/536/497 668/531/497 670/532/497 666/537/497
f 666/537/498 670/532/498 669/533/498 665/538/498
s 1
f 665/539/499 669/534/495 667/535/496 663/540/500
s 0
f 660/541/501 664/536/501 666/537/501 662/542/501
f 662/542/502 666/537/502 665/538/502 661/543/502
s 1
f 661/544/503 665/539/499 663/540/500 659/545/504
s 0
f 656/546/505 660/541/505 662/542/505 658/547/505
f 658/547/506 662/542/506 661/543/506 657/548/506
s 1
f 657/549/507 661/544/503 659/545/504 655/550/508
s 0
f 652/551/509 656/546/509 658/547/509 654/552/509
f 654/552/510 658/547/510 657/548/510 653/553/510
s 1
f 653/554/511 657/549/507 655/550/508 651/555/512
s 0
f 648/556/513 652/551/513 654/552/513 650/557/513
f 650/557/514 654/552/514 653/553/514 649/558/514
s 1
f 649/559/515 653/554/511 651/555/512 647/560/516
s 0
f 644/561/517 648/556/517 650/557/517 646/562/517
f 646/562/518 650/557/518 649/558/518 645/563/518
s 1
f 645/564/519 649/559/515 647/560/516 643/565/520
s 0
f 640/566/521 644/561/521 646/562/521 642/567/521
f 642/567/522 646/562/522 645/563/522 641/568/522
s 1
f 641/569/523 645/564/519 643/565/520 639/570/524
s 0
f 636/571/525 640/566/525 642/567/525 638/572/525
f 638/572/526 642/567/526 641/568/526 637/573/526
s 1
f 637/574/527 641/569/523 639/570/524 635/575/528
s 0
f 632/576/529 636/571/529 638/572/529 634/577/529
f 634/577/530 638/572/530 637/573/530 633/578/530
s 1
f 633/579/531 637/580/527 635/581/528 631/582/532
s 0
f 628/583/533 632/576/533 634/577/533 630/584/533
f 630/584/534 634/577/534 633/578/534 629/585/534
s 1
f 629/586/535 633/579/531 631/582/532 627/587/536
s 0
f 624/588/537 628/583/537 630/584/537 626/589/537
f 626/589/538 630/584/538 629/585/538 625/590/538
s 1
f 625/591/539 629/586/535 627/587/536 623/592/540
s 0
f 620/593/541 624/588/541 626/589/541 622/594/541
f 622/594/542 626/589/542 625/590/542 621/595/542
s 1
f 621/596/543 625/591/539 623/592/540 619/597/544
s 0
f 616/598/545 620/593/545 622/594/545 618/599/545
f 618/599/546 622/594/546 621/595/546 617/600/546
s 1
f 617/601/547 621/596/543 619/597/544 615/602/548
s 0
f 612/603/549 616/598/549 618/599/549 614/604/549
f 614/604/550 618/599/550 617/600/550 613/605/550
s 1
f 613/606/551 617/601/547 615/602/548 611/607/552
s 0
f 608/608/553 612/603/553 614/604/553 610/609/553
f 610/609/554 614/604/554 613/605/554 609/610/554
s 1
f 609/611/555 613/606/551 611/607/552 607/612/556
s 0
f 604/613/557 608/608/557 610/609/557 606/614/557
f 606/614/558 610/609/558 609/610/558 605/615/558
s 1
f 605/616/559 609/611/555 607/612/556 603/617/560
s 0
f 600/618/561 604/613/561 606/614/561 602/619/561
f 602/619/562 606/614/562 605/615/562 601/620/562
s 1
f 601/621/563 605/616/559 603/617/560 599/622/564
s 0
f 596/623/565 600/618/565 602/619/565 598/624/565
f 598/624/566 602/619/566 601/620/566 597/625/566
s 1
f 597/626/567 601/621/563 599/622/564 595/627/568
s 0
f 592/628/569 596/623/569 598/624/569 594/629/569
f 594/629/570 598/624/570 597/625/570 593/630/570
s 1
f 593/631/571 597/626/567 595/627/568 591/632/572
s 0
f 588/633/573 592/628/573 594/629/573 590/634/573
f 590/634/574 594/629/574 593/630/574 589/635/574
s 1
f 589/636/575 593/631/571 591/632/572 587/637/576
s 0
f 584/638/577 588/633/577 590/634/577 586/639/577
f 586/639/578 590/634/578 589/635/578 585/640/578
s 1
f 585/641/579 589/636/575 587/637/576 583/642/580
s 0
f 580/643/581 584/638/581 586/639/581 582/644/581
f 582/644/582 586/639/582 585/640/582 581/645/582
s 1
f 581/646/583 585/641/579 583/642/580 579/647/584
s 0
f 576/648/585 580/643/585 582/644/585 578/649/585
f 578/649/586 582/644/586 581/645/586 577/650/586
s 1
f 577/651/587 581/646/583 579/647/584 575/652/588
s 0
f 572/653/589 576/648/589 578/649/589 574/654/589
f 574/654/590 578/649/590 577/650/590 573/655/590
s 1
f 573/656/591 577/651/587 575/652/588 571/657/592
s 0
f 568/658/593 572/653/593 574/654/593 570/659/593
f 570/659/594 574/654/594 573/655/594 569/660/594
s 1
f 569/661/595 573/656/591 571/657/592 567/662/596
s 0
f 564/663/597 568/658/597 570/659/597 566/664/597
f 566/664/598 570/659/598 569/660/598 565/665/598
s 1
f 565/665/599 569/660/595 567/666/596 563/667/600
s 0
f 560/668/601 564/663/601 566/664/601 562/669/601
f 562/669/602 566/664/602 565/665/602 561/670/602
s 1
f 561/671/603 565/672/599 563/673/600 559/674/604
s 0
f 556/675/605 560/668/605 562/669/605 558/676/605
f 558/676/606 562/669/606 561/670/606 557/677/606
s 1
f 557/678/607 561/671/603 559/674/604 555/679/608
s 0
f 552/680/609 556/675/609 558/676/609 554/681/609
f 554/681/610 558/676/610 557/677/610 553/682/610
s 1
f 553/683/611 557/678/607 555/679/608 551/684/612
s 0
f 548/685/613 552/680/613 554/681/613 550/686/613
f 550/686/614 554/681/614 553/682/614 549/687/614
s 1
f 549/688/615 553/683/611 551/684/612 547/689/616
s 0
f 544/690/617 548/685/617 550/686/617 546/691/617
f 546/691/618 550/686/618 549/687/618 545/692/618
s 1
f 545/693/619 549/688/615 547/689/616 543/694/620
s 0
f 540/695/621 544/690/621 546/691/621 542/696/621
f 542/696/622 546/691/622 545/692/622 541/697/622
s 1
f 541/698/623 545/693/619 543/694/620 539/699/624
s 0
f 536/700/625 540/695/625 542/696/625 538/701/625
f 538/701/626 542/696/626 541/697/626 537/702/626
s 1
f 537/703/627 541/698/623 539/699/624 535/704/628
s 0
f 532/705/629 536/700/629 538/701/629 534/706/629
f 534/706/630 538/701/630 537/702/630 533/707/630
s 1
f 533/708/631 537/703/627 535/704/628 531/709/632
s 0
f 528/710/633 532/705/633 534/706/633 530/711/633
f 530/711/634 534/706/634 533/707/634 529/712/634
s 1
f 529/713/635 533/708/631 531/709/632 527/714/636
s 0
f 524/715/637 528/710/637 530/711/637 526/716/637
f 526/716/638 530/711/638 529/712/638 525/717/638
s 1
f 525/718/639 529/713/635 527/714/636 523/719/640
s 0
f 520/720/641 524/715/641 526/716/641 522/721/641
f 522/721/642 526/716/642 525/717/642 521/722/642
s 1
f 521/723/643 525/718/639 523/719/640 519/724/644
s 0
f 516/725/645 520/720/645 522/721/645 518/726/645
f 518/726/646 522/721/646 521/722/646 517/727/646
s 1
f 517/728/647 521/723/643 519/724/644 515/729/648
s 0
f 512/730/649 516/725/649 518/726/649 514/731/649
f 514/731/650 518/726/650 517/727/650 513/732/650
s 1
f 513/733/651 517/728/647 515/729/648 511/734/652
s 0
f 508/735/653 512/730/653 514/731/653 510/736/653
f 510/736/654 514/731/654 513/732/654 509/737/654
s 1
f 509/738/655 513/733/651 511/734/652 507/739/656
s 0
f 504/740/657 508/735/657 510/736/657 506/741/657
f 506/741/658 510/736/658 509/737/658 505/742/658
s 1
f 505/743/659 509/738/655 507/739/656 503/744/660
s 0
f 500/745/661 504/740/661 506/741/661 502/746/661
f 502/746/662 506/741/662 505/742/662 501/747/662
s 1
f 501/748/663 505/743/659 503/744/660 499/749/664
s 0
f 496/750/665 500/745/665 502/746/665 498/751/665
f 498/751/666 502/746/666 501/747/666 497/752/666
s 1
f 497/753/667 501/754/663 499/755/664 495/756/668
s 0
f 492/757/669 496/750/669 498/751/669 494/758/669
f 494/758/670 498/751/670 497/752/670 493/759/670
s 1
f 493/760/671 497/753/667 495/756/668 491/761/672
s 0
f 488/762/673 492/757/673 494/758/673 490/763/673
f 490/763/674 494/758/674 493/759/674 489/764/674
s 1
f 489/765/675 493/760/671 491/761/672 487/766/676
s 0
f 484/767/677 488/762/677 490/763/677 486/768/677
f 486/768/678 490/763/678 489/764/678 485/769/678
s 1
f 485/770/679 489/765/675 487/766/676 483/771/680
s 0
f 480/772/681 484/767/681 486/768/681 482/773/681
f 482/773/682 486/768/682 485/769/682 481/774/682
s 1
f 481/775/683 485/770/679 483/771/680 479/776/684
s 0
f 476/777/685 480/772/685 482/773/685 478/778/685
f 478/778/686 482/773/686 481/774/686 477/779/686
s 1
f 477/780/687 481/775/683 479/776/684 475/781/688
s 0
f 472/782/689 476/777/689 478/778/689 474/783/689
f 474/783/690 478/778/690 477/779/690 473/784/690
s 1
f 473/785/691 477/780/687 475/781/688 471/786/692
s 0
f 468/787/693 472/782/693 474/783/693 470/788/693
f 470/788/694 474/783/694 473/784/694 469/789/694
s 1
f 469/790/695 473/785/691 471/786/692 467/791/696
s 0
f 464/792/697 468/787/697 470/788/697 466/793/697
f 466/793/698 470/788/698 469/789/698 465/794/698
s 1
f 465/795/699 469/790/695 467/791/696 463/796/700
s 0
f 460/797/701 464/792/701 466/793/701 462/798/701
f 462/798/702 466/793/702 465/794/702 461/799/702
s 1
f 461/800/703 465/795/699 463/796/700 459/801/704
s 0
f 456/802/705 460/797/705 462/798/705 458/803/705
f 458/803/706 462/798/706 461/799/706 457/804/706
s 1
f 457/805/707 461/800/703 459/801/704 455/806/708
s 0
f 452/807/709 456/802/709 458/803/709 454/808/709
f 454/808/710 458/803/710 457/804/710 453/809/710
s 1
f 453/810/711 457/805/707 455/806/708 451/811/712
s 0
f 448/812/713 452/807/713 454/808/713 450/813/713
f 450/813/714 454/808/714 453/809/714 449/814/714
s 1
f 449/815/715 453/810/711 451/811/712 447/816/716
s 0
f 443/500/717 448/812/717 450/813/717 445/498/717
f 445/498/718 450/813/718 449/814/718 446/495/718
s 1
f 446/817/466 449/815/715 447/816/716 444/818/463
f 700/819/719 704/820/447 707/821/446 702/822/720
f 702/822/720 707/821/446 706/470/444 701/823/721
f 701/823/721 706/470/444 703/469/443 699/824/722
f 708/825/448 713/826/723 715/827/724 711/828/449
f 711/828/449 715/827/724 716/829/725 712/830/451
f 712/830/451 716/829/725 714/831/726 709/832/452
f 713/826/723 718/833/457 721/834/456 715/827/724
f 715/827/724 721/834/456 720/481/454 716/829/725
f 716/829/725 720/481/454 717/480/453 714/831/726
f 699/835/722 723/836/462 726/837/461 701/838/721
f 701/838/721 726/837/461 725/486/459 702/839/720
f 702/839/720 725/486/459 722/485/458 700/840/719
f 728/841/727 732/842/728 734/843/729 730/844/730
s 0
f 730/845/731 734/846/731 733/847/731 729/848/731
f 729/848/732 733/847/732 731/849/732 727/850/732
s 1
f 732/842/728 736/851/733 738/852/734 734/843/729
s 0
f 734/846/735 738/853/735 737/854/735 733/847/735
f 733/847/736 737/854/736 735/855/736 731/849/736
s 1
f 736/851/733 740/856/737 742/857/738 738/852/734
s 0
f 738/853/739 742/858/739 741/859/739 737/854/739
f 737/854/740 741/859/740 739/860/740 735/855/740
s 1
f 740/856/737 744/861/741 746/862/742 742/857/738
s 0
f 742/858/743 746/863/743 745/864/743 741/859/743
f 741/859/744 745/864/744 743/865/744 739/860/744
s 1
f 744/861/741 748/866/745 750/867/746 746/862/742
s 0
f 746/863/747 750/868/747 749/869/747 745/864/747
f 745/864/748 749/869/748 747/870/748 743/865/748
s 1
f 748/866/745 752/871/749 754/872/750 750/867/746
s 0
f 750/868/751 754/873/751 753/874/751 749/869/751
f 749/869/752 753/874/752 751/875/752 747/870/752
s 1
f 752/871/749 756/876/753 758/877/754 754/872/750
s 0
f 754/873/755 758/878/755 757/879/755 753/874/755
f 753/874/756 757/879/756 755/880/756 751/875/756
s 1
f 756/876/753 760/881/757 762/882/758 758/877/754
s 0
f 758/878/759 762/883/759 761/884/759 757/879/759
f 757/879/760 761/884/760 759/885/760 755/880/760
s 1
f 760/881/757 764/886/761 766/887/762 762/882/758
s 0
f 762/883/763 766/888/763 765/889/763 761/884/763
f 761/884/764 765/889/764 763/890/764 759/885/764
s 1
f 764/886/761 768/891/765 770/892/766 766/887/762
s 0
f 766/888/767 770/893/767 769/894/767 765/889/767
f 765/889/768 769/894/768 767/895/768 763/890/768
s 1
f 768/891/765 772/896/769 774/897/770 770/892/766
s 0
f 770/893/771 774/898/771 773/899/771 769/894/771
f 769/894/772 773/899/772 771/900/772 767/895/772
s 1
f 772/896/769 776/901/773 778/902/774 774/897/770
s 0
f 774/898/775 778/903/775 777/904/775 773/899/775
f 773/899/776 777/904/776 775/905/776 771/900/776
s 1
f 776/901/773 780/906/777 782/907/778 778/902/774
s 0
f 778/903/779 782/908/779 781/909/779 777/904/779
f 777/904/780 781/909/780 779/910/780 775/905/780
s 1
f 780/906/777 784/911/781 786/912/782 782/907/778
s 0
f 782/908/783 786/913/783 785/914/783 781/909/783
f 781/909/784 785/914/784 783/915/784 779/910/784
s 1
f 784/916/781 788/917/785 790/918/786 786/919/782
s 0
f 786/913/787 790/920/787 789/921/787 785/914/787
f 785/914/788 789/921/788 787/922/788 783/915/788
s 1
f 788/917/785 792/923/789 794/924/790 790/918/786
s 0
f 790/920/791 794/925/791 793/926/791 789/921/791
f 789/921/792 793/926/792 791/927/792 787/922/792
s 1
f 792/923/789 796/928/793 798/929/794 794/924/790
s 0
f 794/925/795 798/930/795 797/931/795 793/926/795
f 793/926/796 797/931/796 795/932/796 791/927/796
s 1
f 796/928/793 800/933/797 802/934/798 798/929/794
s 0
f 798/930/799 802/935/799 801/936/799 797/931/799
f 797/931/800 801/936/800 799/937/800 795/932/800
s 1
f 800/933/797 804/938/801 806/939/802 802/934/798
s 0
f 802/935/803 806/940/803 805/941/803 801/936/803
f 801/936/804 805/941/804 803/942/804 799/937/804
s 1
f 804/938/801 808/943/805 810/944/806 806/939/802
s 0
f 806/940/807 810/945/807 809/946/807 805/941/807
f 805/941/808 809/946/808 807/947/808 803/942/808
s 1
f 808/943/805 812/948/809 814/949/810 810/944/806
s 0
f 810/945/811 814/950/811 813/951/811 809/946/811
f 809/946/812 813/951/812 811/952/812 807/947/812
s 1
f 812/948/809 816/953/813 818/954/814 814/949/810
s 0
f 814/950/815 818/955/815 817/956/815 813/951/815
f 813/951/816 817/956/816 815/957/816 811/952/816
s 1
f 816/953/813 820/958/817 822/959/818 818/954/814
s 0
f 818/955/819 822/960/819 821/961/819 817/956/819
f 817/956/820 821/961/820 819/962/820 815/957/820
s 1
f 820/958/817 824/963/821 826/964/822 822/959/818
s 0
f 822/960/823 826/965/823 825/966/823 821/961/823
f 821/961/824 825/966/824 823/967/824 819/962/824
s 1
f 824/963/821 828/968/825 830/969/826 826/964/822
s 0
f 826/965/827 830/970/827 829/971/827 825/966/827
f 825/966/828 829/971/828 827/972/828 823/967/828
s 1
f 828/968/825 832/973/829 834/974/830 830/969/826
s 0
f 830/970/831 834/975/831 833/976/831 829/971/831
f 829/971/832 833/976/832 831/977/832 827/972/832
s 1
f 832/973/829 836/978/833 838/979/834 834/974/830
s 0
f 834/975/835 838/980/835 837/981/835 833/976/835
f 833/976/836 837/981/836 835/982/836 831/977/836
s 1
f 836/978/833 840/983/837 842/984/838 838/979/834
s 0
f 838/980/839 842/985/839 841/986/839 837/981/839
f 837/981/840 841/986/840 839/987/840 835/982/840
s 1
f 840/983/837 844/988/841 846/989/842 842/984/838
s 0
f 842/985/843 846/990/843 845/991/843 841/986/843
f 841/986/844 845/991/844 843/992/844 839/987/844
s 1
f 844/988/841 848/993/845 850/994/846 846/989/842
s 0
f 846/990/847 850/995/847 849/996/847 845/991/847
f 845/991/848 849/996/848 847/997/848 843/992/848
s 1
f 848/993/845 852/998/849 854/999/850 850/994/846
s 0
f 850/995/851 854/1000/851 853/1001/851 849/996/851
f 849/996/852 853/1001/852 851/1002/852 847/997/852
s 1
f 852/1003/849 856/1004/853 858/1005/854 854/1006/850
s 0
f 854/1000/855 858/1007/855 857/1008/855 853/1001/855
f 853/1001/856 857/1008/856 855/1009/856 851/1002/856
s 1
f 856/1004/853 860/1010/857 862/1011/858 858/1005/854
s 0
f 858/1007/859 862/1012/859 861/1013/859 857/1008/859
f 857/1008/860 861/1013/860 859/1014/860 855/1009/860
s 1
f 860/1010/857 864/1015/861 866/1016/862 862/1011/858
s 0
f 862/1012/863 866/1017/863 865/1018/863 861/1013/863
f 861/1013/864 865/1018/864 863/1019/864 859/1014/864
s 1
f 864/1015/861 868/1020/865 870/1021/866 866/1016/862
s 0
f 866/1017/867 870/1022/867 869/1023/867 865/1018/867
f 865/1018/868 869/1023/868 867/1024/868 863/1019/868
s 1
f 868/1020/865 872/1025/869 874/1026/870 870/1021/866
s 0
f 870/1022/871 874/1027/871 873/1028/871 869/1023/871
f 869/1023/872 873/1028/872 871/1029/872 867/1024/872
s 1
f 872/1025/869 876/1030/873 878/1031/874 874/1026/870
s 0
f 874/1027/875 878/1032/875 877/1033/875 873/1028/875
f 873/1028/876 877/1033/876 875/1034/876 871/1029/876
s 1
f 876/1030/873 880/1035/877 882/1036/878 878/1031/874
s 0
f 878/1032/879 882/1037/879 881/1038/879 877/1033/879
f 877/1033/880 881/1038/880 879/1039/880 875/1034/880
s 1
f 880/1035/877 884/1040/881 886/1041/882 882/1036/878
s 0
f 882/1037/883 886/1042/883 885/1043/883 881/1038/883
f 881/1038/884 885/1043/884 883/1044/884 879/1039/884
s 1
f 884/1040/881 888/1045/885 890/1046/886 886/1041/882
s 0
f 886/1042/887 890/1047/887 889/1048/887 885/1043/887
f 885/1043/888 889/1048/888 887/1049/888 883/1044/888
s 1
f 888/1045/885 892/1050/889 894/1051/890 890/1046/886
s 0
f 890/1047/891 894/1052/891 893/1053/891 889/1048/891
f 889/1048/892 893/1053/892 891/1054/892 887/1049/892
s 1
f 892/1050/889 896/1055/893 898/1056/894 894/1051/890
s 0
f 894/1052/895 898/1057/895 897/1058/895 893/1053/895
f 893/1053/896 897/1058/896 895/1059/896 891/1054/896
s 1
f 896/1055/893 900/1060/897 902/1061/898 898/1056/894
s 0
f 898/1057/899 902/1062/899 901/1063/899 897/1058/899
f 897/1058/900 901/1063/900 899/1064/900 895/1059/900
s 1
f 900/1060/897 904/1065/901 906/1066/902 902/1061/898
s 0
f 902/1062/903 906/1067/903 905/1068/903 901/1063/903
f 901/1063/904 905/1068/904 903/1069/904 899/1064/904
s 1
f 904/1065/901 908/1070/905 910/1071/906 906/1066/902
s 0
f 906/1067/907 910/1072/907 909/1073/907 905/1068/907
f 905/1068/908 909/1073/908 907/1074/908 903/1069/908
s 1
f 908/1070/905 912/1075/909 914/1076/910 910/1071/906
s 0
f 910/1072/911 914/1077/911 913/1078/911 909/1073/911
f 909/1073/912 913/1078/912 911/1079/912 907/1074/912
s 1
f 912/1075/909 916/1080/913 918/1081/914 914/1076/910
s 0
f 914/1077/915 918/1082/915 917/1083/915 913/1078/915
f 913/1078/916 917/1083/916 915/1084/916 911/1079/916
s 1
f 916/1080/913 920/1085/917 922/1086/918 918/1081/914
s 0
f 918/1082/919 922/1087/919 921/1088/919 917/1083/919
f 917/1083/920 921/1088/920 919/1089/920 915/1084/920
s 1
f 920/1090/917 924/1091/921 926/1092/922 922/1093/918
s 0
f 922/1087/923 926/1094/923 925/1095/923 921/1088/923
f 921/1088/924 925/1095/924 923/1096/924 919/1089/924
s 1
f 924/1091/921 928/1097/925 930/1098/926 926/1092/922
s 0
f 926/1094/927 930/1099/927 929/1100/927 925/1095/927
f 925/1095/928 929/1100/928 927/1101/928 923/1096/928
s 1
f 928/1097/925 932/1102/929 934/1103/930 930/1098/926
s 0
f 930/1099/931 934/1104/931 933/1105/931 929/1100/931
f 929/1100/932 933/1105/932 931/1106/932 927/1101/932
s 1
f 932/1102/929 936/1107/933 938/1108/934 934/1103/930
s 0
f 934/1104/935 938/1109/935 937/1110/935 933/1105/935
f 933/1105/936 937/1110/936 935/1111/936 931/1106/936
s 1
f 936/1107/933 940/1112/937 942/1113/938 938/1108/934
s 0
f 938/1109/939 942/1114/939 941/1115/939 937/1110/939
f 937/1110/940 941/1115/940 939/1116/940 935/1111/940
s 1
f 940/1112/937 944/1117/941 946/1118/942 942/1113/938
s 0
f 942/1114/943 946/1119/943 945/1120/943 941/1115/943
f 941/1115/944 945/1120/944 943/1121/944 939/1116/944
s 1
f 944/1117/941 948/1122/945 950/1123/946 946/1118/942
s 0
f 946/1119/947 950/1124/947 949/1125/947 945/1120/947
f 945/1120/948 949/1125/948 947/1126/948 943/1121/948
s 1
f 948/1122/945 952/1127/949 954/1128/950 950/1123/946
s 0
f 950/1124/951 954/1129/951 953/1130/951 949/1125/951
f 949/1125/952 953/1130/952 951/1131/952 947/1126/952
s 1
f 952/1127/949 956/1132/953 958/1133/954 954/1128/950
s 0
f 954/1129/955 958/1134/955 957/1135/955 953/1130/955
f 953/1130/956 957/1135/956 955/1136/956 951/1131/956
s 1
f 956/1132/953 960/1137/957 962/1138/958 958/1133/954
s 0
f 958/1134/959 962/1139/959 961/1140/959 957/1135/959
f 957/1135/960 961/1140/960 959/1141/960 955/1136/960
s 1
f 960/1137/957 964/1142/961 966/1143/962 962/1138/958
s 0
f 962/1139/963 966/1144/963 965/1145/963 961/1140/963
f 961/1140/964 965/1145/964 963/1146/964 959/1141/964
s 1
f 964/1142/961 968/1147/965 970/1148/966 966/1143/962
s 0
f 966/1144/967 970/1149/967 969/1150/967 965/1145/967
f 965/1145/968 969/1150/968 967/1151/968 963/1146/968
s 1
f 968/1147/965 972/1152/969 974/1153/970 970/1148/966
s 0
f 970/1149/971 974/1154/971 973/1155/971 969/1150/971
f 969/1150/972 973/1155/972 971/1156/972 967/1151/972
s 1
f 972/1152/969 976/1157/973 978/1158/974 974/1153/970
s 0
f 974/1154/975 978/1159/975 977/1160/975 973/1155/975
f 973/1155/976 977/1160/976 975/1161/976 971/1156/976
s 1
f 976/1157/973 980/1162/977 982/1163/978 978/1158/974
s 0
f 978/1159/979 982/1164/979 981/1165/979 977/1160/979
f 977/1160/980 981/1165/980 979/1166/980 975/1161/980
f 727/850/981 979/1166/981 981/1165/981 729/848/981
f 729/848/982 981/1165/982 982/1164/982 730/845/982
s 1
f 730/1167/730 982/1163/978 980/1162/977 728/1168/727
f 695/492/464 444/491/463 700/840/719 722/485/458
s 0
f 696/499/983 692/501/983 688/506/983 684/511/983 680/516/983 676/521/983 672/526/983 668/531/983 664/536/983 660/541/983 656/546/983 652/551/983 648/556/983 644/561/983 640/566/983 636/571/983 632/576/983 628/583/983 624/588/983 620/593/983 616/598/983 612/603/983 608/608/983 604/613/983 600/618/983 596/623/983 592/628/983 588/633/983 584/638/983 580/643/983 576/648/983 572/653/983 568/658/983 564/663/983 560/668/983 556/675/983 552/680/983 548/685/983 544/690/983 540/695/983 536/700/983 532/705/983 528/710/983 524/715/983 520/720/983 516/725/983 512/730/983 508/735/983 504/740/983 500/745/983 496/750/983 492/757/983 488/762/983 484/767/983 480/772/983 476/777/983 472/782/983 468/787/983 464/792/983 460/797/983 456/802/983 452/807/983 448/812/983 443/500/983
s 1
f 444/818/463 447/816/716 704/820/447 700/819/719
f 447/816/716 451/811/712 1/1/1 705/471/445 704/820/447
f 451/811/712 455/806/708 2/2/2 1/1/1
f 455/806/708 459/801/704 3/5/5 2/2/2
f 459/801/704 463/796/700 4/7/7 3/5/5
f 463/796/700 467/791/696 5/9/9 4/7/7
f 467/791/696 471/786/692 6/11/11 5/9/9
f 471/786/692 475/781/688 7/13/13 6/11/11
f 475/781/688 479/776/684 8/15/15 7/13/13
f 479/776/684 483/771/680 9/17/17 8/15/15
f 483/771/680 487/766/676 10/19/19 9/17/17
f 487/766/676 491/761/672 11/21/21 10/19/19
f 491/761/672 495/756/668 12/23/23 11/21/21
f 495/756/668 499/755/664 13/25/25 12/23/23
f 499/749/664 503/744/660 14/28/27 13/27/25
f 503/744/660 507/739/656 15/31/29 14/28/27
f 507/739/656 511/734/652 16/33/31 15/31/29
f 511/734/652 515/729/648 17/35/33 16/33/31
f 515/729/648 519/724/644 18/37/35 17/35/33
f 519/724/644 523/719/640 19/39/37 18/37/35
f 523/719/640 527/714/636 20/41/39 19/39/37
f 527/714/636 531/709/632 21/43/41 20/41/39
f 531/709/632 535/704/628 22/45/43 21/43/41
f 535/704/628 539/699/624 23/47/45 22/45/43
f 539/699/624 543/694/620 24/49/47 23/47/45
f 543/694/620 547/689/616 25/51/49 24/49/47
f 547/689/616 551/684/612 26/53/51 25/51/49
f 551/684/612 555/679/608 27/55/53 26/53/51
f 555/679/608 559/674/604 28/57/55 27/55/53
f 559/674/604 563/673/600 29/59/57 28/57/55
f 563/667/600 567/666/596 708/1169/448 710/1170/450 29/1171/57
f 567/662/596 571/657/592 713/826/723 708/825/448
f 571/657/592 575/652/588 718/833/457 713/826/723
f 575/652/588 579/647/584 30/61/59 719/482/455 718/833/457
f 579/647/584 583/642/580 31/62/60 30/61/59
f 583/642/580 587/637/576 32/65/63 31/62/60
f 587/637/576 591/632/572 33/67/65 32/65/63
f 591/632/572 595/627/568 34/69/67 33/67/65
f 595/627/568 599/622/564 35/71/69 34/69/67
f 599/622/564 603/617/560 36/73/71 35/71/69
f 603/617/560 607/612/556 37/75/73 36/73/71
f 607/612/556 611/607/552 38/77/75 37/75/73
f 611/607/552 615/602/548 39/79/77 38/77/75
f 615/602/548 619/597/544 40/81/79 39/79/77
f 619/597/544 623/592/540 41/83/81 40/81/79
f 623/592/540 627/587/536 42/85/83 41/83/81
f 627/587/536 631/582/532 43/87/85 42/85/83
f 631/582/532 635/581/528 44/89/87 43/87/85
f 635/575/528 639/570/524 45/92/89 44/91/87
f 639/570/524 643/565/520 46/95/91 45/92/89
f 643/565/520 647/560/516 47/97/93 46/95/91
f 647/560/516 651/555/512 48/99/95 47/97/93
f 651/555/512 655/550/508 49/101/97 48/99/95
f 655/550/508 659/545/504 50/103/99 49/101/97
f 659/545/504 663/540/500 51/105/101 50/103/99
f 663/540/500 667/535/496 52/107/103 51/105/101
f 667/535/496 671/530/492 53/109/105 52/107/103
f 671/530/492 675/525/488 54/111/107 53/109/105
f 675/525/488 679/520/484 55/113/109 54/111/107
f 679/520/484 683/515/480 56/115/111 55/113/109
f 683/515/480 687/510/476 57/117/113 56/115/111
f 687/510/476 691/505/472 58/119/115 57/117/113
f 691/505/472 695/492/464 722/485/458 724/487/460 58/119/115
f 723/836/462 699/835/722 59/195/117 122/193/185
f 699/824/722 703/469/443 60/122/118 59/121/117
f 703/469/443 705/471/445 1/1/1 61/4/4 60/122/118
f 709/832/452 714/831/726 91/158/152 90/157/150
f 29/59/57 710/477/450 709/479/452 90/155/150 89/60/58
f 714/831/726 717/480/453 92/161/154 91/158/152
f 717/480/453 719/482/455 30/61/59 93/64/62 92/161/154
f 58/119/115 724/487/460 723/836/462 122/193/185 121/120/116
f 442/467/442 379/468/380 728/1168/727 980/1162/977
f 379/402/380 380/401/379 732/842/728 728/841/727
s 0
f 727/850/984 731/849/984 735/855/984 739/860/984 743/865/984 747/870/984 751/875/984 755/880/984 759/885/984 763/890/984 767/895/984 771/900/984 775/905/984 779/910/984 783/915/984 787/922/984 791/927/984 795/932/984 799/937/984 803/942/984 807/947/984 811/952/984 815/957/984 819/962/984 823/967/984 827/972/984 831/977/984 835/982/984 839/987/984 843/992/984 847/997/984 851/1002/984 855/1009/984 859/1014/984 863/1019/984 867/1024/984 871/1029/984 875/1034/984 879/1039/984 883/1044/984 887/1049/984 891/1054/984 895/1059/984 899/1064/984 903/1069/984 907/1074/984 911/1079/984 915/1084/984 919/1089/984 923/1096/984 927/1101/984 931/1106/984 935/1111/984 939/1116/984 943/1121/984 947/1126/984 951/1131/984 955/1136/984 959/1141/984 963/1146/984 967/1151/984 971/1156/984 975/1161/984 979/1166/984
s 1
f 380/401/379 381/403/381 736/851/733 732/842/728
f 381/403/381 382/404/382 740/856/737 736/851/733
f 382/404/382 383/405/383 744/861/741 740/856/737
f 383/405/383 384/406/384 748/866/745 744/861/741
f 384/406/384 385/407/385 752/871/749 748/866/745
f 385/407/385 386/408/386 756/876/753 752/871/749
f 386/408/386 387/409/387 760/881/757 756/876/753
f 387/409/387 388/410/388 764/886/761 760/881/757
f 388/410/388 389/411/389 768/891/765 764/886/761
f 389/411/389 390/412/390 772/896/769 768/891/765
f 390/412/390 391/413/391 776/901/773 772/896/769
f 391/413/391 392/414/392 780/906/777 776/901/773
f 392/414/392 393/415/393 784/911/781 780/906/777
f 393/417/393 394/416/394 788/917/785 784/916/781
f 394/416/394 395/418/395 792/923/789 788/917/785
f 395/418/395 396/419/396 796/928/793 792/923/789
f 396/419/396 397/420/397 800/933/797 796/928/793
f 397/420/397 398/421/398 804/938/801 800/933/797
f 398/421/398 399/422/399 808/943/805 804/938/801
f 399/422/399 400/423/400 812/948/809 808/943/805
f 400/423/400 401/424/401 816/953/813 812/948/809
f 401/424/401 402/425/402 820/958/817 816/953/813
f 402/425/402 403/426/403 824/963/821 820/958/817
f 403/426/403 404/427/404 828/968/825 824/963/821
f 404/427/404 405/428/405 832/973/829 828/968/825
f 405/428/405 406/429/406 836/978/833 832/973/829
f 406/429/406 407/430/407 840/983/837 836/978/833
f 407/430/407 408/431/408 844/988/841 840/983/837
f 408/431/408 409/432/409 848/993/845 844/988/841
f 409/432/409 410/433/410 852/998/849 848/993/845
f 410/435/410 411/434/411 856/1004/853 852/1003/849
f 411/434/411 412/436/412 860/1010/857 856/1004/853
f 412/436/412 413/437/413 864/1015/861 860/1010/857
f 413/437/413 414/438/414 868/1020/865 864/1015/861
f 414/438/414 415/439/415 872/1025/869 868/1020/865
f 415/439/415 416/440/416 876/1030/873 872/1025/869
f 416/440/416 417/441/417 880/1035/877 876/1030/873
f 417/441/417 418/442/418 884/1040/881 880/1035/877
f 418/442/418 419/443/419 888/1045/885 884/1040/881
f 419/443/419 420/444/420 892/1050/889 888/1045/885
f 420/444/420 421/445/421 896/1055/893 892/1050/889
f 421/445/421 422/446/422 900/1060/897 896/1055/893
f 422/446/422 423/447/423 904/1065/901 900/1060/897
f 423/447/423 424/448/424 908/1070/905 904/1065/901
f 424/448/424 425/449/425 912/1075/909 908/1070/905
f 425/449/425 426/450/426 916/1080/913 912/1075/909
f 426/450/426 427/451/427 920/1085/917 916/1080/913
f 427/453/427 428/452/428 924/1091/921 920/1090/917
f 428/452/428 429/454/429 928/1097/925 924/1091/921
f 429/454/429 430/455/430 932/1102/929 928/1097/925
f 430/455/430 431/456/431 936/1107/933 932/1102/929
f 431/456/431 432/457/432 940/1112/937 936/1107/933
f 432/457/432 433/458/433 944/1117/941 940/1112/937
f 433/458/433 434/459/434 948/1122/945 944/1117/941
f 434/459/434 435/460/435 952/1127/949 948/1122/945
f 435/460/435 436/461/436 956/1132/953 952/1127/949
f 436/461/436 437/462/437 960/1137/957 956/1132/953
f 437/462/437 438/463/438 964/1142/961 960/1137/957
f 438/463/438 439/464/439 968/1147/965 964/1142/961
f 439/464/439 440/465/440 972/1152/969 968/1147/965
f 440/465/440 441/466/441 976/1157/973 972/1152/969
f 441/466/441 442/467/442 980/1162/977 976/1157/973
o Forged_ball_peen_core
v 0.183000 0.006680 -0.272181
v 0.183000 0.006764 -0.274107
v 0.183000 0.006913 -0.275406
v 0.183000 0.007137 -0.276522
v 0.183000 0.028417 -0.276032
v 0.183000 0.028589 -0.274907
v 0.183000 0.028679 -0.273602
v 0.183000 0.028674 -0.271675
v 0.183000 0.028590 -0.269750
v 0.183000 0.028441 -0.268451
v 0.183000 0.028217 -0.267334
v 0.183000 0.006937 -0.267824
v 0.183000 0.006764 -0.268949
v 0.183000 0.006675 -0.270254
v 0.201000 0.002681 -0.272273
v 0.201000 0.002808 -0.275424
v 0.201000 0.003019 -0.277550
v 0.201000 0.003332 -0.279378
v 0.201000 0.003747 -0.281009
v 0.201000 0.004265 -0.282480
v 0.201000 0.004886 -0.283809
v 0.201000 0.005608 -0.285004
v 0.201000 0.006433 -0.286070
v 0.201000 0.007359 -0.287009
v 0.201000 0.008387 -0.287819
v 0.201000 0.009522 -0.288501
v 0.201000 0.010771 -0.289054
v 0.201000 0.012147 -0.289475
v 0.201000 0.013683 -0.289765
v 0.201000 0.015462 -0.289919
v 0.201000 0.018091 -0.289923
v 0.201000 0.020716 -0.289798
v 0.201000 0.022487 -0.289562
v 0.201000 0.024008 -0.289203
v 0.201000 0.025363 -0.288718
v 0.201000 0.026585 -0.288109
v 0.201000 0.027687 -0.287375
v 0.201000 0.028678 -0.286518
v 0.201000 0.029560 -0.285538
v 0.201000 0.030334 -0.284435
v 0.201000 0.031001 -0.283208
v 0.201000 0.031560 -0.281852
v 0.201000 0.032010 -0.280359
v 0.201000 0.032350 -0.278711
v 0.201000 0.032578 -0.276871
v 0.201000 0.032691 -0.274737
v 0.201000 0.032673 -0.271583
v 0.201000 0.032546 -0.268432
v 0.201000 0.032335 -0.266306
v 0.201000 0.032022 -0.264478
v 0.201000 0.031607 -0.262847
v 0.201000 0.031089 -0.261377
v 0.201000 0.030468 -0.260048
v 0.201000 0.029745 -0.258852
v 0.201000 0.028921 -0.257786
v 0.201000 0.027995 -0.256848
v 0.201000 0.026967 -0.256037
v 0.201000 0.025832 -0.255355
v 0.201000 0.024583 -0.254802
v 0.201000 0.023207 -0.254381
v 0.201000 0.021671 -0.254092
v 0.201000 0.019891 -0.253937
v 0.201000 0.017263 -0.253933
v 0.201000 0.014638 -0.254058
v 0.201000 0.012867 -0.254294
v 0.201000 0.011346 -0.254654
v 0.201000 0.009991 -0.255138
v 0.201000 0.008769 -0.255747
v 0.201000 0.007666 -0.256481
v 0.201000 0.006676 -0.257338
v 0.201000 0.005794 -0.258318
v 0.201000 0.005020 -0.259421
v 0.201000 0.004353 -0.260648
v 0.201000 0.003794 -0.262004
v 0.201000 0.003344 -0.263498
v 0.201000 0.003004 -0.265145
v 0.201000 0.002776 -0.266986
v 0.201000 0.002663 -0.269119
v 0.238000 0.002681 -0.272273
v 0.238000 0.002820 -0.275950
v 0.238000 0.003039 -0.278431
v 0.238000 0.003359 -0.280565
v 0.238000 0.003780 -0.282468
v 0.238000 0.004304 -0.284186
v 0.238000 0.004930 -0.285739
v 0.238000 0.005658 -0.287136
v 0.238000 0.006486 -0.288383
v 0.238000 0.007415 -0.289481
v 0.238000 0.028735 -0.288991
v 0.238000 0.029613 -0.287851
v 0.238000 0.030383 -0.286567
v 0.238000 0.031045 -0.285138
v 0.238000 0.031599 -0.283558
v 0.238000 0.032043 -0.281818
v 0.238000 0.032377 -0.279897
v 0.238000 0.032598 -0.277751
v 0.238000 0.032703 -0.275262
v 0.238000 0.032673 -0.271583
v 0.238000 0.032534 -0.267907
v 0.238000 0.032315 -0.265425
v 0.238000 0.031995 -0.263292
v 0.238000 0.031573 -0.261388
v 0.238000 0.031050 -0.259670
v 0.238000 0.030424 -0.258118
v 0.238000 0.029696 -0.256720
v 0.238000 0.028868 -0.255473
v 0.238000 0.027939 -0.254375
v 0.238000 0.006619 -0.254865
v 0.238000 0.005741 -0.256005
v 0.238000 0.004971 -0.257289
v 0.238000 0.004309 -0.258718
v 0.238000 0.003755 -0.260298
v 0.238000 0.003311 -0.262038
v 0.238000 0.002977 -0.263959
v 0.238000 0.002756 -0.266105
v 0.238000 0.002651 -0.268594
v 0.250000 0.005680 -0.272204
v 0.250000 0.005780 -0.274655
v 0.250000 0.005948 -0.276309
v 0.250000 0.006197 -0.277730
v 0.250000 0.006528 -0.278998
v 0.250000 0.006942 -0.280142
v 0.250000 0.007438 -0.281175
v 0.250000 0.008016 -0.282105
v 0.250000 0.008674 -0.282934
v 0.250000 0.009415 -0.283663
v 0.250000 0.010237 -0.284293
v 0.250000 0.011145 -0.284823
v 0.250000 0.012143 -0.285252
v 0.250000 0.013244 -0.285579
v 0.250000 0.014473 -0.285803
v 0.250000 0.015896 -0.285922
v 0.250000 0.017999 -0.285924
v 0.250000 0.020099 -0.285825
v 0.250000 0.021516 -0.285641
v 0.250000 0.022733 -0.285361
v 0.250000 0.023817 -0.284983
v 0.250000 0.024795 -0.284509
v 0.250000 0.025677 -0.283938
v 0.250000 0.026470 -0.283270
v 0.250000 0.027176 -0.282508
v 0.250000 0.027796 -0.281650
v 0.250000 0.028330 -0.280694
v 0.250000 0.028778 -0.279640
v 0.250000 0.029139 -0.278478
v 0.250000 0.029412 -0.277196
v 0.250000 0.029595 -0.275765
v 0.250000 0.029687 -0.274105
v 0.250000 0.029674 -0.271652
v 0.250000 0.029574 -0.269201
v 0.250000 0.029406 -0.267548
v 0.250000 0.029157 -0.266126
v 0.250000 0.028826 -0.264858
v 0.250000 0.028412 -0.263714
v 0.250000 0.027916 -0.262681
v 0.250000 0.027338 -0.261752
v 0.250000 0.026680 -0.260923
v 0.250000 0.025939 -0.260193
v 0.250000 0.025117 -0.259563
v 0.250000 0.024209 -0.259034
v 0.250000 0.023211 -0.258604
v 0.250000 0.022110 -0.258277
v 0.250000 0.020881 -0.258053
v 0.250000 0.019458 -0.257934
v 0.250000 0.017355 -0.257932
v 0.250000 0.015255 -0.258031
v 0.250000 0.013838 -0.258215
v 0.250000 0.012621 -0.258495
v 0.250000 0.011536 -0.258873
v 0.250000 0.010559 -0.259348
v 0.250000 0.009677 -0.259919
v 0.250000 0.008884 -0.260586
v 0.250000 0.008178 -0.261348
v 0.250000 0.007558 -0.262207
v 0.250000 0.007024 -0.263162
v 0.250000 0.006576 -0.264217
v 0.250000 0.006215 -0.265378
v 0.250000 0.005942 -0.266660
v 0.250000 0.005759 -0.268091
v 0.250000 0.005667 -0.269751
v 0.261000 0.008679 -0.272135
v 0.261000 0.008748 -0.273710
v 0.261000 0.008870 -0.274773
v 0.261000 0.009053 -0.275687
v 0.261000 0.009299 -0.276501
v 0.261000 0.009606 -0.277235
v 0.261000 0.009976 -0.277898
v 0.261000 0.010406 -0.278495
v 0.261000 0.010898 -0.279026
v 0.261000 0.011452 -0.279493
v 0.261000 0.024243 -0.279199
v 0.261000 0.024775 -0.278707
v 0.261000 0.025242 -0.278153
v 0.261000 0.025645 -0.277538
v 0.261000 0.025983 -0.276858
v 0.261000 0.026257 -0.276111
v 0.261000 0.026464 -0.275286
v 0.261000 0.026605 -0.274365
v 0.261000 0.026678 -0.273298
v 0.261000 0.026675 -0.271721
v 0.261000 0.026606 -0.270146
v 0.261000 0.026484 -0.269083
v 0.261000 0.026301 -0.268169
v 0.261000 0.026055 -0.267355
v 0.261000 0.025748 -0.266621
v 0.261000 0.025378 -0.265958
v 0.261000 0.024947 -0.265362
v 0.261000 0.024455 -0.264830
v 0.261000 0.023902 -0.264363
v 0.261000 0.011111 -0.264658
v 0.261000 0.010579 -0.265150
v 0.261000 0.010112 -0.265703
v 0.261000 0.009709 -0.266318
v 0.261000 0.009371 -0.266998
v 0.261000 0.009097 -0.267745
v 0.261000 0.008890 -0.268570
v 0.261000 0.008749 -0.269491
v 0.261000 0.008676 -0.270558
v 0.172000 0.004481 -0.272232
v 0.172770 0.003891 -0.272245
v 0.172103 0.004109 -0.272240
v 0.172385 0.003893 -0.272245
v 0.172770 0.003996 -0.274659
v 0.172000 0.004586 -0.274638
v 0.172385 0.003999 -0.274671
v 0.172103 0.004215 -0.274664
v 0.172770 0.004183 -0.276288
v 0.172000 0.004768 -0.276229
v 0.172385 0.004186 -0.276304
v 0.172103 0.004400 -0.276283
v 0.172770 0.004464 -0.277687
v 0.172000 0.005039 -0.277580
v 0.172385 0.004467 -0.277705
v 0.172103 0.004678 -0.277666
v 0.172769 0.004840 -0.278935
v 0.172000 0.005398 -0.278771
v 0.172385 0.004843 -0.278952
v 0.172103 0.005047 -0.278892
v 0.172769 0.005311 -0.280060
v 0.172000 0.005843 -0.279833
v 0.172385 0.005313 -0.280075
v 0.172103 0.005508 -0.279992
v 0.172769 0.005877 -0.281076
v 0.172000 0.006373 -0.280785
v 0.172384 0.005877 -0.281088
v 0.172103 0.006059 -0.280981
v 0.172769 0.006537 -0.281990
v 0.172000 0.006987 -0.281635
v 0.172384 0.006535 -0.281998
v 0.172103 0.006700 -0.281868
v 0.172768 0.007290 -0.282804
v 0.172000 0.007686 -0.282389
v 0.172384 0.007286 -0.282809
v 0.172103 0.007431 -0.282657
v 0.172769 0.008138 -0.283519
v 0.172000 0.008472 -0.283053
v 0.172384 0.008130 -0.283521
v 0.172103 0.008252 -0.283351
v 0.172769 0.009081 -0.284137
v 0.172000 0.009349 -0.283627
v 0.172384 0.009069 -0.284136
v 0.172103 0.009167 -0.283950
v 0.172769 0.010122 -0.284655
v 0.172000 0.010324 -0.284113
v 0.172385 0.010107 -0.284653
v 0.172103 0.010181 -0.284455
v 0.172769 0.011268 -0.285074
v 0.172000 0.011406 -0.284508
v 0.172385 0.011251 -0.285072
v 0.172103 0.011301 -0.284865
v 0.172770 0.012532 -0.285392
v 0.172000 0.012612 -0.284812
v 0.172385 0.012514 -0.285390
v 0.172103 0.012543 -0.285177
v 0.172770 0.013943 -0.285608
v 0.172000 0.013974 -0.285021
v 0.172385 0.013926 -0.285606
v 0.172103 0.013937 -0.285391
v 0.172770 0.015578 -0.285720
v 0.172000 0.015572 -0.285130
v 0.172385 0.015565 -0.285718
v 0.172103 0.015563 -0.285502
v 0.172770 0.017994 -0.285714
v 0.172000 0.017981 -0.285124
v 0.172385 0.017994 -0.285712
v 0.172103 0.017989 -0.285496
v 0.172770 0.020408 -0.285609
v 0.172000 0.020386 -0.285019
v 0.172385 0.020420 -0.285606
v 0.172103 0.020412 -0.285390
v 0.172770 0.022036 -0.285422
v 0.172000 0.021979 -0.284837
v 0.172385 0.022053 -0.285419
v 0.172103 0.022032 -0.285205
v 0.172770 0.023436 -0.285141
v 0.172000 0.023329 -0.284566
v 0.172385 0.023454 -0.285138
v 0.172103 0.023415 -0.284927
v 0.172769 0.024684 -0.284765
v 0.172000 0.024520 -0.284207
v 0.172385 0.024701 -0.284762
v 0.172103 0.024641 -0.284558
v 0.172769 0.025809 -0.284294
v 0.172000 0.025582 -0.283762
v 0.172385 0.025824 -0.284292
v 0.172103 0.025741 -0.284097
v 0.172769 0.026825 -0.283729
v 0.172000 0.026534 -0.283232
v 0.172384 0.026837 -0.283728
v 0.172103 0.026730 -0.283546
v 0.172769 0.027739 -0.283068
v 0.172000 0.027384 -0.282618
v 0.172384 0.027747 -0.283070
v 0.172103 0.027617 -0.282905
v 0.172768 0.028553 -0.282315
v 0.172000 0.028138 -0.281919
v 0.172384 0.028558 -0.282319
v 0.172103 0.028406 -0.282174
v 0.172769 0.029268 -0.281467
v 0.172000 0.028802 -0.281133
v 0.172384 0.029270 -0.281475
v 0.172103 0.029099 -0.281353
v 0.172769 0.029886 -0.280524
v 0.172000 0.029376 -0.280256
v 0.172384 0.029885 -0.280536
v 0.172103 0.029699 -0.280437
v 0.172769 0.030404 -0.279483
v 0.172000 0.029862 -0.279281
v 0.172385 0.030402 -0.279498
v 0.172103 0.030204 -0.279424
v 0.172769 0.030823 -0.278337
v 0.172000 0.030257 -0.278199
v 0.172385 0.030820 -0.278354
v 0.172103 0.030613 -0.278304
v 0.172770 0.031141 -0.277073
v 0.172000 0.030561 -0.276993
v 0.172385 0.031138 -0.277091
v 0.172103 0.030926 -0.277062
v 0.172770 0.031357 -0.275662
v 0.172000 0.030770 -0.275631
v 0.172385 0.031355 -0.275679
v 0.172103 0.031140 -0.275668
v 0.172770 0.031469 -0.274027
v 0.172000 0.030879 -0.274033
v 0.172385 0.031467 -0.274040
v 0.172103 0.031251 -0.274042
v 0.172770 0.031463 -0.271611
v 0.172000 0.030873 -0.271625
v 0.172385 0.031461 -0.271611
v 0.172103 0.031245 -0.271616
v 0.172770 0.031358 -0.269197
v 0.172000 0.030768 -0.269219
v 0.172385 0.031355 -0.269185
v 0.172103 0.031139 -0.269193
v 0.172770 0.031171 -0.267569
v 0.172000 0.030586 -0.267627
v 0.172385 0.031168 -0.267552
v 0.172103 0.030954 -0.267573
v 0.172770 0.030890 -0.266169
v 0.172000 0.030315 -0.266276
v 0.172385 0.030887 -0.266151
v 0.172103 0.030676 -0.266190
v 0.172769 0.030514 -0.264921
v 0.172000 0.029956 -0.265085
v 0.172385 0.030511 -0.264904
v 0.172103 0.030307 -0.264964
v 0.172769 0.030043 -0.263796
v 0.172000 0.029511 -0.264023
v 0.172385 0.030041 -0.263781
v 0.172103 0.029846 -0.263864
v 0.172769 0.029477 -0.262780
v 0.172000 0.028981 -0.263071
v 0.172384 0.029477 -0.262768
v 0.172103 0.029295 -0.262875
v 0.172769 0.028817 -0.261866
v 0.172000 0.028367 -0.262222
v 0.172384 0.028819 -0.261858
v 0.172103 0.028654 -0.261988
v 0.172768 0.028063 -0.261052
v 0.172000 0.027668 -0.261467
v 0.172384 0.028068 -0.261047
v 0.172103 0.027923 -0.261199
v 0.172769 0.027216 -0.260337
v 0.172000 0.026882 -0.260803
v 0.172384 0.027224 -0.260335
v 0.264902 0.008179 -0.272147
v 0.264902 0.008247 -0.273076
v 0.172103 0.027102 -0.260506
v 0.172769 0.026273 -0.259719
v 0.172000 0.026005 -0.260229
v 0.172384 0.026285 -0.259720
v 0.172103 0.026186 -0.259906
v 0.172769 0.025232 -0.259201
v 0.172000 0.025030 -0.259743
v 0.172385 0.025247 -0.259203
v 0.172103 0.025173 -0.259401
v 0.172769 0.024086 -0.258782
v 0.172000 0.023948 -0.259348
v 0.172385 0.024103 -0.258785
v 0.172103 0.024053 -0.258992
v 0.172770 0.022822 -0.258464
v 0.172000 0.022742 -0.259044
v 0.264902 0.016963 -0.281401
v 0.172385 0.022840 -0.258467
v 0.264902 0.017895 -0.281426
v 0.264902 0.018825 -0.281359
v 0.172103 0.022811 -0.258679
v 0.172770 0.021411 -0.258248
v 0.172000 0.021380 -0.258835
v 0.172385 0.021428 -0.258250
v 0.172103 0.021417 -0.258465
v 0.172770 0.019776 -0.258136
v 0.172000 0.019782 -0.258726
v 0.172385 0.019788 -0.258138
v 0.172103 0.019791 -0.258354
v 0.172770 0.017360 -0.258142
v 0.172000 0.017373 -0.258732
v 0.172385 0.017360 -0.258144
v 0.172103 0.017365 -0.258360
v 0.172770 0.014946 -0.258247
v 0.172000 0.014967 -0.258837
v 0.264902 0.027150 -0.272642
v 0.264902 0.027175 -0.271710
v 0.172385 0.014934 -0.258250
v 0.264902 0.027107 -0.270780
v 0.172103 0.014941 -0.258466
v 0.172770 0.013317 -0.258434
v 0.172000 0.013375 -0.259019
v 0.172385 0.013301 -0.258437
v 0.172103 0.013322 -0.258651
v 0.172770 0.011918 -0.258715
v 0.172000 0.012025 -0.259290
v 0.172385 0.011900 -0.258718
v 0.172103 0.011939 -0.258929
v 0.172769 0.010670 -0.259091
v 0.172000 0.010834 -0.259649
v 0.172385 0.010653 -0.259094
v 0.172103 0.010713 -0.259299
v 0.172769 0.009545 -0.259562
v 0.172000 0.009772 -0.260094
v 0.264902 0.018390 -0.262455
v 0.172385 0.009530 -0.259564
v 0.264902 0.017458 -0.262430
v 0.172103 0.009613 -0.259759
v 0.264902 0.016529 -0.262498
v 0.172769 0.008529 -0.260128
v 0.172000 0.008820 -0.260624
v 0.172384 0.008517 -0.260128
v 0.172103 0.008624 -0.260310
v 0.172769 0.007615 -0.260788
v 0.172000 0.007970 -0.261238
v 0.172384 0.007607 -0.260786
v 0.172103 0.007737 -0.260951
v 0.172768 0.006801 -0.261542
v 0.172000 0.007216 -0.261937
v 0.172384 0.006796 -0.261537
v 0.172103 0.006948 -0.261682
v 0.172769 0.006086 -0.262389
v 0.172000 0.006552 -0.262723
v 0.264902 0.008204 -0.271215
v 0.265897 0.006849 -0.272177
v 0.172384 0.006084 -0.262381
v 0.172103 0.006254 -0.262503
v 0.265897 0.006925 -0.273237
v 0.172769 0.005468 -0.263332
v 0.265897 0.007105 -0.274285
v 0.172000 0.005978 -0.263601
v 0.265897 0.007387 -0.275310
v 0.265897 0.007768 -0.276302
v 0.172384 0.005469 -0.263320
v 0.172103 0.005655 -0.263419
v 0.265897 0.008245 -0.277252
v 0.265897 0.008812 -0.278151
v 0.172769 0.004950 -0.264373
v 0.265897 0.009465 -0.278990
v 0.172000 0.005492 -0.264575
v 0.265897 0.010196 -0.279761
v 0.172385 0.004952 -0.264358
v 0.265897 0.011000 -0.280456
v 0.172103 0.005150 -0.264432
v 0.172769 0.004531 -0.265519
v 0.265897 0.011868 -0.281070
v 0.172000 0.005097 -0.265657
v 0.265897 0.012792 -0.281595
v 0.265897 0.013763 -0.282027
v 0.172385 0.004534 -0.265502
v 0.172103 0.004741 -0.265552
v 0.265897 0.014772 -0.282362
v 0.172770 0.004213 -0.266783
v 0.265897 0.015809 -0.282597
v 0.172000 0.004793 -0.266863
v 0.265897 0.016864 -0.282729
v 0.172385 0.004215 -0.266765
v 0.265897 0.017926 -0.282756
v 0.172103 0.004428 -0.266794
v 0.265897 0.018986 -0.282680
v 0.265897 0.020034 -0.282500
v 0.172770 0.003997 -0.268194
v 0.265897 0.021059 -0.282218
v 0.172000 0.004584 -0.268225
v 0.265897 0.022051 -0.281837
v 0.172385 0.003999 -0.268177
v 0.265897 0.023001 -0.281360
v 0.172103 0.004214 -0.268188
v 0.172770 0.003885 -0.269829
v 0.265897 0.023900 -0.280793
v 0.172000 0.004475 -0.269823
v 0.265897 0.024739 -0.280140
v 0.265897 0.025510 -0.279409
v 0.172385 0.003887 -0.269817
v 0.265897 0.026205 -0.278605
v 0.172103 0.004103 -0.269814
v 0.182232 0.007242 -0.277624
v 0.265897 0.026819 -0.277737
v 0.183767 0.007280 -0.277666
v 0.265897 0.027344 -0.276813
v 0.265897 0.027776 -0.275842
v 0.183000 0.007206 -0.276751
v 0.182719 0.007318 -0.277590
v 0.265897 0.028111 -0.274833
v 0.183281 0.007332 -0.277606
v 0.265897 0.028346 -0.273796
v 0.182232 0.007625 -0.278538
v 0.265897 0.028477 -0.272742
v 0.265897 0.028505 -0.271679
v 0.183766 0.007662 -0.278588
v 0.265897 0.028429 -0.270619
v 0.182719 0.007699 -0.278500
v 0.183280 0.007712 -0.278518
v 0.265897 0.028249 -0.269571
v 0.182232 0.008085 -0.279364
v 0.265897 0.027967 -0.268546
v 0.183764 0.008121 -0.279420
v 0.265897 0.027586 -0.267554
v 0.182718 0.008155 -0.279321
v 0.265897 0.027109 -0.266604
v 0.183279 0.008169 -0.279341
v 0.265897 0.026542 -0.265705
v 0.182232 0.008622 -0.280107
v 0.265897 0.025889 -0.264866
v 0.183762 0.008656 -0.280167
v 0.265897 0.025158 -0.264095
v 0.265897 0.024354 -0.263400
v 0.182718 0.008688 -0.280059
v 0.183278 0.008701 -0.280081
v 0.265897 0.023486 -0.262786
v 0.265897 0.022562 -0.262261
v 0.182232 0.009234 -0.280768
v 0.265897 0.021591 -0.261829
v 0.183759 0.009267 -0.280834
v 0.265897 0.020582 -0.261494
v 0.182718 0.009297 -0.280717
v 0.265897 0.019545 -0.261259
v 0.183277 0.009309 -0.280740
v 0.265897 0.018490 -0.261128
v 0.182232 0.009923 -0.281350
v 0.265897 0.017428 -0.261100
v 0.183756 0.009955 -0.281419
v 0.265897 0.016368 -0.261176
v 0.182717 0.009981 -0.281295
v 0.183275 0.009992 -0.281320
v 0.265897 0.015320 -0.261357
v 0.265897 0.014295 -0.261638
v 0.182232 0.010690 -0.281852
v 0.265897 0.013303 -0.262019
v 0.183754 0.010719 -0.281924
v 0.182717 0.010742 -0.281794
v 0.265897 0.012353 -0.262496
v 0.265897 0.011454 -0.263063
v 0.183274 0.010752 -0.281820
v 0.265897 0.010615 -0.263716
v 0.182231 0.011536 -0.282274
v 0.183752 0.011562 -0.282348
v 0.265897 0.009844 -0.264448
v 0.182716 0.011582 -0.282213
v 0.265897 0.009149 -0.265251
v 0.183273 0.011591 -0.282240
v 0.265897 0.008535 -0.266119
v 0.182231 0.012467 -0.282614
v 0.265897 0.008010 -0.267043
v 0.183750 0.012490 -0.282691
v 0.265897 0.007578 -0.268014
v 0.182716 0.012506 -0.282551
v 0.265897 0.007243 -0.269023
v 0.265897 0.007008 -0.270060
v 0.183272 0.012514 -0.282579
v 0.265897 0.006877 -0.271115
v 0.182230 0.013494 -0.282873
v 0.267017 0.005622 -0.272205
v 0.183748 0.013513 -0.282951
v 0.182716 0.013526 -0.282808
v 0.267017 0.005707 -0.273386
v 0.183271 0.013533 -0.282837
v 0.267017 0.005907 -0.274552
v 0.267017 0.006221 -0.275693
v 0.182230 0.014641 -0.283049
v 0.183747 0.014656 -0.283128
v 0.267017 0.006645 -0.276798
v 0.182715 0.014664 -0.282983
v 0.267017 0.007176 -0.277856
v 0.267017 0.007807 -0.278856
v 0.183271 0.014669 -0.283012
v 0.267017 0.008534 -0.279790
v 0.182230 0.015971 -0.283140
v 0.183747 0.015980 -0.283220
v 0.267017 0.009349 -0.280649
v 0.182715 0.015984 -0.283074
v 0.267017 0.010244 -0.281423
v 0.183270 0.015987 -0.283103
v 0.267017 0.011210 -0.282106
v 0.182230 0.017935 -0.283135
v 0.267017 0.012239 -0.282691
v 0.183747 0.017937 -0.283215
v 0.267017 0.013320 -0.283172
v 0.182715 0.017933 -0.283069
v 0.267017 0.014443 -0.283545
v 0.183270 0.017934 -0.283098
v 0.267017 0.015597 -0.283806
v 0.182230 0.019897 -0.283049
v 0.267017 0.016771 -0.283953
v 0.267017 0.017954 -0.283983
v 0.183747 0.019891 -0.283130
v 0.182715 0.019881 -0.282984
v 0.267017 0.019135 -0.283898
v 0.183270 0.019879 -0.283013
v 0.267017 0.020301 -0.283698
v 0.267017 0.021442 -0.283384
v 0.182230 0.021221 -0.282897
v 0.267017 0.022547 -0.282960
v 0.183747 0.021210 -0.282977
v 0.182715 0.021195 -0.282833
v 0.267017 0.023604 -0.282429
v 0.267017 0.024605 -0.281798
v 0.183271 0.021191 -0.282862
v 0.267017 0.025539 -0.281071
v 0.182230 0.022358 -0.282669
v 0.183748 0.022343 -0.282748
v 0.267017 0.026397 -0.280256
v 0.267017 0.027172 -0.279362
v 0.182716 0.022324 -0.282606
v 0.183271 0.022319 -0.282635
v 0.267017 0.027855 -0.278395
v 0.267017 0.028440 -0.277366
v 0.182231 0.023373 -0.282363
v 0.183750 0.023353 -0.282441
v 0.267017 0.028921 -0.276285
v 0.182716 0.023331 -0.282302
v 0.267017 0.029294 -0.275162
v 0.183272 0.023324 -0.282331
v 0.267017 0.029555 -0.274008
v 0.182231 0.024287 -0.281980
v 0.267017 0.029701 -0.272834
v 0.183752 0.024265 -0.282056
v 0.267017 0.029732 -0.271651
v 0.182716 0.024239 -0.281922
v 0.267017 0.029647 -0.270470
v 0.267017 0.029447 -0.269304
v 0.183273 0.024231 -0.281949
v 0.267017 0.029133 -0.268163
v 0.182232 0.025113 -0.281520
v 0.267017 0.028709 -0.267058
v 0.183754 0.025088 -0.281594
v 0.267017 0.028178 -0.266001
v 0.182717 0.025059 -0.281464
v 0.267017 0.027547 -0.265000
v 0.183274 0.025049 -0.281491
v 0.182232 0.025856 -0.280984
v 0.267017 0.026820 -0.264066
v 0.267017 0.026005 -0.263208
v 0.183756 0.025828 -0.281054
v 0.267017 0.025110 -0.262433
v 0.182717 0.025796 -0.280931
v 0.267017 0.024144 -0.261750
v 0.183275 0.025786 -0.280957
v 0.182232 0.026517 -0.280371
v 0.267017 0.023115 -0.261165
v 0.267017 0.022034 -0.260684
v 0.183759 0.026487 -0.280437
v 0.182718 0.026453 -0.280322
v 0.267017 0.020911 -0.260311
v 0.183277 0.026442 -0.280346
v 0.267017 0.019757 -0.260050
v 0.182232 0.027099 -0.279682
v 0.267017 0.018583 -0.259904
v 0.183762 0.027067 -0.279744
v 0.267017 0.017400 -0.259873
v 0.182718 0.027030 -0.279637
v 0.267017 0.016219 -0.259958
v 0.183278 0.027019 -0.279660
v 0.267017 0.015053 -0.260158
v 0.182232 0.027601 -0.278915
v 0.267017 0.013912 -0.260472
v 0.183764 0.027567 -0.278972
v 0.267017 0.012807 -0.260897
v 0.182718 0.027528 -0.278875
v 0.267017 0.011750 -0.261427
v 0.183279 0.027516 -0.278896
v 0.267017 0.010749 -0.262058
v 0.182232 0.028022 -0.278069
v 0.267017 0.009815 -0.262785
v 0.183766 0.027988 -0.278120
v 0.267017 0.008956 -0.263600
v 0.182719 0.027947 -0.278034
v 0.267017 0.008182 -0.264495
v 0.183280 0.027934 -0.278052
v 0.267017 0.007499 -0.265461
v 0.183767 0.028327 -0.277182
v 0.267017 0.006914 -0.266490
v 0.182232 0.028363 -0.277138
v 0.267017 0.006433 -0.267571
v 0.183000 0.028359 -0.276265
v 0.267017 0.006060 -0.268694
v 0.183281 0.028272 -0.277124
v 0.267017 0.005799 -0.269848
v 0.182719 0.028285 -0.277108
v 0.267017 0.005653 -0.271022
v 0.182232 0.028112 -0.266233
v 0.268251 0.004510 -0.272231
v 0.268251 0.004603 -0.273520
v 0.183767 0.028074 -0.266190
v 0.183000 0.028148 -0.267105
v 0.268251 0.004822 -0.274794
v 0.268251 0.005165 -0.276040
v 0.182719 0.028036 -0.266266
v 0.183281 0.028022 -0.266250
v 0.268251 0.005628 -0.277247
v 0.268251 0.006207 -0.278402
v 0.182232 0.027729 -0.265318
v 0.183766 0.027692 -0.265269
v 0.268251 0.006897 -0.279495
v 0.268251 0.007691 -0.280515
v 0.182719 0.027655 -0.265357
v 0.268251 0.008580 -0.281453
v 0.183280 0.027642 -0.265339
v 0.182232 0.027269 -0.264492
v 0.268251 0.009558 -0.282299
v 0.268251 0.010613 -0.283045
v 0.183764 0.027233 -0.264437
v 0.182718 0.027199 -0.264536
v 0.268251 0.011737 -0.283683
v 0.183279 0.027185 -0.264515
v 0.268251 0.012918 -0.284209
v 0.182232 0.026732 -0.263750
v 0.268251 0.014145 -0.284616
v 0.183762 0.026698 -0.263689
v 0.268251 0.015405 -0.284901
v 0.182718 0.026666 -0.263797
v 0.268251 0.016688 -0.285062
v 0.183278 0.026653 -0.263775
v 0.268251 0.017980 -0.285095
v 0.182232 0.026120 -0.263088
v 0.268251 0.019269 -0.285002
v 0.268251 0.020543 -0.284783
v 0.183759 0.026087 -0.263023
v 0.182718 0.026057 -0.263140
v 0.268251 0.021789 -0.284440
v 0.183277 0.026045 -0.263116
v 0.268251 0.022996 -0.283977
v 0.182232 0.025430 -0.262506
v 0.268251 0.024151 -0.283398
v 0.268251 0.025244 -0.282708
v 0.183756 0.025399 -0.262437
v 0.268251 0.026264 -0.281914
v 0.182717 0.025373 -0.262561
v 0.268251 0.027202 -0.281025
v 0.183275 0.025362 -0.262536
v 0.268251 0.028048 -0.280047
v 0.182232 0.024664 -0.262004
v 0.268251 0.028793 -0.278992
v 0.183754 0.024635 -0.261932
v 0.182717 0.024612 -0.262062
v 0.268251 0.029432 -0.277868
v 0.183274 0.024602 -0.262036
v 0.268251 0.029958 -0.276687
v 0.182231 0.023818 -0.261583
v 0.268251 0.030365 -0.275460
v 0.183752 0.023792 -0.261508
v 0.268251 0.030650 -0.274200
v 0.182716 0.023772 -0.261643
v 0.268251 0.030811 -0.272917
v 0.268251 0.030844 -0.271625
v 0.183273 0.023763 -0.261616
v 0.182231 0.022887 -0.261242
v 0.268251 0.030751 -0.270336
v 0.268251 0.030532 -0.269062
v 0.183750 0.022864 -0.261165
v 0.182716 0.022848 -0.261305
v 0.268251 0.030189 -0.267816
v 0.183272 0.022840 -0.261277
v 0.268251 0.029726 -0.266609
v 0.268251 0.029147 -0.265454
v 0.182230 0.021860 -0.260983
v 0.268251 0.028457 -0.264361
v 0.183748 0.021841 -0.260905
v 0.182716 0.021828 -0.261048
v 0.268251 0.027663 -0.263341
v 0.183271 0.021821 -0.261019
v 0.268251 0.026773 -0.262403
v 0.182230 0.020713 -0.260807
v 0.268251 0.025796 -0.261557
v 0.183747 0.020698 -0.260728
v 0.268251 0.024740 -0.260812
v 0.268251 0.023617 -0.260173
v 0.182715 0.020690 -0.260873
v 0.268251 0.022436 -0.259647
v 0.183271 0.020684 -0.260844
v 0.268251 0.021209 -0.259240
v 0.182230 0.019383 -0.260716
v 0.183747 0.019374 -0.260636
v 0.268251 0.019949 -0.258955
v 0.182715 0.019370 -0.260783
v 0.268251 0.018666 -0.258795
v 0.183270 0.019367 -0.260753
v 0.268251 0.017374 -0.258761
v 0.182230 0.017419 -0.260721
v 0.268251 0.016085 -0.258854
v 0.183747 0.017417 -0.260641
v 0.268251 0.014811 -0.259073
v 0.268251 0.013565 -0.259416
v 0.182715 0.017421 -0.260787
v 0.268251 0.012358 -0.259879
v 0.183270 0.017420 -0.260758
v 0.182230 0.015457 -0.260807
v 0.268251 0.011203 -0.260458
v 0.268251 0.010110 -0.261148
v 0.183747 0.015463 -0.260726
v 0.268251 0.009090 -0.261942
v 0.182715 0.015473 -0.260872
v 0.268251 0.008152 -0.262832
v 0.183270 0.015475 -0.260843
v 0.268251 0.007306 -0.263809
v 0.182230 0.014133 -0.260959
v 0.268251 0.006560 -0.264865
v 0.183747 0.014144 -0.260879
v 0.268251 0.005922 -0.265988
v 0.182715 0.014159 -0.261023
v 0.268251 0.005396 -0.267169
v 0.183271 0.014163 -0.260994
v 0.182230 0.012996 -0.261187
v 0.268251 0.004989 -0.268396
v 0.268251 0.004704 -0.269656
v 0.183748 0.013011 -0.261108
v 0.182716 0.013030 -0.261250
v 0.268251 0.004543 -0.270939
v 0.269589 0.003524 -0.272254
v 0.183271 0.013035 -0.261221
v 0.182231 0.011981 -0.261493
v 0.269589 0.003624 -0.273639
v 0.269589 0.003859 -0.275009
v 0.183750 0.012001 -0.261415
v 0.269589 0.004227 -0.276348
v 0.182716 0.012023 -0.261554
v 0.269589 0.004725 -0.277645
v 0.183272 0.012030 -0.261525
v 0.182231 0.011067 -0.261876
v 0.269589 0.005348 -0.278887
v 0.183752 0.011089 -0.261800
v 0.269589 0.006090 -0.280062
v 0.182716 0.011115 -0.261935
v 0.269589 0.006943 -0.281159
v 0.183273 0.011123 -0.261907
v 0.269589 0.007899 -0.282166
v 0.182232 0.010241 -0.262336
v 0.269589 0.008950 -0.283075
v 0.183754 0.010266 -0.262263
v 0.269589 0.010084 -0.283877
v 0.182717 0.010295 -0.262392
v 0.269589 0.011292 -0.284564
v 0.269589 0.012561 -0.285129
v 0.183274 0.010305 -0.262365
v 0.269589 0.013880 -0.285567
v 0.182232 0.009498 -0.262873
v 0.269589 0.015235 -0.285873
v 0.183756 0.009526 -0.262802
v 0.182717 0.009558 -0.262925
v 0.269589 0.016614 -0.286045
v 0.269589 0.018003 -0.286082
v 0.183275 0.009568 -0.262899
v 0.269589 0.019388 -0.285981
v 0.182232 0.008837 -0.263485
v 0.183759 0.008867 -0.263419
v 0.269589 0.020758 -0.285746
v 0.182718 0.008901 -0.263534
v 0.269589 0.022097 -0.285378
v 0.183277 0.008912 -0.263510
v 0.269589 0.023394 -0.284880
v 0.269589 0.024636 -0.284257
v 0.182232 0.008255 -0.264175
v 0.269589 0.025811 -0.283515
v 0.183762 0.008287 -0.264112
v 0.269589 0.026908 -0.282662
v 0.182718 0.008324 -0.264219
v 0.269589 0.027915 -0.281706
v 0.183278 0.008335 -0.264196
v 0.269589 0.028824 -0.280655
v 0.182232 0.007753 -0.264941
v 0.183764 0.007786 -0.264884
v 0.269589 0.029626 -0.279521
v 0.182718 0.007826 -0.264981
v 0.269589 0.030313 -0.278313
v 0.183279 0.007838 -0.264960
v 0.269589 0.030878 -0.277044
v 0.269589 0.031315 -0.275725
v 0.182232 0.007332 -0.265787
v 0.269589 0.031622 -0.274370
v 0.183766 0.007366 -0.265736
v 0.269589 0.031794 -0.272991
v 0.182719 0.007407 -0.265822
v 0.269589 0.031830 -0.271602
v 0.183280 0.007420 -0.265804
v 0.269589 0.031730 -0.270217
v 0.183767 0.007027 -0.266674
v 0.269589 0.031495 -0.268848
v 0.182232 0.006991 -0.266718
v 0.269589 0.031126 -0.267508
v 0.183000 0.006995 -0.267592
v 0.269589 0.030628 -0.266211
v 0.183281 0.007082 -0.266732
v 0.269589 0.030006 -0.264969
v 0.182719 0.007069 -0.266748
v 0.269589 0.029264 -0.263794
v 0.237202 0.008446 -0.290374
v 0.269589 0.028411 -0.262698
v 0.238706 0.008553 -0.290070
v 0.269589 0.027455 -0.261690
v 0.238000 0.007859 -0.289889
v 0.237695 0.008461 -0.290354
v 0.269589 0.026404 -0.260781
v 0.269589 0.025269 -0.259979
v 0.238246 0.008500 -0.290243
v 0.237202 0.009584 -0.291172
v 0.269589 0.024062 -0.259292
v 0.238703 0.009677 -0.290855
v 0.269589 0.022792 -0.258727
v 0.269589 0.021474 -0.258290
v 0.237695 0.009597 -0.291151
v 0.269589 0.020119 -0.257983
v 0.238245 0.009631 -0.291035
v 0.269589 0.018740 -0.257811
v 0.237202 0.010834 -0.291819
v 0.269589 0.017351 -0.257775
v 0.238700 0.010912 -0.291493
v 0.237695 0.010845 -0.291798
v 0.269589 0.015966 -0.257875
v 0.269589 0.014596 -0.258110
v 0.238243 0.010874 -0.291678
v 0.269589 0.013257 -0.258479
v 0.237202 0.012212 -0.292315
v 0.238698 0.012274 -0.291982
v 0.269589 0.011960 -0.258977
v 0.269589 0.010718 -0.259599
v 0.237695 0.012221 -0.292293
v 0.269589 0.009543 -0.260341
v 0.238242 0.012243 -0.292171
v 0.269589 0.008446 -0.261194
v 0.237202 0.013749 -0.292657
v 0.269589 0.007439 -0.262150
v 0.238696 0.013793 -0.292319
v 0.269589 0.006530 -0.263201
v 0.237694 0.013756 -0.292635
v 0.269589 0.005728 -0.264336
v 0.238241 0.013772 -0.292511
v 0.269589 0.005041 -0.265543
v 0.237202 0.015530 -0.292843
v 0.269589 0.004476 -0.266813
v 0.238695 0.015552 -0.292503
v 0.237694 0.015533 -0.292821
v 0.269589 0.004038 -0.268131
v 0.269589 0.003732 -0.269486
v 0.238241 0.015542 -0.292696
v 0.269589 0.003560 -0.270865
v 0.237202 0.018158 -0.292858
v 0.271016 0.002673 -0.272273
v 0.238695 0.018151 -0.292518
v 0.271016 0.002779 -0.273742
v 0.237694 0.018158 -0.292836
v 0.271016 0.003028 -0.275194
v 0.238240 0.018155 -0.292711
v 0.237202 0.020784 -0.292722
v 0.271016 0.003419 -0.276614
v 0.238695 0.020745 -0.292383
v 0.271016 0.003947 -0.277989
v 0.237694 0.020779 -0.292700
v 0.271016 0.004607 -0.279305
v 0.238241 0.020765 -0.292576
v 0.271016 0.005393 -0.280551
v 0.237202 0.022554 -0.292454
v 0.271016 0.006297 -0.281714
v 0.271016 0.007311 -0.282782
v 0.238696 0.022495 -0.292119
v 0.271016 0.008425 -0.283746
v 0.237694 0.022546 -0.292433
v 0.271016 0.009628 -0.284596
v 0.238241 0.022525 -0.292310
v 0.237202 0.024073 -0.292042
v 0.271016 0.010908 -0.285324
v 0.238698 0.023997 -0.291712
v 0.271016 0.012254 -0.285922
v 0.237695 0.024064 -0.292021
v 0.271016 0.013652 -0.286387
v 0.271016 0.015088 -0.286711
v 0.238242 0.024036 -0.291900
v 0.271016 0.016550 -0.286894
v 0.237202 0.025427 -0.291483
v 0.271016 0.018022 -0.286932
v 0.238700 0.025334 -0.291161
v 0.271016 0.019491 -0.286826
v 0.237695 0.025415 -0.291463
v 0.271016 0.020943 -0.286577
v 0.238243 0.025381 -0.291345
v 0.237202 0.026646 -0.290779
v 0.271016 0.022363 -0.286186
v 0.238703 0.026539 -0.290467
v 0.271016 0.023738 -0.285658
v 0.271016 0.025054 -0.284998
v 0.237695 0.026633 -0.290759
v 0.238245 0.026593 -0.290645
v 0.271016 0.026300 -0.284212
v 0.238706 0.027626 -0.289631
v 0.271016 0.027462 -0.283308
v 0.237202 0.027746 -0.289930
v 0.271016 0.028531 -0.282294
v 0.238000 0.028311 -0.289418
v 0.271016 0.029494 -0.281180
v 0.238246 0.027687 -0.289801
v 0.271016 0.030344 -0.279977
v 0.237695 0.027731 -0.289911
v 0.271016 0.031072 -0.278697
v 0.237202 0.026908 -0.253482
v 0.271016 0.031671 -0.277351
v 0.238706 0.026801 -0.253786
v 0.271016 0.032135 -0.275953
v 0.271016 0.032460 -0.274517
v 0.238000 0.027495 -0.253967
v 0.271016 0.032643 -0.273055
v 0.237695 0.026893 -0.253502
v 0.271016 0.032681 -0.271583
v 0.238246 0.026854 -0.253614
v 0.271016 0.032575 -0.270114
v 0.237202 0.025770 -0.252684
v 0.238703 0.025677 -0.253001
v 0.271016 0.032326 -0.268662
v 0.271016 0.031935 -0.267242
v 0.237695 0.025757 -0.252705
v 0.238245 0.025723 -0.252821
v 0.271016 0.031407 -0.265867
v 0.237202 0.024520 -0.252037
v 0.271016 0.030747 -0.264551
v 0.238700 0.024442 -0.252363
v 0.271016 0.029961 -0.263305
v 0.237695 0.024509 -0.252058
v 0.271016 0.029057 -0.262143
v 0.271016 0.028043 -0.261074
v 0.238243 0.024480 -0.252178
v 0.271016 0.026929 -0.260111
v 0.237202 0.023142 -0.251541
v 0.271016 0.025726 -0.259261
v 0.238698 0.023080 -0.251874
v 0.271016 0.024446 -0.258533
v 0.237695 0.023133 -0.251563
v 0.238242 0.023110 -0.251685
v 0.271016 0.023100 -0.257934
v 0.271016 0.021702 -0.257470
v 0.237202 0.021604 -0.251199
v 0.271016 0.020266 -0.257145
v 0.238696 0.021561 -0.251537
v 0.271016 0.018804 -0.256962
v 0.237694 0.021598 -0.251221
v 0.271016 0.017332 -0.256924
v 0.238241 0.021582 -0.251345
v 0.237202 0.019824 -0.251013
v 0.271016 0.015863 -0.257030
v 0.238695 0.019802 -0.251354
v 0.271016 0.014411 -0.257279
v 0.237694 0.019821 -0.251035
v 0.271016 0.012991 -0.257670
v 0.271016 0.011616 -0.258198
v 0.238241 0.019812 -0.251160
v 0.271016 0.010300 -0.258858
v 0.237202 0.017196 -0.250998
v 0.238695 0.017203 -0.251339
v 0.271016 0.009054 -0.259644
v 0.237694 0.017196 -0.251020
v 0.271016 0.007891 -0.260548
v 0.238240 0.017199 -0.251145
v 0.271016 0.006823 -0.261562
v 0.237202 0.014570 -0.251134
v 0.271016 0.005859 -0.262676
v 0.238695 0.014609 -0.251473
v 0.271016 0.005010 -0.263879
v 0.237694 0.014575 -0.251156
v 0.271016 0.004282 -0.265159
v 0.238241 0.014589 -0.251280
v 0.271016 0.003683 -0.266505
v 0.271016 0.003218 -0.267903
v 0.237202 0.012800 -0.251402
v 0.271016 0.002894 -0.269339
v 0.238696 0.012859 -0.251737
v 0.271016 0.002711 -0.270801
v 0.237694 0.012808 -0.251424
v 0.272519 0.001965 -0.272290
v 0.238241 0.012829 -0.251546
v 0.272519 0.002076 -0.273828
v 0.237202 0.011281 -0.251814
v 0.272519 0.002337 -0.275348
v 0.238698 0.011357 -0.252144
v 0.237695 0.011290 -0.251836
v 0.272519 0.002746 -0.276835
v 0.272519 0.003299 -0.278275
v 0.238242 0.011318 -0.251956
v 0.237202 0.009927 -0.252373
v 0.272519 0.003991 -0.279653
v 0.238700 0.010020 -0.252695
v 0.272519 0.004814 -0.280958
v 0.272519 0.005761 -0.282175
v 0.237695 0.009939 -0.252394
v 0.238243 0.009973 -0.252511
v 0.272519 0.006822 -0.283294
v 0.237202 0.008707 -0.253077
v 0.272519 0.007989 -0.284303
v 0.272519 0.009248 -0.285193
v 0.238703 0.008815 -0.253389
v 0.237695 0.008721 -0.253097
v 0.272519 0.010589 -0.285955
v 0.238245 0.008761 -0.253211
v 0.272519 0.011998 -0.286582
v 0.238706 0.007728 -0.254225
v 0.272519 0.013462 -0.287068
v 0.237202 0.007608 -0.253926
v 0.272519 0.014966 -0.287409
v 0.238000 0.007043 -0.254438
v 0.272519 0.016497 -0.287600
v 0.238246 0.007667 -0.254055
v 0.272519 0.018038 -0.287640
v 0.237695 0.007623 -0.253945
v 0.272519 0.019577 -0.287529
v 0.272519 0.021097 -0.287268
v 0.260266 0.011945 -0.280189
v 0.272519 0.022584 -0.286859
v 0.261795 0.012012 -0.279974
v 0.272519 0.024024 -0.286306
v 0.261000 0.011494 -0.279520
v 0.272519 0.025402 -0.285614
v 0.260740 0.011999 -0.280053
v 0.272519 0.026707 -0.284791
v 0.261299 0.012023 -0.279974
v 0.272519 0.027924 -0.283844
v 0.260268 0.012640 -0.280540
v 0.261795 0.012698 -0.280316
v 0.272519 0.029043 -0.282783
v 0.272519 0.030052 -0.281616
v 0.260740 0.012687 -0.280398
v 0.272519 0.030942 -0.280357
v 0.261299 0.012708 -0.280316
v 0.260269 0.013404 -0.280823
v 0.272519 0.031704 -0.279016
v 0.272519 0.032331 -0.277607
v 0.261795 0.013453 -0.280592
v 0.272519 0.032817 -0.276143
v 0.260741 0.013444 -0.280676
v 0.272519 0.033158 -0.274639
v 0.261299 0.013462 -0.280592
v 0.260271 0.014248 -0.281038
v 0.272519 0.033349 -0.273108
v 0.272519 0.033389 -0.271567
v 0.261795 0.014286 -0.280802
v 0.272519 0.033278 -0.270028
v 0.260742 0.014279 -0.280888
v 0.272519 0.033017 -0.268508
v 0.261300 0.014293 -0.280802
v 0.272519 0.032607 -0.267021
v 0.260271 0.015189 -0.281184
v 0.261795 0.015216 -0.280944
v 0.272519 0.032055 -0.265581
v 0.272519 0.031363 -0.264203
v 0.260742 0.015211 -0.281032
v 0.261300 0.015221 -0.280944
v 0.272519 0.030540 -0.262898
v 0.260272 0.016280 -0.281260
v 0.272519 0.029593 -0.261681
v 0.272519 0.028531 -0.260562
v 0.261795 0.016294 -0.281018
v 0.260742 0.016292 -0.281107
v 0.272519 0.027365 -0.259553
v 0.261300 0.016297 -0.281018
v 0.272519 0.026106 -0.258663
v 0.272519 0.024765 -0.257901
v 0.260272 0.017892 -0.281256
v 0.272519 0.023356 -0.257274
v 0.261795 0.017886 -0.281014
v 0.272519 0.021892 -0.256788
v 0.260743 0.017888 -0.281103
v 0.272519 0.020388 -0.256447
v 0.261300 0.017886 -0.281014
v 0.260272 0.019502 -0.281186
v 0.272519 0.018857 -0.256256
v 0.261795 0.019477 -0.280945
v 0.272519 0.017316 -0.256216
v 0.260742 0.019483 -0.281033
v 0.272519 0.015777 -0.256327
v 0.261300 0.019474 -0.280945
v 0.272519 0.014257 -0.256588
v 0.260271 0.020588 -0.281060
v 0.272519 0.012770 -0.256998
v 0.272519 0.011330 -0.257550
v 0.261795 0.020550 -0.280821
v 0.272519 0.009952 -0.258242
v 0.260742 0.020559 -0.280909
v 0.261300 0.020545 -0.280822
v 0.272519 0.008647 -0.259065
v 0.272519 0.007430 -0.260012
v 0.260271 0.021522 -0.280871
v 0.261795 0.021472 -0.280636
v 0.272519 0.006311 -0.261074
v 0.260742 0.021484 -0.280722
v 0.272519 0.005302 -0.262240
v 0.261300 0.021466 -0.280637
v 0.272519 0.004412 -0.263499
v 0.272519 0.003650 -0.264840
v 0.260269 0.022354 -0.280617
v 0.261795 0.022295 -0.280388
v 0.272519 0.003023 -0.266249
v 0.272519 0.002537 -0.267713
v 0.260741 0.022308 -0.280473
v 0.272519 0.002196 -0.269217
v 0.261299 0.022286 -0.280389
v 0.272519 0.002005 -0.270748
v 0.260268 0.023105 -0.280299
v 0.261795 0.023036 -0.280078
v 0.274084 0.001407 -0.272302
v 0.274084 0.001523 -0.273895
v 0.260740 0.023051 -0.280159
v 0.274084 0.001793 -0.275469
v 0.261299 0.023026 -0.280079
v 0.274084 0.002217 -0.277009
v 0.261795 0.023706 -0.279705
v 0.260266 0.023783 -0.279917
v 0.274084 0.002789 -0.278500
v 0.274084 0.003505 -0.279927
v 0.261000 0.024203 -0.279228
v 0.274084 0.004357 -0.281278
v 0.261299 0.023695 -0.279706
v 0.274084 0.005338 -0.282539
v 0.260740 0.023723 -0.279783
v 0.274084 0.006437 -0.283697
v 0.260266 0.023409 -0.263667
v 0.274084 0.007645 -0.284742
v 0.261795 0.023342 -0.263882
v 0.274084 0.008949 -0.285664
v 0.261000 0.023860 -0.264336
v 0.274084 0.010338 -0.286453
v 0.260740 0.023355 -0.263803
v 0.274084 0.011797 -0.287102
v 0.261299 0.023331 -0.263882
v 0.260268 0.022714 -0.263317
v 0.274084 0.013312 -0.287606
v 0.274084 0.014870 -0.287958
v 0.261795 0.022656 -0.263540
v 0.274084 0.016455 -0.288156
v 0.260740 0.022667 -0.263458
v 0.261299 0.022646 -0.263540
v 0.274084 0.018051 -0.288198
v 0.274084 0.019644 -0.288083
v 0.260269 0.021949 -0.263033
v 0.274084 0.021218 -0.287812
v 0.261795 0.021901 -0.263264
v 0.260741 0.021910 -0.263180
v 0.274084 0.022758 -0.287388
v 0.261299 0.021892 -0.263264
v 0.274084 0.024249 -0.286816
v 0.260271 0.021106 -0.262818
v 0.274084 0.025676 -0.286100
v 0.261795 0.021068 -0.263055
v 0.274084 0.027027 -0.285248
v 0.260742 0.021075 -0.262968
v 0.274084 0.028288 -0.284267
v 0.261300 0.021061 -0.263054
v 0.274084 0.029446 -0.283168
v 0.274084 0.030491 -0.281960
v 0.260271 0.020165 -0.262672
v 0.274084 0.031412 -0.280656
v 0.261795 0.020138 -0.262912
v 0.274084 0.032202 -0.279267
v 0.260742 0.020143 -0.262824
v 0.261300 0.020133 -0.262912
v 0.274084 0.032851 -0.277808
v 0.260272 0.019074 -0.262596
v 0.274084 0.033355 -0.276293
v 0.261795 0.019060 -0.262838
v 0.274084 0.033707 -0.274735
v 0.260742 0.019062 -0.262750
v 0.274084 0.033905 -0.273150
v 0.261300 0.019057 -0.262838
v 0.274084 0.033946 -0.271554
v 0.274084 0.033831 -0.269961
v 0.260272 0.017462 -0.262600
v 0.274084 0.033561 -0.268387
v 0.261795 0.017468 -0.262842
v 0.274084 0.033137 -0.266847
v 0.260743 0.017466 -0.262753
v 0.274084 0.032565 -0.265356
v 0.261300 0.017468 -0.262842
v 0.274084 0.031849 -0.263929
v 0.260272 0.015852 -0.262670
v 0.261795 0.015877 -0.262912
v 0.274084 0.030997 -0.262578
v 0.260742 0.015871 -0.262823
v 0.274084 0.030016 -0.261317
v 0.261300 0.015880 -0.262911
v 0.274084 0.028917 -0.260159
v 0.274084 0.027709 -0.259114
v 0.260271 0.014766 -0.262796
v 0.274084 0.026405 -0.258193
v 0.261795 0.014804 -0.263035
v 0.274084 0.025016 -0.257403
v 0.260742 0.014795 -0.262947
v 0.274084 0.023557 -0.256754
v 0.261300 0.014809 -0.263034
v 0.274084 0.022042 -0.256251
v 0.260271 0.013832 -0.262986
v 0.274084 0.020484 -0.255898
v 0.261795 0.013882 -0.263220
v 0.274084 0.018899 -0.255700
v 0.260742 0.013870 -0.263134
v 0.274084 0.017303 -0.255659
v 0.261300 0.013888 -0.263219
v 0.260269 0.013000 -0.263239
v 0.274084 0.015710 -0.255774
v 0.261795 0.013059 -0.263468
v 0.274084 0.014136 -0.256044
v 0.260741 0.013046 -0.263384
v 0.274084 0.012596 -0.256468
v 0.261299 0.013068 -0.263467
v 0.274084 0.011105 -0.257040
v 0.274084 0.009678 -0.257756
v 0.260268 0.012249 -0.263557
v 0.274084 0.008327 -0.258608
v 0.261795 0.012318 -0.263778
v 0.274084 0.007066 -0.259589
v 0.260740 0.012303 -0.263697
v 0.261299 0.012328 -0.263778
v 0.274084 0.005908 -0.260688
v 0.261795 0.011648 -0.264151
v 0.274084 0.004863 -0.261896
v 0.260266 0.011571 -0.263939
v 0.274084 0.003941 -0.263200
v 0.261000 0.011151 -0.264628
v 0.274084 0.003152 -0.264589
v 0.261299 0.011659 -0.264150
v 0.274084 0.002503 -0.266048
v 0.260740 0.011631 -0.264073
v 0.274084 0.001999 -0.267563
v 0.274084 0.001647 -0.269121
v 0.274084 0.001449 -0.270706
v 0.275697 0.001005 -0.272312
v 0.275697 0.001123 -0.273944
v 0.275697 0.001401 -0.275557
v 0.275697 0.001835 -0.277135
v 0.275697 0.002421 -0.278662
v 0.275697 0.003155 -0.280125
v 0.275697 0.004028 -0.281509
v 0.275697 0.005033 -0.282801
v 0.275697 0.006160 -0.283988
v 0.275697 0.007397 -0.285059
v 0.275697 0.008734 -0.286003
v 0.275697 0.010156 -0.286812
v 0.275697 0.011651 -0.287477
v 0.275697 0.013204 -0.287993
v 0.275697 0.014801 -0.288354
v 0.275697 0.016425 -0.288557
v 0.275697 0.018060 -0.288600
v 0.275697 0.019693 -0.288482
v 0.275697 0.021306 -0.288204
v 0.275697 0.022883 -0.287770
v 0.275697 0.024411 -0.287184
v 0.275697 0.025874 -0.286450
v 0.275697 0.027258 -0.285577
v 0.275697 0.028550 -0.284572
v 0.275697 0.029737 -0.283445
v 0.275697 0.030808 -0.282208
v 0.275697 0.031752 -0.280871
v 0.275697 0.032561 -0.279449
v 0.275697 0.033226 -0.277954
v 0.275697 0.033742 -0.276401
v 0.275697 0.034103 -0.274804
v 0.275697 0.034306 -0.273180
v 0.275697 0.034349 -0.271545
v 0.275697 0.034231 -0.269912
v 0.275697 0.033953 -0.268299
v 0.275697 0.033519 -0.266722
v 0.275697 0.032933 -0.265194
v 0.275697 0.032199 -0.263731
v 0.275697 0.031326 -0.262347
v 0.275697 0.030321 -0.261055
v 0.275697 0.029194 -0.259868
v 0.275697 0.027957 -0.258797
v 0.275697 0.026620 -0.257853
v 0.275697 0.025198 -0.257044
v 0.275697 0.023703 -0.256379
v 0.275697 0.022149 -0.255863
v 0.275697 0.020553 -0.255502
v 0.275697 0.018929 -0.255299
v 0.275697 0.017293 -0.255257
v 0.275697 0.015661 -0.255374
v 0.275697 0.014048 -0.255652
v 0.275697 0.012470 -0.256086
v 0.275697 0.010943 -0.256672
v 0.275697 0.009480 -0.257406
v 0.275697 0.008096 -0.258279
v 0.275697 0.006804 -0.259284
v 0.275697 0.005617 -0.260411
v 0.275697 0.004546 -0.261648
v 0.275697 0.003602 -0.262985
v 0.275697 0.002793 -0.264407
v 0.275697 0.002128 -0.265902
v 0.275697 0.001612 -0.267456
v 0.275697 0.001251 -0.269052
v 0.275697 0.001048 -0.270676
v 0.277340 0.000763 -0.272317
v 0.277340 0.000882 -0.273973
v 0.277340 0.001164 -0.275609
v 0.277340 0.001604 -0.277210
v 0.277340 0.002199 -0.278760
v 0.277340 0.002943 -0.280245
v 0.277340 0.003829 -0.281649
v 0.277340 0.004849 -0.282959
v 0.277340 0.005992 -0.284163
v 0.277340 0.007247 -0.285250
v 0.277340 0.008603 -0.286208
v 0.277340 0.010047 -0.287029
v 0.277340 0.011564 -0.287704
v 0.277340 0.013139 -0.288227
v 0.277340 0.014759 -0.288593
v 0.277340 0.016406 -0.288799
v 0.277340 0.018066 -0.288842
v 0.277340 0.019722 -0.288723
v 0.277340 0.021358 -0.288441
v 0.277340 0.022959 -0.288001
v 0.277340 0.024509 -0.287406
v 0.277340 0.025993 -0.286662
v 0.277340 0.027398 -0.285776
v 0.277340 0.028708 -0.284756
v 0.277340 0.029912 -0.283613
v 0.277340 0.030999 -0.282358
v 0.277340 0.031957 -0.281002
v 0.277340 0.032777 -0.279558
v 0.277340 0.033453 -0.278041
v 0.277340 0.033976 -0.276466
v 0.277340 0.034342 -0.274846
v 0.277340 0.034548 -0.273199
v 0.277340 0.034591 -0.271539
v 0.277340 0.034472 -0.269883
v 0.277340 0.034190 -0.268247
v 0.277340 0.033750 -0.266646
v 0.277340 0.033155 -0.265096
v 0.277340 0.032411 -0.263612
v 0.277340 0.031525 -0.262207
v 0.277340 0.030505 -0.260897
v 0.277340 0.029362 -0.259693
v 0.277340 0.028107 -0.258606
v 0.277340 0.026751 -0.257648
v 0.277340 0.025307 -0.256828
v 0.277340 0.023790 -0.256152
v 0.277340 0.022215 -0.255629
v 0.277340 0.020595 -0.255263
v 0.277340 0.018948 -0.255057
v 0.277340 0.017288 -0.255014
v 0.277340 0.015632 -0.255133
v 0.277340 0.013996 -0.255415
v 0.277340 0.012395 -0.255855
v 0.277340 0.010845 -0.256450
v 0.277340 0.009360 -0.257194
v 0.277340 0.007956 -0.258080
v 0.277340 0.006646 -0.259100
v 0.277340 0.005442 -0.260243
v 0.277340 0.004355 -0.261499
v 0.277340 0.003397 -0.262855
v 0.277340 0.002576 -0.264298
v 0.277340 0.001901 -0.265815
v 0.277340 0.001378 -0.267390
v 0.277340 0.001012 -0.269010
v 0.277340 0.000806 -0.270657
v 0.279000 0.000681 -0.272319
v 0.279000 0.000802 -0.273983
v 0.279000 0.001084 -0.275627
v 0.279000 0.001527 -0.277236
v 0.279000 0.002125 -0.278793
v 0.279000 0.002873 -0.280284
v 0.279000 0.003763 -0.281695
v 0.279000 0.004787 -0.283012
v 0.279000 0.005936 -0.284222
v 0.279000 0.007197 -0.285314
v 0.279000 0.008560 -0.286277
v 0.279000 0.010010 -0.287101
v 0.279000 0.011534 -0.287779
v 0.279000 0.013118 -0.288305
v 0.279000 0.014745 -0.288673
v 0.279000 0.016400 -0.288880
v 0.279000 0.018068 -0.288924
v 0.279000 0.019732 -0.288803
v 0.279000 0.021376 -0.288521
v 0.279000 0.022985 -0.288078
v 0.279000 0.024542 -0.287480
v 0.279000 0.026033 -0.286732
v 0.279000 0.027444 -0.285842
v 0.279000 0.028761 -0.284818
v 0.279000 0.029971 -0.283669
v 0.279000 0.031063 -0.282408
v 0.279000 0.032025 -0.281045
v 0.279000 0.032850 -0.279595
v 0.279000 0.033528 -0.278071
v 0.279000 0.034054 -0.276487
v 0.279000 0.034422 -0.274860
v 0.279000 0.034629 -0.273205
v 0.279000 0.034672 -0.271537
v 0.279000 0.034552 -0.269873
v 0.279000 0.034270 -0.268229
v 0.279000 0.033827 -0.266620
v 0.279000 0.033229 -0.265063
v 0.279000 0.032481 -0.263572
v 0.279000 0.031591 -0.262161
v 0.279000 0.030567 -0.260844
v 0.279000 0.029418 -0.259634
v 0.279000 0.028157 -0.258542
v 0.279000 0.026794 -0.257580
v 0.279000 0.025344 -0.256755
v 0.279000 0.023820 -0.256077
v 0.279000 0.022236 -0.255551
v 0.279000 0.020609 -0.255183
v 0.279000 0.018954 -0.254976
v 0.279000 0.017286 -0.254933
v 0.279000 0.015622 -0.255053
v 0.279000 0.013978 -0.255335
v 0.279000 0.012369 -0.255778
v 0.279000 0.010812 -0.256376
v 0.279000 0.009321 -0.257124
v 0.279000 0.007910 -0.258014
v 0.279000 0.006593 -0.259038
v 0.279000 0.005383 -0.260187
v 0.279000 0.004291 -0.261448
v 0.279000 0.003329 -0.262811
v 0.279000 0.002504 -0.264261
v 0.279000 0.001826 -0.265785
v 0.279000 0.001300 -0.267369
v 0.279000 0.000932 -0.268996
v 0.279000 0.000725 -0.270651
v 0.280660 0.000763 -0.272317
v 0.280660 0.000882 -0.273973
v 0.280660 0.001164 -0.275609
v 0.280660 0.001604 -0.277210
v 0.280660 0.002199 -0.278760
v 0.280660 0.002943 -0.280245
v 0.280660 0.003829 -0.281649
v 0.280660 0.004849 -0.282959
v 0.280660 0.005992 -0.284163
v 0.280660 0.007247 -0.285250
v 0.280660 0.008603 -0.286208
v 0.280660 0.010047 -0.287029
v 0.280660 0.011564 -0.287704
v 0.280660 0.013139 -0.288227
v 0.280660 0.014759 -0.288593
v 0.280660 0.016406 -0.288799
v 0.280660 0.018066 -0.288842
v 0.280660 0.019722 -0.288723
v 0.280660 0.021358 -0.288441
v 0.280660 0.022959 -0.288001
v 0.280660 0.024509 -0.287406
v 0.280660 0.025993 -0.286662
v 0.280660 0.027398 -0.285776
v 0.280660 0.028708 -0.284756
v 0.280660 0.029912 -0.283613
v 0.280660 0.030999 -0.282358
v 0.280660 0.031957 -0.281002
v 0.280660 0.032777 -0.279558
v 0.280660 0.033453 -0.278041
v 0.280660 0.033976 -0.276466
v 0.280660 0.034342 -0.274846
v 0.280660 0.034548 -0.273199
v 0.280660 0.034591 -0.271539
v 0.280660 0.034472 -0.269883
v 0.280660 0.034190 -0.268247
v 0.280660 0.033750 -0.266646
v 0.280660 0.033155 -0.265096
v 0.280660 0.032411 -0.263612
v 0.280660 0.031525 -0.262207
v 0.280660 0.030505 -0.260897
v 0.280660 0.029362 -0.259693
v 0.280660 0.028107 -0.258606
v 0.280660 0.026751 -0.257648
v 0.280660 0.025307 -0.256828
v 0.280660 0.023790 -0.256152
v 0.280660 0.022215 -0.255629
v 0.280660 0.020595 -0.255263
v 0.280660 0.018948 -0.255057
v 0.280660 0.017288 -0.255014
v 0.280660 0.015632 -0.255133
v 0.280660 0.013996 -0.255415
v 0.280660 0.012395 -0.255855
v 0.280660 0.010845 -0.256450
v 0.280660 0.009360 -0.257194
v 0.280660 0.007956 -0.258080
v 0.280660 0.006646 -0.259100
v 0.280660 0.005442 -0.260243
v 0.280660 0.004355 -0.261499
v 0.280660 0.003397 -0.262855
v 0.280660 0.002576 -0.264298
v 0.280660 0.001901 -0.265815
v 0.280660 0.001378 -0.267390
v 0.280660 0.001012 -0.269010
v 0.280660 0.000806 -0.270657
v 0.282303 0.001005 -0.272312
v 0.282303 0.001123 -0.273944
v 0.282303 0.001401 -0.275557
v 0.282303 0.001835 -0.277135
v 0.282303 0.002421 -0.278662
v 0.282303 0.003155 -0.280125
v 0.282303 0.004028 -0.281509
v 0.282303 0.005033 -0.282801
v 0.282303 0.006160 -0.283988
v 0.282303 0.007397 -0.285059
v 0.282303 0.008734 -0.286003
v 0.282303 0.010156 -0.286812
v 0.282303 0.011651 -0.287477
v 0.282303 0.013204 -0.287993
v 0.282303 0.014801 -0.288354
v 0.282303 0.016425 -0.288557
v 0.282303 0.018060 -0.288600
v 0.282303 0.019693 -0.288482
v 0.282303 0.021306 -0.288204
v 0.282303 0.022883 -0.287770
v 0.282303 0.024411 -0.287184
v 0.282303 0.025874 -0.286450
v 0.282303 0.027258 -0.285577
v 0.282303 0.028550 -0.284572
v 0.282303 0.029737 -0.283445
v 0.282303 0.030808 -0.282208
v 0.282303 0.031752 -0.280871
v 0.282303 0.032561 -0.279449
v 0.282303 0.033226 -0.277954
v 0.282303 0.033742 -0.276401
v 0.282303 0.034103 -0.274804
v 0.282303 0.034306 -0.273180
v 0.282303 0.034349 -0.271545
v 0.282303 0.034231 -0.269912
v 0.282303 0.033953 -0.268299
v 0.282303 0.033519 -0.266722
v 0.282303 0.032933 -0.265194
v 0.282303 0.032199 -0.263731
v 0.282303 0.031326 -0.262347
v 0.282303 0.030321 -0.261055
v 0.282303 0.029194 -0.259868
v 0.282303 0.027957 -0.258797
v 0.282303 0.026620 -0.257853
v 0.282303 0.025198 -0.257044
v 0.282303 0.023703 -0.256379
v 0.282303 0.022149 -0.255863
v 0.282303 0.020553 -0.255502
v 0.282303 0.018929 -0.255299
v 0.282303 0.017293 -0.255257
v 0.282303 0.015661 -0.255374
v 0.282303 0.014048 -0.255652
v 0.282303 0.012470 -0.256086
v 0.282303 0.010943 -0.256672
v 0.282303 0.009480 -0.257406
v 0.282303 0.008096 -0.258279
v 0.282303 0.006804 -0.259284
v 0.282303 0.005617 -0.260411
v 0.282303 0.004546 -0.261648
v 0.282303 0.003602 -0.262985
v 0.282303 0.002793 -0.264407
v 0.282303 0.002128 -0.265902
v 0.282303 0.001612 -0.267456
v 0.282303 0.001251 -0.269052
v 0.282303 0.001048 -0.270676
v 0.283916 0.001407 -0.272302
v 0.283916 0.001523 -0.273895
v 0.283916 0.001793 -0.275469
v 0.283916 0.002217 -0.277009
v 0.283916 0.002789 -0.278500
v 0.283916 0.003505 -0.279927
v 0.283916 0.004357 -0.281278
v 0.283916 0.005338 -0.282539
v 0.283916 0.006437 -0.283697
v 0.283916 0.007645 -0.284742
v 0.283916 0.008949 -0.285664
v 0.283916 0.010338 -0.286453
v 0.283916 0.011797 -0.287102
v 0.283916 0.013312 -0.287606
v 0.283916 0.014870 -0.287958
v 0.283916 0.016455 -0.288156
v 0.283916 0.018051 -0.288198
v 0.283916 0.019644 -0.288083
v 0.283916 0.021218 -0.287812
v 0.283916 0.022758 -0.287388
v 0.283916 0.024249 -0.286816
v 0.283916 0.025676 -0.286100
v 0.283916 0.027027 -0.285248
v 0.283916 0.028288 -0.284267
v 0.283916 0.029446 -0.283168
v 0.283916 0.030491 -0.281960
v 0.283916 0.031412 -0.280656
v 0.283916 0.032202 -0.279267
v 0.283916 0.032851 -0.277808
v 0.283916 0.033355 -0.276293
v 0.283916 0.033707 -0.274735
v 0.283916 0.033905 -0.273150
v 0.283916 0.033946 -0.271554
v 0.283916 0.033831 -0.269961
v 0.283916 0.033561 -0.268387
v 0.283916 0.033137 -0.266847
v 0.283916 0.032565 -0.265356
v 0.283916 0.031849 -0.263929
v 0.283916 0.030997 -0.262578
v 0.283916 0.030016 -0.261317
v 0.283916 0.028917 -0.260159
v 0.283916 0.027709 -0.259114
v 0.283916 0.026405 -0.258193
v 0.283916 0.025016 -0.257403
v 0.283916 0.023557 -0.256754
v 0.283916 0.022042 -0.256251
v 0.283916 0.020484 -0.255898
v 0.283916 0.018899 -0.255700
v 0.283916 0.017303 -0.255659
v 0.283916 0.015710 -0.255774
v 0.283916 0.014136 -0.256044
v 0.283916 0.012596 -0.256468
v 0.283916 0.011105 -0.257040
v 0.283916 0.009678 -0.257756
v 0.283916 0.008327 -0.258608
v 0.283916 0.007066 -0.259589
v 0.283916 0.005908 -0.260688
v 0.283916 0.004863 -0.261896
v 0.283916 0.003941 -0.263200
v 0.283916 0.003152 -0.264589
v 0.283916 0.002503 -0.266048
v 0.283916 0.001999 -0.267563
v 0.283916 0.001647 -0.269121
v 0.283916 0.001449 -0.270706
v 0.285481 0.001965 -0.272290
v 0.285481 0.002076 -0.273828
v 0.285481 0.002337 -0.275348
v 0.285481 0.002746 -0.276835
v 0.285481 0.003299 -0.278275
v 0.285481 0.003991 -0.279653
v 0.285481 0.004814 -0.280958
v 0.285481 0.005761 -0.282175
v 0.285481 0.006822 -0.283294
v 0.285481 0.007989 -0.284303
v 0.285481 0.009248 -0.285193
v 0.285481 0.010589 -0.285955
v 0.285481 0.011998 -0.286582
v 0.285481 0.013462 -0.287068
v 0.285481 0.014966 -0.287409
v 0.285481 0.016497 -0.287600
v 0.285481 0.018038 -0.287640
v 0.285481 0.019577 -0.287529
v 0.285481 0.021097 -0.287268
v 0.285481 0.022584 -0.286859
v 0.285481 0.024024 -0.286306
v 0.285481 0.025402 -0.285614
v 0.285481 0.026707 -0.284791
v 0.285481 0.027924 -0.283844
v 0.285481 0.029043 -0.282783
v 0.285481 0.030052 -0.281616
v 0.285481 0.030942 -0.280357
v 0.285481 0.031704 -0.279016
v 0.285481 0.032331 -0.277607
v 0.285481 0.032817 -0.276143
v 0.285481 0.033158 -0.274639
v 0.285481 0.033349 -0.273108
v 0.285481 0.033389 -0.271567
v 0.285481 0.033278 -0.270028
v 0.285481 0.033017 -0.268508
v 0.285481 0.032607 -0.267021
v 0.285481 0.032055 -0.265581
v 0.285481 0.031363 -0.264203
v 0.285481 0.030540 -0.262898
v 0.285481 0.029593 -0.261681
v 0.285481 0.028531 -0.260562
v 0.285481 0.027365 -0.259553
v 0.285481 0.026106 -0.258663
v 0.285481 0.024765 -0.257901
v 0.285481 0.023356 -0.257274
v 0.285481 0.021892 -0.256788
v 0.285481 0.020388 -0.256447
v 0.285481 0.018857 -0.256256
v 0.285481 0.017316 -0.256216
v 0.285481 0.015777 -0.256327
v 0.285481 0.014257 -0.256588
v 0.285481 0.012770 -0.256998
v 0.285481 0.011330 -0.257550
v 0.285481 0.009952 -0.258242
v 0.285481 0.008647 -0.259065
v 0.285481 0.007430 -0.260012
v 0.285481 0.006311 -0.261074
v 0.285481 0.005302 -0.262240
v 0.285481 0.004412 -0.263499
v 0.285481 0.003650 -0.264840
v 0.285481 0.003023 -0.266249
v 0.285481 0.002537 -0.267713
v 0.285481 0.002196 -0.269217
v 0.285481 0.002005 -0.270748
v 0.286984 0.002673 -0.272273
v 0.286984 0.002779 -0.273742
v 0.286984 0.003028 -0.275194
v 0.286984 0.003419 -0.276614
v 0.286984 0.003947 -0.277989
v 0.286984 0.004607 -0.279305
v 0.286984 0.005393 -0.280551
v 0.286984 0.006297 -0.281714
v 0.286984 0.007311 -0.282782
v 0.286984 0.008425 -0.283746
v 0.286984 0.009628 -0.284596
v 0.286984 0.010908 -0.285324
v 0.286984 0.012254 -0.285922
v 0.286984 0.013652 -0.286387
v 0.286984 0.015088 -0.286711
v 0.286984 0.016550 -0.286894
v 0.286984 0.018022 -0.286932
v 0.286984 0.019491 -0.286826
v 0.286984 0.020943 -0.286577
v 0.286984 0.022363 -0.286186
v 0.286984 0.023738 -0.285658
v 0.286984 0.025054 -0.284998
v 0.286984 0.026300 -0.284212
v 0.286984 0.027462 -0.283308
v 0.286984 0.028531 -0.282294
v 0.286984 0.029494 -0.281180
v 0.286984 0.030344 -0.279977
v 0.286984 0.031072 -0.278697
v 0.286984 0.031671 -0.277351
v 0.286984 0.032135 -0.275953
v 0.286984 0.032460 -0.274517
v 0.286984 0.032643 -0.273055
v 0.286984 0.032681 -0.271583
v 0.286984 0.032575 -0.270114
v 0.286984 0.032326 -0.268662
v 0.286984 0.031935 -0.267242
v 0.286984 0.031407 -0.265867
v 0.286984 0.030747 -0.264551
v 0.286984 0.029961 -0.263305
v 0.286984 0.029057 -0.262143
v 0.286984 0.028043 -0.261074
v 0.286984 0.026929 -0.260111
v 0.286984 0.025726 -0.259261
v 0.286984 0.024446 -0.258533
v 0.286984 0.023100 -0.257934
v 0.286984 0.021702 -0.257470
v 0.286984 0.020266 -0.257145
v 0.286984 0.018804 -0.256962
v 0.286984 0.017332 -0.256924
v 0.286984 0.015863 -0.257030
v 0.286984 0.014411 -0.257279
v 0.286984 0.012991 -0.257670
v 0.286984 0.011616 -0.258198
v 0.286984 0.010300 -0.258858
v 0.286984 0.009054 -0.259644
v 0.286984 0.007891 -0.260548
v 0.286984 0.006823 -0.261562
v 0.286984 0.005859 -0.262676
v 0.286984 0.005010 -0.263879
v 0.286984 0.004282 -0.265159
v 0.286984 0.003683 -0.266505
v 0.286984 0.003218 -0.267903
v 0.286984 0.002894 -0.269339
v 0.286984 0.002711 -0.270801
v 0.288411 0.003524 -0.272254
v 0.288411 0.003624 -0.273639
v 0.288411 0.003859 -0.275009
v 0.288411 0.004227 -0.276348
v 0.288411 0.004725 -0.277645
v 0.288411 0.005348 -0.278887
v 0.288411 0.006090 -0.280062
v 0.288411 0.006943 -0.281159
v 0.288411 0.007899 -0.282166
v 0.288411 0.008950 -0.283075
v 0.288411 0.010084 -0.283877
v 0.288411 0.011292 -0.284564
v 0.288411 0.012561 -0.285129
v 0.288411 0.013880 -0.285567
v 0.288411 0.015235 -0.285873
v 0.288411 0.016614 -0.286045
v 0.288411 0.018003 -0.286082
v 0.288411 0.019388 -0.285981
v 0.288411 0.020758 -0.285746
v 0.288411 0.022097 -0.285378
v 0.288411 0.023394 -0.284880
v 0.288411 0.024636 -0.284257
v 0.288411 0.025811 -0.283515
v 0.288411 0.026908 -0.282662
v 0.288411 0.027915 -0.281706
v 0.288411 0.028824 -0.280655
v 0.288411 0.029626 -0.279521
v 0.288411 0.030313 -0.278313
v 0.288411 0.030878 -0.277044
v 0.288411 0.031315 -0.275725
v 0.288411 0.031622 -0.274370
v 0.288411 0.031794 -0.272991
v 0.288411 0.031830 -0.271602
v 0.288411 0.031730 -0.270217
v 0.288411 0.031495 -0.268848
v 0.288411 0.031126 -0.267508
v 0.288411 0.030628 -0.266211
v 0.288411 0.030006 -0.264969
v 0.288411 0.029264 -0.263794
v 0.288411 0.028411 -0.262698
v 0.288411 0.027455 -0.261690
v 0.288411 0.026404 -0.260781
v 0.288411 0.025269 -0.259979
v 0.288411 0.024062 -0.259292
v 0.288411 0.022792 -0.258727
v 0.288411 0.021474 -0.258290
v 0.288411 0.020119 -0.257983
v 0.288411 0.018740 -0.257811
v 0.288411 0.017351 -0.257775
v 0.288411 0.015966 -0.257875
v 0.288411 0.014596 -0.258110
v 0.288411 0.013257 -0.258479
v 0.288411 0.011960 -0.258977
v 0.288411 0.010718 -0.259599
v 0.288411 0.009543 -0.260341
v 0.288411 0.008446 -0.261194
v 0.288411 0.007439 -0.262150
v 0.288411 0.006530 -0.263201
v 0.288411 0.005728 -0.264336
v 0.288411 0.005041 -0.265543
v 0.288411 0.004476 -0.266813
v 0.288411 0.004038 -0.268131
v 0.288411 0.003732 -0.269486
v 0.288411 0.003560 -0.270865
v 0.289749 0.004510 -0.272231
v 0.289749 0.004603 -0.273520
v 0.289749 0.004822 -0.274794
v 0.289749 0.005165 -0.276040
v 0.289749 0.005628 -0.277247
v 0.289749 0.006207 -0.278402
v 0.289749 0.006897 -0.279495
v 0.289749 0.007691 -0.280515
v 0.289749 0.008580 -0.281453
v 0.289749 0.009558 -0.282299
v 0.289749 0.010613 -0.283045
v 0.289749 0.011737 -0.283683
v 0.289749 0.012918 -0.284209
v 0.289749 0.014145 -0.284616
v 0.289749 0.015405 -0.284901
v 0.289749 0.016688 -0.285062
v 0.289749 0.017980 -0.285095
v 0.289749 0.019269 -0.285002
v 0.289749 0.020543 -0.284783
v 0.289749 0.021789 -0.284440
v 0.289749 0.022996 -0.283977
v 0.289749 0.024151 -0.283398
v 0.289749 0.025244 -0.282708
v 0.289749 0.026264 -0.281914
v 0.289749 0.027202 -0.281025
v 0.289749 0.028048 -0.280047
v 0.289749 0.028793 -0.278992
v 0.289749 0.029432 -0.277868
v 0.289749 0.029958 -0.276687
v 0.289749 0.030365 -0.275460
v 0.289749 0.030650 -0.274200
v 0.289749 0.030811 -0.272917
v 0.289749 0.030844 -0.271625
v 0.289749 0.030751 -0.270336
v 0.289749 0.030532 -0.269062
v 0.289749 0.030189 -0.267816
v 0.289749 0.029726 -0.266609
v 0.289749 0.029147 -0.265454
v 0.289749 0.028457 -0.264361
v 0.289749 0.027663 -0.263341
v 0.289749 0.026773 -0.262403
v 0.289749 0.025796 -0.261557
v 0.289749 0.024740 -0.260812
v 0.289749 0.023617 -0.260173
v 0.289749 0.022436 -0.259647
v 0.289749 0.021209 -0.259240
v 0.289749 0.019949 -0.258955
v 0.289749 0.018666 -0.258795
v 0.289749 0.017374 -0.258761
v 0.289749 0.016085 -0.258854
v 0.289749 0.014811 -0.259073
v 0.289749 0.013565 -0.259416
v 0.289749 0.012358 -0.259879
v 0.289749 0.011203 -0.260458
v 0.289749 0.010110 -0.261148
v 0.289749 0.009090 -0.261942
v 0.289749 0.008152 -0.262832
v 0.289749 0.007306 -0.263809
v 0.289749 0.006560 -0.264865
v 0.289749 0.005922 -0.265988
v 0.289749 0.005396 -0.267169
v 0.289749 0.004989 -0.268396
v 0.289749 0.004704 -0.269656
v 0.289749 0.004543 -0.270939
v 0.290983 0.005622 -0.272205
v 0.290983 0.005707 -0.273386
v 0.290983 0.005907 -0.274552
v 0.290983 0.006221 -0.275693
v 0.290983 0.006645 -0.276798
v 0.290983 0.007176 -0.277856
v 0.290983 0.007807 -0.278856
v 0.290983 0.008534 -0.279790
v 0.290983 0.009349 -0.280649
v 0.290983 0.010244 -0.281423
v 0.290983 0.011210 -0.282106
v 0.290983 0.012239 -0.282691
v 0.290983 0.013320 -0.283172
v 0.290983 0.014443 -0.283545
v 0.290983 0.015597 -0.283806
v 0.290983 0.016771 -0.283953
v 0.290983 0.017954 -0.283983
v 0.290983 0.019135 -0.283898
v 0.290983 0.020301 -0.283698
v 0.290983 0.021442 -0.283384
v 0.290983 0.022547 -0.282960
v 0.290983 0.023604 -0.282429
v 0.290983 0.024605 -0.281798
v 0.290983 0.025539 -0.281071
v 0.290983 0.026397 -0.280256
v 0.290983 0.027172 -0.279362
v 0.290983 0.027855 -0.278395
v 0.290983 0.028440 -0.277366
v 0.290983 0.028921 -0.276285
v 0.290983 0.029294 -0.275162
v 0.290983 0.029555 -0.274008
v 0.290983 0.029701 -0.272834
v 0.290983 0.029732 -0.271651
v 0.290983 0.029647 -0.270470
v 0.290983 0.029447 -0.269304
v 0.290983 0.029133 -0.268163
v 0.290983 0.028709 -0.267058
v 0.290983 0.028178 -0.266001
v 0.290983 0.027547 -0.265000
v 0.290983 0.026820 -0.264066
v 0.290983 0.026005 -0.263208
v 0.290983 0.025110 -0.262433
v 0.290983 0.024144 -0.261750
v 0.290983 0.023115 -0.261165
v 0.290983 0.022034 -0.260684
v 0.290983 0.020911 -0.260311
v 0.290983 0.019757 -0.260050
v 0.290983 0.018583 -0.259904
v 0.290983 0.017400 -0.259873
v 0.290983 0.016219 -0.259958
v 0.290983 0.015053 -0.260158
v 0.290983 0.013912 -0.260472
v 0.290983 0.012807 -0.260897
v 0.290983 0.011750 -0.261427
v 0.290983 0.010749 -0.262058
v 0.290983 0.009815 -0.262785
v 0.290983 0.008956 -0.263600
v 0.290983 0.008182 -0.264495
v 0.290983 0.007499 -0.265461
v 0.290983 0.006914 -0.266490
v 0.290983 0.006433 -0.267571
v 0.290983 0.006060 -0.268694
v 0.290983 0.005799 -0.269848
v 0.290983 0.005653 -0.271022
v 0.292103 0.006849 -0.272177
v 0.292103 0.006925 -0.273237
v 0.292103 0.007105 -0.274285
v 0.292103 0.007387 -0.275310
v 0.292103 0.007768 -0.276302
v 0.292103 0.008245 -0.277252
v 0.292103 0.008812 -0.278151
v 0.292103 0.009465 -0.278990
v 0.292103 0.010196 -0.279761
v 0.292103 0.011000 -0.280456
v 0.292103 0.011868 -0.281070
v 0.292103 0.012792 -0.281595
v 0.292103 0.013763 -0.282027
v 0.292103 0.014772 -0.282362
v 0.292103 0.015809 -0.282597
v 0.292103 0.016864 -0.282729
v 0.292103 0.017926 -0.282756
v 0.292103 0.018986 -0.282680
v 0.292103 0.020034 -0.282500
v 0.292103 0.021059 -0.282218
v 0.292103 0.022051 -0.281837
v 0.292103 0.023001 -0.281360
v 0.292103 0.023900 -0.280793
v 0.292103 0.024739 -0.280140
v 0.292103 0.025510 -0.279409
v 0.292103 0.026205 -0.278605
v 0.292103 0.026819 -0.277737
v 0.292103 0.027344 -0.276813
v 0.292103 0.027776 -0.275842
v 0.292103 0.028111 -0.274833
v 0.292103 0.028346 -0.273796
v 0.292103 0.028477 -0.272742
v 0.292103 0.028505 -0.271679
v 0.292103 0.028429 -0.270619
v 0.292103 0.028249 -0.269571
v 0.292103 0.027967 -0.268546
v 0.292103 0.027586 -0.267554
v 0.292103 0.027109 -0.266604
v 0.292103 0.026542 -0.265705
v 0.292103 0.025889 -0.264866
v 0.292103 0.025158 -0.264095
v 0.292103 0.024354 -0.263400
v 0.292103 0.023486 -0.262786
v 0.292103 0.022562 -0.262261
v 0.292103 0.021591 -0.261829
v 0.292103 0.020582 -0.261494
v 0.292103 0.019545 -0.261259
v 0.292103 0.018490 -0.261128
v 0.292103 0.017428 -0.261100
v 0.292103 0.016368 -0.261176
v 0.292103 0.015320 -0.261357
v 0.292103 0.014295 -0.261638
v 0.292103 0.013303 -0.262019
v 0.292103 0.012353 -0.262496
v 0.292103 0.011454 -0.263063
v 0.292103 0.010615 -0.263716
v 0.292103 0.009844 -0.264448
v 0.292103 0.009149 -0.265251
v 0.292103 0.008535 -0.266119
v 0.292103 0.008010 -0.267043
v 0.292103 0.007578 -0.268014
v 0.292103 0.007243 -0.269023
v 0.292103 0.007008 -0.270060
v 0.292103 0.006877 -0.271115
v 0.293098 0.008179 -0.272147
v 0.293098 0.008247 -0.273076
v 0.293098 0.008404 -0.273995
v 0.293098 0.008652 -0.274894
v 0.293098 0.008986 -0.275764
v 0.293098 0.009404 -0.276598
v 0.293098 0.009901 -0.277386
v 0.293098 0.010474 -0.278122
v 0.293098 0.011116 -0.278798
v 0.293098 0.011821 -0.279408
v 0.293098 0.012582 -0.279946
v 0.293098 0.013393 -0.280407
v 0.293098 0.014244 -0.280786
v 0.293098 0.015129 -0.281080
v 0.293098 0.016038 -0.281286
v 0.293098 0.016963 -0.281401
v 0.293098 0.017895 -0.281426
v 0.293098 0.018825 -0.281359
v 0.293098 0.019744 -0.281201
v 0.293098 0.020643 -0.280953
v 0.293098 0.021513 -0.280619
v 0.293098 0.022347 -0.280201
v 0.293098 0.023135 -0.279704
v 0.293098 0.023871 -0.279131
v 0.293098 0.024547 -0.278489
v 0.293098 0.025157 -0.277784
v 0.293098 0.025695 -0.277023
v 0.293098 0.026156 -0.276213
v 0.293098 0.026535 -0.275361
v 0.293098 0.026829 -0.274476
v 0.293098 0.027035 -0.273567
v 0.293098 0.027150 -0.272642
v 0.293098 0.027175 -0.271710
v 0.293098 0.027107 -0.270780
v 0.293098 0.026949 -0.269861
v 0.293098 0.026702 -0.268962
v 0.293098 0.026368 -0.268092
v 0.293098 0.025950 -0.267258
v 0.293098 0.025453 -0.266470
v 0.293098 0.024880 -0.265734
v 0.293098 0.024238 -0.265058
v 0.293098 0.023533 -0.264448
v 0.293098 0.022772 -0.263910
v 0.293098 0.021961 -0.263449
v 0.293098 0.021110 -0.263070
v 0.293098 0.020225 -0.262776
v 0.293098 0.019316 -0.262570
v 0.293098 0.018390 -0.262455
v 0.293098 0.017458 -0.262430
v 0.293098 0.016529 -0.262498
v 0.293098 0.015610 -0.262656
v 0.293098 0.014711 -0.262903
v 0.293098 0.013841 -0.263237
v 0.293098 0.013007 -0.263655
v 0.293098 0.012219 -0.264152
v 0.293098 0.011483 -0.264725
v 0.293098 0.010807 -0.265367
v 0.293098 0.010197 -0.266072
v 0.293098 0.009659 -0.266833
v 0.293098 0.009198 -0.267644
v 0.293098 0.008819 -0.268495
v 0.293098 0.008525 -0.269380
v 0.293098 0.008319 -0.270289
v 0.293098 0.008204 -0.271215
v 0.293958 0.009601 -0.272114
v 0.293958 0.009658 -0.272905
v 0.293958 0.009792 -0.273686
v 0.293958 0.010002 -0.274450
v 0.293958 0.010287 -0.275190
v 0.293958 0.010642 -0.275899
v 0.293958 0.011065 -0.276569
v 0.293958 0.011552 -0.277195
v 0.293958 0.012098 -0.277770
v 0.293958 0.012697 -0.278289
v 0.293958 0.013345 -0.278746
v 0.293958 0.014034 -0.279138
v 0.293958 0.014758 -0.279461
v 0.293958 0.015510 -0.279711
v 0.293958 0.016284 -0.279885
v 0.293958 0.017070 -0.279984
v 0.293958 0.017863 -0.280004
v 0.293958 0.018653 -0.279947
v 0.293958 0.019435 -0.279813
v 0.293958 0.020199 -0.279603
v 0.293958 0.020939 -0.279318
v 0.293958 0.021648 -0.278963
v 0.293958 0.022318 -0.278540
v 0.293958 0.022944 -0.278053
v 0.293958 0.023519 -0.277508
v 0.293958 0.024038 -0.276908
v 0.293958 0.024495 -0.276261
v 0.293958 0.024887 -0.275571
v 0.293958 0.025210 -0.274847
v 0.293958 0.025459 -0.274095
v 0.293958 0.025634 -0.273321
v 0.293958 0.025733 -0.272535
v 0.293958 0.025753 -0.271742
v 0.293958 0.025696 -0.270952
v 0.293958 0.025562 -0.270170
v 0.293958 0.025352 -0.269406
v 0.293958 0.025067 -0.268666
v 0.293958 0.024712 -0.267957
v 0.293958 0.024289 -0.267287
v 0.293958 0.023802 -0.266661
v 0.293958 0.023256 -0.266086
v 0.293958 0.022657 -0.265567
v 0.293958 0.022009 -0.265110
v 0.293958 0.021320 -0.264718
v 0.293958 0.020596 -0.264395
v 0.293958 0.019844 -0.264146
v 0.293958 0.019070 -0.263971
v 0.293958 0.018284 -0.263872
v 0.293958 0.017491 -0.263852
v 0.293958 0.016700 -0.263909
v 0.293958 0.015919 -0.264043
v 0.293958 0.015155 -0.264253
v 0.293958 0.014415 -0.264538
v 0.293958 0.013706 -0.264893
v 0.293958 0.013036 -0.265316
v 0.293958 0.012410 -0.265803
v 0.293958 0.011835 -0.266349
v 0.293958 0.011316 -0.266948
v 0.293958 0.010859 -0.267596
v 0.293958 0.010467 -0.268285
v 0.293958 0.010144 -0.269009
v 0.293958 0.009895 -0.269761
v 0.293958 0.009720 -0.270535
v 0.293958 0.009621 -0.271321
v 0.294675 0.011099 -0.272079
v 0.294675 0.011146 -0.272723
v 0.294675 0.011255 -0.273360
v 0.294675 0.011426 -0.273982
v 0.294675 0.011658 -0.274585
v 0.294675 0.011947 -0.275162
v 0.294675 0.012292 -0.275708
v 0.294675 0.012688 -0.276218
v 0.294675 0.013133 -0.276686
v 0.294675 0.013621 -0.277109
v 0.294675 0.014148 -0.277481
v 0.294675 0.014710 -0.277801
v 0.294675 0.015300 -0.278063
v 0.294675 0.015912 -0.278267
v 0.294675 0.016542 -0.278409
v 0.294675 0.017183 -0.278489
v 0.294675 0.017828 -0.278506
v 0.294675 0.018472 -0.278459
v 0.294675 0.019109 -0.278350
v 0.294675 0.019731 -0.278179
v 0.294675 0.020334 -0.277947
v 0.294675 0.020911 -0.277658
v 0.294675 0.021457 -0.277313
v 0.294675 0.021967 -0.276917
v 0.294675 0.022435 -0.276472
v 0.294675 0.022858 -0.275984
v 0.294675 0.023230 -0.275457
v 0.294675 0.023549 -0.274895
v 0.294675 0.023812 -0.274305
v 0.294675 0.024015 -0.273693
v 0.294675 0.024158 -0.273063
v 0.294675 0.024238 -0.272422
v 0.294675 0.024255 -0.271777
v 0.294675 0.024208 -0.271133
v 0.294675 0.024099 -0.270496
v 0.294675 0.023928 -0.269874
v 0.294675 0.023696 -0.269271
v 0.294675 0.023407 -0.268694
v 0.294675 0.023062 -0.268148
v 0.294675 0.022666 -0.267638
v 0.294675 0.022221 -0.267170
v 0.294675 0.021733 -0.266747
v 0.294675 0.021206 -0.266375
v 0.294675 0.020644 -0.266056
v 0.294675 0.020054 -0.265793
v 0.294675 0.019442 -0.265590
v 0.294675 0.018812 -0.265447
v 0.294675 0.018171 -0.265367
v 0.294675 0.017526 -0.265350
v 0.294675 0.016882 -0.265397
v 0.294675 0.016245 -0.265506
v 0.294675 0.015623 -0.265677
v 0.294675 0.015020 -0.265909
v 0.294675 0.014443 -0.266198
v 0.294675 0.013897 -0.266543
v 0.294675 0.013387 -0.266939
v 0.294675 0.012919 -0.267384
v 0.294675 0.012496 -0.267872
v 0.294675 0.012124 -0.268399
v 0.294675 0.011805 -0.268961
v 0.294675 0.011542 -0.269551
v 0.294675 0.011338 -0.270163
v 0.294675 0.011196 -0.270793
v 0.294675 0.011116 -0.271434
v 0.295243 0.012660 -0.272043
v 0.295243 0.012696 -0.272535
v 0.295243 0.012779 -0.273020
v 0.295243 0.012910 -0.273495
v 0.295243 0.013086 -0.273954
v 0.295243 0.013307 -0.274395
v 0.295243 0.013570 -0.274811
v 0.295243 0.013872 -0.275200
v 0.295243 0.014211 -0.275557
v 0.295243 0.014584 -0.275879
v 0.295243 0.014986 -0.276163
v 0.295243 0.015414 -0.276407
v 0.295243 0.015864 -0.276607
v 0.295243 0.016331 -0.276762
v 0.295243 0.016811 -0.276871
v 0.295243 0.017300 -0.276932
v 0.295243 0.017792 -0.276945
v 0.295243 0.018284 -0.276909
v 0.295243 0.018769 -0.276826
v 0.295243 0.019244 -0.276695
v 0.295243 0.019703 -0.276519
v 0.295243 0.020144 -0.276298
v 0.295243 0.020560 -0.276035
v 0.295243 0.020949 -0.275733
v 0.295243 0.021306 -0.275394
v 0.295243 0.021628 -0.275021
v 0.295243 0.021912 -0.274619
v 0.295243 0.022156 -0.274191
v 0.295243 0.022356 -0.273741
v 0.295243 0.022511 -0.273274
v 0.295243 0.022620 -0.272794
v 0.295243 0.022681 -0.272305
v 0.295243 0.022693 -0.271813
v 0.295243 0.022658 -0.271322
v 0.295243 0.022575 -0.270836
v 0.295243 0.022444 -0.270361
v 0.295243 0.022267 -0.269902
v 0.295243 0.022047 -0.269462
v 0.295243 0.021784 -0.269045
v 0.295243 0.021482 -0.268656
v 0.295243 0.021143 -0.268299
v 0.295243 0.020770 -0.267977
v 0.295243 0.020368 -0.267693
v 0.295243 0.019940 -0.267450
v 0.295243 0.019490 -0.267249
v 0.295243 0.019023 -0.267094
v 0.295243 0.018542 -0.266985
v 0.295243 0.018054 -0.266924
v 0.295243 0.017562 -0.266912
v 0.295243 0.017070 -0.266947
v 0.295243 0.016585 -0.267030
v 0.295243 0.016110 -0.267161
v 0.295243 0.015651 -0.267338
v 0.295243 0.015210 -0.267558
v 0.295243 0.014794 -0.267821
v 0.295243 0.014405 -0.268123
v 0.295243 0.014048 -0.268462
v 0.295243 0.013726 -0.268835
v 0.295243 0.013442 -0.269237
v 0.295243 0.013198 -0.269665
v 0.295243 0.012998 -0.270115
v 0.295243 0.012843 -0.270582
v 0.295243 0.012734 -0.271063
v 0.295243 0.012673 -0.271551
v 0.295655 0.014270 -0.272006
v 0.295655 0.014294 -0.272340
v 0.295655 0.014350 -0.272670
v 0.295655 0.014439 -0.272992
v 0.295655 0.014559 -0.273304
v 0.295655 0.014709 -0.273603
v 0.295655 0.014887 -0.273886
v 0.295655 0.015093 -0.274150
v 0.295655 0.015323 -0.274393
v 0.295655 0.015576 -0.274612
v 0.295655 0.015849 -0.274805
v 0.295655 0.016140 -0.274970
v 0.295655 0.016445 -0.275106
v 0.295655 0.016763 -0.275211
v 0.295655 0.017089 -0.275285
v 0.295655 0.017421 -0.275327
v 0.295655 0.017755 -0.275335
v 0.295655 0.018089 -0.275311
v 0.295655 0.018419 -0.275255
v 0.295655 0.018741 -0.275166
v 0.295655 0.019053 -0.275046
v 0.295655 0.019352 -0.274896
v 0.295655 0.019635 -0.274718
v 0.295655 0.019899 -0.274512
v 0.295655 0.020142 -0.274282
v 0.295655 0.020361 -0.274029
v 0.295655 0.020554 -0.273756
v 0.295655 0.020719 -0.273465
v 0.295655 0.020855 -0.273160
v 0.295655 0.020960 -0.272842
v 0.295655 0.021034 -0.272516
v 0.295655 0.021076 -0.272184
v 0.295655 0.021084 -0.271850
v 0.295655 0.021060 -0.271516
v 0.295655 0.021003 -0.271186
v 0.295655 0.020915 -0.270864
v 0.295655 0.020795 -0.270552
v 0.295655 0.020645 -0.270253
v 0.295655 0.020466 -0.269970
v 0.295655 0.020261 -0.269706
v 0.295655 0.020031 -0.269463
v 0.295655 0.019778 -0.269245
v 0.295655 0.019505 -0.269051
v 0.295655 0.019214 -0.268886
v 0.295655 0.018908 -0.268750
v 0.295655 0.018591 -0.268645
v 0.295655 0.018265 -0.268571
v 0.295655 0.017933 -0.268530
v 0.295655 0.017599 -0.268521
v 0.295655 0.017265 -0.268545
v 0.295655 0.016935 -0.268602
v 0.295655 0.016613 -0.268690
v 0.295655 0.016301 -0.268810
v 0.295655 0.016002 -0.268960
v 0.295655 0.015719 -0.269139
v 0.295655 0.015455 -0.269344
v 0.295655 0.015212 -0.269574
v 0.295655 0.014993 -0.269827
v 0.295655 0.014800 -0.270100
v 0.295655 0.014635 -0.270391
v 0.295655 0.014499 -0.270697
v 0.295655 0.014394 -0.271014
v 0.295655 0.014320 -0.271340
v 0.295655 0.014278 -0.271672
v 0.295908 0.015912 -0.271969
v 0.295908 0.015924 -0.272142
v 0.295908 0.015953 -0.272312
v 0.295908 0.015999 -0.272479
v 0.295908 0.016061 -0.272641
v 0.295908 0.016139 -0.272796
v 0.295908 0.016232 -0.272943
v 0.295908 0.016338 -0.273079
v 0.295908 0.016457 -0.273205
v 0.295908 0.016588 -0.273319
v 0.295908 0.016730 -0.273419
v 0.295908 0.016881 -0.273504
v 0.295908 0.017039 -0.273575
v 0.295908 0.017203 -0.273629
v 0.295908 0.017372 -0.273668
v 0.295908 0.017544 -0.273689
v 0.295908 0.017718 -0.273694
v 0.295908 0.017890 -0.273681
v 0.295908 0.018061 -0.273652
v 0.295908 0.018228 -0.273606
v 0.295908 0.018390 -0.273544
v 0.295908 0.018545 -0.273466
v 0.295908 0.018692 -0.273373
v 0.295908 0.018828 -0.273267
v 0.295908 0.018954 -0.273148
v 0.295908 0.019067 -0.273017
v 0.295908 0.019167 -0.272875
v 0.295908 0.019253 -0.272724
v 0.295908 0.019324 -0.272566
v 0.295908 0.019378 -0.272402
v 0.295908 0.019416 -0.272233
v 0.295908 0.019438 -0.272061
v 0.295908 0.019442 -0.271887
v 0.295908 0.019430 -0.271715
v 0.295908 0.019401 -0.271544
v 0.295908 0.019355 -0.271377
v 0.295908 0.019292 -0.271215
v 0.295908 0.019215 -0.271060
v 0.295908 0.019122 -0.270913
v 0.295908 0.019016 -0.270777
v 0.295908 0.018897 -0.270651
v 0.295908 0.018766 -0.270538
v 0.295908 0.018624 -0.270438
v 0.295908 0.018473 -0.270352
v 0.295908 0.018315 -0.270281
v 0.295908 0.018151 -0.270227
v 0.295908 0.017982 -0.270189
v 0.295908 0.017810 -0.270167
v 0.295908 0.017636 -0.270163
v 0.295908 0.017464 -0.270175
v 0.295908 0.017293 -0.270204
v 0.295908 0.017126 -0.270250
v 0.295908 0.016964 -0.270313
v 0.295908 0.016809 -0.270390
v 0.295908 0.016662 -0.270483
v 0.295908 0.016526 -0.270589
v 0.295908 0.016400 -0.270708
v 0.295908 0.016286 -0.270839
v 0.295908 0.016186 -0.270981
v 0.295908 0.016101 -0.271132
v 0.295908 0.016030 -0.271290
v 0.295908 0.015976 -0.271454
v 0.295908 0.015938 -0.271623
v 0.295908 0.015916 -0.271795
v 0.296000 0.017570 -0.271931
v 0.296000 0.017571 -0.271941
v 0.296000 0.017573 -0.271951
v 0.296000 0.017576 -0.271961
v 0.296000 0.017579 -0.271971
v 0.296000 0.017584 -0.271981
v 0.296000 0.017590 -0.271989
v 0.296000 0.017596 -0.271998
v 0.296000 0.017603 -0.272005
v 0.296000 0.017611 -0.272012
v 0.296000 0.017620 -0.272018
v 0.296000 0.017629 -0.272023
v 0.296000 0.017638 -0.272028
v 0.296000 0.017648 -0.272031
v 0.296000 0.017659 -0.272033
v 0.296000 0.017669 -0.272035
v 0.296000 0.017679 -0.272035
v 0.296000 0.017690 -0.272034
v 0.296000 0.017700 -0.272032
v 0.296000 0.017710 -0.272030
v 0.296000 0.017720 -0.272026
v 0.296000 0.017729 -0.272021
v 0.296000 0.017738 -0.272015
v 0.296000 0.017747 -0.272009
v 0.296000 0.017754 -0.272002
v 0.296000 0.017761 -0.271994
v 0.296000 0.017767 -0.271985
v 0.296000 0.017772 -0.271976
v 0.296000 0.017777 -0.271967
v 0.296000 0.017780 -0.271957
v 0.296000 0.017782 -0.271946
v 0.296000 0.017783 -0.271936
v 0.296000 0.017784 -0.271926
v 0.296000 0.017783 -0.271915
v 0.296000 0.017781 -0.271905
v 0.296000 0.017778 -0.271895
v 0.296000 0.017775 -0.271885
v 0.296000 0.017770 -0.271876
v 0.296000 0.017764 -0.271867
v 0.296000 0.017758 -0.271858
v 0.296000 0.017751 -0.271851
v 0.296000 0.017743 -0.271844
v 0.296000 0.017734 -0.271838
v 0.296000 0.017725 -0.271833
v 0.296000 0.017716 -0.271828
v 0.296000 0.017706 -0.271825
v 0.296000 0.017695 -0.271823
v 0.296000 0.017685 -0.271822
v 0.296000 0.017675 -0.271821
v 0.296000 0.017664 -0.271822
v 0.296000 0.017654 -0.271824
v 0.296000 0.017644 -0.271827
v 0.296000 0.017634 -0.271830
v 0.296000 0.017624 -0.271835
v 0.296000 0.017616 -0.271841
v 0.296000 0.017607 -0.271847
v 0.296000 0.017600 -0.271854
v 0.296000 0.017593 -0.271862
v 0.296000 0.017587 -0.271871
v 0.296000 0.017582 -0.271880
v 0.296000 0.017577 -0.271889
v 0.296000 0.017574 -0.271899
v 0.296000 0.017572 -0.271910
v 0.296000 0.017570 -0.271920
v 0.265423 0.012477 -0.280688
v 0.265437 0.012198 -0.280551
v 0.265499 0.011756 -0.280338
v 0.265542 0.011103 -0.279917
v 0.265514 0.011316 -0.280053
v 0.265329 0.013135 -0.280917
v 0.265321 0.013271 -0.280965
v 0.265202 0.014100 -0.281160
v 0.265199 0.014145 -0.281171
v 0.265071 0.015068 -0.281298
v 0.265068 0.015117 -0.281305
v 0.264954 0.016026 -0.281354
v 0.264944 0.016240 -0.281368
v 0.264876 0.016967 -0.281358
v 0.264859 0.017894 -0.281354
v 0.264902 0.016649 -0.281362
v 0.264944 0.019546 -0.281292
v 0.264902 0.019137 -0.281305
v 0.264876 0.018820 -0.281316
v 0.264859 0.017894 -0.281354
v 0.265068 0.020665 -0.281177
v 0.264954 0.019759 -0.281268
v 0.265199 0.021630 -0.280999
v 0.265071 0.020714 -0.281168
v 0.265321 0.022494 -0.280753
v 0.265202 0.021675 -0.280986
v 0.265423 0.023274 -0.280439
v 0.265329 0.022627 -0.280698
v 0.265499 0.023979 -0.280057
v 0.265437 0.023547 -0.280290
v 0.265542 0.024612 -0.279606
v 0.265514 0.024405 -0.279752
v 0.265423 0.022877 -0.263168
v 0.265437 0.023156 -0.263306
v 0.265499 0.023598 -0.263518
v 0.265542 0.024251 -0.263939
v 0.265514 0.024038 -0.263803
v 0.265329 0.022219 -0.262940
v 0.265321 0.022083 -0.262891
v 0.265202 0.021254 -0.262696
v 0.265199 0.021209 -0.262685
v 0.265071 0.020285 -0.262558
v 0.265068 0.020237 -0.262551
v 0.264954 0.019328 -0.262502
v 0.264944 0.019114 -0.262488
v 0.264876 0.018387 -0.262498
v 0.264859 0.017460 -0.262502
v 0.264902 0.018705 -0.262494
v 0.264902 0.016216 -0.262551
v 0.264876 0.016534 -0.262540
v 0.264944 0.015808 -0.262564
v 0.264859 0.017460 -0.262502
v 0.265068 0.014689 -0.262679
v 0.264954 0.015595 -0.262588
v 0.265199 0.013724 -0.262857
v 0.265071 0.014640 -0.262688
v 0.265321 0.012860 -0.263103
v 0.265202 0.013679 -0.262871
v 0.265423 0.012080 -0.263417
v 0.265329 0.012727 -0.263158
v 0.265499 0.011375 -0.263799
v 0.265437 0.011807 -0.263567
v 0.265542 0.010742 -0.264250
v 0.265514 0.010949 -0.264104
v 0.264859 0.008251 -0.272145
v 0.264876 0.008247 -0.271218
v 0.264902 0.008243 -0.270900
v 0.264944 0.008237 -0.270491
v 0.264902 0.008300 -0.273389
v 0.264876 0.008289 -0.273071
v 0.264944 0.008313 -0.273797
v 0.265068 0.008428 -0.274916
v 0.264954 0.008337 -0.274010
v 0.265199 0.008606 -0.275881
v 0.265071 0.008437 -0.274965
v 0.265321 0.008852 -0.276745
v 0.265202 0.008620 -0.275926
v 0.265423 0.009166 -0.277525
v 0.265329 0.008907 -0.276878
v 0.265499 0.009548 -0.278230
v 0.265437 0.009315 -0.277798
v 0.265542 0.009999 -0.278863
v 0.265514 0.009853 -0.278656
v 0.265549 0.010518 -0.279424
v 0.265549 0.010518 -0.279424
v 0.265549 0.025173 -0.279087
v 0.265542 0.025666 -0.278502
v 0.265549 0.025173 -0.279087
v 0.265499 0.026087 -0.277849
v 0.265514 0.025802 -0.278289
v 0.265423 0.026437 -0.277128
v 0.265437 0.026300 -0.277407
v 0.265321 0.026714 -0.276334
v 0.265329 0.026666 -0.276470
v 0.265202 0.026909 -0.275506
v 0.265199 0.026920 -0.275460
v 0.265071 0.027047 -0.274537
v 0.265068 0.027054 -0.274488
v 0.264954 0.027103 -0.273579
v 0.264944 0.027117 -0.273365
v 0.264859 0.027103 -0.271711
v 0.264876 0.027107 -0.272638
v 0.264902 0.027111 -0.272956
v 0.264944 0.027041 -0.270059
v 0.264902 0.027054 -0.270468
v 0.264876 0.027065 -0.270785
v 0.265068 0.026926 -0.268940
v 0.264954 0.027017 -0.269846
v 0.265199 0.026748 -0.267975
v 0.265071 0.026917 -0.268891
v 0.265321 0.026502 -0.267111
v 0.265202 0.026734 -0.267930
v 0.265423 0.026188 -0.266331
v 0.265329 0.026447 -0.266978
v 0.265499 0.025806 -0.265626
v 0.265437 0.026038 -0.266059
v 0.265542 0.025355 -0.264993
v 0.265514 0.025501 -0.265200
v 0.265549 0.024836 -0.264432
v 0.265549 0.024836 -0.264432
v 0.265549 0.010181 -0.264769
v 0.265542 0.009688 -0.265354
v 0.265549 0.010181 -0.264769
v 0.265499 0.009267 -0.266007
v 0.265514 0.009552 -0.265567
v 0.265423 0.008917 -0.266728
v 0.265437 0.009054 -0.266449
v 0.265321 0.008640 -0.267522
v 0.265329 0.008688 -0.267386
v 0.265202 0.008445 -0.268351
v 0.265199 0.008434 -0.268396
v 0.265071 0.008307 -0.269320
v 0.265068 0.008300 -0.269368
v 0.264954 0.008251 -0.270277
v 0.217080 0.010799 -0.290282
v 0.218958 0.010539 -0.290309
v 0.217926 0.010648 -0.290279
v 0.221042 0.010542 -0.290468
v 0.222933 0.010809 -0.290729
v 0.222075 0.010653 -0.290595
v 0.220000 0.010504 -0.290372
v 0.213366 0.012169 -0.290445
v 0.214092 0.011784 -0.290384
v 0.214988 0.011400 -0.290336
v 0.226648 0.012193 -0.291487
v 0.225913 0.011801 -0.291309
v 0.215177 0.011335 -0.290331
v 0.225815 0.011759 -0.291289
v 0.215931 0.011080 -0.290296
v 0.216914 0.010829 -0.290280
v 0.224071 0.011091 -0.290917
v 0.225016 0.011414 -0.291104
v 0.223088 0.010837 -0.290751
v 0.211779 0.013284 -0.290547
v 0.211345 0.013702 -0.290591
v 0.228669 0.013734 -0.291975
v 0.212589 0.012660 -0.290494
v 0.228277 0.013354 -0.291872
v 0.212480 0.012731 -0.290499
v 0.213254 0.012229 -0.290450
v 0.227528 0.012753 -0.291680
v 0.228231 0.013310 -0.291859
v 0.226753 0.012249 -0.291507
v 0.210032 0.015479 -0.290648
v 0.210173 0.015199 -0.290635
v 0.210620 0.014524 -0.290613
v 0.229983 0.015516 -0.292260
v 0.229841 0.015232 -0.292224
v 0.210901 0.014188 -0.290606
v 0.211156 0.013884 -0.290595
v 0.229393 0.014555 -0.292118
v 0.228855 0.013912 -0.292008
v 0.209414 0.017362 -0.290604
v 0.209363 0.018107 -0.290601
v 0.230653 0.018146 -0.292327
v 0.209568 0.016624 -0.290615
v 0.209821 0.015901 -0.290634
v 0.230448 0.016661 -0.292304
v 0.230602 0.017400 -0.292320
v 0.230194 0.015936 -0.292279
v 0.209568 0.019588 -0.290545
v 0.209414 0.018851 -0.290567
v 0.230194 0.020352 -0.292176
v 0.229984 0.020770 -0.292139
v 0.210033 0.020733 -0.290527
v 0.209821 0.020311 -0.290530
v 0.209363 0.018107 -0.290601
v 0.230602 0.018891 -0.292284
v 0.230653 0.018146 -0.292327
v 0.230448 0.019629 -0.292233
v 0.210290 0.021188 -0.290480
v 0.210620 0.021685 -0.290440
v 0.228855 0.022361 -0.291811
v 0.228670 0.022538 -0.291773
v 0.211346 0.022506 -0.290389
v 0.211157 0.022324 -0.290398
v 0.210173 0.021012 -0.290497
v 0.229393 0.021724 -0.291947
v 0.229841 0.021053 -0.292085
v 0.211831 0.022962 -0.290304
v 0.212480 0.023471 -0.290235
v 0.227315 0.023640 -0.291365
v 0.226753 0.024000 -0.291235
v 0.226649 0.024054 -0.291214
v 0.213367 0.024030 -0.290172
v 0.213254 0.023970 -0.290178
v 0.211779 0.022921 -0.290311
v 0.227528 0.023503 -0.291419
v 0.228231 0.022956 -0.291624
v 0.214376 0.024532 -0.290045
v 0.215931 0.025111 -0.289958
v 0.214988 0.024793 -0.289999
v 0.224071 0.025128 -0.290579
v 0.224654 0.024935 -0.290693
v 0.223088 0.025375 -0.290415
v 0.222935 0.025402 -0.290394
v 0.217082 0.025392 -0.289946
v 0.216914 0.025362 -0.289944
v 0.214092 0.024412 -0.290073
v 0.225016 0.024815 -0.290771
v 0.225912 0.024438 -0.290998
v 0.217926 0.025542 -0.289925
v 0.218958 0.025652 -0.289941
v 0.221042 0.025657 -0.290100
v 0.222075 0.025551 -0.290241
v 0.220000 0.025690 -0.290000
v 0.218554 0.024552 -0.253462
v 0.218992 0.024599 -0.253449
v 0.221437 0.024547 -0.253241
v 0.220000 0.024633 -0.253388
v 0.221008 0.024594 -0.253295
v 0.213902 0.023184 -0.253369
v 0.215150 0.023763 -0.253449
v 0.214284 0.023389 -0.253402
v 0.215828 0.023993 -0.253467
v 0.225119 0.023623 -0.252630
v 0.225711 0.023364 -0.252504
v 0.226087 0.023162 -0.252413
v 0.217013 0.024318 -0.253494
v 0.216063 0.024073 -0.253478
v 0.217993 0.024493 -0.253483
v 0.222986 0.024305 -0.253037
v 0.224847 0.023741 -0.252693
v 0.222007 0.024485 -0.253176
v 0.223935 0.024056 -0.252875
v 0.211762 0.021651 -0.253232
v 0.212726 0.022468 -0.253309
v 0.212048 0.021930 -0.253261
v 0.227942 0.021896 -0.251991
v 0.228225 0.021621 -0.251917
v 0.227786 0.022021 -0.252027
v 0.213043 0.022674 -0.253322
v 0.213474 0.022956 -0.253352
v 0.226520 0.022928 -0.252327
v 0.227266 0.022437 -0.252160
v 0.210400 0.019874 -0.253178
v 0.210929 0.020726 -0.253209
v 0.210498 0.020070 -0.253187
v 0.229585 0.019838 -0.251629
v 0.229489 0.020031 -0.251653
v 0.229363 0.020224 -0.251680
v 0.211281 0.021147 -0.253217
v 0.211448 0.021347 -0.253225
v 0.228542 0.021311 -0.251859
v 0.229059 0.020688 -0.251753
v 0.209764 0.017970 -0.253224
v 0.209715 0.017247 -0.253226
v 0.230269 0.017208 -0.251560
v 0.209912 0.018686 -0.253213
v 0.210158 0.019388 -0.253195
v 0.230073 0.018647 -0.251582
v 0.230220 0.017931 -0.251566
v 0.229828 0.019349 -0.251606
v 0.209912 0.015808 -0.253282
v 0.209764 0.016524 -0.253259
v 0.229828 0.015072 -0.251707
v 0.229584 0.014584 -0.251750
v 0.210399 0.014620 -0.253299
v 0.210158 0.015106 -0.253295
v 0.209715 0.017247 -0.253226
v 0.230220 0.016487 -0.251602
v 0.230269 0.017208 -0.251560
v 0.230073 0.015773 -0.251651
v 0.210681 0.014146 -0.253348
v 0.210929 0.013771 -0.253378
v 0.228542 0.013124 -0.252053
v 0.228223 0.012817 -0.252119
v 0.211760 0.012847 -0.253434
v 0.211447 0.013151 -0.253419
v 0.210498 0.014425 -0.253321
v 0.229489 0.014393 -0.251786
v 0.229059 0.013742 -0.251920
v 0.212299 0.012372 -0.253520
v 0.212726 0.012035 -0.253566
v 0.226520 0.011531 -0.252598
v 0.226835 0.011735 -0.252524
v 0.226084 0.011301 -0.252686
v 0.213899 0.011323 -0.253642
v 0.213474 0.011550 -0.253622
v 0.212048 0.012570 -0.253486
v 0.227266 0.012013 -0.252414
v 0.227942 0.012546 -0.252215
v 0.215150 0.010749 -0.253777
v 0.215040 0.010796 -0.253769
v 0.217013 0.010196 -0.253831
v 0.216062 0.010440 -0.253818
v 0.217993 0.010020 -0.253819
v 0.222007 0.010014 -0.253512
v 0.221434 0.009955 -0.253577
v 0.223935 0.010429 -0.253215
v 0.223983 0.010445 -0.253206
v 0.222986 0.010188 -0.253374
v 0.218550 0.009960 -0.253798
v 0.214284 0.011120 -0.253695
v 0.224847 0.010735 -0.253018
v 0.225711 0.011103 -0.252797
v 0.218992 0.009913 -0.253790
v 0.221008 0.009910 -0.253636
v 0.220000 0.009876 -0.253733
vn -0.0604 -0.9979 -0.0230
vn -0.0613 -0.9958 -0.0686
vn -0.0600 -0.9963 -0.0623
vn -0.0591 -0.9980 -0.0230
vn -0.0646 -0.9875 -0.1435
vn -0.0631 -0.9899 -0.1272
vn -0.0704 -0.9717 -0.2253
vn -0.0679 -0.9777 -0.1989
vn -0.0704 0.9811 -0.1804
vn -0.0646 0.9931 -0.0979
vn -0.0631 0.9947 -0.0816
vn -0.0679 0.9858 -0.1537
vn -0.0613 0.9979 -0.0227
vn -0.0600 0.9981 -0.0165
vn -0.0604 0.9979 0.0230
vn -0.0591 0.9980 0.0230
vn -0.0613 0.9958 0.0686
vn -0.0600 0.9963 0.0623
vn -0.0646 0.9875 0.1435
vn -0.0631 0.9899 0.1272
vn -0.0704 0.9717 0.2253
vn -0.0679 0.9777 0.1989
vn -0.0704 -0.9811 0.1804
vn -0.0646 -0.9931 0.0979
vn -0.0631 -0.9947 0.0816
vn -0.0679 -0.9858 0.1537
vn -0.0613 -0.9979 0.0227
vn -0.0600 -0.9981 0.0165
vn 0.0565 -0.9966 -0.0607
vn 0.0563 -0.9982 -0.0230
vn 0.0572 -0.9908 -0.1230
vn 0.0583 -0.9796 -0.1921
vn -0.0741 -0.9577 -0.2780
vn 0.0597 -0.9613 -0.2689
vn -0.0823 -0.9279 -0.3637
vn 0.0613 -0.9339 -0.3523
vn -0.0924 -0.8862 -0.4541
vn 0.0631 -0.8952 -0.4412
vn -0.1038 -0.8308 -0.5468
vn 0.0650 -0.8433 -0.5336
vn -0.1159 -0.7606 -0.6388
vn 0.0668 -0.7765 -0.6266
vn -0.1281 -0.6756 -0.7261
vn 0.0678 -0.6943 -0.7165
vn -0.1281 0.7082 -0.6942
vn -0.1159 0.7892 -0.6032
vn 0.0668 0.8044 -0.5903
vn 0.0678 0.7265 -0.6838
vn -0.1038 0.8551 -0.5080
vn 0.0650 0.8669 -0.4942
vn -0.0924 0.9061 -0.4128
vn 0.0631 0.9145 -0.3996
vn -0.0823 0.9436 -0.3206
vn 0.0613 0.9491 -0.3090
vn -0.0741 0.9695 -0.2337
vn 0.0597 0.9727 -0.2244
vn 0.0583 0.9874 -0.1468
vn 0.0572 0.9954 -0.0773
vn 0.0565 0.9983 -0.0148
vn 0.0563 0.9982 0.0230
vn 0.0565 0.9966 0.0607
vn 0.0572 0.9908 0.1230
vn 0.0583 0.9796 0.1921
vn -0.0741 0.9577 0.2780
vn 0.0597 0.9613 0.2689
vn -0.0823 0.9279 0.3637
vn 0.0613 0.9339 0.3523
vn -0.0924 0.8862 0.4541
vn 0.0631 0.8952 0.4412
vn -0.1038 0.8308 0.5468
vn 0.0650 0.8433 0.5336
vn -0.1159 0.7606 0.6388
vn 0.0668 0.7765 0.6266
vn -0.1281 0.6756 0.7261
vn 0.0678 0.6943 0.7165
vn -0.1281 -0.7082 0.6942
vn -0.1159 -0.7892 0.6032
vn 0.0668 -0.8044 0.5903
vn 0.0678 -0.7265 0.6838
vn -0.1038 -0.8550 0.5080
vn 0.0650 -0.8669 0.4942
vn -0.0924 -0.9061 0.4128
vn 0.0631 -0.9145 0.3996
vn -0.0823 -0.9436 0.3206
vn 0.0613 -0.9491 0.3090
vn -0.0741 -0.9695 0.2337
vn 0.0597 -0.9727 0.2244
vn 0.0583 -0.9874 0.1468
vn 0.0572 -0.9954 0.0773
vn 0.0565 -0.9983 0.0148
vn 0.2529 -0.9655 -0.0615
vn 0.2506 -0.9678 -0.0223
vn 0.2609 -0.9571 -0.1257
vn 0.2734 -0.9417 -0.1963
vn 0.2901 -0.9171 -0.2734
vn 0.3104 -0.8818 -0.3552
vn 0.3333 -0.8342 -0.4394
vn 0.3578 -0.7733 -0.5234
vn 0.3823 -0.6992 -0.6042
vn 0.4052 -0.6136 -0.6777
vn 0.3823 0.7262 -0.5713
vn 0.4052 0.6441 -0.6488
vn 0.3578 0.7965 -0.4874
vn 0.3333 0.8535 -0.4006
vn 0.3104 0.8972 -0.3142
vn 0.2901 0.9287 -0.2309
vn 0.2734 0.9497 -0.1528
vn 0.2609 0.9619 -0.0816
vn 0.2529 0.9674 -0.0170
vn 0.2506 0.9678 0.0223
vn 0.2529 0.9655 0.0615
vn 0.2609 0.9571 0.1257
vn 0.2734 0.9417 0.1963
vn 0.2901 0.9171 0.2734
vn 0.3104 0.8818 0.3552
vn 0.3333 0.8341 0.4394
vn 0.3578 0.7733 0.5234
vn 0.3823 0.6992 0.6042
vn 0.4053 0.6136 0.6777
vn 0.3823 -0.7262 0.5713
vn 0.4052 -0.6441 0.6488
vn 0.3578 -0.7965 0.4874
vn 0.3333 -0.8535 0.4006
vn 0.3104 -0.8972 0.3142
vn 0.2901 -0.9287 0.2309
vn 0.2734 -0.9497 0.1528
vn 0.2609 -0.9619 0.0816
vn 0.2529 -0.9674 0.0170
vn 0.1271 -0.9895 -0.0689
vn 0.1259 -0.9918 -0.0228
vn 0.1312 -0.9808 -0.1445
vn 0.1374 -0.9640 -0.2275
vn 0.1456 -0.9370 -0.3176
vn 0.1553 -0.8977 -0.4123
vn 0.1661 -0.8449 -0.5086
vn 0.1772 -0.7779 -0.6028
vn 0.1880 -0.6977 -0.6912
vn 0.1988 -0.6074 -0.7692
vn 0.1880 0.7288 -0.6584
vn 0.1987 0.6421 -0.7404
vn 0.1772 0.8048 -0.5664
vn 0.1661 0.8673 -0.4692
vn 0.1553 0.9157 -0.3706
vn 0.1456 0.9506 -0.2741
vn 0.1374 0.9735 -0.1829
vn 0.1312 0.9864 -0.0993
vn 0.1271 0.9916 -0.0233
vn 0.1259 0.9918 0.0228
vn 0.1271 0.9895 0.0689
vn 0.1312 0.9808 0.1445
vn 0.1374 0.9640 0.2275
vn 0.1456 0.9370 0.3176
vn 0.1553 0.8977 0.4123
vn 0.1661 0.8449 0.5086
vn 0.1772 0.7779 0.6028
vn 0.1880 0.6977 0.6912
vn 0.1987 0.6074 0.7692
vn 0.1880 -0.7288 0.6584
vn 0.1987 -0.6421 0.7404
vn 0.1772 -0.8048 0.5664
vn 0.1661 -0.8673 0.4692
vn 0.1553 -0.9157 0.3706
vn 0.1456 -0.9506 0.2741
vn 0.1374 -0.9735 0.1829
vn 0.1312 -0.9864 0.0993
vn 0.1271 -0.9916 0.0233
vn 0.2716 -0.9068 -0.3224
vn 0.0861 -0.9438 -0.3190
vn -0.0727 -0.9605 -0.2685
vn -0.0591 -0.9459 -0.3190
vn -0.2452 -0.9230 -0.2965
vn -0.2452 0.9357 -0.2538
vn -0.0591 0.9596 -0.2751
vn -0.0727 0.9719 -0.2241
vn 0.0861 0.9575 -0.2753
vn 0.2716 0.9207 -0.2804
vn 0.2716 0.9068 0.3224
vn 0.0861 0.9438 0.3190
vn -0.0727 0.9605 0.2685
vn -0.0591 0.9459 0.3190
vn -0.2452 0.9230 0.2965
vn -0.2452 -0.9357 0.2538
vn -0.0591 -0.9596 0.2751
vn -0.0727 -0.9719 0.2241
vn 0.0861 -0.9575 0.2753
vn 0.2716 -0.9207 0.2804
vn -0.0545 -0.5980 -0.7997
vn 0.1318 -0.5678 -0.8125
vn 0.0690 -0.6467 -0.7596
vn 0.2731 -0.5498 -0.7894
vn 0.4439 -0.5352 -0.7186
vn 0.4439 0.5677 -0.6933
vn 0.2731 0.5855 -0.7633
vn 0.0689 0.6810 -0.7291
vn 0.1318 0.6046 -0.7856
vn -0.0545 0.6341 -0.7713
vn -0.0545 0.5980 0.7997
vn 0.1317 0.5678 0.8125
vn 0.0690 0.6467 0.7596
vn 0.2731 0.5498 0.7894
vn 0.4439 0.5352 0.7186
vn 0.4439 -0.5677 0.6933
vn 0.2731 -0.5855 0.7633
vn 0.0689 -0.6810 0.7291
vn 0.1318 -0.6046 0.7856
vn -0.0545 -0.6341 0.7713
vn 0.3898 -0.4916 -0.7787
vn 0.2133 -0.5118 -0.8322
vn 0.2017 -0.5617 -0.8024
vn 0.0710 -0.5208 -0.8508
vn -0.1143 -0.4956 -0.8610
vn -0.1143 0.5347 -0.8373
vn 0.0710 0.5593 -0.8259
vn 0.2017 0.5980 -0.7757
vn 0.2133 0.5495 -0.8078
vn 0.3898 0.5269 -0.7553
vn 0.3898 0.4916 0.7787
vn 0.2134 0.5118 0.8322
vn 0.2017 0.5617 0.8024
vn 0.0710 0.5208 0.8507
vn -0.1142 0.4956 0.8610
vn -0.1142 -0.5347 0.8373
vn 0.0710 -0.5593 0.8259
vn 0.2018 -0.5980 0.7757
vn 0.2134 -0.5495 0.8078
vn 0.3898 -0.5269 0.7553
vn 0.2530 -0.9672 -0.0223
vn 0.2539 -0.9669 0.0253
vn -0.2302 -0.9730 0.0170
vn -0.2053 -0.9785 -0.0171
vn -0.6082 -0.7938 -0.0019
vn -0.9636 -0.2673 -0.0006
vn -0.9636 -0.2669 0.0182
vn -0.6071 -0.7928 0.0542
vn -0.0018 -0.9943 0.1070
vn 0.2568 -0.9609 0.1035
vn -0.9635 -0.2646 0.0405
vn -0.6054 -0.7867 0.1205
vn 0.0022 -0.9806 0.1959
vn 0.2604 -0.9469 0.1886
vn -0.9635 -0.2597 0.0654
vn -0.6034 -0.7733 0.1947
vn 0.0068 -0.9553 0.2956
vn 0.2642 -0.9226 0.2812
vn -0.9634 -0.2518 0.0920
vn -0.6012 -0.7505 0.2744
vn 0.0111 -0.9180 0.3965
vn 0.2681 -0.8854 0.3796
vn -0.9634 -0.2401 0.1196
vn -0.5993 -0.7166 0.3569
vn 0.0147 -0.8668 0.4985
vn 0.2714 -0.8352 0.4783
vn -0.9633 -0.2245 0.1470
vn -0.5978 -0.6707 0.4391
vn 0.0171 -0.8014 0.5978
vn 0.2737 -0.7715 0.5743
vn -0.9633 -0.2052 0.1732
vn -0.5970 -0.6131 0.5175
vn 0.0180 -0.7231 0.6906
vn 0.2744 -0.6954 0.6641
vn -0.9633 -0.1824 0.1970
vn -0.5970 -0.5451 0.5886
vn 0.0171 -0.6341 0.7731
vn 0.2737 -0.6092 0.7443
vn -0.9633 -0.1572 0.2175
vn -0.5978 -0.4695 0.6498
vn 0.0147 -0.5378 0.8429
vn 0.2714 -0.5162 0.8124
vn -0.9634 -0.1305 0.2343
vn -0.5993 -0.3895 0.6994
vn 0.0111 -0.4382 0.8988
vn 0.2681 -0.4200 0.8671
vn -0.9634 -0.1035 0.2473
vn -0.6013 -0.3086 0.7371
vn 0.0068 -0.3392 0.9407
vn 0.2640 -0.3243 0.9084
vn -0.9635 -0.0773 0.2565
vn -0.6034 -0.2301 0.7636
vn 0.0022 -0.2407 0.9706
vn 0.2598 -0.2326 0.9372
vn -0.9635 -0.0527 0.2624
vn -0.6055 -0.1565 0.7803
vn -0.0018 -0.1526 0.9883
vn 0.2561 -0.1475 0.9553
vn -0.9636 -0.0305 0.2657
vn -0.6071 -0.0906 0.7894
vn -0.0048 -0.0721 0.9974
vn 0.2532 -0.0698 0.9649
vn -0.9636 -0.0117 0.2671
vn -0.6082 -0.0346 0.7931
vn -0.0057 -0.0230 0.9997
vn 0.2523 -0.0222 0.9674
vn -0.9636 -0.0006 0.2674
vn -0.6082 -0.0019 0.7938
vn -0.0048 0.0261 0.9996
vn 0.2532 0.0253 0.9671
vn -0.9636 0.0182 0.2668
vn -0.6071 0.0542 0.7928
vn -0.0017 0.1070 0.9943
vn 0.2561 0.1035 0.9611
vn -0.9635 0.0405 0.2646
vn -0.6055 0.1205 0.7867
vn 0.0022 0.1959 0.9806
vn 0.2598 0.1892 0.9469
vn -0.9635 0.0654 0.2597
vn -0.6034 0.1947 0.7733
vn 0.0068 0.2956 0.9553
vn 0.2640 0.2822 0.9223
vn -0.9634 0.0920 0.2518
vn -0.6013 0.2744 0.7504
vn 0.0111 0.3965 0.9180
vn 0.2681 0.3796 0.8854
vn -0.9634 0.1196 0.2401
vn -0.5993 0.3569 0.7166
vn 0.0147 0.4985 0.8668
vn 0.2714 0.4782 0.8352
vn -0.9633 0.1470 0.2245
vn -0.5978 0.4391 0.6707
vn 0.0171 0.5978 0.8014
vn 0.2737 0.5743 0.7715
vn -0.9633 0.1732 0.2052
vn -0.5969 0.5175 0.6131
vn 0.0180 0.6905 0.7231
vn 0.2744 0.6641 0.6954
vn -0.9633 0.1970 0.1824
vn -0.5970 0.5886 0.5451
vn 0.0171 0.7731 0.6341
vn 0.2737 0.7443 0.6092
vn -0.9633 0.2175 0.1572
vn -0.5978 0.6498 0.4695
vn 0.0147 0.8429 0.5378
vn 0.2714 0.8124 0.5162
vn -0.9634 0.2343 0.1305
vn -0.5993 0.6994 0.3895
vn 0.0111 0.8988 0.4383
vn 0.2681 0.8671 0.4200
vn -0.9634 0.2473 0.1035
vn -0.6012 0.7371 0.3086
vn 0.0068 0.9407 0.3392
vn 0.2642 0.9087 0.3233
vn -0.9635 0.2565 0.0773
vn -0.6034 0.7636 0.2301
vn 0.0022 0.9706 0.2408
vn 0.2604 0.9372 0.2320
vn -0.9635 0.2624 0.0526
vn -0.6054 0.7804 0.1565
vn -0.0018 0.9883 0.1526
vn 0.2568 0.9551 0.1475
vn -0.9636 0.2657 0.0305
vn -0.6071 0.7895 0.0906
vn -0.0048 0.9974 0.0721
vn 0.2539 0.9647 0.0697
vn -0.9636 0.2671 0.0117
vn -0.6082 0.7931 0.0346
vn -0.0057 0.9997 0.0230
vn 0.2530 0.9672 0.0222
vn -0.9636 0.2674 0.0006
vn -0.6082 0.7938 0.0019
vn -0.0048 0.9996 -0.0261
vn 0.2539 0.9669 -0.0253
vn -0.9636 0.2668 -0.0182
vn -0.6071 0.7928 -0.0542
vn -0.0018 0.9943 -0.1070
vn 0.2567 0.9609 -0.1035
vn -0.9635 0.2646 -0.0405
vn -0.6054 0.7867 -0.1205
vn 0.0022 0.9806 -0.1959
vn 0.2604 0.9469 -0.1886
vn -0.9635 0.2597 -0.0654
vn -0.6034 0.7733 -0.1947
vn 0.0068 0.9553 -0.2956
vn 0.2642 0.9226 -0.2812
vn -0.9634 0.2518 -0.0920
vn -0.6012 0.7505 -0.2744
vn 0.0111 0.9180 -0.3965
vn 0.2680 0.8855 -0.3796
vn -0.9634 0.2401 -0.1196
vn -0.5993 0.7166 -0.3569
vn 0.0147 0.8668 -0.4985
vn 0.2714 0.8352 -0.4783
vn -0.9633 0.2245 -0.1470
vn -0.5978 0.6707 -0.4391
vn 0.0172 0.8014 -0.5978
vn 0.2737 0.7715 -0.5743
vn -0.9633 0.2051 -0.1732
vn -0.5970 0.6131 -0.5175
vn 0.0180 0.7231 -0.6906
vn 0.2745 0.6954 -0.6641
vn -0.9633 0.1824 -0.1970
vn -0.5970 0.5451 -0.5886
vn 0.0171 0.6341 -0.7731
vn 0.2737 0.6092 -0.7443
vn -0.9633 0.1572 -0.2175
vn -0.5978 0.4695 -0.6498
vn 0.0147 0.5378 -0.8429
vn 0.2714 0.5161 -0.8124
vn -0.9634 0.1305 -0.2344
vn -0.5992 0.3895 -0.6995
vn 0.0111 0.4382 -0.8988
vn 0.2681 0.4200 -0.8671
vn -0.9634 0.1035 -0.2472
vn -0.6013 0.3086 -0.7370
vn 0.0068 0.3392 -0.9407
vn 0.2640 0.3243 -0.9084
vn -0.9635 0.0773 -0.2564
vn -0.6033 0.2301 -0.7636
vn 0.0022 0.2408 -0.9706
vn 0.2598 0.2326 -0.9372
vn -0.9635 0.0526 -0.2624
vn -0.6054 0.1565 -0.7804
vn -0.0017 0.1526 -0.9883
vn 0.2560 0.1475 -0.9553
vn -0.9636 0.0305 -0.2657
vn -0.6071 0.0906 -0.7894
vn -0.0047 0.0721 -0.9974
vn 0.2532 0.0698 -0.9649
vn -0.9636 0.0117 -0.2671
vn -0.6082 0.0346 -0.7931
vn -0.0057 0.0230 -0.9997
vn 0.2523 0.0222 -0.9674
vn -0.9636 0.0006 -0.2674
vn -0.6082 0.0019 -0.7938
vn -0.0047 -0.0261 -0.9996
vn 0.2532 -0.0253 -0.9671
vn -0.9636 -0.0182 -0.2669
vn -0.6071 -0.0542 -0.7928
vn -0.0017 -0.1070 -0.9943
vn 0.2560 -0.1035 -0.9611
vn -0.9635 -0.0405 -0.2646
vn -0.6054 -0.1205 -0.7867
vn 0.0022 -0.1959 -0.9806
vn 0.2598 -0.1892 -0.9469
vn -0.9635 -0.0654 -0.2597
vn -0.6033 -0.1947 -0.7734
vn 0.0068 -0.2956 -0.9553
vn 0.2640 -0.2822 -0.9223
vn -0.9634 -0.0921 -0.2517
vn -0.6013 -0.2744 -0.7505
vn 0.0111 -0.3965 -0.9180
vn 0.2681 -0.3796 -0.8854
vn -0.9634 -0.1196 -0.2401
vn -0.5992 -0.3569 -0.7166
vn 0.0147 -0.4985 -0.8668
vn 0.2714 -0.4782 -0.8352
vn -0.9633 -0.1470 -0.2245
vn -0.5978 -0.4391 -0.6706
vn 0.0171 -0.5979 -0.8014
vn 0.2737 -0.5743 -0.7715
vn -0.9633 -0.1732 -0.2052
vn -0.5970 -0.5174 -0.6130
vn 0.0180 -0.6905 -0.7231
vn 0.2745 -0.6641 -0.6954
vn -0.9633 -0.1970 -0.1824
vn -0.5970 -0.5886 -0.5451
vn 0.0172 -0.7731 -0.6341
vn 0.2737 -0.7443 -0.6092
vn -0.9633 -0.2175 -0.1572
vn -0.5978 -0.6498 -0.4695
vn 0.0147 -0.8429 -0.5378
vn 0.2714 -0.8123 -0.5162
vn -0.9634 -0.2343 -0.1305
vn -0.5993 -0.6994 -0.3895
vn 0.0111 -0.8988 -0.4383
vn 0.2680 -0.8671 -0.4200
vn -0.9634 -0.2473 -0.1035
vn -0.6012 -0.7371 -0.3086
vn 0.0068 -0.9407 -0.3392
vn 0.2642 -0.9087 -0.3233
vn -0.9635 -0.2565 -0.0773
vn -0.6034 -0.7636 -0.2300
vn 0.0022 -0.9706 -0.2407
vn 0.2604 -0.9372 -0.2320
vn -0.9635 -0.2624 -0.0526
vn -0.6054 -0.7804 -0.1565
vn -0.0018 -0.9883 -0.1526
vn 0.2567 -0.9552 -0.1475
vn -0.9636 -0.2657 -0.0305
vn -0.6071 -0.7895 -0.0906
vn -0.0048 -0.9974 -0.0721
vn 0.2539 -0.9647 -0.0697
vn -0.9636 -0.2671 -0.0117
vn -0.6082 -0.7931 -0.0346
vn 0.2740 -0.8654 -0.4196
vn 0.0832 -0.8972 -0.4337
vn -0.0682 -0.8988 -0.4330
vn -0.2592 -0.8855 -0.3857
vn 0.2772 -0.8108 -0.5156
vn 0.0790 -0.8419 -0.5339
vn -0.0785 -0.8427 -0.5326
vn -0.2754 -0.8350 -0.4764
vn 0.2793 -0.7428 -0.6085
vn 0.0740 -0.7723 -0.6309
vn -0.0893 -0.7724 -0.6288
vn -0.2924 -0.7710 -0.5658
vn 0.2799 -0.6626 -0.6947
vn 0.0684 -0.6898 -0.7208
vn -0.1002 -0.6891 -0.7177
vn -0.3089 -0.6938 -0.6506
vn 0.2791 -0.5729 -0.7707
vn 0.0623 -0.5967 -0.8000
vn -0.1102 -0.5956 -0.7957
vn -0.3239 -0.6052 -0.7272
vn 0.2767 -0.4768 -0.8343
vn 0.0563 -0.4969 -0.8660
vn -0.1192 -0.4954 -0.8604
vn -0.3366 -0.5082 -0.7927
vn 0.2733 -0.3784 -0.8844
vn 0.0506 -0.3943 -0.9176
vn -0.1266 -0.3928 -0.9109
vn -0.3465 -0.4066 -0.8454
vn 0.2693 -0.2812 -0.9211
vn 0.0455 -0.2929 -0.9551
vn -0.1324 -0.2916 -0.9473
vn -0.3534 -0.3044 -0.8846
vn 0.2652 -0.1888 -0.9455
vn 0.0413 -0.1962 -0.9797
vn -0.1364 -0.1952 -0.9712
vn -0.3576 -0.2056 -0.9110
vn 0.2615 -0.1041 -0.9596
vn 0.0381 -0.1072 -0.9935
vn -0.1389 -0.1067 -0.9845
vn -0.3594 -0.1138 -0.9262
vn 0.2587 -0.0253 -0.9656
vn 0.0361 -0.0263 -0.9990
vn -0.1402 -0.0262 -0.9898
vn -0.3598 -0.0298 -0.9326
vn 0.2577 0.0222 -0.9660
vn 0.0356 0.0230 -0.9991
vn -0.1405 0.0228 -0.9898
vn -0.3596 0.0215 -0.9329
vn 0.2587 0.0697 -0.9635
vn 0.0361 0.0722 -0.9967
vn -0.1402 0.0717 -0.9875
vn -0.3598 0.0726 -0.9302
vn 0.2615 0.1482 -0.9538
vn 0.0381 0.1528 -0.9875
vn -0.1390 0.1519 -0.9786
vn -0.3594 0.1563 -0.9200
vn 0.2652 0.2321 -0.9359
vn 0.0413 0.2411 -0.9696
vn -0.1364 0.2397 -0.9612
vn -0.3576 0.2473 -0.9006
vn 0.2693 0.3233 -0.9072
vn 0.0455 0.3365 -0.9406
vn -0.1324 0.3348 -0.9329
vn -0.3534 0.3448 -0.8696
vn 0.2733 0.4186 -0.8661
vn 0.0506 0.4360 -0.8985
vn -0.1266 0.4342 -0.8919
vn -0.3465 0.4450 -0.8258
vn 0.2767 0.5147 -0.8115
vn 0.0563 0.5362 -0.8422
vn -0.1192 0.5345 -0.8367
vn -0.3366 0.5442 -0.7685
vn 0.2791 0.6077 -0.7435
vn 0.0623 0.6329 -0.7717
vn -0.1102 0.6315 -0.7675
vn -0.3239 0.6380 -0.6986
vn 0.2799 0.6939 -0.6635
vn 0.0684 0.7222 -0.6883
vn -0.1002 0.7214 -0.6852
vn -0.3089 0.7230 -0.6180
vn 0.2793 0.7700 -0.5737
vn 0.0740 0.8005 -0.5947
vn -0.0894 0.8005 -0.5926
vn -0.2924 0.7962 -0.5298
vn 0.2772 0.8336 -0.4778
vn 0.0790 0.8655 -0.4946
vn -0.0785 0.8663 -0.4933
vn -0.2755 0.8560 -0.4375
vn 0.2740 0.8838 -0.3793
vn 0.0832 0.9162 -0.3920
vn -0.0682 0.9178 -0.3912
vn -0.2592 0.9023 -0.3446
vn 0.2740 0.8654 0.4196
vn 0.0832 0.8972 0.4337
vn -0.0682 0.8988 0.4330
vn -0.2592 0.8855 0.3857
vn 0.2772 0.8108 0.5156
vn 0.0790 0.8419 0.5339
vn -0.0785 0.8427 0.5326
vn -0.2755 0.8350 0.4764
vn 0.2793 0.7428 0.6085
vn 0.0741 0.7723 0.6309
vn -0.0894 0.7724 0.6288
vn -0.2924 0.7710 0.5658
vn 0.2799 0.6626 0.6947
vn 0.0684 0.6897 0.7208
vn -0.1002 0.6891 0.7177
vn -0.3088 0.6938 0.6506
vn 0.2791 0.5729 0.7707
vn 0.0624 0.5967 0.8000
vn -0.1103 0.5956 0.7957
vn -0.3239 0.6052 0.7272
vn 0.2767 0.4768 0.8343
vn 0.0563 0.4969 0.8660
vn -0.1192 0.4954 0.8604
vn -0.3366 0.5082 0.7927
vn 0.2733 0.3784 0.8844
vn 0.0506 0.3943 0.9176
vn -0.1266 0.3928 0.9109
vn -0.3465 0.4066 0.8454
vn 0.2693 0.2812 0.9211
vn 0.0455 0.2929 0.9551
vn -0.1324 0.2916 0.9473
vn -0.3534 0.3044 0.8846
vn 0.2651 0.1888 0.9455
vn 0.0413 0.1962 0.9797
vn -0.1364 0.1952 0.9712
vn -0.3576 0.2056 0.9110
vn 0.2615 0.1041 0.9596
vn 0.0382 0.1072 0.9935
vn -0.1390 0.1067 0.9845
vn -0.3594 0.1138 0.9262
vn 0.2587 0.0253 0.9656
vn 0.0361 0.0263 0.9990
vn -0.1403 0.0262 0.9898
vn -0.3597 0.0298 0.9326
vn 0.2577 -0.0222 0.9660
vn 0.0355 -0.0230 0.9991
vn -0.1405 -0.0228 0.9898
vn -0.3596 -0.0215 0.9329
vn 0.2587 -0.0697 0.9635
vn 0.0361 -0.0722 0.9967
vn -0.1403 -0.0717 0.9875
vn -0.3597 -0.0726 0.9302
vn 0.2615 -0.1481 0.9538
vn 0.0381 -0.1528 0.9875
vn -0.1390 -0.1518 0.9786
vn -0.3594 -0.1563 0.9200
vn 0.2651 -0.2321 0.9359
vn 0.0413 -0.2410 0.9696
vn -0.1365 -0.2397 0.9612
vn -0.3576 -0.2473 0.9005
vn 0.2693 -0.3233 0.9072
vn 0.0455 -0.3365 0.9406
vn -0.1324 -0.3348 0.9329
vn -0.3534 -0.3447 0.8696
vn 0.2733 -0.4186 0.8661
vn 0.0506 -0.4360 0.8985
vn -0.1267 -0.4342 0.8918
vn -0.3465 -0.4450 0.8258
vn 0.2767 -0.5147 0.8115
vn 0.0563 -0.5362 0.8422
vn -0.1192 -0.5345 0.8367
vn -0.3366 -0.5442 0.7685
vn 0.2791 -0.6077 0.7435
vn 0.0624 -0.6329 0.7717
vn -0.1103 -0.6315 0.7675
vn -0.3239 -0.6380 0.6986
vn 0.2799 -0.6939 0.6635
vn 0.0683 -0.7222 0.6883
vn -0.1002 -0.7214 0.6852
vn -0.3088 -0.7230 0.6180
vn 0.2793 -0.7700 0.5737
vn 0.0740 -0.8005 0.5947
vn -0.0894 -0.8005 0.5926
vn -0.2924 -0.7962 0.5298
vn 0.2772 -0.8336 0.4778
vn 0.0790 -0.8655 0.4946
vn -0.0785 -0.8663 0.4933
vn -0.2755 -0.8560 0.4375
vn 0.2740 -0.8837 0.3793
vn 0.0833 -0.9162 0.3920
vn -0.0682 -0.9178 0.3912
vn -0.2592 -0.9023 0.3446
vn -0.0617 -0.4893 -0.8700
vn 0.1342 -0.5131 -0.8478
vn 0.2800 -0.4966 -0.8216
vn 0.4636 -0.4328 -0.7731
vn -0.0680 -0.3775 -0.9235
vn 0.1375 -0.3951 -0.9083
vn 0.2908 -0.3812 -0.8776
vn 0.4796 -0.3271 -0.8142
vn -0.0729 -0.2636 -0.9619
vn 0.1394 -0.2736 -0.9517
vn 0.2980 -0.2634 -0.9175
vn 0.4905 -0.2231 -0.8424
vn -0.0764 -0.1495 -0.9858
vn 0.1401 -0.1557 -0.9778
vn 0.3019 -0.1497 -0.9415
vn 0.4966 -0.1253 -0.8589
vn -0.0785 -0.0429 -0.9960
vn 0.1399 -0.0451 -0.9891
vn 0.3031 -0.0434 -0.9520
vn 0.4990 -0.0352 -0.8659
vn -0.0790 0.0229 -0.9966
vn 0.1397 0.0228 -0.9899
vn 0.3031 0.0219 -0.9527
vn 0.4992 0.0199 -0.8662
vn -0.0787 0.0885 -0.9930
vn 0.1399 0.0906 -0.9860
vn 0.3031 0.0871 -0.9490
vn 0.4990 0.0750 -0.8633
vn -0.0769 0.1942 -0.9779
vn 0.1401 0.2005 -0.9696
vn 0.3019 0.1929 -0.9336
vn 0.4966 0.1647 -0.8522
vn -0.0735 0.3065 -0.9490
vn 0.1394 0.3171 -0.9381
vn 0.2980 0.3054 -0.9044
vn 0.4905 0.2616 -0.8313
vn -0.0683 0.4185 -0.9056
vn 0.1375 0.4365 -0.8892
vn 0.2908 0.4212 -0.8591
vn 0.4796 0.3642 -0.7983
vn -0.0618 0.5284 -0.8468
vn 0.1341 0.5515 -0.8233
vn 0.2800 0.5338 -0.7979
vn 0.4636 0.4679 -0.7524
vn -0.0618 0.4891 0.8700
vn 0.1341 0.5131 0.8478
vn 0.2800 0.4965 0.8216
vn 0.4636 0.4328 0.7732
vn -0.0680 0.3773 0.9236
vn 0.1375 0.3951 0.9083
vn 0.2908 0.3812 0.8776
vn 0.4796 0.3271 0.8142
vn -0.0729 0.2635 0.9619
vn 0.1394 0.2736 0.9517
vn 0.2980 0.2634 0.9175
vn 0.4905 0.2231 0.8424
vn -0.0765 0.1494 0.9858
vn 0.1401 0.1557 0.9778
vn 0.3019 0.1497 0.9415
vn 0.4966 0.1253 0.8589
vn -0.0785 0.0429 0.9960
vn 0.1399 0.0452 0.9891
vn 0.3031 0.0434 0.9520
vn 0.4990 0.0352 0.8659
vn -0.0790 -0.0229 0.9966
vn 0.1397 -0.0228 0.9899
vn 0.3030 -0.0219 0.9527
vn 0.4992 -0.0199 0.8662
vn -0.0787 -0.0885 0.9930
vn 0.1399 -0.0906 0.9860
vn 0.3031 -0.0871 0.9490
vn 0.4990 -0.0750 0.8633
vn -0.0769 -0.1941 0.9780
vn 0.1401 -0.2005 0.9696
vn 0.3019 -0.1929 0.9336
vn 0.4966 -0.1647 0.8522
vn -0.0735 -0.3063 0.9491
vn 0.1394 -0.3171 0.9381
vn 0.2980 -0.3053 0.9044
vn 0.4905 -0.2616 0.8313
vn -0.0684 -0.4185 0.9056
vn 0.1375 -0.4365 0.8892
vn 0.2908 -0.4212 0.8591
vn 0.4796 -0.3642 0.7983
vn -0.0618 -0.5285 0.8467
vn 0.1341 -0.5515 0.8233
vn 0.2801 -0.5338 0.7979
vn 0.4636 -0.4679 0.7524
vn 0.3985 -0.3916 -0.8294
vn 0.2200 -0.3868 -0.8955
vn 0.0756 -0.3939 -0.9161
vn -0.1109 -0.3917 -0.9134
vn 0.4050 -0.2925 -0.8663
vn 0.2248 -0.2871 -0.9312
vn 0.0792 -0.2924 -0.9530
vn -0.1090 -0.2909 -0.9505
vn 0.4087 -0.1972 -0.8911
vn 0.2277 -0.1923 -0.9546
vn 0.0817 -0.1959 -0.9772
vn -0.1071 -0.1949 -0.9750
vn 0.4102 -0.1089 -0.9055
vn 0.2292 -0.1051 -0.9677
vn 0.0832 -0.1070 -0.9908
vn -0.1055 -0.1065 -0.9887
vn 0.4102 -0.0282 -0.9116
vn 0.2297 -0.0258 -0.9729
vn 0.0840 -0.0262 -0.9961
vn -0.1042 -0.0260 -0.9942
vn 0.4099 0.0210 -0.9119
vn 0.2296 0.0224 -0.9730
vn 0.0842 0.0229 -0.9962
vn -0.1039 0.0229 -0.9943
vn 0.4102 0.0701 -0.9093
vn 0.2297 0.0705 -0.9707
vn 0.0840 0.0720 -0.9939
vn -0.1042 0.0717 -0.9920
vn 0.4102 0.1505 -0.8995
vn 0.2292 0.1495 -0.9618
vn 0.0832 0.1525 -0.9848
vn -0.1055 0.1518 -0.9828
vn 0.4087 0.2380 -0.8811
vn 0.2277 0.2359 -0.9447
vn 0.0817 0.2406 -0.9672
vn -0.1071 0.2395 -0.9650
vn 0.4050 0.3321 -0.8519
vn 0.2248 0.3296 -0.9170
vn 0.0792 0.3359 -0.9385
vn -0.1090 0.3343 -0.9361
vn 0.3985 0.4293 -0.8105
vn 0.2200 0.4276 -0.8768
vn 0.0756 0.4356 -0.8970
vn -0.1109 0.4332 -0.8944
vn 0.3985 0.3916 0.8294
vn 0.2200 0.3868 0.8955
vn 0.0756 0.3939 0.9161
vn -0.1109 0.3917 0.9134
vn 0.4049 0.2925 0.8663
vn 0.2248 0.2871 0.9312
vn 0.0792 0.2924 0.9530
vn -0.1090 0.2909 0.9505
vn 0.4087 0.1972 0.8911
vn 0.2277 0.1923 0.9546
vn 0.0817 0.1959 0.9772
vn -0.1071 0.1949 0.9750
vn 0.4101 0.1089 0.9055
vn 0.2292 0.1051 0.9677
vn 0.0832 0.1070 0.9908
vn -0.1055 0.1065 0.9887
vn 0.4102 0.0282 0.9116
vn 0.2296 0.0258 0.9729
vn 0.0840 0.0262 0.9961
vn -0.1043 0.0260 0.9942
vn 0.4099 -0.0210 0.9119
vn 0.2296 -0.0224 0.9730
vn 0.0842 -0.0229 0.9962
vn -0.1039 -0.0229 0.9943
vn 0.4102 -0.0701 0.9093
vn 0.2296 -0.0705 0.9707
vn 0.0840 -0.0720 0.9939
vn -0.1043 -0.0717 0.9920
vn 0.4101 -0.1505 0.8995
vn 0.2292 -0.1495 0.9618
vn 0.0832 -0.1525 0.9848
vn -0.1055 -0.1518 0.9828
vn 0.4087 -0.2380 0.8811
vn 0.2277 -0.2359 0.9447
vn 0.0817 -0.2406 0.9672
vn -0.1071 -0.2395 0.9650
vn 0.4049 -0.3321 0.8519
vn 0.2248 -0.3296 0.9170
vn 0.0792 -0.3360 0.9385
vn -0.1090 -0.3343 0.9361
vn 0.3985 -0.4293 0.8105
vn 0.2200 -0.4276 0.8768
vn 0.0756 -0.4356 0.8970
vn -0.1109 -0.4332 0.8944
vn -1.0000 -0.0000 -0.0000
vn -0.1400 -0.5772 -0.8045
vn -0.1503 -0.4687 -0.8705
vn -0.1584 -0.3526 -0.9223
vn -0.1641 -0.2371 -0.9575
vn -0.1673 -0.1321 -0.9770
vn -0.1687 -0.0357 -0.9850
vn -0.1688 0.0227 -0.9854
vn -0.1685 0.0808 -0.9824
vn -0.1669 0.1764 -0.9701
vn -0.1635 0.2799 -0.9460
vn -0.1581 0.3937 -0.9056
vn -0.1504 0.5079 -0.8482
vn -0.1400 0.6135 -0.7771
vn -0.1400 0.5772 0.8045
vn -0.1504 0.4686 0.8705
vn -0.1584 0.3526 0.9223
vn -0.1640 0.2373 0.9575
vn -0.1673 0.1322 0.9770
vn -0.1687 0.0357 0.9850
vn -0.1688 -0.0227 0.9854
vn -0.1685 -0.0809 0.9824
vn -0.1669 -0.1765 0.9700
vn -0.1635 -0.2800 0.9460
vn -0.1581 -0.3939 0.9055
vn -0.1504 -0.5081 0.8481
vn -0.1400 -0.6135 0.7771
vn 0.4420 -0.4155 -0.7950
vn 0.4254 -0.5183 -0.7419
vn -0.2919 0.5453 -0.7858
vn 0.0499 0.5818 -0.8118
vn -0.0344 0.5999 -0.7993
vn -0.1064 0.5970 -0.7952
vn -0.1769 0.5876 -0.7896
vn -0.2456 0.5722 -0.7825
vn -0.3126 0.5507 -0.7740
vn 0.4542 -0.3126 -0.8343
vn -0.5098 0.4757 -0.7168
vn -0.3609 0.5665 -0.7408
vn -0.4200 0.5353 -0.7329
vn -0.4774 0.4982 -0.7238
vn -0.4720 0.4799 -0.7396
vn -0.5321 0.4530 -0.7153
vn 0.0196 0.6485 -0.7609
vn 0.2960 0.5704 -0.7661
vn 0.2269 0.6050 -0.7632
vn 0.1564 0.6263 -0.7637
vn 0.1507 0.6127 -0.7758
vn 0.0874 0.6408 -0.7627
vn 0.4620 -0.2122 -0.8611
vn -0.6339 0.3941 -0.6655
vn -0.5577 0.4630 -0.6889
vn -0.6061 0.4094 -0.6820
vn -0.6511 0.3485 -0.6742
vn -0.6458 0.3316 -0.6877
vn 0.2696 0.6284 -0.7297
vn 0.4612 0.5047 -0.7298
vn 0.4067 0.5518 -0.7281
vn 0.3383 0.5950 -0.7291
vn 0.3271 0.5878 -0.7399
vn 0.4662 -0.1184 -0.8767
vn -0.7310 0.2648 -0.6288
vn -0.6684 0.3418 -0.6606
vn -0.7043 0.2686 -0.6571
vn -0.7320 0.1867 -0.6552
vn 0.6070 0.3649 -0.7060
vn 0.5728 0.4239 -0.7016
vn 0.5134 0.4954 -0.7007
vn 0.4965 0.4972 -0.7115
vn 0.4489 0.5550 -0.7004
vn 0.4677 -0.0323 -0.8833
vn -0.7607 0.1158 -0.6386
vn -0.7409 0.1617 -0.6519
vn -0.7532 0.0708 -0.6540
vn -0.7535 -0.0236 -0.6570
vn 0.6958 0.1307 -0.7062
vn 0.6954 0.2092 -0.6875
vn 0.6598 0.3083 -0.6853
vn 0.6122 0.3982 -0.6831
vn 0.4677 0.0203 -0.8837
vn -0.7998 -0.0230 -0.5998
vn -0.7213 -0.1716 -0.6710
vn -0.6891 -0.2591 -0.6768
vn -0.6478 -0.3393 -0.6820
vn -0.7326 -0.1978 -0.6513
vn 0.6656 -0.2157 -0.7144
vn 0.6979 -0.1693 -0.6958
vn 0.7183 -0.0703 -0.6922
vn 0.7255 0.0340 -0.6873
vn 0.7072 0.1411 -0.6928
vn 0.4677 0.0729 -0.8809
vn -0.6155 -0.3498 -0.7063
vn -0.5652 -0.4162 -0.7123
vn -0.5106 -0.4733 -0.7178
vn -0.6362 -0.3199 -0.7021
vn 0.5498 -0.3738 -0.7470
vn 0.5958 -0.3615 -0.7172
vn 0.6420 -0.2884 -0.7104
vn 0.6369 -0.2750 -0.7202
vn 0.6824 -0.2060 -0.7014
vn 0.4662 0.1586 -0.8703
vn -0.4776 -0.4584 -0.7495
vn -0.4185 -0.5016 -0.7572
vn -0.4052 -0.5004 -0.7651
vn -0.3583 -0.5376 -0.7633
vn -0.5154 -0.3917 -0.7622
vn 0.4072 -0.4603 -0.7888
vn 0.4583 -0.4761 -0.7505
vn 0.5146 -0.4276 -0.7432
vn 0.5089 -0.4167 -0.7533
vn 0.5698 -0.3718 -0.7329
vn 0.4620 0.2516 -0.8504
vn -0.1349 -0.5682 -0.8118
vn -0.3026 -0.4492 -0.8406
vn -0.3253 -0.5093 -0.7968
vn -0.2620 -0.5350 -0.8032
vn -0.2528 -0.5256 -0.8123
vn -0.1983 -0.5548 -0.8080
vn 0.1800 -0.5025 -0.8456
vn 0.2413 -0.5534 -0.7972
vn 0.3031 -0.5304 -0.7917
vn 0.3648 -0.5011 -0.7847
vn 0.3590 -0.4875 -0.7959
vn 0.4267 -0.4670 -0.7745
vn 0.4542 0.3506 -0.8190
vn -0.0823 -0.5354 -0.8406
vn -0.0135 -0.5401 -0.8415
vn 0.0556 -0.5390 -0.8404
vn 0.1247 -0.5321 -0.8374
vn 0.1937 -0.5193 -0.8324
vn 0.4420 0.4516 -0.7750
vn 0.4254 0.5519 -0.7172
vn 0.4420 0.4155 0.7950
vn 0.4254 0.5183 0.7419
vn -0.2271 -0.5673 0.7915
vn -0.0208 -0.5891 0.8078
vn -0.1066 -0.6023 0.7912
vn -0.1775 -0.5929 0.7855
vn -0.2468 -0.5774 0.7783
vn 0.4541 0.3126 0.8343
vn -0.3017 -0.5968 0.7435
vn -0.3628 -0.5716 0.7360
vn -0.4224 -0.5406 0.7276
vn -0.4802 -0.5031 0.7185
vn -0.4748 -0.4853 0.7342
vn -0.5355 -0.4576 0.7098
vn -0.5124 -0.4804 0.7118
vn 0.2982 -0.5749 0.7619
vn 0.2291 -0.6090 0.7593
vn 0.1581 -0.6305 0.7599
vn 0.1515 -0.6162 0.7729
vn 0.0886 -0.6451 0.7590
vn 0.0203 -0.6528 0.7573
vn -0.0464 -0.6547 0.7544
vn 0.4620 0.2122 0.8611
vn -0.5613 -0.4678 0.6828
vn -0.6103 -0.4143 0.6752
vn -0.6052 -0.3973 0.6899
vn -0.6549 -0.3513 0.6691
vn -0.6375 -0.3980 0.6596
vn 0.4650 -0.5091 0.7243
vn 0.4100 -0.5555 0.7234
vn 0.3410 -0.5992 0.7244
vn 0.3291 -0.5916 0.7360
vn 0.2719 -0.6330 0.7248
vn 0.4662 0.1184 0.8767
vn -0.7355 -0.2675 0.6225
vn -0.6735 -0.3459 0.6532
vn -0.7103 -0.2727 0.6489
vn -0.7055 -0.2543 0.6615
vn -0.7389 -0.1907 0.6463
vn 0.6123 -0.3680 0.6998
vn 0.5777 -0.4267 0.6958
vn 0.5172 -0.4988 0.6955
vn 0.5001 -0.5006 0.7066
vn 0.4525 -0.5590 0.6949
vn 0.4677 0.0323 0.8833
vn -0.7473 -0.1642 0.6439
vn -0.7601 -0.0726 0.6457
vn -0.7606 0.0228 0.6489
vn -0.7662 -0.1168 0.6319
vn 0.7018 -0.1317 0.7001
vn 0.7018 -0.2102 0.6807
vn 0.6656 -0.3101 0.6788
vn 0.6173 -0.4009 0.6769
vn 0.4677 -0.0203 0.8837
vn -0.7381 0.1993 0.6446
vn -0.8057 0.0224 0.5919
vn -0.7282 0.1725 0.6633
vn -0.6956 0.2608 0.6695
vn -0.6539 0.3418 0.6750
vn 0.7134 -0.1414 0.6863
vn 0.6707 0.2173 0.7092
vn 0.7040 0.1724 0.6889
vn 0.7250 0.0725 0.6849
vn 0.7324 -0.0330 0.6801
vn 0.4677 -0.0728 0.8809
vn -0.6411 0.3230 0.6962
vn -0.6214 0.3525 0.6997
vn -0.5700 0.4190 0.7068
vn -0.5155 0.4771 0.7118
vn 0.5538 0.3764 0.7427
vn 0.6004 0.3663 0.7109
vn 0.6474 0.2929 0.7036
vn 0.6420 0.2779 0.7146
vn 0.6879 0.2093 0.6950
vn 0.4662 -0.1586 0.8703
vn -0.5191 0.3958 0.7576
vn -0.4825 0.4624 0.7439
vn -0.4227 0.5058 0.7520
vn -0.4093 0.5048 0.7600
vn -0.3622 0.5425 0.7579
vn 0.4102 0.4632 0.7856
vn 0.4613 0.4815 0.7452
vn 0.5184 0.4331 0.7374
vn 0.5127 0.4204 0.7486
vn 0.5739 0.3763 0.7273
vn 0.4620 -0.2516 0.8504
vn -0.2392 0.4683 0.8506
vn -0.3289 0.5143 0.7920
vn -0.2650 0.5401 0.7988
vn -0.2559 0.5312 0.8077
vn -0.2008 0.5603 0.8036
vn -0.1368 0.5738 0.8075
vn -0.0731 0.5822 0.8097
vn 0.1131 0.5195 0.8470
vn 0.1800 0.5762 0.7972
vn 0.2424 0.5592 0.7928
vn 0.3048 0.5363 0.7871
vn 0.3670 0.5066 0.7802
vn 0.3615 0.4913 0.7924
vn 0.4295 0.4723 0.7697
vn 0.4541 -0.3506 0.8190
vn -0.0148 0.5459 0.8377
vn 0.0549 0.5448 0.8368
vn 0.1247 0.5379 0.8337
vn 0.4420 -0.4516 0.7750
vn 0.4254 -0.5519 0.7172
vn -0.4571 -0.4639 -0.7588
vn -0.4990 -0.3313 -0.8008
vn -0.4897 -0.3993 -0.7751
vn -0.4823 -0.4887 -0.7271
vn -0.4697 -0.5855 -0.6607
vn -0.4996 -0.2467 -0.8304
vn -0.4885 -0.3146 -0.8139
vn -0.4998 -0.1640 -0.8505
vn -0.4881 -0.2303 -0.8419
vn -0.4996 -0.0851 -0.8621
vn -0.4874 -0.1489 -0.8604
vn -0.4976 -0.0115 -0.8673
vn -0.4864 -0.0723 -0.8707
vn -0.4861 -0.0178 -0.8737
vn 0.6542 0.0774 -0.7523
vn -0.5281 -0.0069 -0.8491
vn -0.4958 0.1465 -0.8560
vn -0.4831 0.0983 -0.8700
vn -0.5265 0.0771 -0.8466
vn -0.5246 0.0428 -0.8502
vn -0.4841 0.1507 -0.8620
vn -0.4926 0.2199 -0.8420
vn -0.4841 0.2262 -0.8453
vn -0.4914 0.2978 -0.8184
vn -0.4845 0.3059 -0.8196
vn -0.4908 0.3778 -0.7851
vn -0.4850 0.3876 -0.7839
vn -0.4907 0.4577 -0.7415
vn -0.4824 0.4643 -0.7428
vn -0.4565 0.5039 -0.7333
vn -0.4658 0.6144 -0.6368
vn -0.4794 0.5431 -0.6894
vn -0.4897 0.3994 0.7750
vn -0.4571 0.4639 0.7588
vn -0.4990 0.3314 0.8008
vn -0.4823 0.4887 0.7270
vn -0.4697 0.5855 0.6607
vn -0.4885 0.3146 0.8139
vn -0.4996 0.2467 0.8304
vn -0.4881 0.2303 0.8419
vn -0.4998 0.1640 0.8505
vn -0.4874 0.1489 0.8604
vn -0.4996 0.0851 0.8621
vn -0.4864 0.0724 0.8707
vn -0.4977 0.0115 0.8673
vn -0.4861 0.0178 0.8737
vn -0.5397 -0.0517 0.8403
vn -0.5277 0.0002 0.8494
vn -0.4958 -0.1465 0.8560
vn -0.4831 -0.0983 0.8700
vn -0.5267 -0.0770 0.8465
vn -0.5269 -0.0494 0.8485
vn -0.4926 -0.2200 0.8420
vn -0.4841 -0.1507 0.8620
vn -0.4914 -0.2978 0.8184
vn -0.4841 -0.2262 0.8453
vn -0.4908 -0.3778 0.7851
vn -0.4845 -0.3059 0.8196
vn -0.4907 -0.4576 0.7415
vn -0.4850 -0.3875 0.7839
vn -0.4565 -0.5039 0.7333
vn -0.4824 -0.4643 0.7428
vn -0.4658 -0.6144 0.6368
vn -0.4794 -0.5431 0.6894
vn -0.4771 -0.8784 0.0283
vn -0.4720 -0.8754 0.1038
vn -0.5260 -0.8488 -0.0532
vn -0.5199 -0.8542 0.0102
vn -0.4532 -0.8834 -0.1193
vn -0.4753 -0.8757 -0.0848
vn -0.5190 -0.8523 -0.0655
vn -0.4529 -0.8700 -0.1948
vn -0.4763 -0.8683 -0.1386
vn -0.4525 -0.8482 -0.2752
vn -0.4768 -0.8522 -0.2152
vn -0.4522 -0.8166 -0.3586
vn -0.4772 -0.8274 -0.2960
vn -0.4521 -0.7744 -0.4426
vn -0.4775 -0.7927 -0.3789
vn -0.4519 -0.7213 -0.5249
vn -0.4777 -0.7474 -0.4617
vn -0.4519 -0.6577 -0.6027
vn -0.4778 -0.6914 -0.5420
vn -0.4249 -0.6018 -0.6762
vn -0.4796 -0.6263 -0.6146
vn -0.4323 0.6636 -0.6105
vn -0.4562 0.7176 -0.5262
vn -0.4833 0.6682 -0.5656
vn -0.4571 0.7713 -0.4429
vn -0.4793 0.7262 -0.4928
vn -0.4578 0.8142 -0.3571
vn -0.4795 0.7761 -0.4095
vn -0.4582 0.8465 -0.2712
vn -0.4794 0.8153 -0.3247
vn -0.4582 0.8689 -0.1873
vn -0.4791 0.8442 -0.2405
vn -0.4580 0.8825 -0.1073
vn -0.4786 0.8635 -0.1591
vn -0.4578 0.8884 -0.0325
vn -0.4779 0.8745 -0.0822
vn -0.4770 0.8785 -0.0285
vn -0.5088 0.8602 0.0336
vn -0.5198 0.8542 -0.0105
vn -0.5189 0.8523 0.0652
vn -0.4532 0.8834 0.1193
vn -0.4754 0.8757 0.0847
vn -0.4763 0.8683 0.1386
vn -0.4529 0.8700 0.1948
vn -0.4768 0.8523 0.2152
vn -0.4525 0.8482 0.2752
vn -0.4772 0.8274 0.2960
vn -0.4522 0.8166 0.3586
vn -0.4775 0.7927 0.3790
vn -0.4521 0.7744 0.4426
vn -0.4777 0.7474 0.4617
vn -0.4519 0.7213 0.5249
vn -0.4778 0.6914 0.5420
vn -0.4519 0.6577 0.6027
vn -0.4797 0.6263 0.6146
vn -0.4249 0.6018 0.6762
vn -0.4323 -0.6636 0.6105
vn -0.4562 -0.7176 0.5262
vn -0.4833 -0.6682 0.5656
vn -0.4793 -0.7263 0.4928
vn -0.4571 -0.7713 0.4429
vn -0.4795 -0.7761 0.4095
vn -0.4578 -0.8142 0.3571
vn -0.4794 -0.8153 0.3247
vn -0.4581 -0.8465 0.2712
vn -0.4791 -0.8442 0.2405
vn -0.4581 -0.8689 0.1873
vn -0.4786 -0.8635 0.1591
vn -0.4580 -0.8825 0.1073
vn -0.4779 -0.8745 0.0822
vn -0.8273 -0.5577 -0.0679
vn -0.8273 -0.5616 -0.0129
vn -0.8273 -0.0422 -0.5602
vn -0.8274 0.0129 -0.5615
vn -0.8273 0.0679 -0.5577
vn -0.8273 0.5602 -0.0422
vn -0.8273 0.5616 0.0129
vn -0.8273 0.5576 0.0679
vn -0.8272 0.0422 0.5604
vn -0.8273 -0.0129 0.5616
vn -0.8274 -0.0679 0.5575
vn -0.8273 -0.5602 0.0422
vn -0.7689 -0.6346 -0.0773
vn -0.7689 -0.6392 -0.0147
vn -0.7689 -0.6240 -0.1391
vn -0.7689 -0.6074 -0.1996
vn -0.7689 -0.5849 -0.2582
vn -0.7689 -0.5568 -0.3143
vn -0.7689 -0.5233 -0.3673
vn -0.7689 -0.4847 -0.4168
vn -0.7689 -0.4416 -0.4624
vn -0.7689 -0.3941 -0.5034
vn -0.7689 -0.3429 -0.5397
vn -0.7689 -0.2884 -0.5707
vn -0.7690 -0.2310 -0.5961
vn -0.7689 -0.1715 -0.6160
vn -0.7689 -0.1103 -0.6297
vn -0.7689 -0.0480 -0.6375
vn -0.7689 0.0147 -0.6391
vn -0.7689 0.0773 -0.6347
vn -0.7689 0.1391 -0.6240
vn -0.7689 0.1996 -0.6074
vn -0.7690 0.2582 -0.5849
vn -0.7689 0.3143 -0.5568
vn -0.7689 0.3673 -0.5233
vn -0.7689 0.4168 -0.4847
vn -0.7689 0.4624 -0.4416
vn -0.7690 0.5034 -0.3941
vn -0.7689 0.5396 -0.3429
vn -0.7690 0.5706 -0.2883
vn -0.7689 0.5961 -0.2310
vn -0.7689 0.6159 -0.1715
vn -0.7689 0.6298 -0.1103
vn -0.7689 0.6375 -0.0480
vn -0.7689 0.6392 0.0147
vn -0.7689 0.6346 0.0773
vn -0.7689 0.6241 0.1391
vn -0.7689 0.6074 0.1996
vn -0.7689 0.5849 0.2582
vn -0.7689 0.5568 0.3143
vn -0.7689 0.5233 0.3673
vn -0.7689 0.4847 0.4168
vn -0.7689 0.4416 0.4624
vn -0.7689 0.3941 0.5034
vn -0.7689 0.3429 0.5396
vn -0.7689 0.2883 0.5706
vn -0.7690 0.2310 0.5961
vn -0.7689 0.1715 0.6159
vn -0.7689 0.1103 0.6297
vn -0.7689 0.0480 0.6376
vn -0.7689 -0.0147 0.6392
vn -0.7689 -0.0773 0.6347
vn -0.7689 -0.1391 0.6241
vn -0.7689 -0.1996 0.6074
vn -0.7689 -0.2582 0.5849
vn -0.7689 -0.3143 0.5567
vn -0.7689 -0.3673 0.5233
vn -0.7689 -0.4168 0.4847
vn -0.7689 -0.4623 0.4415
vn -0.7689 -0.5035 0.3941
vn -0.7689 -0.5396 0.3429
vn -0.7689 -0.5707 0.2884
vn -0.7689 -0.5962 0.2310
vn -0.7689 -0.6159 0.1715
vn -0.7689 -0.6298 0.1103
vn -0.7690 -0.6375 0.0480
vn -0.7032 -0.7058 -0.0859
vn -0.7032 -0.7108 -0.0164
vn -0.7032 -0.6939 -0.1547
vn -0.7032 -0.6755 -0.2220
vn -0.7032 -0.6504 -0.2871
vn -0.7032 -0.6192 -0.3495
vn -0.7032 -0.5819 -0.4085
vn -0.7032 -0.5391 -0.4636
vn -0.7032 -0.4911 -0.5142
vn -0.7032 -0.4383 -0.5599
vn -0.7032 -0.3813 -0.6001
vn -0.7032 -0.3206 -0.6346
vn -0.7031 -0.2569 -0.6630
vn -0.7032 -0.1907 -0.6849
vn -0.7032 -0.1226 -0.7003
vn -0.7032 -0.0534 -0.7090
vn -0.7031 0.0164 -0.7109
vn -0.7032 0.0859 -0.7058
vn -0.7032 0.1547 -0.6939
vn -0.7032 0.2220 -0.6754
vn -0.7032 0.2871 -0.6504
vn -0.7033 0.3495 -0.6191
vn -0.7032 0.4085 -0.5819
vn -0.7032 0.4636 -0.5391
vn -0.7032 0.5142 -0.4910
vn -0.7032 0.5598 -0.4383
vn -0.7032 0.6001 -0.3813
vn -0.7032 0.6346 -0.3207
vn -0.7032 0.6629 -0.2569
vn -0.7032 0.6849 -0.1907
vn -0.7032 0.7003 -0.1226
vn -0.7032 0.7090 -0.0534
vn -0.7032 0.7108 0.0164
vn -0.7032 0.7057 0.0859
vn -0.7032 0.6939 0.1547
vn -0.7032 0.6754 0.2220
vn -0.7032 0.6505 0.2871
vn -0.7031 0.6192 0.3495
vn -0.7032 0.5819 0.4085
vn -0.7032 0.5391 0.4636
vn -0.7032 0.4910 0.5141
vn -0.7033 0.4382 0.5598
vn -0.7032 0.3813 0.6001
vn -0.7032 0.3206 0.6346
vn -0.7032 0.2569 0.6629
vn -0.7031 0.1907 0.6850
vn -0.7032 0.1226 0.7004
vn -0.7032 0.0534 0.7090
vn -0.7033 -0.0163 0.7107
vn -0.7032 -0.0859 0.7058
vn -0.7032 -0.1547 0.6940
vn -0.7032 -0.2220 0.6755
vn -0.7032 -0.2871 0.6505
vn -0.7032 -0.3495 0.6192
vn -0.7033 -0.4085 0.5819
vn -0.7032 -0.4636 0.5391
vn -0.7032 -0.5142 0.4911
vn -0.7032 -0.5598 0.4383
vn -0.7032 -0.6001 0.3813
vn -0.7031 -0.6346 0.3207
vn -0.7032 -0.6629 0.2569
vn -0.7032 -0.6849 0.1907
vn -0.7032 -0.7003 0.1226
vn -0.7032 -0.7090 0.0534
vn -0.6307 -0.7703 -0.0938
vn -0.6307 -0.7758 -0.0178
vn -0.6308 -0.7574 -0.1688
vn -0.6309 -0.7371 -0.2422
vn -0.6308 -0.7099 -0.3134
vn -0.6307 -0.6758 -0.3815
vn -0.6308 -0.6351 -0.4458
vn -0.6307 -0.5884 -0.5060
vn -0.6308 -0.5359 -0.5612
vn -0.6308 -0.4784 -0.6110
vn -0.6308 -0.4162 -0.6549
vn -0.6309 -0.3499 -0.6925
vn -0.6308 -0.2804 -0.7236
vn -0.6308 -0.2081 -0.7475
vn -0.6308 -0.1338 -0.7644
vn -0.6308 -0.0583 -0.7738
vn -0.6308 0.0178 -0.7758
vn -0.6308 0.0938 -0.7703
vn -0.6308 0.1688 -0.7574
vn -0.6307 0.2423 -0.7373
vn -0.6308 0.3134 -0.7099
vn -0.6308 0.3814 -0.6758
vn -0.6308 0.4458 -0.6351
vn -0.6307 0.5060 -0.5884
vn -0.6307 0.5612 -0.5360
vn -0.6309 0.6109 -0.4783
vn -0.6307 0.6550 -0.4162
vn -0.6308 0.6926 -0.3500
vn -0.6308 0.7235 -0.2804
vn -0.6307 0.7476 -0.2081
vn -0.6308 0.7643 -0.1338
vn -0.6308 0.7738 -0.0583
vn -0.6307 0.7758 0.0178
vn -0.6307 0.7704 0.0938
vn -0.6309 0.7573 0.1688
vn -0.6308 0.7372 0.2423
vn -0.6308 0.7099 0.3134
vn -0.6308 0.6757 0.3814
vn -0.6307 0.6351 0.4459
vn -0.6308 0.5884 0.5059
vn -0.6308 0.5359 0.5612
vn -0.6308 0.4784 0.6110
vn -0.6307 0.4162 0.6550
vn -0.6308 0.3500 0.6926
vn -0.6308 0.2804 0.7236
vn -0.6306 0.2081 0.7476
vn -0.6308 0.1338 0.7643
vn -0.6307 0.0583 0.7738
vn -0.6308 -0.0178 0.7757
vn -0.6307 -0.0938 0.7704
vn -0.6308 -0.1688 0.7574
vn -0.6308 -0.2423 0.7372
vn -0.6308 -0.3134 0.7099
vn -0.6308 -0.3814 0.6758
vn -0.6308 -0.4458 0.6351
vn -0.6307 -0.5060 0.5884
vn -0.6307 -0.5612 0.5360
vn -0.6307 -0.6110 0.4784
vn -0.6308 -0.6549 0.4162
vn -0.6307 -0.6926 0.3500
vn -0.6307 -0.7236 0.2804
vn -0.6308 -0.7476 0.2081
vn -0.6307 -0.7644 0.1339
vn -0.6308 -0.7738 0.0583
vn -0.5522 -0.8276 -0.1008
vn -0.5522 -0.8335 -0.0192
vn -0.5523 -0.8137 -0.1814
vn -0.5523 -0.7920 -0.2603
vn -0.5522 -0.7627 -0.3367
vn -0.5523 -0.7260 -0.4098
vn -0.5524 -0.6823 -0.4789
vn -0.5525 -0.6320 -0.5435
vn -0.5523 -0.5757 -0.6029
vn -0.5523 -0.5139 -0.6564
vn -0.5523 -0.4471 -0.7036
vn -0.5523 -0.3760 -0.7441
vn -0.5522 -0.3012 -0.7774
vn -0.5523 -0.2236 -0.8031
vn -0.5523 -0.1438 -0.8211
vn -0.5523 -0.0626 -0.8313
vn -0.5522 0.0192 -0.8335
vn -0.5523 0.1008 -0.8275
vn -0.5523 0.1814 -0.8137
vn -0.5523 0.2603 -0.7920
vn -0.5522 0.3367 -0.7627
vn -0.5523 0.4098 -0.7260
vn -0.5523 0.4790 -0.6823
vn -0.5523 0.5436 -0.6321
vn -0.5522 0.6029 -0.5758
vn -0.5522 0.6565 -0.5139
vn -0.5524 0.7036 -0.4470
vn -0.5522 0.7441 -0.3760
vn -0.5522 0.7774 -0.3012
vn -0.5523 0.8031 -0.2236
vn -0.5523 0.8212 -0.1438
vn -0.5522 0.8313 -0.0626
vn -0.5522 0.8335 0.0192
vn -0.5522 0.8276 0.1008
vn -0.5523 0.8137 0.1814
vn -0.5523 0.7920 0.2603
vn -0.5523 0.7626 0.3366
vn -0.5523 0.7260 0.4098
vn -0.5524 0.6823 0.4789
vn -0.5523 0.6321 0.5436
vn -0.5523 0.5757 0.6029
vn -0.5522 0.5139 0.6564
vn -0.5523 0.4471 0.7036
vn -0.5523 0.3760 0.7441
vn -0.5523 0.3012 0.7773
vn -0.5523 0.2236 0.8031
vn -0.5524 0.1438 0.8211
vn -0.5523 0.0626 0.8313
vn -0.5523 -0.0192 0.8334
vn -0.5523 -0.1008 0.8276
vn -0.5523 -0.1814 0.8136
vn -0.5522 -0.2603 0.7920
vn -0.5523 -0.3367 0.7627
vn -0.5523 -0.4098 0.7260
vn -0.5523 -0.4790 0.6823
vn -0.5522 -0.5436 0.6321
vn -0.5523 -0.6029 0.5758
vn -0.5523 -0.6564 0.5139
vn -0.5523 -0.7036 0.4471
vn -0.5523 -0.7440 0.3760
vn -0.5522 -0.7774 0.3012
vn -0.5523 -0.8031 0.2236
vn -0.5522 -0.8212 0.1438
vn -0.5522 -0.8314 0.0626
vn -0.4686 -0.8769 -0.1068
vn -0.4686 -0.8832 -0.0203
vn -0.4686 -0.8622 -0.1922
vn -0.4684 -0.8393 -0.2758
vn -0.4685 -0.8082 -0.3568
vn -0.4686 -0.7693 -0.4342
vn -0.4687 -0.7230 -0.5075
vn -0.4684 -0.6699 -0.5760
vn -0.4684 -0.6102 -0.6389
vn -0.4686 -0.5446 -0.6956
vn -0.4685 -0.4738 -0.7457
vn -0.4686 -0.3984 -0.7885
vn -0.4686 -0.3192 -0.8237
vn -0.4684 -0.2370 -0.8511
vn -0.4685 -0.1524 -0.8702
vn -0.4685 -0.0664 -0.8810
vn -0.4686 0.0203 -0.8832
vn -0.4685 0.1068 -0.8770
vn -0.4686 0.1922 -0.8622
vn -0.4686 0.2758 -0.8393
vn -0.4685 0.3568 -0.8082
vn -0.4685 0.4343 -0.7694
vn -0.4685 0.5076 -0.7231
vn -0.4686 0.5760 -0.6698
vn -0.4684 0.6389 -0.6102
vn -0.4684 0.6957 -0.5446
vn -0.4687 0.7456 -0.4737
vn -0.4690 0.7883 -0.3983
vn -0.4686 0.8237 -0.3192
vn -0.4684 0.8511 -0.2370
vn -0.4685 0.8702 -0.1524
vn -0.4685 0.8810 -0.0664
vn -0.4686 0.8832 0.0203
vn -0.4686 0.8769 0.1068
vn -0.4686 0.8622 0.1922
vn -0.4686 0.8393 0.2758
vn -0.4686 0.8082 0.3567
vn -0.4686 0.7693 0.4342
vn -0.4686 0.7230 0.5076
vn -0.4686 0.6698 0.5760
vn -0.4686 0.6101 0.6389
vn -0.4686 0.5446 0.6956
vn -0.4687 0.4737 0.7456
vn -0.4686 0.3984 0.7885
vn -0.4686 0.3192 0.8237
vn -0.4684 0.2370 0.8511
vn -0.4685 0.1524 0.8702
vn -0.4684 0.0664 0.8810
vn -0.4684 -0.0203 0.8833
vn -0.4684 -0.1068 0.8770
vn -0.4685 -0.1922 0.8623
vn -0.4686 -0.2758 0.8393
vn -0.4685 -0.3568 0.8082
vn -0.4686 -0.4342 0.7693
vn -0.4686 -0.5076 0.7230
vn -0.4686 -0.5760 0.6698
vn -0.4686 -0.6389 0.6101
vn -0.4685 -0.6956 0.5446
vn -0.4686 -0.7456 0.4738
vn -0.4684 -0.7886 0.3985
vn -0.4685 -0.8238 0.3192
vn -0.4686 -0.8510 0.2369
vn -0.4685 -0.8702 0.1524
vn -0.4684 -0.8810 0.0664
vn -0.3801 -0.9181 -0.1118
vn -0.3807 -0.9245 -0.0213
vn -0.3801 -0.9028 -0.2013
vn -0.3802 -0.8787 -0.2888
vn -0.3807 -0.8459 -0.3734
vn -0.3804 -0.8054 -0.4546
vn -0.3804 -0.7570 -0.5314
vn -0.3802 -0.7013 -0.6030
vn -0.3804 -0.6387 -0.6688
vn -0.3802 -0.5701 -0.7283
vn -0.3807 -0.4959 -0.7805
vn -0.3802 -0.4171 -0.8255
vn -0.3804 -0.3342 -0.8623
vn -0.3802 -0.2481 -0.8910
vn -0.3804 -0.1595 -0.9110
vn -0.3804 -0.0695 -0.9222
vn -0.3802 0.0213 -0.9246
vn -0.3807 0.1118 -0.9179
vn -0.3802 0.2013 -0.9027
vn -0.3802 0.2888 -0.8787
vn -0.3804 0.3735 -0.8461
vn -0.3802 0.4546 -0.8054
vn -0.3807 0.5313 -0.7568
vn -0.3802 0.6030 -0.7013
vn -0.3807 0.6687 -0.6387
vn -0.3807 0.7281 -0.5700
vn -0.3802 0.7806 -0.4960
vn -0.3802 0.8255 -0.4171
vn -0.3807 0.8622 -0.3341
vn -0.3802 0.8910 -0.2481
vn -0.3804 0.9110 -0.1595
vn -0.3802 0.9223 -0.0695
vn -0.3802 0.9246 0.0213
vn -0.3804 0.9181 0.1118
vn -0.3802 0.9027 0.2013
vn -0.3802 0.8787 0.2888
vn -0.3801 0.8462 0.3735
vn -0.3802 0.8054 0.4546
vn -0.3804 0.7570 0.5314
vn -0.3804 0.7012 0.6030
vn -0.3802 0.6388 0.6689
vn -0.3802 0.5701 0.7283
vn -0.3804 0.4960 0.7806
vn -0.3804 0.4171 0.8254
vn -0.3807 0.3341 0.8622
vn -0.3802 0.2481 0.8910
vn -0.3804 0.1595 0.9110
vn -0.3802 0.0695 0.9223
vn -0.3802 -0.0213 0.9246
vn -0.3802 -0.1118 0.9181
vn -0.3802 -0.2013 0.9027
vn -0.3802 -0.2888 0.8787
vn -0.3804 -0.3735 0.8461
vn -0.3801 -0.4547 0.8055
vn -0.3804 -0.5314 0.7569
vn -0.3804 -0.6030 0.7012
vn -0.3804 -0.6688 0.6387
vn -0.3802 -0.7283 0.5701
vn -0.3807 -0.7805 0.4959
vn -0.3804 -0.8254 0.4171
vn -0.3807 -0.8622 0.3341
vn -0.3802 -0.8910 0.2481
vn -0.3807 -0.9108 0.1595
vn -0.3804 -0.9222 0.0695
vn -0.2884 -0.9505 -0.1157
vn -0.2887 -0.9572 -0.0220
vn -0.2884 -0.9346 -0.2083
vn -0.2887 -0.9096 -0.2989
vn -0.2884 -0.8760 -0.3867
vn -0.2883 -0.8339 -0.4707
vn -0.2883 -0.7837 -0.5502
vn -0.2884 -0.7260 -0.6243
vn -0.2884 -0.6613 -0.6925
vn -0.2881 -0.5903 -0.7540
vn -0.2883 -0.5135 -0.8082
vn -0.2883 -0.4318 -0.8546
vn -0.2883 -0.3460 -0.8929
vn -0.2887 -0.2568 -0.9223
vn -0.2887 -0.1651 -0.9431
vn -0.2883 -0.0719 -0.9548
vn -0.2887 0.0220 -0.9572
vn -0.2883 0.1157 -0.9505
vn -0.2887 0.2083 -0.9345
vn -0.2887 0.2989 -0.9095
vn -0.2883 0.3867 -0.8760
vn -0.2883 0.4707 -0.8339
vn -0.2887 0.5501 -0.7836
vn -0.2887 0.6242 -0.7259
vn -0.2883 0.6925 -0.6613
vn -0.2883 0.7540 -0.5903
vn -0.2887 0.8081 -0.5135
vn -0.2883 0.8546 -0.4318
vn -0.2887 0.8927 -0.3459
vn -0.2884 0.9224 -0.2568
vn -0.2884 0.9432 -0.1652
vn -0.2884 0.9548 -0.0719
vn -0.2887 0.9572 0.0220
vn -0.2884 0.9505 0.1157
vn -0.2887 0.9345 0.2083
vn -0.2887 0.9095 0.2989
vn -0.2884 0.8760 0.3867
vn -0.2883 0.8339 0.4707
vn -0.2883 0.7837 0.5502
vn -0.2884 0.7260 0.6243
vn -0.2887 0.6612 0.6924
vn -0.2887 0.5902 0.7539
vn -0.2887 0.5135 0.8081
vn -0.2887 0.4318 0.8545
vn -0.2887 0.3459 0.8927
vn -0.2883 0.2568 0.9225
vn -0.2883 0.1652 0.9432
vn -0.2884 0.0719 0.9548
vn -0.2887 -0.0220 0.9572
vn -0.2884 -0.1157 0.9505
vn -0.2887 -0.2083 0.9345
vn -0.2887 -0.2989 0.9095
vn -0.2887 -0.3866 0.8759
vn -0.2887 -0.4706 0.8338
vn -0.2884 -0.5501 0.7837
vn -0.2883 -0.6243 0.7260
vn -0.2887 -0.6924 0.6612
vn -0.2883 -0.7540 0.5903
vn -0.2883 -0.8082 0.5135
vn -0.2887 -0.8545 0.4318
vn -0.2887 -0.8927 0.3459
vn -0.2883 -0.9225 0.2568
vn -0.2887 -0.9431 0.1651
vn -0.2884 -0.9548 0.0719
vn -0.1940 -0.9738 -0.1186
vn -0.1940 -0.9807 -0.0226
vn -0.1940 -0.9575 -0.2135
vn -0.1940 -0.9320 -0.3063
vn -0.1940 -0.8974 -0.3962
vn -0.1940 -0.8543 -0.4822
vn -0.1940 -0.8029 -0.5636
vn -0.1940 -0.7438 -0.6396
vn -0.1940 -0.6775 -0.7094
vn -0.1935 -0.6048 -0.7725
vn -0.1940 -0.5261 -0.8280
vn -0.1937 -0.4424 -0.8756
vn -0.1940 -0.3545 -0.9147
vn -0.1940 -0.2631 -0.9451
vn -0.1940 -0.1692 -0.9663
vn -0.1940 -0.0737 -0.9782
vn -0.1940 0.0226 -0.9807
vn -0.1940 0.1186 -0.9738
vn -0.1937 0.2135 -0.9576
vn -0.1935 0.3063 -0.9320
vn -0.1940 0.3962 -0.8975
vn -0.1940 0.4822 -0.8543
vn -0.1940 0.5636 -0.8029
vn -0.1940 0.6396 -0.7438
vn -0.1935 0.7095 -0.6776
vn -0.1940 0.7724 -0.6047
vn -0.1935 0.8281 -0.5262
vn -0.1940 0.8756 -0.4424
vn -0.1940 0.9147 -0.3545
vn -0.1940 0.9451 -0.2631
vn -0.1937 0.9664 -0.1692
vn -0.1940 0.9782 -0.0737
vn -0.1937 0.9808 0.0226
vn -0.1937 0.9739 0.1186
vn -0.1940 0.9575 0.2135
vn -0.1940 0.9320 0.3063
vn -0.1937 0.8975 0.3962
vn -0.1940 0.8543 0.4822
vn -0.1940 0.8029 0.5636
vn -0.1940 0.7438 0.6396
vn -0.1940 0.6775 0.7094
vn -0.1940 0.6047 0.7724
vn -0.1940 0.5261 0.8280
vn -0.1935 0.4425 0.8757
vn -0.1940 0.3545 0.9147
vn -0.1940 0.2631 0.9451
vn -0.1940 0.1692 0.9663
vn -0.1937 0.0737 0.9783
vn -0.1937 -0.0226 0.9808
vn -0.1937 -0.1186 0.9739
vn -0.1940 -0.2135 0.9575
vn -0.1935 -0.3063 0.9320
vn -0.1940 -0.3962 0.8974
vn -0.1940 -0.4822 0.8543
vn -0.1940 -0.5636 0.8029
vn -0.1940 -0.6396 0.7438
vn -0.1940 -0.7094 0.6775
vn -0.1935 -0.7725 0.6048
vn -0.1940 -0.8280 0.5261
vn -0.1937 -0.8756 0.4424
vn -0.1940 -0.9147 0.3545
vn -0.1940 -0.9451 0.2631
vn -0.1940 -0.9663 0.1692
vn -0.1937 -0.9783 0.0737
vn -0.0975 -0.9879 -0.1203
vn -0.0975 -0.9950 -0.0229
vn -0.0975 -0.9714 -0.2166
vn -0.0975 -0.9455 -0.3107
vn -0.0975 -0.9105 -0.4019
vn -0.0975 -0.8667 -0.4892
vn -0.0975 -0.8146 -0.5718
vn -0.0975 -0.7546 -0.6489
vn -0.0975 -0.6874 -0.7197
vn -0.0975 -0.6135 -0.7836
vn -0.0975 -0.5337 -0.8400
vn -0.0975 -0.4488 -0.8883
vn -0.0975 -0.3596 -0.9280
vn -0.0975 -0.2669 -0.9588
vn -0.0975 -0.1717 -0.9803
vn -0.0975 -0.0747 -0.9924
vn -0.0975 0.0229 -0.9950
vn -0.0975 0.1203 -0.9879
vn -0.0975 0.2166 -0.9714
vn -0.0975 0.3107 -0.9455
vn -0.0975 0.4019 -0.9105
vn -0.0975 0.4892 -0.8667
vn -0.0975 0.5718 -0.8146
vn -0.0975 0.6489 -0.7546
vn -0.0975 0.7197 -0.6874
vn -0.0975 0.7836 -0.6135
vn -0.0975 0.8400 -0.5337
vn -0.0975 0.8883 -0.4488
vn -0.0975 0.9280 -0.3596
vn -0.0975 0.9588 -0.2669
vn -0.0975 0.9803 -0.1717
vn -0.0975 0.9924 -0.0747
vn -0.0975 0.9950 0.0229
vn -0.0975 0.9879 0.1203
vn -0.0975 0.9714 0.2166
vn -0.0975 0.9455 0.3107
vn -0.0975 0.9105 0.4019
vn -0.0975 0.8667 0.4892
vn -0.0975 0.8146 0.5718
vn -0.0975 0.7546 0.6489
vn -0.0975 0.6874 0.7197
vn -0.0975 0.6135 0.7836
vn -0.0975 0.5337 0.8400
vn -0.0975 0.4488 0.8883
vn -0.0975 0.3596 0.9280
vn -0.0975 0.2669 0.9588
vn -0.0975 0.1717 0.9803
vn -0.0975 0.0747 0.9924
vn -0.0975 -0.0229 0.9950
vn -0.0975 -0.1203 0.9879
vn -0.0975 -0.2166 0.9714
vn -0.0975 -0.3107 0.9455
vn -0.0975 -0.4019 0.9105
vn -0.0975 -0.4892 0.8667
vn -0.0975 -0.5718 0.8146
vn -0.0975 -0.6489 0.7546
vn -0.0975 -0.7197 0.6874
vn -0.0975 -0.7836 0.6135
vn -0.0975 -0.8400 0.5337
vn -0.0975 -0.8883 0.4488
vn -0.0975 -0.9280 0.3596
vn -0.0975 -0.9588 0.2669
vn -0.0975 -0.9803 0.1717
vn -0.0975 -0.9924 0.0747
vn -0.0000 -0.9927 -0.1209
vn -0.0000 -0.9997 -0.0230
vn -0.0000 -0.9760 -0.2176
vn -0.0000 -0.9500 -0.3122
vn -0.0000 -0.9148 -0.4038
vn -0.0000 -0.8708 -0.4916
vn -0.0000 -0.8185 -0.5745
vn -0.0000 -0.7582 -0.6520
vn -0.0000 -0.6907 -0.7232
vn -0.0000 -0.6164 -0.7874
vn -0.0000 -0.5363 -0.8440
vn -0.0000 -0.4510 -0.8925
vn -0.0000 -0.3613 -0.9324
vn -0.0000 -0.2682 -0.9634
vn -0.0000 -0.1725 -0.9850
vn -0.0000 -0.0751 -0.9972
vn -0.0000 0.0230 -0.9997
vn -0.0000 0.1209 -0.9927
vn -0.0000 0.2176 -0.9760
vn -0.0000 0.3122 -0.9500
vn -0.0000 0.4038 -0.9148
vn -0.0000 0.4916 -0.8708
vn -0.0000 0.5745 -0.8185
vn -0.0000 0.6520 -0.7582
vn -0.0000 0.7232 -0.6907
vn -0.0000 0.7874 -0.6164
vn -0.0000 0.8440 -0.5363
vn -0.0000 0.8925 -0.4510
vn -0.0000 0.9324 -0.3613
vn -0.0000 0.9634 -0.2682
vn -0.0000 0.9850 -0.1725
vn -0.0000 0.9972 -0.0751
vn -0.0000 0.9997 0.0230
vn -0.0000 0.9927 0.1209
vn -0.0000 0.9760 0.2176
vn -0.0000 0.9500 0.3122
vn -0.0000 0.9148 0.4038
vn -0.0000 0.8708 0.4916
vn -0.0000 0.8185 0.5745
vn -0.0000 0.7582 0.6520
vn -0.0000 0.6907 0.7232
vn -0.0000 0.6164 0.7874
vn -0.0000 0.5363 0.8440
vn -0.0000 0.4510 0.8925
vn -0.0000 0.3613 0.9324
vn -0.0000 0.2682 0.9634
vn -0.0000 0.1725 0.9850
vn -0.0000 0.0751 0.9972
vn -0.0000 -0.0230 0.9997
vn -0.0000 -0.1209 0.9927
vn -0.0000 -0.2176 0.9760
vn -0.0000 -0.3122 0.9500
vn -0.0000 -0.4038 0.9148
vn -0.0000 -0.4916 0.8708
vn -0.0000 -0.5745 0.8185
vn -0.0000 -0.6520 0.7582
vn -0.0000 -0.7232 0.6907
vn -0.0000 -0.7874 0.6164
vn -0.0000 -0.8440 0.5363
vn -0.0000 -0.8925 0.4510
vn -0.0000 -0.9324 0.3613
vn -0.0000 -0.9634 0.2682
vn -0.0000 -0.9850 0.1725
vn -0.0000 -0.9972 0.0751
vn 0.0975 -0.9879 -0.1203
vn 0.0975 -0.9950 -0.0229
vn 0.0975 -0.9714 -0.2166
vn 0.0975 -0.9455 -0.3107
vn 0.0975 -0.9105 -0.4019
vn 0.0975 -0.8667 -0.4892
vn 0.0975 -0.8146 -0.5718
vn 0.0975 -0.7546 -0.6489
vn 0.0975 -0.6874 -0.7197
vn 0.0975 -0.6135 -0.7836
vn 0.0975 -0.5337 -0.8400
vn 0.0975 -0.4488 -0.8883
vn 0.0975 -0.3596 -0.9280
vn 0.0975 -0.2669 -0.9588
vn 0.0975 -0.1717 -0.9803
vn 0.0975 -0.0747 -0.9924
vn 0.0975 0.0229 -0.9950
vn 0.0975 0.1203 -0.9879
vn 0.0975 0.2166 -0.9714
vn 0.0975 0.3107 -0.9455
vn 0.0975 0.4019 -0.9105
vn 0.0975 0.4892 -0.8667
vn 0.0975 0.5718 -0.8146
vn 0.0975 0.6489 -0.7546
vn 0.0975 0.7197 -0.6874
vn 0.0975 0.7836 -0.6135
vn 0.0975 0.8400 -0.5337
vn 0.0975 0.8883 -0.4488
vn 0.0975 0.9280 -0.3596
vn 0.0975 0.9588 -0.2669
vn 0.0975 0.9803 -0.1717
vn 0.0975 0.9924 -0.0747
vn 0.0975 0.9950 0.0229
vn 0.0975 0.9879 0.1203
vn 0.0975 0.9714 0.2166
vn 0.0975 0.9455 0.3107
vn 0.0975 0.9105 0.4019
vn 0.0975 0.8667 0.4892
vn 0.0975 0.8146 0.5718
vn 0.0975 0.7546 0.6489
vn 0.0975 0.6874 0.7197
vn 0.0975 0.6135 0.7836
vn 0.0975 0.5337 0.8400
vn 0.0975 0.4488 0.8883
vn 0.0975 0.3596 0.9280
vn 0.0975 0.2669 0.9588
vn 0.0975 0.1717 0.9803
vn 0.0975 0.0747 0.9924
vn 0.0975 -0.0229 0.9950
vn 0.0975 -0.1203 0.9879
vn 0.0975 -0.2166 0.9714
vn 0.0975 -0.3107 0.9455
vn 0.0975 -0.4019 0.9105
vn 0.0975 -0.4892 0.8667
vn 0.0975 -0.5718 0.8146
vn 0.0975 -0.6489 0.7546
vn 0.0975 -0.7197 0.6874
vn 0.0975 -0.7836 0.6135
vn 0.0975 -0.8400 0.5337
vn 0.0975 -0.8883 0.4488
vn 0.0975 -0.9280 0.3596
vn 0.0975 -0.9588 0.2669
vn 0.0975 -0.9803 0.1717
vn 0.0975 -0.9924 0.0747
vn 0.1940 -0.9738 -0.1186
vn 0.1940 -0.9807 -0.0226
vn 0.1940 -0.9575 -0.2135
vn 0.1940 -0.9320 -0.3063
vn 0.1940 -0.8974 -0.3962
vn 0.1940 -0.8543 -0.4822
vn 0.1937 -0.8030 -0.5637
vn 0.1937 -0.7439 -0.6397
vn 0.1935 -0.6776 -0.7095
vn 0.1940 -0.6047 -0.7724
vn 0.1940 -0.5261 -0.8280
vn 0.1940 -0.4424 -0.8756
vn 0.1940 -0.3545 -0.9147
vn 0.1940 -0.2631 -0.9451
vn 0.1940 -0.1692 -0.9663
vn 0.1940 -0.0737 -0.9782
vn 0.1937 0.0226 -0.9808
vn 0.1940 0.1186 -0.9738
vn 0.1940 0.2135 -0.9575
vn 0.1937 0.3063 -0.9320
vn 0.1940 0.3962 -0.8975
vn 0.1940 0.4822 -0.8543
vn 0.1940 0.5636 -0.8029
vn 0.1937 0.6397 -0.7439
vn 0.1940 0.7094 -0.6775
vn 0.1940 0.7724 -0.6047
vn 0.1937 0.8280 -0.5261
vn 0.1940 0.8756 -0.4424
vn 0.1940 0.9147 -0.3545
vn 0.1940 0.9451 -0.2631
vn 0.1937 0.9664 -0.1692
vn 0.1940 0.9782 -0.0737
vn 0.1940 0.9807 0.0226
vn 0.1935 0.9739 0.1186
vn 0.1940 0.9575 0.2135
vn 0.1937 0.9320 0.3063
vn 0.1940 0.8974 0.3962
vn 0.1940 0.8543 0.4822
vn 0.1940 0.8029 0.5636
vn 0.1940 0.7438 0.6396
vn 0.1940 0.6775 0.7094
vn 0.1940 0.6047 0.7724
vn 0.1940 0.5261 0.8280
vn 0.1937 0.4424 0.8756
vn 0.1940 0.3545 0.9147
vn 0.1940 0.2631 0.9451
vn 0.1940 0.1692 0.9663
vn 0.1937 0.0737 0.9783
vn 0.1937 -0.0226 0.9808
vn 0.1937 -0.1186 0.9739
vn 0.1940 -0.2135 0.9575
vn 0.1937 -0.3063 0.9320
vn 0.1940 -0.3962 0.8974
vn 0.1940 -0.4822 0.8543
vn 0.1940 -0.5636 0.8029
vn 0.1940 -0.6396 0.7438
vn 0.1940 -0.7094 0.6775
vn 0.1934 -0.7725 0.6048
vn 0.1937 -0.8280 0.5261
vn 0.1935 -0.8757 0.4425
vn 0.1935 -0.9148 0.3545
vn 0.1940 -0.9451 0.2631
vn 0.1940 -0.9663 0.1692
vn 0.1937 -0.9783 0.0737
vn 0.2883 -0.9505 -0.1157
vn 0.2884 -0.9573 -0.0220
vn 0.2884 -0.9346 -0.2083
vn 0.2887 -0.9095 -0.2989
vn 0.2887 -0.8759 -0.3866
vn 0.2883 -0.8339 -0.4707
vn 0.2887 -0.7836 -0.5501
vn 0.2887 -0.7259 -0.6242
vn 0.2887 -0.6612 -0.6924
vn 0.2883 -0.5903 -0.7540
vn 0.2883 -0.5135 -0.8082
vn 0.2884 -0.4318 -0.8546
vn 0.2884 -0.3460 -0.8928
vn 0.2887 -0.2568 -0.9223
vn 0.2887 -0.1651 -0.9431
vn 0.2883 -0.0719 -0.9548
vn 0.2887 0.0220 -0.9572
vn 0.2884 0.1157 -0.9505
vn 0.2884 0.2084 -0.9346
vn 0.2887 0.2989 -0.9095
vn 0.2883 0.3867 -0.8760
vn 0.2887 0.4706 -0.8338
vn 0.2887 0.5501 -0.7836
vn 0.2887 0.6242 -0.7259
vn 0.2884 0.6925 -0.6613
vn 0.2884 0.7539 -0.5903
vn 0.2884 0.8082 -0.5135
vn 0.2884 0.8546 -0.4318
vn 0.2884 0.8928 -0.3460
vn 0.2887 0.9223 -0.2568
vn 0.2883 0.9432 -0.1652
vn 0.2887 0.9547 -0.0719
vn 0.2884 0.9573 0.0220
vn 0.2884 0.9505 0.1157
vn 0.2887 0.9345 0.2083
vn 0.2887 0.9095 0.2989
vn 0.2884 0.8760 0.3867
vn 0.2883 0.8339 0.4707
vn 0.2884 0.7837 0.5501
vn 0.2887 0.7259 0.6242
vn 0.2887 0.6612 0.6924
vn 0.2884 0.5903 0.7539
vn 0.2883 0.5135 0.8082
vn 0.2883 0.4318 0.8546
vn 0.2887 0.3459 0.8927
vn 0.2887 0.2568 0.9223
vn 0.2884 0.1652 0.9432
vn 0.2883 0.0719 0.9548
vn 0.2887 -0.0220 0.9572
vn 0.2884 -0.1157 0.9505
vn 0.2887 -0.2083 0.9345
vn 0.2884 -0.2990 0.9096
vn 0.2887 -0.3866 0.8759
vn 0.2887 -0.4706 0.8338
vn 0.2884 -0.5501 0.7837
vn 0.2883 -0.6243 0.7260
vn 0.2887 -0.6924 0.6612
vn 0.2887 -0.7539 0.5902
vn 0.2887 -0.8081 0.5135
vn 0.2883 -0.8546 0.4318
vn 0.2882 -0.8929 0.3460
vn 0.2887 -0.9223 0.2568
vn 0.2887 -0.9431 0.1651
vn 0.2887 -0.9547 0.0719
vn 0.3802 -0.9181 -0.1118
vn 0.3804 -0.9246 -0.0213
vn 0.3802 -0.9027 -0.2013
vn 0.3804 -0.8786 -0.2887
vn 0.3807 -0.8459 -0.3734
vn 0.3802 -0.8054 -0.4546
vn 0.3804 -0.7569 -0.5314
vn 0.3802 -0.7013 -0.6030
vn 0.3802 -0.6388 -0.6689
vn 0.3804 -0.5701 -0.7282
vn 0.3802 -0.4960 -0.7806
vn 0.3802 -0.4171 -0.8255
vn 0.3802 -0.3342 -0.8624
vn 0.3802 -0.2481 -0.8910
vn 0.3804 -0.1595 -0.9110
vn 0.3801 -0.0695 -0.9223
vn 0.3804 0.0213 -0.9246
vn 0.3802 0.1118 -0.9181
vn 0.3804 0.2012 -0.9027
vn 0.3802 0.2888 -0.8787
vn 0.3802 0.3735 -0.8461
vn 0.3802 0.4546 -0.8054
vn 0.3802 0.5314 -0.7570
vn 0.3807 0.6029 -0.7011
vn 0.3802 0.6689 -0.6388
vn 0.3802 0.7283 -0.5701
vn 0.3801 0.7807 -0.4961
vn 0.3801 0.8256 -0.4171
vn 0.3804 0.8623 -0.3342
vn 0.3804 0.8910 -0.2480
vn 0.3804 0.9110 -0.1595
vn 0.3804 0.9222 -0.0695
vn 0.3804 0.9246 0.0213
vn 0.3804 0.9181 0.1118
vn 0.3804 0.9027 0.2012
vn 0.3804 0.8786 0.2887
vn 0.3802 0.8461 0.3735
vn 0.3802 0.8054 0.4546
vn 0.3807 0.7568 0.5313
vn 0.3802 0.7013 0.6030
vn 0.3802 0.6388 0.6689
vn 0.3807 0.5700 0.7281
vn 0.3802 0.4960 0.7806
vn 0.3804 0.4171 0.8254
vn 0.3807 0.3341 0.8622
vn 0.3801 0.2481 0.8910
vn 0.3802 0.1595 0.9110
vn 0.3804 0.0695 0.9222
vn 0.3804 -0.0213 0.9246
vn 0.3807 -0.1118 0.9179
vn 0.3804 -0.2012 0.9027
vn 0.3804 -0.2887 0.8786
vn 0.3807 -0.3734 0.8459
vn 0.3804 -0.4546 0.8054
vn 0.3807 -0.5313 0.7568
vn 0.3803 -0.6030 0.7013
vn 0.3802 -0.6689 0.6388
vn 0.3802 -0.7283 0.5701
vn 0.3807 -0.7805 0.4959
vn 0.3804 -0.8254 0.4171
vn 0.3807 -0.8622 0.3341
vn 0.3802 -0.8910 0.2481
vn 0.3802 -0.9110 0.1595
vn 0.3804 -0.9222 0.0695
vn 0.4686 -0.8769 -0.1068
vn 0.4685 -0.8832 -0.0203
vn 0.4685 -0.8623 -0.1922
vn 0.4686 -0.8393 -0.2758
vn 0.4687 -0.8081 -0.3567
vn 0.4684 -0.7694 -0.4343
vn 0.4690 -0.7229 -0.5074
vn 0.4686 -0.6698 -0.5760
vn 0.4684 -0.6102 -0.6389
vn 0.4685 -0.5446 -0.6956
vn 0.4687 -0.4737 -0.7456
vn 0.4685 -0.3984 -0.7885
vn 0.4684 -0.3192 -0.8238
vn 0.4686 -0.2369 -0.8510
vn 0.4685 -0.1524 -0.8702
vn 0.4684 -0.0664 -0.8810
vn 0.4687 0.0203 -0.8831
vn 0.4685 0.1068 -0.8770
vn 0.4686 0.1922 -0.8622
vn 0.4684 0.2758 -0.8393
vn 0.4686 0.3567 -0.8082
vn 0.4686 0.4342 -0.7693
vn 0.4685 0.5076 -0.7231
vn 0.4684 0.5760 -0.6699
vn 0.4686 0.6389 -0.6101
vn 0.4686 0.6956 -0.5446
vn 0.4684 0.7457 -0.4738
vn 0.4686 0.7885 -0.3984
vn 0.4685 0.8238 -0.3192
vn 0.4687 0.8510 -0.2369
vn 0.4686 0.8702 -0.1524
vn 0.4685 0.8810 -0.0664
vn 0.4684 0.8833 0.0203
vn 0.4685 0.8770 0.1068
vn 0.4686 0.8622 0.1922
vn 0.4685 0.8393 0.2758
vn 0.4686 0.8082 0.3567
vn 0.4683 0.7694 0.4343
vn 0.4685 0.7231 0.5076
vn 0.4684 0.6699 0.5760
vn 0.4684 0.6102 0.6389
vn 0.4686 0.5446 0.6956
vn 0.4686 0.4738 0.7456
vn 0.4684 0.3985 0.7886
vn 0.4686 0.3192 0.8237
vn 0.4690 0.2369 0.8508
vn 0.4686 0.1524 0.8702
vn 0.4685 0.0664 0.8810
vn 0.4686 -0.0203 0.8832
vn 0.4685 -0.1068 0.8770
vn 0.4685 -0.1922 0.8623
vn 0.4686 -0.2758 0.8393
vn 0.4690 -0.3567 0.8080
vn 0.4686 -0.4342 0.7693
vn 0.4685 -0.5076 0.7231
vn 0.4685 -0.5760 0.6699
vn 0.4684 -0.6389 0.6102
vn 0.4686 -0.6956 0.5446
vn 0.4685 -0.7457 0.4738
vn 0.4685 -0.7885 0.3984
vn 0.4686 -0.8237 0.3192
vn 0.4685 -0.8511 0.2369
vn 0.4686 -0.8702 0.1524
vn 0.4686 -0.8809 0.0663
vn 0.5522 -0.8276 -0.1008
vn 0.5522 -0.8335 -0.0192
vn 0.5524 -0.8136 -0.1814
vn 0.5524 -0.7919 -0.2603
vn 0.5524 -0.7626 -0.3366
vn 0.5523 -0.7260 -0.4098
vn 0.5522 -0.6824 -0.4790
vn 0.5523 -0.6321 -0.5435
vn 0.5524 -0.5757 -0.6028
vn 0.5523 -0.5139 -0.6564
vn 0.5523 -0.4471 -0.7036
vn 0.5523 -0.3760 -0.7440
vn 0.5522 -0.3012 -0.7774
vn 0.5525 -0.2236 -0.8030
vn 0.5522 -0.1438 -0.8212
vn 0.5522 -0.0626 -0.8314
vn 0.5523 0.0192 -0.8334
vn 0.5522 0.1008 -0.8276
vn 0.5522 0.1814 -0.8137
vn 0.5524 0.2603 -0.7919
vn 0.5522 0.3367 -0.7627
vn 0.5524 0.4097 -0.7259
vn 0.5523 0.4790 -0.6823
vn 0.5523 0.5435 -0.6321
vn 0.5522 0.6029 -0.5758
vn 0.5522 0.6564 -0.5139
vn 0.5522 0.7036 -0.4471
vn 0.5522 0.7441 -0.3760
vn 0.5525 0.7772 -0.3012
vn 0.5523 0.8031 -0.2236
vn 0.5524 0.8211 -0.1438
vn 0.5522 0.8314 -0.0626
vn 0.5523 0.8335 0.0192
vn 0.5523 0.8275 0.1008
vn 0.5523 0.8137 0.1814
vn 0.5523 0.7920 0.2603
vn 0.5525 0.7625 0.3366
vn 0.5522 0.7260 0.4098
vn 0.5522 0.6824 0.4790
vn 0.5523 0.6321 0.5435
vn 0.5523 0.5757 0.6029
vn 0.5522 0.5139 0.6565
vn 0.5522 0.4471 0.7036
vn 0.5523 0.3760 0.7441
vn 0.5522 0.3012 0.7774
vn 0.5523 0.2236 0.8031
vn 0.5523 0.1438 0.8212
vn 0.5522 0.0626 0.8313
vn 0.5523 -0.0192 0.8334
vn 0.5522 -0.1008 0.8276
vn 0.5523 -0.1814 0.8137
vn 0.5523 -0.2603 0.7920
vn 0.5524 -0.3366 0.7626
vn 0.5523 -0.4098 0.7260
vn 0.5522 -0.4790 0.6823
vn 0.5523 -0.5435 0.6321
vn 0.5522 -0.6029 0.5758
vn 0.5523 -0.6564 0.5139
vn 0.5523 -0.7036 0.4471
vn 0.5522 -0.7441 0.3760
vn 0.5522 -0.7774 0.3012
vn 0.5524 -0.8030 0.2236
vn 0.5522 -0.8212 0.1438
vn 0.5523 -0.8313 0.0626
vn 0.6308 -0.7703 -0.0938
vn 0.6308 -0.7758 -0.0178
vn 0.6308 -0.7574 -0.1688
vn 0.6308 -0.7372 -0.2423
vn 0.6308 -0.7099 -0.3134
vn 0.6307 -0.6758 -0.3815
vn 0.6307 -0.6352 -0.4459
vn 0.6307 -0.5884 -0.5060
vn 0.6307 -0.5360 -0.5612
vn 0.6307 -0.4784 -0.6111
vn 0.6308 -0.4162 -0.6549
vn 0.6307 -0.3500 -0.6926
vn 0.6308 -0.2804 -0.7235
vn 0.6307 -0.2081 -0.7476
vn 0.6308 -0.1338 -0.7644
vn 0.6307 -0.0583 -0.7738
vn 0.6307 0.0178 -0.7758
vn 0.6308 0.0938 -0.7703
vn 0.6307 0.1689 -0.7574
vn 0.6307 0.2423 -0.7372
vn 0.6307 0.3134 -0.7099
vn 0.6307 0.3814 -0.6758
vn 0.6308 0.4458 -0.6351
vn 0.6308 0.5059 -0.5884
vn 0.6307 0.5612 -0.5360
vn 0.6308 0.6110 -0.4784
vn 0.6307 0.6550 -0.4162
vn 0.6308 0.6926 -0.3500
vn 0.6308 0.7236 -0.2804
vn 0.6307 0.7476 -0.2081
vn 0.6308 0.7643 -0.1338
vn 0.6307 0.7738 -0.0583
vn 0.6308 0.7758 0.0178
vn 0.6308 0.7703 0.0938
vn 0.6308 0.7574 0.1688
vn 0.6307 0.7372 0.2423
vn 0.6308 0.7099 0.3134
vn 0.6307 0.6758 0.3815
vn 0.6307 0.6351 0.4459
vn 0.6307 0.5884 0.5060
vn 0.6308 0.5359 0.5612
vn 0.6308 0.4784 0.6110
vn 0.6308 0.4162 0.6549
vn 0.6309 0.3499 0.6925
vn 0.6308 0.2804 0.7236
vn 0.6308 0.2081 0.7476
vn 0.6308 0.1338 0.7644
vn 0.6307 0.0583 0.7738
vn 0.6308 -0.0178 0.7757
vn 0.6308 -0.0938 0.7703
vn 0.6307 -0.1689 0.7574
vn 0.6307 -0.2423 0.7372
vn 0.6308 -0.3134 0.7099
vn 0.6308 -0.3814 0.6758
vn 0.6308 -0.4458 0.6351
vn 0.6308 -0.5059 0.5884
vn 0.6309 -0.5611 0.5359
vn 0.6308 -0.6110 0.4784
vn 0.6308 -0.6549 0.4162
vn 0.6308 -0.6926 0.3500
vn 0.6307 -0.7236 0.2804
vn 0.6308 -0.7476 0.2081
vn 0.6309 -0.7643 0.1338
vn 0.6307 -0.7738 0.0583
vn 0.7031 -0.7059 -0.0860
vn 0.7032 -0.7108 -0.0164
vn 0.7032 -0.6939 -0.1547
vn 0.7032 -0.6754 -0.2220
vn 0.7032 -0.6504 -0.2871
vn 0.7032 -0.6192 -0.3495
vn 0.7032 -0.5819 -0.4085
vn 0.7032 -0.5391 -0.4636
vn 0.7032 -0.4910 -0.5142
vn 0.7032 -0.4383 -0.5598
vn 0.7033 -0.3813 -0.6000
vn 0.7032 -0.3206 -0.6345
vn 0.7033 -0.2569 -0.6629
vn 0.7032 -0.1907 -0.6849
vn 0.7032 -0.1226 -0.7004
vn 0.7032 -0.0534 -0.7090
vn 0.7031 0.0164 -0.7109
vn 0.7032 0.0859 -0.7058
vn 0.7031 0.1547 -0.6940
vn 0.7033 0.2220 -0.6754
vn 0.7033 0.2871 -0.6504
vn 0.7032 0.3495 -0.6191
vn 0.7032 0.4085 -0.5819
vn 0.7032 0.4636 -0.5391
vn 0.7032 0.5142 -0.4910
vn 0.7032 0.5598 -0.4383
vn 0.7032 0.6001 -0.3813
vn 0.7031 0.6346 -0.3207
vn 0.7032 0.6629 -0.2569
vn 0.7032 0.6849 -0.1907
vn 0.7032 0.7003 -0.1226
vn 0.7031 0.7090 -0.0534
vn 0.7032 0.7108 0.0164
vn 0.7031 0.7058 0.0859
vn 0.7032 0.6939 0.1547
vn 0.7032 0.6754 0.2220
vn 0.7031 0.6505 0.2871
vn 0.7031 0.6192 0.3495
vn 0.7033 0.5819 0.4085
vn 0.7032 0.5391 0.4636
vn 0.7032 0.4910 0.5142
vn 0.7032 0.4383 0.5598
vn 0.7032 0.3813 0.6001
vn 0.7032 0.3206 0.6346
vn 0.7032 0.2569 0.6629
vn 0.7033 0.1907 0.6849
vn 0.7032 0.1226 0.7004
vn 0.7032 0.0534 0.7089
vn 0.7033 -0.0163 0.7107
vn 0.7033 -0.0859 0.7057
vn 0.7032 -0.1547 0.6939
vn 0.7032 -0.2220 0.6754
vn 0.7031 -0.2871 0.6505
vn 0.7033 -0.3495 0.6191
vn 0.7031 -0.4085 0.5820
vn 0.7032 -0.4636 0.5391
vn 0.7032 -0.5142 0.4911
vn 0.7032 -0.5598 0.4383
vn 0.7032 -0.6001 0.3813
vn 0.7032 -0.6346 0.3207
vn 0.7032 -0.6630 0.2569
vn 0.7032 -0.6849 0.1907
vn 0.7032 -0.7003 0.1226
vn 0.7031 -0.7090 0.0534
vn 0.7689 -0.6347 -0.0773
vn 0.7689 -0.6391 -0.0147
vn 0.7689 -0.6241 -0.1391
vn 0.7689 -0.6074 -0.1996
vn 0.7689 -0.5849 -0.2582
vn 0.7689 -0.5568 -0.3143
vn 0.7689 -0.5233 -0.3673
vn 0.7689 -0.4847 -0.4168
vn 0.7689 -0.4416 -0.4624
vn 0.7690 -0.3941 -0.5034
vn 0.7689 -0.3429 -0.5397
vn 0.7689 -0.2884 -0.5707
vn 0.7689 -0.2310 -0.5962
vn 0.7689 -0.1715 -0.6160
vn 0.7689 -0.1103 -0.6298
vn 0.7689 -0.0480 -0.6375
vn 0.7689 0.0147 -0.6392
vn 0.7689 0.0773 -0.6346
vn 0.7689 0.1391 -0.6241
vn 0.7689 0.1996 -0.6074
vn 0.7690 0.2582 -0.5849
vn 0.7689 0.3143 -0.5567
vn 0.7690 0.3673 -0.5233
vn 0.7690 0.4168 -0.4847
vn 0.7689 0.4624 -0.4416
vn 0.7689 0.5034 -0.3941
vn 0.7689 0.5396 -0.3429
vn 0.7690 0.5706 -0.2883
vn 0.7689 0.5961 -0.2310
vn 0.7689 0.6159 -0.1715
vn 0.7689 0.6297 -0.1103
vn 0.7689 0.6375 -0.0480
vn 0.7689 0.6391 0.0147
vn 0.7690 0.6346 0.0773
vn 0.7689 0.6240 0.1391
vn 0.7689 0.6074 0.1996
vn 0.7689 0.5849 0.2582
vn 0.7689 0.5567 0.3143
vn 0.7689 0.5233 0.3673
vn 0.7689 0.4848 0.4169
vn 0.7690 0.4415 0.4623
vn 0.7689 0.3941 0.5034
vn 0.7689 0.3429 0.5396
vn 0.7689 0.2883 0.5706
vn 0.7689 0.2310 0.5962
vn 0.7689 0.1715 0.6160
vn 0.7689 0.1103 0.6298
vn 0.7689 0.0480 0.6375
vn 0.7689 -0.0147 0.6392
vn 0.7689 -0.0773 0.6346
vn 0.7689 -0.1391 0.6240
vn 0.7689 -0.1996 0.6074
vn 0.7689 -0.2582 0.5849
vn 0.7689 -0.3143 0.5567
vn 0.7689 -0.3673 0.5233
vn 0.7689 -0.4169 0.4848
vn 0.7689 -0.4624 0.4416
vn 0.7689 -0.5034 0.3941
vn 0.7689 -0.5396 0.3429
vn 0.7689 -0.5707 0.2884
vn 0.7689 -0.5962 0.2310
vn 0.7689 -0.6159 0.1715
vn 0.7689 -0.6298 0.1103
vn 0.7690 -0.6375 0.0480
vn 0.8273 -0.5576 -0.0679
vn 0.8273 -0.5616 -0.0129
vn 0.8273 -0.5483 -0.1222
vn 0.8273 -0.5337 -0.1754
vn 0.8273 -0.5139 -0.2269
vn 0.8273 -0.4892 -0.2762
vn 0.8273 -0.4598 -0.3228
vn 0.8273 -0.4259 -0.3663
vn 0.8273 -0.3880 -0.4063
vn 0.8273 -0.3463 -0.4423
vn 0.8273 -0.3013 -0.4742
vn 0.8273 -0.2533 -0.5014
vn 0.8273 -0.2030 -0.5238
vn 0.8273 -0.1507 -0.5412
vn 0.8273 -0.0969 -0.5534
vn 0.8273 -0.0422 -0.5602
vn 0.8273 0.0129 -0.5616
vn 0.8273 0.0679 -0.5577
vn 0.8273 0.1223 -0.5484
vn 0.8272 0.1754 -0.5337
vn 0.8273 0.2269 -0.5139
vn 0.8273 0.2761 -0.4892
vn 0.8273 0.3228 -0.4598
vn 0.8273 0.3663 -0.4260
vn 0.8273 0.4063 -0.3880
vn 0.8273 0.4424 -0.3463
vn 0.8273 0.4742 -0.3013
vn 0.8273 0.5014 -0.2534
vn 0.8273 0.5238 -0.2030
vn 0.8273 0.5412 -0.1507
vn 0.8273 0.5534 -0.0969
vn 0.8273 0.5602 -0.0422
vn 0.8273 0.5616 0.0129
vn 0.8273 0.5576 0.0679
vn 0.8273 0.5483 0.1222
vn 0.8273 0.5337 0.1754
vn 0.8273 0.5139 0.2269
vn 0.8273 0.4892 0.2761
vn 0.8273 0.4598 0.3228
vn 0.8273 0.4260 0.3663
vn 0.8273 0.3880 0.4063
vn 0.8273 0.3463 0.4424
vn 0.8273 0.3013 0.4742
vn 0.8273 0.2534 0.5014
vn 0.8273 0.2030 0.5239
vn 0.8273 0.1507 0.5412
vn 0.8273 0.0969 0.5534
vn 0.8273 0.0422 0.5602
vn 0.8273 -0.0129 0.5616
vn 0.8273 -0.0679 0.5577
vn 0.8273 -0.1222 0.5483
vn 0.8273 -0.1754 0.5337
vn 0.8273 -0.2269 0.5139
vn 0.8273 -0.2761 0.4892
vn 0.8273 -0.3228 0.4598
vn 0.8273 -0.3663 0.4260
vn 0.8273 -0.4063 0.3880
vn 0.8273 -0.4424 0.3463
vn 0.8273 -0.4741 0.3013
vn 0.8273 -0.5014 0.2534
vn 0.8273 -0.5238 0.2030
vn 0.8273 -0.5412 0.1507
vn 0.8273 -0.5534 0.0969
vn 0.8273 -0.5602 0.0422
vn 0.8778 -0.4756 -0.0579
vn 0.8778 -0.4790 -0.0110
vn 0.8778 -0.4676 -0.1042
vn 0.8778 -0.4551 -0.1496
vn 0.8778 -0.4383 -0.1935
vn 0.8778 -0.4172 -0.2355
vn 0.8778 -0.3921 -0.2753
vn 0.8778 -0.3633 -0.3124
vn 0.8778 -0.3309 -0.3465
vn 0.8778 -0.2953 -0.3772
vn 0.8778 -0.2569 -0.4044
vn 0.8778 -0.2161 -0.4276
vn 0.8778 -0.1731 -0.4467
vn 0.8777 -0.1285 -0.4616
vn 0.8778 -0.0826 -0.4719
vn 0.8778 -0.0360 -0.4777
vn 0.8778 0.0110 -0.4790
vn 0.8778 0.0579 -0.4756
vn 0.8778 0.1042 -0.4676
vn 0.8778 0.1496 -0.4551
vn 0.8777 0.1935 -0.4383
vn 0.8778 0.2355 -0.4172
vn 0.8778 0.2753 -0.3921
vn 0.8778 0.3124 -0.3633
vn 0.8778 0.3465 -0.3309
vn 0.8778 0.3772 -0.2953
vn 0.8778 0.4044 -0.2569
vn 0.8778 0.4276 -0.2161
vn 0.8778 0.4467 -0.1731
vn 0.8778 0.4615 -0.1285
vn 0.8778 0.4719 -0.0826
vn 0.8778 0.4777 -0.0360
vn 0.8778 0.4790 0.0110
vn 0.8777 0.4756 0.0579
vn 0.8778 0.4676 0.1042
vn 0.8778 0.4551 0.1496
vn 0.8778 0.4383 0.1935
vn 0.8778 0.4172 0.2355
vn 0.8778 0.3921 0.2753
vn 0.8778 0.3633 0.3124
vn 0.8778 0.3309 0.3465
vn 0.8778 0.2953 0.3772
vn 0.8778 0.2569 0.4043
vn 0.8778 0.2161 0.4276
vn 0.8778 0.1731 0.4467
vn 0.8778 0.1285 0.4615
vn 0.8778 0.0826 0.4719
vn 0.8777 0.0360 0.4778
vn 0.8778 -0.0110 0.4790
vn 0.8778 -0.0579 0.4756
vn 0.8778 -0.1042 0.4676
vn 0.8778 -0.1496 0.4551
vn 0.8778 -0.1935 0.4383
vn 0.8778 -0.2355 0.4172
vn 0.8778 -0.2753 0.3921
vn 0.8778 -0.3124 0.3633
vn 0.8778 -0.3464 0.3309
vn 0.8778 -0.3772 0.2953
vn 0.8778 -0.4044 0.2569
vn 0.8778 -0.4276 0.2161
vn 0.8778 -0.4467 0.1731
vn 0.8778 -0.4615 0.1285
vn 0.8778 -0.4719 0.0826
vn 0.8778 -0.4777 0.0360
vn 0.9199 -0.3894 -0.0474
vn 0.9198 -0.3922 -0.0090
vn 0.9198 -0.3829 -0.0854
vn 0.9199 -0.3726 -0.1225
vn 0.9198 -0.3589 -0.1584
vn 0.9198 -0.3416 -0.1928
vn 0.9199 -0.3210 -0.2254
vn 0.9198 -0.2974 -0.2558
vn 0.9199 -0.2709 -0.2837
vn 0.9198 -0.2418 -0.3089
vn 0.9198 -0.2104 -0.3311
vn 0.9198 -0.1769 -0.3501
vn 0.9198 -0.1417 -0.3658
vn 0.9198 -0.1052 -0.3779
vn 0.9198 -0.0677 -0.3864
vn 0.9198 -0.0295 -0.3912
vn 0.9199 0.0090 -0.3921
vn 0.9198 0.0474 -0.3894
vn 0.9198 0.0854 -0.3829
vn 0.9198 0.1225 -0.3727
vn 0.9199 0.1584 -0.3588
vn 0.9199 0.1928 -0.3416
vn 0.9198 0.2254 -0.3211
vn 0.9198 0.2558 -0.2974
vn 0.9199 0.2837 -0.2709
vn 0.9199 0.3089 -0.2418
vn 0.9198 0.3311 -0.2104
vn 0.9198 0.3501 -0.1769
vn 0.9198 0.3658 -0.1418
vn 0.9198 0.3779 -0.1052
vn 0.9199 0.3864 -0.0677
vn 0.9198 0.3912 -0.0295
vn 0.9198 0.3922 0.0090
vn 0.9199 0.3894 0.0474
vn 0.9198 0.3829 0.0854
vn 0.9198 0.3727 0.1225
vn 0.9199 0.3588 0.1584
vn 0.9198 0.3416 0.1928
vn 0.9199 0.3210 0.2254
vn 0.9198 0.2974 0.2558
vn 0.9198 0.2709 0.2837
vn 0.9198 0.2418 0.3089
vn 0.9198 0.2104 0.3311
vn 0.9199 0.1769 0.3501
vn 0.9198 0.1417 0.3658
vn 0.9198 0.1052 0.3779
vn 0.9199 0.0677 0.3864
vn 0.9199 0.0295 0.3911
vn 0.9199 -0.0090 0.3921
vn 0.9198 -0.0474 0.3894
vn 0.9199 -0.0854 0.3829
vn 0.9198 -0.1225 0.3727
vn 0.9199 -0.1584 0.3588
vn 0.9199 -0.1928 0.3416
vn 0.9198 -0.2254 0.3211
vn 0.9199 -0.2557 0.2974
vn 0.9199 -0.2837 0.2709
vn 0.9198 -0.3089 0.2418
vn 0.9199 -0.3311 0.2104
vn 0.9198 -0.3501 0.1769
vn 0.9199 -0.3658 0.1417
vn 0.9198 -0.3779 0.1052
vn 0.9199 -0.3864 0.0677
vn 0.9198 -0.3912 0.0295
vn 0.9531 -0.3004 -0.0366
vn 0.9531 -0.3025 -0.0070
vn 0.9531 -0.2953 -0.0658
vn 0.9531 -0.2874 -0.0945
vn 0.9531 -0.2768 -0.1222
vn 0.9531 -0.2635 -0.1487
vn 0.9531 -0.2477 -0.1738
vn 0.9531 -0.2294 -0.1973
vn 0.9531 -0.2090 -0.2188
vn 0.9531 -0.1865 -0.2382
vn 0.9531 -0.1623 -0.2554
vn 0.9531 -0.1365 -0.2701
vn 0.9531 -0.1093 -0.2821
vn 0.9531 -0.0812 -0.2915
vn 0.9531 -0.0522 -0.2980
vn 0.9531 -0.0227 -0.3017
vn 0.9531 0.0070 -0.3025
vn 0.9531 0.0366 -0.3004
vn 0.9531 0.0658 -0.2953
vn 0.9531 0.0945 -0.2875
vn 0.9531 0.1222 -0.2768
vn 0.9531 0.1487 -0.2635
vn 0.9531 0.1738 -0.2476
vn 0.9531 0.1973 -0.2294
vn 0.9531 0.2188 -0.2090
vn 0.9531 0.2383 -0.1865
vn 0.9531 0.2554 -0.1623
vn 0.9531 0.2701 -0.1365
vn 0.9531 0.2821 -0.1093
vn 0.9531 0.2914 -0.0811
vn 0.9531 0.2980 -0.0522
vn 0.9531 0.3017 -0.0227
vn 0.9531 0.3025 0.0070
vn 0.9531 0.3004 0.0366
vn 0.9531 0.2953 0.0658
vn 0.9531 0.2875 0.0945
vn 0.9531 0.2768 0.1222
vn 0.9531 0.2635 0.1487
vn 0.9531 0.2477 0.1738
vn 0.9531 0.2294 0.1973
vn 0.9531 0.2090 0.2188
vn 0.9531 0.1865 0.2382
vn 0.9531 0.1623 0.2554
vn 0.9531 0.1365 0.2701
vn 0.9531 0.1093 0.2821
vn 0.9531 0.0812 0.2915
vn 0.9531 0.0522 0.2980
vn 0.9531 0.0227 0.3017
vn 0.9531 -0.0070 0.3025
vn 0.9531 -0.0366 0.3004
vn 0.9531 -0.0658 0.2953
vn 0.9531 -0.0945 0.2874
vn 0.9531 -0.1222 0.2768
vn 0.9531 -0.1487 0.2635
vn 0.9531 -0.1738 0.2476
vn 0.9531 -0.1973 0.2294
vn 0.9531 -0.2188 0.2090
vn 0.9531 -0.2382 0.1865
vn 0.9531 -0.2554 0.1623
vn 0.9531 -0.2701 0.1365
vn 0.9531 -0.2821 0.1093
vn 0.9531 -0.2915 0.0811
vn 0.9531 -0.2980 0.0522
vn 0.9531 -0.3017 0.0227
vn 0.9773 -0.2104 -0.0256
vn 0.9773 -0.2119 -0.0049
vn 0.9773 -0.2068 -0.0461
vn 0.9773 -0.2013 -0.0662
vn 0.9773 -0.1939 -0.0856
vn 0.9773 -0.1846 -0.1042
vn 0.9773 -0.1735 -0.1218
vn 0.9773 -0.1607 -0.1382
vn 0.9773 -0.1464 -0.1533
vn 0.9773 -0.1306 -0.1669
vn 0.9773 -0.1137 -0.1789
vn 0.9773 -0.0956 -0.1892
vn 0.9773 -0.0766 -0.1976
vn 0.9773 -0.0568 -0.2042
vn 0.9773 -0.0365 -0.2088
vn 0.9773 -0.0159 -0.2113
vn 0.9773 0.0049 -0.2119
vn 0.9773 0.0256 -0.2104
vn 0.9773 0.0461 -0.2069
vn 0.9773 0.0662 -0.2013
vn 0.9773 0.0856 -0.1939
vn 0.9773 0.1042 -0.1846
vn 0.9773 0.1218 -0.1735
vn 0.9773 0.1382 -0.1607
vn 0.9773 0.1533 -0.1464
vn 0.9773 0.1669 -0.1306
vn 0.9773 0.1789 -0.1137
vn 0.9773 0.1892 -0.0956
vn 0.9773 0.1976 -0.0766
vn 0.9773 0.2042 -0.0568
vn 0.9773 0.2088 -0.0366
vn 0.9773 0.2113 -0.0159
vn 0.9773 0.2119 0.0049
vn 0.9773 0.2104 0.0256
vn 0.9773 0.2069 0.0461
vn 0.9773 0.2013 0.0662
vn 0.9773 0.1939 0.0856
vn 0.9773 0.1846 0.1042
vn 0.9773 0.1735 0.1218
vn 0.9773 0.1607 0.1382
vn 0.9773 0.1464 0.1533
vn 0.9773 0.1306 0.1669
vn 0.9773 0.1137 0.1789
vn 0.9773 0.0956 0.1892
vn 0.9773 0.0766 0.1976
vn 0.9773 0.0568 0.2042
vn 0.9773 0.0365 0.2088
vn 0.9773 0.0159 0.2113
vn 0.9773 -0.0049 0.2119
vn 0.9773 -0.0256 0.2104
vn 0.9773 -0.0461 0.2069
vn 0.9773 -0.0662 0.2013
vn 0.9773 -0.0856 0.1939
vn 0.9773 -0.1042 0.1846
vn 0.9773 -0.1218 0.1735
vn 0.9773 -0.1382 0.1607
vn 0.9773 -0.1533 0.1464
vn 0.9773 -0.1669 0.1306
vn 0.9773 -0.1789 0.1137
vn 0.9773 -0.1892 0.0956
vn 0.9773 -0.1976 0.0766
vn 0.9773 -0.2042 0.0568
vn 0.9773 -0.2088 0.0366
vn 0.9773 -0.2113 0.0159
vn 0.9919 -0.1257 -0.0153
vn 0.9919 -0.1266 -0.0029
vn 0.9919 -0.1236 -0.0276
vn 0.9919 -0.1203 -0.0395
vn 0.9919 -0.1159 -0.0511
vn 0.9919 -0.1103 -0.0623
vn 0.9919 -0.1037 -0.0728
vn 0.9919 -0.0960 -0.0826
vn 0.9919 -0.0875 -0.0916
vn 0.9919 -0.0781 -0.0997
vn 0.9919 -0.0679 -0.1069
vn 0.9919 -0.0571 -0.1130
vn 0.9919 -0.0458 -0.1181
vn 0.9919 -0.0340 -0.1220
vn 0.9919 -0.0218 -0.1247
vn 0.9919 -0.0095 -0.1263
vn 0.9919 0.0029 -0.1266
vn 0.9919 0.0153 -0.1257
vn 0.9919 0.0276 -0.1236
vn 0.9919 0.0395 -0.1203
vn 0.9919 0.0511 -0.1159
vn 0.9919 0.0623 -0.1103
vn 0.9919 0.0728 -0.1037
vn 0.9919 0.0826 -0.0960
vn 0.9919 0.0916 -0.0875
vn 0.9919 0.0997 -0.0781
vn 0.9919 0.1069 -0.0679
vn 0.9919 0.1130 -0.0571
vn 0.9919 0.1181 -0.0458
vn 0.9919 0.1220 -0.0340
vn 0.9919 0.1247 -0.0218
vn 0.9919 0.1263 -0.0095
vn 0.9919 0.1266 0.0029
vn 0.9919 0.1257 0.0153
vn 0.9919 0.1236 0.0276
vn 0.9919 0.1203 0.0395
vn 0.9919 0.1159 0.0511
vn 0.9919 0.1103 0.0623
vn 0.9919 0.1037 0.0728
vn 0.9919 0.0960 0.0826
vn 0.9919 0.0875 0.0916
vn 0.9919 0.0781 0.0997
vn 0.9919 0.0679 0.1069
vn 0.9919 0.0571 0.1130
vn 0.9919 0.0458 0.1181
vn 0.9919 0.0340 0.1220
vn 0.9919 0.0218 0.1247
vn 0.9919 0.0095 0.1263
vn 0.9919 -0.0029 0.1266
vn 0.9919 -0.0153 0.1257
vn 0.9919 -0.0276 0.1236
vn 0.9919 -0.0395 0.1203
vn 0.9919 -0.0511 0.1159
vn 0.9919 -0.0623 0.1103
vn 0.9919 -0.0728 0.1037
vn 0.9919 -0.0826 0.0960
vn 0.9919 -0.0916 0.0875
vn 0.9919 -0.0997 0.0781
vn 0.9919 -0.1069 0.0679
vn 0.9919 -0.1130 0.0571
vn 0.9919 -0.1181 0.0458
vn 0.9919 -0.1220 0.0340
vn 0.9919 -0.1247 0.0218
vn 0.9919 -0.1263 0.0095
vn 0.9985 -0.0547 -0.0067
vn 0.9985 -0.0551 -0.0013
vn 0.9985 -0.0538 -0.0120
vn 0.9985 -0.0524 -0.0172
vn 0.9985 -0.0504 -0.0223
vn 0.9985 -0.0480 -0.0271
vn 0.9985 -0.0451 -0.0317
vn 0.9985 -0.0418 -0.0360
vn 0.9985 -0.0381 -0.0399
vn 0.9985 -0.0340 -0.0434
vn 0.9985 -0.0296 -0.0465
vn 0.9985 -0.0249 -0.0492
vn 0.9985 -0.0199 -0.0514
vn 0.9985 -0.0148 -0.0531
vn 0.9985 -0.0095 -0.0543
vn 0.9985 -0.0041 -0.0550
vn 0.9985 0.0013 -0.0551
vn 0.9985 0.0066 -0.0547
vn 0.9985 0.0120 -0.0538
vn 0.9985 0.0172 -0.0524
vn 0.9985 0.0223 -0.0504
vn 0.9985 0.0271 -0.0480
vn 0.9985 0.0317 -0.0451
vn 0.9985 0.0359 -0.0418
vn 0.9985 0.0399 -0.0381
vn 0.9985 0.0434 -0.0340
vn 0.9985 0.0465 -0.0296
vn 0.9985 0.0492 -0.0249
vn 0.9985 0.0514 -0.0199
vn 0.9985 0.0531 -0.0148
vn 0.9985 0.0543 -0.0095
vn 0.9985 0.0550 -0.0041
vn 0.9985 0.0551 0.0013
vn 0.9985 0.0547 0.0067
vn 0.9985 0.0538 0.0120
vn 0.9985 0.0524 0.0172
vn 0.9985 0.0504 0.0223
vn 0.9985 0.0480 0.0271
vn 0.9985 0.0451 0.0317
vn 0.9985 0.0418 0.0359
vn 0.9985 0.0381 0.0399
vn 0.9985 0.0340 0.0434
vn 0.9985 0.0296 0.0465
vn 0.9985 0.0249 0.0492
vn 0.9985 0.0199 0.0514
vn 0.9985 0.0148 0.0531
vn 0.9985 0.0095 0.0543
vn 0.9985 0.0041 0.0550
vn 0.9985 -0.0013 0.0551
vn 0.9985 -0.0066 0.0547
vn 0.9985 -0.0120 0.0538
vn 0.9985 -0.0172 0.0524
vn 0.9985 -0.0223 0.0504
vn 0.9985 -0.0271 0.0480
vn 0.9985 -0.0317 0.0451
vn 0.9985 -0.0359 0.0418
vn 0.9985 -0.0399 0.0381
vn 0.9985 -0.0434 0.0340
vn 0.9985 -0.0466 0.0296
vn 0.9985 -0.0492 0.0249
vn 0.9985 -0.0514 0.0199
vn 0.9985 -0.0531 0.0148
vn 0.9985 -0.0543 0.0095
vn 0.9985 -0.0550 0.0041
vn 1.0000 -0.0000 -0.0000
vt 0.320217 0.367118
vt 0.326737 0.367110
vt 0.328662 0.428197
vt 0.318000 0.428211
vt 0.331190 0.367111
vt 0.335933 0.428197
vt 0.335075 0.367121
vt 0.342262 0.428208
vt 0.309211 0.040878
vt 0.313034 0.040862
vt 0.305959 0.101947
vt 0.299701 0.101970
vt 0.317477 0.040852
vt 0.313228 0.101934
vt 0.324053 0.040849
vt 0.323989 0.101929
vt 0.330630 0.040852
vt 0.334752 0.101934
vt 0.335075 0.040862
vt 0.342026 0.101947
vt 0.338905 0.040878
vt 0.348292 0.101970
vt 0.305734 0.367173
vt 0.309411 0.367150
vt 0.300295 0.428261
vt 0.294249 0.428293
vt 0.313740 0.367133
vt 0.307395 0.428235
vt 0.330193 0.554439
vt 0.317759 0.554457
vt 0.338661 0.554438
vt 0.346022 0.554447
vt 0.347989 0.428229
vt 0.352670 0.554466
vt 0.353242 0.428259
vt 0.358757 0.554495
vt 0.358081 0.428299
vt 0.364350 0.554533
vt 0.362533 0.428348
vt 0.369483 0.554581
vt 0.366611 0.428406
vt 0.374171 0.554638
vt 0.370321 0.428473
vt 0.378420 0.554704
vt 0.273405 0.102292
vt 0.276666 0.102217
vt 0.268758 0.228460
vt 0.264951 0.228536
vt 0.280358 0.102150
vt 0.273067 0.228393
vt 0.284484 0.102092
vt 0.277882 0.228335
vt 0.289059 0.102042
vt 0.283221 0.228285
vt 0.294111 0.102002
vt 0.289116 0.228245
vt 0.295639 0.228213
vt 0.302940 0.228191
vt 0.311422 0.228177
vt 0.323976 0.228172
vt 0.336533 0.228177
vt 0.345019 0.228191
vt 0.352328 0.228213
vt 0.353892 0.102002
vt 0.358861 0.228245
vt 0.358959 0.102042
vt 0.364771 0.228285
vt 0.363550 0.102092
vt 0.370126 0.228335
vt 0.367696 0.102150
vt 0.374961 0.228393
vt 0.371410 0.102217
vt 0.379292 0.228460
vt 0.374697 0.102292
vt 0.383125 0.228536
vt 0.268304 0.877770
vt 0.264951 0.877647
vt 0.264951 0.751870
vt 0.268351 0.752017
vt 0.272994 0.428572
vt 0.276233 0.428501
vt 0.268800 0.554759
vt 0.264951 0.554831
vt 0.279955 0.428437
vt 0.273203 0.554694
vt 0.284174 0.428382
vt 0.278177 0.554637
vt 0.288919 0.428334
vt 0.283755 0.554588
vt 0.290007 0.554546
vt 0.297083 0.554511
vt 0.305381 0.554483
vt 0.327549 0.595633
vt 0.319255 0.595644
vt 0.333205 0.595633
vt 0.338131 0.595642
vt 0.342590 0.595659
vt 0.346682 0.595684
vt 0.350452 0.595715
vt 0.353922 0.595755
vt 0.357104 0.595801
vt 0.360000 0.595855
vt 0.287210 0.269597
vt 0.284673 0.269658
vt 0.290080 0.269544
vt 0.293289 0.269497
vt 0.296847 0.269458
vt 0.300777 0.269425
vt 0.305124 0.269400
vt 0.309992 0.269382
vt 0.315645 0.269371
vt 0.324015 0.269367
vt 0.332386 0.269371
vt 0.338044 0.269382
vt 0.342917 0.269400
vt 0.347273 0.269425
vt 0.351214 0.269458
vt 0.354785 0.269497
vt 0.358010 0.269544
vt 0.360899 0.269597
vt 0.363456 0.269658
vt 0.271034 0.710037
vt 0.273710 0.710131
vt 0.286801 0.595874
vt 0.284291 0.595930
vt 0.289688 0.595823
vt 0.292962 0.595779
vt 0.296647 0.595741
vt 0.300788 0.595708
vt 0.305487 0.595683
vt 0.311007 0.595662
vt 0.326092 0.633412
vt 0.320759 0.633419
vt 0.329736 0.633413
vt 0.332915 0.633421
vt 0.335798 0.633435
vt 0.338450 0.633454
vt 0.340901 0.633478
vt 0.343163 0.633508
vt 0.345244 0.633544
vt 0.347146 0.633585
vt 0.456240 0.269353
vt 0.458905 0.269379
vt 0.452095 0.307068
vt 0.450118 0.307052
vt 0.302242 0.307283
vt 0.300397 0.307323
vt 0.304304 0.307248
vt 0.306591 0.307218
vt 0.309116 0.307194
vt 0.311910 0.307175
vt 0.315039 0.307161
vt 0.318674 0.307153
vt 0.324054 0.307150
vt 0.329435 0.307153
vt 0.333073 0.307161
vt 0.336206 0.307175
vt 0.339007 0.307194
vt 0.341540 0.307218
vt 0.343837 0.307248
vt 0.345911 0.307283
vt 0.347769 0.307323
vt 0.349414 0.307368
vt 0.277581 0.671856
vt 0.279565 0.671914
vt 0.268614 0.709924
vt 0.275793 0.671786
vt 0.301838 0.633547
vt 0.300013 0.633585
vt 0.303916 0.633515
vt 0.306263 0.633487
vt 0.308909 0.633464
vt 0.311917 0.633445
vt 0.315459 0.633431
vt 0.338845 0.364500
vt 0.338776 0.366167
vt 0.335887 0.367125
vt 0.338832 0.368085
vt 0.339000 0.369740
vt 0.305297 0.043505
vt 0.305499 0.041850
vt 0.308424 0.040884
vt 0.305553 0.039932
vt 0.305445 0.038264
vt 0.342674 0.038264
vt 0.342567 0.039932
vt 0.339693 0.040884
vt 0.342621 0.041850
vt 0.342821 0.043505
vt 0.301922 0.369806
vt 0.302152 0.368150
vt 0.304990 0.367179
vt 0.302202 0.366232
vt 0.302059 0.364565
vt 0.392547 0.225488
vt 0.392604 0.227173
vt 0.390724 0.228232
vt 0.392776 0.229056
vt 0.393016 0.230631
vt 0.457920 0.230570
vt 0.458066 0.228995
vt 0.460320 0.228167
vt 0.458177 0.227112
vt 0.458223 0.225426
vt 0.337715 0.754241
vt 0.337648 0.752555
vt 0.339515 0.751422
vt 0.337465 0.750662
vt 0.337214 0.749069
vt 0.272336 0.749672
vt 0.272202 0.751269
vt 0.269947 0.752069
vt 0.272102 0.753164
vt 0.272065 0.754851
vt 0.605353 0.938608
vt 0.605141 0.940271
vt 0.603176 0.941391
vt 0.605141 0.942199
vt 0.605353 0.943876
vt 0.448115 0.309748
vt 0.448077 0.308057
vt 0.449970 0.307052
vt 0.448145 0.306144
vt 0.448301 0.304524
vt 0.321672 0.674137
vt 0.321431 0.672504
vt 0.322944 0.671515
vt 0.604805 0.952832
vt 0.603176 0.951798
vt 0.604805 0.950784
vt 0.321309 0.670585
vt 0.321338 0.668895
vt 0.281562 0.669265
vt 0.281609 0.670955
vt 0.279714 0.671917
vt 0.281552 0.672875
vt 0.281407 0.674512
vt 0.318819 0.331988
vt 0.310699 0.332006
vt 0.310661 0.330693
vt 0.318823 0.330674
vt 0.310786 0.329748
vt 0.318938 0.329730
vt 0.482654 0.610234
vt 0.482654 0.618513
vt 0.481385 0.618479
vt 0.481385 0.610260
vt 0.480999 0.623934
vt 0.482261 0.624061
vt 0.305390 0.329770
vt 0.305221 0.330714
vt 0.305273 0.332027
vt 0.480275 0.628581
vt 0.481521 0.628818
vt 0.300835 0.329798
vt 0.300607 0.330742
vt 0.300663 0.332055
vt 0.479229 0.632693
vt 0.480443 0.633054
vt 0.296852 0.329833
vt 0.296556 0.330777
vt 0.296609 0.332089
vt 0.477870 0.636383
vt 0.479036 0.636874
vt 0.293335 0.329874
vt 0.292966 0.330819
vt 0.293013 0.332131
vt 0.476205 0.639706
vt 0.477305 0.640329
vt 0.290235 0.329923
vt 0.289791 0.330869
vt 0.289828 0.332180
vt 0.474237 0.642695
vt 0.475252 0.643448
vt 0.477940 0.640665
vt 0.475833 0.643866
vt 0.287005 0.330925
vt 0.287032 0.332237
vt 0.471966 0.645373
vt 0.472878 0.646247
vt 0.473394 0.646742
vt 0.267685 0.974666
vt 0.264956 0.974559
vt 0.264953 0.973247
vt 0.267693 0.973355
vt 0.469385 0.647752
vt 0.470179 0.648734
vt 0.271097 0.975684
vt 0.268152 0.975597
vt 0.270712 0.974755
vt 0.270733 0.973444
vt 0.466480 0.649841
vt 0.467148 0.650914
vt 0.274342 0.975753
vt 0.274042 0.974825
vt 0.274076 0.973515
vt 0.463228 0.651642
vt 0.463767 0.652786
vt 0.277902 0.975804
vt 0.277688 0.974878
vt 0.277732 0.973567
vt 0.459597 0.653152
vt 0.460008 0.654350
vt 0.281805 0.975837
vt 0.281671 0.974911
vt 0.281723 0.973600
vt 0.455531 0.654367
vt 0.455820 0.655601
vt 0.286101 0.975851
vt 0.286041 0.974925
vt 0.286095 0.973613
vt 0.450920 0.655281
vt 0.451099 0.656537
vt 0.290895 0.975846
vt 0.290897 0.974920
vt 0.290947 0.973607
vt 0.445485 0.655892
vt 0.445570 0.657158
vt 0.296458 0.975818
vt 0.296506 0.974891
vt 0.296542 0.973578
vt 0.437272 0.656231
vt 0.437298 0.657500
vt 0.304720 0.975749
vt 0.304777 0.974822
vt 0.304771 0.973510
vt 0.429053 0.656231
vt 0.429020 0.657500
vt 0.312952 0.975665
vt 0.313020 0.974738
vt 0.312971 0.973426
vt 0.423597 0.655845
vt 0.423470 0.657107
vt 0.318429 0.975590
vt 0.318541 0.974663
vt 0.318479 0.973351
vt 0.418952 0.655122
vt 0.418714 0.656367
vt 0.323080 0.975508
vt 0.323253 0.974579
vt 0.323186 0.973269
vt 0.414839 0.654075
vt 0.414478 0.655289
vt 0.327178 0.975415
vt 0.327421 0.974486
vt 0.327357 0.973175
vt 0.411149 0.652716
vt 0.410658 0.653882
vt 0.330828 0.975312
vt 0.331147 0.974381
vt 0.331090 0.973071
vt 0.407826 0.651051
vt 0.407203 0.652150
vt 0.334082 0.975197
vt 0.334478 0.974264
vt 0.334431 0.972954
vt 0.404837 0.649083
vt 0.404084 0.650097
vt 0.406866 0.652785
vt 0.403665 0.650678
vt 0.337439 0.974135
vt 0.337403 0.972824
vt 0.402160 0.646812
vt 0.401285 0.647724
vt 0.400790 0.648239
vt 0.340041 0.973993
vt 0.340016 0.972683
vt 0.399780 0.644231
vt 0.398798 0.645025
vt 0.398234 0.645467
vt 0.357536 0.004597
vt 0.360371 0.004658
vt 0.360355 0.005970
vt 0.357507 0.005908
vt 0.397691 0.641325
vt 0.396618 0.641993
vt 0.354023 0.003599
vt 0.357108 0.003651
vt 0.354370 0.004544
vt 0.354329 0.005855
vt 0.395891 0.638074
vt 0.394746 0.638612
vt 0.350597 0.003555
vt 0.350862 0.004499
vt 0.350810 0.005811
vt 0.394380 0.634444
vt 0.393182 0.634854
vt 0.346800 0.003519
vt 0.346986 0.004462
vt 0.346928 0.005775
vt 0.393165 0.630377
vt 0.391931 0.630666
vt 0.342583 0.003491
vt 0.342697 0.004434
vt 0.342636 0.005747
vt 0.392251 0.625765
vt 0.390995 0.625944
vt 0.337839 0.003470
vt 0.337892 0.004414
vt 0.337835 0.005727
vt 0.391641 0.620331
vt 0.390374 0.620416
vt 0.332298 0.003458
vt 0.332304 0.004401
vt 0.332262 0.005715
vt 0.391302 0.612118
vt 0.390032 0.612144
vt 0.324020 0.003454
vt 0.324017 0.004397
vt 0.324016 0.005711
vt 0.391302 0.603899
vt 0.390032 0.603865
vt 0.315744 0.003458
vt 0.315731 0.004401
vt 0.315773 0.005715
vt 0.391688 0.598444
vt 0.390425 0.598317
vt 0.310206 0.003470
vt 0.310147 0.004414
vt 0.310204 0.005727
vt 0.392411 0.593798
vt 0.391165 0.593560
vt 0.305469 0.003491
vt 0.305349 0.004434
vt 0.305410 0.005747
vt 0.393457 0.589685
vt 0.392243 0.589324
vt 0.301262 0.003519
vt 0.301070 0.004462
vt 0.301128 0.005775
vt 0.394816 0.585995
vt 0.393650 0.585504
vt 0.297478 0.003555
vt 0.297207 0.004499
vt 0.297258 0.005811
vt 0.396481 0.582673
vt 0.395382 0.582049
vt 0.294066 0.003599
vt 0.293714 0.004544
vt 0.293755 0.005855
vt 0.398449 0.579683
vt 0.397435 0.578930
vt 0.290999 0.003651
vt 0.290566 0.004597
vt 0.290595 0.005908
vt 0.400720 0.577006
vt 0.399808 0.576131
vt 0.396853 0.578510
vt 0.399292 0.575635
vt 0.287752 0.004658
vt 0.287768 0.005970
vt 0.403301 0.574626
vt 0.402507 0.573644
vt 0.460244 0.003515
vt 0.463180 0.003538
vt 0.463644 0.004492
vt 0.460628 0.004468
vt 0.463629 0.005804
vt 0.460600 0.005780
vt 0.406207 0.572538
vt 0.405538 0.571464
vt 0.457009 0.003495
vt 0.457306 0.004448
vt 0.457266 0.005760
vt 0.409458 0.570737
vt 0.408920 0.569591
vt 0.453455 0.003479
vt 0.453668 0.004432
vt 0.453617 0.005744
vt 0.413089 0.569226
vt 0.412678 0.568028
vt 0.449558 0.003467
vt 0.449690 0.004420
vt 0.449631 0.005733
vt 0.417155 0.568011
vt 0.416866 0.566776
vt 0.445266 0.003458
vt 0.445325 0.004412
vt 0.445263 0.005725
vt 0.421766 0.567097
vt 0.421588 0.565841
vt 0.440474 0.003454
vt 0.440470 0.004408
vt 0.440413 0.005721
vt 0.427202 0.566487
vt 0.427116 0.565220
vt 0.434911 0.003454
vt 0.434862 0.004408
vt 0.434819 0.005722
vt 0.435414 0.566148
vt 0.435388 0.564878
vt 0.426647 0.003459
vt 0.426588 0.004414
vt 0.426587 0.005728
vt 0.443633 0.566148
vt 0.443667 0.564878
vt 0.418410 0.003469
vt 0.418341 0.004423
vt 0.418383 0.005737
vt 0.449089 0.566534
vt 0.449216 0.565271
vt 0.412929 0.003480
vt 0.412815 0.004433
vt 0.412871 0.005747
vt 0.453734 0.567257
vt 0.453972 0.566011
vt 0.408272 0.003493
vt 0.408097 0.004447
vt 0.408157 0.005760
vt 0.457847 0.568303
vt 0.458208 0.567088
vt 0.404166 0.003509
vt 0.403922 0.004463
vt 0.403979 0.005775
vt 0.461537 0.569663
vt 0.462028 0.568496
vt 0.400508 0.003529
vt 0.400187 0.004482
vt 0.400238 0.005794
vt 0.464860 0.571328
vt 0.465483 0.570228
vt 0.397245 0.003551
vt 0.396846 0.004505
vt 0.396886 0.005817
vt 0.467849 0.573295
vt 0.468602 0.572280
vt 0.394349 0.003577
vt 0.393874 0.004531
vt 0.393903 0.005842
vt 0.470526 0.575566
vt 0.471401 0.574654
vt 0.355934 0.329915
vt 0.358759 0.329976
vt 0.359257 0.330925
vt 0.356354 0.330862
vt 0.359253 0.332237
vt 0.356338 0.332174
vt 0.472906 0.578147
vt 0.473888 0.577353
vt 0.352843 0.329862
vt 0.353179 0.330808
vt 0.353149 0.332119
vt 0.474995 0.581053
vt 0.476068 0.580384
vt 0.349478 0.329818
vt 0.349725 0.330762
vt 0.349682 0.332074
vt 0.476796 0.584304
vt 0.477941 0.583765
vt 0.345823 0.329781
vt 0.345982 0.330725
vt 0.345928 0.332037
vt 0.478306 0.587935
vt 0.479504 0.587524
vt 0.341849 0.329753
vt 0.341926 0.330697
vt 0.341864 0.332009
vt 0.479521 0.592001
vt 0.480755 0.591712
vt 0.337508 0.329733
vt 0.337510 0.330677
vt 0.337446 0.331990
vt 0.480435 0.596613
vt 0.481691 0.596434
vt 0.332695 0.329721
vt 0.332635 0.330665
vt 0.332575 0.331979
vt 0.481046 0.602048
vt 0.482312 0.601962
vt 0.327143 0.329719
vt 0.327038 0.330664
vt 0.326992 0.331977
vt 0.342148 0.364524
vt 0.342059 0.366190
vt 0.342125 0.368107
vt 0.342326 0.369760
vt 0.345199 0.364554
vt 0.345093 0.366220
vt 0.345165 0.368134
vt 0.345398 0.369784
vt 0.348017 0.364592
vt 0.347893 0.366256
vt 0.347972 0.368167
vt 0.348232 0.369813
vt 0.350609 0.364636
vt 0.350470 0.366299
vt 0.350554 0.368207
vt 0.350839 0.369849
vt 0.352979 0.364686
vt 0.352825 0.366348
vt 0.352913 0.368253
vt 0.353219 0.369891
vt 0.400729 0.038211
vt 0.403154 0.038188
vt 0.403350 0.039846
vt 0.400943 0.039869
vt 0.403377 0.041747
vt 0.400973 0.041773
vt 0.403227 0.043381
vt 0.400811 0.043412
vt 0.405878 0.038168
vt 0.406054 0.039826
vt 0.406077 0.041725
vt 0.405940 0.043355
vt 0.408919 0.038151
vt 0.409073 0.039809
vt 0.409092 0.041705
vt 0.408970 0.043332
vt 0.412315 0.038136
vt 0.412444 0.039794
vt 0.412458 0.041689
vt 0.412352 0.043314
vt 0.416147 0.038124
vt 0.416247 0.039782
vt 0.416255 0.041676
vt 0.416169 0.043299
vt 0.420627 0.038115
vt 0.420695 0.039773
vt 0.420697 0.041666
vt 0.420632 0.043288
vt 0.427297 0.038107
vt 0.427315 0.039765
vt 0.427307 0.041658
vt 0.427275 0.043280
vt 0.433989 0.038102
vt 0.433957 0.039760
vt 0.433940 0.041654
vt 0.433941 0.043276
vt 0.438536 0.038103
vt 0.438471 0.039761
vt 0.438447 0.041655
vt 0.438471 0.043278
vt 0.442478 0.038108
vt 0.442385 0.039766
vt 0.442356 0.041661
vt 0.442399 0.043285
vt 0.446029 0.038116
vt 0.445909 0.039774
vt 0.445876 0.041671
vt 0.445937 0.043298
vt 0.449269 0.038128
vt 0.449126 0.039786
vt 0.449088 0.041684
vt 0.449166 0.043314
vt 0.452234 0.038142
vt 0.452070 0.039801
vt 0.452029 0.041702
vt 0.452123 0.043336
vt 0.454944 0.038160
vt 0.454760 0.039819
vt 0.454717 0.041723
vt 0.454825 0.043361
vt 0.457406 0.038180
vt 0.457205 0.039840
vt 0.457159 0.041747
vt 0.457281 0.043390
vt 0.294586 0.038425
vt 0.296883 0.038375
vt 0.297042 0.040039
vt 0.294758 0.040088
vt 0.296965 0.041951
vt 0.294676 0.041996
vt 0.296673 0.043597
vt 0.294360 0.043638
vt 0.299452 0.038332
vt 0.299595 0.039997
vt 0.299525 0.041912
vt 0.299259 0.043562
vt 0.302299 0.038295
vt 0.302426 0.039961
vt 0.302363 0.041878
vt 0.302128 0.043531
vt 0.345829 0.038295
vt 0.345704 0.039961
vt 0.345767 0.041878
vt 0.346001 0.043531
vt 0.348690 0.038332
vt 0.348548 0.039997
vt 0.348618 0.041912
vt 0.348882 0.043562
vt 0.351273 0.038375
vt 0.351116 0.040039
vt 0.351193 0.041951
vt 0.351483 0.043597
vt 0.353587 0.038425
vt 0.353416 0.040088
vt 0.353499 0.041996
vt 0.353813 0.043638
vt 0.332499 0.940170
vt 0.330375 0.940286
vt 0.330152 0.938624
vt 0.332260 0.938508
vt 0.330112 0.936726
vt 0.332218 0.936606
vt 0.330268 0.935099
vt 0.332384 0.934975
vt 0.327960 0.940392
vt 0.327754 0.938730
vt 0.327718 0.936835
vt 0.327861 0.935214
vt 0.325244 0.940489
vt 0.325058 0.938827
vt 0.325026 0.936934
vt 0.325156 0.935318
vt 0.322210 0.940576
vt 0.322047 0.938914
vt 0.322019 0.937023
vt 0.322133 0.935410
vt 0.318820 0.940654
vt 0.318682 0.938991
vt 0.318659 0.937102
vt 0.318757 0.935492
vt 0.314993 0.940723
vt 0.314883 0.939060
vt 0.314865 0.937171
vt 0.314945 0.935563
vt 0.310516 0.940785
vt 0.310439 0.939121
vt 0.310428 0.937233
vt 0.310486 0.935626
vt 0.303850 0.940853
vt 0.303822 0.939189
vt 0.303821 0.937301
vt 0.303846 0.935695
vt 0.297161 0.940909
vt 0.297182 0.939244
vt 0.297190 0.937356
vt 0.297183 0.935750
vt 0.292613 0.940931
vt 0.292668 0.939266
vt 0.292682 0.937378
vt 0.292652 0.935771
vt 0.288669 0.940934
vt 0.288753 0.939270
vt 0.288773 0.937380
vt 0.288723 0.935771
vt 0.285115 0.940921
vt 0.285225 0.939256
vt 0.285249 0.937365
vt 0.285182 0.935754
vt 0.281871 0.940892
vt 0.282005 0.939227
vt 0.282033 0.937334
vt 0.281948 0.935719
vt 0.278900 0.940848
vt 0.279054 0.939183
vt 0.279086 0.937287
vt 0.278985 0.935668
vt 0.276182 0.940789
vt 0.276357 0.939124
vt 0.276391 0.937225
vt 0.276275 0.935601
vt 0.273712 0.940716
vt 0.273904 0.939050
vt 0.273940 0.937148
vt 0.273810 0.935519
vt 0.271484 0.940629
vt 0.271692 0.938962
vt 0.271729 0.937057
vt 0.271587 0.935422
vt 0.294274 0.364687
vt 0.296547 0.364641
vt 0.296722 0.366306
vt 0.294463 0.366351
vt 0.296656 0.368220
vt 0.294389 0.368262
vt 0.296365 0.369871
vt 0.294074 0.369909
vt 0.299136 0.364600
vt 0.299296 0.366266
vt 0.299237 0.368183
vt 0.298975 0.369837
vt 0.396128 0.225454
vt 0.396179 0.227139
vt 0.396336 0.229018
vt 0.396555 0.230590
vt 0.400145 0.225426
vt 0.400190 0.227109
vt 0.400329 0.228985
vt 0.400524 0.230552
vt 0.404648 0.225403
vt 0.404686 0.227084
vt 0.404805 0.228957
vt 0.404974 0.230520
vt 0.409746 0.225385
vt 0.409776 0.227065
vt 0.409873 0.228935
vt 0.410013 0.230495
vt 0.415724 0.225371
vt 0.415744 0.227051
vt 0.415816 0.228920
vt 0.415921 0.230477
vt 0.424643 0.225360
vt 0.424649 0.227039
vt 0.424683 0.228908
vt 0.424736 0.230465
vt 0.433603 0.225354
vt 0.433595 0.227034
vt 0.433591 0.228903
vt 0.433593 0.230461
vt 0.439705 0.225357
vt 0.439688 0.227037
vt 0.439658 0.228908
vt 0.439624 0.230467
vt 0.445010 0.225365
vt 0.444985 0.227047
vt 0.444932 0.228920
vt 0.444867 0.230483
vt 0.449802 0.225380
vt 0.449769 0.227062
vt 0.449696 0.228939
vt 0.449602 0.230506
vt 0.454190 0.225400
vt 0.454150 0.227084
vt 0.454057 0.228964
vt 0.453936 0.230536
vt 0.334148 0.754405
vt 0.334088 0.752720
vt 0.333920 0.750830
vt 0.333690 0.749240
vt 0.330144 0.754550
vt 0.330090 0.752867
vt 0.329939 0.750979
vt 0.329733 0.749393
vt 0.325651 0.754675
vt 0.325604 0.752993
vt 0.325473 0.751109
vt 0.325293 0.749526
vt 0.320561 0.754783
vt 0.320523 0.753102
vt 0.320413 0.751219
vt 0.320263 0.749639
vt 0.314589 0.754874
vt 0.314560 0.753194
vt 0.314476 0.751312
vt 0.314360 0.749733
vt 0.305676 0.754969
vt 0.305660 0.753289
vt 0.305614 0.751407
vt 0.305550 0.749828
vt 0.296718 0.755040
vt 0.296717 0.753360
vt 0.296708 0.751477
vt 0.296696 0.749897
vt 0.290614 0.755061
vt 0.290622 0.753380
vt 0.290640 0.751496
vt 0.290663 0.749914
vt 0.285306 0.755050
vt 0.285322 0.753368
vt 0.285363 0.751481
vt 0.285417 0.749896
vt 0.280507 0.755011
vt 0.280530 0.753327
vt 0.280592 0.751438
vt 0.280675 0.749849
vt 0.276110 0.754945
vt 0.276140 0.753259
vt 0.276222 0.751366
vt 0.276331 0.749773
vt 0.408019 0.304561
vt 0.410255 0.304552
vt 0.410464 0.306169
vt 0.408249 0.306182
vt 0.410565 0.308079
vt 0.408361 0.308094
vt 0.410531 0.309770
vt 0.408323 0.309786
vt 0.412750 0.304543
vt 0.412935 0.306159
vt 0.413026 0.308067
vt 0.412997 0.309757
vt 0.415537 0.304536
vt 0.415696 0.306150
vt 0.415774 0.308057
vt 0.415750 0.309746
vt 0.418681 0.304530
vt 0.418810 0.306142
vt 0.418874 0.308048
vt 0.418857 0.309738
vt 0.422357 0.304525
vt 0.422451 0.306136
vt 0.422500 0.308041
vt 0.422490 0.309731
vt 0.427830 0.304519
vt 0.427872 0.306130
vt 0.427897 0.308035
vt 0.427897 0.309724
vt 0.433321 0.304514
vt 0.433311 0.306126
vt 0.433311 0.308031
vt 0.433322 0.309720
vt 0.437053 0.304513
vt 0.437007 0.306125
vt 0.436991 0.308031
vt 0.437009 0.309721
vt 0.440289 0.304513
vt 0.440212 0.306127
vt 0.440181 0.308034
vt 0.440205 0.309723
vt 0.443204 0.304515
vt 0.443099 0.306130
vt 0.443055 0.308039
vt 0.443084 0.309729
vt 0.445865 0.304518
vt 0.445733 0.306136
vt 0.445677 0.308047
vt 0.445710 0.309737
vt 0.319443 0.674211
vt 0.319224 0.672580
vt 0.319111 0.670662
vt 0.319136 0.668973
vt 0.316954 0.674277
vt 0.316758 0.672647
vt 0.316656 0.670731
vt 0.316676 0.669042
vt 0.314172 0.674336
vt 0.314002 0.672708
vt 0.313913 0.670793
vt 0.313927 0.669105
vt 0.311032 0.674389
vt 0.310892 0.672762
vt 0.310816 0.670847
vt 0.310825 0.669159
vt 0.307358 0.674438
vt 0.307253 0.672810
vt 0.307194 0.670896
vt 0.307195 0.669209
vt 0.301889 0.674494
vt 0.301835 0.672866
vt 0.301800 0.670952
vt 0.301791 0.669264
vt 0.296399 0.674540
vt 0.296398 0.672911
vt 0.296387 0.670997
vt 0.296367 0.669309
vt 0.292667 0.674560
vt 0.292702 0.672931
vt 0.292707 0.671016
vt 0.292680 0.669328
vt 0.289430 0.674566
vt 0.289496 0.672936
vt 0.289515 0.671020
vt 0.289483 0.669332
vt 0.286512 0.674560
vt 0.286607 0.672928
vt 0.286639 0.671010
vt 0.286601 0.669322
vt 0.283848 0.674542
vt 0.283969 0.672907
vt 0.284014 0.670989
vt 0.283971 0.669300
vt 0.393239 0.102032
vt 0.390032 0.102066
vt 0.396852 0.102003
vt 0.400895 0.101977
vt 0.405419 0.101956
vt 0.410531 0.101940
vt 0.416518 0.101927
vt 0.425439 0.101916
vt 0.434396 0.101910
vt 0.440490 0.101912
vt 0.445781 0.101919
vt 0.450553 0.101931
vt 0.454914 0.101948
vt 0.458915 0.101971
vt 0.462580 0.101998
vt 0.465918 0.102030
vt 0.355874 0.043686
vt 0.337630 0.877258
vt 0.340822 0.877095
vt 0.334030 0.877405
vt 0.329998 0.877536
vt 0.325484 0.877650
vt 0.320379 0.877750
vt 0.314397 0.877836
vt 0.305481 0.877930
vt 0.296526 0.878002
vt 0.290432 0.878028
vt 0.285138 0.878025
vt 0.280361 0.877997
vt 0.275991 0.877945
vt 0.271981 0.877869
vt 0.292093 0.369953
vt 0.380057 0.554736
vt 0.373663 0.428550
vt 0.382046 0.552056
vt 0.403668 0.269358
vt 0.400773 0.269381
vt 0.381077 0.557199
vt 0.362611 0.595917
vt 0.400441 0.176770
vt 0.400562 0.156812
vt 0.400050 0.159697
vt 0.399671 0.163219
vt 0.399528 0.166774
vt 0.399624 0.170327
vt 0.399959 0.173846
vt 0.406906 0.269339
vt 0.404873 0.189414
vt 0.400528 0.177296
vt 0.401333 0.180645
vt 0.402361 0.183861
vt 0.403468 0.186581
vt 0.403603 0.186912
vt 0.400665 0.156242
vt 0.405156 0.144124
vt 0.403870 0.146606
vt 0.402583 0.149665
vt 0.402365 0.150313
vt 0.401512 0.152888
vt 0.410527 0.269322
vt 0.409931 0.196289
vt 0.405055 0.189770
vt 0.406706 0.192408
vt 0.408532 0.194798
vt 0.408679 0.194954
vt 0.405358 0.143740
vt 0.410307 0.137215
vt 0.408905 0.138698
vt 0.407044 0.141096
vt 0.406804 0.141468
vt 0.414619 0.269309
vt 0.415883 0.200754
vt 0.410525 0.196919
vt 0.412668 0.198749
vt 0.414930 0.200271
vt 0.416320 0.132726
vt 0.415373 0.133207
vt 0.413091 0.134735
vt 0.411951 0.135698
vt 0.410925 0.136571
vt 0.419410 0.269299
vt 0.424787 0.203028
vt 0.417301 0.201471
vt 0.419753 0.202335
vt 0.422256 0.202856
vt 0.425255 0.130433
vt 0.422726 0.130611
vt 0.420218 0.131136
vt 0.417757 0.132004
vt 0.426547 0.269290
vt 0.427331 0.202851
vt 0.429852 0.202325
vt 0.432327 0.201456
vt 0.433761 0.200739
vt 0.434198 0.132711
vt 0.432764 0.131990
vt 0.430304 0.131127
vt 0.427794 0.130606
vt 0.433713 0.269286
vt 0.434739 0.200253
vt 0.437067 0.198726
vt 0.439277 0.196892
vt 0.439890 0.196264
vt 0.440266 0.137191
vt 0.439644 0.136544
vt 0.437462 0.134713
vt 0.435759 0.133587
vt 0.435157 0.133189
vt 0.438586 0.269287
vt 0.441361 0.194767
vt 0.443292 0.192373
vt 0.443776 0.191649
vt 0.445041 0.189733
vt 0.445235 0.189380
vt 0.445517 0.144090
vt 0.445312 0.143703
vt 0.443597 0.141062
vt 0.441843 0.138847
vt 0.441701 0.138668
vt 0.442817 0.269292
vt 0.449999 0.177250
vt 0.450098 0.176728
vt 0.446612 0.186872
vt 0.447972 0.183819
vt 0.448408 0.182586
vt 0.449104 0.180601
vt 0.450219 0.156771
vt 0.450118 0.156196
vt 0.449261 0.152844
vt 0.448168 0.149624
vt 0.447267 0.147537
vt 0.446848 0.146567
vt 0.446632 0.269301
vt 0.450658 0.173799
vt 0.451065 0.170280
vt 0.451215 0.166726
vt 0.451105 0.163172
vt 0.450738 0.159650
vt 0.450117 0.269315
vt 0.453314 0.269332
vt 0.461910 0.228181
vt 0.340868 0.751343
vt 0.326280 0.709834
vt 0.329165 0.709719
vt 0.331724 0.709592
vt 0.330080 0.808105
vt 0.330069 0.817901
vt 0.330223 0.816410
vt 0.330342 0.812980
vt 0.330228 0.809558
vt 0.323051 0.709937
vt 0.329881 0.806177
vt 0.329304 0.802868
vt 0.328503 0.799664
vt 0.327485 0.796597
vt 0.327102 0.795682
vt 0.326258 0.793693
vt 0.325600 0.792433
vt 0.325543 0.833822
vt 0.326220 0.832508
vt 0.327455 0.829536
vt 0.328217 0.827214
vt 0.328482 0.826409
vt 0.329288 0.823157
vt 0.329871 0.819813
vt 0.319436 0.710027
vt 0.324829 0.790977
vt 0.323212 0.788477
vt 0.321842 0.786740
vt 0.321427 0.786218
vt 0.320516 0.785275
vt 0.320433 0.841193
vt 0.321363 0.840204
vt 0.323158 0.837867
vt 0.323846 0.836776
vt 0.324784 0.835294
vt 0.315350 0.710105
vt 0.314549 0.780745
vt 0.319481 0.784215
vt 0.317395 0.782490
vt 0.315843 0.781481
vt 0.315197 0.781063
vt 0.314447 0.845908
vt 0.315108 0.845568
vt 0.317315 0.844071
vt 0.318734 0.842855
vt 0.319409 0.842279
vt 0.310564 0.710174
vt 0.312893 0.779939
vt 0.310514 0.779133
vt 0.308089 0.778658
vt 0.305638 0.778517
vt 0.305527 0.848330
vt 0.307982 0.848136
vt 0.310413 0.847608
vt 0.312798 0.846750
vt 0.303430 0.710248
vt 0.296678 0.780915
vt 0.303176 0.778703
vt 0.300737 0.779224
vt 0.298344 0.780074
vt 0.296576 0.846077
vt 0.298230 0.846885
vt 0.300622 0.847699
vt 0.303062 0.848182
vt 0.296267 0.710307
vt 0.290569 0.785561
vt 0.296015 0.781241
vt 0.293765 0.782709
vt 0.291629 0.784473
vt 0.290486 0.841479
vt 0.291527 0.842537
vt 0.293657 0.844290
vt 0.294945 0.845128
vt 0.295903 0.845746
vt 0.291393 0.710328
vt 0.285254 0.792818
vt 0.289619 0.786512
vt 0.287751 0.788804
vt 0.286774 0.790269
vt 0.286060 0.791336
vt 0.285198 0.834207
vt 0.285983 0.835654
vt 0.287664 0.838195
vt 0.288832 0.839647
vt 0.289522 0.840498
vt 0.287160 0.710327
vt 0.280443 0.808579
vt 0.284550 0.794078
vt 0.283236 0.797004
vt 0.282198 0.799930
vt 0.282141 0.800091
vt 0.281281 0.803312
vt 0.280659 0.806634
vt 0.280432 0.818375
vt 0.280637 0.820271
vt 0.281248 0.823602
vt 0.282098 0.826837
vt 0.283178 0.829943
vt 0.283342 0.830319
vt 0.284482 0.832894
vt 0.283341 0.710306
vt 0.280278 0.810022
vt 0.280146 0.813446
vt 0.280267 0.816874
vt 0.279849 0.710266
vt 0.276645 0.710208
vt 0.406722 0.307092
vt 0.406590 0.307093
vt 0.398203 0.269408
vt 0.407324 0.322414
vt 0.409651 0.322141
vt 0.408752 0.322195
vt 0.405933 0.322478
vt 0.405257 0.322579
vt 0.412248 0.321778
vt 0.411804 0.321808
vt 0.415142 0.321351
vt 0.414992 0.321361
vt 0.418396 0.320896
vt 0.418233 0.320906
vt 0.422186 0.320467
vt 0.421465 0.320501
vt 0.423576 0.320321
vt 0.427804 0.320169
vt 0.424655 0.320231
vt 0.433436 0.320456
vt 0.432043 0.320313
vt 0.430962 0.320225
vt 0.434167 0.320489
vt 0.437274 0.320878
vt 0.437442 0.320888
vt 0.440614 0.321327
vt 0.440771 0.321337
vt 0.443632 0.321748
vt 0.444105 0.321777
vt 0.446391 0.322107
vt 0.447369 0.322159
vt 0.448919 0.322375
vt 0.451226 0.322536
vt 0.450472 0.322437
vt 0.323076 0.671509
vt 0.320853 0.656574
vt 0.322275 0.656316
vt 0.319956 0.656653
vt 0.323660 0.656203
vt 0.324334 0.656080
vt 0.317810 0.657034
vt 0.317367 0.657074
vt 0.314630 0.657539
vt 0.314480 0.657552
vt 0.311396 0.658040
vt 0.311232 0.658053
vt 0.308168 0.658481
vt 0.307447 0.658524
vt 0.306059 0.658682
vt 0.301834 0.658871
vt 0.304981 0.658781
vt 0.296203 0.658629
vt 0.297595 0.658760
vt 0.298676 0.658840
vt 0.292362 0.658228
vt 0.295471 0.658599
vt 0.289018 0.657789
vt 0.292194 0.658219
vt 0.285996 0.657365
vt 0.288862 0.657779
vt 0.283232 0.656994
vt 0.285523 0.657334
vt 0.280698 0.656702
vt 0.282251 0.656933
vt 0.278384 0.656508
vt 0.279140 0.656617
vt 0.316322 0.646708
vt 0.314945 0.646854
vt 0.320508 0.646551
vt 0.317391 0.646617
vt 0.326096 0.646834
vt 0.324716 0.646693
vt 0.323643 0.646606
vt 0.329923 0.647258
vt 0.326826 0.646868
vt 0.333273 0.647710
vt 0.330092 0.647268
vt 0.336320 0.648139
vt 0.333431 0.647720
vt 0.339130 0.648508
vt 0.336802 0.648170
vt 0.341728 0.648791
vt 0.340136 0.648566
vt 0.344125 0.648968
vt 0.343342 0.648864
vt 0.346324 0.649032
vt 0.346324 0.649032
vt 0.348332 0.649049
vt 0.453315 0.322579
vt 0.299060 0.322812
vt 0.301010 0.322743
vt 0.299060 0.322812
vt 0.303198 0.322560
vt 0.301726 0.322637
vt 0.305628 0.322273
vt 0.304689 0.322332
vt 0.308311 0.321898
vt 0.307851 0.321930
vt 0.311273 0.321463
vt 0.311119 0.321474
vt 0.314578 0.321004
vt 0.314412 0.321015
vt 0.318404 0.320574
vt 0.317675 0.320609
vt 0.319799 0.320430
vt 0.324046 0.320281
vt 0.320883 0.320341
vt 0.327210 0.320341
vt 0.329690 0.320574
vt 0.328294 0.320430
vt 0.330419 0.320609
vt 0.333518 0.321004
vt 0.333684 0.321015
vt 0.336828 0.321463
vt 0.336982 0.321474
vt 0.339796 0.321898
vt 0.340257 0.321930
vt 0.342487 0.322273
vt 0.343431 0.322332
vt 0.344927 0.322560
vt 0.346408 0.322637
vt 0.347128 0.322743
vt 0.349092 0.322812
vt 0.349092 0.322812
vt 0.326137 0.655956
vt 0.324781 0.671417
vt 0.276287 0.656420
vt 0.274400 0.656372
vt 0.276287 0.656420
vt 0.299191 0.648942
vt 0.298556 0.649049
vt 0.300495 0.648864
vt 0.301854 0.648634
vt 0.302710 0.648573
vt 0.304782 0.648227
vt 0.305210 0.648194
vt 0.307877 0.647766
vt 0.308022 0.647755
vt 0.311049 0.647301
vt 0.311209 0.647291
vt 0.314234 0.646890
vt 0.552370 0.014821
vt 0.552363 0.014674
vt 0.555545 0.014674
vt 0.555533 0.014917
vt 0.551287 0.014780
vt 0.522027 0.042323
vt 0.521881 0.042302
vt 0.522092 0.041241
vt 0.521813 0.045480
vt 0.521569 0.045468
vt 0.603176 0.959738
vt 0.521569 0.048650
vt 0.521716 0.048643
vt 0.521675 0.049726
vt 0.549197 0.079132
vt 0.548137 0.078921
vt 0.549219 0.078987
vt 0.552364 0.079444
vt 0.552376 0.079201
vt 0.555538 0.079297
vt 0.555546 0.079444
vt 0.556622 0.079338
vt 0.585882 0.051795
vt 0.586028 0.051816
vt 0.585817 0.052876
vt 0.586339 0.048650
vt 0.586096 0.048638
vt 0.586193 0.045475
vt 0.586339 0.045468
vt 0.586233 0.044392
vt 0.558690 0.015131
vt 0.558712 0.014986
vt 0.559772 0.015197
vt 0.552137 0.010137
vt 0.555765 0.010137
vt 0.549893 0.014724
vt 0.549161 0.014751
vt 0.548527 0.010492
vt 0.546055 0.014839
vt 0.545888 0.014859
vt 0.544969 0.011200
vt 0.542725 0.015209
vt 0.542569 0.015243
vt 0.541498 0.012253
vt 0.539725 0.015833
vt 0.539257 0.015987
vt 0.538146 0.013642
vt 0.536992 0.016709
vt 0.536027 0.017152
vt 0.534947 0.015352
vt 0.534498 0.017837
vt 0.532974 0.018772
vt 0.531930 0.017367
vt 0.532233 0.019217
vt 0.530194 0.020845
vt 0.529126 0.019669
vt 0.528373 0.022716
vt 0.527858 0.023409
vt 0.526561 0.022234
vt 0.530193 0.020845
vt 0.526778 0.024834
vt 0.525947 0.026289
vt 0.524260 0.025038
vt 0.525411 0.027205
vt 0.524471 0.029388
vt 0.522244 0.028054
vt 0.523407 0.032612
vt 0.520534 0.031254
vt 0.524272 0.029839
vt 0.522699 0.035876
vt 0.519146 0.034605
vt 0.523358 0.032763
vt 0.522272 0.039123
vt 0.518093 0.038077
vt 0.522663 0.036041
vt 0.522173 0.039848
vt 0.517385 0.041635
vt 0.517029 0.045245
vt 0.517030 0.048873
vt 0.521647 0.051852
vt 0.517385 0.052483
vt 0.521620 0.051120
vt 0.521754 0.055125
vt 0.518093 0.056041
vt 0.521734 0.054957
vt 0.522138 0.058443
vt 0.519146 0.059513
vt 0.522104 0.058287
vt 0.522881 0.061755
vt 0.520534 0.062864
vt 0.522727 0.061287
vt 0.524046 0.064984
vt 0.522244 0.066064
vt 0.523603 0.064020
vt 0.525666 0.068038
vt 0.524260 0.069080
vt 0.524731 0.066513
vt 0.526561 0.071884
vt 0.526110 0.068778
vt 0.527739 0.070818
vt 0.527739 0.070818
vt 0.530303 0.073153
vt 0.529127 0.074449
vt 0.529609 0.072638
vt 0.533183 0.075065
vt 0.531931 0.076751
vt 0.531728 0.074233
vt 0.536283 0.076541
vt 0.534947 0.078766
vt 0.534099 0.075600
vt 0.539506 0.077606
vt 0.538147 0.080476
vt 0.536734 0.076740
vt 0.542771 0.078313
vt 0.541498 0.081864
vt 0.539658 0.077655
vt 0.546018 0.078741
vt 0.544970 0.082917
vt 0.542936 0.078350
vt 0.546743 0.078840
vt 0.548528 0.083625
vt 0.552138 0.083981
vt 0.555766 0.083981
vt 0.558016 0.079393
vt 0.558747 0.079366
vt 0.559376 0.083625
vt 0.561853 0.079279
vt 0.562020 0.079259
vt 0.562934 0.082917
vt 0.565182 0.078908
vt 0.565338 0.078874
vt 0.566405 0.081864
vt 0.568181 0.078285
vt 0.568649 0.078131
vt 0.569757 0.080476
vt 0.570914 0.077408
vt 0.571878 0.076965
vt 0.572956 0.078766
vt 0.573407 0.076280
vt 0.574932 0.075345
vt 0.575973 0.076750
vt 0.575672 0.074901
vt 0.577711 0.073272
vt 0.578777 0.074449
vt 0.579532 0.071402
vt 0.580047 0.070709
vt 0.581342 0.071884
vt 0.577712 0.073272
vt 0.581127 0.069283
vt 0.581959 0.067829
vt 0.583643 0.069079
vt 0.582494 0.066912
vt 0.583435 0.064729
vt 0.585659 0.066063
vt 0.584500 0.061506
vt 0.587369 0.062864
vt 0.583634 0.064278
vt 0.585209 0.058242
vt 0.588757 0.059512
vt 0.584549 0.061355
vt 0.585637 0.054995
vt 0.589810 0.056041
vt 0.585245 0.058077
vt 0.585735 0.054270
vt 0.590518 0.052483
vt 0.590873 0.048872
vt 0.590873 0.045245
vt 0.586262 0.042266
vt 0.590518 0.041634
vt 0.586289 0.042997
vt 0.586154 0.038993
vt 0.589810 0.038076
vt 0.586174 0.039160
vt 0.585769 0.035675
vt 0.588757 0.034605
vt 0.585803 0.035830
vt 0.585025 0.032363
vt 0.587369 0.031253
vt 0.585179 0.032831
vt 0.584303 0.030098
vt 0.583859 0.029133
vt 0.585659 0.028054
vt 0.583174 0.027604
vt 0.582239 0.026080
vt 0.583643 0.025038
vt 0.580166 0.023300
vt 0.581342 0.022233
vt 0.581795 0.025340
vt 0.580166 0.023300
vt 0.578296 0.021479
vt 0.577603 0.020965
vt 0.578776 0.019668
vt 0.576177 0.019885
vt 0.574723 0.019053
vt 0.575972 0.017367
vt 0.573806 0.018517
vt 0.571624 0.017577
vt 0.572956 0.015351
vt 0.571173 0.017378
vt 0.568401 0.016512
vt 0.569756 0.013641
vt 0.568249 0.016463
vt 0.565137 0.015804
vt 0.566405 0.012253
vt 0.564972 0.015768
vt 0.561890 0.015377
vt 0.562933 0.011200
vt 0.559375 0.010492
vt 0.561165 0.015278
vt 0.551928 0.005952
vt 0.555967 0.005952
vt 0.547909 0.006348
vt 0.543948 0.007136
vt 0.540083 0.008309
vt 0.536351 0.009854
vt 0.532789 0.011758
vt 0.529431 0.014002
vt 0.526309 0.016564
vt 0.523453 0.019420
vt 0.520891 0.022542
vt 0.518647 0.025901
vt 0.516744 0.029463
vt 0.515198 0.033194
vt 0.514026 0.037059
vt 0.513238 0.041020
vt 0.512842 0.045040
vt 0.512842 0.049078
vt 0.513238 0.053098
vt 0.514026 0.057059
vt 0.515198 0.060924
vt 0.516744 0.064655
vt 0.518648 0.068217
vt 0.520892 0.071575
vt 0.523454 0.074697
vt 0.526310 0.077553
vt 0.529432 0.080115
vt 0.532790 0.082359
vt 0.536352 0.084263
vt 0.540083 0.085809
vt 0.543948 0.086981
vt 0.547910 0.087769
vt 0.551929 0.088165
vt 0.555968 0.088165
vt 0.559987 0.087769
vt 0.563949 0.086981
vt 0.567813 0.085808
vt 0.571545 0.084263
vt 0.575107 0.082359
vt 0.578465 0.080115
vt 0.581587 0.077553
vt 0.584443 0.074697
vt 0.587005 0.071575
vt 0.589249 0.068217
vt 0.591153 0.064655
vt 0.592698 0.060923
vt 0.593871 0.057058
vt 0.594658 0.053097
vt 0.595054 0.049078
vt 0.595054 0.045039
vt 0.594658 0.041019
vt 0.593870 0.037058
vt 0.592698 0.033193
vt 0.591152 0.029462
vt 0.589248 0.025900
vt 0.587005 0.022542
vt 0.584442 0.019420
vt 0.581586 0.016564
vt 0.578464 0.014002
vt 0.575106 0.011758
vt 0.571544 0.009854
vt 0.567813 0.008308
vt 0.563948 0.007136
vt 0.559987 0.006348
vt 0.512861 0.414992
vt 0.512847 0.410975
vt 0.516969 0.411185
vt 0.516985 0.415572
vt 0.512842 0.406936
vt 0.516964 0.406774
vt 0.512847 0.402914
vt 0.516969 0.402380
vt 0.512861 0.398947
vt 0.516985 0.398048
vt 0.512884 0.395074
vt 0.517010 0.393817
vt 0.512916 0.391332
vt 0.517045 0.389729
vt 0.527166 0.010953
vt 0.530834 0.008502
vt 0.523756 0.013751
vt 0.520637 0.016871
vt 0.517839 0.020281
vt 0.515388 0.023949
vt 0.513308 0.027839
vt 0.534373 0.458849
vt 0.538054 0.458830
vt 0.536665 0.463006
vt 0.532644 0.463026
vt 0.541880 0.458816
vt 0.540844 0.462989
vt 0.545815 0.458805
vt 0.545141 0.462978
vt 0.549820 0.458799
vt 0.549516 0.462971
vt 0.553857 0.458797
vt 0.553925 0.462969
vt 0.557887 0.458799
vt 0.558327 0.462971
vt 0.561871 0.458805
vt 0.562678 0.462978
vt 0.565770 0.458816
vt 0.566938 0.462989
vt 0.569548 0.458830
vt 0.571064 0.463006
vt 0.515388 0.070169
vt 0.513309 0.066278
vt 0.517839 0.073837
vt 0.520638 0.077247
vt 0.523757 0.080366
vt 0.527167 0.083164
vt 0.530835 0.085615
vt 0.534725 0.087695
vt 0.594656 0.214417
vt 0.594689 0.218214
vt 0.590566 0.217097
vt 0.590530 0.212949
vt 0.594713 0.222128
vt 0.590592 0.221371
vt 0.594728 0.226121
vt 0.590608 0.225732
vt 0.594732 0.230154
vt 0.590614 0.230137
vt 0.594728 0.234188
vt 0.590608 0.234544
vt 0.594713 0.238186
vt 0.590592 0.238911
vt 0.594689 0.242108
vt 0.590566 0.243194
vt 0.594656 0.245916
vt 0.590530 0.247354
vt 0.573164 0.087694
vt 0.569089 0.089382
vt 0.577055 0.085615
vt 0.580723 0.083164
vt 0.584133 0.080365
vt 0.587252 0.077246
vt 0.590050 0.073836
vt 0.592501 0.070168
vt 0.594581 0.066277
vt 0.596269 0.062202
vt 0.512952 0.153033
vt 0.512897 0.149212
vt 0.516934 0.150273
vt 0.516994 0.154446
vt 0.512860 0.145282
vt 0.516894 0.145980
vt 0.512842 0.141279
vt 0.516873 0.141608
vt 0.512842 0.137243
vt 0.516873 0.137199
vt 0.512860 0.133212
vt 0.516894 0.132796
vt 0.512897 0.129225
vt 0.516934 0.128442
vt 0.512952 0.125321
vt 0.516994 0.124177
vt 0.594580 0.027839
vt 0.596269 0.031914
vt 0.592501 0.023948
vt 0.590050 0.020280
vt 0.587251 0.016870
vt 0.584132 0.013751
vt 0.580722 0.010952
vt 0.577054 0.008502
vt 0.573164 0.006422
vt 0.569088 0.004734
vt 0.564866 0.003454
vt 0.512916 0.422803
vt 0.512884 0.418947
vt 0.517010 0.419892
vt 0.517045 0.424104
vt 0.521452 0.411370
vt 0.521469 0.416085
vt 0.521447 0.406628
vt 0.521452 0.401906
vt 0.521469 0.397249
vt 0.521496 0.392701
vt 0.521534 0.388307
vt 0.517090 0.385824
vt 0.521582 0.384109
vt 0.517143 0.382138
vt 0.521640 0.380148
vt 0.517206 0.378708
vt 0.521707 0.376461
vt 0.521911 0.463111
vt 0.525231 0.463079
vt 0.523143 0.467614
vt 0.519574 0.467649
vt 0.528821 0.463050
vt 0.527001 0.467584
vt 0.531111 0.467557
vt 0.535433 0.467535
vt 0.539925 0.467518
vt 0.544544 0.467506
vt 0.549246 0.467498
vt 0.553986 0.467496
vt 0.558717 0.467498
vt 0.563394 0.467506
vt 0.567973 0.467518
vt 0.572408 0.467535
vt 0.575018 0.463026
vt 0.576658 0.467557
vt 0.578761 0.463050
vt 0.580681 0.467584
vt 0.582257 0.463079
vt 0.584439 0.467614
vt 0.521492 0.082860
vt 0.518139 0.079507
vt 0.590363 0.201663
vt 0.590428 0.205195
vt 0.585934 0.203313
vt 0.585865 0.199516
vt 0.590483 0.208969
vt 0.585994 0.207370
vt 0.586044 0.211648
vt 0.586083 0.216106
vt 0.586111 0.220700
vt 0.586128 0.225388
vt 0.586134 0.230123
vt 0.586128 0.234860
vt 0.586111 0.239553
vt 0.586083 0.244157
vt 0.586044 0.248629
vt 0.590483 0.251350
vt 0.585994 0.252924
vt 0.590428 0.255143
vt 0.585934 0.257001
vt 0.590363 0.258697
vt 0.585865 0.260821
vt 0.586390 0.082860
vt 0.582724 0.085868
vt 0.589742 0.079507
vt 0.592751 0.075841
vt 0.517284 0.165850
vt 0.517170 0.162272
vt 0.521593 0.164113
vt 0.521717 0.167959
vt 0.517072 0.158458
vt 0.521489 0.160013
vt 0.521404 0.155700
vt 0.521340 0.151215
vt 0.521297 0.146600
vt 0.521275 0.141901
vt 0.521275 0.137162
vt 0.521297 0.132429
vt 0.521340 0.127749
vt 0.521404 0.123165
vt 0.517072 0.120044
vt 0.521489 0.118722
vt 0.517170 0.116082
vt 0.521593 0.114463
vt 0.517284 0.112329
vt 0.521717 0.110429
vt 0.517415 0.108821
vt 0.521857 0.106658
vt 0.586389 0.011256
vt 0.589742 0.014609
vt 0.582723 0.008248
vt 0.517276 0.439082
vt 0.517206 0.435693
vt 0.521707 0.437713
vt 0.521782 0.441357
vt 0.517143 0.432043
vt 0.521640 0.433790
vt 0.517090 0.428167
vt 0.521582 0.429624
vt 0.521534 0.425257
vt 0.521496 0.420729
vt 0.526253 0.411528
vt 0.526271 0.416527
vt 0.526247 0.406502
vt 0.526253 0.401496
vt 0.526271 0.396558
vt 0.526299 0.391738
vt 0.526340 0.387080
vt 0.526390 0.382629
vt 0.526452 0.378429
vt 0.526523 0.374521
vt 0.521341 0.472460
vt 0.517557 0.472497
vt 0.525431 0.472428
vt 0.529788 0.472400
vt 0.534370 0.472377
vt 0.539132 0.472358
vt 0.544029 0.472345
vt 0.549014 0.472337
vt 0.554038 0.472335
vt 0.559054 0.472337
vt 0.564012 0.472345
vt 0.568866 0.472358
vt 0.573568 0.472377
vt 0.578074 0.472400
vt 0.582339 0.472428
vt 0.586323 0.472460
vt 0.585787 0.196016
vt 0.581051 0.197663
vt 0.580968 0.193952
vt 0.581124 0.201688
vt 0.581188 0.205989
vt 0.581240 0.210524
vt 0.581282 0.215250
vt 0.581312 0.220121
vt 0.581330 0.225090
vt 0.581336 0.230110
vt 0.581330 0.235132
vt 0.581312 0.240107
vt 0.581282 0.244989
vt 0.581240 0.249729
vt 0.581188 0.254282
vt 0.581124 0.258604
vt 0.581051 0.262654
vt 0.585787 0.264348
vt 0.580968 0.266393
vt 0.585700 0.267547
vt 0.580877 0.269784
vt 0.521857 0.171514
vt 0.526473 0.169779
vt 0.526622 0.173549
vt 0.526342 0.165702
vt 0.526232 0.161356
vt 0.526142 0.156784
vt 0.526073 0.152029
vt 0.526028 0.147137
vt 0.526005 0.142155
vt 0.526005 0.137131
vt 0.526028 0.132114
vt 0.526073 0.127152
vt 0.526142 0.122293
vt 0.526232 0.117583
vt 0.526342 0.113068
vt 0.526473 0.108791
vt 0.526622 0.104794
vt 0.522014 0.103188
vt 0.526788 0.101114
vt 0.521865 0.444685
vt 0.526603 0.443318
vt 0.526691 0.446847
vt 0.526523 0.439456
vt 0.526452 0.435296
vt 0.526390 0.430880
vt 0.526340 0.426250
vt 0.526299 0.421450
vt 0.531326 0.411659
vt 0.531344 0.416894
vt 0.531319 0.406396
vt 0.531326 0.401153
vt 0.531344 0.395983
vt 0.531374 0.390935
vt 0.531416 0.386057
vt 0.531469 0.381397
vt 0.531534 0.376999
vt 0.531608 0.372906
vt 0.519843 0.477571
vt 0.515880 0.477609
vt 0.524126 0.477537
vt 0.528688 0.477508
vt 0.533486 0.477483
vt 0.538473 0.477464
vt 0.543601 0.477450
vt 0.548821 0.477442
vt 0.554082 0.477439
vt 0.559334 0.477442
vt 0.564527 0.477450
vt 0.569609 0.477464
vt 0.574533 0.477483
vt 0.579251 0.477508
vt 0.583717 0.477537
vt 0.587889 0.477571
vt 0.575967 0.196122
vt 0.575880 0.192237
vt 0.576044 0.200337
vt 0.576110 0.204841
vt 0.576166 0.209590
vt 0.576209 0.214539
vt 0.576240 0.219639
vt 0.576259 0.224843
vt 0.576266 0.230099
vt 0.576259 0.235358
vt 0.576240 0.240568
vt 0.576209 0.245680
vt 0.576166 0.250643
vt 0.576110 0.255411
vt 0.576044 0.259938
vt 0.575967 0.264179
vt 0.575880 0.268093
vt 0.575785 0.271645
vt 0.531507 0.171295
vt 0.531664 0.175243
vt 0.531371 0.167026
vt 0.531255 0.162475
vt 0.531161 0.157687
vt 0.531089 0.152708
vt 0.531041 0.147585
vt 0.531017 0.142368
vt 0.531017 0.137108
vt 0.531041 0.131854
vt 0.531089 0.126658
vt 0.531161 0.121569
vt 0.531255 0.116637
vt 0.531371 0.111909
vt 0.531507 0.107431
vt 0.531664 0.103245
vt 0.531837 0.099392
vt 0.531692 0.444948
vt 0.531784 0.448643
vt 0.531608 0.440904
vt 0.531534 0.436548
vt 0.531469 0.431924
vt 0.531416 0.427075
vt 0.531374 0.422049
vt 0.536622 0.411761
vt 0.536640 0.417182
vt 0.536615 0.406311
vt 0.536622 0.400882
vt 0.536640 0.395529
vt 0.536672 0.390302
vt 0.536715 0.385251
vt 0.536771 0.380425
vt 0.536837 0.375871
vt 0.536914 0.371633
vt 0.518663 0.482897
vt 0.514560 0.482936
vt 0.523098 0.482862
vt 0.527822 0.482831
vt 0.532790 0.482806
vt 0.537954 0.482786
vt 0.543264 0.482772
vt 0.548669 0.482763
vt 0.554117 0.482761
vt 0.559555 0.482763
vt 0.564932 0.482772
vt 0.570195 0.482786
vt 0.575294 0.482806
vt 0.580179 0.482831
vt 0.584804 0.482862
vt 0.589123 0.482897
vt 0.570662 0.194908
vt 0.570573 0.190885
vt 0.570742 0.199273
vt 0.570811 0.203936
vt 0.570868 0.208854
vt 0.570913 0.213978
vt 0.570946 0.219260
vt 0.570965 0.224648
vt 0.570972 0.230091
vt 0.570965 0.235536
vt 0.570946 0.240931
vt 0.570913 0.246224
vt 0.570868 0.251364
vt 0.570811 0.256301
vt 0.570742 0.260988
vt 0.570662 0.265379
vt 0.570573 0.269433
vt 0.570474 0.273110
vt 0.536772 0.172492
vt 0.536934 0.176579
vt 0.536631 0.168071
vt 0.536511 0.163359
vt 0.536413 0.158401
vt 0.536339 0.153245
vt 0.536290 0.147940
vt 0.536265 0.142538
vt 0.536265 0.137091
vt 0.536290 0.131651
vt 0.536339 0.126271
vt 0.536413 0.121001
vt 0.536511 0.115894
vt 0.536631 0.110998
vt 0.536772 0.106361
vt 0.536934 0.102027
vt 0.537114 0.098037
vt 0.537000 0.446231
vt 0.537096 0.450058
vt 0.536914 0.442043
vt 0.536837 0.437533
vt 0.536770 0.432745
vt 0.536715 0.427724
vt 0.536672 0.422520
vt 0.542090 0.411833
vt 0.542110 0.417387
vt 0.542084 0.406248
vt 0.542090 0.400685
vt 0.542110 0.395200
vt 0.542142 0.389843
vt 0.542186 0.384668
vt 0.542243 0.379723
vt 0.542311 0.375056
vt 0.542390 0.370713
vt 0.517812 0.488387
vt 0.513608 0.488428
vt 0.522357 0.488352
vt 0.527198 0.488321
vt 0.532288 0.488295
vt 0.537580 0.488274
vt 0.543021 0.488260
vt 0.548560 0.488251
vt 0.554142 0.488248
vt 0.559715 0.488251
vt 0.565225 0.488260
vt 0.570618 0.488274
vt 0.575842 0.488295
vt 0.580848 0.488321
vt 0.585587 0.488352
vt 0.590014 0.488388
vt 0.565188 0.194033
vt 0.565096 0.189910
vt 0.565269 0.198505
vt 0.565340 0.203284
vt 0.565398 0.208323
vt 0.565444 0.213574
vt 0.565478 0.218986
vt 0.565498 0.224507
vt 0.565505 0.230085
vt 0.565498 0.235665
vt 0.565478 0.241193
vt 0.565444 0.246616
vt 0.565398 0.251883
vt 0.565340 0.256942
vt 0.565269 0.261745
vt 0.565188 0.266245
vt 0.565096 0.270399
vt 0.537114 0.180293
vt 0.542383 0.177546
vt 0.542568 0.181352
vt 0.542217 0.173358
vt 0.542073 0.168828
vt 0.541949 0.163999
vt 0.541850 0.158918
vt 0.541774 0.153635
vt 0.541723 0.148199
vt 0.541697 0.142664
vt 0.541697 0.137082
vt 0.541723 0.131507
vt 0.541774 0.125994
vt 0.541850 0.120595
vt 0.541949 0.115361
vt 0.542072 0.110345
vt 0.542217 0.105593
vt 0.542383 0.101151
vt 0.542568 0.097063
vt 0.542479 0.447155
vt 0.542576 0.451076
vt 0.542390 0.442863
vt 0.542311 0.438242
vt 0.542243 0.433335
vt 0.542186 0.428190
vt 0.542142 0.422857
vt 0.547679 0.411874
vt 0.547699 0.417509
vt 0.547673 0.406208
vt 0.547679 0.400564
vt 0.547699 0.394999
vt 0.547732 0.389564
vt 0.547777 0.384313
vt 0.547834 0.379296
vt 0.547903 0.374562
vt 0.547983 0.370156
vt 0.517299 0.493991
vt 0.513033 0.494032
vt 0.521910 0.493954
vt 0.526821 0.493923
vt 0.531986 0.493896
vt 0.537354 0.493876
vt 0.542875 0.493861
vt 0.548494 0.493852
vt 0.554158 0.493849
vt 0.559812 0.493852
vt 0.565402 0.493861
vt 0.570873 0.493876
vt 0.576174 0.493896
vt 0.581253 0.493923
vt 0.586061 0.493954
vt 0.590552 0.493991
vt 0.559595 0.193504
vt 0.559501 0.189321
vt 0.559678 0.198041
vt 0.559749 0.202889
vt 0.559808 0.208002
vt 0.559855 0.213329
vt 0.559889 0.218820
vt 0.559910 0.224422
vt 0.559916 0.230081
vt 0.559910 0.235742
vt 0.559889 0.241351
vt 0.559855 0.246853
vt 0.559808 0.252197
vt 0.559749 0.257329
vt 0.559678 0.262202
vt 0.559595 0.266768
vt 0.559501 0.270982
vt 0.547958 0.178134
vt 0.548146 0.181995
vt 0.547791 0.173884
vt 0.547643 0.169288
vt 0.547519 0.164389
vt 0.547417 0.159235
vt 0.547340 0.153874
vt 0.547289 0.148359
vt 0.547263 0.142743
vt 0.547263 0.137080
vt 0.547289 0.131425
vt 0.547340 0.125831
vt 0.547417 0.120353
vt 0.547519 0.115043
vt 0.547643 0.109953
vt 0.547791 0.105132
vt 0.547958 0.100626
vt 0.548146 0.096479
vt 0.548073 0.447710
vt 0.548173 0.451688
vt 0.547983 0.443356
vt 0.547903 0.438667
vt 0.547834 0.433689
vt 0.547777 0.428470
vt 0.547732 0.423059
vt 0.553336 0.411884
vt 0.553355 0.417546
vt 0.553329 0.406190
vt 0.553336 0.400520
vt 0.553355 0.394928
vt 0.553388 0.389467
vt 0.553434 0.384191
vt 0.553491 0.379150
vt 0.553561 0.374393
vt 0.553641 0.369965
vt 0.517128 0.499652
vt 0.512842 0.499694
vt 0.521761 0.499616
vt 0.526696 0.499584
vt 0.531885 0.499558
vt 0.537280 0.499537
vt 0.542827 0.499522
vt 0.548473 0.499513
vt 0.554164 0.499510
vt 0.559845 0.499513
vt 0.565462 0.499522
vt 0.570960 0.499537
vt 0.576286 0.499558
vt 0.581389 0.499584
vt 0.586220 0.499616
vt 0.590733 0.499652
vt 0.553937 0.193326
vt 0.553844 0.189123
vt 0.554021 0.197885
vt 0.554092 0.202757
vt 0.554152 0.207894
vt 0.554199 0.213247
vt 0.554233 0.218764
vt 0.554254 0.224393
vt 0.554260 0.230079
vt 0.554254 0.235767
vt 0.554233 0.241403
vt 0.554199 0.246932
vt 0.554152 0.252301
vt 0.554092 0.257458
vt 0.554021 0.262354
vt 0.553937 0.266942
vt 0.553844 0.271177
vt 0.553607 0.178336
vt 0.553795 0.182216
vt 0.553438 0.174067
vt 0.553290 0.169448
vt 0.553165 0.164526
vt 0.553063 0.159347
vt 0.552986 0.153961
vt 0.552934 0.148419
vt 0.552908 0.142776
vt 0.552908 0.137086
vt 0.552934 0.131403
vt 0.552986 0.125783
vt 0.553063 0.120278
vt 0.553165 0.114943
vt 0.553290 0.109829
vt 0.553438 0.104985
vt 0.553607 0.100457
vt 0.553795 0.096290
vt 0.553731 0.447893
vt 0.553831 0.451889
vt 0.553641 0.443517
vt 0.553561 0.438806
vt 0.553491 0.433804
vt 0.553434 0.428559
vt 0.553388 0.423123
vt 0.559005 0.411863
vt 0.559025 0.417498
vt 0.558998 0.406196
vt 0.559005 0.400553
vt 0.559025 0.394987
vt 0.559057 0.389553
vt 0.559102 0.384302
vt 0.559160 0.379285
vt 0.559229 0.374551
vt 0.559309 0.370144
vt 0.517301 0.505319
vt 0.513035 0.505360
vt 0.521912 0.505282
vt 0.526823 0.505251
vt 0.531988 0.505225
vt 0.537357 0.505204
vt 0.542877 0.505189
vt 0.548496 0.505180
vt 0.554160 0.505177
vt 0.559814 0.505180
vt 0.565404 0.505189
vt 0.570876 0.505204
vt 0.576176 0.505225
vt 0.581255 0.505251
vt 0.586063 0.505282
vt 0.590554 0.505319
vt 0.548269 0.193502
vt 0.548176 0.189319
vt 0.548352 0.198040
vt 0.548424 0.202888
vt 0.548483 0.208000
vt 0.548530 0.213328
vt 0.548564 0.218819
vt 0.548584 0.224421
vt 0.548591 0.230080
vt 0.548584 0.235741
vt 0.548564 0.241349
vt 0.548530 0.246852
vt 0.548483 0.252195
vt 0.548424 0.257328
vt 0.548352 0.262201
vt 0.548269 0.266766
vt 0.548176 0.270981
vt 0.559275 0.178152
vt 0.559462 0.182014
vt 0.559107 0.173903
vt 0.558960 0.169307
vt 0.558835 0.164408
vt 0.558734 0.159254
vt 0.558657 0.153893
vt 0.558605 0.148378
vt 0.558579 0.142762
vt 0.558579 0.137099
vt 0.558605 0.131444
vt 0.558657 0.125850
vt 0.558734 0.120372
vt 0.558835 0.115062
vt 0.558960 0.109972
vt 0.559107 0.105151
vt 0.559275 0.100645
vt 0.559462 0.096498
vt 0.559399 0.447699
vt 0.559498 0.451677
vt 0.559309 0.443345
vt 0.559229 0.438656
vt 0.559160 0.433678
vt 0.559102 0.428458
vt 0.559057 0.423048
vt 0.564633 0.411811
vt 0.564653 0.417365
vt 0.564627 0.406225
vt 0.564633 0.400663
vt 0.564653 0.395177
vt 0.564685 0.389821
vt 0.564729 0.384645
vt 0.564786 0.379700
vt 0.564854 0.375034
vt 0.564933 0.370691
vt 0.517816 0.510935
vt 0.513612 0.510976
vt 0.522361 0.510900
vt 0.527202 0.510869
vt 0.532293 0.510843
vt 0.537584 0.510822
vt 0.543025 0.510808
vt 0.548564 0.510799
vt 0.554147 0.510796
vt 0.559720 0.510799
vt 0.565229 0.510808
vt 0.570622 0.510822
vt 0.575847 0.510843
vt 0.580853 0.510869
vt 0.585592 0.510900
vt 0.590018 0.510935
vt 0.542645 0.194030
vt 0.542553 0.189907
vt 0.542727 0.198502
vt 0.542797 0.203281
vt 0.542856 0.208320
vt 0.542902 0.213571
vt 0.542935 0.218984
vt 0.542955 0.224505
vt 0.542962 0.230082
vt 0.542955 0.235662
vt 0.542935 0.241191
vt 0.542902 0.246614
vt 0.542856 0.251881
vt 0.542797 0.256940
vt 0.542727 0.261743
vt 0.542645 0.266243
vt 0.542553 0.270397
vt 0.564908 0.177584
vt 0.565092 0.181389
vt 0.564742 0.173395
vt 0.564597 0.168865
vt 0.564474 0.164037
vt 0.564374 0.158956
vt 0.564298 0.153672
vt 0.564248 0.148237
vt 0.564222 0.142701
vt 0.564222 0.137120
vt 0.564248 0.131545
vt 0.564298 0.126032
vt 0.564374 0.120632
vt 0.564474 0.115399
vt 0.564597 0.110382
vt 0.564742 0.105630
vt 0.564908 0.101189
vt 0.565092 0.097101
vt 0.565021 0.447133
vt 0.565119 0.451053
vt 0.564933 0.442841
vt 0.564854 0.438219
vt 0.564786 0.433313
vt 0.564729 0.428168
vt 0.564685 0.422835
vt 0.570166 0.411728
vt 0.570185 0.417148
vt 0.570160 0.406277
vt 0.570166 0.400849
vt 0.570185 0.395496
vt 0.570217 0.390268
vt 0.570260 0.385218
vt 0.570315 0.380392
vt 0.570382 0.375838
vt 0.570459 0.371600
vt 0.518669 0.516449
vt 0.514566 0.516489
vt 0.523104 0.516414
vt 0.527828 0.516384
vt 0.532796 0.516359
vt 0.537960 0.516339
vt 0.543270 0.516325
vt 0.548675 0.516316
vt 0.554123 0.516313
vt 0.559562 0.516316
vt 0.564938 0.516325
vt 0.570201 0.516339
vt 0.575300 0.516359
vt 0.580185 0.516384
vt 0.584810 0.516414
vt 0.589130 0.516449
vt 0.537118 0.194905
vt 0.537028 0.190881
vt 0.537198 0.199269
vt 0.537267 0.203933
vt 0.537324 0.208850
vt 0.537369 0.213975
vt 0.537401 0.219256
vt 0.537421 0.224645
vt 0.537427 0.230088
vt 0.537421 0.235533
vt 0.537401 0.240928
vt 0.537369 0.246221
vt 0.537324 0.251360
vt 0.537267 0.256297
vt 0.537198 0.260984
vt 0.537118 0.265376
vt 0.537028 0.269430
vt 0.570452 0.176635
vt 0.570632 0.180349
vt 0.570290 0.172548
vt 0.570149 0.168127
vt 0.570029 0.163415
vt 0.569931 0.158457
vt 0.569857 0.153301
vt 0.569808 0.147996
vt 0.569783 0.142594
vt 0.569783 0.137147
vt 0.569808 0.131707
vt 0.569857 0.126327
vt 0.569931 0.121057
vt 0.570029 0.115950
vt 0.570149 0.111055
vt 0.570290 0.106417
vt 0.570452 0.102083
vt 0.570632 0.098093
vt 0.570545 0.446198
vt 0.570641 0.450024
vt 0.570459 0.442010
vt 0.570382 0.437500
vt 0.570315 0.432711
vt 0.570260 0.427691
vt 0.570217 0.422487
vt 0.575552 0.411615
vt 0.575570 0.416850
vt 0.575546 0.406352
vt 0.575552 0.401110
vt 0.575570 0.395940
vt 0.575601 0.390891
vt 0.575643 0.386014
vt 0.575696 0.381353
vt 0.575760 0.376956
vt 0.575834 0.372862
vt 0.519851 0.521807
vt 0.515889 0.521845
vt 0.524134 0.521773
vt 0.528697 0.521744
vt 0.533494 0.521720
vt 0.538481 0.521701
vt 0.543609 0.521687
vt 0.548829 0.521678
vt 0.554090 0.521676
vt 0.559343 0.521678
vt 0.564535 0.521687
vt 0.569618 0.521701
vt 0.574542 0.521720
vt 0.579260 0.521744
vt 0.583726 0.521773
vt 0.587897 0.521807
vt 0.531741 0.196118
vt 0.531655 0.192232
vt 0.531818 0.200333
vt 0.531885 0.204836
vt 0.531940 0.209585
vt 0.531983 0.214534
vt 0.532015 0.219635
vt 0.532034 0.224839
vt 0.532040 0.230095
vt 0.532034 0.235354
vt 0.532015 0.240564
vt 0.531983 0.245675
vt 0.531940 0.250639
vt 0.531885 0.255407
vt 0.531818 0.259933
vt 0.531741 0.264174
vt 0.531655 0.268089
vt 0.575854 0.175317
vt 0.576028 0.178903
vt 0.575698 0.171369
vt 0.575561 0.167100
vt 0.575445 0.162549
vt 0.575351 0.157761
vt 0.575280 0.152782
vt 0.575232 0.147659
vt 0.575208 0.142442
vt 0.575208 0.137182
vt 0.575232 0.131928
vt 0.575280 0.126732
vt 0.575351 0.121643
vt 0.575445 0.116711
vt 0.575561 0.111983
vt 0.575698 0.107505
vt 0.575854 0.103319
vt 0.576028 0.099466
vt 0.575918 0.444905
vt 0.576010 0.448600
vt 0.575834 0.440860
vt 0.575760 0.436504
vt 0.575696 0.431880
vt 0.575643 0.427031
vt 0.575601 0.422005
vt 0.580739 0.411474
vt 0.580756 0.416473
vt 0.580733 0.406448
vt 0.580739 0.401442
vt 0.580756 0.396504
vt 0.580785 0.391684
vt 0.580825 0.387026
vt 0.580876 0.382575
vt 0.580937 0.378375
vt 0.581008 0.374467
vt 0.521351 0.526958
vt 0.517568 0.526994
vt 0.525442 0.526926
vt 0.529798 0.526898
vt 0.534380 0.526874
vt 0.539142 0.526856
vt 0.544039 0.526843
vt 0.549024 0.526835
vt 0.554049 0.526832
vt 0.559064 0.526835
vt 0.564023 0.526843
vt 0.568877 0.526856
vt 0.573579 0.526874
vt 0.578084 0.526898
vt 0.582349 0.526926
vt 0.586333 0.526958
vt 0.526566 0.197657
vt 0.526483 0.193947
vt 0.526640 0.201683
vt 0.526703 0.205983
vt 0.526756 0.210519
vt 0.526797 0.215245
vt 0.526827 0.220116
vt 0.526845 0.225085
vt 0.526851 0.230104
vt 0.526845 0.235126
vt 0.526827 0.240102
vt 0.526797 0.244983
vt 0.526756 0.249723
vt 0.526703 0.254276
vt 0.526640 0.258599
vt 0.526566 0.262649
vt 0.526483 0.266387
vt 0.581063 0.173640
vt 0.581229 0.177065
vt 0.580914 0.169871
vt 0.580784 0.165793
vt 0.580673 0.161448
vt 0.580583 0.156875
vt 0.580515 0.152120
vt 0.580469 0.147228
vt 0.580446 0.142246
vt 0.580446 0.137222
vt 0.580469 0.132205
vt 0.580515 0.127243
vt 0.580583 0.122384
vt 0.580673 0.117674
vt 0.580784 0.113159
vt 0.580914 0.108882
vt 0.581063 0.104885
vt 0.581229 0.101205
vt 0.581088 0.443264
vt 0.581176 0.446793
vt 0.581008 0.439402
vt 0.580937 0.435242
vt 0.580876 0.430826
vt 0.580825 0.426196
vt 0.580785 0.421396
vt 0.585676 0.411306
vt 0.585693 0.416022
vt 0.585671 0.406564
vt 0.585676 0.401842
vt 0.585693 0.397185
vt 0.585720 0.392638
vt 0.585758 0.388244
vt 0.585806 0.384046
vt 0.585864 0.380084
vt 0.585931 0.376397
vt 0.523155 0.531852
vt 0.519586 0.531887
vt 0.527013 0.531822
vt 0.531123 0.531796
vt 0.535445 0.531774
vt 0.539937 0.531756
vt 0.544556 0.531744
vt 0.549259 0.531736
vt 0.553998 0.531734
vt 0.558729 0.531736
vt 0.563407 0.531744
vt 0.567985 0.531756
vt 0.572421 0.531774
vt 0.576670 0.531796
vt 0.580694 0.531822
vt 0.584451 0.531852
vt 0.521642 0.199509
vt 0.521564 0.196009
vt 0.521711 0.203306
vt 0.521771 0.207363
vt 0.521821 0.211641
vt 0.521860 0.216099
vt 0.521888 0.220694
vt 0.521905 0.225381
vt 0.521911 0.230116
vt 0.521905 0.234853
vt 0.521888 0.239547
vt 0.521860 0.244151
vt 0.521821 0.248622
vt 0.521771 0.252917
vt 0.521711 0.256994
vt 0.521642 0.260815
vt 0.521564 0.264341
vt 0.586029 0.171622
vt 0.586186 0.174853
vt 0.585888 0.168066
vt 0.585765 0.164220
vt 0.585661 0.160121
vt 0.585576 0.155807
vt 0.585512 0.151322
vt 0.585469 0.146707
vt 0.585447 0.142008
vt 0.585447 0.137269
vt 0.585469 0.132537
vt 0.585512 0.127856
vt 0.585576 0.123272
vt 0.585661 0.118829
vt 0.585765 0.114570
vt 0.585888 0.110536
vt 0.586029 0.106766
vt 0.586186 0.103295
vt 0.586006 0.441293
vt 0.586089 0.444622
vt 0.585931 0.437649
vt 0.585864 0.433726
vt 0.585806 0.429560
vt 0.585758 0.425193
vt 0.585720 0.420665
vt 0.590318 0.411112
vt 0.590333 0.415499
vt 0.590313 0.406701
vt 0.590318 0.402308
vt 0.590333 0.397975
vt 0.590359 0.393744
vt 0.590394 0.389657
vt 0.590439 0.385751
vt 0.590492 0.382066
vt 0.590555 0.378635
vt 0.525245 0.536444
vt 0.521925 0.536476
vt 0.528835 0.536416
vt 0.532658 0.536391
vt 0.536679 0.536371
vt 0.540858 0.536355
vt 0.545156 0.536343
vt 0.549530 0.536336
vt 0.553939 0.536334
vt 0.558341 0.536336
vt 0.562692 0.536343
vt 0.566952 0.536355
vt 0.571078 0.536371
vt 0.575032 0.536391
vt 0.578775 0.536416
vt 0.582271 0.536444
vt 0.517016 0.201655
vt 0.516943 0.198399
vt 0.517080 0.205188
vt 0.517136 0.208962
vt 0.517182 0.212942
vt 0.517219 0.217089
vt 0.517245 0.221364
vt 0.517261 0.225725
vt 0.517266 0.230130
vt 0.517261 0.234537
vt 0.517245 0.238903
vt 0.517219 0.243187
vt 0.517182 0.247346
vt 0.517136 0.251342
vt 0.517080 0.255135
vt 0.517016 0.258689
vt 0.516943 0.261970
vt 0.524157 0.359172
vt 0.520575 0.356065
vt 0.522902 0.353633
vt 0.526234 0.356524
vt 0.590574 0.165973
vt 0.590704 0.169281
vt 0.590459 0.162395
vt 0.590362 0.158581
vt 0.590283 0.154568
vt 0.590223 0.150395
vt 0.590183 0.146102
vt 0.590163 0.141730
vt 0.590163 0.137322
vt 0.590183 0.132919
vt 0.590223 0.128564
vt 0.590283 0.124300
vt 0.590362 0.120167
vt 0.590459 0.116204
vt 0.590573 0.112451
vt 0.590704 0.108943
vt 0.590850 0.105715
vt 0.519088 0.287749
vt 0.522531 0.284488
vt 0.524722 0.287044
vt 0.521519 0.290077
vt 0.590555 0.435620
vt 0.590625 0.439009
vt 0.590492 0.431970
vt 0.590439 0.428094
vt 0.590394 0.424031
vt 0.590359 0.419819
vt 0.594620 0.410894
vt 0.594634 0.414911
vt 0.594615 0.406855
vt 0.594620 0.402833
vt 0.594634 0.398866
vt 0.594657 0.394993
vt 0.594689 0.391251
vt 0.594730 0.387675
vt 0.578143 0.283253
vt 0.581743 0.285803
vt 0.579398 0.288789
vt 0.576103 0.286454
vt 0.585075 0.288693
vt 0.582449 0.291436
vt 0.588108 0.291897
vt 0.585226 0.294368
vt 0.590813 0.295382
vt 0.587702 0.297559
vt 0.593162 0.299115
vt 0.589853 0.300977
vt 0.538070 0.540622
vt 0.534389 0.540640
vt 0.541896 0.540607
vt 0.545831 0.540596
vt 0.549836 0.540590
vt 0.553873 0.540588
vt 0.557902 0.540590
vt 0.561886 0.540596
vt 0.565786 0.540607
vt 0.569564 0.540622
vt 0.573184 0.540640
vt 0.594085 0.341486
vt 0.591900 0.345318
vt 0.588697 0.343278
vt 0.590698 0.339770
vt 0.589349 0.348918
vt 0.586362 0.346574
vt 0.586459 0.352250
vt 0.583716 0.349625
vt 0.583255 0.355283
vt 0.580783 0.352402
vt 0.579770 0.357987
vt 0.577592 0.354878
vt 0.512884 0.214409
vt 0.512842 0.210765
vt 0.512918 0.218206
vt 0.512942 0.222120
vt 0.512956 0.226112
vt 0.512961 0.230145
vt 0.512956 0.234180
vt 0.512942 0.238178
vt 0.512918 0.242099
vt 0.512884 0.245908
vt 0.512842 0.249566
vt 0.537694 0.363058
vt 0.533666 0.361259
vt 0.535382 0.357873
vt 0.539069 0.359520
vt 0.529834 0.359074
vt 0.531873 0.355873
vt 0.528577 0.353538
vt 0.525527 0.350892
vt 0.519869 0.350430
vt 0.522750 0.347959
vt 0.517165 0.346945
vt 0.520274 0.344768
vt 0.594731 0.156843
vt 0.594820 0.160335
vt 0.594659 0.153170
vt 0.594604 0.149349
vt 0.594567 0.145419
vt 0.594549 0.141416
vt 0.594549 0.137380
vt 0.594567 0.133349
vt 0.594604 0.129362
vt 0.594659 0.125457
vt 0.594731 0.121673
vt 0.594820 0.118046
vt 0.513893 0.300841
vt 0.516078 0.297009
vt 0.519279 0.299049
vt 0.517278 0.302557
vt 0.518628 0.293409
vt 0.521613 0.295753
vt 0.524260 0.292702
vt 0.527193 0.289925
vt 0.528207 0.284340
vt 0.530384 0.287449
vt 0.531941 0.281990
vt 0.533802 0.285298
vt 0.535887 0.280017
vt 0.537414 0.283492
vt 0.594689 0.422722
vt 0.594730 0.426442
vt 0.594657 0.418866
vt 0.549064 0.280303
vt 0.553092 0.280017
vt 0.553183 0.284206
vt 0.549564 0.284463
vt 0.557130 0.280128
vt 0.556809 0.284305
vt 0.561137 0.280633
vt 0.560408 0.284759
vt 0.565075 0.281529
vt 0.563946 0.285564
vt 0.568906 0.282807
vt 0.567387 0.286711
vt 0.572594 0.284454
vt 0.570699 0.288191
vt 0.573851 0.289987
vt 0.576811 0.292085
vt 0.579551 0.294462
vt 0.582046 0.297096
vt 0.584269 0.299962
vt 0.586202 0.303032
vt 0.591659 0.304590
vt 0.587824 0.306277
vt 0.593102 0.308362
vt 0.589120 0.309665
vt 0.594169 0.312258
vt 0.590078 0.313164
vt 0.594848 0.316239
vt 0.590688 0.316740
vt 0.595134 0.320268
vt 0.590945 0.320359
vt 0.595024 0.324305
vt 0.590846 0.323985
vt 0.594518 0.328312
vt 0.590392 0.327585
vt 0.593622 0.332250
vt 0.589587 0.331122
vt 0.592345 0.336082
vt 0.588440 0.334563
vt 0.586960 0.337876
vt 0.585163 0.341027
vt 0.583066 0.343987
vt 0.580689 0.346728
vt 0.578055 0.349222
vt 0.575189 0.351446
vt 0.574174 0.357029
vt 0.572118 0.353378
vt 0.570561 0.358835
vt 0.568874 0.355000
vt 0.566789 0.360278
vt 0.565485 0.356296
vt 0.562894 0.361344
vt 0.561986 0.357254
vt 0.558912 0.362024
vt 0.558410 0.357864
vt 0.554884 0.362310
vt 0.554792 0.358121
vt 0.550846 0.362199
vt 0.551165 0.358022
vt 0.546839 0.361694
vt 0.547566 0.357568
vt 0.542901 0.360798
vt 0.544029 0.356763
vt 0.540587 0.355616
vt 0.537275 0.354137
vt 0.534124 0.352340
vt 0.531163 0.350243
vt 0.528423 0.347866
vt 0.525929 0.345231
vt 0.523705 0.342365
vt 0.518122 0.341350
vt 0.521773 0.339295
vt 0.516317 0.337737
vt 0.520151 0.336050
vt 0.514874 0.333965
vt 0.518854 0.332662
vt 0.513807 0.330069
vt 0.517897 0.329163
vt 0.513128 0.326088
vt 0.517286 0.325587
vt 0.512842 0.322059
vt 0.517029 0.321968
vt 0.512952 0.318022
vt 0.517129 0.318342
vt 0.513458 0.314015
vt 0.517583 0.314743
vt 0.514354 0.310077
vt 0.518387 0.311205
vt 0.515631 0.306245
vt 0.519535 0.307764
vt 0.521014 0.304451
vt 0.522811 0.301300
vt 0.524908 0.298340
vt 0.527285 0.295599
vt 0.529920 0.293105
vt 0.532786 0.290881
vt 0.535856 0.288949
vt 0.539101 0.287327
vt 0.541187 0.282049
vt 0.542489 0.286031
vt 0.545082 0.280983
vt 0.545988 0.285073
vt 0.553281 0.288747
vt 0.550107 0.288973
vt 0.556462 0.288834
vt 0.559618 0.289233
vt 0.562721 0.289938
vt 0.565740 0.290945
vt 0.568645 0.292242
vt 0.571409 0.293818
vt 0.574006 0.295658
vt 0.576409 0.297743
vt 0.578597 0.300054
vt 0.580548 0.302567
vt 0.582242 0.305260
vt 0.583665 0.308107
vt 0.584802 0.311078
vt 0.585642 0.314147
vt 0.586178 0.317284
vt 0.586403 0.320458
vt 0.586316 0.323639
vt 0.585918 0.326796
vt 0.585212 0.329898
vt 0.584205 0.332917
vt 0.582908 0.335822
vt 0.581332 0.338586
vt 0.579492 0.341183
vt 0.577407 0.343587
vt 0.575097 0.345774
vt 0.572583 0.347725
vt 0.569890 0.349420
vt 0.567044 0.350842
vt 0.564072 0.351979
vt 0.561003 0.352819
vt 0.557866 0.353355
vt 0.554692 0.353580
vt 0.551511 0.353493
vt 0.548354 0.353095
vt 0.545252 0.352389
vt 0.542233 0.351382
vt 0.539328 0.350085
vt 0.536564 0.348509
vt 0.533967 0.346669
vt 0.531564 0.344584
vt 0.529376 0.342274
vt 0.527425 0.339760
vt 0.525730 0.337067
vt 0.524308 0.334221
vt 0.523171 0.331249
vt 0.522331 0.328180
vt 0.521795 0.325043
vt 0.521570 0.321869
vt 0.521657 0.318689
vt 0.522055 0.315532
vt 0.522761 0.312429
vt 0.523768 0.309410
vt 0.525065 0.306505
vt 0.526641 0.303741
vt 0.528481 0.301144
vt 0.530566 0.298741
vt 0.532876 0.296553
vt 0.535390 0.294603
vt 0.538083 0.292908
vt 0.540929 0.291485
vt 0.543901 0.290348
vt 0.546970 0.289508
vt 0.553386 0.293599
vt 0.550687 0.293790
vt 0.556091 0.293672
vt 0.558775 0.294011
vt 0.561413 0.294611
vt 0.563980 0.295467
vt 0.566451 0.296571
vt 0.568801 0.297911
vt 0.571009 0.299475
vt 0.573053 0.301248
vt 0.574913 0.303213
vt 0.576572 0.305350
vt 0.578013 0.307640
vt 0.579223 0.310061
vt 0.580190 0.312588
vt 0.580904 0.315198
vt 0.581360 0.317865
vt 0.581551 0.320564
vt 0.581477 0.323268
vt 0.581138 0.325953
vt 0.580538 0.328591
vt 0.579682 0.331158
vt 0.578579 0.333629
vt 0.577239 0.335979
vt 0.575675 0.338187
vt 0.573902 0.340231
vt 0.571937 0.342091
vt 0.569799 0.343750
vt 0.567509 0.345191
vt 0.565089 0.346401
vt 0.562562 0.347368
vt 0.559952 0.348082
vt 0.557285 0.348537
vt 0.554586 0.348729
vt 0.551881 0.348655
vt 0.549197 0.348316
vt 0.546558 0.347716
vt 0.543991 0.346860
vt 0.541521 0.345757
vt 0.539170 0.344417
vt 0.536963 0.342853
vt 0.534919 0.341080
vt 0.533058 0.339115
vt 0.531400 0.336977
vt 0.529958 0.334687
vt 0.528749 0.332267
vt 0.527782 0.329740
vt 0.527067 0.327130
vt 0.526612 0.324463
vt 0.526421 0.321764
vt 0.526495 0.319059
vt 0.526833 0.316375
vt 0.527433 0.313736
vt 0.528289 0.311169
vt 0.529393 0.308699
vt 0.530733 0.306348
vt 0.532297 0.304140
vt 0.534070 0.302097
vt 0.536035 0.300236
vt 0.538173 0.298578
vt 0.540463 0.297136
vt 0.542883 0.295926
vt 0.545410 0.294960
vt 0.548020 0.294245
vt 0.553497 0.298713
vt 0.551298 0.298869
vt 0.555700 0.298773
vt 0.557886 0.299049
vt 0.560035 0.299538
vt 0.562125 0.300235
vt 0.564138 0.301134
vt 0.566052 0.302225
vt 0.567850 0.303499
vt 0.569515 0.304943
vt 0.571030 0.306543
vt 0.572381 0.308284
vt 0.573555 0.310150
vt 0.574540 0.312121
vt 0.575328 0.314179
vt 0.575909 0.316305
vt 0.576280 0.318477
vt 0.576436 0.320675
vt 0.576376 0.322878
vt 0.576100 0.325064
vt 0.575611 0.327213
vt 0.574914 0.329304
vt 0.574016 0.331316
vt 0.572924 0.333230
vt 0.571650 0.335029
vt 0.570206 0.336693
vt 0.568606 0.338208
vt 0.566865 0.339559
vt 0.565000 0.340733
vt 0.563028 0.341719
vt 0.560970 0.342506
vt 0.558845 0.343088
vt 0.556672 0.343459
vt 0.554474 0.343615
vt 0.552271 0.343554
vt 0.550085 0.343279
vt 0.547936 0.342790
vt 0.545845 0.342093
vt 0.543833 0.341194
vt 0.541919 0.340102
vt 0.540121 0.338829
vt 0.538456 0.337384
vt 0.536941 0.335784
vt 0.535590 0.334043
vt 0.534416 0.332178
vt 0.533431 0.330207
vt 0.532643 0.328149
vt 0.532061 0.326023
vt 0.531691 0.323851
vt 0.531535 0.321653
vt 0.531595 0.319450
vt 0.531871 0.317263
vt 0.532360 0.315114
vt 0.533057 0.313024
vt 0.533955 0.311012
vt 0.535047 0.309097
vt 0.536321 0.307299
vt 0.537765 0.305634
vt 0.539365 0.304119
vt 0.541106 0.302768
vt 0.542971 0.301594
vt 0.544942 0.300609
vt 0.547001 0.299822
vt 0.549126 0.299240
vt 0.553612 0.304042
vt 0.551936 0.304161
vt 0.555292 0.304088
vt 0.556960 0.304298
vt 0.558599 0.304671
vt 0.560193 0.305203
vt 0.561728 0.305888
vt 0.563187 0.306721
vt 0.564559 0.307692
vt 0.565828 0.308793
vt 0.566984 0.310014
vt 0.568014 0.311342
vt 0.568909 0.312764
vt 0.569661 0.314267
vt 0.570261 0.315837
vt 0.570705 0.317458
vt 0.570988 0.319115
vt 0.571107 0.320791
vt 0.571061 0.322471
vt 0.570851 0.324139
vt 0.570478 0.325777
vt 0.569946 0.327372
vt 0.569261 0.328906
vt 0.568428 0.330366
vt 0.567457 0.331738
vt 0.566356 0.333007
vt 0.565135 0.334163
vt 0.563807 0.335193
vt 0.562385 0.336088
vt 0.560882 0.336840
vt 0.559312 0.337440
vt 0.557691 0.337884
vt 0.556034 0.338167
vt 0.554358 0.338286
vt 0.552678 0.338240
vt 0.551010 0.338029
vt 0.549372 0.337657
vt 0.547777 0.337125
vt 0.546243 0.336440
vt 0.544783 0.335607
vt 0.543411 0.334636
vt 0.542142 0.333534
vt 0.540986 0.332314
vt 0.539956 0.330986
vt 0.539061 0.329564
vt 0.538309 0.328060
vt 0.537709 0.326491
vt 0.537265 0.324870
vt 0.536982 0.323213
vt 0.536863 0.321537
vt 0.536909 0.319857
vt 0.537120 0.318189
vt 0.537492 0.316550
vt 0.538024 0.314956
vt 0.538709 0.313421
vt 0.539542 0.311961
vt 0.540513 0.310590
vt 0.541615 0.309320
vt 0.542835 0.308165
vt 0.544163 0.307135
vt 0.545585 0.306239
vt 0.547088 0.305488
vt 0.548658 0.304888
vt 0.550279 0.304444
vt 0.553732 0.309535
vt 0.552593 0.309615
vt 0.554873 0.309566
vt 0.556005 0.309709
vt 0.557118 0.309962
vt 0.558201 0.310323
vt 0.559244 0.310788
vt 0.560235 0.311354
vt 0.561167 0.312014
vt 0.562029 0.312762
vt 0.562814 0.313591
vt 0.563514 0.314493
vt 0.564122 0.315459
vt 0.564632 0.316480
vt 0.565040 0.317546
vt 0.565341 0.318647
vt 0.565533 0.319772
vt 0.565614 0.320911
vt 0.565583 0.322052
vt 0.565440 0.323184
vt 0.565187 0.324297
vt 0.564826 0.325380
vt 0.564360 0.326423
vt 0.563795 0.327414
vt 0.563135 0.328346
vt 0.562387 0.329208
vt 0.561558 0.329993
vt 0.560656 0.330693
vt 0.559690 0.331301
vt 0.558669 0.331811
vt 0.557603 0.332219
vt 0.556502 0.332520
vt 0.555377 0.332712
vt 0.554238 0.332793
vt 0.553097 0.332762
vt 0.551964 0.332619
vt 0.550851 0.332366
vt 0.549768 0.332005
vt 0.548726 0.331539
vt 0.547734 0.330974
vt 0.546803 0.330314
vt 0.545941 0.329566
vt 0.545156 0.328737
vt 0.544456 0.327835
vt 0.543848 0.326869
vt 0.543338 0.325848
vt 0.542930 0.324782
vt 0.542628 0.323681
vt 0.542436 0.322556
vt 0.542356 0.321417
vt 0.542387 0.320276
vt 0.542530 0.319143
vt 0.542783 0.318030
vt 0.543144 0.316947
vt 0.543609 0.315905
vt 0.544175 0.314913
vt 0.544835 0.313982
vt 0.545583 0.313120
vt 0.546412 0.312335
vt 0.547313 0.311635
vt 0.548279 0.311027
vt 0.549301 0.310517
vt 0.550367 0.310109
vt 0.551468 0.309807
vt 0.553853 0.315138
vt 0.553263 0.315180
vt 0.554445 0.315154
vt 0.555031 0.315228
vt 0.555608 0.315360
vt 0.556169 0.315547
vt 0.556709 0.315788
vt 0.557223 0.316081
vt 0.557706 0.316423
vt 0.558153 0.316810
vt 0.558559 0.317240
vt 0.558922 0.317707
vt 0.559237 0.318208
vt 0.559501 0.318737
vt 0.559713 0.319289
vt 0.559869 0.319860
vt 0.559968 0.320443
vt 0.560010 0.321033
vt 0.559994 0.321624
vt 0.559920 0.322211
vt 0.559789 0.322788
vt 0.559602 0.323349
vt 0.559361 0.323889
vt 0.559068 0.324403
vt 0.558726 0.324885
vt 0.558338 0.325332
vt 0.557909 0.325739
vt 0.557441 0.326101
vt 0.556941 0.326416
vt 0.556412 0.326681
vt 0.555859 0.326892
vt 0.555289 0.327048
vt 0.554706 0.327148
vt 0.554116 0.327190
vt 0.553524 0.327173
vt 0.552938 0.327099
vt 0.552361 0.326968
vt 0.551800 0.326781
vt 0.551260 0.326540
vt 0.550746 0.326247
vt 0.550263 0.325905
vt 0.549816 0.325517
vt 0.549410 0.325088
vt 0.549047 0.324621
vt 0.548732 0.324120
vt 0.548468 0.323591
vt 0.548256 0.323039
vt 0.548100 0.322468
vt 0.548001 0.321885
vt 0.547959 0.321295
vt 0.547975 0.320704
vt 0.548049 0.320117
vt 0.548180 0.319540
vt 0.548367 0.318979
vt 0.548609 0.318439
vt 0.548901 0.317925
vt 0.549243 0.317443
vt 0.549631 0.316996
vt 0.550061 0.316589
vt 0.550528 0.316227
vt 0.551028 0.315912
vt 0.551557 0.315647
vt 0.552110 0.315436
vt 0.552680 0.315280
vt 0.553977 0.320799
vt 0.553941 0.320802
vt 0.554012 0.320800
vt 0.554048 0.320805
vt 0.554083 0.320813
vt 0.554117 0.320824
vt 0.554149 0.320839
vt 0.554180 0.320856
vt 0.554210 0.320877
vt 0.554237 0.320901
vt 0.554261 0.320927
vt 0.554283 0.320955
vt 0.554302 0.320985
vt 0.554318 0.321017
vt 0.554331 0.321051
vt 0.554340 0.321085
vt 0.554347 0.321120
vt 0.554349 0.321156
vt 0.554348 0.321192
vt 0.554344 0.321227
vt 0.554336 0.321262
vt 0.554324 0.321296
vt 0.554310 0.321329
vt 0.554292 0.321360
vt 0.554271 0.321389
vt 0.554248 0.321416
vt 0.554222 0.321441
vt 0.554194 0.321463
vt 0.554163 0.321482
vt 0.554131 0.321498
vt 0.554098 0.321510
vt 0.554063 0.321520
vt 0.554028 0.321526
vt 0.553992 0.321528
vt 0.553957 0.321527
vt 0.553921 0.321523
vt 0.553886 0.321515
vt 0.553852 0.321504
vt 0.553820 0.321489
vt 0.553789 0.321471
vt 0.553759 0.321451
vt 0.553732 0.321427
vt 0.553708 0.321401
vt 0.553686 0.321373
vt 0.553667 0.321343
vt 0.553651 0.321311
vt 0.553638 0.321277
vt 0.553629 0.321243
vt 0.553623 0.321208
vt 0.553620 0.321172
vt 0.553621 0.321136
vt 0.553626 0.321101
vt 0.553633 0.321066
vt 0.553645 0.321032
vt 0.553659 0.320999
vt 0.553677 0.320968
vt 0.553698 0.320939
vt 0.553721 0.320912
vt 0.553747 0.320887
vt 0.553775 0.320865
vt 0.553806 0.320846
vt 0.553838 0.320830
vt 0.553871 0.320817
vt 0.553906 0.320808
vt 0.527236 0.686667
vt 0.524693 0.547680
vt 0.527236 0.547547
vt 0.529702 0.686701
vt 0.529782 0.547584
vt 0.532165 0.686572
vt 0.532304 0.547654
vt 0.534604 0.686418
vt 0.534778 0.547752
vt 0.536996 0.686241
vt 0.536211 0.547827
vt 0.537181 0.547956
vt 0.539316 0.685982
vt 0.538661 0.686104
vt 0.539490 0.548328
vt 0.541541 0.685540
vt 0.541681 0.548716
vt 0.543652 0.685098
vt 0.392033 0.800318
vt 0.391096 0.800613
vt 0.390032 0.800803
vt 0.390032 0.664407
vt 0.390648 0.664542
vt 0.391954 0.664938
vt 0.392106 0.664989
vt 0.394453 0.665670
vt 0.394299 0.799707
vt 0.397051 0.666326
vt 0.396809 0.799146
vt 0.395752 0.799368
vt 0.398281 0.798876
vt 0.397403 0.666405
vt 0.399875 0.667066
vt 0.399539 0.798526
vt 0.400203 0.667143
vt 0.402896 0.667827
vt 0.402462 0.797832
vt 0.406087 0.668522
vt 0.405551 0.797212
vt 0.405390 0.797241
vt 0.409417 0.669138
vt 0.408775 0.796716
vt 0.409941 0.669219
vt 0.412853 0.669714
vt 0.412103 0.796290
vt 0.414054 0.796088
vt 0.416364 0.670187
vt 0.415504 0.795903
vt 0.419914 0.670545
vt 0.418944 0.795601
vt 0.423471 0.670786
vt 0.422389 0.795431
vt 0.427001 0.670906
vt 0.425807 0.795351
vt 0.423899 0.795414
vt 0.429898 0.670905
vt 0.430470 0.670913
vt 0.429164 0.795319
vt 0.433844 0.670862
vt 0.432428 0.795370
vt 0.436438 0.670741
vt 0.437091 0.670723
vt 0.435567 0.795504
vt 0.440179 0.670549
vt 0.438550 0.795773
vt 0.435946 0.795530
vt 0.442691 0.670323
vt 0.443080 0.670305
vt 0.441350 0.796006
vt 0.439878 0.795947
vt 0.445385 0.670134
vt 0.445763 0.670114
vt 0.443940 0.796172
vt 0.448203 0.669917
vt 0.446295 0.796413
vt 0.445425 0.796310
vt 0.449720 0.669740
vt 0.450378 0.669715
vt 0.448393 0.796606
vt 0.447300 0.796573
vt 0.513877 0.765954
vt 0.515025 0.765909
vt 0.514962 0.893018
vt 0.512842 0.892920
vt 0.512842 0.766013
vt 0.517325 0.765787
vt 0.517196 0.893169
vt 0.516244 0.893095
vt 0.518281 0.765724
vt 0.519721 0.765745
vt 0.519522 0.893210
vt 0.517864 0.893230
vt 0.522190 0.765759
vt 0.521920 0.893209
vt 0.524707 0.765747
vt 0.524364 0.893236
vt 0.527249 0.765707
vt 0.526832 0.893301
vt 0.529791 0.765773
vt 0.529301 0.893261
vt 0.532308 0.765801
vt 0.531745 0.893250
vt 0.534776 0.765800
vt 0.534142 0.893264
vt 0.536217 0.765782
vt 0.537172 0.765869
vt 0.536469 0.893244
vt 0.535800 0.893289
vt 0.537772 0.765915
vt 0.539472 0.766018
vt 0.538704 0.893125
vt 0.540140 0.893070
vt 0.541654 0.766119
vt 0.540824 0.893030
vt 0.390032 0.812740
vt 0.390694 0.812658
vt 0.392204 0.812662
vt 0.394112 0.937716
vt 0.393116 0.937988
vt 0.392018 0.938198
vt 0.392386 0.812660
vt 0.394642 0.812576
vt 0.396464 0.937222
vt 0.397321 0.812455
vt 0.399052 0.936774
vt 0.397562 0.937048
vt 0.397713 0.812435
vt 0.400220 0.812530
vt 0.401849 0.936332
vt 0.400531 0.936572
vt 0.401199 0.812545
vt 0.403306 0.812533
vt 0.404830 0.935935
vt 0.406550 0.812465
vt 0.407967 0.935638
vt 0.407160 0.935727
vt 0.409922 0.812347
vt 0.411229 0.935423
vt 0.410499 0.812319
vt 0.413390 0.812288
vt 0.414585 0.935339
vt 0.416920 0.812151
vt 0.418002 0.935375
vt 0.416505 0.935367
vt 0.420477 0.811916
vt 0.421447 0.935545
vt 0.424028 0.811585
vt 0.424888 0.935867
vt 0.427539 0.811161
vt 0.428289 0.936318
vt 0.426350 0.936067
vt 0.430976 0.810667
vt 0.431619 0.936878
vt 0.430457 0.810725
vt 0.434308 0.810250
vt 0.434845 0.937556
vt 0.436277 0.809976
vt 0.437501 0.809780
vt 0.437936 0.938345
vt 0.440525 0.809233
vt 0.440861 0.939194
vt 0.438858 0.938625
vt 0.443351 0.808686
vt 0.443594 0.940040
vt 0.442130 0.939616
vt 0.443002 0.808726
vt 0.445239 0.808461
vt 0.445953 0.808358
vt 0.446107 0.940887
vt 0.448303 0.807989
vt 0.448376 0.941771
vt 0.447852 0.941577
vt 0.449767 0.807734
vt 0.450381 0.807710
vt 0.450381 0.942558
vt 0.449322 0.942182
vt 0.515704 0.685612
vt 0.512842 0.549238
vt 0.515018 0.548785
vt 0.517830 0.685985
vt 0.517312 0.548325
vt 0.520069 0.686335
vt 0.519412 0.686240
vt 0.520727 0.686422
vt 0.518277 0.548145
vt 0.519706 0.548025
vt 0.522397 0.686506
vt 0.522175 0.547841
vt 0.524793 0.686600
s 1
usemtl 04_|_warm_forged_steel
f 983/1172/985 984/1173/986 998/1174/987 997/1175/988
f 984/1173/986 985/1176/989 999/1177/990 998/1174/987
f 985/1176/989 986/1178/991 1000/1179/992 999/1177/990
f 987/1180/993 988/1181/994 1027/1182/995 1026/1183/996
f 988/1181/994 989/1184/997 1028/1185/998 1027/1182/995
f 989/1184/997 990/1186/999 1029/1187/1000 1028/1185/998
f 990/1186/999 991/1188/1001 1030/1189/1002 1029/1187/1000
f 991/1188/1001 992/1190/1003 1031/1191/1004 1030/1189/1002
f 992/1190/1003 993/1192/1005 1032/1193/1006 1031/1191/1004
f 994/1194/1007 995/1195/1008 1059/1196/1009 1058/1197/1010
f 995/1195/1008 996/1198/1011 1060/1199/1012 1059/1196/1009
f 996/1198/1011 983/1172/985 997/1175/988 1060/1199/1012
f 997/1175/988 998/1174/987 1062/1200/1013 1061/1201/1014
f 998/1174/987 999/1177/990 1063/1202/1015 1062/1200/1013
f 999/1177/990 1000/1179/992 1064/1203/1016 1063/1202/1015
f 1000/1179/992 1001/1204/1017 1065/1205/1018 1064/1203/1016
f 1001/1204/1017 1002/1206/1019 1066/1207/1020 1065/1205/1018
f 1002/1206/1019 1003/1208/1021 1067/1209/1022 1066/1207/1020
f 1003/1208/1021 1004/1210/1023 1068/1211/1024 1067/1209/1022
f 1004/1210/1023 1005/1212/1025 1069/1213/1026 1068/1211/1024
f 1005/1212/1025 1006/1214/1027 1070/1215/1028 1069/1213/1026
f 1020/1216/1029 1021/1217/1030 1072/1218/1031 1071/1219/1032
f 1021/1217/1030 1022/1220/1033 1073/1221/1034 1072/1218/1031
f 1022/1220/1033 1023/1222/1035 1074/1223/1036 1073/1221/1034
f 1023/1222/1035 1024/1224/1037 1075/1225/1038 1074/1223/1036
f 1024/1224/1037 1025/1226/1039 1076/1227/1040 1075/1225/1038
f 1025/1226/1039 1026/1183/996 1077/1228/1041 1076/1227/1040
f 1026/1183/996 1027/1182/995 1078/1229/1042 1077/1228/1041
f 1027/1182/995 1028/1185/998 1079/1230/1043 1078/1229/1042
f 1028/1185/998 1029/1187/1000 1080/1231/1044 1079/1230/1043
f 1029/1187/1000 1030/1189/1002 1081/1232/1045 1080/1231/1044
f 1030/1189/1002 1031/1191/1004 1082/1233/1046 1081/1232/1045
f 1031/1191/1004 1032/1193/1006 1083/1234/1047 1082/1233/1046
f 1032/1193/1006 1033/1235/1048 1084/1236/1049 1083/1234/1047
f 1033/1235/1048 1034/1237/1050 1085/1238/1051 1084/1236/1049
f 1034/1237/1050 1035/1239/1052 1086/1240/1053 1085/1238/1051
f 1035/1239/1052 1036/1241/1054 1087/1242/1055 1086/1240/1053
f 1036/1241/1054 1037/1243/1056 1088/1244/1057 1087/1242/1055
f 1037/1243/1056 1038/1245/1058 1089/1246/1059 1088/1244/1057
f 1052/1247/1060 1053/1248/1061 1091/1249/1062 1090/1250/1063
f 1053/1251/1061 1054/1252/1064 1092/1253/1065 1091/1254/1062
f 1054/1252/1064 1055/1255/1066 1093/1256/1067 1092/1253/1065
f 1055/1255/1066 1056/1257/1068 1094/1258/1069 1093/1256/1067
f 1056/1257/1068 1057/1259/1070 1095/1260/1071 1094/1258/1069
f 1057/1259/1070 1058/1197/1010 1096/1261/1072 1095/1260/1071
f 1058/1197/1010 1059/1196/1009 1097/1262/1073 1096/1261/1072
f 1059/1196/1009 1060/1199/1012 1098/1263/1074 1097/1262/1073
f 1060/1199/1012 997/1175/988 1061/1201/1014 1098/1263/1074
f 1061/1201/1014 1062/1200/1013 1100/1264/1075 1099/1265/1076
f 1062/1200/1013 1063/1202/1015 1101/1266/1077 1100/1264/1075
f 1063/1202/1015 1064/1203/1016 1102/1267/1078 1101/1266/1077
f 1064/1203/1016 1065/1205/1018 1103/1268/1079 1102/1267/1078
f 1065/1205/1018 1066/1207/1020 1104/1269/1080 1103/1268/1079
f 1066/1207/1020 1067/1209/1022 1105/1270/1081 1104/1269/1080
f 1067/1209/1022 1068/1211/1024 1106/1271/1082 1105/1270/1081
f 1068/1211/1024 1069/1213/1026 1107/1272/1083 1106/1271/1082
f 1069/1213/1026 1070/1215/1028 1108/1273/1084 1107/1272/1083
f 1071/1219/1032 1072/1218/1031 1123/1274/1085 1122/1275/1086
f 1072/1218/1031 1073/1221/1034 1124/1276/1087 1123/1274/1085
f 1073/1221/1034 1074/1223/1036 1125/1277/1088 1124/1276/1087
f 1074/1223/1036 1075/1225/1038 1126/1278/1089 1125/1277/1088
f 1075/1225/1038 1076/1227/1040 1127/1279/1090 1126/1278/1089
f 1076/1227/1040 1077/1228/1041 1128/1280/1091 1127/1279/1090
f 1077/1228/1041 1078/1229/1042 1129/1281/1092 1128/1280/1091
f 1078/1229/1042 1079/1230/1043 1130/1282/1093 1129/1281/1092
f 1079/1230/1043 1080/1231/1044 1131/1283/1094 1130/1282/1093
f 1080/1231/1044 1081/1232/1045 1132/1284/1095 1131/1283/1094
f 1081/1232/1045 1082/1233/1046 1133/1285/1096 1132/1284/1095
f 1082/1233/1046 1083/1234/1047 1134/1286/1097 1133/1285/1096
f 1083/1234/1047 1084/1236/1049 1135/1287/1098 1134/1286/1097
f 1084/1236/1049 1085/1238/1051 1136/1288/1099 1135/1287/1098
f 1085/1238/1051 1086/1240/1053 1137/1289/1100 1136/1288/1099
f 1086/1240/1053 1087/1242/1055 1138/1290/1101 1137/1289/1100
f 1087/1242/1055 1088/1244/1057 1139/1291/1102 1138/1290/1101
f 1088/1244/1057 1089/1246/1059 1140/1292/1103 1139/1291/1102
f 1090/1250/1063 1091/1249/1062 1155/1293/1104 1154/1294/1105
f 1091/1254/1062 1092/1253/1065 1156/1295/1106 1155/1296/1104
f 1092/1253/1065 1093/1256/1067 1157/1297/1107 1156/1295/1106
f 1093/1256/1067 1094/1258/1069 1158/1298/1108 1157/1297/1107
f 1094/1258/1069 1095/1260/1071 1159/1299/1109 1158/1298/1108
f 1095/1260/1071 1096/1261/1072 1160/1300/1110 1159/1299/1109
f 1096/1261/1072 1097/1262/1073 1161/1301/1111 1160/1300/1110
f 1097/1262/1073 1098/1263/1074 1162/1302/1112 1161/1301/1111
f 1098/1263/1074 1061/1201/1014 1099/1265/1076 1162/1302/1112
f 1099/1265/1076 1100/1264/1075 1164/1303/1113 1163/1304/1114
f 1100/1264/1075 1101/1266/1077 1165/1305/1115 1164/1303/1113
f 1101/1266/1077 1102/1267/1078 1166/1306/1116 1165/1305/1115
f 1102/1267/1078 1103/1268/1079 1167/1307/1117 1166/1306/1116
f 1103/1268/1079 1104/1269/1080 1168/1308/1118 1167/1307/1117
f 1104/1269/1080 1105/1270/1081 1169/1309/1119 1168/1308/1118
f 1105/1270/1081 1106/1271/1082 1170/1310/1120 1169/1309/1119
f 1106/1271/1082 1107/1272/1083 1171/1311/1121 1170/1310/1120
f 1107/1272/1083 1108/1273/1084 1172/1312/1122 1171/1311/1121
f 1122/1313/1086 1123/1314/1085 1174/1315/1123 1173/1316/1124
f 1123/1274/1085 1124/1276/1087 1175/1317/1125 1174/1318/1123
f 1124/1276/1087 1125/1277/1088 1176/1319/1126 1175/1317/1125
f 1125/1277/1088 1126/1278/1089 1177/1320/1127 1176/1319/1126
f 1126/1278/1089 1127/1279/1090 1178/1321/1128 1177/1320/1127
f 1127/1279/1090 1128/1280/1091 1179/1322/1129 1178/1321/1128
f 1128/1280/1091 1129/1281/1092 1180/1323/1130 1179/1322/1129
f 1129/1281/1092 1130/1282/1093 1181/1324/1131 1180/1323/1130
f 1130/1282/1093 1131/1283/1094 1182/1325/1132 1181/1324/1131
f 1131/1283/1094 1132/1284/1095 1183/1326/1133 1182/1325/1132
f 1132/1284/1095 1133/1285/1096 1184/1327/1134 1183/1326/1133
f 1133/1285/1096 1134/1286/1097 1185/1328/1135 1184/1327/1134
f 1134/1286/1097 1135/1287/1098 1186/1329/1136 1185/1328/1135
f 1135/1287/1098 1136/1288/1099 1187/1330/1137 1186/1329/1136
f 1136/1288/1099 1137/1289/1100 1188/1331/1138 1187/1330/1137
f 1137/1289/1100 1138/1290/1101 1189/1332/1139 1188/1331/1138
f 1138/1290/1101 1139/1291/1102 1190/1333/1140 1189/1332/1139
f 1139/1291/1102 1140/1292/1103 1191/1334/1141 1190/1333/1140
f 1154/1294/1105 1155/1293/1104 1193/1335/1142 1192/1336/1143
f 1155/1293/1104 1156/1337/1106 1194/1338/1144 1193/1335/1142
f 1156/1295/1106 1157/1297/1107 1195/1339/1145 1194/1340/1144
f 1157/1297/1107 1158/1298/1108 1196/1341/1146 1195/1339/1145
f 1158/1298/1108 1159/1299/1109 1197/1342/1147 1196/1341/1146
f 1159/1299/1109 1160/1300/1110 1198/1343/1148 1197/1342/1147
f 1160/1300/1110 1161/1301/1111 1199/1344/1149 1198/1343/1148
f 1161/1301/1111 1162/1302/1112 1200/1345/1150 1199/1344/1149
f 1162/1302/1112 1099/1265/1076 1163/1304/1114 1200/1345/1150
f 1495/1346/1151 1501/1347/1152 1500/1348/1153
f 1501/1347/1152 1503/1349/1154 1500/1348/1153
f 1503/1349/1154 1497/1350/1155 1500/1348/1153
f 1689/1351/1156 1695/1352/1157 1693/1353/1158
f 1695/1352/1157 1697/1354/1159 1693/1353/1158
f 1697/1354/1159 1691/1355/1160 1693/1353/1158
f 1699/1356/1161 1706/1357/1162 1703/1358/1163
f 1706/1357/1162 1707/1359/1164 1703/1358/1163
f 1707/1359/1164 1702/1360/1165 1703/1358/1163
f 1894/1361/1166 1900/1362/1167 1898/1363/1168
f 1900/1362/1167 1902/1364/1169 1898/1363/1168
f 1902/1364/1169 1896/1365/1170 1898/1363/1168
f 1904/1366/1171 1909/1367/1172 1908/1368/1173
f 1909/1367/1172 1912/1369/1174 1908/1368/1173
f 1912/1369/1174 1906/1370/1175 1908/1368/1173
f 2001/1371/1176 2007/1372/1177 2005/1373/1178
f 2007/1372/1177 2009/1374/1179 2005/1373/1178
f 2009/1374/1179 2003/1375/1180 2005/1373/1178
f 2011/1376/1181 2018/1377/1182 2016/1378/1183
f 2018/1377/1182 2020/1379/1184 2016/1378/1183
f 2020/1379/1184 2013/1380/1185 2016/1378/1183
f 2109/1381/1186 2115/1382/1187 2113/1383/1188
f 2115/1382/1187 2117/1384/1189 2113/1383/1188
f 2117/1384/1189 2111/1385/1190 2113/1383/1188
f 2120/1386/1191 2126/1387/1192 2124/1388/1193
f 2126/1387/1192 2128/1389/1194 2124/1388/1193
f 2128/1389/1194 2122/1390/1195 2124/1388/1193
f 2218/1391/1196 2224/1392/1197 2222/1393/1198
f 2224/1392/1197 2226/1394/1199 2222/1393/1198
f 2226/1394/1199 2219/1395/1200 2222/1393/1198
f 2228/1396/1201 2234/1397/1202 2232/1398/1203
f 2234/1399/1202 2236/1400/1204 2232/1401/1203
f 2236/1402/1204 2230/1403/1205 2232/1398/1203
f 2325/1404/1206 2331/1405/1207 2329/1406/1208
f 2331/1405/1207 2333/1407/1209 2329/1406/1208
f 2333/1407/1209 2327/1408/1210 2329/1406/1208
f 1202/1409/1211 1487/1410/1212 1492/1411/1213 1204/1412/1214
f 1204/1412/1214 1492/1411/1213 1494/1413/1215 1203/1414/1215
s 0
f 1203/1415/1216 1494/1416/1216 1489/1417/1216 1201/1418/1216
f 1482/1419/1217 1489/1417/1217 1494/1416/1217 1486/1420/1217
f 1486/1421/1218 1494/1413/1218 1492/1411/1218 1484/1422/1218
s 1
f 1484/1422/1219 1492/1411/1213 1487/1410/1212 1480/1423/1220
s 0
f 1473/1424/1221 1482/1419/1221 1486/1420/1221 1477/1425/1221
f 1477/1426/1222 1486/1421/1222 1484/1422/1222 1475/1427/1222
s 1
f 1475/1427/1223 1484/1422/1219 1480/1423/1220 1471/1428/1224
s 0
f 1465/1429/1225 1473/1424/1225 1477/1425/1225 1469/1430/1225
f 1469/1431/1226 1477/1426/1226 1475/1427/1226 1468/1432/1226
s 1
f 1468/1432/1227 1475/1427/1223 1471/1428/1224 1463/1433/1228
s 0
f 1458/1434/1229 1465/1429/1229 1469/1430/1229 1462/1435/1229
f 1462/1436/1230 1469/1431/1230 1468/1432/1230 1460/1437/1230
s 1
f 1460/1437/1231 1468/1432/1227 1463/1433/1228 1456/1438/1232
s 0
f 1449/1439/1233 1458/1434/1233 1462/1435/1233 1453/1440/1233
f 1453/1441/1234 1462/1436/1234 1460/1437/1234 1452/1442/1234
s 1
f 1452/1442/1235 1460/1437/1231 1456/1438/1232 1447/1443/1236
s 0
f 1441/1444/1237 1449/1439/1237 1453/1440/1237 1445/1445/1237
f 1445/1445/1238 1453/1440/1238 1452/1446/1238 1444/1447/1238
s 1
f 1444/1448/1239 1452/1442/1235 1447/1443/1236 1440/1449/1240
s 0
f 1437/1450/1241 1441/1444/1241 1445/1445/1241 1439/1451/1241
f 1439/1451/1242 1445/1445/1242 1444/1447/1242 1438/1452/1242
s 1
f 1438/1453/1243 1444/1454/1239 1440/1455/1240 1436/1456/1244
s 0
f 1433/1457/1245 1437/1450/1245 1439/1451/1245 1435/1458/1245
f 1435/1459/1246 1439/1460/1246 1438/1453/1246 1434/1461/1246
s 1
f 1434/1461/1247 1438/1453/1243 1436/1456/1244 1432/1462/1248
s 0
f 1429/1463/1249 1433/1457/1249 1435/1458/1249 1431/1464/1249
f 1431/1465/1250 1435/1459/1250 1434/1461/1250 1430/1466/1250
s 1
f 1430/1466/1251 1434/1461/1247 1432/1462/1248 1428/1467/1252
s 0
f 1422/1468/1253 1429/1463/1253 1431/1464/1253 1426/1469/1253
f 1426/1470/1254 1431/1465/1254 1430/1466/1254 1424/1471/1254
s 1
f 1424/1471/1255 1430/1466/1251 1428/1467/1252 1421/1472/1256
s 0
f 1418/1473/1257 1422/1468/1257 1426/1469/1257 1420/1474/1257
f 1420/1475/1258 1426/1470/1258 1424/1471/1258 1419/1476/1258
s 1
f 1419/1476/1259 1424/1471/1255 1421/1472/1256 1417/1477/1260
s 0
f 1414/1478/1261 1418/1473/1261 1420/1474/1261 1416/1479/1261
f 1416/1480/1262 1420/1475/1262 1419/1476/1262 1415/1481/1262
s 1
f 1415/1481/1263 1419/1476/1259 1417/1477/1260 1413/1482/1264
s 0
f 1410/1483/1265 1414/1478/1265 1416/1479/1265 1412/1484/1265
f 1412/1485/1266 1416/1480/1266 1415/1481/1266 1411/1486/1266
s 1
f 1411/1486/1267 1415/1481/1263 1413/1482/1264 1409/1487/1268
s 0
f 1403/1488/1269 1410/1483/1269 1412/1484/1269 1408/1489/1269
f 1408/1490/1270 1412/1485/1270 1411/1486/1270 1406/1491/1270
s 1
f 1406/1491/1271 1411/1486/1267 1409/1487/1268 1402/1492/1272
s 0
f 1399/1493/1273 1403/1488/1273 1408/1489/1273 1401/1494/1273
f 1401/1495/1274 1408/1490/1274 1406/1491/1274 1400/1496/1274
s 1
f 1400/1496/1275 1406/1491/1271 1402/1492/1272 1398/1497/1276
s 0
f 1395/1498/1277 1399/1493/1277 1401/1494/1277 1397/1499/1277
f 1397/1500/1278 1401/1495/1278 1400/1496/1278 1396/1501/1278
s 1
f 1396/1501/1279 1400/1496/1275 1398/1497/1276 1394/1502/1280
s 0
f 1391/1503/1281 1395/1498/1281 1397/1499/1281 1393/1504/1281
f 1393/1505/1282 1397/1500/1282 1396/1501/1282 1392/1506/1282
s 1
f 1392/1506/1283 1396/1501/1279 1394/1502/1280 1390/1507/1284
s 0
f 1384/1508/1285 1391/1503/1285 1393/1504/1285 1389/1509/1285
f 1389/1510/1286 1393/1505/1286 1392/1506/1286 1386/1511/1286
s 1
f 1386/1511/1287 1392/1506/1283 1390/1507/1284 1383/1512/1288
s 0
f 1380/1513/1289 1384/1508/1289 1389/1509/1289 1382/1514/1289
f 1382/1515/1290 1389/1510/1290 1386/1511/1290 1381/1516/1290
s 1
f 1381/1516/1291 1386/1511/1287 1383/1512/1288 1379/1517/1292
s 0
f 1376/1518/1293 1380/1513/1293 1382/1514/1293 1378/1519/1293
f 1378/1520/1294 1382/1515/1294 1381/1516/1294 1377/1521/1294
s 1
f 1377/1521/1295 1381/1516/1291 1379/1517/1292 1375/1522/1296
s 0
f 1372/1523/1297 1376/1518/1297 1378/1519/1297 1374/1524/1297
f 1374/1525/1298 1378/1520/1298 1377/1521/1298 1373/1526/1298
s 1
f 1373/1526/1299 1377/1521/1295 1375/1522/1296 1371/1527/1300
s 0
f 1366/1528/1301 1372/1523/1301 1374/1524/1301 1370/1529/1301
f 1370/1529/1302 1374/1524/1302 1373/1530/1302 1367/1531/1302
s 1
f 1367/1532/1303 1373/1526/1299 1371/1527/1300 1365/1533/1304
s 0
f 1362/1534/1305 1366/1528/1305 1370/1529/1305 1364/1535/1305
f 1364/1535/1306 1370/1529/1306 1367/1531/1306 1363/1536/1306
s 1
f 1363/1537/1307 1367/1532/1303 1365/1533/1304 1361/1538/1308
s 0
f 1358/1539/1309 1362/1534/1309 1364/1535/1309 1360/1540/1309
f 1360/1540/1310 1364/1535/1310 1363/1536/1310 1359/1541/1310
s 1
f 1359/1542/1311 1363/1543/1307 1361/1544/1308 1357/1545/1312
s 0
f 1354/1546/1313 1358/1539/1313 1360/1540/1313 1356/1547/1313
f 1356/1548/1314 1360/1549/1314 1359/1542/1314 1355/1550/1314
s 1
f 1355/1550/1315 1359/1542/1311 1357/1545/1312 1353/1551/1316
s 0
f 1350/1552/1317 1354/1546/1317 1356/1547/1317 1352/1553/1317
f 1352/1554/1318 1356/1548/1318 1355/1550/1318 1351/1555/1318
s 1
f 1351/1555/1319 1355/1550/1315 1353/1551/1316 1349/1556/1320
s 0
f 1346/1557/1321 1350/1552/1321 1352/1553/1321 1348/1558/1321
f 1348/1559/1322 1352/1554/1322 1351/1555/1322 1347/1560/1322
s 1
f 1347/1560/1323 1351/1555/1319 1349/1556/1320 1345/1561/1324
s 0
f 1342/1562/1325 1346/1557/1325 1348/1558/1325 1344/1563/1325
f 1344/1564/1326 1348/1559/1326 1347/1560/1326 1343/1565/1326
s 1
f 1343/1565/1327 1347/1560/1323 1345/1561/1324 1341/1566/1328
s 0
f 1338/1567/1329 1342/1562/1329 1344/1563/1329 1340/1568/1329
f 1340/1569/1330 1344/1564/1330 1343/1565/1330 1339/1570/1330
s 1
f 1339/1570/1331 1343/1565/1327 1341/1566/1328 1337/1571/1332
s 0
f 1334/1572/1333 1338/1567/1333 1340/1568/1333 1336/1573/1333
f 1336/1574/1334 1340/1569/1334 1339/1570/1334 1335/1575/1334
s 1
f 1335/1575/1335 1339/1570/1331 1337/1571/1332 1333/1576/1336
s 0
f 1330/1577/1337 1334/1572/1337 1336/1573/1337 1332/1578/1337
f 1332/1579/1338 1336/1574/1338 1335/1575/1338 1331/1580/1338
s 1
f 1331/1580/1339 1335/1575/1335 1333/1576/1336 1329/1581/1340
s 0
f 1326/1582/1341 1330/1577/1341 1332/1578/1341 1328/1583/1341
f 1328/1584/1342 1332/1579/1342 1331/1580/1342 1327/1585/1342
s 1
f 1327/1585/1343 1331/1580/1339 1329/1581/1340 1325/1586/1344
s 0
f 1322/1587/1345 1326/1582/1345 1328/1583/1345 1324/1588/1345
f 1324/1589/1346 1328/1584/1346 1327/1585/1346 1323/1590/1346
s 1
f 1323/1590/1347 1327/1585/1343 1325/1586/1344 1321/1591/1348
s 0
f 1318/1592/1349 1322/1587/1349 1324/1588/1349 1320/1593/1349
f 1320/1594/1350 1324/1589/1350 1323/1590/1350 1319/1595/1350
s 1
f 1319/1595/1351 1323/1590/1347 1321/1591/1348 1317/1596/1352
s 0
f 1314/1597/1353 1318/1592/1353 1320/1593/1353 1316/1598/1353
f 1316/1599/1354 1320/1594/1354 1319/1595/1354 1315/1600/1354
s 1
f 1315/1600/1355 1319/1595/1351 1317/1596/1352 1313/1601/1356
s 0
f 1310/1602/1357 1314/1597/1357 1316/1598/1357 1312/1603/1357
f 1312/1604/1358 1316/1599/1358 1315/1600/1358 1311/1605/1358
s 1
f 1311/1605/1359 1315/1600/1355 1313/1601/1356 1309/1606/1360
s 0
f 1306/1607/1361 1310/1602/1361 1312/1603/1361 1308/1608/1361
f 1308/1609/1362 1312/1604/1362 1311/1605/1362 1307/1610/1362
s 1
f 1307/1610/1363 1311/1605/1359 1309/1606/1360 1305/1611/1364
s 0
f 1302/1612/1365 1306/1607/1365 1308/1608/1365 1304/1613/1365
f 1304/1614/1366 1308/1609/1366 1307/1610/1366 1303/1615/1366
s 1
f 1303/1615/1367 1307/1610/1363 1305/1611/1364 1301/1616/1368
s 0
f 1298/1617/1369 1302/1612/1369 1304/1613/1369 1300/1618/1369
f 1300/1618/1370 1304/1613/1370 1303/1619/1370 1299/1620/1370
s 1
f 1299/1621/1371 1303/1615/1367 1301/1616/1368 1297/1622/1372
s 0
f 1294/1623/1373 1298/1617/1373 1300/1618/1373 1296/1624/1373
f 1296/1625/1374 1300/1626/1374 1299/1627/1374 1295/1628/1374
s 1
f 1295/1628/1375 1299/1627/1371 1297/1629/1372 1293/1630/1376
s 0
f 1290/1631/1377 1294/1623/1377 1296/1624/1377 1292/1632/1377
f 1292/1633/1378 1296/1625/1378 1295/1628/1378 1291/1634/1378
s 1
f 1291/1634/1379 1295/1628/1375 1293/1630/1376 1289/1635/1380
s 0
f 1286/1636/1381 1290/1631/1381 1292/1632/1381 1288/1637/1381
f 1288/1638/1382 1292/1633/1382 1291/1634/1382 1287/1639/1382
s 1
f 1287/1639/1383 1291/1634/1379 1289/1635/1380 1285/1640/1384
s 0
f 1282/1641/1385 1286/1636/1385 1288/1637/1385 1284/1642/1385
f 1284/1643/1386 1288/1638/1386 1287/1639/1386 1283/1644/1386
s 1
f 1283/1644/1387 1287/1639/1383 1285/1640/1384 1281/1645/1388
s 0
f 1278/1646/1389 1282/1641/1389 1284/1642/1389 1280/1647/1389
f 1280/1648/1390 1284/1643/1390 1283/1644/1390 1279/1649/1390
s 1
f 1279/1649/1391 1283/1644/1387 1281/1645/1388 1277/1650/1392
s 0
f 1274/1651/1393 1278/1646/1393 1280/1647/1393 1276/1652/1393
f 1276/1653/1394 1280/1648/1394 1279/1649/1394 1275/1654/1394
s 1
f 1275/1654/1395 1279/1649/1391 1277/1650/1392 1273/1655/1396
s 0
f 1270/1656/1397 1274/1651/1397 1276/1652/1397 1272/1657/1397
f 1272/1658/1398 1276/1653/1398 1275/1654/1398 1271/1659/1398
s 1
f 1271/1659/1399 1275/1654/1395 1273/1655/1396 1269/1660/1400
s 0
f 1266/1661/1401 1270/1656/1401 1272/1657/1401 1268/1662/1401
f 1268/1663/1402 1272/1658/1402 1271/1659/1402 1267/1664/1402
s 1
f 1267/1664/1403 1271/1659/1399 1269/1660/1400 1265/1665/1404
s 0
f 1262/1666/1405 1266/1661/1405 1268/1662/1405 1264/1667/1405
f 1264/1668/1406 1268/1663/1406 1267/1664/1406 1263/1669/1406
s 1
f 1263/1669/1407 1267/1664/1403 1265/1665/1404 1261/1670/1408
s 0
f 1258/1671/1409 1262/1666/1409 1264/1667/1409 1260/1672/1409
f 1260/1673/1410 1264/1668/1410 1263/1669/1410 1259/1674/1410
s 1
f 1259/1674/1411 1263/1669/1407 1261/1670/1408 1257/1675/1412
s 0
f 1254/1676/1413 1258/1671/1413 1260/1672/1413 1256/1677/1413
f 1256/1678/1414 1260/1673/1414 1259/1674/1414 1255/1679/1414
s 1
f 1255/1679/1415 1259/1674/1411 1257/1675/1412 1253/1680/1416
s 0
f 1250/1681/1417 1254/1676/1417 1256/1677/1417 1252/1682/1417
f 1252/1683/1418 1256/1678/1418 1255/1679/1418 1251/1684/1418
s 1
f 1251/1684/1419 1255/1679/1415 1253/1680/1416 1249/1685/1420
s 0
f 1246/1686/1421 1250/1681/1421 1252/1682/1421 1248/1687/1421
f 1248/1688/1422 1252/1683/1422 1251/1684/1422 1247/1689/1422
s 1
f 1247/1689/1423 1251/1684/1419 1249/1685/1420 1245/1690/1424
s 0
f 1242/1691/1425 1246/1686/1425 1248/1687/1425 1244/1692/1425
f 1244/1693/1426 1248/1688/1426 1247/1689/1426 1243/1694/1426
s 1
f 1243/1694/1427 1247/1689/1423 1245/1690/1424 1241/1695/1428
s 0
f 1238/1696/1429 1242/1691/1429 1244/1692/1429 1240/1697/1429
f 1240/1698/1430 1244/1693/1430 1243/1694/1430 1239/1699/1430
s 1
f 1239/1699/1431 1243/1694/1427 1241/1695/1428 1237/1700/1432
s 0
f 1234/1701/1433 1238/1696/1433 1240/1697/1433 1236/1702/1433
f 1236/1703/1434 1240/1704/1434 1239/1705/1434 1235/1706/1434
s 1
f 1235/1706/1435 1239/1705/1431 1237/1707/1432 1233/1708/1436
s 0
f 1230/1709/1437 1234/1701/1437 1236/1702/1437 1232/1710/1437
f 1232/1711/1438 1236/1703/1438 1235/1706/1438 1231/1712/1438
s 1
f 1231/1712/1439 1235/1706/1435 1233/1708/1436 1229/1713/1440
s 0
f 1226/1714/1441 1230/1709/1441 1232/1710/1441 1228/1715/1441
f 1228/1716/1442 1232/1711/1442 1231/1712/1442 1227/1717/1442
s 1
f 1227/1717/1443 1231/1712/1439 1229/1713/1440 1225/1718/1444
s 0
f 1222/1719/1445 1226/1714/1445 1228/1715/1445 1224/1720/1445
f 1224/1721/1446 1228/1716/1446 1227/1717/1446 1223/1722/1446
s 1
f 1223/1722/1447 1227/1717/1443 1225/1718/1444 1221/1723/1448
s 0
f 1218/1724/1449 1222/1719/1449 1224/1720/1449 1220/1725/1449
f 1220/1726/1450 1224/1721/1450 1223/1722/1450 1219/1727/1450
s 1
f 1219/1727/1451 1223/1722/1447 1221/1723/1448 1217/1728/1452
s 0
f 1214/1729/1453 1218/1724/1453 1220/1725/1453 1216/1730/1453
f 1216/1731/1454 1220/1726/1454 1219/1727/1454 1215/1732/1454
s 1
f 1215/1732/1455 1219/1727/1451 1217/1728/1452 1213/1733/1456
s 0
f 1210/1734/1457 1214/1729/1457 1216/1730/1457 1212/1735/1457
f 1212/1736/1458 1216/1731/1458 1215/1732/1458 1211/1737/1458
s 1
f 1211/1737/1459 1215/1732/1455 1213/1733/1456 1209/1738/1460
s 0
f 1206/1739/1461 1210/1734/1461 1212/1735/1461 1208/1740/1461
f 1208/1741/1462 1212/1736/1462 1211/1737/1462 1207/1742/1462
s 1
f 1207/1742/1463 1211/1737/1459 1209/1738/1460 1205/1743/1464
s 0
f 1201/1418/1465 1206/1739/1465 1208/1740/1465 1203/1415/1465
f 1203/1414/1466 1208/1741/1466 1207/1742/1466 1204/1412/1466
s 1
f 1204/1412/1214 1207/1742/1463 1205/1743/1464 1202/1409/1211
f 1495/1346/1151 1505/1744/1467 1510/1745/1468 1501/1347/1152
f 1501/1347/1152 1510/1745/1468 1511/1746/1469 1503/1349/1154
f 1503/1349/1154 1511/1746/1469 1508/1747/1470 1497/1350/1155
f 1505/1744/1467 1513/1748/1471 1517/1749/1472 1510/1745/1468
f 1510/1745/1468 1517/1749/1472 1519/1750/1473 1511/1746/1469
f 1511/1746/1469 1519/1750/1473 1515/1751/1474 1508/1747/1470
f 1513/1748/1471 1521/1752/1475 1526/1753/1476 1517/1749/1472
f 1517/1749/1472 1526/1753/1476 1527/1754/1477 1519/1750/1473
f 1519/1750/1473 1527/1754/1477 1523/1755/1478 1515/1751/1474
f 1521/1752/1475 1530/1756/1479 1534/1757/1480 1526/1753/1476
f 1526/1753/1476 1534/1757/1480 1536/1758/1481 1527/1754/1477
f 1527/1754/1477 1536/1758/1481 1532/1759/1482 1523/1755/1478
f 1530/1756/1479 1538/1760/1483 1542/1761/1484 1534/1757/1480
f 1534/1757/1480 1542/1761/1484 1543/1762/1485 1536/1758/1481
f 1536/1758/1481 1543/1762/1485 1540/1763/1486 1532/1759/1482
f 1538/1764/1483 1546/1765/1487 1549/1766/1488 1542/1767/1484
f 1542/1767/1484 1549/1766/1488 1552/1768/1489 1543/1769/1485
f 1543/1769/1485 1552/1768/1489 1548/1770/1490 1540/1771/1486
f 1546/1765/1487 1554/1772/1491 1557/1773/1492 1549/1766/1488
f 1549/1766/1488 1557/1773/1492 1559/1774/1493 1552/1768/1489
f 1552/1768/1489 1559/1774/1493 1555/1775/1494 1548/1770/1490
f 1554/1772/1491 1561/1776/1495 1565/1777/1496 1557/1773/1492
f 1557/1773/1492 1565/1777/1496 1568/1778/1497 1559/1774/1493
f 1559/1774/1493 1568/1778/1497 1563/1779/1498 1555/1775/1494
f 1561/1776/1495 1570/1780/1499 1573/1781/1500 1565/1777/1496
f 1565/1777/1496 1573/1781/1500 1575/1782/1501 1568/1778/1497
f 1568/1778/1497 1575/1782/1501 1572/1783/1502 1563/1779/1498
f 1570/1780/1499 1578/1784/1503 1581/1785/1504 1573/1781/1500
f 1573/1781/1500 1581/1785/1504 1584/1786/1505 1575/1782/1501
f 1575/1782/1501 1584/1786/1505 1579/1787/1506 1572/1783/1502
f 1578/1784/1503 1586/1788/1507 1589/1789/1508 1581/1785/1504
f 1581/1785/1504 1589/1789/1508 1591/1790/1509 1584/1786/1505
f 1584/1786/1505 1591/1790/1509 1587/1791/1510 1579/1787/1506
f 1586/1788/1507 1593/1792/1511 1597/1793/1512 1589/1789/1508
f 1589/1789/1508 1597/1793/1512 1599/1794/1513 1591/1790/1509
f 1591/1790/1509 1599/1794/1513 1595/1795/1514 1587/1791/1510
f 1593/1792/1511 1601/1796/1515 1605/1797/1516 1597/1793/1512
f 1597/1793/1512 1605/1797/1516 1607/1798/1517 1599/1794/1513
f 1599/1794/1513 1607/1798/1517 1604/1799/1518 1595/1795/1514
f 1601/1796/1515 1610/1800/1519 1613/1801/1520 1605/1797/1516
f 1605/1797/1516 1613/1801/1520 1616/1802/1521 1607/1798/1517
f 1607/1798/1517 1616/1802/1521 1612/1803/1522 1604/1799/1518
f 1610/1800/1519 1618/1804/1523 1622/1805/1524 1613/1801/1520
f 1613/1801/1520 1622/1805/1524 1623/1806/1525 1616/1802/1521
f 1616/1802/1521 1623/1806/1525 1619/1807/1526 1612/1803/1522
f 1618/1804/1523 1626/1808/1527 1629/1809/1528 1622/1805/1524
f 1622/1805/1524 1629/1809/1528 1631/1810/1529 1623/1806/1525
f 1623/1806/1525 1631/1810/1529 1627/1811/1530 1619/1807/1526
f 1626/1808/1527 1633/1812/1531 1637/1813/1532 1629/1809/1528
f 1629/1809/1528 1637/1813/1532 1640/1814/1533 1631/1810/1529
f 1631/1810/1529 1640/1814/1533 1635/1815/1534 1627/1811/1530
f 1633/1812/1531 1642/1816/1535 1646/1817/1536 1637/1813/1532
f 1637/1813/1532 1646/1817/1536 1648/1818/1537 1640/1814/1533
f 1640/1814/1533 1648/1818/1537 1644/1819/1538 1635/1815/1534
f 1642/1816/1535 1649/1820/1539 1654/1821/1540 1646/1817/1536
f 1646/1817/1536 1654/1821/1540 1656/1822/1541 1648/1818/1537
f 1648/1818/1537 1656/1822/1541 1652/1823/1542 1644/1819/1538
f 1649/1820/1539 1657/1824/1543 1661/1825/1544 1654/1821/1540
f 1654/1821/1540 1661/1825/1544 1663/1826/1545 1656/1822/1541
f 1656/1822/1541 1663/1826/1545 1660/1827/1546 1652/1823/1542
f 1657/1828/1543 1665/1829/1547 1669/1830/1548 1661/1831/1544
f 1661/1831/1544 1669/1830/1548 1671/1832/1549 1663/1833/1545
f 1663/1833/1545 1671/1832/1549 1667/1834/1550 1660/1835/1546
f 1665/1829/1547 1673/1836/1551 1677/1837/1552 1669/1830/1548
f 1669/1830/1548 1677/1837/1552 1679/1838/1553 1671/1832/1549
f 1671/1832/1549 1679/1838/1553 1675/1839/1554 1667/1834/1550
f 1673/1836/1551 1681/1840/1555 1685/1841/1556 1677/1837/1552
f 1677/1837/1552 1685/1841/1556 1687/1842/1557 1679/1838/1553
f 1679/1838/1553 1687/1842/1557 1683/1843/1558 1675/1839/1554
f 1681/1840/1555 1691/1355/1160 1697/1354/1159 1685/1841/1556
f 1685/1841/1556 1697/1354/1159 1695/1352/1157 1687/1842/1557
f 1687/1842/1557 1695/1352/1157 1689/1351/1156 1683/1843/1558
f 1699/1356/1161 1710/1844/1559 1714/1845/1560 1706/1357/1162
f 1706/1357/1162 1714/1845/1560 1716/1846/1561 1707/1359/1164
f 1707/1359/1164 1716/1846/1561 1711/1847/1562 1702/1360/1165
f 1710/1844/1559 1717/1848/1563 1721/1849/1564 1714/1845/1560
f 1714/1845/1560 1721/1849/1564 1723/1850/1565 1716/1846/1561
f 1716/1846/1561 1723/1850/1565 1720/1851/1566 1711/1847/1562
f 1717/1848/1563 1725/1852/1567 1729/1853/1568 1721/1849/1564
f 1721/1849/1564 1729/1853/1568 1731/1854/1569 1723/1850/1565
f 1723/1850/1565 1731/1854/1569 1727/1855/1570 1720/1851/1566
f 1725/1852/1567 1733/1856/1571 1737/1857/1572 1729/1853/1568
f 1729/1853/1568 1737/1857/1572 1739/1858/1573 1731/1854/1569
f 1731/1854/1569 1739/1858/1573 1736/1859/1574 1727/1855/1570
f 1733/1860/1571 1741/1861/1575 1746/1862/1576 1737/1863/1572
f 1737/1863/1572 1746/1862/1576 1748/1864/1577 1739/1865/1573
f 1739/1865/1573 1748/1864/1577 1744/1866/1578 1736/1867/1574
f 1741/1861/1575 1750/1868/1579 1753/1869/1580 1746/1862/1576
f 1746/1862/1576 1753/1869/1580 1755/1870/1581 1748/1864/1577
f 1748/1864/1577 1755/1870/1581 1752/1871/1582 1744/1866/1578
f 1750/1868/1579 1757/1872/1583 1761/1873/1584 1753/1869/1580
f 1753/1869/1580 1761/1873/1584 1764/1874/1585 1755/1870/1581
f 1755/1870/1581 1764/1874/1585 1759/1875/1586 1752/1871/1582
f 1757/1872/1583 1765/1876/1587 1769/1877/1588 1761/1873/1584
f 1761/1873/1584 1769/1877/1588 1771/1878/1589 1764/1874/1585
f 1764/1874/1585 1771/1878/1589 1768/1879/1590 1759/1875/1586
f 1765/1876/1587 1774/1880/1591 1777/1881/1592 1769/1877/1588
f 1769/1877/1588 1777/1881/1592 1779/1882/1593 1771/1878/1589
f 1771/1878/1589 1779/1882/1593 1776/1883/1594 1768/1879/1590
f 1774/1880/1591 1781/1884/1595 1786/1885/1596 1777/1881/1592
f 1777/1881/1592 1786/1885/1596 1788/1886/1597 1779/1882/1593
f 1779/1882/1593 1788/1886/1597 1783/1887/1598 1776/1883/1594
f 1781/1884/1595 1790/1888/1599 1793/1889/1600 1786/1885/1596
f 1786/1885/1596 1793/1889/1600 1795/1890/1601 1788/1886/1597
f 1788/1886/1597 1795/1890/1601 1791/1891/1602 1783/1887/1598
f 1790/1888/1599 1797/1892/1603 1802/1893/1604 1793/1889/1600
f 1793/1889/1600 1802/1893/1604 1804/1894/1605 1795/1890/1601
f 1795/1890/1601 1804/1894/1605 1799/1895/1606 1791/1891/1602
f 1797/1892/1603 1805/1896/1607 1810/1897/1608 1802/1893/1604
f 1802/1893/1604 1810/1897/1608 1812/1898/1609 1804/1894/1605
f 1804/1894/1605 1812/1898/1609 1808/1899/1610 1799/1895/1606
f 1805/1896/1607 1814/1900/1611 1818/1901/1612 1810/1897/1608
f 1810/1897/1608 1818/1901/1612 1820/1902/1613 1812/1898/1609
f 1812/1898/1609 1820/1902/1613 1816/1903/1614 1808/1899/1610
f 1814/1900/1611 1821/1904/1615 1825/1905/1616 1818/1901/1612
f 1818/1901/1612 1825/1905/1616 1828/1906/1617 1820/1902/1613
f 1820/1902/1613 1828/1906/1617 1824/1907/1618 1816/1903/1614
f 1821/1904/1615 1829/1908/1619 1834/1909/1620 1825/1905/1616
f 1825/1905/1616 1834/1909/1620 1836/1910/1621 1828/1906/1617
f 1828/1906/1617 1836/1910/1621 1832/1911/1622 1824/1907/1618
f 1829/1908/1619 1837/1912/1623 1841/1913/1624 1834/1909/1620
f 1834/1909/1620 1841/1913/1624 1843/1914/1625 1836/1910/1621
f 1836/1910/1621 1843/1914/1625 1839/1915/1626 1832/1911/1622
f 1837/1912/1623 1845/1916/1627 1849/1917/1628 1841/1913/1624
f 1841/1913/1624 1849/1917/1628 1852/1918/1629 1843/1914/1625
f 1843/1914/1625 1852/1918/1629 1847/1919/1630 1839/1915/1626
f 1845/1916/1627 1854/1920/1631 1857/1921/1632 1849/1917/1628
f 1849/1917/1628 1857/1921/1632 1860/1922/1633 1852/1918/1629
f 1852/1918/1629 1860/1922/1633 1856/1923/1634 1847/1919/1630
f 1854/1920/1631 1862/1924/1635 1865/1925/1636 1857/1921/1632
f 1857/1921/1632 1865/1925/1636 1867/1926/1637 1860/1922/1633
f 1860/1922/1633 1867/1926/1637 1863/1927/1638 1856/1923/1634
f 1862/1924/1635 1870/1928/1639 1874/1929/1640 1865/1925/1636
f 1865/1925/1636 1874/1929/1640 1876/1930/1641 1867/1926/1637
f 1867/1926/1637 1876/1930/1641 1872/1931/1642 1863/1927/1638
f 1870/1932/1639 1878/1933/1643 1881/1934/1644 1874/1935/1640
f 1874/1935/1640 1881/1934/1644 1883/1936/1645 1876/1937/1641
f 1876/1937/1641 1883/1936/1645 1879/1938/1646 1872/1939/1642
f 1878/1933/1643 1886/1940/1647 1890/1941/1648 1881/1934/1644
f 1881/1934/1644 1890/1941/1648 1892/1942/1649 1883/1936/1645
f 1883/1936/1645 1892/1942/1649 1888/1943/1650 1879/1938/1646
f 1886/1940/1647 1896/1365/1170 1902/1364/1169 1890/1941/1648
f 1890/1941/1648 1902/1364/1169 1900/1362/1167 1892/1942/1649
f 1892/1942/1649 1900/1362/1167 1894/1361/1166 1888/1943/1650
f 1904/1366/1171 1913/1944/1651 1918/1945/1652 1909/1367/1172
f 1909/1367/1172 1918/1945/1652 1920/1946/1653 1912/1369/1174
f 1912/1369/1174 1920/1946/1653 1915/1947/1654 1906/1370/1175
f 1913/1944/1651 1922/1948/1655 1925/1949/1656 1918/1945/1652
f 1918/1945/1652 1925/1949/1656 1928/1950/1657 1920/1946/1653
f 1920/1946/1653 1928/1950/1657 1924/1951/1658 1915/1947/1654
f 1922/1948/1655 1930/1952/1659 1934/1953/1660 1925/1949/1656
f 1925/1949/1656 1934/1953/1660 1936/1954/1661 1928/1950/1657
f 1928/1950/1657 1936/1954/1661 1931/1955/1662 1924/1951/1658
f 1930/1952/1659 1938/1956/1663 1942/1957/1664 1934/1953/1660
f 1934/1953/1660 1942/1957/1664 1944/1958/1665 1936/1954/1661
f 1936/1954/1661 1944/1958/1665 1940/1959/1666 1931/1955/1662
f 1938/1956/1663 1946/1960/1667 1949/1961/1668 1942/1957/1664
f 1942/1957/1664 1949/1961/1668 1952/1962/1669 1944/1958/1665
f 1944/1958/1665 1952/1962/1669 1948/1963/1670 1940/1959/1666
f 1946/1960/1667 1954/1964/1671 1958/1965/1672 1949/1961/1668
f 1949/1961/1668 1958/1965/1672 1960/1966/1673 1952/1962/1669
f 1952/1962/1669 1960/1966/1673 1956/1967/1674 1948/1963/1670
f 1954/1964/1671 1961/1968/1675 1965/1969/1676 1958/1965/1672
f 1958/1965/1672 1965/1969/1676 1967/1970/1677 1960/1966/1673
f 1960/1966/1673 1967/1970/1677 1963/1971/1678 1956/1967/1674
f 1961/1968/1675 1969/1972/1679 1974/1973/1680 1965/1969/1676
f 1965/1969/1676 1974/1973/1680 1976/1974/1681 1967/1970/1677
f 1967/1970/1677 1976/1974/1681 1972/1975/1682 1963/1971/1678
f 1969/1972/1679 1977/1976/1683 1981/1977/1684 1974/1973/1680
f 1974/1973/1680 1981/1977/1684 1984/1978/1685 1976/1974/1681
f 1976/1974/1681 1984/1978/1685 1979/1979/1686 1972/1975/1682
f 1977/1976/1683 1986/1980/1687 1990/1981/1688 1981/1977/1684
f 1981/1977/1684 1990/1981/1688 1992/1982/1689 1984/1978/1685
f 1984/1978/1685 1992/1982/1689 1988/1983/1690 1979/1979/1686
f 1986/1980/1687 1993/1984/1691 1998/1985/1692 1990/1981/1688
f 1990/1981/1688 1998/1985/1692 1999/1986/1693 1992/1982/1689
f 1992/1982/1689 1999/1986/1693 1995/1987/1694 1988/1983/1690
f 1993/1984/1691 2003/1375/1180 2009/1374/1179 1998/1985/1692
f 1998/1985/1692 2009/1374/1179 2007/1372/1177 1999/1986/1693
f 1999/1986/1693 2007/1372/1177 2001/1371/1176 1995/1987/1694
f 2011/1376/1181 2022/1988/1695 2026/1989/1696 2018/1377/1182
f 2018/1377/1182 2026/1989/1696 2027/1990/1697 2020/1379/1184
f 2020/1379/1184 2027/1990/1697 2023/1991/1698 2013/1380/1185
f 2022/1988/1695 2029/1992/1699 2033/1993/1700 2026/1989/1696
f 2026/1989/1696 2033/1993/1700 2036/1994/1701 2027/1990/1697
f 2027/1990/1697 2036/1994/1701 2031/1995/1702 2023/1991/1698
f 2029/1992/1699 2038/1996/1703 2042/1997/1704 2033/1993/1700
f 2033/1993/1700 2042/1997/1704 2043/1998/1705 2036/1994/1701
f 2036/1994/1701 2043/1998/1705 2040/1999/1706 2031/1995/1702
f 2038/1996/1703 2046/2000/1707 2050/2001/1708 2042/1997/1704
f 2042/1997/1704 2050/2001/1708 2052/2002/1709 2043/1998/1705
f 2043/1998/1705 2052/2002/1709 2048/2003/1710 2040/1999/1706
f 2046/2000/1707 2053/2004/1711 2057/2005/1712 2050/2001/1708
f 2050/2001/1708 2057/2005/1712 2060/2006/1713 2052/2002/1709
f 2052/2002/1709 2060/2006/1713 2055/2007/1714 2048/2003/1710
f 2053/2004/1711 2062/2008/1715 2065/2009/1716 2057/2005/1712
f 2057/2005/1712 2065/2009/1716 2067/2010/1717 2060/2006/1713
f 2060/2006/1713 2067/2010/1717 2063/2011/1718 2055/2007/1714
f 2062/2008/1715 2069/2012/1719 2073/2013/1720 2065/2009/1716
f 2065/2009/1716 2073/2013/1720 2075/2014/1721 2067/2010/1717
f 2067/2010/1717 2075/2014/1721 2071/2015/1722 2063/2011/1718
f 2069/2012/1719 2078/2016/1723 2082/2017/1724 2073/2013/1720
f 2073/2013/1720 2082/2017/1724 2084/2018/1725 2075/2014/1721
f 2075/2014/1721 2084/2018/1725 2080/2019/1726 2071/2015/1722
f 2078/2016/1723 2086/2020/1727 2089/2021/1728 2082/2017/1724
f 2082/2017/1724 2089/2021/1728 2092/2022/1729 2084/2018/1725
f 2084/2018/1725 2092/2022/1729 2088/2023/1730 2080/2019/1726
f 2086/2020/1727 2093/2024/1731 2098/2025/1732 2089/2021/1728
f 2089/2021/1728 2098/2025/1732 2099/2026/1733 2092/2022/1729
f 2092/2022/1729 2099/2026/1733 2095/2027/1734 2088/2023/1730
f 2093/2024/1731 2101/2028/1735 2105/2029/1736 2098/2025/1732
f 2098/2025/1732 2105/2029/1736 2107/2030/1737 2099/2026/1733
f 2099/2026/1733 2107/2030/1737 2104/2031/1738 2095/2027/1734
f 2101/2028/1735 2111/1385/1190 2117/1384/1189 2105/2029/1736
f 2105/2029/1736 2117/1384/1189 2115/1382/1187 2107/2030/1737
f 2107/2030/1737 2115/1382/1187 2109/1381/1186 2104/2031/1738
f 2120/2032/1191 2130/2033/1739 2134/2034/1740 2126/2035/1192
f 2126/2035/1192 2134/2034/1740 2136/2036/1741 2128/2037/1194
f 2128/2037/1194 2136/2036/1741 2131/2038/1742 2122/2039/1195
f 2130/2033/1739 2137/2040/1743 2142/2041/1744 2134/2034/1740
f 2134/2034/1740 2142/2041/1744 2144/2042/1745 2136/2036/1741
f 2136/2036/1741 2144/2042/1745 2140/2043/1746 2131/2038/1742
f 2137/2040/1743 2145/2044/1747 2150/2045/1748 2142/2041/1744
f 2142/2041/1744 2150/2045/1748 2152/2046/1749 2144/2042/1745
f 2144/2042/1745 2152/2046/1749 2148/2047/1750 2140/2043/1746
f 2145/2044/1747 2154/2048/1751 2158/2049/1752 2150/2045/1748
f 2150/2045/1748 2158/2049/1752 2159/2050/1753 2152/2046/1749
f 2152/2046/1749 2159/2050/1753 2155/2051/1754 2148/2047/1750
f 2154/2048/1751 2161/2052/1755 2165/2053/1756 2158/2049/1752
f 2158/2049/1752 2165/2053/1756 2167/2054/1757 2159/2050/1753
f 2159/2050/1753 2167/2054/1757 2164/2055/1758 2155/2051/1754
f 2161/2052/1755 2170/2056/1759 2174/2057/1760 2165/2053/1756
f 2165/2053/1756 2174/2057/1760 2176/2058/1761 2167/2054/1757
f 2167/2054/1757 2176/2058/1761 2172/2059/1762 2164/2055/1758
f 2170/2056/1759 2177/2060/1763 2181/2061/1764 2174/2057/1760
f 2174/2057/1760 2181/2061/1764 2183/2062/1765 2176/2058/1761
f 2176/2058/1761 2183/2062/1765 2179/2063/1766 2172/2059/1762
f 2177/2060/1763 2185/2064/1767 2190/2065/1768 2181/2061/1764
f 2181/2061/1764 2190/2065/1768 2191/2066/1769 2183/2062/1765
f 2183/2062/1765 2191/2066/1769 2188/2067/1770 2179/2063/1766
f 2185/2064/1767 2194/2068/1771 2197/2069/1772 2190/2065/1768
f 2190/2065/1768 2197/2069/1772 2199/2070/1773 2191/2066/1769
f 2191/2066/1769 2199/2070/1773 2195/2071/1774 2188/2067/1770
f 2194/2068/1771 2202/2072/1775 2206/2073/1776 2197/2069/1772
f 2197/2069/1772 2206/2073/1776 2208/2074/1777 2199/2070/1773
f 2199/2070/1773 2208/2074/1777 2203/2075/1778 2195/2071/1774
f 2202/2072/1775 2210/2076/1779 2214/2077/1780 2206/2073/1776
f 2206/2073/1776 2214/2077/1780 2216/2078/1781 2208/2074/1777
f 2208/2074/1777 2216/2078/1781 2211/2079/1782 2203/2075/1778
f 2210/2076/1779 2219/1395/1200 2226/1394/1199 2214/2077/1780
f 2214/2077/1780 2226/1394/1199 2224/1392/1197 2216/2078/1781
f 2216/2078/1781 2224/1392/1197 2218/1391/1196 2211/2079/1782
f 2228/1396/1201 2237/2080/1783 2242/2081/1784 2234/1397/1202
f 2234/1397/1202 2242/2081/1784 2243/2082/1785 2236/1402/1204
f 2236/1402/1204 2243/2082/1785 2240/2083/1786 2230/1403/1205
f 2237/2080/1783 2246/2084/1787 2249/2085/1788 2242/2081/1784
f 2242/2081/1784 2249/2085/1788 2251/2086/1789 2243/2082/1785
f 2243/2082/1785 2251/2086/1789 2248/2087/1790 2240/2083/1786
f 2246/2084/1787 2253/2088/1791 2257/2089/1792 2249/2085/1788
f 2249/2085/1788 2257/2089/1792 2259/2090/1793 2251/2086/1789
f 2251/2086/1789 2259/2090/1793 2255/2091/1794 2248/2087/1790
f 2253/2088/1791 2262/2092/1795 2266/2093/1796 2257/2089/1792
f 2257/2089/1792 2266/2093/1796 2267/2094/1797 2259/2090/1793
f 2259/2090/1793 2267/2094/1797 2264/2095/1798 2255/2091/1794
f 2262/2092/1795 2269/2096/1799 2273/2097/1800 2266/2093/1796
f 2266/2093/1796 2273/2097/1800 2275/2098/1801 2267/2094/1797
f 2267/2094/1797 2275/2098/1801 2271/2099/1802 2264/2095/1798
f 2269/2096/1799 2278/2100/1803 2282/2101/1804 2273/2097/1800
f 2273/2097/1800 2282/2101/1804 2284/2102/1805 2275/2098/1801
f 2275/2098/1801 2284/2102/1805 2280/2103/1806 2271/2099/1802
f 2278/2100/1803 2286/2104/1807 2289/2105/1808 2282/2101/1804
f 2282/2101/1804 2289/2105/1808 2291/2106/1809 2284/2102/1805
f 2284/2102/1805 2291/2106/1809 2287/2107/1810 2280/2103/1806
f 2286/2104/1807 2294/2108/1811 2298/2109/1812 2289/2105/1808
f 2289/2105/1808 2298/2109/1812 2300/2110/1813 2291/2106/1809
f 2291/2106/1809 2300/2110/1813 2296/2111/1814 2287/2107/1810
f 2294/2108/1811 2302/2112/1815 2306/2113/1816 2298/2109/1812
f 2298/2109/1812 2306/2113/1816 2308/2114/1817 2300/2110/1813
f 2300/2110/1813 2308/2114/1817 2304/2115/1818 2296/2111/1814
f 2302/2112/1815 2309/2116/1819 2313/2117/1820 2306/2113/1816
f 2306/2113/1816 2313/2117/1820 2315/2118/1821 2308/2114/1817
f 2308/2114/1817 2315/2118/1821 2311/2119/1822 2304/2115/1818
f 2309/2116/1819 2318/2120/1823 2322/2121/1824 2313/2117/1820
f 2313/2117/1820 2322/2121/1824 2323/2122/1825 2315/2118/1821
f 2315/2118/1821 2323/2122/1825 2320/2123/1826 2311/2119/1822
f 2318/2120/1823 2327/1408/1210 2333/1407/1209 2322/2121/1824
f 2322/2121/1824 2333/1407/1209 2331/1405/1207 2323/2122/1825
f 2323/2122/1825 2331/1405/1207 2325/1404/1206 2320/2123/1826
f 1487/1410/1212 1202/1409/1211 983/1172/985 996/1198/1011
s 0
f 1238/1696/1827 1234/1701/1827 1230/1709/1827 1226/1714/1827 1222/1719/1827 1218/1724/1827 1214/1729/1827 1210/1734/1827 1206/1739/1827 1201/1418/1827 1489/1417/1827 1482/1419/1827 1473/1424/1827 1465/1429/1827 1458/1434/1827 1449/1439/1827 1441/1444/1827 1437/1450/1827 1433/1457/1827 1429/1463/1827 1422/1468/1827 1418/1473/1827 1414/1478/1827 1410/1483/1827 1403/1488/1827 1399/1493/1827 1395/1498/1827 1391/1503/1827 1384/1508/1827 1380/1513/1827 1376/1518/1827 1372/1523/1827 1366/1528/1827 1362/1534/1827 1358/1539/1827 1354/1546/1827 1350/1552/1827 1346/1557/1827 1342/1562/1827 1338/1567/1827 1334/1572/1827 1330/1577/1827 1326/1582/1827 1322/1587/1827 1318/1592/1827 1314/1597/1827 1310/1602/1827 1306/1607/1827 1302/1612/1827 1298/1617/1827 1294/1623/1827 1290/1631/1827 1286/1636/1827 1282/1641/1827 1278/1646/1827 1274/1651/1827 1270/1656/1827 1266/1661/1827 1262/1666/1827 1258/1671/1827 1254/1676/1827 1250/1681/1827 1246/1686/1827 1242/1691/1827
s 1
f 1202/1409/1211 1205/1743/1464 984/1173/986 983/1172/985
f 1205/1743/1464 1209/1738/1460 985/1176/989 984/1173/986
f 1209/1738/1460 1213/1733/1456 986/1178/991 985/1176/989
f 1495/1346/1151 1500/1348/1153 986/1178/991 1213/1733/1456 1217/1728/1452
f 1217/1728/1452 1221/1723/1448 1505/1744/1467 1495/1346/1151
f 1221/1723/1448 1225/1718/1444 1513/1748/1471 1505/1744/1467
f 1225/1718/1444 1229/1713/1440 1521/1752/1475 1513/1748/1471
f 1229/1713/1440 1233/1708/1436 1530/1756/1479 1521/1752/1475
f 1233/1708/1436 1237/1707/1432 1538/1760/1483 1530/1756/1479
f 1237/1700/1432 1241/1695/1428 1546/1765/1487 1538/1764/1483
f 1241/1695/1428 1245/1690/1424 1554/1772/1491 1546/1765/1487
f 1245/1690/1424 1249/1685/1420 1561/1776/1495 1554/1772/1491
f 1249/1685/1420 1253/1680/1416 1570/1780/1499 1561/1776/1495
f 1253/1680/1416 1257/1675/1412 1578/1784/1503 1570/1780/1499
f 1257/1675/1412 1261/1670/1408 1586/1788/1507 1578/1784/1503
f 1261/1670/1408 1265/1665/1404 1593/1792/1511 1586/1788/1507
f 1265/1665/1404 1269/1660/1400 1601/1796/1515 1593/1792/1511
f 1269/1660/1400 1273/1655/1396 1610/1800/1519 1601/1796/1515
f 1273/1655/1396 1277/1650/1392 1618/1804/1523 1610/1800/1519
f 1277/1650/1392 1281/1645/1388 1626/1808/1527 1618/1804/1523
f 1281/1645/1388 1285/1640/1384 1633/1812/1531 1626/1808/1527
f 1285/1640/1384 1289/1635/1380 1642/1816/1535 1633/1812/1531
f 1289/1635/1380 1293/1630/1376 1649/1820/1539 1642/1816/1535
f 1293/1630/1376 1297/1629/1372 1657/1824/1543 1649/1820/1539
f 1297/1622/1372 1301/1616/1368 1665/1829/1547 1657/1828/1543
f 1301/1616/1368 1305/1611/1364 1673/1836/1551 1665/1829/1547
f 1305/1611/1364 1309/1606/1360 1681/1840/1555 1673/1836/1551
f 1309/1606/1360 1313/1601/1356 1691/1355/1160 1681/1840/1555
f 1693/1353/1158 1691/1355/1160 1313/1601/1356 1317/1596/1352 987/1180/993
f 1317/1596/1352 1321/1591/1348 988/1181/994 987/1180/993
f 1321/1591/1348 1325/1586/1344 989/1184/997 988/1181/994
f 1325/1586/1344 1329/1581/1340 990/1186/999 989/1184/997
f 1329/1581/1340 1333/1576/1336 991/1188/1001 990/1186/999
f 1333/1576/1336 1337/1571/1332 992/1190/1003 991/1188/1001
f 1337/1571/1332 1341/1566/1328 993/1192/1005 992/1190/1003
f 1699/1356/1161 1703/1358/1163 993/1192/1005 1341/1566/1328 1345/1561/1324
f 1345/1561/1324 1349/1556/1320 1710/1844/1559 1699/1356/1161
f 1349/1556/1320 1353/1551/1316 1717/1848/1563 1710/1844/1559
f 1353/1551/1316 1357/1545/1312 1725/1852/1567 1717/1848/1563
f 1357/1545/1312 1361/1544/1308 1733/1856/1571 1725/1852/1567
f 1361/1538/1308 1365/1533/1304 1741/1861/1575 1733/1860/1571
f 1365/1533/1304 1371/1527/1300 1750/1868/1579 1741/1861/1575
f 1371/1527/1300 1375/1522/1296 1757/1872/1583 1750/1868/1579
f 1375/1522/1296 1379/1517/1292 1765/1876/1587 1757/1872/1583
f 1379/1517/1292 1383/1512/1288 1774/1880/1591 1765/1876/1587
f 1383/1512/1288 1390/1507/1284 1781/1884/1595 1774/1880/1591
f 1390/1507/1284 1394/1502/1280 1790/1888/1599 1781/1884/1595
f 1394/1502/1280 1398/1497/1276 1797/1892/1603 1790/1888/1599
f 1398/1497/1276 1402/1492/1272 1805/1896/1607 1797/1892/1603
f 1402/1492/1272 1409/1487/1268 1814/1900/1611 1805/1896/1607
f 1409/1487/1268 1413/1482/1264 1821/1904/1615 1814/1900/1611
f 1413/1482/1264 1417/1477/1260 1829/1908/1619 1821/1904/1615
f 1417/1477/1260 1421/1472/1256 1837/1912/1623 1829/1908/1619
f 1421/1472/1256 1428/1467/1252 1845/1916/1627 1837/1912/1623
f 1428/1467/1252 1432/1462/1248 1854/1920/1631 1845/1916/1627
f 1432/1462/1248 1436/1456/1244 1862/1924/1635 1854/1920/1631
f 1436/1456/1244 1440/1455/1240 1870/1928/1639 1862/1924/1635
f 1440/1449/1240 1447/1443/1236 1878/1933/1643 1870/1932/1639
f 1447/1443/1236 1456/1438/1232 1886/1940/1647 1878/1933/1643
f 1456/1438/1232 1463/1433/1228 1896/1365/1170 1886/1940/1647
f 1898/1363/1168 1896/1365/1170 1463/1433/1228 1471/1428/1224 994/1194/1007
f 1471/1428/1224 1480/1423/1220 995/1195/1008 994/1194/1007
f 1480/1423/1220 1487/1410/1212 996/1198/1011 995/1195/1008
f 1497/1350/1155 1508/1747/1470 1002/1206/1019 1001/1204/1017
f 1497/1350/1155 1001/1204/1017 1000/1179/992 986/1178/991 1500/1348/1153
f 1508/1747/1470 1515/1751/1474 1003/1208/1021 1002/1206/1019
f 1515/1751/1474 1523/1755/1478 1004/1210/1023 1003/1208/1021
f 1523/1755/1478 1532/1759/1482 1005/1212/1025 1004/1210/1023
f 1532/1759/1482 1540/1763/1486 1006/1214/1027 1005/1212/1025
f 1540/1771/1486 1548/1770/1490 1007/2124/1828 1006/2125/1027
f 1548/1770/1490 1555/1775/1494 1008/2126/1829 1007/2124/1828
f 1555/1775/1494 1563/1779/1498 1009/2127/1830 1008/2126/1829
f 1563/1779/1498 1572/1783/1502 1010/2128/1831 1009/2127/1830
f 1572/1783/1502 1579/1787/1506 1011/2129/1832 1010/2128/1831
f 1579/1787/1506 1587/1791/1510 1012/2130/1833 1011/2129/1832
f 1587/1791/1510 1595/1795/1514 1013/2131/1834 1012/2130/1833
f 1595/1795/1514 1604/1799/1518 1014/2132/1835 1013/2131/1834
f 1604/1799/1518 1612/1803/1522 1015/2133/1836 1014/2132/1835
f 1612/1803/1522 1619/1807/1526 1016/2134/1837 1015/2133/1836
f 1619/1807/1526 1627/1811/1530 1017/2135/1838 1016/2134/1837
f 1627/1811/1530 1635/1815/1534 1018/2136/1839 1017/2135/1838
f 1635/1815/1534 1644/1819/1538 1019/2137/1840 1018/2136/1839
f 1644/1819/1538 1652/1823/1542 1020/2138/1029 1019/2137/1840
f 1652/1823/1542 1660/1827/1546 1021/2139/1030 1020/2138/1029
f 1660/1835/1546 1667/1834/1550 1022/1220/1033 1021/1217/1030
f 1667/1834/1550 1675/1839/1554 1023/1222/1035 1022/1220/1033
f 1675/1839/1554 1683/1843/1558 1024/1224/1037 1023/1222/1035
f 1683/1843/1558 1689/1351/1156 1025/1226/1039 1024/1224/1037
f 1689/1351/1156 1693/1353/1158 987/1180/993 1026/1183/996 1025/1226/1039
f 1702/1360/1165 1711/1847/1562 1034/1237/1050 1033/1235/1048
f 1702/1360/1165 1033/1235/1048 1032/1193/1006 993/1192/1005 1703/1358/1163
f 1711/1847/1562 1720/1851/1566 1035/1239/1052 1034/1237/1050
f 1720/1851/1566 1727/1855/1570 1036/1241/1054 1035/1239/1052
f 1727/1855/1570 1736/1859/1574 1037/1243/1056 1036/1241/1054
f 1736/1859/1574 1744/2140/1578 1038/1245/1058 1037/1243/1056
f 1744/1866/1578 1752/1871/1582 1039/2141/1841 1038/2142/1058
f 1752/1871/1582 1759/1875/1586 1040/2143/1842 1039/2141/1841
f 1759/1875/1586 1768/1879/1590 1041/2144/1843 1040/2143/1842
f 1768/1879/1590 1776/1883/1594 1042/2145/1844 1041/2144/1843
f 1776/1883/1594 1783/1887/1598 1043/2146/1845 1042/2145/1844
f 1783/1887/1598 1791/1891/1602 1044/2147/1846 1043/2146/1845
f 1791/1891/1602 1799/1895/1606 1045/2148/1847 1044/2147/1846
f 1799/1895/1606 1808/1899/1610 1046/2149/1848 1045/2148/1847
f 1808/1899/1610 1816/1903/1614 1047/2150/1849 1046/2149/1848
f 1816/1903/1614 1824/1907/1618 1048/2151/1850 1047/2150/1849
f 1824/1907/1618 1832/1911/1622 1049/2152/1851 1048/2151/1850
f 1832/1911/1622 1839/1915/1626 1050/2153/1852 1049/2152/1851
f 1839/1915/1626 1847/1919/1630 1051/2154/1853 1050/2153/1852
f 1847/1919/1630 1856/1923/1634 1052/1247/1060 1051/2154/1853
f 1856/1923/1634 1863/1927/1638 1053/1248/1061 1052/1247/1060
f 1863/2155/1638 1872/1939/1642 1054/1252/1064 1053/1251/1061
f 1872/1939/1642 1879/1938/1646 1055/1255/1066 1054/1252/1064
f 1879/1938/1646 1888/1943/1650 1056/1257/1068 1055/1255/1066
f 1888/1943/1650 1894/1361/1166 1057/1259/1070 1056/1257/1068
f 1894/1361/1166 1898/1363/1168 994/1194/1007 1058/1197/1010 1057/1259/1070
f 1007/2124/1828 1008/2126/1829 1913/1944/1651 1904/1366/1171
f 1908/2156/1173 1070/1215/1028 1006/1214/1027 1007/2157/1828 1904/2158/1171
f 1906/1370/1175 1915/1947/1654 1110/2159/1854 1109/2160/1855
f 1906/2161/1175 1109/2162/1855 1108/1273/1084 1070/1215/1028 1908/2156/1173
f 3691/2163/1856 1922/1948/1655 1913/1944/1651 1008/2126/1829 1009/2127/1830 3687/2164/1857 3689/2165/1858 3688/2166/1859 3693/2167/1860 3690/2168/1861 3692/2169/1862
f 1915/1947/1654 1924/1951/1658 1111/2170/1863 1110/2159/1854
f 3697/2171/1864 1930/1952/1659 1922/1948/1655 3691/2163/1856 3705/2172/1865 3703/2173/1866 3704/2174/1867 3700/2175/1868 3698/2176/1869
f 3702/2177/1870 3687/2164/1857 1009/2127/1830 1010/2128/1831 3694/2178/1871 3695/2179/1872 3696/2180/1873 3699/2181/1874 3701/2182/1875
f 1924/1951/1658 1931/1955/1662 1112/2183/1876 1111/2170/1863
f 3708/2184/1877 1938/1956/1663 1930/1952/1659 3697/2171/1864 3715/2185/1878 3713/2186/1879 3714/2187/1880 3710/2188/1881
f 3712/2189/1882 3694/2178/1871 1010/2128/1831 1011/2129/1832 3707/2190/1883 3706/2191/1884 3711/2192/1885 3709/2193/1886
f 1931/1955/1662 1940/1959/1666 1113/2194/1887 1112/2183/1876
f 3719/2195/1888 1946/1960/1667 1938/1956/1663 3708/2184/1877 3724/2196/1889 3723/2197/1890 3720/2198/1891
f 3707/2190/1883 1011/2129/1832 1012/2130/1833 3716/2199/1892 3717/2200/1893 3718/2201/1894 3721/2202/1895 3722/2203/1896
f 1940/1959/1666 1948/1963/1670 1114/2204/1897 1113/2194/1887
f 3727/2205/1898 1954/1964/1671 1946/1960/1667 3719/2195/1888 3732/2206/1899 3730/2207/1900 3731/2208/1901
f 3716/2199/1892 1012/2130/1833 1013/2131/1834 3726/2209/1902 3725/2210/1903 3728/2211/1904 3729/2212/1905
f 1948/1963/1670 1956/1967/1674 1115/2213/1906 1114/2204/1897
f 1961/1968/1675 1954/1964/1671 3727/2205/1898 3741/2205/1907 3740/2214/1908 3742/2215/1909 3735/2216/1910 3736/2217/1911
f 1013/2131/1834 1014/2132/1835 3737/2218/1912 3738/2219/1913 3733/2220/1914 3734/2221/1915 3739/2209/1916 3726/2209/1902
f 1956/1967/1674 1963/1971/1678 1116/2222/1917 1115/2213/1906
f 1969/1972/1679 1961/1968/1675 3736/2217/1911 3751/2223/1918 3750/2224/1919 3745/2225/1920 3746/2226/1921
f 3737/2218/1912 1014/2132/1835 1015/2133/1836 3747/2227/1922 3748/2228/1923 3744/2229/1924 3743/2230/1925 3749/2231/1926
f 1963/1971/1678 1972/1975/1682 1117/2232/1927 1116/2222/1917
f 1977/1976/1683 1969/1972/1679 3746/2226/1921 3761/2233/1928 3760/2234/1929 3754/2235/1930 3755/2236/1931 3756/2237/1932
f 3747/2227/1922 1015/2133/1836 1016/2134/1837 3757/2238/1933 3758/2239/1934 3753/2240/1935 3752/2241/1936 3759/2242/1937
f 1972/1975/1682 1979/1979/1686 1118/2243/1938 1117/2232/1927
f 3767/2244/1939 3768/2245/1940 1986/1980/1687 1977/1976/1683 3756/2237/1932 3773/2246/1941 3772/2247/1942 3766/2248/1943 3765/2249/1944
f 3757/2238/1933 1016/2134/1837 1017/2135/1838 3769/2250/1945 3770/2251/1946 3763/2252/1947 3764/2253/1948 3762/2254/1949 3771/2255/1950
f 1979/1979/1686 1988/1983/1690 1119/2256/1951 1118/2243/1938
f 3769/2250/1945 1017/2135/1838 1018/2136/1839 1993/1984/1691 1986/1980/1687 3768/2245/1940 3777/2257/1952 3776/2258/1953 3778/2259/1954 3775/2260/1955 3774/2261/1956
f 1988/1983/1690 1995/1987/1694 1120/2262/1957 1119/2256/1951
f 1018/2136/1839 1019/2137/1840 2003/1375/1180 1993/1984/1691
f 1995/1987/1694 2001/1371/1176 1121/2263/1958 1120/2262/1957
f 2005/1373/1178 2003/1375/1180 1019/2137/1840 1020/2138/1029 1071/2264/1032
f 2001/1371/1176 2005/1373/1178 1071/2264/1032 1122/1313/1086 1121/2263/1958
f 1039/2141/1841 1040/2143/1842 2022/1988/1695 2011/1376/1181
f 2016/1378/1183 1089/2265/1059 1038/2142/1058 1039/2141/1841 2011/1376/1181
f 2013/1380/1185 2023/1991/1698 1142/2266/1959 1141/2267/1960
f 2013/1380/1185 1141/2267/1960 1140/2268/1103 1089/2265/1059 2016/1378/1183
f 3781/2269/1961 2029/1992/1699 2022/1988/1695 1040/2143/1842 1041/2144/1843 3779/2270/1962 3780/2271/1963 3782/2272/1964 3783/2273/1965
f 2023/1991/1698 2031/1995/1702 1143/2274/1966 1142/2266/1959
f 2038/1996/1703 2029/1992/1699 3781/2269/1961 3796/2275/1967 3794/2276/1968 3797/2277/1969 3795/2278/1970 3788/2279/1971 3789/2280/1972 3790/2281/1973
f 3779/2270/1962 1041/2144/1843 1042/2145/1844 3784/2282/1974 3786/2283/1975 3785/2284/1976 3787/2285/1977 3792/2286/1978 3791/2287/1979 3793/2288/1980
f 2031/1995/1702 2040/1999/1706 1144/2289/1981 1143/2274/1966
f 2046/2000/1707 2038/1996/1703 3790/2281/1973 3806/2290/1982 3807/2291/1983 3803/2292/1984 3801/2293/1985 3802/2294/1986
f 3784/2282/1974 1042/2145/1844 1043/2146/1845 3798/2295/1987 3800/2296/1988 3799/2297/1989 3804/2298/1990 3805/2299/1991
f 2040/1999/1706 2048/2003/1710 1145/2300/1992 1144/2289/1981
f 3811/2301/1993 2053/2004/1711 2046/2000/1707 3802/2294/1986 3816/2302/1994 3817/2303/1995 3813/2304/1996 3812/2305/1997
f 3798/2295/1987 1043/2146/1845 1044/2147/1846 3808/2306/1998 3810/2307/1999 3809/2308/2000 3814/2309/2001 3815/2310/2002
f 2048/2003/1710 2055/2007/1714 1146/2311/2003 1145/2300/1992
f 2062/2008/1715 2053/2004/1711 3811/2301/1993 3825/2312/2004 3823/2313/2005 3824/2314/2006 3820/2315/2007
f 3808/2306/1998 1044/2147/1846 1045/2148/1847 3819/2316/2008 3818/2317/2009 3821/2318/2010 3822/2319/2011
f 2055/2007/1714 2063/2011/1718 1147/2320/2012 1146/2311/2003
f 3829/2321/2013 2069/2012/1719 2062/2008/1715 3820/2315/2007 3834/2315/2014 3833/2322/2015 3835/2323/2016 3828/2324/2017
f 3832/2316/2018 3819/2316/2008 1045/2148/1847 1046/2149/1848 3830/2325/2019 3831/2326/2020 3826/2327/2021 3827/2328/2022
f 2063/2011/1718 2071/2015/1722 1148/2329/2023 1147/2320/2012
f 3839/2330/2024 2078/2016/1723 2069/2012/1719 3829/2321/2013 3843/2331/2025 3844/2332/2026 3838/2333/2027
f 1046/2149/1848 1047/2150/1849 3840/2334/2028 3841/2335/2029 3837/2336/2030 3836/2337/2031 3842/2338/2032 3830/2325/2019
f 2071/2015/1722 2080/2019/1726 1149/2339/2033 1148/2329/2023
f 3849/2340/2034 2086/2020/1727 2078/2016/1723 3839/2330/2024 3854/2341/2035 3853/2342/2036 3848/2343/2037 3847/2344/2038
f 1047/2150/1849 1048/2151/1850 3850/2345/2039 3851/2346/2040 3846/2347/2041 3845/2348/2042 3852/2349/2043 3840/2334/2028
f 2080/2019/1726 2088/2023/1730 1150/2350/2044 1149/2339/2033
f 3861/2351/2045 2093/2024/1731 2086/2020/1727 3849/2340/2034 3868/2352/2046 3867/2353/2047 3863/2354/2048 3862/2355/2049 3864/2356/2050 3860/2357/2051
f 1048/2151/1850 1049/2152/1851 3865/2358/2052 3859/2359/2053 3857/2360/2054 3858/2361/2055 3855/2362/2056 3856/2363/2057 3866/2364/2058 3850/2345/2039
f 2088/2023/1730 2095/2027/1734 1151/2365/2059 1150/2350/2044
f 1049/2152/1851 1050/2153/1852 2101/2028/1735 2093/2024/1731 3861/2351/2045 3870/2366/2060 3871/2367/2061 3869/2368/2062 3865/2358/2052
f 2095/2027/1734 2104/2031/1738 1152/2369/2063 1151/2365/2059
f 1050/2153/1852 1051/2154/1853 2111/1385/1190 2101/2028/1735
f 2104/2031/1738 2109/1381/1186 1153/2370/2064 1152/2369/2063
f 2113/1383/1188 2111/1385/1190 1051/2154/1853 1052/1247/1060 1090/1250/1063
f 2109/1381/1186 2113/1383/1188 1090/1250/1063 1154/1294/1105 1153/2370/2064
f 1109/2160/1855 1110/2159/1854 2130/2033/1739 2120/2032/1191
f 2124/2371/1193 1172/2372/1122 1108/2373/1084 1109/2160/1855 2120/2032/1191
f 3555/2374/2065 2122/2039/1195 2131/2038/1742 3553/2375/2066 3554/2376/2067
f 3557/2377/2068 3556/2378/2069 1172/2372/1122 2124/2371/1193 2122/2039/1195 3555/2374/2065
f 1110/2159/1854 1111/2170/1863 2137/2040/1743 2130/2033/1739
f 3553/2375/2066 2131/2038/1742 2140/2043/1746 3559/2379/2070 3558/2380/2071
f 1111/2170/1863 1112/2183/1876 2145/2044/1747 2137/2040/1743
f 3559/2379/2070 2140/2043/1746 2148/2047/1750 3561/2381/2072 3560/2382/2073
f 1112/2183/1876 1113/2194/1887 2154/2048/1751 2145/2044/1747
f 3561/2381/2072 2148/2047/1750 2155/2051/1754 3563/2383/2074 3562/2384/2075
f 1113/2194/1887 1114/2204/1897 2161/2052/1755 2154/2048/1751
f 3563/2383/2074 2155/2051/1754 2164/2055/1758 3565/2385/2076 3564/2386/2077
f 1114/2204/1897 1115/2213/1906 2170/2056/1759 2161/2052/1755
f 3568/2387/2078 3565/2385/2076 2164/2055/1758 2172/2059/1762 3567/2388/2079 3566/2389/2080
f 1115/2213/1906 1116/2222/1917 2177/2060/1763 2170/2056/1759
f 2172/2059/1762 2179/2063/1766 3569/2390/2081 3570/2391/2082 3571/2392/2083 3572/2388/2084 3567/2388/2079
f 1116/2222/1917 1117/2232/1927 2185/2064/1767 2177/2060/1763
f 3574/2393/2085 3569/2390/2081 2179/2063/1766 2188/2067/1770 3573/2394/2086
f 1117/2232/1927 1118/2243/1938 2194/2068/1771 2185/2064/1767
f 3576/2395/2087 3573/2394/2086 2188/2067/1770 2195/2071/1774 3575/2396/2088
f 1118/2243/1938 1119/2256/1951 2202/2072/1775 2194/2068/1771
f 3578/2397/2089 3575/2396/2088 2195/2071/1774 2203/2075/1778 3577/2398/2090
f 1119/2256/1951 1120/2262/1957 2210/2076/1779 2202/2072/1775
f 3580/2399/2091 3577/2398/2090 2203/2075/1778 2211/2079/1782 3579/2400/2092
f 1120/2262/1957 1121/2263/1958 2219/1395/1200 2210/2076/1779
f 3582/2401/2093 3579/2400/2092 2211/2079/1782 2218/1391/1196 3581/2402/2094
f 2222/1393/1198 2219/1395/1200 1121/2263/1958 1122/1313/1086 1173/1316/1124
f 2218/1391/1196 2222/1393/1198 1173/1316/1124 3583/2403/2095 3584/2404/2096 3581/2402/2094
f 1141/2267/1960 1142/2266/1959 2237/2080/1783 2228/1396/1201
f 2232/1398/1203 1191/2405/1141 1140/2268/1103 1141/2267/1960 2228/1396/1201
f 3586/2406/2097 3587/2407/2098 2230/1403/1205 2240/2083/1786 3585/2408/2099
f 3589/2409/2100 3588/2410/2101 1191/2405/1141 2232/1398/1203 2230/1403/1205 3587/2407/2098
f 1142/2266/1959 1143/2274/1966 2246/2084/1787 2237/2080/1783
f 3590/2411/2102 3585/2408/2099 2240/2083/1786 2248/2087/1790 3591/2412/2103
f 1143/2274/1966 1144/2289/1981 2253/2088/1791 2246/2084/1787
f 3592/2413/2104 3591/2412/2103 2248/2087/1790 2255/2091/1794 3593/2414/2105
f 1144/2289/1981 1145/2300/1992 2262/2092/1795 2253/2088/1791
f 3594/2415/2106 3593/2414/2105 2255/2091/1794 2264/2095/1798 3595/2416/2107
f 1145/2300/1992 1146/2311/2003 2269/2096/1799 2262/2092/1795
f 3596/2417/2108 3595/2416/2107 2264/2095/1798 2271/2099/1802 3597/2418/2109
f 1146/2311/2003 1147/2320/2012 2278/2100/1803 2269/2096/1799
f 3600/2419/2110 3597/2418/2109 2271/2099/1802 2280/2103/1806 3599/2420/2111 3598/2421/2112
f 1147/2320/2012 1148/2329/2023 2286/2104/1807 2278/2100/1803
f 2280/2103/1806 2287/2107/1810 3603/2422/2113 3601/2423/2114 3602/2424/2115 3604/2420/2116 3599/2420/2111
f 1148/2329/2023 1149/2339/2033 2294/2108/1811 2286/2104/1807
f 3603/2422/2113 2287/2107/1810 2296/2111/1814 3605/2425/2117 3606/2426/2118
f 1149/2339/2033 1150/2350/2044 2302/2112/1815 2294/2108/1811
f 3605/2425/2117 2296/2111/1814 2304/2115/1818 3607/2427/2119 3608/2428/2120
f 1150/2350/2044 1151/2365/2059 2309/2116/1819 2302/2112/1815
f 3607/2427/2119 2304/2115/1818 2311/2119/1822 3609/2429/2121 3610/2430/2122
f 1151/2365/2059 1152/2369/2063 2318/2120/1823 2309/2116/1819
f 3609/2429/2121 2311/2119/1822 2320/2123/1826 3611/2431/2123 3612/2432/2124
f 1152/2369/2063 1153/2370/2064 2327/1408/1210 2318/2120/1823
f 3611/2431/2123 2320/2123/1826 2325/1404/1206 3613/2433/2125 3614/2434/2126
f 2329/1406/1208 2327/1408/1210 1153/2370/2064 1154/1294/1105 1192/1336/1143
f 3613/2433/2125 2325/1404/1206 2329/1406/1208 1192/1336/1143 3615/2435/2127 3616/2436/2128
f 3619/2437/2129 3620/2438/2130 1200/1345/1150 1163/1304/1114 3617/2439/2131 3618/2440/2132
f 3617/2439/2131 1163/1304/1114 1164/1303/1113 3623/2441/2133 3621/2442/2134 3622/2443/2135
f 3623/2441/2133 1164/1303/1113 1165/1305/1115 3624/2444/2136 3625/2445/2137
f 3624/2444/2136 1165/1305/1115 1166/1306/1116 3626/2446/2138 3627/2447/2139
f 3626/2446/2138 1166/1306/1116 1167/1307/1117 3628/2448/2140 3629/2449/2141
f 3628/2448/2140 1167/1307/1117 1168/1308/1118 3630/2450/2142 3631/2451/2143
f 3630/2450/2142 1168/1308/1118 1169/1309/1119 3632/2452/2144 3633/2453/2145
f 3632/2452/2144 1169/1309/1119 1170/1310/1120 3634/2454/2146 3635/2455/2147
f 3634/2454/2146 1170/1310/1120 1171/1311/1121 3636/2456/2148 3637/2457/2149
f 1171/1311/1121 1172/1312/1122 3556/2458/2069 3636/2456/2148
f 3583/2403/2095 1173/1316/1124 1174/1315/1123 3638/2459/2150
f 3638/2460/2150 1174/1318/1123 1175/1317/1125 3639/2461/2151 3640/2462/2152
f 3639/2461/2151 1175/1317/1125 1176/1319/1126 3641/2463/2153 3642/2464/2154
f 3641/2463/2153 1176/1319/1126 1177/1320/1127 3643/2465/2155 3644/2466/2156
f 3643/2465/2155 1177/1320/1127 1178/1321/1128 3645/2467/2157 3646/2468/2158
f 3645/2467/2157 1178/1321/1128 1179/1322/1129 3648/2469/2159 3647/2470/2160
f 3648/2469/2159 1179/1322/1129 1180/1323/1130 3650/2471/2161 3649/2472/2162
f 3650/2471/2161 1180/1323/1130 1181/1324/1131 3652/2473/2163 3651/2474/2164
f 3655/2475/2165 3652/2473/2163 1181/1324/1131 1182/1325/1132 3653/2476/2166 3654/2477/2167
f 3658/2478/2168 3653/2476/2166 1182/1325/1132 1183/1326/1133 3656/2479/2169 3657/2480/2170
f 3660/2481/2171 3656/2479/2169 1183/1326/1133 1184/1327/1134 3659/2482/2172
f 3662/2483/2173 3659/2482/2172 1184/1327/1134 1185/1328/1135 3661/2484/2174
f 3664/2485/2175 3661/2484/2174 1185/1328/1135 1186/1329/1136 3663/2486/2176
f 3666/2487/2177 3663/2486/2176 1186/1329/1136 1187/1330/1137 3665/2488/2178
f 3668/2489/2179 3665/2488/2178 1187/1330/1137 1188/1331/1138 3667/2490/2180
f 3670/2491/2181 3667/2490/2180 1188/1331/1138 1189/1332/1139 3669/2492/2182
f 3672/2493/2183 3669/2492/2182 1189/1332/1139 1190/1333/1140 3671/2494/2184
f 3671/2495/2184 1190/2496/1140 1191/2405/1141 3588/2410/2101
f 1192/1336/1143 1193/1335/1142 3673/2497/2185 3615/2435/2127
f 3673/2497/2185 1193/1335/1142 1194/1338/1144 3674/2498/2186 3675/2499/2187
f 3677/2500/2188 3674/2501/2186 1194/1340/1144 1195/1339/1145 3676/2502/2189
f 3679/2503/2190 3676/2502/2189 1195/1339/1145 1196/1341/1146 3678/2504/2191
f 3681/2505/2192 3678/2504/2191 1196/1341/1146 1197/1342/1147 3680/2506/2193
f 3682/2507/2194 3680/2506/2193 1197/1342/1147 1198/1343/1148 3683/2508/2195
f 3684/2509/2196 3683/2508/2195 1198/1343/1148 1199/1344/1149 3685/2510/2197
f 3686/2511/2198 3685/2510/2197 1199/1344/1149 1200/1345/1150 3620/2438/2130
f 3622/2512/2135 1369/2513/2199 1368/2514/2200 3617/2515/2131
f 3621/2516/2134 1369/2513/2199 3622/2512/2135
f 3566/2517/2080 1385/2518/2201 3568/2519/2078
f 3572/2520/2084 1387/2521/2202 1385/2518/2201 3566/2517/2080
f 3566/2522/2080 3567/2522/2079 3572/2522/2084
f 1388/2523/2203 1387/2521/2202 3572/2520/2084 3571/2524/2083
f 3571/2524/2083 3570/2525/2082 1388/2523/2203
f 1404/2526/2204 3655/2527/2165 3654/2528/2167
f 1405/2529/2205 1404/2526/2204 3654/2528/2167 3653/2530/2166
f 3658/2531/2168 1407/2532/2206 1405/2529/2205 3653/2530/2166
f 3658/2531/2168 3657/2533/2170 1407/2532/2206
f 3598/2534/2112 1423/2535/2207 3600/2536/2110
f 1425/2537/2208 1423/2535/2207 3598/2534/2112 3599/2538/2111 3604/2538/2116
f 3602/2539/2115 1427/2540/2209 1425/2537/2208 3604/2538/2116
f 1427/2540/2209 3602/2539/2115 3601/2541/2114
f 3618/2542/2132 1442/2543/2210 3619/2544/2129
f 3617/2515/2131 1368/2514/2200 1442/2543/2210 3618/2542/2132
f 1368/2514/2200 1369/2513/2199 1446/2545/2211 1443/2546/2212
f 3623/2547/2133 3625/2548/2137 1448/2549/2213 1446/2545/2211 1369/2513/2199 3621/2516/2134
f 3624/2550/2136 3627/2551/2139 1450/2552/2214 1448/2549/2213 3625/2548/2137
f 3626/2553/2138 3629/2554/2141 1451/2555/2215 1450/2552/2214 3627/2551/2139
f 3628/2556/2140 3631/2557/2143 1454/2558/2216 1451/2555/2215 3629/2554/2141
f 3630/2559/2142 3633/2560/2145 1455/2561/2217 1454/2558/2216 3631/2557/2143
f 3632/2562/2144 3635/2563/2147 1457/2564/2218 1455/2561/2217 3633/2560/2145
f 3634/2565/2146 3637/2566/2149 1459/2567/2219 1457/2564/2218 3635/2563/2147
f 3556/2568/2069 3557/2569/2068 1461/2570/2220 1459/2567/2219 3637/2566/2149 3636/2571/2148
f 3555/2572/2065 3554/2573/2067 1464/2574/2221 1461/2570/2220 3557/2569/2068
f 3553/2575/2066 3558/2576/2071 1466/2577/2222 1464/2574/2221 3554/2573/2067
f 3560/2578/2073 1467/2579/2223 1466/2577/2222 3558/2576/2071 3559/2580/2070
f 3562/2581/2075 1470/2582/2224 1467/2579/2223 3560/2578/2073 3561/2583/2072
f 3564/2584/2077 1472/2585/2225 1470/2582/2224 3562/2581/2075 3563/2586/2074
f 3565/2587/2076 3568/2519/2078 1385/2518/2201 1474/2588/2226 1472/2585/2225 3564/2584/2077
f 1385/2518/2201 1387/2521/2202 1476/2589/2227 1474/2588/2226
f 1387/2521/2202 1388/2523/2203 1478/2590/2228 1476/2589/2227
f 3574/2591/2085 1479/2592/2229 1478/2590/2228 1388/2523/2203 3570/2525/2082 3569/2593/2081
f 3576/2594/2087 1481/2595/2230 1479/2592/2229 3574/2591/2085 3573/2596/2086
f 3578/2597/2089 1483/2598/2231 1481/2595/2230 3576/2594/2087 3575/2599/2088
f 3580/2600/2091 1485/2601/2232 1483/2598/2231 3578/2597/2089 3577/2602/2090
f 3582/2603/2093 1488/2604/2233 1485/2601/2232 3580/2600/2091 3579/2605/2092
f 3584/2606/2096 1490/2607/2234 1488/2604/2233 3582/2603/2093 3581/2608/2094
f 1491/2609/2235 1490/2607/2234 3584/2606/2096 3583/2610/2095 3638/2611/2150 3640/2612/2152
f 3642/2613/2154 1493/2614/2236 1491/2609/2235 3640/2612/2152 3639/2615/2151
f 3644/2616/2156 1496/2617/2237 1493/2614/2236 3642/2613/2154 3641/2618/2153
f 3646/2619/2158 1498/2620/2238 1496/2617/2237 3644/2616/2156 3643/2621/2155
f 3647/2622/2160 1499/2623/2239 1498/2620/2238 3646/2619/2158 3645/2624/2157
f 3649/2625/2162 1502/2626/2240 1499/2623/2239 3647/2622/2160 3648/2627/2159
f 3651/2628/2164 1504/2629/2241 1502/2626/2240 3649/2625/2162 3650/2630/2161
f 3652/2631/2163 3655/2527/2165 1404/2526/2204 1506/2632/2242 1504/2629/2241 3651/2628/2164
f 1404/2526/2204 1405/2529/2205 1507/2633/2243 1506/2632/2242
f 1405/2529/2205 1407/2532/2206 1509/2634/2244 1507/2633/2243
f 3656/2635/2169 3660/2636/2171 1512/2637/2245 1509/2634/2244 1407/2532/2206 3657/2533/2170
f 3659/2638/2172 3662/2639/2173 1514/2640/2246 1512/2637/2245 3660/2636/2171
f 3661/2641/2174 3664/2642/2175 1516/2643/2247 1514/2640/2246 3662/2639/2173
f 3663/2644/2176 3666/2645/2177 1518/2646/2248 1516/2643/2247 3664/2642/2175
f 3665/2647/2178 3668/2648/2179 1520/2649/2249 1518/2646/2248 3666/2645/2177
f 3667/2650/2180 3670/2651/2181 1522/2652/2250 1520/2649/2249 3668/2648/2179
f 3669/2653/2182 3672/2654/2183 1524/2655/2251 1522/2652/2250 3670/2651/2181
f 3588/2656/2101 3589/2657/2100 1525/2658/2252 1524/2655/2251 3672/2654/2183 3671/2659/2184
f 3587/2660/2098 3586/2661/2097 1528/2662/2253 1525/2658/2252 3589/2657/2100
f 3585/2663/2099 3590/2664/2102 1529/2665/2254 1528/2662/2253 3586/2661/2097
f 3592/2666/2104 1531/2667/2255 1529/2665/2254 3590/2664/2102 3591/2668/2103
f 3594/2669/2106 1533/2670/2256 1531/2667/2255 3592/2666/2104 3593/2671/2105
f 3596/2672/2108 1535/2673/2257 1533/2670/2256 3594/2669/2106 3595/2674/2107
f 3597/2675/2109 3600/2536/2110 1423/2535/2207 1537/2676/2258 1535/2673/2257 3596/2672/2108
f 1423/2535/2207 1425/2537/2208 1539/2677/2259 1537/2676/2258
f 1425/2537/2208 1427/2540/2209 1541/2678/2260 1539/2677/2259
f 3606/2679/2118 1544/2680/2261 1541/2678/2260 1427/2540/2209 3601/2541/2114 3603/2681/2113
f 3608/2682/2120 1545/2683/2262 1544/2680/2261 3606/2679/2118 3605/2684/2117
f 3610/2685/2122 1547/2686/2263 1545/2683/2262 3608/2682/2120 3607/2687/2119
f 3612/2688/2124 1550/2689/2264 1547/2686/2263 3610/2685/2122 3609/2690/2121
f 3611/2691/2123 3614/2692/2126 1551/2693/2265 1550/2689/2264 3612/2688/2124
f 3613/2694/2125 3616/2695/2128 1553/2696/2266 1551/2693/2265 3614/2692/2126
f 3675/2697/2187 1556/2698/2267 1553/2696/2266 3616/2695/2128 3615/2699/2127 3673/2700/2185
f 3674/2701/2186 3677/2702/2188 1558/2703/2268 1556/2698/2267 3675/2697/2187
f 3676/2704/2189 3679/2705/2190 1560/2706/2269 1558/2703/2268 3677/2702/2188
f 3678/2707/2191 3681/2708/2192 1562/2709/2270 1560/2706/2269 3679/2705/2190
f 3680/2710/2193 3682/2711/2194 1564/2712/2271 1562/2709/2270 3681/2708/2192
f 3683/2713/2195 3684/2714/2196 1566/2715/2272 1564/2712/2271 3682/2711/2194
f 3685/2716/2197 3686/2717/2198 1567/2718/2273 1566/2715/2272 3684/2714/2196
f 3619/2544/2129 1442/2543/2210 1569/2719/2274 1567/2718/2273 3686/2717/2198 3620/2720/2130
f 1442/2543/2210 1368/2514/2200 1443/2546/2212 1569/2719/2274
f 1443/2546/2212 1446/2545/2211 1574/2721/2275 1571/2722/2276
f 1446/2545/2211 1448/2549/2213 1576/2723/2277 1574/2721/2275
f 1448/2549/2213 1450/2552/2214 1577/2724/2278 1576/2723/2277
f 1450/2552/2214 1451/2555/2215 1580/2725/2279 1577/2724/2278
f 1451/2555/2215 1454/2558/2216 1582/2726/2280 1580/2725/2279
f 1454/2558/2216 1455/2561/2217 1583/2727/2281 1582/2726/2280
f 1455/2561/2217 1457/2564/2218 1585/2728/2282 1583/2727/2281
f 1457/2564/2218 1459/2567/2219 1588/2729/2283 1585/2728/2282
f 1459/2567/2219 1461/2570/2220 1590/2730/2284 1588/2729/2283
f 1461/2570/2220 1464/2574/2221 1592/2731/2285 1590/2730/2284
f 1464/2574/2221 1466/2577/2222 1594/2732/2286 1592/2731/2285
f 1466/2577/2222 1467/2579/2223 1596/2733/2287 1594/2732/2286
f 1467/2579/2223 1470/2582/2224 1598/2734/2288 1596/2733/2287
f 1470/2582/2224 1472/2585/2225 1600/2735/2289 1598/2734/2288
f 1472/2585/2225 1474/2588/2226 1602/2736/2290 1600/2735/2289
f 1474/2588/2226 1476/2589/2227 1603/2737/2291 1602/2736/2290
f 1476/2589/2227 1478/2590/2228 1606/2738/2292 1603/2737/2291
f 1478/2590/2228 1479/2592/2229 1608/2739/2293 1606/2738/2292
f 1479/2592/2229 1481/2595/2230 1609/2740/2294 1608/2739/2293
f 1481/2595/2230 1483/2598/2231 1611/2741/2295 1609/2740/2294
f 1483/2598/2231 1485/2601/2232 1614/2742/2296 1611/2741/2295
f 1485/2601/2232 1488/2604/2233 1615/2743/2297 1614/2742/2296
f 1488/2604/2233 1490/2607/2234 1617/2744/2298 1615/2743/2297
f 1490/2607/2234 1491/2609/2235 1620/2745/2299 1617/2744/2298
f 1491/2609/2235 1493/2614/2236 1621/2746/2300 1620/2745/2299
f 1493/2614/2236 1496/2617/2237 1624/2747/2301 1621/2746/2300
f 1496/2617/2237 1498/2620/2238 1625/2748/2302 1624/2747/2301
f 1498/2620/2238 1499/2623/2239 1628/2749/2303 1625/2748/2302
f 1499/2623/2239 1502/2626/2240 1630/2750/2304 1628/2749/2303
f 1502/2626/2240 1504/2629/2241 1632/2751/2305 1630/2750/2304
f 1504/2629/2241 1506/2632/2242 1634/2752/2306 1632/2751/2305
f 1506/2632/2242 1507/2633/2243 1636/2753/2307 1634/2752/2306
f 1507/2633/2243 1509/2634/2244 1638/2754/2308 1636/2753/2307
f 1509/2634/2244 1512/2637/2245 1639/2755/2309 1638/2754/2308
f 1512/2637/2245 1514/2640/2246 1641/2756/2310 1639/2755/2309
f 1514/2640/2246 1516/2643/2247 1643/2757/2311 1641/2756/2310
f 1516/2643/2247 1518/2646/2248 1645/2758/2312 1643/2757/2311
f 1518/2646/2248 1520/2649/2249 1647/2759/2313 1645/2758/2312
f 1520/2649/2249 1522/2652/2250 1650/2760/2314 1647/2759/2313
f 1522/2652/2250 1524/2655/2251 1651/2761/2315 1650/2760/2314
f 1524/2655/2251 1525/2658/2252 1653/2762/2316 1651/2761/2315
f 1525/2658/2252 1528/2662/2253 1655/2763/2317 1653/2762/2316
f 1528/2662/2253 1529/2665/2254 1658/2764/2318 1655/2763/2317
f 1529/2665/2254 1531/2667/2255 1659/2765/2319 1658/2764/2318
f 1531/2667/2255 1533/2670/2256 1662/2766/2320 1659/2765/2319
f 1533/2670/2256 1535/2673/2257 1664/2767/2321 1662/2766/2320
f 1535/2673/2257 1537/2676/2258 1666/2768/2322 1664/2767/2321
f 1537/2676/2258 1539/2677/2259 1668/2769/2323 1666/2768/2322
f 1539/2677/2259 1541/2678/2260 1670/2770/2324 1668/2769/2323
f 1541/2678/2260 1544/2680/2261 1672/2771/2325 1670/2770/2324
f 1544/2680/2261 1545/2683/2262 1674/2772/2326 1672/2771/2325
f 1545/2683/2262 1547/2686/2263 1676/2773/2327 1674/2772/2326
f 1547/2686/2263 1550/2689/2264 1678/2774/2328 1676/2773/2327
f 1550/2689/2264 1551/2693/2265 1680/2775/2329 1678/2774/2328
f 1551/2693/2265 1553/2696/2266 1682/2776/2330 1680/2775/2329
f 1553/2696/2266 1556/2698/2267 1684/2777/2331 1682/2776/2330
f 1556/2698/2267 1558/2703/2268 1686/2778/2332 1684/2777/2331
f 1558/2703/2268 1560/2706/2269 1688/2779/2333 1686/2778/2332
f 1560/2706/2269 1562/2709/2270 1690/2780/2334 1688/2779/2333
f 1562/2709/2270 1564/2712/2271 1692/2781/2335 1690/2780/2334
f 1564/2712/2271 1566/2715/2272 1694/2782/2336 1692/2781/2335
f 1566/2715/2272 1567/2718/2273 1696/2783/2337 1694/2782/2336
f 1567/2718/2273 1569/2719/2274 1698/2784/2338 1696/2783/2337
f 1569/2719/2274 1443/2546/2212 1571/2722/2276 1698/2784/2338
f 1571/2785/2276 1574/2786/2275 1701/2787/2339 1700/2788/2340
f 1574/2786/2275 1576/2789/2277 1704/2790/2341 1701/2787/2339
f 1576/2789/2277 1577/2791/2278 1705/2792/2342 1704/2790/2341
f 1577/2791/2278 1580/2793/2279 1708/2794/2343 1705/2792/2342
f 1580/2793/2279 1582/2795/2280 1709/2796/2344 1708/2794/2343
f 1582/2795/2280 1583/2797/2281 1712/2798/2345 1709/2796/2344
f 1583/2727/2281 1585/2728/2282 1713/2799/2346 1712/2800/2345
f 1585/2728/2282 1588/2729/2283 1715/2801/2347 1713/2799/2346
f 1588/2729/2283 1590/2730/2284 1718/2802/2348 1715/2801/2347
f 1590/2730/2284 1592/2731/2285 1719/2803/2349 1718/2802/2348
f 1592/2731/2285 1594/2732/2286 1722/2804/2350 1719/2803/2349
f 1594/2732/2286 1596/2733/2287 1724/2805/2351 1722/2804/2350
f 1596/2806/2287 1598/2807/2288 1726/2808/2352 1724/2809/2351
f 1598/2807/2288 1600/2810/2289 1728/2811/2353 1726/2808/2352
f 1600/2810/2289 1602/2812/2290 1730/2813/2354 1728/2811/2353
f 1602/2812/2290 1603/2814/2291 1732/2815/2355 1730/2813/2354
f 1603/2814/2291 1606/2816/2292 1734/2817/2356 1732/2815/2355
f 1606/2816/2292 1608/2818/2293 1735/2819/2357 1734/2817/2356
f 1608/2818/2293 1609/2820/2294 1738/2821/2358 1735/2819/2357
f 1609/2820/2294 1611/2822/2295 1740/2823/2359 1738/2821/2358
f 1611/2822/2295 1614/2824/2296 1742/2825/2360 1740/2823/2359
f 1614/2742/2296 1615/2743/2297 1743/2826/2361 1742/2827/2360
f 1615/2743/2297 1617/2744/2298 1745/2828/2362 1743/2826/2361
f 1617/2744/2298 1620/2745/2299 1747/2829/2363 1745/2828/2362
f 1620/2745/2299 1621/2746/2300 1749/2830/2364 1747/2829/2363
f 1621/2746/2300 1624/2747/2301 1751/2831/2365 1749/2830/2364
f 1624/2747/2301 1625/2748/2302 1754/2832/2366 1751/2831/2365
f 1625/2748/2302 1628/2749/2303 1756/2833/2367 1754/2832/2366
f 1628/2834/2303 1630/2835/2304 1758/2836/2368 1756/2837/2367
f 1630/2835/2304 1632/2838/2305 1760/2839/2369 1758/2836/2368
f 1632/2838/2305 1634/2840/2306 1762/2841/2370 1760/2839/2369
f 1634/2840/2306 1636/2842/2307 1763/2843/2371 1762/2841/2370
f 1636/2842/2307 1638/2844/2308 1766/2845/2372 1763/2843/2371
f 1638/2844/2308 1639/2846/2309 1767/2847/2373 1766/2845/2372
f 1639/2846/2309 1641/2848/2310 1770/2849/2374 1767/2847/2373
f 1641/2848/2310 1643/2850/2311 1772/2851/2375 1770/2849/2374
f 1643/2757/2311 1645/2758/2312 1773/2852/2376 1772/2853/2375
f 1645/2758/2312 1647/2759/2313 1775/2854/2377 1773/2852/2376
f 1647/2759/2313 1650/2760/2314 1778/2855/2378 1775/2854/2377
f 1650/2760/2314 1651/2761/2315 1780/2856/2379 1778/2855/2378
f 1651/2761/2315 1653/2762/2316 1782/2857/2380 1780/2856/2379
f 1653/2762/2316 1655/2763/2317 1784/2858/2381 1782/2857/2380
f 1655/2763/2317 1658/2764/2318 1785/2859/2382 1784/2858/2381
f 1658/2764/2318 1659/2765/2319 1787/2860/2383 1785/2859/2382
f 1659/2765/2319 1662/2766/2320 1789/2861/2384 1787/2860/2383
f 1662/2862/2320 1664/2863/2321 1792/2864/2385 1789/2865/2384
f 1664/2863/2321 1666/2866/2322 1794/2867/2386 1792/2864/2385
f 1666/2866/2322 1668/2868/2323 1796/2869/2387 1794/2867/2386
f 1668/2868/2323 1670/2870/2324 1798/2871/2388 1796/2869/2387
f 1670/2870/2324 1672/2872/2325 1800/2873/2389 1798/2871/2388
f 1672/2872/2325 1674/2874/2326 1801/2875/2390 1800/2873/2389
f 1674/2874/2326 1676/2876/2327 1803/2877/2391 1801/2875/2390
f 1676/2773/2327 1678/2774/2328 1806/2878/2392 1803/2879/2391
f 1678/2774/2328 1680/2775/2329 1807/2880/2393 1806/2878/2392
f 1680/2775/2329 1682/2776/2330 1809/2881/2394 1807/2880/2393
f 1682/2776/2330 1684/2777/2331 1811/2882/2395 1809/2881/2394
f 1684/2777/2331 1686/2778/2332 1813/2883/2396 1811/2882/2395
f 1686/2778/2332 1688/2779/2333 1815/2884/2397 1813/2883/2396
f 1688/2779/2333 1690/2780/2334 1817/2885/2398 1815/2884/2397
f 1690/2780/2334 1692/2781/2335 1819/2886/2399 1817/2885/2398
f 1692/2781/2335 1694/2782/2336 1822/2887/2400 1819/2886/2399
f 1694/2782/2336 1696/2783/2337 1823/2888/2401 1822/2887/2400
f 1696/2889/2337 1698/2890/2338 1826/2891/2402 1823/2892/2401
f 1698/2890/2338 1571/2785/2276 1700/2788/2340 1826/2891/2402
f 1700/2788/2340 1701/2787/2339 1830/2893/2403 1827/2894/2404
f 1701/2787/2339 1704/2790/2341 1831/2895/2405 1830/2893/2403
f 1704/2790/2341 1705/2792/2342 1833/2896/2406 1831/2895/2405
f 1705/2792/2342 1708/2794/2343 1835/2897/2407 1833/2896/2406
f 1708/2794/2343 1709/2796/2344 1838/2898/2408 1835/2897/2407
f 1709/2796/2344 1712/2798/2345 1840/2899/2409 1838/2898/2408
f 1712/2798/2345 1713/2900/2346 1842/2901/2410 1840/2899/2409
f 1713/2900/2346 1715/2902/2347 1844/2903/2411 1842/2901/2410
f 1715/2902/2347 1718/2904/2348 1846/2905/2412 1844/2903/2411
f 1718/2906/2348 1719/2907/2349 1848/2908/2413 1846/2909/2412
f 1719/2907/2349 1722/2910/2350 1850/2911/2414 1848/2908/2413
f 1722/2910/2350 1724/2809/2351 1851/2912/2415 1850/2911/2414
f 1724/2809/2351 1726/2808/2352 1853/2913/2416 1851/2912/2415
f 1726/2808/2352 1728/2811/2353 1855/2914/2417 1853/2913/2416
f 1728/2811/2353 1730/2813/2354 1858/2915/2418 1855/2914/2417
f 1730/2813/2354 1732/2815/2355 1859/2916/2419 1858/2915/2418
f 1732/2815/2355 1734/2817/2356 1861/2917/2420 1859/2916/2419
f 1734/2817/2356 1735/2819/2357 1864/2918/2421 1861/2917/2420
f 1735/2819/2357 1738/2821/2358 1866/2919/2422 1864/2918/2421
f 1738/2821/2358 1740/2823/2359 1868/2920/2423 1866/2919/2422
f 1740/2823/2359 1742/2825/2360 1869/2921/2424 1868/2920/2423
f 1742/2825/2360 1743/2922/2361 1871/2923/2425 1869/2921/2424
f 1743/2922/2361 1745/2924/2362 1873/2925/2426 1871/2923/2425
f 1745/2924/2362 1747/2926/2363 1875/2927/2427 1873/2925/2426
f 1747/2829/2363 1749/2830/2364 1877/2928/2428 1875/2929/2427
f 1749/2930/2364 1751/2931/2365 1880/2932/2429 1877/2933/2428
f 1751/2931/2365 1754/2934/2366 1882/2935/2430 1880/2932/2429
f 1754/2934/2366 1756/2837/2367 1884/2936/2431 1882/2935/2430
f 1756/2837/2367 1758/2836/2368 1885/2937/2432 1884/2936/2431
f 1758/2836/2368 1760/2839/2369 1887/2938/2433 1885/2937/2432
f 1760/2839/2369 1762/2841/2370 1889/2939/2434 1887/2938/2433
f 1762/2841/2370 1763/2843/2371 1891/2940/2435 1889/2939/2434
f 1763/2843/2371 1766/2845/2372 1893/2941/2436 1891/2940/2435
f 1766/2845/2372 1767/2847/2373 1895/2942/2437 1893/2941/2436
f 1767/2847/2373 1770/2849/2374 1897/2943/2438 1895/2942/2437
f 1770/2849/2374 1772/2851/2375 1899/2944/2439 1897/2943/2438
f 1772/2851/2375 1773/2945/2376 1901/2946/2440 1899/2944/2439
f 1773/2945/2376 1775/2947/2377 1903/2948/2441 1901/2946/2440
f 1775/2947/2377 1778/2949/2378 1905/2950/2442 1903/2948/2441
f 1778/2855/2378 1780/2856/2379 1907/2951/2443 1905/2952/2442
f 1780/2856/2379 1782/2857/2380 1910/2953/2444 1907/2951/2443
f 1782/2857/2380 1784/2858/2381 1911/2954/2445 1910/2953/2444
f 1784/2955/2381 1785/2956/2382 1914/2957/2446 1911/2958/2445
f 1785/2956/2382 1787/2959/2383 1916/2960/2447 1914/2957/2446
f 1787/2959/2383 1789/2865/2384 1917/2961/2448 1916/2960/2447
f 1789/2865/2384 1792/2864/2385 1919/2962/2449 1917/2961/2448
f 1792/2864/2385 1794/2867/2386 1921/2963/2450 1919/2962/2449
f 1794/2867/2386 1796/2869/2387 1923/2964/2451 1921/2963/2450
f 1796/2869/2387 1798/2871/2388 1926/2965/2452 1923/2964/2451
f 1798/2871/2388 1800/2873/2389 1927/2966/2453 1926/2965/2452
f 1800/2873/2389 1801/2875/2390 1929/2967/2454 1927/2966/2453
f 1801/2875/2390 1803/2877/2391 1932/2968/2455 1929/2967/2454
f 1803/2877/2391 1806/2969/2392 1933/2970/2456 1932/2968/2455
f 1806/2969/2392 1807/2971/2393 1935/2972/2457 1933/2970/2456
f 1807/2971/2393 1809/2973/2394 1937/2974/2458 1935/2972/2457
f 1809/2973/2394 1811/2975/2395 1939/2976/2459 1937/2974/2458
f 1811/2882/2395 1813/2883/2396 1941/2977/2460 1939/2978/2459
f 1813/2883/2396 1815/2884/2397 1943/2979/2461 1941/2977/2460
f 1815/2980/2397 1817/2981/2398 1945/2982/2462 1943/2983/2461
f 1817/2981/2398 1819/2984/2399 1947/2985/2463 1945/2982/2462
f 1819/2984/2399 1822/2986/2400 1950/2987/2464 1947/2985/2463
f 1822/2986/2400 1823/2892/2401 1951/2988/2465 1950/2987/2464
f 1823/2892/2401 1826/2891/2402 1953/2989/2466 1951/2988/2465
f 1826/2891/2402 1700/2788/2340 1827/2894/2404 1953/2989/2466
f 1827/2894/2404 1830/2893/2403 1957/2990/2467 1955/2991/2468
f 1830/2893/2403 1831/2895/2405 1959/2992/2469 1957/2990/2467
f 1831/2895/2405 1833/2896/2406 1962/2993/2470 1959/2992/2469
f 1833/2896/2406 1835/2897/2407 1964/2994/2471 1962/2993/2470
f 1835/2897/2407 1838/2898/2408 1966/2995/2472 1964/2994/2471
f 1838/2898/2408 1840/2899/2409 1968/2996/2473 1966/2995/2472
f 1840/2899/2409 1842/2901/2410 1970/2997/2474 1968/2996/2473
f 1842/2901/2410 1844/2903/2411 1971/2998/2475 1970/2997/2474
f 1844/2903/2411 1846/2905/2412 1973/2999/2476 1971/2998/2475
f 1846/2909/2412 1848/2908/2413 1975/3000/2477 1973/3001/2476
f 1848/2908/2413 1850/2911/2414 1978/3002/2478 1975/3000/2477
f 1850/2911/2414 1851/2912/2415 1980/3003/2479 1978/3002/2478
f 1851/2912/2415 1853/2913/2416 1982/3004/2480 1980/3003/2479
f 1853/2913/2416 1855/2914/2417 1983/3005/2481 1982/3004/2480
f 1855/2914/2417 1858/2915/2418 1985/3006/2482 1983/3005/2481
f 1858/2915/2418 1859/2916/2419 1987/3007/2483 1985/3006/2482
f 1859/2916/2419 1861/2917/2420 1989/3008/2484 1987/3007/2483
f 1861/2917/2420 1864/2918/2421 1991/3009/2485 1989/3008/2484
f 1864/2918/2421 1866/2919/2422 1994/3010/2486 1991/3009/2485
f 1866/2919/2422 1868/2920/2423 1996/3011/2487 1994/3010/2486
f 1868/2920/2423 1869/2921/2424 1997/3012/2488 1996/3011/2487
f 1869/2921/2424 1871/2923/2425 2000/3013/2489 1997/3012/2488
f 1871/2923/2425 1873/2925/2426 2002/3014/2490 2000/3013/2489
f 1873/2925/2426 1875/2927/2427 2004/3015/2491 2002/3014/2490
f 1875/3016/2427 1877/2933/2428 2006/3017/2492 2004/3018/2491
f 1877/2933/2428 1880/2932/2429 2008/3019/2493 2006/3017/2492
f 1880/2932/2429 1882/2935/2430 2010/3020/2494 2008/3019/2493
f 1882/2935/2430 1884/2936/2431 2012/3021/2495 2010/3020/2494
f 1884/2936/2431 1885/2937/2432 2014/3022/2496 2012/3021/2495
f 1885/2937/2432 1887/2938/2433 2015/3023/2497 2014/3022/2496
f 1887/2938/2433 1889/2939/2434 2017/3024/2498 2015/3023/2497
f 1889/2939/2434 1891/2940/2435 2019/3025/2499 2017/3024/2498
f 1891/2940/2435 1893/2941/2436 2021/3026/2500 2019/3025/2499
f 1893/2941/2436 1895/2942/2437 2024/3027/2501 2021/3026/2500
f 1895/2942/2437 1897/2943/2438 2025/3028/2502 2024/3027/2501
f 1897/2943/2438 1899/2944/2439 2028/3029/2503 2025/3028/2502
f 1899/2944/2439 1901/2946/2440 2030/3030/2504 2028/3029/2503
f 1901/2946/2440 1903/2948/2441 2032/3031/2505 2030/3030/2504
f 1903/2948/2441 1905/2950/2442 2034/3032/2506 2032/3031/2505
f 1905/2950/2442 1907/3033/2443 2035/3034/2507 2034/3032/2506
f 1907/3033/2443 1910/3035/2444 2037/3036/2508 2035/3034/2507
f 1910/3037/2444 1911/2958/2445 2039/3038/2509 2037/3039/2508
f 1911/2958/2445 1914/2957/2446 2041/3040/2510 2039/3038/2509
f 1914/2957/2446 1916/2960/2447 2044/3041/2511 2041/3040/2510
f 1916/2960/2447 1917/2961/2448 2045/3042/2512 2044/3041/2511
f 1917/2961/2448 1919/2962/2449 2047/3043/2513 2045/3042/2512
f 1919/2962/2449 1921/2963/2450 2049/3044/2514 2047/3043/2513
f 1921/2963/2450 1923/2964/2451 2051/3045/2515 2049/3044/2514
f 1923/2964/2451 1926/2965/2452 2054/3046/2516 2051/3045/2515
f 1926/2965/2452 1927/2966/2453 2056/3047/2517 2054/3046/2516
f 1927/2966/2453 1929/2967/2454 2058/3048/2518 2056/3047/2517
f 1929/2967/2454 1932/2968/2455 2059/3049/2519 2058/3048/2518
f 1932/2968/2455 1933/2970/2456 2061/3050/2520 2059/3049/2519
f 1933/2970/2456 1935/2972/2457 2064/3051/2521 2061/3050/2520
f 1935/2972/2457 1937/2974/2458 2066/3052/2522 2064/3051/2521
f 1937/2974/2458 1939/2976/2459 2068/3053/2523 2066/3052/2522
f 1939/2976/2459 1941/3054/2460 2070/3055/2524 2068/3053/2523
f 1941/3056/2460 1943/2983/2461 2072/3057/2525 2070/3058/2524
f 1943/2983/2461 1945/2982/2462 2074/3059/2526 2072/3057/2525
f 1945/2982/2462 1947/2985/2463 2076/3060/2527 2074/3059/2526
f 1947/2985/2463 1950/2987/2464 2077/3061/2528 2076/3060/2527
f 1950/2987/2464 1951/2988/2465 2079/3062/2529 2077/3061/2528
f 1951/2988/2465 1953/2989/2466 2081/3063/2530 2079/3062/2529
f 1953/2989/2466 1827/2894/2404 1955/2991/2468 2081/3063/2530
f 1955/2991/2468 1957/2990/2467 2085/3064/2531 2083/3065/2532
f 1957/2990/2467 1959/2992/2469 2087/3066/2533 2085/3064/2531
f 1959/2992/2469 1962/2993/2470 2090/3067/2534 2087/3066/2533
f 1962/2993/2470 1964/2994/2471 2091/3068/2535 2090/3067/2534
f 1964/2994/2471 1966/2995/2472 2094/3069/2536 2091/3068/2535
f 1966/2995/2472 1968/2996/2473 2096/3070/2537 2094/3069/2536
f 1968/2996/2473 1970/2997/2474 2097/3071/2538 2096/3070/2537
f 1970/2997/2474 1971/2998/2475 2100/3072/2539 2097/3071/2538
f 1971/2998/2475 1973/2999/2476 2102/3073/2540 2100/3072/2539
f 1973/3001/2476 1975/3000/2477 2103/3074/2541 2102/3075/2540
f 1975/3000/2477 1978/3002/2478 2106/3076/2542 2103/3074/2541
f 1978/3002/2478 1980/3003/2479 2108/3077/2543 2106/3076/2542
f 1980/3003/2479 1982/3004/2480 2110/3078/2544 2108/3077/2543
f 1982/3004/2480 1983/3005/2481 2112/3079/2545 2110/3078/2544
f 1983/3005/2481 1985/3006/2482 2114/3080/2546 2112/3079/2545
f 1985/3006/2482 1987/3007/2483 2116/3081/2547 2114/3080/2546
f 1987/3007/2483 1989/3008/2484 2118/3082/2548 2116/3081/2547
f 1989/3008/2484 1991/3009/2485 2119/3083/2549 2118/3082/2548
f 1991/3009/2485 1994/3010/2486 2121/3084/2550 2119/3083/2549
f 1994/3010/2486 1996/3011/2487 2123/3085/2551 2121/3084/2550
f 1996/3011/2487 1997/3012/2488 2125/3086/2552 2123/3085/2551
f 1997/3012/2488 2000/3013/2489 2127/3087/2553 2125/3086/2552
f 2000/3013/2489 2002/3014/2490 2129/3088/2554 2127/3087/2553
f 2002/3014/2490 2004/3015/2491 2132/3089/2555 2129/3088/2554
f 2004/3018/2491 2006/3017/2492 2133/3090/2556 2132/3091/2555
f 2006/3017/2492 2008/3019/2493 2135/3092/2557 2133/3090/2556
f 2008/3019/2493 2010/3020/2494 2138/3093/2558 2135/3092/2557
f 2010/3020/2494 2012/3021/2495 2139/3094/2559 2138/3093/2558
f 2012/3021/2495 2014/3022/2496 2141/3095/2560 2139/3094/2559
f 2014/3022/2496 2015/3023/2497 2143/3096/2561 2141/3095/2560
f 2015/3023/2497 2017/3024/2498 2146/3097/2562 2143/3096/2561
f 2017/3024/2498 2019/3025/2499 2147/3098/2563 2146/3097/2562
f 2019/3025/2499 2021/3026/2500 2149/3099/2564 2147/3098/2563
f 2021/3026/2500 2024/3027/2501 2151/3100/2565 2149/3099/2564
f 2024/3027/2501 2025/3028/2502 2153/3101/2566 2151/3100/2565
f 2025/3028/2502 2028/3029/2503 2156/3102/2567 2153/3101/2566
f 2028/3029/2503 2030/3030/2504 2157/3103/2568 2156/3102/2567
f 2030/3030/2504 2032/3031/2505 2160/3104/2569 2157/3103/2568
f 2032/3031/2505 2034/3032/2506 2162/3105/2570 2160/3104/2569
f 2034/3032/2506 2035/3034/2507 2163/3106/2571 2162/3105/2570
f 2035/3034/2507 2037/3036/2508 2166/3107/2572 2163/3106/2571
f 2037/3039/2508 2039/3038/2509 2168/3108/2573 2166/3109/2572
f 2039/3038/2509 2041/3040/2510 2169/3110/2574 2168/3108/2573
f 2041/3040/2510 2044/3041/2511 2171/3111/2575 2169/3110/2574
f 2044/3041/2511 2045/3042/2512 2173/3112/2576 2171/3111/2575
f 2045/3042/2512 2047/3043/2513 2175/3113/2577 2173/3112/2576
f 2047/3043/2513 2049/3044/2514 2178/3114/2578 2175/3113/2577
f 2049/3044/2514 2051/3045/2515 2180/3115/2579 2178/3114/2578
f 2051/3045/2515 2054/3046/2516 2182/3116/2580 2180/3115/2579
f 2054/3046/2516 2056/3047/2517 2184/3117/2581 2182/3116/2580
f 2056/3047/2517 2058/3048/2518 2186/3118/2582 2184/3117/2581
f 2058/3048/2518 2059/3049/2519 2187/3119/2583 2186/3118/2582
f 2059/3049/2519 2061/3050/2520 2189/3120/2584 2187/3119/2583
f 2061/3050/2520 2064/3051/2521 2192/3121/2585 2189/3120/2584
f 2064/3051/2521 2066/3052/2522 2193/3122/2586 2192/3121/2585
f 2066/3052/2522 2068/3053/2523 2196/3123/2587 2193/3122/2586
f 2068/3053/2523 2070/3055/2524 2198/3124/2588 2196/3123/2587
f 2070/3058/2524 2072/3057/2525 2200/3125/2589 2198/3126/2588
f 2072/3057/2525 2074/3059/2526 2201/3127/2590 2200/3125/2589
f 2074/3059/2526 2076/3060/2527 2204/3128/2591 2201/3127/2590
f 2076/3060/2527 2077/3061/2528 2205/3129/2592 2204/3128/2591
f 2077/3061/2528 2079/3062/2529 2207/3130/2593 2205/3129/2592
f 2079/3062/2529 2081/3063/2530 2209/3131/2594 2207/3130/2593
f 2081/3063/2530 1955/2991/2468 2083/3065/2532 2209/3131/2594
f 2083/3065/2532 2085/3064/2531 2213/3132/2595 2212/3133/2596
f 2085/3064/2531 2087/3066/2533 2215/3134/2597 2213/3132/2595
f 2087/3066/2533 2090/3067/2534 2217/3135/2598 2215/3134/2597
f 2090/3067/2534 2091/3068/2535 2220/3136/2599 2217/3135/2598
f 2091/3068/2535 2094/3069/2536 2221/3137/2600 2220/3136/2599
f 2094/3069/2536 2096/3070/2537 2223/3138/2601 2221/3137/2600
f 2096/3070/2537 2097/3071/2538 2225/3139/2602 2223/3138/2601
f 2097/3071/2538 2100/3072/2539 2227/3140/2603 2225/3139/2602
f 2100/3072/2539 2102/3073/2540 2229/3141/2604 2227/3140/2603
f 2102/3075/2540 2103/3074/2541 2231/3142/2605 2229/3143/2604
f 2103/3074/2541 2106/3076/2542 2233/3144/2606 2231/3142/2605
f 2106/3076/2542 2108/3077/2543 2235/3145/2607 2233/3144/2606
f 2108/3077/2543 2110/3078/2544 2238/3146/2608 2235/3145/2607
f 2110/3078/2544 2112/3079/2545 2239/3147/2609 2238/3146/2608
f 2112/3079/2545 2114/3080/2546 2241/3148/2610 2239/3147/2609
f 2114/3080/2546 2116/3081/2547 2244/3149/2611 2241/3148/2610
f 2116/3081/2547 2118/3082/2548 2245/3150/2612 2244/3149/2611
f 2118/3082/2548 2119/3083/2549 2247/3151/2613 2245/3150/2612
f 2119/3083/2549 2121/3084/2550 2250/3152/2614 2247/3151/2613
f 2121/3084/2550 2123/3085/2551 2252/3153/2615 2250/3152/2614
f 2123/3085/2551 2125/3086/2552 2254/3154/2616 2252/3153/2615
f 2125/3086/2552 2127/3087/2553 2256/3155/2617 2254/3154/2616
f 2127/3087/2553 2129/3088/2554 2258/3156/2618 2256/3155/2617
f 2129/3088/2554 2132/3089/2555 2260/3157/2619 2258/3156/2618
f 2132/3091/2555 2133/3090/2556 2261/3158/2620 2260/3159/2619
f 2133/3090/2556 2135/3092/2557 2263/3160/2621 2261/3158/2620
f 2135/3092/2557 2138/3093/2558 2265/3161/2622 2263/3160/2621
f 2138/3093/2558 2139/3094/2559 2268/3162/2623 2265/3161/2622
f 2139/3094/2559 2141/3095/2560 2270/3163/2624 2268/3162/2623
f 2141/3095/2560 2143/3096/2561 2272/3164/2625 2270/3163/2624
f 2143/3096/2561 2146/3097/2562 2274/3165/2626 2272/3164/2625
f 2146/3097/2562 2147/3098/2563 2276/3166/2627 2274/3165/2626
f 2147/3098/2563 2149/3099/2564 2277/3167/2628 2276/3166/2627
f 2149/3099/2564 2151/3100/2565 2279/3168/2629 2277/3167/2628
f 2151/3100/2565 2153/3101/2566 2281/3169/2630 2279/3168/2629
f 2153/3101/2566 2156/3102/2567 2283/3170/2631 2281/3169/2630
f 2156/3102/2567 2157/3103/2568 2285/3171/2632 2283/3170/2631
f 2157/3103/2568 2160/3104/2569 2288/3172/2633 2285/3171/2632
f 2160/3104/2569 2162/3105/2570 2290/3173/2634 2288/3172/2633
f 2162/3105/2570 2163/3106/2571 2292/3174/2635 2290/3173/2634
f 2163/3106/2571 2166/3107/2572 2293/3175/2636 2292/3174/2635
f 2166/3109/2572 2168/3108/2573 2295/3176/2637 2293/3177/2636
f 2168/3108/2573 2169/3110/2574 2297/3178/2638 2295/3176/2637
f 2169/3110/2574 2171/3111/2575 2299/3179/2639 2297/3178/2638
f 2171/3111/2575 2173/3112/2576 2301/3180/2640 2299/3179/2639
f 2173/3112/2576 2175/3113/2577 2303/3181/2641 2301/3180/2640
f 2175/3113/2577 2178/3114/2578 2305/3182/2642 2303/3181/2641
f 2178/3114/2578 2180/3115/2579 2307/3183/2643 2305/3182/2642
f 2180/3115/2579 2182/3116/2580 2310/3184/2644 2307/3183/2643
f 2182/3116/2580 2184/3117/2581 2312/3185/2645 2310/3184/2644
f 2184/3117/2581 2186/3118/2582 2314/3186/2646 2312/3185/2645
f 2186/3118/2582 2187/3119/2583 2316/3187/2647 2314/3186/2646
f 2187/3119/2583 2189/3120/2584 2317/3188/2648 2316/3187/2647
f 2189/3120/2584 2192/3121/2585 2319/3189/2649 2317/3188/2648
f 2192/3121/2585 2193/3122/2586 2321/3190/2650 2319/3189/2649
f 2193/3122/2586 2196/3123/2587 2324/3191/2651 2321/3190/2650
f 2196/3123/2587 2198/3124/2588 2326/3192/2652 2324/3191/2651
f 2198/3126/2588 2200/3125/2589 2328/3193/2653 2326/3194/2652
f 2200/3125/2589 2201/3127/2590 2330/3195/2654 2328/3193/2653
f 2201/3127/2590 2204/3128/2591 2332/3196/2655 2330/3195/2654
f 2204/3128/2591 2205/3129/2592 2334/3197/2656 2332/3196/2655
f 2205/3129/2592 2207/3130/2593 2335/3198/2657 2334/3197/2656
f 2207/3130/2593 2209/3131/2594 2336/3199/2658 2335/3198/2657
f 2209/3131/2594 2083/3065/2532 2212/3133/2596 2336/3199/2658
f 2212/3133/2596 2213/3132/2595 2338/3200/2659 2337/3201/2660
f 2213/3132/2595 2215/3134/2597 2339/3202/2661 2338/3200/2659
f 2215/3134/2597 2217/3135/2598 2340/3203/2662 2339/3202/2661
f 2217/3135/2598 2220/3136/2599 2341/3204/2663 2340/3203/2662
f 2220/3136/2599 2221/3137/2600 2342/3205/2664 2341/3204/2663
f 2221/3137/2600 2223/3138/2601 2343/3206/2665 2342/3205/2664
f 2223/3138/2601 2225/3139/2602 2344/3207/2666 2343/3206/2665
f 2225/3139/2602 2227/3140/2603 2345/3208/2667 2344/3207/2666
f 2227/3140/2603 2229/3141/2604 2346/3209/2668 2345/3208/2667
f 2229/3143/2604 2231/3142/2605 2347/3210/2669 2346/3211/2668
f 2231/3142/2605 2233/3144/2606 2348/3212/2670 2347/3210/2669
f 2233/3144/2606 2235/3145/2607 2349/3213/2671 2348/3212/2670
f 2235/3145/2607 2238/3146/2608 2350/3214/2672 2349/3213/2671
f 2238/3146/2608 2239/3147/2609 2351/3215/2673 2350/3214/2672
f 2239/3147/2609 2241/3148/2610 2352/3216/2674 2351/3215/2673
f 2241/3148/2610 2244/3149/2611 2353/3217/2675 2352/3216/2674
f 2244/3149/2611 2245/3150/2612 2354/3218/2676 2353/3217/2675
f 2245/3150/2612 2247/3151/2613 2355/3219/2677 2354/3218/2676
f 2247/3151/2613 2250/3152/2614 2356/3220/2678 2355/3219/2677
f 2250/3152/2614 2252/3153/2615 2357/3221/2679 2356/3220/2678
f 2252/3153/2615 2254/3154/2616 2358/3222/2680 2357/3221/2679
f 2254/3154/2616 2256/3155/2617 2359/3223/2681 2358/3222/2680
f 2256/3155/2617 2258/3156/2618 2360/3224/2682 2359/3223/2681
f 2258/3156/2618 2260/3157/2619 2361/3225/2683 2360/3224/2682
f 2260/3159/2619 2261/3158/2620 2362/3226/2684 2361/3227/2683
f 2261/3158/2620 2263/3160/2621 2363/3228/2685 2362/3226/2684
f 2263/3160/2621 2265/3161/2622 2364/3229/2686 2363/3228/2685
f 2265/3161/2622 2268/3162/2623 2365/3230/2687 2364/3229/2686
f 2268/3162/2623 2270/3163/2624 2366/3231/2688 2365/3230/2687
f 2270/3163/2624 2272/3164/2625 2367/3232/2689 2366/3231/2688
f 2272/3164/2625 2274/3165/2626 2368/3233/2690 2367/3232/2689
f 2274/3165/2626 2276/3166/2627 2369/3234/2691 2368/3233/2690
f 2276/3166/2627 2277/3167/2628 2370/3235/2692 2369/3234/2691
f 2277/3167/2628 2279/3168/2629 2371/3236/2693 2370/3235/2692
f 2279/3168/2629 2281/3169/2630 2372/3237/2694 2371/3236/2693
f 2281/3169/2630 2283/3170/2631 2373/3238/2695 2372/3237/2694
f 2283/3170/2631 2285/3171/2632 2374/3239/2696 2373/3238/2695
f 2285/3171/2632 2288/3172/2633 2375/3240/2697 2374/3239/2696
f 2288/3172/2633 2290/3173/2634 2376/3241/2698 2375/3240/2697
f 2290/3173/2634 2292/3174/2635 2377/3242/2699 2376/3241/2698
f 2292/3243/2635 2293/3177/2636 2378/3244/2700 2377/3245/2699
f 2293/3177/2636 2295/3176/2637 2379/3246/2701 2378/3244/2700
f 2295/3176/2637 2297/3178/2638 2380/3247/2702 2379/3246/2701
f 2297/3178/2638 2299/3179/2639 2381/3248/2703 2380/3247/2702
f 2299/3179/2639 2301/3180/2640 2382/3249/2704 2381/3248/2703
f 2301/3180/2640 2303/3181/2641 2383/3250/2705 2382/3249/2704
f 2303/3181/2641 2305/3182/2642 2384/3251/2706 2383/3250/2705
f 2305/3182/2642 2307/3183/2643 2385/3252/2707 2384/3251/2706
f 2307/3183/2643 2310/3184/2644 2386/3253/2708 2385/3252/2707
f 2310/3184/2644 2312/3185/2645 2387/3254/2709 2386/3253/2708
f 2312/3185/2645 2314/3186/2646 2388/3255/2710 2387/3254/2709
f 2314/3186/2646 2316/3187/2647 2389/3256/2711 2388/3255/2710
f 2316/3187/2647 2317/3188/2648 2390/3257/2712 2389/3256/2711
f 2317/3188/2648 2319/3189/2649 2391/3258/2713 2390/3257/2712
f 2319/3189/2649 2321/3190/2650 2392/3259/2714 2391/3258/2713
f 2321/3190/2650 2324/3191/2651 2393/3260/2715 2392/3259/2714
f 2324/3191/2651 2326/3192/2652 2394/3261/2716 2393/3260/2715
f 2326/3194/2652 2328/3193/2653 2395/3262/2717 2394/3263/2716
f 2328/3193/2653 2330/3195/2654 2396/3264/2718 2395/3262/2717
f 2330/3195/2654 2332/3196/2655 2397/3265/2719 2396/3264/2718
f 2332/3196/2655 2334/3197/2656 2398/3266/2720 2397/3265/2719
f 2334/3197/2656 2335/3198/2657 2399/3267/2721 2398/3266/2720
f 2335/3198/2657 2336/3199/2658 2400/3268/2722 2399/3267/2721
f 2336/3199/2658 2212/3133/2596 2337/3201/2660 2400/3268/2722
f 2337/3201/2660 2338/3200/2659 2402/3269/2723 2401/3270/2724
f 2338/3200/2659 2339/3202/2661 2403/3271/2725 2402/3269/2723
f 2339/3202/2661 2340/3203/2662 2404/3272/2726 2403/3271/2725
f 2340/3203/2662 2341/3204/2663 2405/3273/2727 2404/3272/2726
f 2341/3204/2663 2342/3205/2664 2406/3274/2728 2405/3273/2727
f 2342/3205/2664 2343/3206/2665 2407/3275/2729 2406/3274/2728
f 2343/3206/2665 2344/3207/2666 2408/3276/2730 2407/3275/2729
f 2344/3207/2666 2345/3208/2667 2409/3277/2731 2408/3276/2730
f 2345/3208/2667 2346/3209/2668 2410/3278/2732 2409/3277/2731
f 2346/3211/2668 2347/3210/2669 2411/3279/2733 2410/3280/2732
f 2347/3210/2669 2348/3212/2670 2412/3281/2734 2411/3279/2733
f 2348/3212/2670 2349/3213/2671 2413/3282/2735 2412/3281/2734
f 2349/3213/2671 2350/3214/2672 2414/3283/2736 2413/3282/2735
f 2350/3214/2672 2351/3215/2673 2415/3284/2737 2414/3283/2736
f 2351/3215/2673 2352/3216/2674 2416/3285/2738 2415/3284/2737
f 2352/3216/2674 2353/3217/2675 2417/3286/2739 2416/3285/2738
f 2353/3217/2675 2354/3218/2676 2418/3287/2740 2417/3286/2739
f 2354/3218/2676 2355/3219/2677 2419/3288/2741 2418/3287/2740
f 2355/3219/2677 2356/3220/2678 2420/3289/2742 2419/3288/2741
f 2356/3220/2678 2357/3221/2679 2421/3290/2743 2420/3289/2742
f 2357/3221/2679 2358/3222/2680 2422/3291/2744 2421/3290/2743
f 2358/3222/2680 2359/3223/2681 2423/3292/2745 2422/3291/2744
f 2359/3223/2681 2360/3224/2682 2424/3293/2746 2423/3292/2745
f 2360/3224/2682 2361/3225/2683 2425/3294/2747 2424/3293/2746
f 2361/3227/2683 2362/3226/2684 2426/3295/2748 2425/3296/2747
f 2362/3226/2684 2363/3228/2685 2427/3297/2749 2426/3295/2748
f 2363/3228/2685 2364/3229/2686 2428/3298/2750 2427/3297/2749
f 2364/3229/2686 2365/3230/2687 2429/3299/2751 2428/3298/2750
f 2365/3230/2687 2366/3231/2688 2430/3300/2752 2429/3299/2751
f 2366/3231/2688 2367/3232/2689 2431/3301/2753 2430/3300/2752
f 2367/3232/2689 2368/3233/2690 2432/3302/2754 2431/3301/2753
f 2368/3233/2690 2369/3234/2691 2433/3303/2755 2432/3302/2754
f 2369/3234/2691 2370/3235/2692 2434/3304/2756 2433/3303/2755
f 2370/3235/2692 2371/3236/2693 2435/3305/2757 2434/3304/2756
f 2371/3236/2693 2372/3237/2694 2436/3306/2758 2435/3305/2757
f 2372/3237/2694 2373/3238/2695 2437/3307/2759 2436/3306/2758
f 2373/3238/2695 2374/3239/2696 2438/3308/2760 2437/3307/2759
f 2374/3239/2696 2375/3240/2697 2439/3309/2761 2438/3308/2760
f 2375/3240/2697 2376/3241/2698 2440/3310/2762 2439/3309/2761
f 2376/3241/2698 2377/3242/2699 2441/3311/2763 2440/3310/2762
f 2377/3245/2699 2378/3244/2700 2442/3312/2764 2441/3313/2763
f 2378/3244/2700 2379/3246/2701 2443/3314/2765 2442/3312/2764
f 2379/3246/2701 2380/3247/2702 2444/3315/2766 2443/3314/2765
f 2380/3247/2702 2381/3248/2703 2445/3316/2767 2444/3315/2766
f 2381/3248/2703 2382/3249/2704 2446/3317/2768 2445/3316/2767
f 2382/3249/2704 2383/3250/2705 2447/3318/2769 2446/3317/2768
f 2383/3250/2705 2384/3251/2706 2448/3319/2770 2447/3318/2769
f 2384/3251/2706 2385/3252/2707 2449/3320/2771 2448/3319/2770
f 2385/3252/2707 2386/3253/2708 2450/3321/2772 2449/3320/2771
f 2386/3253/2708 2387/3254/2709 2451/3322/2773 2450/3321/2772
f 2387/3254/2709 2388/3255/2710 2452/3323/2774 2451/3322/2773
f 2388/3255/2710 2389/3256/2711 2453/3324/2775 2452/3323/2774
f 2389/3256/2711 2390/3257/2712 2454/3325/2776 2453/3324/2775
f 2390/3257/2712 2391/3258/2713 2455/3326/2777 2454/3325/2776
f 2391/3258/2713 2392/3259/2714 2456/3327/2778 2455/3326/2777
f 2392/3259/2714 2393/3260/2715 2457/3328/2779 2456/3327/2778
f 2393/3260/2715 2394/3261/2716 2458/3329/2780 2457/3328/2779
f 2394/3263/2716 2395/3262/2717 2459/3330/2781 2458/3331/2780
f 2395/3262/2717 2396/3264/2718 2460/3332/2782 2459/3330/2781
f 2396/3264/2718 2397/3265/2719 2461/3333/2783 2460/3332/2782
f 2397/3265/2719 2398/3266/2720 2462/3334/2784 2461/3333/2783
f 2398/3266/2720 2399/3267/2721 2463/3335/2785 2462/3334/2784
f 2399/3267/2721 2400/3268/2722 2464/3336/2786 2463/3335/2785
f 2400/3268/2722 2337/3201/2660 2401/3270/2724 2464/3336/2786
f 2401/3270/2724 2402/3269/2723 2466/3337/2787 2465/3338/2788
f 2402/3269/2723 2403/3271/2725 2467/3339/2789 2466/3337/2787
f 2403/3271/2725 2404/3272/2726 2468/3340/2790 2467/3339/2789
f 2404/3272/2726 2405/3273/2727 2469/3341/2791 2468/3340/2790
f 2405/3273/2727 2406/3274/2728 2470/3342/2792 2469/3341/2791
f 2406/3274/2728 2407/3275/2729 2471/3343/2793 2470/3342/2792
f 2407/3275/2729 2408/3276/2730 2472/3344/2794 2471/3343/2793
f 2408/3276/2730 2409/3277/2731 2473/3345/2795 2472/3344/2794
f 2409/3277/2731 2410/3278/2732 2474/3346/2796 2473/3345/2795
f 2410/3280/2732 2411/3279/2733 2475/3347/2797 2474/3348/2796
f 2411/3279/2733 2412/3281/2734 2476/3349/2798 2475/3347/2797
f 2412/3281/2734 2413/3282/2735 2477/3350/2799 2476/3349/2798
f 2413/3282/2735 2414/3283/2736 2478/3351/2800 2477/3350/2799
f 2414/3283/2736 2415/3284/2737 2479/3352/2801 2478/3351/2800
f 2415/3284/2737 2416/3285/2738 2480/3353/2802 2479/3352/2801
f 2416/3285/2738 2417/3286/2739 2481/3354/2803 2480/3353/2802
f 2417/3286/2739 2418/3287/2740 2482/3355/2804 2481/3354/2803
f 2418/3287/2740 2419/3288/2741 2483/3356/2805 2482/3355/2804
f 2419/3288/2741 2420/3289/2742 2484/3357/2806 2483/3356/2805
f 2420/3289/2742 2421/3290/2743 2485/3358/2807 2484/3357/2806
f 2421/3290/2743 2422/3291/2744 2486/3359/2808 2485/3358/2807
f 2422/3291/2744 2423/3292/2745 2487/3360/2809 2486/3359/2808
f 2423/3292/2745 2424/3293/2746 2488/3361/2810 2487/3360/2809
f 2424/3293/2746 2425/3294/2747 2489/3362/2811 2488/3361/2810
f 2425/3296/2747 2426/3295/2748 2490/3363/2812 2489/3364/2811
f 2426/3295/2748 2427/3297/2749 2491/3365/2813 2490/3363/2812
f 2427/3297/2749 2428/3298/2750 2492/3366/2814 2491/3365/2813
f 2428/3298/2750 2429/3299/2751 2493/3367/2815 2492/3366/2814
f 2429/3299/2751 2430/3300/2752 2494/3368/2816 2493/3367/2815
f 2430/3300/2752 2431/3301/2753 2495/3369/2817 2494/3368/2816
f 2431/3301/2753 2432/3302/2754 2496/3370/2818 2495/3369/2817
f 2432/3302/2754 2433/3303/2755 2497/3371/2819 2496/3370/2818
f 2433/3303/2755 2434/3304/2756 2498/3372/2820 2497/3371/2819
f 2434/3304/2756 2435/3305/2757 2499/3373/2821 2498/3372/2820
f 2435/3305/2757 2436/3306/2758 2500/3374/2822 2499/3373/2821
f 2436/3306/2758 2437/3307/2759 2501/3375/2823 2500/3374/2822
f 2437/3307/2759 2438/3308/2760 2502/3376/2824 2501/3375/2823
f 2438/3308/2760 2439/3309/2761 2503/3377/2825 2502/3376/2824
f 2439/3309/2761 2440/3310/2762 2504/3378/2826 2503/3377/2825
f 2440/3310/2762 2441/3311/2763 2505/3379/2827 2504/3378/2826
f 2441/3313/2763 2442/3312/2764 2506/3380/2828 2505/3381/2827
f 2442/3312/2764 2443/3314/2765 2507/3382/2829 2506/3380/2828
f 2443/3314/2765 2444/3315/2766 2508/3383/2830 2507/3382/2829
f 2444/3315/2766 2445/3316/2767 2509/3384/2831 2508/3383/2830
f 2445/3316/2767 2446/3317/2768 2510/3385/2832 2509/3384/2831
f 2446/3317/2768 2447/3318/2769 2511/3386/2833 2510/3385/2832
f 2447/3318/2769 2448/3319/2770 2512/3387/2834 2511/3386/2833
f 2448/3319/2770 2449/3320/2771 2513/3388/2835 2512/3387/2834
f 2449/3320/2771 2450/3321/2772 2514/3389/2836 2513/3388/2835
f 2450/3321/2772 2451/3322/2773 2515/3390/2837 2514/3389/2836
f 2451/3322/2773 2452/3323/2774 2516/3391/2838 2515/3390/2837
f 2452/3323/2774 2453/3324/2775 2517/3392/2839 2516/3391/2838
f 2453/3324/2775 2454/3325/2776 2518/3393/2840 2517/3392/2839
f 2454/3325/2776 2455/3326/2777 2519/3394/2841 2518/3393/2840
f 2455/3326/2777 2456/3327/2778 2520/3395/2842 2519/3394/2841
f 2456/3327/2778 2457/3328/2779 2521/3396/2843 2520/3395/2842
f 2457/3328/2779 2458/3329/2780 2522/3397/2844 2521/3396/2843
f 2458/3331/2780 2459/3330/2781 2523/3398/2845 2522/3399/2844
f 2459/3330/2781 2460/3332/2782 2524/3400/2846 2523/3398/2845
f 2460/3332/2782 2461/3333/2783 2525/3401/2847 2524/3400/2846
f 2461/3333/2783 2462/3334/2784 2526/3402/2848 2525/3401/2847
f 2462/3334/2784 2463/3335/2785 2527/3403/2849 2526/3402/2848
f 2463/3335/2785 2464/3336/2786 2528/3404/2850 2527/3403/2849
f 2464/3336/2786 2401/3270/2724 2465/3338/2788 2528/3404/2850
f 2465/3338/2788 2466/3337/2787 2530/3405/2851 2529/3406/2852
f 2466/3337/2787 2467/3339/2789 2531/3407/2853 2530/3405/2851
f 2467/3339/2789 2468/3340/2790 2532/3408/2854 2531/3407/2853
f 2468/3340/2790 2469/3341/2791 2533/3409/2855 2532/3408/2854
f 2469/3341/2791 2470/3342/2792 2534/3410/2856 2533/3409/2855
f 2470/3342/2792 2471/3343/2793 2535/3411/2857 2534/3410/2856
f 2471/3343/2793 2472/3344/2794 2536/3412/2858 2535/3411/2857
f 2472/3344/2794 2473/3345/2795 2537/3413/2859 2536/3412/2858
f 2473/3345/2795 2474/3346/2796 2538/3414/2860 2537/3413/2859
f 2474/3348/2796 2475/3347/2797 2539/3415/2861 2538/3416/2860
f 2475/3347/2797 2476/3349/2798 2540/3417/2862 2539/3415/2861
f 2476/3349/2798 2477/3350/2799 2541/3418/2863 2540/3417/2862
f 2477/3350/2799 2478/3351/2800 2542/3419/2864 2541/3418/2863
f 2478/3351/2800 2479/3352/2801 2543/3420/2865 2542/3419/2864
f 2479/3352/2801 2480/3353/2802 2544/3421/2866 2543/3420/2865
f 2480/3353/2802 2481/3354/2803 2545/3422/2867 2544/3421/2866
f 2481/3354/2803 2482/3355/2804 2546/3423/2868 2545/3422/2867
f 2482/3355/2804 2483/3356/2805 2547/3424/2869 2546/3423/2868
f 2483/3356/2805 2484/3357/2806 2548/3425/2870 2547/3424/2869
f 2484/3357/2806 2485/3358/2807 2549/3426/2871 2548/3425/2870
f 2485/3358/2807 2486/3359/2808 2550/3427/2872 2549/3426/2871
f 2486/3359/2808 2487/3360/2809 2551/3428/2873 2550/3427/2872
f 2487/3360/2809 2488/3361/2810 2552/3429/2874 2551/3428/2873
f 2488/3361/2810 2489/3362/2811 2553/3430/2875 2552/3429/2874
f 2489/3364/2811 2490/3363/2812 2554/3431/2876 2553/3432/2875
f 2490/3363/2812 2491/3365/2813 2555/3433/2877 2554/3431/2876
f 2491/3365/2813 2492/3366/2814 2556/3434/2878 2555/3433/2877
f 2492/3366/2814 2493/3367/2815 2557/3435/2879 2556/3434/2878
f 2493/3367/2815 2494/3368/2816 2558/3436/2880 2557/3435/2879
f 2494/3368/2816 2495/3369/2817 2559/3437/2881 2558/3436/2880
f 2495/3369/2817 2496/3370/2818 2560/3438/2882 2559/3437/2881
f 2496/3370/2818 2497/3371/2819 2561/3439/2883 2560/3438/2882
f 2497/3371/2819 2498/3372/2820 2562/3440/2884 2561/3439/2883
f 2498/3372/2820 2499/3373/2821 2563/3441/2885 2562/3440/2884
f 2499/3373/2821 2500/3374/2822 2564/3442/2886 2563/3441/2885
f 2500/3374/2822 2501/3375/2823 2565/3443/2887 2564/3442/2886
f 2501/3375/2823 2502/3376/2824 2566/3444/2888 2565/3443/2887
f 2502/3376/2824 2503/3377/2825 2567/3445/2889 2566/3444/2888
f 2503/3377/2825 2504/3378/2826 2568/3446/2890 2567/3445/2889
f 2504/3378/2826 2505/3379/2827 2569/3447/2891 2568/3446/2890
f 2505/3381/2827 2506/3380/2828 2570/3448/2892 2569/3449/2891
f 2506/3380/2828 2507/3382/2829 2571/3450/2893 2570/3448/2892
f 2507/3382/2829 2508/3383/2830 2572/3451/2894 2571/3450/2893
f 2508/3383/2830 2509/3384/2831 2573/3452/2895 2572/3451/2894
f 2509/3384/2831 2510/3385/2832 2574/3453/2896 2573/3452/2895
f 2510/3385/2832 2511/3386/2833 2575/3454/2897 2574/3453/2896
f 2511/3386/2833 2512/3387/2834 2576/3455/2898 2575/3454/2897
f 2512/3387/2834 2513/3388/2835 2577/3456/2899 2576/3455/2898
f 2513/3388/2835 2514/3389/2836 2578/3457/2900 2577/3456/2899
f 2514/3389/2836 2515/3390/2837 2579/3458/2901 2578/3457/2900
f 2515/3390/2837 2516/3391/2838 2580/3459/2902 2579/3458/2901
f 2516/3391/2838 2517/3392/2839 2581/3460/2903 2580/3459/2902
f 2517/3392/2839 2518/3393/2840 2582/3461/2904 2581/3460/2903
f 2518/3393/2840 2519/3394/2841 2583/3462/2905 2582/3461/2904
f 2519/3394/2841 2520/3395/2842 2584/3463/2906 2583/3462/2905
f 2520/3395/2842 2521/3396/2843 2585/3464/2907 2584/3463/2906
f 2521/3396/2843 2522/3397/2844 2586/3465/2908 2585/3464/2907
f 2522/3399/2844 2523/3398/2845 2587/3466/2909 2586/3467/2908
f 2523/3398/2845 2524/3400/2846 2588/3468/2910 2587/3466/2909
f 2524/3400/2846 2525/3401/2847 2589/3469/2911 2588/3468/2910
f 2525/3401/2847 2526/3402/2848 2590/3470/2912 2589/3469/2911
f 2526/3402/2848 2527/3403/2849 2591/3471/2913 2590/3470/2912
f 2527/3403/2849 2528/3404/2850 2592/3472/2914 2591/3471/2913
f 2528/3404/2850 2465/3338/2788 2529/3406/2852 2592/3472/2914
f 2529/3406/2852 2530/3405/2851 2594/3473/2915 2593/3474/2916
f 2530/3405/2851 2531/3407/2853 2595/3475/2917 2594/3473/2915
f 2531/3407/2853 2532/3408/2854 2596/3476/2918 2595/3475/2917
f 2532/3408/2854 2533/3409/2855 2597/3477/2919 2596/3476/2918
f 2533/3409/2855 2534/3410/2856 2598/3478/2920 2597/3477/2919
f 2534/3410/2856 2535/3411/2857 2599/3479/2921 2598/3478/2920
f 2535/3411/2857 2536/3412/2858 2600/3480/2922 2599/3479/2921
f 2536/3412/2858 2537/3413/2859 2601/3481/2923 2600/3480/2922
f 2537/3413/2859 2538/3414/2860 2602/3482/2924 2601/3481/2923
f 2538/3416/2860 2539/3415/2861 2603/3483/2925 2602/3484/2924
f 2539/3415/2861 2540/3417/2862 2604/3485/2926 2603/3483/2925
f 2540/3417/2862 2541/3418/2863 2605/3486/2927 2604/3485/2926
f 2541/3418/2863 2542/3419/2864 2606/3487/2928 2605/3486/2927
f 2542/3419/2864 2543/3420/2865 2607/3488/2929 2606/3487/2928
f 2543/3420/2865 2544/3421/2866 2608/3489/2930 2607/3488/2929
f 2544/3421/2866 2545/3422/2867 2609/3490/2931 2608/3489/2930
f 2545/3422/2867 2546/3423/2868 2610/3491/2932 2609/3490/2931
f 2546/3423/2868 2547/3424/2869 2611/3492/2933 2610/3491/2932
f 2547/3424/2869 2548/3425/2870 2612/3493/2934 2611/3492/2933
f 2548/3425/2870 2549/3426/2871 2613/3494/2935 2612/3493/2934
f 2549/3426/2871 2550/3427/2872 2614/3495/2936 2613/3494/2935
f 2550/3427/2872 2551/3428/2873 2615/3496/2937 2614/3495/2936
f 2551/3428/2873 2552/3429/2874 2616/3497/2938 2615/3496/2937
f 2552/3429/2874 2553/3430/2875 2617/3498/2939 2616/3497/2938
f 2553/3432/2875 2554/3431/2876 2618/3499/2940 2617/3500/2939
f 2554/3431/2876 2555/3433/2877 2619/3501/2941 2618/3499/2940
f 2555/3433/2877 2556/3434/2878 2620/3502/2942 2619/3501/2941
f 2556/3434/2878 2557/3435/2879 2621/3503/2943 2620/3502/2942
f 2557/3435/2879 2558/3436/2880 2622/3504/2944 2621/3503/2943
f 2558/3436/2880 2559/3437/2881 2623/3505/2945 2622/3504/2944
f 2559/3437/2881 2560/3438/2882 2624/3506/2946 2623/3505/2945
f 2560/3438/2882 2561/3439/2883 2625/3507/2947 2624/3506/2946
f 2561/3439/2883 2562/3440/2884 2626/3508/2948 2625/3507/2947
f 2562/3440/2884 2563/3441/2885 2627/3509/2949 2626/3508/2948
f 2563/3441/2885 2564/3442/2886 2628/3510/2950 2627/3509/2949
f 2564/3442/2886 2565/3443/2887 2629/3511/2951 2628/3510/2950
f 2565/3443/2887 2566/3444/2888 2630/3512/2952 2629/3511/2951
f 2566/3444/2888 2567/3445/2889 2631/3513/2953 2630/3512/2952
f 2567/3445/2889 2568/3446/2890 2632/3514/2954 2631/3513/2953
f 2568/3446/2890 2569/3447/2891 2633/3515/2955 2632/3514/2954
f 2569/3449/2891 2570/3448/2892 2634/3516/2956 2633/3517/2955
f 2570/3448/2892 2571/3450/2893 2635/3518/2957 2634/3516/2956
f 2571/3450/2893 2572/3451/2894 2636/3519/2958 2635/3518/2957
f 2572/3451/2894 2573/3452/2895 2637/3520/2959 2636/3519/2958
f 2573/3452/2895 2574/3453/2896 2638/3521/2960 2637/3520/2959
f 2574/3453/2896 2575/3454/2897 2639/3522/2961 2638/3521/2960
f 2575/3454/2897 2576/3455/2898 2640/3523/2962 2639/3522/2961
f 2576/3455/2898 2577/3456/2899 2641/3524/2963 2640/3523/2962
f 2577/3456/2899 2578/3457/2900 2642/3525/2964 2641/3524/2963
f 2578/3457/2900 2579/3458/2901 2643/3526/2965 2642/3525/2964
f 2579/3458/2901 2580/3459/2902 2644/3527/2966 2643/3526/2965
f 2580/3459/2902 2581/3460/2903 2645/3528/2967 2644/3527/2966
f 2581/3460/2903 2582/3461/2904 2646/3529/2968 2645/3528/2967
f 2582/3461/2904 2583/3462/2905 2647/3530/2969 2646/3529/2968
f 2583/3462/2905 2584/3463/2906 2648/3531/2970 2647/3530/2969
f 2584/3463/2906 2585/3464/2907 2649/3532/2971 2648/3531/2970
f 2585/3464/2907 2586/3465/2908 2650/3533/2972 2649/3532/2971
f 2586/3467/2908 2587/3466/2909 2651/3534/2973 2650/3535/2972
f 2587/3466/2909 2588/3468/2910 2652/3536/2974 2651/3534/2973
f 2588/3468/2910 2589/3469/2911 2653/3537/2975 2652/3536/2974
f 2589/3469/2911 2590/3470/2912 2654/3538/2976 2653/3537/2975
f 2590/3470/2912 2591/3471/2913 2655/3539/2977 2654/3538/2976
f 2591/3471/2913 2592/3472/2914 2656/3540/2978 2655/3539/2977
f 2592/3472/2914 2529/3406/2852 2593/3474/2916 2656/3540/2978
f 2593/3474/2916 2594/3473/2915 2658/3541/2979 2657/3542/2980
f 2594/3473/2915 2595/3475/2917 2659/3543/2981 2658/3541/2979
f 2595/3475/2917 2596/3476/2918 2660/3544/2982 2659/3543/2981
f 2596/3476/2918 2597/3477/2919 2661/3545/2983 2660/3544/2982
f 2597/3477/2919 2598/3478/2920 2662/3546/2984 2661/3545/2983
f 2598/3478/2920 2599/3479/2921 2663/3547/2985 2662/3546/2984
f 2599/3479/2921 2600/3480/2922 2664/3548/2986 2663/3547/2985
f 2600/3480/2922 2601/3481/2923 2665/3549/2987 2664/3548/2986
f 2601/3481/2923 2602/3482/2924 2666/3550/2988 2665/3549/2987
f 2602/3484/2924 2603/3483/2925 2667/3551/2989 2666/3552/2988
f 2603/3483/2925 2604/3485/2926 2668/3553/2990 2667/3551/2989
f 2604/3485/2926 2605/3486/2927 2669/3554/2991 2668/3553/2990
f 2605/3486/2927 2606/3487/2928 2670/3555/2992 2669/3554/2991
f 2606/3487/2928 2607/3488/2929 2671/3556/2993 2670/3555/2992
f 2607/3488/2929 2608/3489/2930 2672/3557/2994 2671/3556/2993
f 2608/3489/2930 2609/3490/2931 2673/3558/2995 2672/3557/2994
f 2609/3490/2931 2610/3491/2932 2674/3559/2996 2673/3558/2995
f 2610/3491/2932 2611/3492/2933 2675/3560/2997 2674/3559/2996
f 2611/3492/2933 2612/3493/2934 2676/3561/2998 2675/3560/2997
f 2612/3493/2934 2613/3494/2935 2677/3562/2999 2676/3561/2998
f 2613/3494/2935 2614/3495/2936 2678/3563/3000 2677/3562/2999
f 2614/3495/2936 2615/3496/2937 2679/3564/3001 2678/3563/3000
f 2615/3496/2937 2616/3497/2938 2680/3565/3002 2679/3564/3001
f 2616/3497/2938 2617/3498/2939 2681/3566/3003 2680/3565/3002
f 2617/3500/2939 2618/3499/2940 2682/3567/3004 2681/3568/3003
f 2618/3499/2940 2619/3501/2941 2683/3569/3005 2682/3567/3004
f 2619/3501/2941 2620/3502/2942 2684/3570/3006 2683/3569/3005
f 2620/3502/2942 2621/3503/2943 2685/3571/3007 2684/3570/3006
f 2621/3503/2943 2622/3504/2944 2686/3572/3008 2685/3571/3007
f 2622/3504/2944 2623/3505/2945 2687/3573/3009 2686/3572/3008
f 2623/3505/2945 2624/3506/2946 2688/3574/3010 2687/3573/3009
f 2624/3506/2946 2625/3507/2947 2689/3575/3011 2688/3574/3010
f 2625/3507/2947 2626/3508/2948 2690/3576/3012 2689/3575/3011
f 2626/3508/2948 2627/3509/2949 2691/3577/3013 2690/3576/3012
f 2627/3509/2949 2628/3510/2950 2692/3578/3014 2691/3577/3013
f 2628/3510/2950 2629/3511/2951 2693/3579/3015 2692/3578/3014
f 2629/3511/2951 2630/3512/2952 2694/3580/3016 2693/3579/3015
f 2630/3512/2952 2631/3513/2953 2695/3581/3017 2694/3580/3016
f 2631/3513/2953 2632/3514/2954 2696/3582/3018 2695/3581/3017
f 2632/3514/2954 2633/3515/2955 2697/3583/3019 2696/3582/3018
f 2633/3517/2955 2634/3516/2956 2698/3584/3020 2697/3585/3019
f 2634/3516/2956 2635/3518/2957 2699/3586/3021 2698/3584/3020
f 2635/3518/2957 2636/3519/2958 2700/3587/3022 2699/3586/3021
f 2636/3519/2958 2637/3520/2959 2701/3588/3023 2700/3587/3022
f 2637/3520/2959 2638/3521/2960 2702/3589/3024 2701/3588/3023
f 2638/3521/2960 2639/3522/2961 2703/3590/3025 2702/3589/3024
f 2639/3522/2961 2640/3523/2962 2704/3591/3026 2703/3590/3025
f 2640/3523/2962 2641/3524/2963 2705/3592/3027 2704/3591/3026
f 2641/3524/2963 2642/3525/2964 2706/3593/3028 2705/3592/3027
f 2642/3525/2964 2643/3526/2965 2707/3594/3029 2706/3593/3028
f 2643/3526/2965 2644/3527/2966 2708/3595/3030 2707/3594/3029
f 2644/3527/2966 2645/3528/2967 2709/3596/3031 2708/3595/3030
f 2645/3528/2967 2646/3529/2968 2710/3597/3032 2709/3596/3031
f 2646/3529/2968 2647/3530/2969 2711/3598/3033 2710/3597/3032
f 2647/3530/2969 2648/3531/2970 2712/3599/3034 2711/3598/3033
f 2648/3531/2970 2649/3532/2971 2713/3600/3035 2712/3599/3034
f 2649/3532/2971 2650/3533/2972 2714/3601/3036 2713/3600/3035
f 2650/3535/2972 2651/3534/2973 2715/3602/3037 2714/3603/3036
f 2651/3534/2973 2652/3536/2974 2716/3604/3038 2715/3602/3037
f 2652/3536/2974 2653/3537/2975 2717/3605/3039 2716/3604/3038
f 2653/3537/2975 2654/3538/2976 2718/3606/3040 2717/3605/3039
f 2654/3538/2976 2655/3539/2977 2719/3607/3041 2718/3606/3040
f 2655/3539/2977 2656/3540/2978 2720/3608/3042 2719/3607/3041
f 2656/3540/2978 2593/3474/2916 2657/3542/2980 2720/3608/3042
f 2657/3542/2980 2658/3541/2979 2722/3609/3043 2721/3610/3044
f 2658/3541/2979 2659/3543/2981 2723/3611/3045 2722/3609/3043
f 2659/3543/2981 2660/3544/2982 2724/3612/3046 2723/3611/3045
f 2660/3544/2982 2661/3545/2983 2725/3613/3047 2724/3612/3046
f 2661/3545/2983 2662/3546/2984 2726/3614/3048 2725/3613/3047
f 2662/3546/2984 2663/3547/2985 2727/3615/3049 2726/3614/3048
f 2663/3547/2985 2664/3548/2986 2728/3616/3050 2727/3615/3049
f 2664/3548/2986 2665/3549/2987 2729/3617/3051 2728/3616/3050
f 2665/3549/2987 2666/3550/2988 2730/3618/3052 2729/3617/3051
f 2666/3552/2988 2667/3551/2989 2731/3619/3053 2730/3620/3052
f 2667/3551/2989 2668/3553/2990 2732/3621/3054 2731/3619/3053
f 2668/3553/2990 2669/3554/2991 2733/3622/3055 2732/3621/3054
f 2669/3554/2991 2670/3555/2992 2734/3623/3056 2733/3622/3055
f 2670/3555/2992 2671/3556/2993 2735/3624/3057 2734/3623/3056
f 2671/3556/2993 2672/3557/2994 2736/3625/3058 2735/3624/3057
f 2672/3557/2994 2673/3558/2995 2737/3626/3059 2736/3625/3058
f 2673/3558/2995 2674/3559/2996 2738/3627/3060 2737/3626/3059
f 2674/3559/2996 2675/3560/2997 2739/3628/3061 2738/3627/3060
f 2675/3560/2997 2676/3561/2998 2740/3629/3062 2739/3628/3061
f 2676/3561/2998 2677/3562/2999 2741/3630/3063 2740/3629/3062
f 2677/3562/2999 2678/3563/3000 2742/3631/3064 2741/3630/3063
f 2678/3563/3000 2679/3564/3001 2743/3632/3065 2742/3631/3064
f 2679/3564/3001 2680/3565/3002 2744/3633/3066 2743/3632/3065
f 2680/3565/3002 2681/3566/3003 2745/3634/3067 2744/3633/3066
f 2681/3568/3003 2682/3567/3004 2746/3635/3068 2745/3636/3067
f 2682/3567/3004 2683/3569/3005 2747/3637/3069 2746/3635/3068
f 2683/3569/3005 2684/3570/3006 2748/3638/3070 2747/3637/3069
f 2684/3570/3006 2685/3571/3007 2749/3639/3071 2748/3638/3070
f 2685/3571/3007 2686/3572/3008 2750/3640/3072 2749/3639/3071
f 2686/3572/3008 2687/3573/3009 2751/3641/3073 2750/3640/3072
f 2687/3573/3009 2688/3574/3010 2752/3642/3074 2751/3641/3073
f 2688/3574/3010 2689/3575/3011 2753/3643/3075 2752/3642/3074
f 2689/3575/3011 2690/3576/3012 2754/3644/3076 2753/3643/3075
f 2690/3576/3012 2691/3577/3013 2755/3645/3077 2754/3644/3076
f 2691/3577/3013 2692/3578/3014 2756/3646/3078 2755/3645/3077
f 2692/3578/3014 2693/3579/3015 2757/3647/3079 2756/3646/3078
f 2693/3579/3015 2694/3580/3016 2758/3648/3080 2757/3647/3079
f 2694/3580/3016 2695/3581/3017 2759/3649/3081 2758/3648/3080
f 2695/3581/3017 2696/3582/3018 2760/3650/3082 2759/3649/3081
f 2696/3582/3018 2697/3583/3019 2761/3651/3083 2760/3650/3082
f 2697/3585/3019 2698/3584/3020 2762/3652/3084 2761/3653/3083
f 2698/3584/3020 2699/3586/3021 2763/3654/3085 2762/3652/3084
f 2699/3586/3021 2700/3587/3022 2764/3655/3086 2763/3654/3085
f 2700/3587/3022 2701/3588/3023 2765/3656/3087 2764/3655/3086
f 2701/3588/3023 2702/3589/3024 2766/3657/3088 2765/3656/3087
f 2702/3589/3024 2703/3590/3025 2767/3658/3089 2766/3657/3088
f 2703/3590/3025 2704/3591/3026 2768/3659/3090 2767/3658/3089
f 2704/3591/3026 2705/3592/3027 2769/3660/3091 2768/3659/3090
f 2705/3592/3027 2706/3593/3028 2770/3661/3092 2769/3660/3091
f 2706/3593/3028 2707/3594/3029 2771/3662/3093 2770/3661/3092
f 2707/3594/3029 2708/3595/3030 2772/3663/3094 2771/3662/3093
f 2708/3595/3030 2709/3596/3031 2773/3664/3095 2772/3663/3094
f 2709/3596/3031 2710/3597/3032 2774/3665/3096 2773/3664/3095
f 2710/3597/3032 2711/3598/3033 2775/3666/3097 2774/3665/3096
f 2711/3598/3033 2712/3599/3034 2776/3667/3098 2775/3666/3097
f 2712/3599/3034 2713/3600/3035 2777/3668/3099 2776/3667/3098
f 2713/3600/3035 2714/3601/3036 2778/3669/3100 2777/3668/3099
f 2714/3603/3036 2715/3602/3037 2779/3670/3101 2778/3671/3100
f 2715/3602/3037 2716/3604/3038 2780/3672/3102 2779/3670/3101
f 2716/3604/3038 2717/3605/3039 2781/3673/3103 2780/3672/3102
f 2717/3605/3039 2718/3606/3040 2782/3674/3104 2781/3673/3103
f 2718/3606/3040 2719/3607/3041 2783/3675/3105 2782/3674/3104
f 2719/3607/3041 2720/3608/3042 2784/3676/3106 2783/3675/3105
f 2720/3608/3042 2657/3542/2980 2721/3610/3044 2784/3676/3106
f 2721/3610/3044 2722/3609/3043 2786/3677/3107 2785/3678/3108
f 2722/3609/3043 2723/3611/3045 2787/3679/3109 2786/3677/3107
f 2723/3611/3045 2724/3612/3046 2788/3680/3110 2787/3679/3109
f 2724/3612/3046 2725/3613/3047 2789/3681/3111 2788/3680/3110
f 2725/3613/3047 2726/3614/3048 2790/3682/3112 2789/3681/3111
f 2726/3614/3048 2727/3615/3049 2791/3683/3113 2790/3682/3112
f 2727/3615/3049 2728/3616/3050 2792/3684/3114 2791/3683/3113
f 2728/3616/3050 2729/3617/3051 2793/3685/3115 2792/3684/3114
f 2729/3617/3051 2730/3618/3052 2794/3686/3116 2793/3685/3115
f 2730/3620/3052 2731/3619/3053 2795/3687/3117 2794/3688/3116
f 2731/3619/3053 2732/3621/3054 2796/3689/3118 2795/3687/3117
f 2732/3621/3054 2733/3622/3055 2797/3690/3119 2796/3689/3118
f 2733/3622/3055 2734/3623/3056 2798/3691/3120 2797/3690/3119
f 2734/3623/3056 2735/3624/3057 2799/3692/3121 2798/3691/3120
f 2735/3624/3057 2736/3625/3058 2800/3693/3122 2799/3692/3121
f 2736/3625/3058 2737/3626/3059 2801/3694/3123 2800/3693/3122
f 2737/3626/3059 2738/3627/3060 2802/3695/3124 2801/3694/3123
f 2738/3627/3060 2739/3628/3061 2803/3696/3125 2802/3695/3124
f 2739/3628/3061 2740/3629/3062 2804/3697/3126 2803/3696/3125
f 2740/3629/3062 2741/3630/3063 2805/3698/3127 2804/3697/3126
f 2741/3630/3063 2742/3631/3064 2806/3699/3128 2805/3698/3127
f 2742/3631/3064 2743/3632/3065 2807/3700/3129 2806/3699/3128
f 2743/3632/3065 2744/3633/3066 2808/3701/3130 2807/3700/3129
f 2744/3633/3066 2745/3634/3067 2809/3702/3131 2808/3701/3130
f 2745/3636/3067 2746/3635/3068 2810/3703/3132 2809/3704/3131
f 2746/3635/3068 2747/3637/3069 2811/3705/3133 2810/3703/3132
f 2747/3637/3069 2748/3638/3070 2812/3706/3134 2811/3705/3133
f 2748/3638/3070 2749/3639/3071 2813/3707/3135 2812/3706/3134
f 2749/3639/3071 2750/3640/3072 2814/3708/3136 2813/3707/3135
f 2750/3640/3072 2751/3641/3073 2815/3709/3137 2814/3708/3136
f 2751/3641/3073 2752/3642/3074 2816/3710/3138 2815/3709/3137
f 2752/3642/3074 2753/3643/3075 2817/3711/3139 2816/3710/3138
f 2753/3643/3075 2754/3644/3076 2818/3712/3140 2817/3711/3139
f 2754/3644/3076 2755/3645/3077 2819/3713/3141 2818/3712/3140
f 2755/3645/3077 2756/3646/3078 2820/3714/3142 2819/3713/3141
f 2756/3646/3078 2757/3647/3079 2821/3715/3143 2820/3714/3142
f 2757/3647/3079 2758/3648/3080 2822/3716/3144 2821/3715/3143
f 2758/3648/3080 2759/3649/3081 2823/3717/3145 2822/3716/3144
f 2759/3649/3081 2760/3650/3082 2824/3718/3146 2823/3717/3145
f 2760/3650/3082 2761/3651/3083 2825/3719/3147 2824/3718/3146
f 2761/3653/3083 2762/3652/3084 2826/3720/3148 2825/3721/3147
f 2762/3652/3084 2763/3654/3085 2827/3722/3149 2826/3720/3148
f 2763/3654/3085 2764/3655/3086 2828/3723/3150 2827/3722/3149
f 2764/3655/3086 2765/3656/3087 2829/3724/3151 2828/3723/3150
f 2765/3656/3087 2766/3657/3088 2830/3725/3152 2829/3724/3151
f 2766/3657/3088 2767/3658/3089 2831/3726/3153 2830/3725/3152
f 2767/3658/3089 2768/3659/3090 2832/3727/3154 2831/3726/3153
f 2768/3659/3090 2769/3660/3091 2833/3728/3155 2832/3727/3154
f 2769/3660/3091 2770/3661/3092 2834/3729/3156 2833/3728/3155
f 2770/3661/3092 2771/3662/3093 2835/3730/3157 2834/3729/3156
f 2771/3662/3093 2772/3663/3094 2836/3731/3158 2835/3730/3157
f 2772/3663/3094 2773/3664/3095 2837/3732/3159 2836/3731/3158
f 2773/3664/3095 2774/3665/3096 2838/3733/3160 2837/3732/3159
f 2774/3665/3096 2775/3666/3097 2839/3734/3161 2838/3733/3160
f 2775/3666/3097 2776/3667/3098 2840/3735/3162 2839/3734/3161
f 2776/3667/3098 2777/3668/3099 2841/3736/3163 2840/3735/3162
f 2777/3668/3099 2778/3669/3100 2842/3737/3164 2841/3736/3163
f 2778/3671/3100 2779/3670/3101 2843/3738/3165 2842/3739/3164
f 2779/3670/3101 2780/3672/3102 2844/3740/3166 2843/3738/3165
f 2780/3672/3102 2781/3673/3103 2845/3741/3167 2844/3740/3166
f 2781/3673/3103 2782/3674/3104 2846/3742/3168 2845/3741/3167
f 2782/3674/3104 2783/3675/3105 2847/3743/3169 2846/3742/3168
f 2783/3675/3105 2784/3676/3106 2848/3744/3170 2847/3743/3169
f 2784/3676/3106 2721/3610/3044 2785/3678/3108 2848/3744/3170
f 2785/3678/3108 2786/3677/3107 2850/3745/3171 2849/3746/3172
f 2786/3677/3107 2787/3679/3109 2851/3747/3173 2850/3745/3171
f 2787/3679/3109 2788/3680/3110 2852/3748/3174 2851/3747/3173
f 2788/3680/3110 2789/3681/3111 2853/3749/3175 2852/3748/3174
f 2789/3681/3111 2790/3682/3112 2854/3750/3176 2853/3749/3175
f 2790/3682/3112 2791/3683/3113 2855/3751/3177 2854/3750/3176
f 2791/3683/3113 2792/3684/3114 2856/3752/3178 2855/3751/3177
f 2792/3684/3114 2793/3685/3115 2857/3753/3179 2856/3752/3178
f 2793/3685/3115 2794/3686/3116 2858/3754/3180 2857/3753/3179
f 2794/3688/3116 2795/3687/3117 2859/3755/3181 2858/3756/3180
f 2795/3687/3117 2796/3689/3118 2860/3757/3182 2859/3755/3181
f 2796/3689/3118 2797/3690/3119 2861/3758/3183 2860/3757/3182
f 2797/3690/3119 2798/3691/3120 2862/3759/3184 2861/3758/3183
f 2798/3691/3120 2799/3692/3121 2863/3760/3185 2862/3759/3184
f 2799/3692/3121 2800/3693/3122 2864/3761/3186 2863/3760/3185
f 2800/3693/3122 2801/3694/3123 2865/3762/3187 2864/3761/3186
f 2801/3694/3123 2802/3695/3124 2866/3763/3188 2865/3762/3187
f 2802/3695/3124 2803/3696/3125 2867/3764/3189 2866/3763/3188
f 2803/3696/3125 2804/3697/3126 2868/3765/3190 2867/3764/3189
f 2804/3697/3126 2805/3698/3127 2869/3766/3191 2868/3765/3190
f 2805/3698/3127 2806/3699/3128 2870/3767/3192 2869/3766/3191
f 2806/3699/3128 2807/3700/3129 2871/3768/3193 2870/3767/3192
f 2807/3700/3129 2808/3701/3130 2872/3769/3194 2871/3768/3193
f 2808/3701/3130 2809/3702/3131 2873/3770/3195 2872/3769/3194
f 2809/3704/3131 2810/3703/3132 2874/3771/3196 2873/3772/3195
f 2810/3703/3132 2811/3705/3133 2875/3773/3197 2874/3771/3196
f 2811/3705/3133 2812/3706/3134 2876/3774/3198 2875/3773/3197
f 2812/3706/3134 2813/3707/3135 2877/3775/3199 2876/3774/3198
f 2813/3707/3135 2814/3708/3136 2878/3776/3200 2877/3775/3199
f 2814/3708/3136 2815/3709/3137 2879/3777/3201 2878/3776/3200
f 2815/3709/3137 2816/3710/3138 2880/3778/3202 2879/3777/3201
f 2816/3710/3138 2817/3711/3139 2881/3779/3203 2880/3778/3202
f 2817/3711/3139 2818/3712/3140 2882/3780/3204 2881/3779/3203
f 2818/3712/3140 2819/3713/3141 2883/3781/3205 2882/3780/3204
f 2819/3713/3141 2820/3714/3142 2884/3782/3206 2883/3781/3205
f 2820/3714/3142 2821/3715/3143 2885/3783/3207 2884/3782/3206
f 2821/3715/3143 2822/3716/3144 2886/3784/3208 2885/3783/3207
f 2822/3716/3144 2823/3717/3145 2887/3785/3209 2886/3784/3208
f 2823/3717/3145 2824/3718/3146 2888/3786/3210 2887/3785/3209
f 2824/3718/3146 2825/3719/3147 2889/3787/3211 2888/3786/3210
f 2825/3721/3147 2826/3720/3148 2890/3788/3212 2889/3789/3211
f 2826/3720/3148 2827/3722/3149 2891/3790/3213 2890/3788/3212
f 2827/3722/3149 2828/3723/3150 2892/3791/3214 2891/3790/3213
f 2828/3723/3150 2829/3724/3151 2893/3792/3215 2892/3791/3214
f 2829/3724/3151 2830/3725/3152 2894/3793/3216 2893/3792/3215
f 2830/3725/3152 2831/3726/3153 2895/3794/3217 2894/3793/3216
f 2831/3726/3153 2832/3727/3154 2896/3795/3218 2895/3794/3217
f 2832/3727/3154 2833/3728/3155 2897/3796/3219 2896/3795/3218
f 2833/3728/3155 2834/3729/3156 2898/3797/3220 2897/3796/3219
f 2834/3729/3156 2835/3730/3157 2899/3798/3221 2898/3797/3220
f 2835/3730/3157 2836/3731/3158 2900/3799/3222 2899/3798/3221
f 2836/3731/3158 2837/3732/3159 2901/3800/3223 2900/3799/3222
f 2837/3732/3159 2838/3733/3160 2902/3801/3224 2901/3800/3223
f 2838/3733/3160 2839/3734/3161 2903/3802/3225 2902/3801/3224
f 2839/3734/3161 2840/3735/3162 2904/3803/3226 2903/3802/3225
f 2840/3735/3162 2841/3736/3163 2905/3804/3227 2904/3803/3226
f 2841/3736/3163 2842/3737/3164 2906/3805/3228 2905/3804/3227
f 2842/3739/3164 2843/3738/3165 2907/3806/3229 2906/3807/3228
f 2843/3738/3165 2844/3740/3166 2908/3808/3230 2907/3806/3229
f 2844/3740/3166 2845/3741/3167 2909/3809/3231 2908/3808/3230
f 2845/3741/3167 2846/3742/3168 2910/3810/3232 2909/3809/3231
f 2846/3742/3168 2847/3743/3169 2911/3811/3233 2910/3810/3232
f 2847/3743/3169 2848/3744/3170 2912/3812/3234 2911/3811/3233
f 2848/3744/3170 2785/3678/3108 2849/3746/3172 2912/3812/3234
f 2849/3746/3172 2850/3745/3171 2914/3813/3235 2913/3814/3236
f 2850/3745/3171 2851/3747/3173 2915/3815/3237 2914/3813/3235
f 2851/3747/3173 2852/3748/3174 2916/3816/3238 2915/3815/3237
f 2852/3748/3174 2853/3749/3175 2917/3817/3239 2916/3816/3238
f 2853/3749/3175 2854/3750/3176 2918/3818/3240 2917/3817/3239
f 2854/3750/3176 2855/3751/3177 2919/3819/3241 2918/3818/3240
f 2855/3751/3177 2856/3752/3178 2920/3820/3242 2919/3819/3241
f 2856/3752/3178 2857/3753/3179 2921/3821/3243 2920/3820/3242
f 2857/3753/3179 2858/3754/3180 2922/3822/3244 2921/3821/3243
f 2858/3756/3180 2859/3755/3181 2923/3823/3245 2922/3824/3244
f 2859/3755/3181 2860/3757/3182 2924/3825/3246 2923/3823/3245
f 2860/3757/3182 2861/3758/3183 2925/3826/3247 2924/3825/3246
f 2861/3758/3183 2862/3759/3184 2926/3827/3248 2925/3826/3247
f 2862/3759/3184 2863/3760/3185 2927/3828/3249 2926/3827/3248
f 2863/3760/3185 2864/3761/3186 2928/3829/3250 2927/3828/3249
f 2864/3761/3186 2865/3762/3187 2929/3830/3251 2928/3829/3250
f 2865/3762/3187 2866/3763/3188 2930/3831/3252 2929/3830/3251
f 2866/3763/3188 2867/3764/3189 2931/3832/3253 2930/3831/3252
f 2867/3764/3189 2868/3765/3190 2932/3833/3254 2931/3832/3253
f 2868/3765/3190 2869/3766/3191 2933/3834/3255 2932/3833/3254
f 2869/3766/3191 2870/3767/3192 2934/3835/3256 2933/3834/3255
f 2870/3767/3192 2871/3768/3193 2935/3836/3257 2934/3835/3256
f 2871/3768/3193 2872/3769/3194 2936/3837/3258 2935/3836/3257
f 2872/3769/3194 2873/3770/3195 2937/3838/3259 2936/3837/3258
f 2873/3772/3195 2874/3771/3196 2938/3839/3260 2937/3840/3259
f 2874/3771/3196 2875/3773/3197 2939/3841/3261 2938/3839/3260
f 2875/3773/3197 2876/3774/3198 2940/3842/3262 2939/3841/3261
f 2876/3774/3198 2877/3775/3199 2941/3843/3263 2940/3842/3262
f 2877/3775/3199 2878/3776/3200 2942/3844/3264 2941/3843/3263
f 2878/3776/3200 2879/3777/3201 2943/3845/3265 2942/3844/3264
f 2879/3777/3201 2880/3778/3202 2944/3846/3266 2943/3845/3265
f 2880/3778/3202 2881/3779/3203 2945/3847/3267 2944/3846/3266
f 2881/3779/3203 2882/3780/3204 2946/3848/3268 2945/3847/3267
f 2882/3780/3204 2883/3781/3205 2947/3849/3269 2946/3848/3268
f 2883/3781/3205 2884/3782/3206 2948/3850/3270 2947/3849/3269
f 2884/3782/3206 2885/3783/3207 2949/3851/3271 2948/3850/3270
f 2885/3783/3207 2886/3784/3208 2950/3852/3272 2949/3851/3271
f 2886/3784/3208 2887/3785/3209 2951/3853/3273 2950/3852/3272
f 2887/3785/3209 2888/3786/3210 2952/3854/3274 2951/3853/3273
f 2888/3786/3210 2889/3787/3211 2953/3855/3275 2952/3854/3274
f 2889/3856/3211 2890/3857/3212 2954/3858/3276 2953/3859/3275
f 2890/3788/3212 2891/3790/3213 2955/3860/3277 2954/3861/3276
f 2891/3790/3213 2892/3791/3214 2956/3862/3278 2955/3860/3277
f 2892/3791/3214 2893/3792/3215 2957/3863/3279 2956/3862/3278
f 2893/3792/3215 2894/3793/3216 2958/3864/3280 2957/3863/3279
f 2894/3793/3216 2895/3794/3217 2959/3865/3281 2958/3864/3280
f 2895/3794/3217 2896/3795/3218 2960/3866/3282 2959/3865/3281
f 2896/3795/3218 2897/3796/3219 2961/3867/3283 2960/3866/3282
f 2897/3796/3219 2898/3797/3220 2962/3868/3284 2961/3867/3283
f 2898/3797/3220 2899/3798/3221 2963/3869/3285 2962/3868/3284
f 2899/3798/3221 2900/3799/3222 2964/3870/3286 2963/3869/3285
f 2900/3799/3222 2901/3800/3223 2965/3871/3287 2964/3870/3286
f 2901/3800/3223 2902/3801/3224 2966/3872/3288 2965/3871/3287
f 2902/3801/3224 2903/3802/3225 2967/3873/3289 2966/3872/3288
f 2903/3802/3225 2904/3803/3226 2968/3874/3290 2967/3873/3289
f 2904/3803/3226 2905/3804/3227 2969/3875/3291 2968/3874/3290
f 2905/3804/3227 2906/3805/3228 2970/3876/3292 2969/3875/3291
f 2906/3877/3228 2907/3878/3229 2971/3879/3293 2970/3880/3292
f 2907/3806/3229 2908/3808/3230 2972/3881/3294 2971/3882/3293
f 2908/3808/3230 2909/3809/3231 2973/3883/3295 2972/3881/3294
f 2909/3809/3231 2910/3810/3232 2974/3884/3296 2973/3883/3295
f 2910/3810/3232 2911/3811/3233 2975/3885/3297 2974/3884/3296
f 2911/3811/3233 2912/3812/3234 2976/3886/3298 2975/3885/3297
f 2912/3812/3234 2849/3746/3172 2913/3814/3236 2976/3886/3298
f 2913/3814/3236 2914/3813/3235 2978/3887/3299 2977/3888/3300
f 2914/3813/3235 2915/3815/3237 2979/3889/3301 2978/3887/3299
f 2915/3815/3237 2916/3816/3238 2980/3890/3302 2979/3889/3301
f 2916/3816/3238 2917/3817/3239 2981/3891/3303 2980/3890/3302
f 2917/3817/3239 2918/3818/3240 2982/3892/3304 2981/3891/3303
f 2918/3818/3240 2919/3819/3241 2983/3893/3305 2982/3892/3304
f 2919/3819/3241 2920/3820/3242 2984/3894/3306 2983/3893/3305
f 2920/3895/3242 2921/3896/3243 2985/3897/3307 2984/3898/3306
f 2921/3896/3243 2922/3899/3244 2986/3900/3308 2985/3897/3307
f 2922/3899/3244 2923/3901/3245 2987/3902/3309 2986/3900/3308
f 2923/3901/3245 2924/3903/3246 2988/3904/3310 2987/3902/3309
f 2924/3903/3246 2925/3905/3247 2989/3906/3311 2988/3904/3310
f 2925/3826/3247 2926/3827/3248 2990/3907/3312 2989/3908/3311
f 2926/3827/3248 2927/3828/3249 2991/3909/3313 2990/3907/3312
f 2927/3828/3249 2928/3829/3250 2992/3910/3314 2991/3909/3313
f 2928/3829/3250 2929/3830/3251 2993/3911/3315 2992/3910/3314
f 2929/3830/3251 2930/3831/3252 2994/3912/3316 2993/3911/3315
f 2930/3831/3252 2931/3832/3253 2995/3913/3317 2994/3912/3316
f 2931/3832/3253 2932/3833/3254 2996/3914/3318 2995/3913/3317
f 2932/3833/3254 2933/3834/3255 2997/3915/3319 2996/3914/3318
f 2933/3834/3255 2934/3835/3256 2998/3916/3320 2997/3915/3319
f 2934/3835/3256 2935/3836/3257 2999/3917/3321 2998/3916/3320
f 2935/3918/3257 2936/3919/3258 3000/3920/3322 2999/3921/3321
f 2936/3919/3258 2937/3922/3259 3001/3923/3323 3000/3920/3322
f 2937/3922/3259 2938/3924/3260 3002/3925/3324 3001/3923/3323
f 2938/3924/3260 2939/3926/3261 3003/3927/3325 3002/3925/3324
f 2939/3926/3261 2940/3928/3262 3004/3929/3326 3003/3927/3325
f 2940/3842/3262 2941/3843/3263 3005/3930/3327 3004/3931/3326
f 2941/3843/3263 2942/3844/3264 3006/3932/3328 3005/3930/3327
f 2942/3844/3264 2943/3845/3265 3007/3933/3329 3006/3932/3328
f 2943/3845/3265 2944/3846/3266 3008/3934/3330 3007/3933/3329
f 2944/3846/3266 2945/3847/3267 3009/3935/3331 3008/3934/3330
f 2945/3847/3267 2946/3848/3268 3010/3936/3332 3009/3935/3331
f 2946/3848/3268 2947/3849/3269 3011/3937/3333 3010/3936/3332
f 2947/3849/3269 2948/3850/3270 3012/3938/3334 3011/3937/3333
f 2948/3850/3270 2949/3851/3271 3013/3939/3335 3012/3938/3334
f 2949/3851/3271 2950/3852/3272 3014/3940/3336 3013/3939/3335
f 2950/3941/3272 2951/3942/3273 3015/3943/3337 3014/3944/3336
f 2951/3942/3273 2952/3945/3274 3016/3946/3338 3015/3943/3337
f 2952/3945/3274 2953/3859/3275 3017/3947/3339 3016/3946/3338
f 2953/3859/3275 2954/3858/3276 3018/3948/3340 3017/3947/3339
f 2954/3858/3276 2955/3949/3277 3019/3950/3341 3018/3948/3340
f 2955/3949/3277 2956/3951/3278 3020/3952/3342 3019/3950/3341
f 2956/3862/3278 2957/3863/3279 3021/3953/3343 3020/3954/3342
f 2957/3863/3279 2958/3864/3280 3022/3955/3344 3021/3953/3343
f 2958/3864/3280 2959/3865/3281 3023/3956/3345 3022/3955/3344
f 2959/3865/3281 2960/3866/3282 3024/3957/3346 3023/3956/3345
f 2960/3866/3282 2961/3867/3283 3025/3958/3347 3024/3957/3346
f 2961/3867/3283 2962/3868/3284 3026/3959/3348 3025/3958/3347
f 2962/3868/3284 2963/3869/3285 3027/3960/3349 3026/3959/3348
f 2963/3869/3285 2964/3870/3286 3028/3961/3350 3027/3960/3349
f 2964/3870/3286 2965/3871/3287 3029/3962/3351 3028/3961/3350
f 2965/3871/3287 2966/3872/3288 3030/3963/3352 3029/3962/3351
f 2966/3872/3288 2967/3873/3289 3031/3964/3353 3030/3963/3352
f 2967/3965/3289 2968/3966/3290 3032/3967/3354 3031/3968/3353
f 2968/3966/3290 2969/3969/3291 3033/3970/3355 3032/3967/3354
f 2969/3969/3291 2970/3880/3292 3034/3971/3356 3033/3970/3355
f 2970/3880/3292 2971/3879/3293 3035/3972/3357 3034/3971/3356
f 2971/3879/3293 2972/3973/3294 3036/3974/3358 3035/3972/3357
f 2972/3973/3294 2973/3975/3295 3037/3976/3359 3036/3974/3358
f 2973/3975/3295 2974/3977/3296 3038/3978/3360 3037/3976/3359
f 2974/3884/3296 2975/3885/3297 3039/3979/3361 3038/3980/3360
f 2975/3885/3297 2976/3886/3298 3040/3981/3362 3039/3979/3361
f 2976/3886/3298 2913/3814/3236 2977/3888/3300 3040/3981/3362
f 2977/3982/3300 2978/3983/3299 3042/3984/3363 3041/3985/3364
f 2978/3983/3299 2979/3986/3301 3043/3987/3365 3042/3984/3363
f 2979/3986/3301 2980/3988/3302 3044/3989/3366 3043/3987/3365
f 2980/3988/3302 2981/3990/3303 3045/3991/3367 3044/3989/3366
f 2981/3990/3303 2982/3992/3304 3046/3993/3368 3045/3991/3367
f 2982/3992/3304 2983/3994/3305 3047/3995/3369 3046/3993/3368
f 2983/3994/3305 2984/3898/3306 3048/3996/3370 3047/3995/3369
f 2984/3898/3306 2985/3897/3307 3049/3997/3371 3048/3996/3370
f 2985/3897/3307 2986/3900/3308 3050/3998/3372 3049/3997/3371
f 2986/3900/3308 2987/3902/3309 3051/3999/3373 3050/3998/3372
f 2987/3902/3309 2988/3904/3310 3052/4000/3374 3051/3999/3373
f 2988/3904/3310 2989/3906/3311 3053/4001/3375 3052/4000/3374
f 2989/3906/3311 2990/4002/3312 3054/4003/3376 3053/4001/3375
f 2990/4002/3312 2991/4004/3313 3055/4005/3377 3054/4003/3376
f 2991/4004/3313 2992/4006/3314 3056/4007/3378 3055/4005/3377
f 2992/4006/3314 2993/4008/3315 3057/4009/3379 3056/4007/3378
f 2993/4008/3315 2994/4010/3316 3058/4011/3380 3057/4009/3379
f 2994/4010/3316 2995/4012/3317 3059/4013/3381 3058/4011/3380
f 2995/4012/3317 2996/4014/3318 3060/4015/3382 3059/4013/3381
f 2996/4014/3318 2997/4016/3319 3061/4017/3383 3060/4015/3382
f 2997/4016/3319 2998/4018/3320 3062/4019/3384 3061/4017/3383
f 2998/4018/3320 2999/3921/3321 3063/4020/3385 3062/4019/3384
f 2999/3921/3321 3000/3920/3322 3064/4021/3386 3063/4020/3385
f 3000/3920/3322 3001/3923/3323 3065/4022/3387 3064/4021/3386
f 3001/3923/3323 3002/3925/3324 3066/4023/3388 3065/4022/3387
f 3002/3925/3324 3003/3927/3325 3067/4024/3389 3066/4023/3388
f 3003/3927/3325 3004/3929/3326 3068/4025/3390 3067/4024/3389
f 3004/3929/3326 3005/4026/3327 3069/4027/3391 3068/4025/3390
f 3005/4026/3327 3006/4028/3328 3070/4029/3392 3069/4027/3391
f 3006/4028/3328 3007/4030/3329 3071/4031/3393 3070/4029/3392
f 3007/4030/3329 3008/4032/3330 3072/4033/3394 3071/4031/3393
f 3008/4032/3330 3009/4034/3331 3073/4035/3395 3072/4033/3394
f 3009/4034/3331 3010/4036/3332 3074/4037/3396 3073/4035/3395
f 3010/4036/3332 3011/4038/3333 3075/4039/3397 3074/4037/3396
f 3011/4038/3333 3012/4040/3334 3076/4041/3398 3075/4039/3397
f 3012/4040/3334 3013/4042/3335 3077/4043/3399 3076/4041/3398
f 3013/4042/3335 3014/3944/3336 3078/4044/3400 3077/4043/3399
f 3014/3944/3336 3015/3943/3337 3079/4045/3401 3078/4044/3400
f 3015/3943/3337 3016/3946/3338 3080/4046/3402 3079/4045/3401
f 3016/3946/3338 3017/3947/3339 3081/4047/3403 3080/4046/3402
f 3017/3947/3339 3018/3948/3340 3082/4048/3404 3081/4047/3403
f 3018/3948/3340 3019/3950/3341 3083/4049/3405 3082/4048/3404
f 3019/3950/3341 3020/3952/3342 3084/4050/3406 3083/4049/3405
f 3020/3952/3342 3021/4051/3343 3085/4052/3407 3084/4050/3406
f 3021/4051/3343 3022/4053/3344 3086/4054/3408 3085/4052/3407
f 3022/4053/3344 3023/4055/3345 3087/4056/3409 3086/4054/3408
f 3023/4055/3345 3024/4057/3346 3088/4058/3410 3087/4056/3409
f 3024/4057/3346 3025/4059/3347 3089/4060/3411 3088/4058/3410
f 3025/4059/3347 3026/4061/3348 3090/4062/3412 3089/4060/3411
f 3026/4061/3348 3027/4063/3349 3091/4064/3413 3090/4062/3412
f 3027/4063/3349 3028/4065/3350 3092/4066/3414 3091/4064/3413
f 3028/4065/3350 3029/4067/3351 3093/4068/3415 3092/4066/3414
f 3029/4067/3351 3030/4069/3352 3094/4070/3416 3093/4068/3415
f 3030/4069/3352 3031/3968/3353 3095/4071/3417 3094/4070/3416
f 3031/3968/3353 3032/3967/3354 3096/4072/3418 3095/4071/3417
f 3032/3967/3354 3033/3970/3355 3097/4073/3419 3096/4072/3418
f 3033/3970/3355 3034/3971/3356 3098/4074/3420 3097/4073/3419
f 3034/3971/3356 3035/3972/3357 3099/4075/3421 3098/4074/3420
f 3035/3972/3357 3036/3974/3358 3100/4076/3422 3099/4075/3421
f 3036/3974/3358 3037/3976/3359 3101/4077/3423 3100/4076/3422
f 3037/3976/3359 3038/3978/3360 3102/4078/3424 3101/4077/3423
f 3038/3978/3360 3039/4079/3361 3103/4080/3425 3102/4078/3424
f 3039/4079/3361 3040/4081/3362 3104/4082/3426 3103/4080/3425
f 3040/4081/3362 2977/3982/3300 3041/3985/3364 3104/4082/3426
f 3041/3985/3364 3042/3984/3363 3106/4083/3427 3105/4084/3428
f 3042/3984/3363 3043/3987/3365 3107/4085/3429 3106/4083/3427
f 3043/3987/3365 3044/3989/3366 3108/4086/3430 3107/4085/3429
f 3044/3989/3366 3045/3991/3367 3109/4087/3431 3108/4086/3430
f 3045/3991/3367 3046/3993/3368 3110/4088/3432 3109/4087/3431
f 3046/3993/3368 3047/3995/3369 3111/4089/3433 3110/4088/3432
f 3047/3995/3369 3048/3996/3370 3112/4090/3434 3111/4089/3433
f 3048/3996/3370 3049/3997/3371 3113/4091/3435 3112/4090/3434
f 3049/3997/3371 3050/3998/3372 3114/4092/3436 3113/4091/3435
f 3050/3998/3372 3051/3999/3373 3115/4093/3437 3114/4092/3436
f 3051/3999/3373 3052/4000/3374 3116/4094/3438 3115/4093/3437
f 3052/4000/3374 3053/4001/3375 3117/4095/3439 3116/4094/3438
f 3053/4001/3375 3054/4003/3376 3118/4096/3440 3117/4095/3439
f 3054/4003/3376 3055/4005/3377 3119/4097/3441 3118/4096/3440
f 3055/4005/3377 3056/4007/3378 3120/4098/3442 3119/4097/3441
f 3056/4007/3378 3057/4009/3379 3121/4099/3443 3120/4098/3442
f 3057/4009/3379 3058/4011/3380 3122/4100/3444 3121/4099/3443
f 3058/4011/3380 3059/4013/3381 3123/4101/3445 3122/4100/3444
f 3059/4013/3381 3060/4015/3382 3124/4102/3446 3123/4101/3445
f 3060/4015/3382 3061/4017/3383 3125/4103/3447 3124/4102/3446
f 3061/4017/3383 3062/4019/3384 3126/4104/3448 3125/4103/3447
f 3062/4019/3384 3063/4020/3385 3127/4105/3449 3126/4104/3448
f 3063/4020/3385 3064/4021/3386 3128/4106/3450 3127/4105/3449
f 3064/4021/3386 3065/4022/3387 3129/4107/3451 3128/4106/3450
f 3065/4022/3387 3066/4023/3388 3130/4108/3452 3129/4107/3451
f 3066/4023/3388 3067/4024/3389 3131/4109/3453 3130/4108/3452
f 3067/4024/3389 3068/4025/3390 3132/4110/3454 3131/4109/3453
f 3068/4025/3390 3069/4027/3391 3133/4111/3455 3132/4110/3454
f 3069/4027/3391 3070/4029/3392 3134/4112/3456 3133/4111/3455
f 3070/4029/3392 3071/4031/3393 3135/4113/3457 3134/4112/3456
f 3071/4031/3393 3072/4033/3394 3136/4114/3458 3135/4113/3457
f 3072/4033/3394 3073/4035/3395 3137/4115/3459 3136/4114/3458
f 3073/4035/3395 3074/4037/3396 3138/4116/3460 3137/4115/3459
f 3074/4037/3396 3075/4039/3397 3139/4117/3461 3138/4116/3460
f 3075/4039/3397 3076/4041/3398 3140/4118/3462 3139/4117/3461
f 3076/4041/3398 3077/4043/3399 3141/4119/3463 3140/4118/3462
f 3077/4043/3399 3078/4044/3400 3142/4120/3464 3141/4119/3463
f 3078/4044/3400 3079/4045/3401 3143/4121/3465 3142/4120/3464
f 3079/4045/3401 3080/4046/3402 3144/4122/3466 3143/4121/3465
f 3080/4046/3402 3081/4047/3403 3145/4123/3467 3144/4122/3466
f 3081/4047/3403 3082/4048/3404 3146/4124/3468 3145/4123/3467
f 3082/4048/3404 3083/4049/3405 3147/4125/3469 3146/4124/3468
f 3083/4049/3405 3084/4050/3406 3148/4126/3470 3147/4125/3469
f 3084/4050/3406 3085/4052/3407 3149/4127/3471 3148/4126/3470
f 3085/4052/3407 3086/4054/3408 3150/4128/3472 3149/4127/3471
f 3086/4054/3408 3087/4056/3409 3151/4129/3473 3150/4128/3472
f 3087/4056/3409 3088/4058/3410 3152/4130/3474 3151/4129/3473
f 3088/4058/3410 3089/4060/3411 3153/4131/3475 3152/4130/3474
f 3089/4060/3411 3090/4062/3412 3154/4132/3476 3153/4131/3475
f 3090/4062/3412 3091/4064/3413 3155/4133/3477 3154/4132/3476
f 3091/4064/3413 3092/4066/3414 3156/4134/3478 3155/4133/3477
f 3092/4066/3414 3093/4068/3415 3157/4135/3479 3156/4134/3478
f 3093/4068/3415 3094/4070/3416 3158/4136/3480 3157/4135/3479
f 3094/4070/3416 3095/4071/3417 3159/4137/3481 3158/4136/3480
f 3095/4071/3417 3096/4072/3418 3160/4138/3482 3159/4137/3481
f 3096/4072/3418 3097/4073/3419 3161/4139/3483 3160/4138/3482
f 3097/4073/3419 3098/4074/3420 3162/4140/3484 3161/4139/3483
f 3098/4074/3420 3099/4075/3421 3163/4141/3485 3162/4140/3484
f 3099/4075/3421 3100/4076/3422 3164/4142/3486 3163/4141/3485
f 3100/4076/3422 3101/4077/3423 3165/4143/3487 3164/4142/3486
f 3101/4077/3423 3102/4078/3424 3166/4144/3488 3165/4143/3487
f 3102/4078/3424 3103/4080/3425 3167/4145/3489 3166/4144/3488
f 3103/4080/3425 3104/4082/3426 3168/4146/3490 3167/4145/3489
f 3104/4082/3426 3041/3985/3364 3105/4084/3428 3168/4146/3490
f 3105/4084/3428 3106/4083/3427 3170/4147/3491 3169/4148/3492
f 3106/4083/3427 3107/4085/3429 3171/4149/3493 3170/4147/3491
f 3107/4085/3429 3108/4086/3430 3172/4150/3494 3171/4149/3493
f 3108/4086/3430 3109/4087/3431 3173/4151/3495 3172/4150/3494
f 3109/4087/3431 3110/4088/3432 3174/4152/3496 3173/4151/3495
f 3110/4088/3432 3111/4089/3433 3175/4153/3497 3174/4152/3496
f 3111/4089/3433 3112/4090/3434 3176/4154/3498 3175/4153/3497
f 3112/4090/3434 3113/4091/3435 3177/4155/3499 3176/4154/3498
f 3113/4091/3435 3114/4092/3436 3178/4156/3500 3177/4155/3499
f 3114/4092/3436 3115/4093/3437 3179/4157/3501 3178/4156/3500
f 3115/4093/3437 3116/4094/3438 3180/4158/3502 3179/4157/3501
f 3116/4094/3438 3117/4095/3439 3181/4159/3503 3180/4158/3502
f 3117/4095/3439 3118/4096/3440 3182/4160/3504 3181/4159/3503
f 3118/4096/3440 3119/4097/3441 3183/4161/3505 3182/4160/3504
f 3119/4097/3441 3120/4098/3442 3184/4162/3506 3183/4161/3505
f 3120/4098/3442 3121/4099/3443 3185/4163/3507 3184/4162/3506
f 3121/4099/3443 3122/4100/3444 3186/4164/3508 3185/4163/3507
f 3122/4100/3444 3123/4101/3445 3187/4165/3509 3186/4164/3508
f 3123/4101/3445 3124/4102/3446 3188/4166/3510 3187/4165/3509
f 3124/4102/3446 3125/4103/3447 3189/4167/3511 3188/4166/3510
f 3125/4103/3447 3126/4104/3448 3190/4168/3512 3189/4167/3511
f 3126/4104/3448 3127/4105/3449 3191/4169/3513 3190/4168/3512
f 3127/4105/3449 3128/4106/3450 3192/4170/3514 3191/4169/3513
f 3128/4106/3450 3129/4107/3451 3193/4171/3515 3192/4170/3514
f 3129/4107/3451 3130/4108/3452 3194/4172/3516 3193/4171/3515
f 3130/4108/3452 3131/4109/3453 3195/4173/3517 3194/4172/3516
f 3131/4109/3453 3132/4110/3454 3196/4174/3518 3195/4173/3517
f 3132/4110/3454 3133/4111/3455 3197/4175/3519 3196/4174/3518
f 3133/4111/3455 3134/4112/3456 3198/4176/3520 3197/4175/3519
f 3134/4112/3456 3135/4113/3457 3199/4177/3521 3198/4176/3520
f 3135/4113/3457 3136/4114/3458 3200/4178/3522 3199/4177/3521
f 3136/4114/3458 3137/4115/3459 3201/4179/3523 3200/4178/3522
f 3137/4115/3459 3138/4116/3460 3202/4180/3524 3201/4179/3523
f 3138/4116/3460 3139/4117/3461 3203/4181/3525 3202/4180/3524
f 3139/4117/3461 3140/4118/3462 3204/4182/3526 3203/4181/3525
f 3140/4118/3462 3141/4119/3463 3205/4183/3527 3204/4182/3526
f 3141/4119/3463 3142/4120/3464 3206/4184/3528 3205/4183/3527
f 3142/4120/3464 3143/4121/3465 3207/4185/3529 3206/4184/3528
f 3143/4121/3465 3144/4122/3466 3208/4186/3530 3207/4185/3529
f 3144/4122/3466 3145/4123/3467 3209/4187/3531 3208/4186/3530
f 3145/4123/3467 3146/4124/3468 3210/4188/3532 3209/4187/3531
f 3146/4124/3468 3147/4125/3469 3211/4189/3533 3210/4188/3532
f 3147/4125/3469 3148/4126/3470 3212/4190/3534 3211/4189/3533
f 3148/4126/3470 3149/4127/3471 3213/4191/3535 3212/4190/3534
f 3149/4127/3471 3150/4128/3472 3214/4192/3536 3213/4191/3535
f 3150/4128/3472 3151/4129/3473 3215/4193/3537 3214/4192/3536
f 3151/4129/3473 3152/4130/3474 3216/4194/3538 3215/4193/3537
f 3152/4130/3474 3153/4131/3475 3217/4195/3539 3216/4194/3538
f 3153/4131/3475 3154/4132/3476 3218/4196/3540 3217/4195/3539
f 3154/4132/3476 3155/4133/3477 3219/4197/3541 3218/4196/3540
f 3155/4133/3477 3156/4134/3478 3220/4198/3542 3219/4197/3541
f 3156/4134/3478 3157/4135/3479 3221/4199/3543 3220/4198/3542
f 3157/4135/3479 3158/4136/3480 3222/4200/3544 3221/4199/3543
f 3158/4136/3480 3159/4137/3481 3223/4201/3545 3222/4200/3544
f 3159/4137/3481 3160/4138/3482 3224/4202/3546 3223/4201/3545
f 3160/4138/3482 3161/4139/3483 3225/4203/3547 3224/4202/3546
f 3161/4139/3483 3162/4140/3484 3226/4204/3548 3225/4203/3547
f 3162/4140/3484 3163/4141/3485 3227/4205/3549 3226/4204/3548
f 3163/4141/3485 3164/4142/3486 3228/4206/3550 3227/4205/3549
f 3164/4142/3486 3165/4143/3487 3229/4207/3551 3228/4206/3550
f 3165/4143/3487 3166/4144/3488 3230/4208/3552 3229/4207/3551
f 3166/4144/3488 3167/4145/3489 3231/4209/3553 3230/4208/3552
f 3167/4145/3489 3168/4146/3490 3232/4210/3554 3231/4209/3553
f 3168/4146/3490 3105/4084/3428 3169/4148/3492 3232/4210/3554
f 3169/4148/3492 3170/4147/3491 3234/4211/3555 3233/4212/3556
f 3170/4147/3491 3171/4149/3493 3235/4213/3557 3234/4211/3555
f 3171/4149/3493 3172/4150/3494 3236/4214/3558 3235/4213/3557
f 3172/4150/3494 3173/4151/3495 3237/4215/3559 3236/4214/3558
f 3173/4151/3495 3174/4152/3496 3238/4216/3560 3237/4215/3559
f 3174/4152/3496 3175/4153/3497 3239/4217/3561 3238/4216/3560
f 3175/4153/3497 3176/4154/3498 3240/4218/3562 3239/4217/3561
f 3176/4154/3498 3177/4155/3499 3241/4219/3563 3240/4218/3562
f 3177/4155/3499 3178/4156/3500 3242/4220/3564 3241/4219/3563
f 3178/4156/3500 3179/4157/3501 3243/4221/3565 3242/4220/3564
f 3179/4157/3501 3180/4158/3502 3244/4222/3566 3243/4221/3565
f 3180/4158/3502 3181/4159/3503 3245/4223/3567 3244/4222/3566
f 3181/4159/3503 3182/4160/3504 3246/4224/3568 3245/4223/3567
f 3182/4160/3504 3183/4161/3505 3247/4225/3569 3246/4224/3568
f 3183/4161/3505 3184/4162/3506 3248/4226/3570 3247/4225/3569
f 3184/4162/3506 3185/4163/3507 3249/4227/3571 3248/4226/3570
f 3185/4163/3507 3186/4164/3508 3250/4228/3572 3249/4227/3571
f 3186/4164/3508 3187/4165/3509 3251/4229/3573 3250/4228/3572
f 3187/4165/3509 3188/4166/3510 3252/4230/3574 3251/4229/3573
f 3188/4166/3510 3189/4167/3511 3253/4231/3575 3252/4230/3574
f 3189/4167/3511 3190/4168/3512 3254/4232/3576 3253/4231/3575
f 3190/4168/3512 3191/4169/3513 3255/4233/3577 3254/4232/3576
f 3191/4169/3513 3192/4170/3514 3256/4234/3578 3255/4233/3577
f 3192/4170/3514 3193/4171/3515 3257/4235/3579 3256/4234/3578
f 3193/4171/3515 3194/4172/3516 3258/4236/3580 3257/4235/3579
f 3194/4172/3516 3195/4173/3517 3259/4237/3581 3258/4236/3580
f 3195/4173/3517 3196/4174/3518 3260/4238/3582 3259/4237/3581
f 3196/4174/3518 3197/4175/3519 3261/4239/3583 3260/4238/3582
f 3197/4175/3519 3198/4176/3520 3262/4240/3584 3261/4239/3583
f 3198/4176/3520 3199/4177/3521 3263/4241/3585 3262/4240/3584
f 3199/4177/3521 3200/4178/3522 3264/4242/3586 3263/4241/3585
f 3200/4178/3522 3201/4179/3523 3265/4243/3587 3264/4242/3586
f 3201/4179/3523 3202/4180/3524 3266/4244/3588 3265/4243/3587
f 3202/4180/3524 3203/4181/3525 3267/4245/3589 3266/4244/3588
f 3203/4181/3525 3204/4182/3526 3268/4246/3590 3267/4245/3589
f 3204/4182/3526 3205/4183/3527 3269/4247/3591 3268/4246/3590
f 3205/4183/3527 3206/4184/3528 3270/4248/3592 3269/4247/3591
f 3206/4184/3528 3207/4185/3529 3271/4249/3593 3270/4248/3592
f 3207/4185/3529 3208/4186/3530 3272/4250/3594 3271/4249/3593
f 3208/4186/3530 3209/4187/3531 3273/4251/3595 3272/4250/3594
f 3209/4187/3531 3210/4188/3532 3274/4252/3596 3273/4251/3595
f 3210/4188/3532 3211/4189/3533 3275/4253/3597 3274/4252/3596
f 3211/4189/3533 3212/4190/3534 3276/4254/3598 3275/4253/3597
f 3212/4190/3534 3213/4191/3535 3277/4255/3599 3276/4254/3598
f 3213/4191/3535 3214/4192/3536 3278/4256/3600 3277/4255/3599
f 3214/4192/3536 3215/4193/3537 3279/4257/3601 3278/4256/3600
f 3215/4193/3537 3216/4194/3538 3280/4258/3602 3279/4257/3601
f 3216/4194/3538 3217/4195/3539 3281/4259/3603 3280/4258/3602
f 3217/4195/3539 3218/4196/3540 3282/4260/3604 3281/4259/3603
f 3218/4196/3540 3219/4197/3541 3283/4261/3605 3282/4260/3604
f 3219/4197/3541 3220/4198/3542 3284/4262/3606 3283/4261/3605
f 3220/4198/3542 3221/4199/3543 3285/4263/3607 3284/4262/3606
f 3221/4199/3543 3222/4200/3544 3286/4264/3608 3285/4263/3607
f 3222/4200/3544 3223/4201/3545 3287/4265/3609 3286/4264/3608
f 3223/4201/3545 3224/4202/3546 3288/4266/3610 3287/4265/3609
f 3224/4202/3546 3225/4203/3547 3289/4267/3611 3288/4266/3610
f 3225/4203/3547 3226/4204/3548 3290/4268/3612 3289/4267/3611
f 3226/4204/3548 3227/4205/3549 3291/4269/3613 3290/4268/3612
f 3227/4205/3549 3228/4206/3550 3292/4270/3614 3291/4269/3613
f 3228/4206/3550 3229/4207/3551 3293/4271/3615 3292/4270/3614
f 3229/4207/3551 3230/4208/3552 3294/4272/3616 3293/4271/3615
f 3230/4208/3552 3231/4209/3553 3295/4273/3617 3294/4272/3616
f 3231/4209/3553 3232/4210/3554 3296/4274/3618 3295/4273/3617
f 3232/4210/3554 3169/4148/3492 3233/4212/3556 3296/4274/3618
f 3233/4212/3556 3234/4211/3555 3298/4275/3619 3297/4276/3620
f 3234/4211/3555 3235/4213/3557 3299/4277/3621 3298/4275/3619
f 3235/4213/3557 3236/4214/3558 3300/4278/3622 3299/4277/3621
f 3236/4214/3558 3237/4215/3559 3301/4279/3623 3300/4278/3622
f 3237/4215/3559 3238/4216/3560 3302/4280/3624 3301/4279/3623
f 3238/4216/3560 3239/4217/3561 3303/4281/3625 3302/4280/3624
f 3239/4217/3561 3240/4218/3562 3304/4282/3626 3303/4281/3625
f 3240/4218/3562 3241/4219/3563 3305/4283/3627 3304/4282/3626
f 3241/4219/3563 3242/4220/3564 3306/4284/3628 3305/4283/3627
f 3242/4220/3564 3243/4221/3565 3307/4285/3629 3306/4284/3628
f 3243/4221/3565 3244/4222/3566 3308/4286/3630 3307/4285/3629
f 3244/4222/3566 3245/4223/3567 3309/4287/3631 3308/4286/3630
f 3245/4223/3567 3246/4224/3568 3310/4288/3632 3309/4287/3631
f 3246/4224/3568 3247/4225/3569 3311/4289/3633 3310/4288/3632
f 3247/4225/3569 3248/4226/3570 3312/4290/3634 3311/4289/3633
f 3248/4226/3570 3249/4227/3571 3313/4291/3635 3312/4290/3634
f 3249/4227/3571 3250/4228/3572 3314/4292/3636 3313/4291/3635
f 3250/4228/3572 3251/4229/3573 3315/4293/3637 3314/4292/3636
f 3251/4229/3573 3252/4230/3574 3316/4294/3638 3315/4293/3637
f 3252/4230/3574 3253/4231/3575 3317/4295/3639 3316/4294/3638
f 3253/4231/3575 3254/4232/3576 3318/4296/3640 3317/4295/3639
f 3254/4232/3576 3255/4233/3577 3319/4297/3641 3318/4296/3640
f 3255/4233/3577 3256/4234/3578 3320/4298/3642 3319/4297/3641
f 3256/4234/3578 3257/4235/3579 3321/4299/3643 3320/4298/3642
f 3257/4235/3579 3258/4236/3580 3322/4300/3644 3321/4299/3643
f 3258/4236/3580 3259/4237/3581 3323/4301/3645 3322/4300/3644
f 3259/4237/3581 3260/4238/3582 3324/4302/3646 3323/4301/3645
f 3260/4238/3582 3261/4239/3583 3325/4303/3647 3324/4302/3646
f 3261/4239/3583 3262/4240/3584 3326/4304/3648 3325/4303/3647
f 3262/4240/3584 3263/4241/3585 3327/4305/3649 3326/4304/3648
f 3263/4241/3585 3264/4242/3586 3328/4306/3650 3327/4305/3649
f 3264/4242/3586 3265/4243/3587 3329/4307/3651 3328/4306/3650
f 3265/4243/3587 3266/4244/3588 3330/4308/3652 3329/4307/3651
f 3266/4244/3588 3267/4245/3589 3331/4309/3653 3330/4308/3652
f 3267/4245/3589 3268/4246/3590 3332/4310/3654 3331/4309/3653
f 3268/4246/3590 3269/4247/3591 3333/4311/3655 3332/4310/3654
f 3269/4247/3591 3270/4248/3592 3334/4312/3656 3333/4311/3655
f 3270/4248/3592 3271/4249/3593 3335/4313/3657 3334/4312/3656
f 3271/4249/3593 3272/4250/3594 3336/4314/3658 3335/4313/3657
f 3272/4250/3594 3273/4251/3595 3337/4315/3659 3336/4314/3658
f 3273/4251/3595 3274/4252/3596 3338/4316/3660 3337/4315/3659
f 3274/4252/3596 3275/4253/3597 3339/4317/3661 3338/4316/3660
f 3275/4253/3597 3276/4254/3598 3340/4318/3662 3339/4317/3661
f 3276/4254/3598 3277/4255/3599 3341/4319/3663 3340/4318/3662
f 3277/4255/3599 3278/4256/3600 3342/4320/3664 3341/4319/3663
f 3278/4256/3600 3279/4257/3601 3343/4321/3665 3342/4320/3664
f 3279/4257/3601 3280/4258/3602 3344/4322/3666 3343/4321/3665
f 3280/4258/3602 3281/4259/3603 3345/4323/3667 3344/4322/3666
f 3281/4259/3603 3282/4260/3604 3346/4324/3668 3345/4323/3667
f 3282/4260/3604 3283/4261/3605 3347/4325/3669 3346/4324/3668
f 3283/4261/3605 3284/4262/3606 3348/4326/3670 3347/4325/3669
f 3284/4262/3606 3285/4263/3607 3349/4327/3671 3348/4326/3670
f 3285/4263/3607 3286/4264/3608 3350/4328/3672 3349/4327/3671
f 3286/4264/3608 3287/4265/3609 3351/4329/3673 3350/4328/3672
f 3287/4265/3609 3288/4266/3610 3352/4330/3674 3351/4329/3673
f 3288/4266/3610 3289/4267/3611 3353/4331/3675 3352/4330/3674
f 3289/4267/3611 3290/4268/3612 3354/4332/3676 3353/4331/3675
f 3290/4268/3612 3291/4269/3613 3355/4333/3677 3354/4332/3676
f 3291/4269/3613 3292/4270/3614 3356/4334/3678 3355/4333/3677
f 3292/4270/3614 3293/4271/3615 3357/4335/3679 3356/4334/3678
f 3293/4271/3615 3294/4272/3616 3358/4336/3680 3357/4335/3679
f 3294/4272/3616 3295/4273/3617 3359/4337/3681 3358/4336/3680
f 3295/4273/3617 3296/4274/3618 3360/4338/3682 3359/4337/3681
f 3296/4274/3618 3233/4212/3556 3297/4276/3620 3360/4338/3682
f 3297/4276/3620 3298/4275/3619 3362/4339/3683 3361/4340/3684
f 3298/4275/3619 3299/4277/3621 3363/4341/3685 3362/4339/3683
f 3299/4277/3621 3300/4278/3622 3364/4342/3686 3363/4341/3685
f 3300/4278/3622 3301/4279/3623 3365/4343/3687 3364/4342/3686
f 3301/4279/3623 3302/4280/3624 3366/4344/3688 3365/4343/3687
f 3302/4280/3624 3303/4281/3625 3367/4345/3689 3366/4344/3688
f 3303/4281/3625 3304/4282/3626 3368/4346/3690 3367/4345/3689
f 3304/4282/3626 3305/4283/3627 3369/4347/3691 3368/4346/3690
f 3305/4283/3627 3306/4284/3628 3370/4348/3692 3369/4347/3691
f 3306/4284/3628 3307/4285/3629 3371/4349/3693 3370/4348/3692
f 3307/4285/3629 3308/4286/3630 3372/4350/3694 3371/4349/3693
f 3308/4286/3630 3309/4287/3631 3373/4351/3695 3372/4350/3694
f 3309/4287/3631 3310/4288/3632 3374/4352/3696 3373/4351/3695
f 3310/4288/3632 3311/4289/3633 3375/4353/3697 3374/4352/3696
f 3311/4289/3633 3312/4290/3634 3376/4354/3698 3375/4353/3697
f 3312/4290/3634 3313/4291/3635 3377/4355/3699 3376/4354/3698
f 3313/4291/3635 3314/4292/3636 3378/4356/3700 3377/4355/3699
f 3314/4292/3636 3315/4293/3637 3379/4357/3701 3378/4356/3700
f 3315/4293/3637 3316/4294/3638 3380/4358/3702 3379/4357/3701
f 3316/4294/3638 3317/4295/3639 3381/4359/3703 3380/4358/3702
f 3317/4295/3639 3318/4296/3640 3382/4360/3704 3381/4359/3703
f 3318/4296/3640 3319/4297/3641 3383/4361/3705 3382/4360/3704
f 3319/4297/3641 3320/4298/3642 3384/4362/3706 3383/4361/3705
f 3320/4298/3642 3321/4299/3643 3385/4363/3707 3384/4362/3706
f 3321/4299/3643 3322/4300/3644 3386/4364/3708 3385/4363/3707
f 3322/4300/3644 3323/4301/3645 3387/4365/3709 3386/4364/3708
f 3323/4301/3645 3324/4302/3646 3388/4366/3710 3387/4365/3709
f 3324/4302/3646 3325/4303/3647 3389/4367/3711 3388/4366/3710
f 3325/4303/3647 3326/4304/3648 3390/4368/3712 3389/4367/3711
f 3326/4304/3648 3327/4305/3649 3391/4369/3713 3390/4368/3712
f 3327/4305/3649 3328/4306/3650 3392/4370/3714 3391/4369/3713
f 3328/4306/3650 3329/4307/3651 3393/4371/3715 3392/4370/3714
f 3329/4307/3651 3330/4308/3652 3394/4372/3716 3393/4371/3715
f 3330/4308/3652 3331/4309/3653 3395/4373/3717 3394/4372/3716
f 3331/4309/3653 3332/4310/3654 3396/4374/3718 3395/4373/3717
f 3332/4310/3654 3333/4311/3655 3397/4375/3719 3396/4374/3718
f 3333/4311/3655 3334/4312/3656 3398/4376/3720 3397/4375/3719
f 3334/4312/3656 3335/4313/3657 3399/4377/3721 3398/4376/3720
f 3335/4313/3657 3336/4314/3658 3400/4378/3722 3399/4377/3721
f 3336/4314/3658 3337/4315/3659 3401/4379/3723 3400/4378/3722
f 3337/4315/3659 3338/4316/3660 3402/4380/3724 3401/4379/3723
f 3338/4316/3660 3339/4317/3661 3403/4381/3725 3402/4380/3724
f 3339/4317/3661 3340/4318/3662 3404/4382/3726 3403/4381/3725
f 3340/4318/3662 3341/4319/3663 3405/4383/3727 3404/4382/3726
f 3341/4319/3663 3342/4320/3664 3406/4384/3728 3405/4383/3727
f 3342/4320/3664 3343/4321/3665 3407/4385/3729 3406/4384/3728
f 3343/4321/3665 3344/4322/3666 3408/4386/3730 3407/4385/3729
f 3344/4322/3666 3345/4323/3667 3409/4387/3731 3408/4386/3730
f 3345/4323/3667 3346/4324/3668 3410/4388/3732 3409/4387/3731
f 3346/4324/3668 3347/4325/3669 3411/4389/3733 3410/4388/3732
f 3347/4325/3669 3348/4326/3670 3412/4390/3734 3411/4389/3733
f 3348/4326/3670 3349/4327/3671 3413/4391/3735 3412/4390/3734
f 3349/4327/3671 3350/4328/3672 3414/4392/3736 3413/4391/3735
f 3350/4328/3672 3351/4329/3673 3415/4393/3737 3414/4392/3736
f 3351/4329/3673 3352/4330/3674 3416/4394/3738 3415/4393/3737
f 3352/4330/3674 3353/4331/3675 3417/4395/3739 3416/4394/3738
f 3353/4331/3675 3354/4332/3676 3418/4396/3740 3417/4395/3739
f 3354/4332/3676 3355/4333/3677 3419/4397/3741 3418/4396/3740
f 3355/4333/3677 3356/4334/3678 3420/4398/3742 3419/4397/3741
f 3356/4334/3678 3357/4335/3679 3421/4399/3743 3420/4398/3742
f 3357/4335/3679 3358/4336/3680 3422/4400/3744 3421/4399/3743
f 3358/4336/3680 3359/4337/3681 3423/4401/3745 3422/4400/3744
f 3359/4337/3681 3360/4338/3682 3424/4402/3746 3423/4401/3745
f 3360/4338/3682 3297/4276/3620 3361/4340/3684 3424/4402/3746
f 3361/4340/3684 3362/4339/3683 3426/4403/3747 3425/4404/3748
f 3362/4339/3683 3363/4341/3685 3427/4405/3749 3426/4403/3747
f 3363/4341/3685 3364/4342/3686 3428/4406/3750 3427/4405/3749
f 3364/4342/3686 3365/4343/3687 3429/4407/3751 3428/4406/3750
f 3365/4343/3687 3366/4344/3688 3430/4408/3752 3429/4407/3751
f 3366/4344/3688 3367/4345/3689 3431/4409/3753 3430/4408/3752
f 3367/4345/3689 3368/4346/3690 3432/4410/3754 3431/4409/3753
f 3368/4346/3690 3369/4347/3691 3433/4411/3755 3432/4410/3754
f 3369/4347/3691 3370/4348/3692 3434/4412/3756 3433/4411/3755
f 3370/4348/3692 3371/4349/3693 3435/4413/3757 3434/4412/3756
f 3371/4349/3693 3372/4350/3694 3436/4414/3758 3435/4413/3757
f 3372/4350/3694 3373/4351/3695 3437/4415/3759 3436/4414/3758
f 3373/4351/3695 3374/4352/3696 3438/4416/3760 3437/4415/3759
f 3374/4352/3696 3375/4353/3697 3439/4417/3761 3438/4416/3760
f 3375/4353/3697 3376/4354/3698 3440/4418/3762 3439/4417/3761
f 3376/4354/3698 3377/4355/3699 3441/4419/3763 3440/4418/3762
f 3377/4355/3699 3378/4356/3700 3442/4420/3764 3441/4419/3763
f 3378/4356/3700 3379/4357/3701 3443/4421/3765 3442/4420/3764
f 3379/4357/3701 3380/4358/3702 3444/4422/3766 3443/4421/3765
f 3380/4358/3702 3381/4359/3703 3445/4423/3767 3444/4422/3766
f 3381/4359/3703 3382/4360/3704 3446/4424/3768 3445/4423/3767
f 3382/4360/3704 3383/4361/3705 3447/4425/3769 3446/4424/3768
f 3383/4361/3705 3384/4362/3706 3448/4426/3770 3447/4425/3769
f 3384/4362/3706 3385/4363/3707 3449/4427/3771 3448/4426/3770
f 3385/4363/3707 3386/4364/3708 3450/4428/3772 3449/4427/3771
f 3386/4364/3708 3387/4365/3709 3451/4429/3773 3450/4428/3772
f 3387/4365/3709 3388/4366/3710 3452/4430/3774 3451/4429/3773
f 3388/4366/3710 3389/4367/3711 3453/4431/3775 3452/4430/3774
f 3389/4367/3711 3390/4368/3712 3454/4432/3776 3453/4431/3775
f 3390/4368/3712 3391/4369/3713 3455/4433/3777 3454/4432/3776
f 3391/4369/3713 3392/4370/3714 3456/4434/3778 3455/4433/3777
f 3392/4370/3714 3393/4371/3715 3457/4435/3779 3456/4434/3778
f 3393/4371/3715 3394/4372/3716 3458/4436/3780 3457/4435/3779
f 3394/4372/3716 3395/4373/3717 3459/4437/3781 3458/4436/3780
f 3395/4373/3717 3396/4374/3718 3460/4438/3782 3459/4437/3781
f 3396/4374/3718 3397/4375/3719 3461/4439/3783 3460/4438/3782
f 3397/4375/3719 3398/4376/3720 3462/4440/3784 3461/4439/3783
f 3398/4376/3720 3399/4377/3721 3463/4441/3785 3462/4440/3784
f 3399/4377/3721 3400/4378/3722 3464/4442/3786 3463/4441/3785
f 3400/4378/3722 3401/4379/3723 3465/4443/3787 3464/4442/3786
f 3401/4379/3723 3402/4380/3724 3466/4444/3788 3465/4443/3787
f 3402/4380/3724 3403/4381/3725 3467/4445/3789 3466/4444/3788
f 3403/4381/3725 3404/4382/3726 3468/4446/3790 3467/4445/3789
f 3404/4382/3726 3405/4383/3727 3469/4447/3791 3468/4446/3790
f 3405/4383/3727 3406/4384/3728 3470/4448/3792 3469/4447/3791
f 3406/4384/3728 3407/4385/3729 3471/4449/3793 3470/4448/3792
f 3407/4385/3729 3408/4386/3730 3472/4450/3794 3471/4449/3793
f 3408/4386/3730 3409/4387/3731 3473/4451/3795 3472/4450/3794
f 3409/4387/3731 3410/4388/3732 3474/4452/3796 3473/4451/3795
f 3410/4388/3732 3411/4389/3733 3475/4453/3797 3474/4452/3796
f 3411/4389/3733 3412/4390/3734 3476/4454/3798 3475/4453/3797
f 3412/4390/3734 3413/4391/3735 3477/4455/3799 3476/4454/3798
f 3413/4391/3735 3414/4392/3736 3478/4456/3800 3477/4455/3799
f 3414/4392/3736 3415/4393/3737 3479/4457/3801 3478/4456/3800
f 3415/4393/3737 3416/4394/3738 3480/4458/3802 3479/4457/3801
f 3416/4394/3738 3417/4395/3739 3481/4459/3803 3480/4458/3802
f 3417/4395/3739 3418/4396/3740 3482/4460/3804 3481/4459/3803
f 3418/4396/3740 3419/4397/3741 3483/4461/3805 3482/4460/3804
f 3419/4397/3741 3420/4398/3742 3484/4462/3806 3483/4461/3805
f 3420/4398/3742 3421/4399/3743 3485/4463/3807 3484/4462/3806
f 3421/4399/3743 3422/4400/3744 3486/4464/3808 3485/4463/3807
f 3422/4400/3744 3423/4401/3745 3487/4465/3809 3486/4464/3808
f 3423/4401/3745 3424/4402/3746 3488/4466/3810 3487/4465/3809
f 3424/4402/3746 3361/4340/3684 3425/4404/3748 3488/4466/3810
f 3425/4404/3748 3426/4403/3747 3490/4467/3811 3489/4468/3812
f 3426/4403/3747 3427/4405/3749 3491/4469/3813 3490/4467/3811
f 3427/4405/3749 3428/4406/3750 3492/4470/3814 3491/4469/3813
f 3428/4406/3750 3429/4407/3751 3493/4471/3815 3492/4470/3814
f 3429/4407/3751 3430/4408/3752 3494/4472/3816 3493/4471/3815
f 3430/4408/3752 3431/4409/3753 3495/4473/3817 3494/4472/3816
f 3431/4409/3753 3432/4410/3754 3496/4474/3818 3495/4473/3817
f 3432/4410/3754 3433/4411/3755 3497/4475/3819 3496/4474/3818
f 3433/4411/3755 3434/4412/3756 3498/4476/3820 3497/4475/3819
f 3434/4412/3756 3435/4413/3757 3499/4477/3821 3498/4476/3820
f 3435/4413/3757 3436/4414/3758 3500/4478/3822 3499/4477/3821
f 3436/4414/3758 3437/4415/3759 3501/4479/3823 3500/4478/3822
f 3437/4415/3759 3438/4416/3760 3502/4480/3824 3501/4479/3823
f 3438/4416/3760 3439/4417/3761 3503/4481/3825 3502/4480/3824
f 3439/4417/3761 3440/4418/3762 3504/4482/3826 3503/4481/3825
f 3440/4418/3762 3441/4419/3763 3505/4483/3827 3504/4482/3826
f 3441/4419/3763 3442/4420/3764 3506/4484/3828 3505/4483/3827
f 3442/4420/3764 3443/4421/3765 3507/4485/3829 3506/4484/3828
f 3443/4421/3765 3444/4422/3766 3508/4486/3830 3507/4485/3829
f 3444/4422/3766 3445/4423/3767 3509/4487/3831 3508/4486/3830
f 3445/4423/3767 3446/4424/3768 3510/4488/3832 3509/4487/3831
f 3446/4424/3768 3447/4425/3769 3511/4489/3833 3510/4488/3832
f 3447/4425/3769 3448/4426/3770 3512/4490/3834 3511/4489/3833
f 3448/4426/3770 3449/4427/3771 3513/4491/3835 3512/4490/3834
f 3449/4427/3771 3450/4428/3772 3514/4492/3836 3513/4491/3835
f 3450/4428/3772 3451/4429/3773 3515/4493/3837 3514/4492/3836
f 3451/4429/3773 3452/4430/3774 3516/4494/3838 3515/4493/3837
f 3452/4430/3774 3453/4431/3775 3517/4495/3839 3516/4494/3838
f 3453/4431/3775 3454/4432/3776 3518/4496/3840 3517/4495/3839
f 3454/4432/3776 3455/4433/3777 3519/4497/3841 3518/4496/3840
f 3455/4433/3777 3456/4434/3778 3520/4498/3842 3519/4497/3841
f 3456/4434/3778 3457/4435/3779 3521/4499/3843 3520/4498/3842
f 3457/4435/3779 3458/4436/3780 3522/4500/3844 3521/4499/3843
f 3458/4436/3780 3459/4437/3781 3523/4501/3845 3522/4500/3844
f 3459/4437/3781 3460/4438/3782 3524/4502/3846 3523/4501/3845
f 3460/4438/3782 3461/4439/3783 3525/4503/3847 3524/4502/3846
f 3461/4439/3783 3462/4440/3784 3526/4504/3848 3525/4503/3847
f 3462/4440/3784 3463/4441/3785 3527/4505/3849 3526/4504/3848
f 3463/4441/3785 3464/4442/3786 3528/4506/3850 3527/4505/3849
f 3464/4442/3786 3465/4443/3787 3529/4507/3851 3528/4506/3850
f 3465/4443/3787 3466/4444/3788 3530/4508/3852 3529/4507/3851
f 3466/4444/3788 3467/4445/3789 3531/4509/3853 3530/4508/3852
f 3467/4445/3789 3468/4446/3790 3532/4510/3854 3531/4509/3853
f 3468/4446/3790 3469/4447/3791 3533/4511/3855 3532/4510/3854
f 3469/4447/3791 3470/4448/3792 3534/4512/3856 3533/4511/3855
f 3470/4448/3792 3471/4449/3793 3535/4513/3857 3534/4512/3856
f 3471/4449/3793 3472/4450/3794 3536/4514/3858 3535/4513/3857
f 3472/4450/3794 3473/4451/3795 3537/4515/3859 3536/4514/3858
f 3473/4451/3795 3474/4452/3796 3538/4516/3860 3537/4515/3859
f 3474/4452/3796 3475/4453/3797 3539/4517/3861 3538/4516/3860
f 3475/4453/3797 3476/4454/3798 3540/4518/3862 3539/4517/3861
f 3476/4454/3798 3477/4455/3799 3541/4519/3863 3540/4518/3862
f 3477/4455/3799 3478/4456/3800 3542/4520/3864 3541/4519/3863
f 3478/4456/3800 3479/4457/3801 3543/4521/3865 3542/4520/3864
f 3479/4457/3801 3480/4458/3802 3544/4522/3866 3543/4521/3865
f 3480/4458/3802 3481/4459/3803 3545/4523/3867 3544/4522/3866
f 3481/4459/3803 3482/4460/3804 3546/4524/3868 3545/4523/3867
f 3482/4460/3804 3483/4461/3805 3547/4525/3869 3546/4524/3868
f 3483/4461/3805 3484/4462/3806 3548/4526/3870 3547/4525/3869
f 3484/4462/3806 3485/4463/3807 3549/4527/3871 3548/4526/3870
f 3485/4463/3807 3486/4464/3808 3550/4528/3872 3549/4527/3871
f 3486/4464/3808 3487/4465/3809 3551/4529/3873 3550/4528/3872
f 3487/4465/3809 3488/4466/3810 3552/4530/3874 3551/4529/3873
f 3488/4466/3810 3425/4404/3748 3489/4468/3812 3552/4530/3874
s 0
f 3551/4529/3875 3552/4530/3875 3489/4468/3875 3490/4467/3875 3491/4469/3875 3492/4470/3875 3493/4471/3875 3494/4472/3875 3495/4473/3875 3496/4474/3875 3497/4475/3875 3498/4476/3875 3499/4477/3875 3500/4478/3875 3501/4479/3875 3502/4480/3875 3503/4481/3875 3504/4482/3875 3505/4483/3875 3506/4484/3875 3507/4485/3875 3508/4486/3875 3509/4487/3875 3510/4488/3875 3511/4489/3875 3512/4490/3875 3513/4491/3875 3514/4492/3875 3515/4493/3875 3516/4494/3875 3517/4495/3875 3518/4496/3875 3519/4497/3875 3520/4498/3875 3521/4499/3875 3522/4500/3875 3523/4501/3875 3524/4502/3875 3525/4503/3875 3526/4504/3875 3527/4505/3875 3528/4506/3875 3529/4507/3875 3530/4508/3875 3531/4509/3875 3532/4510/3875 3533/4511/3875 3534/4512/3875 3535/4513/3875 3536/4514/3875 3537/4515/3875 3538/4516/3875 3539/4517/3875 3540/4518/3875 3541/4519/3875 3542/4520/3875 3543/4521/3875 3544/4522/3875 3545/4523/3875 3546/4524/3875 3547/4525/3875 3548/4526/3875 3549/4527/3875 3550/4528/3875
s 1
f 3824/4531/2006 3740/4532/1908 3741/4533/1907 3834/4534/2014 3820/4534/2007
f 3731/4535/1901 3833/4536/2015 3834/4534/2014 3741/4533/1907 3727/4533/1898
f 3731/4535/1901 3730/4537/1900 3835/4538/2016 3833/4536/2015
f 3730/4537/1900 3732/4539/1899 3828/4540/2017 3835/4538/2016
f 3828/4540/2017 3732/4539/1899 3719/4541/1888 3720/4542/1891 3843/4543/2025 3829/4544/2013
f 3720/4542/1891 3723/4545/1890 3844/4546/2026 3843/4543/2025
f 3723/4545/1890 3724/4547/1889 3838/4548/2027 3844/4546/2026
f 3854/4549/2035 3839/4550/2024 3838/4551/2027 3724/4552/1889 3708/4553/1877 3710/4554/1881 3714/4555/1880
f 3854/4549/2035 3714/4555/1880 3713/4556/1879 3853/4557/2036
f 3853/4557/2036 3713/4556/1879 3715/4558/1878 3847/4559/2038 3848/4560/2037
f 3849/4561/2034 3847/4559/2038 3715/4558/1878 3697/4562/1864 3698/4563/1869 3868/4564/2046
f 3868/4564/2046 3698/4563/1869 3700/4565/1868 3704/4566/1867 3867/4567/2047
f 3867/4567/2047 3704/4566/1867 3703/4568/1866 3862/4569/2049 3863/4570/2048
f 3862/4569/2049 3703/4568/1866 3705/4571/1865 3864/4572/2050
f 3691/4573/1856 3692/4574/1862 3860/4575/2051 3864/4572/2050 3705/4571/1865
f 3861/4576/2045 3860/4575/2051 3692/4574/1862 3690/4577/1861 3870/4578/2060
f 3870/4578/2060 3690/4577/1861 3693/4579/1860 3871/4580/2061
f 3871/4580/2061 3693/4579/1860 3688/4581/1859 3869/4582/2062
f 3869/4582/2062 3688/4581/1859 3689/4583/1858 3859/4584/2053 3865/4585/2052
f 3859/4584/2053 3689/4583/1858 3687/4586/1857 3702/4587/1870 3857/4588/2054
f 3857/4588/2054 3702/4587/1870 3701/4589/1875 3858/4590/2055
f 3858/4590/2055 3701/4589/1875 3699/4591/1874 3696/4592/1873 3855/4593/2056
f 3696/4592/1873 3695/4594/1872 3866/4595/2058 3856/4596/2057 3855/4593/2056
f 3866/4595/2058 3695/4594/1872 3694/4597/1871 3712/4598/1882 3851/4599/2040 3850/4600/2039
f 3709/4601/1886 3711/4602/1885 3846/4603/2041 3851/4599/2040 3712/4598/1882
f 3711/4602/1885 3706/4604/1884 3852/4605/2043 3845/4606/2042 3846/4603/2041
f 3852/4605/2043 3706/4604/1884 3707/4607/1883 3722/4608/1896 3841/4609/2029 3840/4610/2028
f 3721/4611/1895 3718/4612/1894 3837/4613/2030 3841/4614/2029 3722/4615/1896
f 3837/4613/2030 3718/4612/1894 3717/4616/1893 3842/4617/2032 3836/4618/2031
f 3842/4617/2032 3717/4616/1893 3716/4619/1892 3729/4620/1905 3831/4621/2020 3830/4622/2019
f 3831/4621/2020 3729/4620/1905 3728/4623/1904 3826/4624/2021
f 3826/4624/2021 3728/4623/1904 3725/4625/1903 3827/4626/2022
f 3827/4626/2022 3725/4625/1903 3726/4627/1902 3739/4627/1916 3832/4628/2018
f 3832/4628/2018 3739/4627/1916 3734/4629/1915 3818/4630/2009 3819/4628/2008
f 3818/4630/2009 3734/4629/1915 3733/4631/1914 3821/4632/2010
f 3821/4632/2010 3733/4631/1914 3738/4633/1913 3822/4634/2011
f 3822/4634/2011 3738/4633/1913 3737/4635/1912 3749/4636/1926 3810/4637/1999 3808/4638/1998
f 3810/4637/1999 3749/4636/1926 3743/4639/1925 3744/4640/1924 3809/4641/2000
f 3814/4642/2001 3809/4641/2000 3744/4640/1924 3748/4643/1923 3815/4644/2002
f 3748/4645/1923 3747/4646/1922 3759/4647/1937 3800/4648/1988 3798/4649/1987 3815/4650/2002
f 3800/4648/1988 3759/4647/1937 3752/4651/1936 3753/4652/1935 3799/4653/1989
f 3799/4653/1989 3753/4652/1935 3758/4654/1934 3805/4655/1991 3804/4656/1990
f 3758/4654/1934 3757/4657/1933 3771/4658/1950 3786/4659/1975 3784/4660/1974 3805/4655/1991
f 3786/4659/1975 3771/4658/1950 3762/4661/1949 3764/4662/1948 3785/4663/1976
f 3785/4663/1976 3764/4662/1948 3763/4664/1947 3792/4665/1978 3787/4666/1977
f 3763/4664/1947 3770/4667/1946 3791/4668/1979 3792/4665/1978
f 3770/4667/1946 3769/4669/1945 3774/4670/1956 3793/4671/1980 3791/4668/1979
f 3774/4670/1956 3775/4672/1955 3780/4673/1963 3779/4674/1962 3793/4671/1980
f 3775/4672/1955 3778/4675/1954 3782/4676/1964 3780/4673/1963
f 3778/4675/1954 3776/4677/1953 3783/4678/1965 3782/4676/1964
f 3776/4677/1953 3777/4679/1952 3796/4680/1967 3781/4681/1961 3783/4678/1965
f 3767/4682/1939 3794/4683/1968 3796/4680/1967 3777/4679/1952 3768/4684/1940
f 3767/4682/1939 3765/4685/1944 3797/4686/1969 3794/4683/1968
f 3765/4685/1944 3766/4687/1943 3772/4688/1942 3795/4689/1970 3797/4686/1969
f 3772/4688/1942 3773/4690/1941 3789/4691/1972 3788/4692/1971 3795/4689/1970
f 3755/4693/1931 3806/4694/1982 3790/4695/1973 3789/4691/1972 3773/4690/1941 3756/4696/1932
f 3755/4693/1931 3754/4697/1930 3760/4698/1929 3807/4699/1983 3806/4694/1982
f 3807/4699/1983 3760/4698/1929 3761/4700/1928 3801/4701/1985 3803/4702/1984
f 3801/4701/1985 3761/4700/1928 3746/4703/1921 3745/4704/1920 3816/4705/1994 3802/4706/1986
f 3816/4707/1994 3745/4708/1920 3750/4709/1919 3817/4710/1995
f 3750/4709/1919 3751/4711/1918 3812/4712/1997 3813/4713/1996 3817/4710/1995
f 3811/4714/1993 3812/4712/1997 3751/4711/1918 3736/4715/1911 3735/4716/1910 3825/4717/2004
f 3825/4717/2004 3735/4716/1910 3742/4718/1909 3823/4719/2005
f 3742/4718/1909 3740/4532/1908 3824/4531/2006 3823/4719/2005
o Circular_striking_face
v 0.165000 0.002581 -0.272275
v 0.165320 0.001941 -0.272290
v 0.165043 0.002349 -0.272281
v 0.165160 0.002115 -0.272286
v 0.165320 0.002052 -0.273831
v 0.165000 0.002688 -0.273753
v 0.165160 0.002225 -0.273810
v 0.165043 0.002457 -0.273781
v 0.165320 0.002314 -0.275353
v 0.165000 0.002939 -0.275214
v 0.165160 0.002484 -0.275315
v 0.165043 0.002712 -0.275264
v 0.165320 0.002724 -0.276842
v 0.165000 0.003332 -0.276642
v 0.165160 0.002889 -0.276788
v 0.165043 0.003111 -0.276715
v 0.165320 0.003277 -0.278284
v 0.165000 0.003863 -0.278026
v 0.165160 0.003436 -0.278214
v 0.165043 0.003651 -0.278120
v 0.165320 0.003970 -0.279665
v 0.165000 0.004528 -0.279350
v 0.165160 0.004121 -0.279580
v 0.165043 0.004325 -0.279465
v 0.165320 0.004794 -0.280971
v 0.165000 0.005318 -0.280603
v 0.165160 0.004936 -0.280872
v 0.165043 0.005128 -0.280737
v 0.165320 0.005743 -0.282191
v 0.165000 0.006228 -0.281773
v 0.165160 0.005874 -0.282077
v 0.165043 0.006052 -0.281925
v 0.165320 0.006806 -0.283311
v 0.165000 0.007248 -0.282848
v 0.165160 0.006926 -0.283185
v 0.165043 0.007088 -0.283016
v 0.165320 0.007974 -0.284322
v 0.165000 0.008369 -0.283817
v 0.165160 0.008081 -0.284185
v 0.165043 0.008226 -0.284000
v 0.165320 0.009236 -0.285213
v 0.165000 0.009579 -0.284672
v 0.165160 0.009329 -0.285067
v 0.165043 0.009454 -0.284869
v 0.165320 0.010578 -0.285977
v 0.165000 0.010867 -0.285405
v 0.165160 0.010657 -0.285822
v 0.165043 0.010762 -0.285612
v 0.165320 0.011990 -0.286605
v 0.165000 0.012221 -0.286007
v 0.165160 0.012052 -0.286443
v 0.165043 0.012137 -0.286224
v 0.165320 0.013455 -0.287092
v 0.165000 0.013627 -0.286474
v 0.165160 0.013502 -0.286924
v 0.165043 0.013565 -0.286698
v 0.165320 0.014962 -0.287432
v 0.165000 0.015073 -0.286801
v 0.165160 0.014992 -0.287261
v 0.165043 0.015032 -0.287030
v 0.165320 0.016495 -0.287624
v 0.165000 0.016543 -0.286985
v 0.165160 0.016508 -0.287450
v 0.165043 0.016525 -0.287217
v 0.165320 0.018039 -0.287664
v 0.165000 0.018024 -0.287024
v 0.165160 0.018035 -0.287490
v 0.165043 0.018030 -0.287256
v 0.165320 0.019580 -0.287553
v 0.165000 0.019502 -0.286917
v 0.165160 0.019559 -0.287380
v 0.165043 0.019530 -0.287148
v 0.165320 0.021102 -0.287291
v 0.165000 0.020963 -0.286666
v 0.165160 0.021064 -0.287122
v 0.165043 0.021013 -0.286893
v 0.165320 0.022591 -0.286881
v 0.165000 0.022391 -0.286273
v 0.165160 0.022537 -0.286716
v 0.165043 0.022464 -0.286494
v 0.165320 0.024033 -0.286328
v 0.165000 0.023775 -0.285742
v 0.165160 0.023963 -0.286169
v 0.165043 0.023868 -0.285954
v 0.165320 0.025414 -0.285635
v 0.165000 0.025099 -0.285077
v 0.165160 0.025329 -0.285484
v 0.165043 0.025213 -0.285280
v 0.165320 0.026720 -0.284811
v 0.165000 0.026352 -0.284287
v 0.165160 0.026621 -0.284669
v 0.165043 0.026486 -0.284477
v 0.165320 0.027940 -0.283862
v 0.165000 0.027522 -0.283377
v 0.165160 0.027826 -0.283731
v 0.165043 0.027673 -0.283553
v 0.165320 0.029060 -0.282799
v 0.165000 0.028597 -0.282357
v 0.165160 0.028934 -0.282679
v 0.165043 0.028765 -0.282517
v 0.165320 0.030071 -0.281631
v 0.165000 0.029566 -0.281236
v 0.165160 0.029934 -0.281524
v 0.165043 0.029749 -0.281379
v 0.165320 0.030962 -0.280370
v 0.165000 0.030421 -0.280026
v 0.165160 0.030815 -0.280276
v 0.165043 0.030618 -0.280151
v 0.165320 0.031725 -0.279027
v 0.165000 0.031154 -0.278738
v 0.165160 0.031570 -0.278948
v 0.165043 0.031361 -0.278843
v 0.165320 0.032354 -0.277616
v 0.165000 0.031756 -0.277384
v 0.165160 0.032192 -0.277553
v 0.165043 0.031973 -0.277468
v 0.165320 0.032840 -0.276150
v 0.165000 0.032223 -0.275978
v 0.165160 0.032673 -0.276103
v 0.165043 0.032447 -0.276040
v 0.165320 0.033181 -0.274643
v 0.165000 0.032550 -0.274532
v 0.165160 0.033010 -0.274613
v 0.165043 0.032779 -0.274573
v 0.165320 0.033373 -0.273110
v 0.165000 0.032734 -0.273062
v 0.165160 0.033199 -0.273097
v 0.165043 0.032966 -0.273080
v 0.165320 0.033413 -0.271566
v 0.165000 0.032772 -0.271581
v 0.165160 0.033239 -0.271570
v 0.165043 0.033005 -0.271575
v 0.165320 0.033302 -0.270025
v 0.165000 0.032666 -0.270103
v 0.165160 0.033129 -0.270046
v 0.165043 0.032896 -0.270075
v 0.165320 0.033040 -0.268503
v 0.165000 0.032415 -0.268642
v 0.165160 0.032870 -0.268541
v 0.165043 0.032642 -0.268592
v 0.165320 0.032630 -0.267014
v 0.165000 0.032022 -0.267214
v 0.165160 0.032465 -0.267068
v 0.165043 0.032242 -0.267141
v 0.165320 0.032077 -0.265572
v 0.165000 0.031491 -0.265830
v 0.165160 0.031918 -0.265642
v 0.165043 0.031703 -0.265737
v 0.165320 0.031384 -0.264191
v 0.165000 0.030826 -0.264506
v 0.165160 0.031233 -0.264276
v 0.165043 0.031029 -0.264392
v 0.165320 0.030560 -0.262885
v 0.165000 0.030036 -0.263253
v 0.165160 0.030418 -0.262984
v 0.165043 0.030226 -0.263119
v 0.165320 0.029611 -0.261665
v 0.165000 0.029126 -0.262083
v 0.165160 0.029480 -0.261779
v 0.165043 0.029302 -0.261932
v 0.165320 0.028548 -0.260545
v 0.165000 0.028106 -0.261008
v 0.165160 0.028428 -0.260671
v 0.165043 0.028266 -0.260840
v 0.165320 0.027380 -0.259534
v 0.165000 0.026985 -0.260039
v 0.165160 0.027273 -0.259671
v 0.165043 0.027128 -0.259856
v 0.165320 0.026118 -0.258643
v 0.165000 0.025775 -0.259184
v 0.165160 0.026025 -0.258790
v 0.165043 0.025900 -0.258987
v 0.165320 0.024776 -0.257880
v 0.165000 0.024487 -0.258451
v 0.165160 0.024697 -0.258035
v 0.165043 0.024592 -0.258244
v 0.165320 0.023364 -0.257251
v 0.165000 0.023133 -0.257849
v 0.165160 0.023302 -0.257413
v 0.165043 0.023217 -0.257632
v 0.165320 0.021898 -0.256765
v 0.165000 0.021727 -0.257382
v 0.165160 0.021852 -0.256932
v 0.165043 0.021789 -0.257158
v 0.165320 0.020392 -0.256424
v 0.165000 0.020281 -0.257055
v 0.165160 0.020362 -0.256595
v 0.165043 0.020321 -0.256826
v 0.165320 0.018859 -0.256232
v 0.165000 0.018811 -0.256871
v 0.165160 0.018846 -0.256406
v 0.165043 0.018828 -0.256639
v 0.165320 0.017315 -0.256192
v 0.165000 0.017330 -0.256833
v 0.165160 0.017319 -0.256366
v 0.165043 0.017324 -0.256600
v 0.165320 0.015774 -0.256303
v 0.165000 0.015852 -0.256939
v 0.165160 0.015795 -0.256476
v 0.165043 0.015824 -0.256709
v 0.165320 0.014252 -0.256565
v 0.165000 0.014391 -0.257190
v 0.165160 0.014290 -0.256735
v 0.165043 0.014341 -0.256963
v 0.165320 0.012763 -0.256975
v 0.165000 0.012962 -0.257583
v 0.165160 0.012817 -0.257140
v 0.165043 0.012890 -0.257363
v 0.165320 0.011321 -0.257528
v 0.165000 0.011579 -0.258115
v 0.165160 0.011391 -0.257687
v 0.165043 0.011485 -0.257902
v 0.165320 0.009940 -0.258221
v 0.165000 0.010255 -0.258779
v 0.165160 0.010025 -0.258372
v 0.165043 0.010140 -0.258576
v 0.165320 0.008634 -0.259045
v 0.165000 0.009002 -0.259570
v 0.165160 0.008733 -0.259187
v 0.165043 0.008868 -0.259379
v 0.165320 0.007414 -0.259994
v 0.165000 0.007832 -0.260479
v 0.165160 0.007528 -0.260125
v 0.165043 0.007681 -0.260303
v 0.165320 0.006294 -0.261057
v 0.165000 0.006757 -0.261500
v 0.165160 0.006420 -0.261177
v 0.165043 0.006589 -0.261339
v 0.165320 0.005283 -0.262225
v 0.165000 0.005788 -0.262620
v 0.165160 0.005420 -0.262332
v 0.165043 0.005605 -0.262477
v 0.165320 0.004392 -0.263487
v 0.165000 0.004933 -0.263830
v 0.165160 0.004539 -0.263580
v 0.165043 0.004736 -0.263706
v 0.165320 0.003628 -0.264829
v 0.165000 0.004200 -0.265118
v 0.165160 0.003784 -0.264908
v 0.165043 0.003993 -0.265013
v 0.165320 0.003000 -0.266241
v 0.165000 0.003598 -0.266472
v 0.165160 0.003162 -0.266303
v 0.165043 0.003381 -0.266388
v 0.165320 0.002514 -0.267707
v 0.165000 0.003131 -0.267878
v 0.165160 0.002681 -0.267753
v 0.165043 0.002907 -0.267816
v 0.165320 0.002173 -0.269213
v 0.165000 0.002804 -0.269324
v 0.165160 0.002344 -0.269243
v 0.165043 0.002575 -0.269284
v 0.165320 0.001981 -0.270746
v 0.165000 0.002620 -0.270794
v 0.165160 0.002155 -0.270759
v 0.165043 0.002388 -0.270777
v 0.167400 0.000681 -0.272319
v 0.166680 0.000922 -0.272314
v 0.167157 0.000714 -0.272318
v 0.166894 0.000801 -0.272316
v 0.166680 0.001040 -0.273954
v 0.167400 0.000802 -0.273983
v 0.166894 0.000921 -0.273968
v 0.167157 0.000834 -0.273979
v 0.166680 0.001319 -0.275575
v 0.167400 0.001084 -0.275627
v 0.166894 0.001201 -0.275601
v 0.167157 0.001116 -0.275620
v 0.166680 0.001755 -0.277161
v 0.167400 0.001527 -0.277236
v 0.166894 0.001641 -0.277198
v 0.167157 0.001557 -0.277226
v 0.166680 0.002344 -0.278696
v 0.167400 0.002125 -0.278793
v 0.166894 0.002235 -0.278745
v 0.167157 0.002154 -0.278780
v 0.166680 0.003082 -0.280166
v 0.167400 0.002873 -0.280284
v 0.166894 0.002977 -0.280225
v 0.167157 0.002901 -0.280269
v 0.166680 0.003959 -0.281557
v 0.167400 0.003763 -0.281695
v 0.166894 0.003861 -0.281626
v 0.167157 0.003789 -0.281677
v 0.166680 0.004969 -0.282856
v 0.167400 0.004787 -0.283012
v 0.166894 0.004878 -0.282934
v 0.167157 0.004812 -0.282991
v 0.166680 0.006102 -0.284048
v 0.167400 0.005936 -0.284222
v 0.166894 0.006019 -0.284135
v 0.167157 0.005958 -0.284199
v 0.166680 0.007345 -0.285125
v 0.167400 0.007197 -0.285314
v 0.166894 0.007271 -0.285219
v 0.167157 0.007217 -0.285288
v 0.166680 0.008689 -0.286074
v 0.167400 0.008560 -0.286277
v 0.166894 0.008624 -0.286175
v 0.167157 0.008577 -0.286249
v 0.166680 0.010118 -0.286887
v 0.167400 0.010010 -0.287101
v 0.166894 0.010064 -0.286994
v 0.167157 0.010025 -0.287072
v 0.166680 0.011621 -0.287556
v 0.167400 0.011534 -0.287779
v 0.166894 0.011578 -0.287668
v 0.167157 0.011546 -0.287749
v 0.166680 0.013182 -0.288074
v 0.167400 0.013118 -0.288305
v 0.166894 0.013150 -0.288190
v 0.167157 0.013126 -0.288274
v 0.166680 0.014786 -0.288437
v 0.167400 0.014745 -0.288673
v 0.166894 0.014765 -0.288555
v 0.167157 0.014750 -0.288642
v 0.166680 0.016418 -0.288641
v 0.167400 0.016400 -0.288880
v 0.166894 0.016409 -0.288760
v 0.167157 0.016403 -0.288848
v 0.166680 0.018062 -0.288684
v 0.167400 0.018068 -0.288924
v 0.166894 0.018065 -0.288804
v 0.167157 0.018067 -0.288891
v 0.166680 0.019703 -0.288565
v 0.167400 0.019732 -0.288803
v 0.166894 0.019717 -0.288684
v 0.167157 0.019728 -0.288771
v 0.166680 0.021324 -0.288286
v 0.167400 0.021376 -0.288521
v 0.166894 0.021350 -0.288404
v 0.167157 0.021369 -0.288489
v 0.166680 0.022910 -0.287850
v 0.167400 0.022985 -0.288078
v 0.166894 0.022947 -0.287964
v 0.167157 0.022975 -0.288048
v 0.166680 0.024445 -0.287261
v 0.167400 0.024542 -0.287480
v 0.166894 0.024494 -0.287370
v 0.167157 0.024529 -0.287451
v 0.166680 0.025915 -0.286523
v 0.167400 0.026033 -0.286732
v 0.166894 0.025974 -0.286628
v 0.167157 0.026018 -0.286704
v 0.166680 0.027306 -0.285646
v 0.167400 0.027444 -0.285842
v 0.166894 0.027375 -0.285744
v 0.167157 0.027426 -0.285816
v 0.166680 0.028604 -0.284636
v 0.167400 0.028761 -0.284818
v 0.166894 0.028683 -0.284727
v 0.167157 0.028740 -0.284793
v 0.166680 0.029797 -0.283503
v 0.167400 0.029971 -0.283669
v 0.166894 0.029884 -0.283586
v 0.167157 0.029948 -0.283647
v 0.166680 0.030874 -0.282260
v 0.167400 0.031063 -0.282408
v 0.166894 0.030968 -0.282334
v 0.167157 0.031037 -0.282388
v 0.166680 0.031823 -0.280916
v 0.167400 0.032025 -0.281045
v 0.166894 0.031924 -0.280981
v 0.167157 0.031998 -0.281028
v 0.166680 0.032636 -0.279487
v 0.167400 0.032850 -0.279595
v 0.166894 0.032743 -0.279541
v 0.167157 0.032821 -0.279580
v 0.166680 0.033305 -0.277984
v 0.167400 0.033528 -0.278071
v 0.166894 0.033416 -0.278027
v 0.167157 0.033498 -0.278059
v 0.166680 0.033823 -0.276423
v 0.167400 0.034054 -0.276487
v 0.166894 0.033939 -0.276455
v 0.167157 0.034023 -0.276479
v 0.166680 0.034186 -0.274819
v 0.167400 0.034422 -0.274860
v 0.166894 0.034304 -0.274840
v 0.167157 0.034391 -0.274855
v 0.166680 0.034390 -0.273187
v 0.167400 0.034629 -0.273205
v 0.166894 0.034509 -0.273196
v 0.167157 0.034597 -0.273202
v 0.166680 0.034432 -0.271543
v 0.167400 0.034672 -0.271537
v 0.166894 0.034552 -0.271540
v 0.167157 0.034640 -0.271538
v 0.166680 0.034314 -0.269902
v 0.167400 0.034552 -0.269873
v 0.166894 0.034433 -0.269888
v 0.167157 0.034520 -0.269877
v 0.166680 0.034035 -0.268281
v 0.167400 0.034270 -0.268229
v 0.166894 0.034152 -0.268255
v 0.167157 0.034238 -0.268236
v 0.166680 0.033599 -0.266695
v 0.167400 0.033827 -0.266620
v 0.166894 0.033713 -0.266658
v 0.167157 0.033797 -0.266630
v 0.166680 0.033009 -0.265160
v 0.167400 0.033229 -0.265063
v 0.166894 0.033119 -0.265111
v 0.167157 0.033200 -0.265076
v 0.166680 0.032272 -0.263690
v 0.167400 0.032481 -0.263572
v 0.166894 0.032377 -0.263631
v 0.167157 0.032453 -0.263587
v 0.166680 0.031394 -0.262299
v 0.167400 0.031591 -0.262161
v 0.166894 0.031493 -0.262230
v 0.167157 0.031565 -0.262179
v 0.166680 0.030385 -0.261001
v 0.167400 0.030567 -0.260844
v 0.166894 0.030476 -0.260922
v 0.167157 0.030542 -0.260865
v 0.166680 0.029252 -0.259808
v 0.167400 0.029418 -0.259634
v 0.166894 0.029335 -0.259721
v 0.167157 0.029396 -0.259657
v 0.166680 0.028009 -0.258731
v 0.167400 0.028157 -0.258542
v 0.166894 0.028083 -0.258637
v 0.167157 0.028137 -0.258568
v 0.166680 0.026665 -0.257782
v 0.167400 0.026794 -0.257580
v 0.166894 0.026730 -0.257681
v 0.167157 0.026777 -0.257607
v 0.166680 0.025236 -0.256969
v 0.167400 0.025344 -0.256755
v 0.166894 0.025290 -0.256862
v 0.167157 0.025329 -0.256784
v 0.166680 0.023733 -0.256301
v 0.167400 0.023820 -0.256077
v 0.166894 0.023776 -0.256189
v 0.167157 0.023808 -0.256107
v 0.166680 0.022172 -0.255782
v 0.167400 0.022236 -0.255551
v 0.166894 0.022204 -0.255667
v 0.167157 0.022228 -0.255582
v 0.166680 0.020568 -0.255419
v 0.167400 0.020609 -0.255183
v 0.166894 0.020588 -0.255301
v 0.167157 0.020604 -0.255215
v 0.166680 0.018936 -0.255215
v 0.167400 0.018954 -0.254976
v 0.166894 0.018945 -0.255096
v 0.167157 0.018951 -0.255008
v 0.166680 0.017292 -0.255173
v 0.167400 0.017286 -0.254933
v 0.166894 0.017289 -0.255053
v 0.167157 0.017287 -0.254965
v 0.166680 0.015651 -0.255291
v 0.167400 0.015622 -0.255053
v 0.166894 0.015637 -0.255172
v 0.167157 0.015626 -0.255085
v 0.166680 0.014030 -0.255570
v 0.167400 0.013978 -0.255335
v 0.166894 0.014004 -0.255453
v 0.167157 0.013985 -0.255367
v 0.166680 0.012444 -0.256006
v 0.167400 0.012369 -0.255778
v 0.166894 0.012407 -0.255892
v 0.167157 0.012379 -0.255808
v 0.166680 0.010909 -0.256596
v 0.167400 0.010812 -0.256376
v 0.166894 0.010860 -0.256486
v 0.167157 0.010825 -0.256405
v 0.166680 0.009439 -0.257333
v 0.167400 0.009321 -0.257124
v 0.166894 0.009380 -0.257228
v 0.167157 0.009336 -0.257152
v 0.166680 0.008048 -0.258211
v 0.167400 0.007910 -0.258014
v 0.166894 0.007979 -0.258112
v 0.167157 0.007928 -0.258040
v 0.166680 0.006749 -0.259220
v 0.167400 0.006593 -0.259038
v 0.166894 0.006671 -0.259129
v 0.167157 0.006614 -0.259063
v 0.166680 0.005557 -0.260353
v 0.167400 0.005383 -0.260187
v 0.166894 0.005470 -0.260270
v 0.167157 0.005406 -0.260209
v 0.166680 0.004480 -0.261596
v 0.167400 0.004291 -0.261448
v 0.166894 0.004386 -0.261522
v 0.167157 0.004317 -0.261468
v 0.166680 0.003531 -0.262940
v 0.167400 0.003329 -0.262811
v 0.166894 0.003430 -0.262875
v 0.167157 0.003356 -0.262828
v 0.166680 0.002718 -0.264370
v 0.167400 0.002504 -0.264261
v 0.166894 0.002611 -0.264315
v 0.167157 0.002533 -0.264276
v 0.166680 0.002049 -0.265872
v 0.167400 0.001826 -0.265785
v 0.166894 0.001937 -0.265829
v 0.167157 0.001856 -0.265797
v 0.166680 0.001531 -0.267433
v 0.167400 0.001300 -0.267369
v 0.166894 0.001415 -0.267401
v 0.167157 0.001331 -0.267377
v 0.166680 0.001168 -0.269037
v 0.167400 0.000932 -0.268996
v 0.166894 0.001050 -0.269017
v 0.167157 0.000963 -0.269001
v 0.166680 0.000964 -0.270669
v 0.167400 0.000725 -0.270651
v 0.166894 0.000845 -0.270660
v 0.167157 0.000757 -0.270654
v 0.173222 0.001014 -0.272311
v 0.172600 0.000681 -0.272319
v 0.173057 0.000848 -0.272315
v 0.172830 0.000726 -0.272318
v 0.172600 0.000802 -0.273983
v 0.173222 0.001132 -0.273943
v 0.172830 0.000846 -0.273978
v 0.173057 0.000967 -0.273963
v 0.172600 0.001084 -0.275627
v 0.173222 0.001409 -0.275555
v 0.172830 0.001128 -0.275617
v 0.173057 0.001247 -0.275591
v 0.172600 0.001527 -0.277236
v 0.173222 0.001843 -0.277132
v 0.172830 0.001569 -0.277222
v 0.173057 0.001685 -0.277184
v 0.172600 0.002125 -0.278793
v 0.173222 0.002430 -0.278659
v 0.172830 0.002166 -0.278775
v 0.173057 0.002277 -0.278726
v 0.172600 0.002873 -0.280284
v 0.173222 0.003163 -0.280121
v 0.172830 0.002911 -0.280263
v 0.173057 0.003018 -0.280203
v 0.172600 0.003763 -0.281695
v 0.173222 0.004036 -0.281504
v 0.172830 0.003799 -0.281670
v 0.173057 0.003899 -0.281600
v 0.172600 0.004787 -0.283012
v 0.173222 0.005040 -0.282795
v 0.172830 0.004821 -0.282983
v 0.173057 0.004914 -0.282904
v 0.172600 0.005936 -0.284222
v 0.173222 0.006166 -0.283981
v 0.172830 0.005967 -0.284190
v 0.173057 0.006051 -0.284102
v 0.172600 0.007197 -0.285314
v 0.173222 0.007403 -0.285051
v 0.172830 0.007225 -0.285279
v 0.173057 0.007300 -0.285183
v 0.172600 0.008560 -0.286277
v 0.173222 0.008738 -0.285995
v 0.172830 0.008584 -0.286239
v 0.173057 0.008649 -0.286136
v 0.172600 0.010010 -0.287101
v 0.173222 0.010160 -0.286804
v 0.172830 0.010030 -0.287061
v 0.173057 0.010085 -0.286952
v 0.172600 0.011534 -0.287779
v 0.173222 0.011655 -0.287469
v 0.172830 0.011550 -0.287738
v 0.173057 0.011594 -0.287624
v 0.172600 0.013118 -0.288305
v 0.173222 0.013207 -0.287984
v 0.172830 0.013130 -0.288262
v 0.173057 0.013162 -0.288145
v 0.172600 0.014745 -0.288673
v 0.173222 0.014802 -0.288345
v 0.172830 0.014752 -0.288629
v 0.173057 0.014773 -0.288509
v 0.172600 0.016400 -0.288880
v 0.173222 0.016425 -0.288548
v 0.172830 0.016404 -0.288836
v 0.173057 0.016413 -0.288714
v 0.172600 0.018068 -0.288924
v 0.173222 0.018060 -0.288591
v 0.172830 0.018067 -0.288879
v 0.173057 0.018064 -0.288757
v 0.172600 0.019732 -0.288803
v 0.173222 0.019692 -0.288473
v 0.172830 0.019727 -0.288759
v 0.173057 0.019712 -0.288638
v 0.172600 0.021376 -0.288521
v 0.173222 0.021304 -0.288196
v 0.172830 0.021366 -0.288477
v 0.173057 0.021340 -0.288358
v 0.172600 0.022985 -0.288078
v 0.173222 0.022881 -0.287762
v 0.172830 0.022971 -0.288036
v 0.173057 0.022933 -0.287920
v 0.172600 0.024542 -0.287480
v 0.173222 0.024408 -0.287176
v 0.172830 0.024524 -0.287439
v 0.173057 0.024475 -0.287328
v 0.172600 0.026033 -0.286732
v 0.173222 0.025870 -0.286442
v 0.172830 0.026011 -0.286694
v 0.173057 0.025952 -0.286587
v 0.172600 0.027444 -0.285842
v 0.173222 0.027253 -0.285569
v 0.172830 0.027419 -0.285806
v 0.173057 0.027349 -0.285706
v 0.172600 0.028761 -0.284818
v 0.173222 0.028544 -0.284565
v 0.172830 0.028732 -0.284784
v 0.173057 0.028652 -0.284691
v 0.172600 0.029971 -0.283669
v 0.173222 0.029730 -0.283439
v 0.172830 0.029939 -0.283638
v 0.173057 0.029851 -0.283554
v 0.172600 0.031063 -0.282408
v 0.173222 0.030800 -0.282202
v 0.172830 0.031028 -0.282380
v 0.173057 0.030932 -0.282305
v 0.172600 0.032025 -0.281045
v 0.173222 0.031744 -0.280867
v 0.172830 0.031988 -0.281021
v 0.173057 0.031885 -0.280956
v 0.172600 0.032850 -0.279595
v 0.173222 0.032553 -0.279445
v 0.172830 0.032810 -0.279575
v 0.173057 0.032701 -0.279520
v 0.172600 0.033528 -0.278071
v 0.173222 0.033218 -0.277950
v 0.172830 0.033487 -0.278055
v 0.173057 0.033373 -0.278011
v 0.172600 0.034054 -0.276487
v 0.173222 0.033733 -0.276398
v 0.172830 0.034011 -0.276475
v 0.173057 0.033894 -0.276443
v 0.172600 0.034422 -0.274860
v 0.173222 0.034094 -0.274803
v 0.172830 0.034378 -0.274853
v 0.173057 0.034258 -0.274832
v 0.172600 0.034629 -0.273205
v 0.173222 0.034297 -0.273180
v 0.172830 0.034584 -0.273201
v 0.173057 0.034463 -0.273192
v 0.172600 0.034672 -0.271537
v 0.173222 0.034339 -0.271545
v 0.172830 0.034628 -0.271538
v 0.173057 0.034506 -0.271541
v 0.172600 0.034552 -0.269873
v 0.173222 0.034222 -0.269913
v 0.172830 0.034508 -0.269879
v 0.173057 0.034387 -0.269893
v 0.172600 0.034270 -0.268229
v 0.173222 0.033945 -0.268301
v 0.172830 0.034226 -0.268239
v 0.173057 0.034107 -0.268265
v 0.172600 0.033827 -0.266620
v 0.173222 0.033511 -0.266724
v 0.172830 0.033785 -0.266634
v 0.173057 0.033669 -0.266672
v 0.172600 0.033229 -0.265063
v 0.173222 0.032924 -0.265197
v 0.172830 0.033188 -0.265081
v 0.173057 0.033077 -0.265130
v 0.172600 0.032481 -0.263572
v 0.173222 0.032191 -0.263735
v 0.172830 0.032442 -0.263594
v 0.173057 0.032336 -0.263654
v 0.172600 0.031591 -0.262161
v 0.173222 0.031318 -0.262352
v 0.172830 0.031554 -0.262186
v 0.173057 0.031455 -0.262256
v 0.172600 0.030567 -0.260844
v 0.173222 0.030314 -0.261061
v 0.172830 0.030533 -0.260873
v 0.173057 0.030440 -0.260953
v 0.172600 0.029418 -0.259634
v 0.173222 0.029188 -0.259875
v 0.172830 0.029387 -0.259666
v 0.173057 0.029303 -0.259754
v 0.172600 0.028157 -0.258542
v 0.173222 0.027951 -0.258805
v 0.172830 0.028129 -0.258577
v 0.173057 0.028054 -0.258673
v 0.172600 0.026794 -0.257580
v 0.173222 0.026615 -0.257861
v 0.172830 0.026770 -0.257617
v 0.173057 0.026705 -0.257720
v 0.172600 0.025344 -0.256755
v 0.173222 0.025194 -0.257052
v 0.172830 0.025324 -0.256795
v 0.173057 0.025269 -0.256904
v 0.172600 0.023820 -0.256077
v 0.173222 0.023699 -0.256387
v 0.172830 0.023804 -0.256118
v 0.173057 0.023759 -0.256232
v 0.172600 0.022236 -0.255551
v 0.173222 0.022147 -0.255872
v 0.172830 0.022224 -0.255594
v 0.173057 0.022192 -0.255711
v 0.172600 0.020609 -0.255183
v 0.173222 0.020552 -0.255511
v 0.172830 0.020601 -0.255227
v 0.173057 0.020580 -0.255347
v 0.172600 0.018954 -0.254976
v 0.173222 0.018929 -0.255308
v 0.172830 0.018950 -0.255021
v 0.173057 0.018941 -0.255142
v 0.172600 0.017286 -0.254933
v 0.173222 0.017294 -0.255266
v 0.172830 0.017287 -0.254977
v 0.173057 0.017290 -0.255099
v 0.172600 0.015622 -0.255053
v 0.173222 0.015662 -0.255383
v 0.172830 0.015627 -0.255097
v 0.173057 0.015642 -0.255218
v 0.172600 0.013978 -0.255335
v 0.173222 0.014050 -0.255661
v 0.172830 0.013988 -0.255379
v 0.173057 0.014014 -0.255498
v 0.172600 0.012369 -0.255778
v 0.173222 0.012473 -0.256094
v 0.172830 0.012383 -0.255820
v 0.173057 0.012421 -0.255936
v 0.172600 0.010812 -0.256376
v 0.173222 0.010946 -0.256681
v 0.172830 0.010830 -0.256417
v 0.173057 0.010879 -0.256528
v 0.172600 0.009321 -0.257124
v 0.173222 0.009484 -0.257414
v 0.172830 0.009342 -0.257163
v 0.173057 0.009402 -0.257269
v 0.172600 0.007910 -0.258014
v 0.173222 0.008101 -0.258287
v 0.172830 0.007935 -0.258051
v 0.173057 0.008005 -0.258150
v 0.172600 0.006593 -0.259038
v 0.173222 0.006810 -0.259291
v 0.172830 0.006622 -0.259072
v 0.173057 0.006702 -0.259165
v 0.172600 0.005383 -0.260187
v 0.173222 0.005624 -0.260417
v 0.172830 0.005415 -0.260218
v 0.173057 0.005503 -0.260302
v 0.172600 0.004291 -0.261448
v 0.173222 0.004554 -0.261654
v 0.172830 0.004326 -0.261476
v 0.173057 0.004422 -0.261551
v 0.172600 0.003329 -0.262811
v 0.173222 0.003610 -0.262990
v 0.172830 0.003366 -0.262835
v 0.173057 0.003469 -0.262900
v 0.172600 0.002504 -0.264261
v 0.173222 0.002801 -0.264411
v 0.172830 0.002544 -0.264281
v 0.173057 0.002653 -0.264336
v 0.172600 0.001826 -0.265785
v 0.173222 0.002136 -0.265906
v 0.172830 0.001867 -0.265801
v 0.173057 0.001981 -0.265846
v 0.172600 0.001300 -0.267369
v 0.173222 0.001621 -0.267458
v 0.172830 0.001343 -0.267381
v 0.173057 0.001460 -0.267413
v 0.172600 0.000932 -0.268996
v 0.173222 0.001260 -0.269053
v 0.172830 0.000976 -0.269004
v 0.173057 0.001096 -0.269025
v 0.172600 0.000725 -0.270651
v 0.173222 0.001057 -0.270676
v 0.172830 0.000769 -0.270655
v 0.173057 0.000891 -0.270664
v 0.175000 0.004081 -0.272241
v 0.174778 0.003348 -0.272258
v 0.174970 0.003836 -0.272246
v 0.174889 0.003568 -0.272253
v 0.175000 0.004177 -0.273572
v 0.174778 0.003449 -0.273661
v 0.174970 0.003934 -0.273602
v 0.174889 0.003668 -0.273634
v 0.175000 0.004403 -0.274887
v 0.174778 0.003687 -0.275047
v 0.174970 0.004164 -0.274941
v 0.174889 0.003902 -0.274999
v 0.175000 0.004757 -0.276174
v 0.174778 0.004060 -0.276403
v 0.174970 0.004525 -0.276250
v 0.174889 0.004270 -0.276334
v 0.175000 0.005236 -0.277420
v 0.174778 0.004565 -0.277716
v 0.174970 0.005012 -0.277519
v 0.174889 0.004766 -0.277627
v 0.175000 0.005834 -0.278613
v 0.174778 0.005195 -0.278974
v 0.174970 0.005621 -0.278733
v 0.174889 0.005387 -0.278865
v 0.175000 0.006546 -0.279742
v 0.174778 0.005946 -0.280163
v 0.174970 0.006346 -0.279882
v 0.174889 0.006126 -0.280037
v 0.175000 0.007365 -0.280795
v 0.174778 0.006809 -0.281273
v 0.174970 0.007180 -0.280955
v 0.174889 0.006976 -0.281130
v 0.175000 0.008284 -0.281763
v 0.174778 0.007778 -0.282293
v 0.174970 0.008115 -0.281940
v 0.174889 0.007930 -0.282134
v 0.175000 0.009294 -0.282636
v 0.174778 0.008841 -0.283214
v 0.174970 0.009143 -0.282829
v 0.174889 0.008977 -0.283040
v 0.175000 0.010383 -0.283406
v 0.174778 0.009990 -0.284026
v 0.174970 0.010252 -0.283613
v 0.174889 0.010108 -0.283840
v 0.175000 0.011544 -0.284066
v 0.174778 0.011213 -0.284721
v 0.174970 0.011433 -0.284285
v 0.174889 0.011312 -0.284524
v 0.175000 0.012763 -0.284609
v 0.174778 0.012498 -0.285293
v 0.174970 0.012675 -0.284837
v 0.174889 0.012577 -0.285087
v 0.175000 0.014029 -0.285029
v 0.174778 0.013833 -0.285736
v 0.174970 0.013964 -0.285265
v 0.174889 0.013892 -0.285524
v 0.175000 0.015332 -0.285324
v 0.174778 0.015205 -0.286046
v 0.174970 0.015289 -0.285565
v 0.174889 0.015243 -0.285829
v 0.175000 0.016655 -0.285489
v 0.174778 0.016601 -0.286221
v 0.174970 0.016637 -0.285733
v 0.174889 0.016617 -0.286001
v 0.175000 0.017990 -0.285524
v 0.174778 0.018007 -0.286257
v 0.174970 0.017995 -0.285769
v 0.174889 0.018002 -0.286037
v 0.175000 0.019321 -0.285428
v 0.174778 0.019410 -0.286156
v 0.174970 0.019351 -0.285671
v 0.174889 0.019383 -0.285937
v 0.175000 0.020636 -0.285202
v 0.174778 0.020796 -0.285918
v 0.174970 0.020689 -0.285441
v 0.174889 0.020748 -0.285703
v 0.175000 0.021923 -0.284848
v 0.174778 0.022152 -0.285545
v 0.174970 0.021999 -0.285080
v 0.174889 0.022083 -0.285336
v 0.175000 0.023169 -0.284369
v 0.174778 0.023465 -0.285040
v 0.174970 0.023268 -0.284593
v 0.174889 0.023376 -0.284839
v 0.175000 0.024362 -0.283771
v 0.174778 0.024722 -0.284410
v 0.174970 0.024482 -0.283984
v 0.174889 0.024614 -0.284218
v 0.175000 0.025491 -0.283059
v 0.174778 0.025912 -0.283659
v 0.174970 0.025631 -0.283259
v 0.174889 0.025785 -0.283479
v 0.175000 0.026544 -0.282239
v 0.174778 0.027022 -0.282796
v 0.174970 0.026704 -0.282425
v 0.174889 0.026879 -0.282629
v 0.175000 0.027512 -0.281321
v 0.174778 0.028042 -0.281827
v 0.174970 0.027689 -0.281490
v 0.174889 0.027883 -0.281675
v 0.175000 0.028385 -0.280311
v 0.174778 0.028963 -0.280764
v 0.174970 0.028578 -0.280462
v 0.174889 0.028789 -0.280628
v 0.175000 0.029155 -0.279222
v 0.174778 0.029774 -0.279615
v 0.174970 0.029362 -0.279353
v 0.174889 0.029589 -0.279497
v 0.175000 0.029815 -0.278061
v 0.174778 0.030470 -0.278392
v 0.174970 0.030033 -0.278172
v 0.174889 0.030273 -0.278293
v 0.175000 0.030358 -0.276842
v 0.174778 0.031042 -0.277107
v 0.174970 0.030586 -0.276931
v 0.174889 0.030836 -0.277028
v 0.175000 0.030778 -0.275575
v 0.174778 0.031485 -0.275772
v 0.174970 0.031014 -0.275641
v 0.174889 0.031273 -0.275713
v 0.175000 0.031073 -0.274274
v 0.174778 0.031795 -0.274400
v 0.174970 0.031314 -0.274316
v 0.174889 0.031578 -0.274362
v 0.175000 0.031238 -0.272949
v 0.174778 0.031970 -0.273005
v 0.174970 0.031482 -0.272968
v 0.174889 0.031750 -0.272988
v 0.175000 0.031273 -0.271615
v 0.174778 0.032006 -0.271598
v 0.174970 0.031518 -0.271610
v 0.174889 0.031786 -0.271603
v 0.175000 0.031177 -0.270284
v 0.174778 0.031905 -0.270196
v 0.174970 0.031420 -0.270255
v 0.174889 0.031686 -0.270222
v 0.175000 0.030951 -0.268969
v 0.174778 0.031667 -0.268809
v 0.174970 0.031190 -0.268916
v 0.174889 0.031452 -0.268857
v 0.175000 0.030597 -0.267682
v 0.174778 0.031294 -0.267453
v 0.174970 0.030829 -0.267606
v 0.174889 0.031084 -0.267522
v 0.175000 0.030118 -0.266436
v 0.174778 0.030789 -0.266140
v 0.174970 0.030342 -0.266337
v 0.174889 0.030588 -0.266229
v 0.175000 0.029520 -0.265243
v 0.174778 0.030159 -0.264883
v 0.174970 0.029733 -0.265123
v 0.174889 0.029967 -0.264991
v 0.175000 0.028808 -0.264114
v 0.174778 0.029408 -0.263693
v 0.174970 0.029008 -0.263974
v 0.174889 0.029228 -0.263820
v 0.175000 0.027988 -0.263061
v 0.174778 0.028545 -0.262583
v 0.174970 0.028174 -0.262902
v 0.174889 0.028378 -0.262726
v 0.175000 0.027070 -0.262093
v 0.174778 0.027576 -0.261563
v 0.174970 0.027239 -0.261916
v 0.174889 0.027424 -0.261722
v 0.175000 0.026060 -0.261220
v 0.174778 0.026513 -0.260642
v 0.174970 0.026211 -0.261027
v 0.174889 0.026377 -0.260816
v 0.175000 0.024970 -0.260450
v 0.174778 0.025364 -0.259831
v 0.174970 0.025102 -0.260243
v 0.174889 0.025246 -0.260016
v 0.175000 0.023810 -0.259790
v 0.174778 0.024141 -0.259135
v 0.174970 0.023921 -0.259572
v 0.174889 0.024042 -0.259332
v 0.175000 0.022591 -0.259247
v 0.174778 0.022856 -0.258563
v 0.174970 0.022679 -0.259019
v 0.174889 0.022776 -0.258769
v 0.175000 0.021325 -0.258827
v 0.174778 0.021521 -0.258120
v 0.174970 0.021390 -0.258591
v 0.174889 0.021462 -0.258332
v 0.175000 0.020022 -0.258532
v 0.174778 0.020149 -0.257810
v 0.174970 0.020065 -0.258291
v 0.174889 0.020111 -0.258027
v 0.175000 0.018699 -0.258367
v 0.174778 0.018753 -0.257635
v 0.174970 0.018717 -0.258123
v 0.174889 0.018737 -0.257855
v 0.175000 0.017364 -0.258332
v 0.174778 0.017347 -0.257599
v 0.174970 0.017359 -0.258087
v 0.174889 0.017352 -0.257819
v 0.175000 0.016033 -0.258428
v 0.174778 0.015944 -0.257700
v 0.174970 0.016003 -0.258185
v 0.174889 0.015971 -0.257919
v 0.175000 0.014718 -0.258654
v 0.174778 0.014558 -0.257938
v 0.174970 0.014665 -0.258415
v 0.174889 0.014606 -0.258153
v 0.175000 0.013431 -0.259008
v 0.174778 0.013202 -0.258311
v 0.174970 0.013354 -0.258776
v 0.174889 0.013271 -0.258521
v 0.175000 0.012185 -0.259487
v 0.174778 0.011889 -0.258816
v 0.174970 0.012086 -0.259263
v 0.174889 0.011978 -0.259017
v 0.175000 0.010992 -0.260085
v 0.174778 0.010631 -0.259446
v 0.174970 0.010872 -0.259872
v 0.174889 0.010740 -0.259638
v 0.175000 0.009863 -0.260797
v 0.174778 0.009442 -0.260197
v 0.174970 0.009723 -0.260597
v 0.174889 0.009568 -0.260377
v 0.175000 0.008810 -0.261617
v 0.174778 0.008332 -0.261061
v 0.174970 0.008650 -0.261431
v 0.174889 0.008475 -0.261227
v 0.175000 0.007842 -0.262535
v 0.174778 0.007312 -0.262029
v 0.174970 0.007665 -0.262366
v 0.174889 0.007471 -0.262181
v 0.175000 0.006969 -0.263545
v 0.174778 0.006391 -0.263092
v 0.174970 0.006776 -0.263394
v 0.174889 0.006565 -0.263228
v 0.175000 0.006199 -0.264635
v 0.174778 0.005579 -0.264241
v 0.174970 0.005992 -0.264503
v 0.174889 0.005765 -0.264359
v 0.175000 0.005539 -0.265795
v 0.174778 0.004884 -0.265464
v 0.174970 0.005320 -0.265684
v 0.174889 0.005081 -0.265563
v 0.175000 0.004996 -0.267014
v 0.174778 0.004312 -0.266749
v 0.174970 0.004768 -0.266926
v 0.174889 0.004518 -0.266829
v 0.175000 0.004576 -0.268281
v 0.174778 0.003869 -0.268084
v 0.174970 0.004340 -0.268215
v 0.174889 0.004081 -0.268143
v 0.175000 0.004281 -0.269582
v 0.174778 0.003559 -0.269456
v 0.174970 0.004040 -0.269540
v 0.174889 0.003776 -0.269494
v 0.175000 0.004116 -0.270907
v 0.174778 0.003384 -0.270852
v 0.174970 0.003872 -0.270888
v 0.174889 0.003604 -0.270868
vn -0.6171 -0.7867 -0.0181
vn -0.6171 -0.7847 0.0591
vn -0.7354 -0.6758 0.0509
vn -0.7354 -0.6775 -0.0156
vn -0.8943 -0.4473 0.0117
vn -0.9834 -0.1816 0.0047
vn -0.9834 -0.1803 0.0225
vn -0.8943 -0.4440 0.0555
vn -0.7354 -0.6675 0.1169
vn -0.6171 -0.7751 0.1357
vn -0.9834 -0.1772 0.0401
vn -0.8943 -0.4365 0.0987
vn -0.7354 -0.6528 0.1818
vn -0.6171 -0.7581 0.2111
vn -0.9834 -0.1724 0.0573
vn -0.8943 -0.4247 0.1410
vn -0.7354 -0.6319 0.2449
vn -0.6171 -0.7337 0.2843
vn -0.9834 -0.1660 0.0739
vn -0.8943 -0.4088 0.1820
vn -0.7354 -0.6048 0.3056
vn -0.6171 -0.7023 0.3549
vn -0.9834 -0.1579 0.0898
vn -0.8943 -0.3890 0.2212
vn -0.7354 -0.5719 0.3634
vn -0.6171 -0.6642 0.4220
vn -0.9834 -0.1484 0.1048
vn -0.8943 -0.3655 0.2582
vn -0.7354 -0.5336 0.4178
vn -0.6171 -0.6196 0.4851
vn -0.9834 -0.1374 0.1189
vn -0.8943 -0.3384 0.2928
vn -0.7988 -0.4296 0.4211
vn -0.6171 -0.5691 0.5435
vn -0.9834 -0.1251 0.1318
vn -0.8945 -0.2915 0.3390
vn -0.8943 -0.3081 0.3246
vn -0.8267 -0.3669 0.4266
vn -0.6171 -0.5131 0.5967
vn -0.9834 -0.1115 0.1434
vn -0.8945 -0.2568 0.3659
vn -0.8267 -0.3233 0.4605
vn -0.6171 -0.4521 0.6441
vn -0.9834 -0.0970 0.1537
vn -0.8945 -0.2197 0.3893
vn -0.8267 -0.2766 0.4900
vn -0.6171 -0.3868 0.6853
vn -0.9834 -0.0815 0.1624
vn -0.8945 -0.1805 0.4090
vn -0.8267 -0.2272 0.5147
vn -0.6171 -0.3178 0.7199
vn -0.9834 -0.0651 0.1696
vn -0.8945 -0.1396 0.4247
vn -0.8267 -0.1757 0.5345
vn -0.6171 -0.2457 0.7476
vn -0.9834 -0.0482 0.1752
vn -0.8945 -0.0973 0.4363
vn -0.8267 -0.1224 0.5492
vn -0.6171 -0.1712 0.7681
vn -0.9834 -0.0308 0.1790
vn -0.8945 -0.0540 0.4437
vn -0.8267 -0.0680 0.5585
vn -0.6171 -0.0951 0.7811
vn -0.9834 -0.0131 0.1812
vn -0.8945 -0.0103 0.4469
vn -0.8267 -0.0129 0.5625
vn -0.6171 -0.0181 0.7867
vn -0.9834 0.0047 0.1816
vn -0.8945 0.0336 0.4458
vn -0.8267 0.0423 0.5611
vn -0.6171 0.0591 0.7847
vn -0.9834 0.0225 0.1802
vn -0.8945 0.0771 0.4403
vn -0.8267 0.0971 0.5542
vn -0.6171 0.1357 0.7751
vn -0.9834 0.0401 0.1772
vn -0.8945 0.1199 0.4307
vn -0.8267 0.1509 0.5421
vn -0.6171 0.2111 0.7581
vn -0.9834 0.0573 0.1724
vn -0.8945 0.1615 0.4168
vn -0.8267 0.2033 0.5246
vn -0.6171 0.2843 0.7337
vn -0.9834 0.0739 0.1660
vn -0.8945 0.2016 0.3990
vn -0.8267 0.2537 0.5022
vn -0.6171 0.3549 0.7023
vn -0.9834 0.0898 0.1580
vn -0.8945 0.2397 0.3773
vn -0.8267 0.3017 0.4749
vn -0.6171 0.4220 0.6642
vn -0.9834 0.1048 0.1484
vn -0.8943 0.2582 0.3655
vn -0.7989 0.3646 0.4784
vn -0.6171 0.4851 0.6196
vn -0.9834 0.1189 0.1374
vn -0.8943 0.2928 0.3384
vn -0.7353 0.4681 0.4901
vn -0.6170 0.5435 0.5691
vn -0.9834 0.1318 0.1251
vn -0.8943 0.3245 0.3080
vn -0.7354 0.5138 0.4419
vn -0.6171 0.5967 0.5131
vn -0.9834 0.1434 0.1116
vn -0.8943 0.3532 0.2748
vn -0.7354 0.5546 0.3893
vn -0.6171 0.6441 0.4521
vn -0.9834 0.1537 0.0970
vn -0.8943 0.3784 0.2388
vn -0.7354 0.5901 0.3331
vn -0.6171 0.6853 0.3868
vn -0.9834 0.1624 0.0814
vn -0.8943 0.4000 0.2006
vn -0.7354 0.6199 0.2737
vn -0.6171 0.7199 0.3178
vn -0.9834 0.1696 0.0651
vn -0.8943 0.4178 0.1604
vn -0.7354 0.6438 0.2116
vn -0.6171 0.7476 0.2457
vn -0.9834 0.1752 0.0482
vn -0.8943 0.4315 0.1187
vn -0.7354 0.6614 0.1475
vn -0.6171 0.7681 0.1712
vn -0.9834 0.1790 0.0308
vn -0.8943 0.4410 0.0758
vn -0.7354 0.6727 0.0819
vn -0.6171 0.7811 0.0951
vn -0.9834 0.1812 0.0131
vn -0.8943 0.4463 0.0322
vn -0.7354 0.6775 0.0156
vn -0.6171 0.7867 0.0181
vn -0.9834 0.1816 -0.0047
vn -0.8943 0.4473 -0.0117
vn -0.7354 0.6758 -0.0509
vn -0.6171 0.7847 -0.0591
vn -0.9834 0.1803 -0.0225
vn -0.8943 0.4441 -0.0555
vn -0.7354 0.6675 -0.1169
vn -0.6171 0.7751 -0.1357
vn -0.9834 0.1772 -0.0401
vn -0.8943 0.4364 -0.0987
vn -0.7354 0.6528 -0.1817
vn -0.6171 0.7581 -0.2111
vn -0.9834 0.1724 -0.0573
vn -0.8943 0.4247 -0.1410
vn -0.7354 0.6319 -0.2449
vn -0.6171 0.7337 -0.2843
vn -0.9834 0.1660 -0.0739
vn -0.8943 0.4088 -0.1820
vn -0.7354 0.6048 -0.3056
vn -0.6171 0.7023 -0.3549
vn -0.9834 0.1579 -0.0898
vn -0.8943 0.3890 -0.2212
vn -0.7354 0.5720 -0.3634
vn -0.6171 0.6642 -0.4220
vn -0.9834 0.1484 -0.1049
vn -0.8943 0.3654 -0.2582
vn -0.7354 0.5336 -0.4177
vn -0.6171 0.6196 -0.4851
vn -0.9834 0.1374 -0.1189
vn -0.8943 0.3384 -0.2928
vn -0.7354 0.4900 -0.4680
vn -0.6171 0.5691 -0.5435
vn -0.9834 0.1251 -0.1318
vn -0.8943 0.3080 -0.3246
vn -0.7988 0.3862 -0.4612
vn -0.6171 0.5131 -0.5966
vn -0.9834 0.1115 -0.1434
vn -0.8945 0.2569 -0.3659
vn -0.8943 0.2748 -0.3532
vn -0.8267 0.3233 -0.4605
vn -0.6171 0.4521 -0.6441
vn -0.9834 0.0970 -0.1536
vn -0.8945 0.2197 -0.3893
vn -0.8267 0.2766 -0.4900
vn -0.6171 0.3868 -0.6853
vn -0.9834 0.0814 -0.1624
vn -0.8945 0.1805 -0.4089
vn -0.8267 0.2272 -0.5147
vn -0.6171 0.3178 -0.7199
vn -0.9834 0.0651 -0.1696
vn -0.8945 0.1396 -0.4246
vn -0.8267 0.1757 -0.5345
vn -0.6171 0.2457 -0.7476
vn -0.9834 0.0482 -0.1752
vn -0.8945 0.0973 -0.4363
vn -0.8267 0.1224 -0.5491
vn -0.6171 0.1712 -0.7681
vn -0.9834 0.0308 -0.1791
vn -0.8945 0.0540 -0.4437
vn -0.8267 0.0680 -0.5585
vn -0.6171 0.0952 -0.7811
vn -0.9834 0.0131 -0.1812
vn -0.8945 0.0103 -0.4469
vn -0.8267 0.0129 -0.5625
vn -0.6171 0.0181 -0.7867
vn -0.9834 -0.0047 -0.1816
vn -0.8945 -0.0336 -0.4457
vn -0.8267 -0.0422 -0.5611
vn -0.6171 -0.0591 -0.7847
vn -0.9834 -0.0225 -0.1803
vn -0.8945 -0.0771 -0.4403
vn -0.8267 -0.0970 -0.5542
vn -0.6171 -0.1357 -0.7751
vn -0.9834 -0.0401 -0.1772
vn -0.8945 -0.1199 -0.4306
vn -0.8267 -0.1509 -0.5420
vn -0.6171 -0.2111 -0.7581
vn -0.9834 -0.0573 -0.1724
vn -0.8945 -0.1615 -0.4168
vn -0.8267 -0.2033 -0.5246
vn -0.6171 -0.2844 -0.7337
vn -0.9834 -0.0739 -0.1660
vn -0.8945 -0.2016 -0.3990
vn -0.8267 -0.2538 -0.5022
vn -0.6171 -0.3549 -0.7023
vn -0.9834 -0.0898 -0.1579
vn -0.8945 -0.2398 -0.3774
vn -0.8267 -0.3018 -0.4749
vn -0.6171 -0.4220 -0.6642
vn -0.9834 -0.1048 -0.1484
vn -0.8945 -0.2756 -0.3520
vn -0.8267 -0.3468 -0.4430
vn -0.6171 -0.4851 -0.6196
vn -0.9834 -0.1189 -0.1374
vn -0.8943 -0.2928 -0.3384
vn -0.7989 -0.4097 -0.4404
vn -0.6171 -0.5435 -0.5691
vn -0.9834 -0.1318 -0.1251
vn -0.8943 -0.3246 -0.3081
vn -0.7354 -0.5138 -0.4418
vn -0.6171 -0.5966 -0.5131
vn -0.9834 -0.1434 -0.1116
vn -0.8943 -0.3532 -0.2748
vn -0.7354 -0.5546 -0.3893
vn -0.6171 -0.6441 -0.4521
vn -0.9834 -0.1537 -0.0970
vn -0.8943 -0.3784 -0.2388
vn -0.7354 -0.5901 -0.3331
vn -0.6171 -0.6853 -0.3868
vn -0.9834 -0.1624 -0.0814
vn -0.8943 -0.4000 -0.2006
vn -0.7354 -0.6199 -0.2737
vn -0.6171 -0.7199 -0.3178
vn -0.9834 -0.1696 -0.0651
vn -0.8943 -0.4178 -0.1604
vn -0.7354 -0.6438 -0.2116
vn -0.6171 -0.7476 -0.2457
vn -0.9834 -0.1752 -0.0482
vn -0.8943 -0.4314 -0.1187
vn -0.7354 -0.6614 -0.1475
vn -0.6171 -0.7681 -0.1712
vn -0.9834 -0.1790 -0.0308
vn -0.8943 -0.4410 -0.0758
vn -0.7354 -0.6727 -0.0819
vn -0.6171 -0.7811 -0.0951
vn -0.9834 -0.1812 -0.0131
vn -0.8943 -0.4463 -0.0322
vn -0.5862 -0.8099 -0.0186
vn -0.5862 -0.8042 -0.0979
vn -0.3992 -0.9102 -0.1108
vn -0.3992 -0.9166 -0.0211
vn -0.2305 -0.9659 -0.1176
vn -0.2305 -0.9728 -0.0224
vn -0.0059 -0.9926 -0.1209
vn -0.0059 -0.9997 -0.0230
vn -0.5862 -0.7907 -0.1763
vn -0.3991 -0.8949 -0.1995
vn -0.2304 -0.9498 -0.2117
vn -0.0059 -0.9760 -0.2176
vn -0.5863 -0.7696 -0.2529
vn -0.3991 -0.8711 -0.2863
vn -0.2304 -0.9244 -0.3038
vn -0.0059 -0.9500 -0.3122
vn -0.5863 -0.7411 -0.3272
vn -0.3992 -0.8388 -0.3703
vn -0.2305 -0.8902 -0.3930
vn -0.0059 -0.9148 -0.4038
vn -0.5862 -0.7055 -0.3982
vn -0.3992 -0.7985 -0.4507
vn -0.2305 -0.8474 -0.4783
vn -0.0059 -0.8708 -0.4916
vn -0.5863 -0.6631 -0.4655
vn -0.3992 -0.7504 -0.5268
vn -0.2304 -0.7964 -0.5591
vn -0.0059 -0.8185 -0.5745
vn -0.5863 -0.6142 -0.5282
vn -0.3991 -0.6952 -0.5978
vn -0.2305 -0.7378 -0.6345
vn -0.0059 -0.7582 -0.6520
vn -0.5863 -0.5595 -0.5859
vn -0.3991 -0.6333 -0.6631
vn -0.2305 -0.6721 -0.7037
vn -0.0059 -0.6906 -0.7232
vn -0.5862 -0.4994 -0.6379
vn -0.3992 -0.5652 -0.7219
vn -0.2305 -0.5999 -0.7662
vn -0.0059 -0.6164 -0.7874
vn -0.5863 -0.4345 -0.6838
vn -0.3992 -0.4917 -0.7739
vn -0.2304 -0.5219 -0.8213
vn -0.0059 -0.5363 -0.8440
vn -0.5863 -0.3653 -0.7231
vn -0.3991 -0.4135 -0.8184
vn -0.2304 -0.4388 -0.8685
vn -0.0059 -0.4510 -0.8925
vn -0.5862 -0.2927 -0.7554
vn -0.3992 -0.3313 -0.8549
vn -0.2305 -0.3516 -0.9073
vn -0.0059 -0.3613 -0.9324
vn -0.5863 -0.2173 -0.7804
vn -0.3991 -0.2459 -0.8833
vn -0.2305 -0.2610 -0.9374
vn -0.0059 -0.2682 -0.9633
vn -0.5863 -0.1397 -0.7980
vn -0.3992 -0.1581 -0.9031
vn -0.2305 -0.1678 -0.9585
vn -0.0059 -0.1725 -0.9850
vn -0.5863 -0.0608 -0.8078
vn -0.3992 -0.0689 -0.9143
vn -0.2305 -0.0731 -0.9703
vn -0.0059 -0.0751 -0.9972
vn -0.5862 0.0186 -0.8099
vn -0.3992 0.0211 -0.9166
vn -0.2306 0.0224 -0.9728
vn -0.0059 0.0230 -0.9997
vn -0.5863 0.0979 -0.8042
vn -0.3992 0.1108 -0.9102
vn -0.2305 0.1176 -0.9659
vn -0.0059 0.1209 -0.9926
vn -0.5863 0.1763 -0.7907
vn -0.3992 0.1995 -0.8949
vn -0.2305 0.2117 -0.9498
vn -0.0059 0.2176 -0.9760
vn -0.5863 0.2529 -0.7696
vn -0.3992 0.2863 -0.8710
vn -0.2305 0.3038 -0.9244
vn -0.0059 0.3122 -0.9500
vn -0.5862 0.3272 -0.7411
vn -0.3992 0.3703 -0.8388
vn -0.2305 0.3930 -0.8902
vn -0.0059 0.4038 -0.9148
vn -0.5863 0.3982 -0.7055
vn -0.3991 0.4507 -0.7985
vn -0.2304 0.4783 -0.8474
vn -0.0059 0.4915 -0.8708
vn -0.5863 0.4655 -0.6631
vn -0.3992 0.5268 -0.7504
vn -0.2304 0.5591 -0.7964
vn -0.0059 0.5745 -0.8185
vn -0.5862 0.5282 -0.6143
vn -0.3991 0.5978 -0.6952
vn -0.2305 0.6345 -0.7378
vn -0.0059 0.6520 -0.7582
vn -0.5863 0.5859 -0.5595
vn -0.3991 0.6631 -0.6333
vn -0.2305 0.7037 -0.6721
vn -0.0059 0.7232 -0.6907
vn -0.5863 0.6379 -0.4994
vn -0.3991 0.7219 -0.5652
vn -0.2305 0.7662 -0.5999
vn -0.0059 0.7874 -0.6164
vn -0.5863 0.6838 -0.4345
vn -0.3992 0.7739 -0.4917
vn -0.2304 0.8213 -0.5219
vn -0.0059 0.8440 -0.5363
vn -0.5862 0.7231 -0.3654
vn -0.3992 0.8183 -0.4135
vn -0.2305 0.8685 -0.4388
vn -0.0059 0.8925 -0.4510
vn -0.5863 0.7554 -0.2927
vn -0.3992 0.8549 -0.3313
vn -0.2305 0.9073 -0.3516
vn -0.0059 0.9324 -0.3613
vn -0.5863 0.7804 -0.2173
vn -0.3992 0.8833 -0.2459
vn -0.2304 0.9374 -0.2610
vn -0.0059 0.9633 -0.2682
vn -0.5862 0.7980 -0.1397
vn -0.3991 0.9032 -0.1581
vn -0.2304 0.9585 -0.1678
vn -0.0059 0.9850 -0.1725
vn -0.5862 0.8079 -0.0608
vn -0.3992 0.9143 -0.0689
vn -0.2305 0.9703 -0.0731
vn -0.0059 0.9972 -0.0751
vn -0.5862 0.8099 0.0186
vn -0.3992 0.9166 0.0211
vn -0.2305 0.9728 0.0224
vn -0.0059 0.9997 0.0230
vn -0.5863 0.8042 0.0979
vn -0.3991 0.9102 0.1108
vn -0.2305 0.9659 0.1176
vn -0.0059 0.9927 0.1209
vn -0.5863 0.7907 0.1763
vn -0.3992 0.8949 0.1995
vn -0.2305 0.9498 0.2117
vn -0.0059 0.9760 0.2176
vn -0.5862 0.7696 0.2529
vn -0.3992 0.8710 0.2863
vn -0.2305 0.9244 0.3038
vn -0.0059 0.9500 0.3122
vn -0.5863 0.7411 0.3272
vn -0.3992 0.8388 0.3703
vn -0.2305 0.8902 0.3930
vn -0.0059 0.9148 0.4038
vn -0.5862 0.7055 0.3982
vn -0.3992 0.7984 0.4507
vn -0.2305 0.8474 0.4783
vn -0.0059 0.8708 0.4915
vn -0.5863 0.6630 0.4654
vn -0.3992 0.7504 0.5268
vn -0.2305 0.7964 0.5591
vn -0.0059 0.8185 0.5745
vn -0.5863 0.6142 0.5282
vn -0.3992 0.6952 0.5978
vn -0.2305 0.7378 0.6344
vn -0.0059 0.7582 0.6520
vn -0.5863 0.5595 0.5859
vn -0.3991 0.6332 0.6631
vn -0.2304 0.6721 0.7037
vn -0.0059 0.6906 0.7232
vn -0.5863 0.4994 0.6379
vn -0.3992 0.5652 0.7220
vn -0.2305 0.5998 0.7662
vn -0.0059 0.6164 0.7874
vn -0.5863 0.4345 0.6838
vn -0.3991 0.4917 0.7739
vn -0.2305 0.5219 0.8213
vn -0.0059 0.5363 0.8440
vn -0.5863 0.3654 0.7230
vn -0.3991 0.4135 0.8184
vn -0.2305 0.4389 0.8685
vn -0.0059 0.4510 0.8925
vn -0.5863 0.2927 0.7554
vn -0.3992 0.3313 0.8549
vn -0.2305 0.3516 0.9073
vn -0.0059 0.3613 0.9324
vn -0.5862 0.2173 0.7805
vn -0.3992 0.2459 0.8833
vn -0.2305 0.2610 0.9374
vn -0.0059 0.2682 0.9633
vn -0.5862 0.1397 0.7980
vn -0.3992 0.1581 0.9031
vn -0.2305 0.1678 0.9585
vn -0.0059 0.1725 0.9850
vn -0.5862 0.0608 0.8078
vn -0.3991 0.0689 0.9143
vn -0.2304 0.0731 0.9703
vn -0.0059 0.0751 0.9972
vn -0.5862 -0.0186 0.8099
vn -0.3992 -0.0211 0.9166
vn -0.2304 -0.0224 0.9728
vn -0.0059 -0.0230 0.9997
vn -0.5862 -0.0979 0.8042
vn -0.3992 -0.1108 0.9101
vn -0.2304 -0.1176 0.9659
vn -0.0059 -0.1209 0.9926
vn -0.5862 -0.1763 0.7907
vn -0.3992 -0.1995 0.8949
vn -0.2305 -0.2117 0.9498
vn -0.0059 -0.2176 0.9760
vn -0.5862 -0.2529 0.7696
vn -0.3992 -0.2862 0.8710
vn -0.2305 -0.3038 0.9244
vn -0.0059 -0.3122 0.9500
vn -0.5863 -0.3272 0.7411
vn -0.3992 -0.3703 0.8388
vn -0.2305 -0.3930 0.8902
vn -0.0059 -0.4038 0.9148
vn -0.5863 -0.3982 0.7055
vn -0.3991 -0.4507 0.7985
vn -0.2305 -0.4783 0.8474
vn -0.0059 -0.4915 0.8708
vn -0.5863 -0.4655 0.6631
vn -0.3991 -0.5268 0.7504
vn -0.2305 -0.5591 0.7964
vn -0.0059 -0.5745 0.8185
vn -0.5863 -0.5282 0.6142
vn -0.3992 -0.5978 0.6952
vn -0.2304 -0.6345 0.7378
vn -0.0059 -0.6520 0.7582
vn -0.5863 -0.5858 0.5595
vn -0.3992 -0.6631 0.6333
vn -0.2304 -0.7037 0.6721
vn -0.0059 -0.7232 0.6906
vn -0.5863 -0.6379 0.4994
vn -0.3992 -0.7219 0.5652
vn -0.2305 -0.7662 0.5998
vn -0.0059 -0.7874 0.6164
vn -0.5863 -0.6838 0.4345
vn -0.3992 -0.7739 0.4917
vn -0.2305 -0.8213 0.5218
vn -0.0059 -0.8440 0.5363
vn -0.5862 -0.7231 0.3654
vn -0.3991 -0.8184 0.4135
vn -0.2305 -0.8685 0.4388
vn -0.0059 -0.8925 0.4510
vn -0.5862 -0.7554 0.2927
vn -0.3992 -0.8549 0.3313
vn -0.2305 -0.9073 0.3516
vn -0.0059 -0.9324 0.3613
vn -0.5862 -0.7805 0.2173
vn -0.3991 -0.8833 0.2459
vn -0.2305 -0.9374 0.2610
vn -0.0059 -0.9633 0.2682
vn -0.5863 -0.7980 0.1397
vn -0.3992 -0.9031 0.1581
vn -0.2305 -0.9585 0.1678
vn -0.0059 -0.9850 0.1725
vn -0.5863 -0.8078 0.0608
vn -0.3992 -0.9143 0.0689
vn -0.2305 -0.9703 0.0731
vn -0.0059 -0.9972 0.0751
vn 0.0082 -0.9997 -0.0230
vn 0.0082 -0.9926 -0.1209
vn 0.3418 -0.9329 -0.1136
vn 0.3418 -0.9395 -0.0216
vn 0.5919 -0.8001 -0.0974
vn 0.5919 -0.8058 -0.0185
vn 0.8232 -0.5636 -0.0686
vn 0.8232 -0.5676 -0.0130
vn 0.0082 -0.9760 -0.2176
vn 0.3418 -0.9173 -0.2045
vn 0.5919 -0.7867 -0.1754
vn 0.8232 -0.5542 -0.1236
vn 0.0082 -0.9500 -0.3122
vn 0.3418 -0.8928 -0.2934
vn 0.5919 -0.7657 -0.2516
vn 0.8232 -0.5394 -0.1773
vn 0.0082 -0.9148 -0.4038
vn 0.3417 -0.8598 -0.3795
vn 0.5919 -0.7374 -0.3255
vn 0.8232 -0.5194 -0.2293
vn 0.0082 -0.8708 -0.4915
vn 0.3417 -0.8184 -0.4620
vn 0.5919 -0.7019 -0.3962
vn 0.8232 -0.4944 -0.2791
vn 0.0082 -0.8185 -0.5745
vn 0.3417 -0.7692 -0.5400
vn 0.5919 -0.6597 -0.4631
vn 0.8232 -0.4647 -0.3262
vn 0.0082 -0.7582 -0.6520
vn 0.3418 -0.7126 -0.6127
vn 0.5918 -0.6112 -0.5255
vn 0.8232 -0.4305 -0.3702
vn 0.0082 -0.6906 -0.7232
vn 0.3418 -0.6491 -0.6796
vn 0.5919 -0.5567 -0.5829
vn 0.8232 -0.3921 -0.4106
vn 0.0082 -0.6164 -0.7874
vn 0.3418 -0.5793 -0.7400
vn 0.5918 -0.4969 -0.6347
vn 0.8232 -0.3500 -0.4471
vn 0.0082 -0.5363 -0.8440
vn 0.3418 -0.5040 -0.7932
vn 0.5918 -0.4323 -0.6803
vn 0.8232 -0.3045 -0.4792
vn 0.0082 -0.4510 -0.8925
vn 0.3417 -0.4238 -0.8388
vn 0.5919 -0.3635 -0.7194
vn 0.8232 -0.2561 -0.5068
vn 0.0082 -0.3613 -0.9324
vn 0.3418 -0.3396 -0.8763
vn 0.5919 -0.2912 -0.7515
vn 0.8232 -0.2051 -0.5294
vn 0.0082 -0.2682 -0.9633
vn 0.3418 -0.2520 -0.9054
vn 0.5919 -0.2162 -0.7765
vn 0.8232 -0.1523 -0.5470
vn 0.0082 -0.1725 -0.9850
vn 0.3418 -0.1621 -0.9257
vn 0.5918 -0.1390 -0.7940
vn 0.8232 -0.0979 -0.5593
vn 0.0082 -0.0751 -0.9971
vn 0.3418 -0.0706 -0.9371
vn 0.5919 -0.0605 -0.8038
vn 0.8232 -0.0426 -0.5662
vn 0.0082 0.0230 -0.9997
vn 0.3418 0.0216 -0.9395
vn 0.5918 0.0185 -0.8059
vn 0.8232 0.0131 -0.5676
vn 0.0082 0.1209 -0.9926
vn 0.3418 0.1136 -0.9329
vn 0.5919 0.0974 -0.8001
vn 0.8232 0.0686 -0.5636
vn 0.0082 0.2176 -0.9760
vn 0.3418 0.2045 -0.9173
vn 0.5918 0.1754 -0.7867
vn 0.8232 0.1235 -0.5542
vn 0.0082 0.3122 -0.9500
vn 0.3418 0.2934 -0.8928
vn 0.5919 0.2516 -0.7657
vn 0.8232 0.1773 -0.5394
vn 0.0082 0.4038 -0.9148
vn 0.3418 0.3795 -0.8598
vn 0.5919 0.3255 -0.7374
vn 0.8232 0.2293 -0.5194
vn 0.0082 0.4915 -0.8708
vn 0.3417 0.4620 -0.8184
vn 0.5919 0.3962 -0.7019
vn 0.8232 0.2791 -0.4945
vn 0.0082 0.5745 -0.8185
vn 0.3418 0.5400 -0.7692
vn 0.5919 0.4631 -0.6597
vn 0.8232 0.3262 -0.4647
vn 0.0082 0.6520 -0.7582
vn 0.3418 0.6127 -0.7126
vn 0.5919 0.5255 -0.6111
vn 0.8232 0.3702 -0.4305
vn 0.0082 0.7232 -0.6906
vn 0.3418 0.6796 -0.6491
vn 0.5918 0.5829 -0.5567
vn 0.8232 0.4106 -0.3921
vn 0.0082 0.7874 -0.6164
vn 0.3417 0.7400 -0.5793
vn 0.5919 0.6347 -0.4969
vn 0.8232 0.4471 -0.3500
vn 0.0082 0.8440 -0.5362
vn 0.3417 0.7932 -0.5040
vn 0.5918 0.6803 -0.4323
vn 0.8232 0.4792 -0.3045
vn 0.0082 0.8925 -0.4510
vn 0.3417 0.8388 -0.4238
vn 0.5919 0.7194 -0.3635
vn 0.8232 0.5067 -0.2560
vn 0.0082 0.9324 -0.3613
vn 0.3417 0.8763 -0.3396
vn 0.5919 0.7516 -0.2912
vn 0.8232 0.5294 -0.2051
vn 0.0082 0.9633 -0.2682
vn 0.3417 0.9054 -0.2520
vn 0.5919 0.7765 -0.2162
vn 0.8232 0.5470 -0.1523
vn 0.0082 0.9850 -0.1725
vn 0.3418 0.9257 -0.1621
vn 0.5919 0.7939 -0.1390
vn 0.8232 0.5593 -0.0979
vn 0.0082 0.9971 -0.0751
vn 0.3418 0.9371 -0.0706
vn 0.5919 0.8038 -0.0605
vn 0.8232 0.5662 -0.0426
vn 0.0082 0.9997 0.0230
vn 0.3418 0.9395 0.0216
vn 0.5919 0.8058 0.0185
vn 0.8232 0.5676 0.0131
vn 0.0082 0.9926 0.1209
vn 0.3418 0.9329 0.1136
vn 0.5919 0.8001 0.0974
vn 0.8232 0.5636 0.0686
vn 0.0082 0.9760 0.2176
vn 0.3418 0.9173 0.2045
vn 0.5919 0.7867 0.1754
vn 0.8232 0.5542 0.1236
vn 0.0082 0.9500 0.3122
vn 0.3418 0.8928 0.2934
vn 0.5919 0.7657 0.2517
vn 0.8232 0.5394 0.1773
vn 0.0082 0.9148 0.4038
vn 0.3418 0.8597 0.3795
vn 0.5919 0.7374 0.3255
vn 0.8232 0.5194 0.2293
vn 0.0082 0.8708 0.4916
vn 0.3418 0.8184 0.4620
vn 0.5919 0.7019 0.3962
vn 0.8232 0.4945 0.2791
vn 0.0083 0.8185 0.5745
vn 0.3418 0.7692 0.5399
vn 0.5919 0.6597 0.4631
vn 0.8232 0.4647 0.3262
vn 0.0082 0.7582 0.6520
vn 0.3418 0.7126 0.6127
vn 0.5919 0.6111 0.5255
vn 0.8232 0.4305 0.3702
vn 0.0082 0.6906 0.7231
vn 0.3418 0.6491 0.6796
vn 0.5919 0.5567 0.5829
vn 0.8232 0.3921 0.4106
vn 0.0082 0.6164 0.7874
vn 0.3417 0.5793 0.7400
vn 0.5919 0.4969 0.6346
vn 0.8232 0.3500 0.4471
vn 0.0082 0.5363 0.8440
vn 0.3417 0.5040 0.7932
vn 0.5919 0.4323 0.6803
vn 0.8232 0.3045 0.4792
vn 0.0082 0.4510 0.8925
vn 0.3418 0.4238 0.8388
vn 0.5919 0.3635 0.7194
vn 0.8232 0.2561 0.5068
vn 0.0082 0.3613 0.9324
vn 0.3418 0.3396 0.8763
vn 0.5919 0.2913 0.7516
vn 0.8232 0.2052 0.5294
vn 0.0082 0.2682 0.9633
vn 0.3417 0.2520 0.9054
vn 0.5919 0.2162 0.7765
vn 0.8232 0.1523 0.5470
vn 0.0082 0.1725 0.9850
vn 0.3417 0.1621 0.9257
vn 0.5919 0.1390 0.7939
vn 0.8232 0.0979 0.5593
vn 0.0082 0.0751 0.9971
vn 0.3417 0.0706 0.9372
vn 0.5919 0.0605 0.8037
vn 0.8232 0.0426 0.5662
vn 0.0082 -0.0230 0.9997
vn 0.3417 -0.0216 0.9396
vn 0.5920 -0.0185 0.8058
vn 0.8232 -0.0131 0.5676
vn 0.0082 -0.1209 0.9926
vn 0.3417 -0.1136 0.9329
vn 0.5919 -0.0974 0.8001
vn 0.8232 -0.0686 0.5636
vn 0.0082 -0.2176 0.9760
vn 0.3417 -0.2045 0.9173
vn 0.5919 -0.1754 0.7867
vn 0.8232 -0.1236 0.5542
vn 0.0082 -0.3122 0.9500
vn 0.3417 -0.2934 0.8928
vn 0.5919 -0.2516 0.7657
vn 0.8232 -0.1773 0.5394
vn 0.0082 -0.4038 0.9148
vn 0.3418 -0.3795 0.8597
vn 0.5919 -0.3255 0.7373
vn 0.8232 -0.2293 0.5194
vn 0.0082 -0.4915 0.8708
vn 0.3418 -0.4619 0.8184
vn 0.5919 -0.3962 0.7019
vn 0.8232 -0.2791 0.4944
vn 0.0082 -0.5745 0.8185
vn 0.3417 -0.5400 0.7692
vn 0.5919 -0.4631 0.6597
vn 0.8232 -0.3262 0.4647
vn 0.0082 -0.6520 0.7582
vn 0.3417 -0.6128 0.7126
vn 0.5919 -0.5255 0.6111
vn 0.8232 -0.3702 0.4305
vn 0.0082 -0.7232 0.6906
vn 0.3418 -0.6796 0.6491
vn 0.5919 -0.5829 0.5567
vn 0.8232 -0.4106 0.3921
vn 0.0082 -0.7874 0.6164
vn 0.3418 -0.7400 0.5793
vn 0.5918 -0.6347 0.4969
vn 0.8232 -0.4471 0.3500
vn 0.0083 -0.8440 0.5363
vn 0.3418 -0.7932 0.5040
vn 0.5919 -0.6803 0.4323
vn 0.8232 -0.4792 0.3045
vn 0.0082 -0.8925 0.4510
vn 0.3418 -0.8388 0.4238
vn 0.5919 -0.7194 0.3635
vn 0.8232 -0.5068 0.2561
vn 0.0082 -0.9324 0.3613
vn 0.3418 -0.8763 0.3396
vn 0.5919 -0.7516 0.2912
vn 0.8232 -0.5294 0.2052
vn 0.0082 -0.9633 0.2682
vn 0.3418 -0.9054 0.2521
vn 0.5919 -0.7765 0.2162
vn 0.8232 -0.5470 0.1523
vn 0.0082 -0.9850 0.1725
vn 0.3418 -0.9257 0.1621
vn 0.5919 -0.7940 0.1390
vn 0.8232 -0.5593 0.0979
vn 0.0082 -0.9971 0.0751
vn 0.3418 -0.9371 0.0706
vn 0.5919 -0.8038 0.0605
vn 0.8232 -0.5662 0.0426
vn 0.8370 -0.5470 -0.0126
vn 0.8370 -0.5431 -0.0661
vn 0.9303 -0.3642 -0.0443
vn 0.9191 -0.3938 -0.0142
vn 0.9571 -0.2876 -0.0350
vn 0.9570 -0.2893 -0.0209
vn 0.9927 -0.1204 -0.0087
vn 0.8370 -0.5341 -0.1191
vn 0.9303 -0.3581 -0.0798
vn 0.9571 -0.2828 -0.0630
vn 0.9927 -0.1190 -0.0205
vn 0.8370 -0.5198 -0.1708
vn 0.9303 -0.3485 -0.1145
vn 0.9571 -0.2752 -0.0905
vn 0.9927 -0.1164 -0.0320
vn 0.8370 -0.5006 -0.2210
vn 0.9303 -0.3356 -0.1482
vn 0.9571 -0.2651 -0.1170
vn 0.9927 -0.1127 -0.0433
vn 0.8370 -0.4765 -0.2690
vn 0.9303 -0.3195 -0.1803
vn 0.9571 -0.2523 -0.1424
vn 0.9927 -0.1079 -0.0541
vn 0.8370 -0.4478 -0.3144
vn 0.9303 -0.3003 -0.2108
vn 0.9571 -0.2371 -0.1665
vn 0.9927 -0.1021 -0.0644
vn 0.8370 -0.4149 -0.3568
vn 0.9303 -0.2782 -0.2392
vn 0.9571 -0.2197 -0.1889
vn 0.9927 -0.0953 -0.0741
vn 0.8370 -0.3779 -0.3957
vn 0.9303 -0.2534 -0.2653
vn 0.9571 -0.2001 -0.2095
vn 0.9927 -0.0876 -0.0831
vn 0.8370 -0.3373 -0.4308
vn 0.9303 -0.2262 -0.2889
vn 0.9571 -0.1786 -0.2282
vn 0.9927 -0.0790 -0.0913
vn 0.8370 -0.2934 -0.4618
vn 0.9303 -0.1968 -0.3097
vn 0.9571 -0.1554 -0.2446
vn 0.9927 -0.0697 -0.0986
vn 0.8370 -0.2468 -0.4884
vn 0.9303 -0.1655 -0.3275
vn 0.9571 -0.1307 -0.2586
vn 0.9927 -0.0597 -0.1050
vn 0.8370 -0.1977 -0.5102
vn 0.9303 -0.1326 -0.3421
vn 0.9571 -0.1047 -0.2702
vn 0.9927 -0.0491 -0.1103
vn 0.8370 -0.1467 -0.5271
vn 0.9303 -0.0984 -0.3535
vn 0.9571 -0.0777 -0.2791
vn 0.9927 -0.0381 -0.1146
vn 0.8370 -0.0944 -0.5390
vn 0.9303 -0.0633 -0.3614
vn 0.9571 -0.0500 -0.2854
vn 0.9927 -0.0266 -0.1178
vn 0.8370 -0.0411 -0.5456
vn 0.9303 -0.0276 -0.3658
vn 0.9571 -0.0218 -0.2889
vn 0.9927 -0.0150 -0.1198
vn 0.8370 0.0126 -0.5470
vn 0.9303 0.0084 -0.3668
vn 0.9571 0.0067 -0.2897
vn 0.9927 -0.0032 -0.1207
vn 0.8370 0.0661 -0.5431
vn 0.9303 0.0444 -0.3642
vn 0.9571 0.0350 -0.2876
vn 0.9927 0.0087 -0.1204
vn 0.8370 0.1191 -0.5341
vn 0.9303 0.0798 -0.3581
vn 0.9571 0.0630 -0.2828
vn 0.9927 0.0205 -0.1190
vn 0.8370 0.1708 -0.5198
vn 0.9303 0.1146 -0.3486
vn 0.9571 0.0905 -0.2752
vn 0.9927 0.0320 -0.1164
vn 0.8370 0.2210 -0.5005
vn 0.9303 0.1482 -0.3356
vn 0.9571 0.1170 -0.2651
vn 0.9927 0.0433 -0.1127
vn 0.8370 0.2690 -0.4765
vn 0.9303 0.1803 -0.3195
vn 0.9571 0.1424 -0.2523
vn 0.9927 0.0541 -0.1080
vn 0.8370 0.3144 -0.4478
vn 0.9303 0.2108 -0.3003
vn 0.9571 0.1665 -0.2372
vn 0.9927 0.0644 -0.1021
vn 0.8370 0.3567 -0.4149
vn 0.9303 0.2392 -0.2782
vn 0.9571 0.1889 -0.2197
vn 0.9927 0.0741 -0.0953
vn 0.8370 0.3957 -0.3779
vn 0.9303 0.2653 -0.2534
vn 0.9571 0.2095 -0.2001
vn 0.9927 0.0831 -0.0876
vn 0.8370 0.4308 -0.3373
vn 0.9303 0.2889 -0.2262
vn 0.9571 0.2281 -0.1786
vn 0.9927 0.0913 -0.0790
vn 0.8370 0.4618 -0.2934
vn 0.9303 0.3097 -0.1968
vn 0.9571 0.2445 -0.1554
vn 0.9927 0.0986 -0.0697
vn 0.8370 0.4884 -0.2468
vn 0.9303 0.3275 -0.1655
vn 0.9571 0.2586 -0.1307
vn 0.9927 0.1050 -0.0597
vn 0.8370 0.5102 -0.1977
vn 0.9303 0.3421 -0.1326
vn 0.9571 0.2702 -0.1047
vn 0.9927 0.1103 -0.0491
vn 0.8370 0.5271 -0.1467
vn 0.9303 0.3534 -0.0984
vn 0.9571 0.2791 -0.0777
vn 0.9927 0.1146 -0.0381
vn 0.8370 0.5390 -0.0944
vn 0.9303 0.3614 -0.0633
vn 0.9571 0.2854 -0.0500
vn 0.9927 0.1178 -0.0266
vn 0.8370 0.5456 -0.0411
vn 0.9303 0.3658 -0.0276
vn 0.9571 0.2889 -0.0218
vn 0.9927 0.1198 -0.0150
vn 0.8370 0.5470 0.0126
vn 0.9303 0.3668 0.0084
vn 0.9571 0.2897 0.0067
vn 0.9927 0.1207 -0.0032
vn 0.8370 0.5431 0.0662
vn 0.9303 0.3642 0.0443
vn 0.9571 0.2876 0.0350
vn 0.9927 0.1204 0.0087
vn 0.8370 0.5341 0.1191
vn 0.9303 0.3581 0.0798
vn 0.9571 0.2828 0.0630
vn 0.9927 0.1190 0.0205
vn 0.8370 0.5198 0.1708
vn 0.9303 0.3485 0.1145
vn 0.9571 0.2752 0.0905
vn 0.9927 0.1164 0.0320
vn 0.8370 0.5006 0.2210
vn 0.9303 0.3356 0.1482
vn 0.9571 0.2651 0.1170
vn 0.9927 0.1127 0.0433
vn 0.8370 0.4765 0.2690
vn 0.9303 0.3195 0.1803
vn 0.9571 0.2523 0.1424
vn 0.9927 0.1079 0.0541
vn 0.8370 0.4478 0.3144
vn 0.9303 0.3003 0.2108
vn 0.9571 0.2371 0.1665
vn 0.9927 0.1021 0.0644
vn 0.8370 0.4149 0.3568
vn 0.9303 0.2782 0.2392
vn 0.9571 0.2197 0.1889
vn 0.9927 0.0953 0.0741
vn 0.8370 0.3779 0.3957
vn 0.9303 0.2534 0.2653
vn 0.9571 0.2001 0.2095
vn 0.9927 0.0876 0.0831
vn 0.8370 0.3373 0.4308
vn 0.9303 0.2262 0.2889
vn 0.9571 0.1786 0.2281
vn 0.9927 0.0790 0.0913
vn 0.8370 0.2934 0.4618
vn 0.9303 0.1968 0.3097
vn 0.9571 0.1554 0.2446
vn 0.9927 0.0697 0.0986
vn 0.8370 0.2468 0.4884
vn 0.9303 0.1655 0.3275
vn 0.9571 0.1307 0.2586
vn 0.9927 0.0597 0.1050
vn 0.8370 0.1977 0.5102
vn 0.9303 0.1326 0.3421
vn 0.9571 0.1047 0.2701
vn 0.9927 0.0491 0.1103
vn 0.8370 0.1467 0.5271
vn 0.9303 0.0984 0.3534
vn 0.9571 0.0777 0.2791
vn 0.9927 0.0381 0.1146
vn 0.8370 0.0944 0.5390
vn 0.9303 0.0633 0.3614
vn 0.9571 0.0500 0.2854
vn 0.9927 0.0266 0.1178
vn 0.8370 0.0411 0.5456
vn 0.9303 0.0276 0.3658
vn 0.9571 0.0218 0.2889
vn 0.9927 0.0150 0.1198
vn 0.8370 -0.0126 0.5470
vn 0.9303 -0.0084 0.3668
vn 0.9571 -0.0067 0.2896
vn 0.9927 0.0031 0.1207
vn 0.8370 -0.0661 0.5432
vn 0.9303 -0.0443 0.3642
vn 0.9571 -0.0350 0.2876
vn 0.9927 -0.0087 0.1204
vn 0.8370 -0.1191 0.5341
vn 0.9303 -0.0798 0.3581
vn 0.9571 -0.0630 0.2828
vn 0.9927 -0.0205 0.1190
vn 0.8370 -0.1708 0.5198
vn 0.9303 -0.1145 0.3485
vn 0.9571 -0.0904 0.2752
vn 0.9927 -0.0320 0.1164
vn 0.8370 -0.2210 0.5006
vn 0.9303 -0.1482 0.3357
vn 0.9571 -0.1170 0.2650
vn 0.9927 -0.0433 0.1127
vn 0.8370 -0.2690 0.4765
vn 0.9303 -0.1804 0.3195
vn 0.9571 -0.1424 0.2523
vn 0.9927 -0.0541 0.1079
vn 0.8370 -0.3144 0.4478
vn 0.9303 -0.2108 0.3003
vn 0.9571 -0.1665 0.2371
vn 0.9927 -0.0644 0.1021
vn 0.8370 -0.3567 0.4149
vn 0.9303 -0.2392 0.2782
vn 0.9571 -0.1889 0.2197
vn 0.9927 -0.0742 0.0953
vn 0.8370 -0.3957 0.3779
vn 0.9303 -0.2653 0.2534
vn 0.9571 -0.2095 0.2001
vn 0.9927 -0.0831 0.0876
vn 0.8370 -0.4308 0.3373
vn 0.9303 -0.2889 0.2262
vn 0.9571 -0.2281 0.1786
vn 0.9927 -0.0913 0.0790
vn 0.8370 -0.4618 0.2934
vn 0.9303 -0.3097 0.1968
vn 0.9571 -0.2446 0.1554
vn 0.9927 -0.0986 0.0697
vn 0.8370 -0.4884 0.2468
vn 0.9303 -0.3274 0.1655
vn 0.9571 -0.2586 0.1307
vn 0.9927 -0.1050 0.0597
vn 0.8370 -0.5102 0.1977
vn 0.9303 -0.3421 0.1326
vn 0.9571 -0.2702 0.1047
vn 0.9927 -0.1103 0.0491
vn 0.8370 -0.5271 0.1467
vn 0.9303 -0.3534 0.0984
vn 0.9571 -0.2791 0.0777
vn 0.9927 -0.1146 0.0381
vn 0.8370 -0.5390 0.0944
vn 0.9303 -0.3614 0.0633
vn 0.9571 -0.2854 0.0500
vn 0.9927 -0.1178 0.0266
vn 0.8370 -0.5456 0.0411
vn 0.9191 -0.3925 0.0347
vn 0.9570 -0.2878 0.0359
vn 0.9927 -0.1198 0.0150
vn 0.9927 -0.1207 0.0031
vn 0.9570 -0.2899 0.0076
vn -1.0000 -0.0000 -0.0000
vn 1.0000 -0.0000 -0.0000
vt 0.604269 0.451836
vt 0.604268 0.457108
vt 0.603176 0.457068
vt 0.603176 0.451876
vt 0.445466 0.452295
vt 0.450633 0.452804
vt 0.450548 0.453371
vt 0.445437 0.452868
vt 0.450432 0.454156
vt 0.445399 0.453660
vt 0.455392 0.455143
vt 0.455585 0.454373
vt 0.455724 0.453817
vt 0.603176 0.462235
vt 0.604269 0.462355
vt 0.460232 0.456611
vt 0.460499 0.455864
vt 0.460692 0.455324
vt 0.603176 0.467326
vt 0.604269 0.467525
vt 0.464904 0.458546
vt 0.465243 0.457829
vt 0.465489 0.457311
vt 0.603176 0.472294
vt 0.604268 0.472570
vt 0.469364 0.460930
vt 0.469772 0.460250
vt 0.470067 0.459758
vt 0.603176 0.477091
vt 0.604269 0.477441
vt 0.473570 0.463740
vt 0.474042 0.463103
vt 0.474384 0.462642
vt 0.603176 0.481669
vt 0.604269 0.482090
vt 0.477479 0.466948
vt 0.478011 0.466360
vt 0.478397 0.465936
vt 0.603176 0.485986
vt 0.604268 0.486474
vt 0.481055 0.470524
vt 0.481790 0.469870
vt 0.482068 0.469607
vt 0.603176 0.489999
vt 0.604268 0.490549
vt 0.484264 0.474434
vt 0.485360 0.473621
vt 0.603176 0.245235
vt 0.603176 0.241243
vt 0.603634 0.240995
vt 0.603634 0.245029
vt 0.604268 0.240671
vt 0.604268 0.244746
vt 0.487073 0.478639
vt 0.488244 0.477937
vt 0.603176 0.249551
vt 0.603634 0.249374
vt 0.604269 0.249129
vt 0.489457 0.483099
vt 0.490691 0.482515
vt 0.603176 0.254130
vt 0.603634 0.253982
vt 0.604268 0.253779
vt 0.491392 0.487771
vt 0.492678 0.487312
vt 0.603176 0.258926
vt 0.603634 0.258810
vt 0.604268 0.258649
vt 0.492860 0.492610
vt 0.494185 0.492279
vt 0.603176 0.263894
vt 0.603634 0.263810
vt 0.604269 0.263694
vt 0.493847 0.497571
vt 0.495198 0.497371
vt 0.603176 0.268986
vt 0.603634 0.268935
vt 0.604269 0.268865
vt 0.494343 0.502605
vt 0.495707 0.502537
vt 0.603176 0.274152
vt 0.603634 0.274135
vt 0.604269 0.274112
vt 0.494343 0.507662
vt 0.495707 0.507729
vt 0.603176 0.279343
vt 0.603634 0.279360
vt 0.604269 0.279384
vt 0.493847 0.512695
vt 0.495198 0.512895
vt 0.603176 0.284510
vt 0.603634 0.284560
vt 0.604269 0.284630
vt 0.492861 0.517655
vt 0.494185 0.517987
vt 0.603176 0.289601
vt 0.603634 0.289685
vt 0.604269 0.289801
vt 0.491392 0.522495
vt 0.492678 0.522955
vt 0.603176 0.294569
vt 0.603634 0.294685
vt 0.604269 0.294846
vt 0.489457 0.527167
vt 0.490691 0.527751
vt 0.603176 0.299365
vt 0.603634 0.299513
vt 0.604268 0.299716
vt 0.487073 0.531627
vt 0.488244 0.532329
vt 0.603176 0.303944
vt 0.603634 0.304121
vt 0.604268 0.304366
vt 0.484263 0.535832
vt 0.485360 0.536646
vt 0.603176 0.308260
vt 0.603634 0.308466
vt 0.604269 0.308749
vt 0.481055 0.539741
vt 0.481790 0.540395
vt 0.603176 0.312252
vt 0.603634 0.312501
vt 0.604268 0.312824
vt 0.477479 0.543318
vt 0.478011 0.543905
vt 0.482318 0.540895
vt 0.478627 0.544585
vt 0.482675 0.541210
vt 0.478947 0.544938
vt 0.473569 0.546526
vt 0.474042 0.547163
vt 0.474523 0.547806
vt 0.474872 0.548282
vt 0.469364 0.549336
vt 0.469772 0.550016
vt 0.470067 0.550508
vt 0.630480 0.397123
vt 0.630480 0.401137
vt 0.629387 0.401687
vt 0.629387 0.397612
vt 0.464904 0.551720
vt 0.465243 0.552437
vt 0.465489 0.552956
vt 0.630480 0.392807
vt 0.629387 0.393228
vt 0.460232 0.553655
vt 0.460499 0.554402
vt 0.460692 0.554942
vt 0.630480 0.388228
vt 0.629387 0.388579
vt 0.455392 0.555123
vt 0.455585 0.555893
vt 0.455724 0.556449
vt 0.630480 0.383432
vt 0.629387 0.383708
vt 0.450432 0.556110
vt 0.450548 0.556894
vt 0.450633 0.557462
vt 0.630480 0.378464
vt 0.629387 0.378663
vt 0.445399 0.556606
vt 0.445438 0.557398
vt 0.445466 0.557971
vt 0.630480 0.373372
vt 0.629387 0.373493
vt 0.440341 0.556606
vt 0.440302 0.557398
vt 0.440274 0.557971
vt 0.630480 0.368206
vt 0.629387 0.368246
vt 0.435308 0.556110
vt 0.435192 0.556895
vt 0.435108 0.557462
vt 0.630480 0.363014
vt 0.629387 0.362974
vt 0.430348 0.555123
vt 0.430155 0.555892
vt 0.430016 0.556449
vt 0.630480 0.357848
vt 0.629387 0.357727
vt 0.425509 0.553655
vt 0.425241 0.554402
vt 0.425048 0.554942
vt 0.630480 0.352756
vt 0.629387 0.352557
vt 0.420836 0.551720
vt 0.420497 0.552437
vt 0.420252 0.552956
vt 0.630480 0.347788
vt 0.629387 0.347512
vt 0.416376 0.549336
vt 0.415968 0.550016
vt 0.415673 0.550508
vt 0.630480 0.342992
vt 0.629387 0.342641
vt 0.412171 0.546526
vt 0.411698 0.547163
vt 0.411357 0.547624
vt 0.630480 0.338413
vt 0.629387 0.337992
vt 0.408262 0.543318
vt 0.407729 0.543905
vt 0.407344 0.544331
vt 0.630480 0.334097
vt 0.629387 0.333609
vt 0.404686 0.539742
vt 0.404098 0.540274
vt 0.403500 0.540811
vt 0.630480 0.330083
vt 0.629387 0.329533
vt 0.401477 0.535832
vt 0.400681 0.536411
vt 0.400107 0.536856
vt 0.403066 0.541210
vt 0.399721 0.537135
vt 0.398667 0.531627
vt 0.397496 0.532329
vt 0.603176 0.156373
vt 0.603176 0.152380
vt 0.603634 0.152132
vt 0.603634 0.156167
vt 0.604269 0.151808
vt 0.604268 0.155884
vt 0.396284 0.527167
vt 0.395049 0.527751
vt 0.603176 0.160689
vt 0.603634 0.160512
vt 0.604268 0.160267
vt 0.394348 0.522495
vt 0.393062 0.522955
vt 0.603176 0.165267
vt 0.603634 0.165120
vt 0.604268 0.164916
vt 0.392880 0.517656
vt 0.391555 0.517987
vt 0.603176 0.170063
vt 0.603634 0.169947
vt 0.604269 0.169787
vt 0.391893 0.512695
vt 0.390543 0.512895
vt 0.603176 0.175031
vt 0.603634 0.174948
vt 0.604269 0.174832
vt 0.391398 0.507662
vt 0.390034 0.507729
vt 0.603176 0.180123
vt 0.603634 0.180072
vt 0.604268 0.180003
vt 0.391398 0.502604
vt 0.390034 0.502537
vt 0.603176 0.185289
vt 0.603634 0.185272
vt 0.604269 0.185249
vt 0.391893 0.497572
vt 0.390543 0.497371
vt 0.603176 0.190481
vt 0.603634 0.190498
vt 0.604269 0.190521
vt 0.392880 0.492611
vt 0.391555 0.492279
vt 0.603176 0.195647
vt 0.603634 0.195698
vt 0.604269 0.195768
vt 0.394348 0.487771
vt 0.393062 0.487311
vt 0.603176 0.200739
vt 0.603634 0.200823
vt 0.604269 0.200938
vt 0.396283 0.483099
vt 0.395049 0.482515
vt 0.603176 0.205707
vt 0.603634 0.205823
vt 0.604268 0.205983
vt 0.398668 0.478639
vt 0.397496 0.477937
vt 0.603176 0.210503
vt 0.603634 0.210650
vt 0.604268 0.210854
vt 0.401477 0.474434
vt 0.400380 0.473620
vt 0.603176 0.215081
vt 0.603634 0.215259
vt 0.604268 0.215503
vt 0.404685 0.470525
vt 0.403674 0.469608
vt 0.603176 0.219398
vt 0.603634 0.219603
vt 0.604269 0.219887
vt 0.408262 0.466948
vt 0.407594 0.466225
vt 0.603176 0.223390
vt 0.603634 0.223638
vt 0.604268 0.223962
vt 0.412171 0.463740
vt 0.411699 0.463103
vt 0.407117 0.465677
vt 0.411217 0.462460
vt 0.406793 0.465328
vt 0.410869 0.461984
vt 0.416376 0.460930
vt 0.415968 0.460250
vt 0.415673 0.459758
vt 0.603176 0.422959
vt 0.603176 0.418946
vt 0.604268 0.418396
vt 0.604268 0.422471
vt 0.420836 0.458546
vt 0.420497 0.457829
vt 0.420252 0.457311
vt 0.603176 0.427275
vt 0.604269 0.426854
vt 0.425509 0.456611
vt 0.425241 0.455864
vt 0.425048 0.455324
vt 0.603176 0.431854
vt 0.604269 0.431504
vt 0.430348 0.455143
vt 0.430156 0.454373
vt 0.430016 0.453817
vt 0.603176 0.436650
vt 0.604269 0.436374
vt 0.435309 0.454156
vt 0.435192 0.453371
vt 0.435108 0.452804
vt 0.603176 0.441618
vt 0.604268 0.441419
vt 0.440341 0.453660
vt 0.440302 0.452868
vt 0.440274 0.452295
vt 0.603176 0.446710
vt 0.604268 0.446590
vt 0.608909 0.451666
vt 0.608909 0.446079
vt 0.609573 0.446006
vt 0.609573 0.451641
vt 0.610538 0.445959
vt 0.610538 0.451625
vt 0.611367 0.445959
vt 0.611367 0.451625
vt 0.608909 0.440574
vt 0.609573 0.440453
vt 0.610538 0.440374
vt 0.611367 0.440374
vt 0.608909 0.435202
vt 0.609573 0.435034
vt 0.610538 0.434926
vt 0.611367 0.434926
vt 0.608909 0.430015
vt 0.609573 0.429803
vt 0.610538 0.429665
vt 0.611367 0.429665
vt 0.608909 0.425065
vt 0.609573 0.424809
vt 0.610538 0.424644
vt 0.611367 0.424644
vt 0.608909 0.420397
vt 0.609573 0.420101
vt 0.610538 0.419909
vt 0.611367 0.419909
vt 0.608909 0.416058
vt 0.609573 0.415727
vt 0.610538 0.415512
vt 0.611367 0.415508
vt 0.408795 0.459188
vt 0.404456 0.462749
vt 0.403921 0.462130
vt 0.408291 0.458543
vt 0.610002 0.230862
vt 0.609716 0.226708
vt 0.610538 0.226849
vt 0.610538 0.230872
vt 0.611367 0.226850
vt 0.611367 0.230876
vt 0.608909 0.226299
vt 0.608909 0.221960
vt 0.609573 0.222256
vt 0.610538 0.222448
vt 0.611367 0.222448
vt 0.608909 0.217293
vt 0.609573 0.217548
vt 0.610538 0.217714
vt 0.611367 0.217714
vt 0.608909 0.212342
vt 0.609573 0.212555
vt 0.610538 0.212692
vt 0.611367 0.212692
vt 0.608909 0.207156
vt 0.609573 0.207323
vt 0.610538 0.207432
vt 0.611367 0.207432
vt 0.608909 0.201784
vt 0.609573 0.201905
vt 0.610538 0.201983
vt 0.611367 0.201983
vt 0.608909 0.196278
vt 0.609573 0.196351
vt 0.610538 0.196399
vt 0.611367 0.196399
vt 0.608909 0.190692
vt 0.609573 0.190716
vt 0.610538 0.190732
vt 0.611367 0.190732
vt 0.608909 0.185078
vt 0.609573 0.185054
vt 0.610538 0.185038
vt 0.611367 0.185038
vt 0.608909 0.179492
vt 0.609573 0.179419
vt 0.610538 0.179372
vt 0.611367 0.179372
vt 0.608909 0.173986
vt 0.609573 0.173865
vt 0.610538 0.173787
vt 0.611367 0.173787
vt 0.608909 0.168614
vt 0.609573 0.168447
vt 0.610538 0.168338
vt 0.611367 0.168338
vt 0.608909 0.163428
vt 0.609573 0.163216
vt 0.610538 0.163078
vt 0.611367 0.163078
vt 0.608909 0.158478
vt 0.609573 0.158222
vt 0.610538 0.158056
vt 0.611367 0.158056
vt 0.608909 0.153810
vt 0.609573 0.153514
vt 0.610538 0.153322
vt 0.611367 0.153322
vt 0.608909 0.149471
vt 0.609716 0.149062
vt 0.610538 0.148921
vt 0.611367 0.148921
vt 0.396926 0.539208
vt 0.400487 0.543547
vt 0.399867 0.544082
vt 0.396280 0.539712
vt 0.610002 0.144909
vt 0.610538 0.144898
vt 0.611367 0.144894
vt 0.624747 0.327196
vt 0.624747 0.331535
vt 0.624083 0.331239
vt 0.624083 0.326865
vt 0.623118 0.331047
vt 0.623118 0.326650
vt 0.622289 0.331047
vt 0.622289 0.326645
vt 0.624747 0.336203
vt 0.624083 0.335947
vt 0.623118 0.335781
vt 0.622289 0.335781
vt 0.624747 0.341153
vt 0.624083 0.340941
vt 0.623118 0.340803
vt 0.622289 0.340803
vt 0.624747 0.346339
vt 0.624083 0.346172
vt 0.623118 0.346063
vt 0.622289 0.346063
vt 0.624747 0.351711
vt 0.624083 0.351590
vt 0.623118 0.351512
vt 0.622289 0.351512
vt 0.624747 0.357217
vt 0.624083 0.357144
vt 0.623118 0.357097
vt 0.622289 0.357097
vt 0.624747 0.362803
vt 0.624083 0.362779
vt 0.623118 0.362763
vt 0.622289 0.362763
vt 0.624747 0.368417
vt 0.624083 0.368441
vt 0.623118 0.368457
vt 0.622289 0.368457
vt 0.624746 0.374003
vt 0.624083 0.374076
vt 0.623118 0.374123
vt 0.622289 0.374124
vt 0.624747 0.379509
vt 0.624083 0.379630
vt 0.623118 0.379708
vt 0.622289 0.379708
vt 0.624747 0.384881
vt 0.624083 0.385048
vt 0.623118 0.385157
vt 0.622289 0.385157
vt 0.624747 0.390067
vt 0.624083 0.390280
vt 0.623118 0.390417
vt 0.622289 0.390417
vt 0.624747 0.395017
vt 0.624083 0.395273
vt 0.623118 0.395439
vt 0.622289 0.395439
vt 0.624747 0.399685
vt 0.624083 0.399981
vt 0.623118 0.400173
vt 0.622289 0.400173
vt 0.624746 0.404024
vt 0.624083 0.404355
vt 0.623296 0.404573
vt 0.622289 0.404575
vt 0.476945 0.551078
vt 0.481284 0.547517
vt 0.481693 0.547962
vt 0.477245 0.551475
vt 0.481831 0.548127
vt 0.477438 0.551733
vt 0.623654 0.408597
vt 0.622289 0.408601
vt 0.485254 0.543547
vt 0.485847 0.544112
vt 0.610002 0.319724
vt 0.609716 0.315571
vt 0.610538 0.315712
vt 0.610538 0.319735
vt 0.611367 0.315712
vt 0.611367 0.319738
vt 0.608909 0.315162
vt 0.608909 0.310823
vt 0.609573 0.311119
vt 0.610538 0.311311
vt 0.611367 0.311311
vt 0.608909 0.306155
vt 0.609573 0.306411
vt 0.610538 0.306576
vt 0.611367 0.306576
vt 0.608909 0.301204
vt 0.609573 0.301417
vt 0.610538 0.301555
vt 0.611367 0.301555
vt 0.608909 0.296018
vt 0.609573 0.296186
vt 0.610538 0.296294
vt 0.611367 0.296294
vt 0.608909 0.290646
vt 0.609573 0.290767
vt 0.610538 0.290845
vt 0.611367 0.290846
vt 0.608909 0.285141
vt 0.609573 0.285214
vt 0.610538 0.285261
vt 0.611367 0.285261
vt 0.608909 0.279554
vt 0.609573 0.279579
vt 0.610538 0.279595
vt 0.611367 0.279595
vt 0.608909 0.273941
vt 0.609573 0.273916
vt 0.610538 0.273901
vt 0.611367 0.273901
vt 0.608909 0.268354
vt 0.609573 0.268281
vt 0.610538 0.268234
vt 0.611367 0.268234
vt 0.608909 0.262849
vt 0.609573 0.262728
vt 0.610538 0.262650
vt 0.611367 0.262650
vt 0.608909 0.257477
vt 0.609573 0.257309
vt 0.610538 0.257201
vt 0.611367 0.257201
vt 0.608909 0.252291
vt 0.609573 0.252078
vt 0.610538 0.251940
vt 0.611367 0.251940
vt 0.608909 0.247340
vt 0.609573 0.247084
vt 0.610538 0.246919
vt 0.611367 0.246919
vt 0.608909 0.242673
vt 0.609573 0.242376
vt 0.610538 0.242185
vt 0.611367 0.242184
vt 0.608909 0.238333
vt 0.609573 0.238002
vt 0.610538 0.237787
vt 0.611367 0.237783
vt 0.608909 0.492887
vt 0.608909 0.488547
vt 0.609573 0.488844
vt 0.609573 0.493217
vt 0.610538 0.489035
vt 0.610538 0.493433
vt 0.611367 0.489035
vt 0.611367 0.493437
vt 0.608909 0.483880
vt 0.609573 0.484136
vt 0.610538 0.484301
vt 0.611367 0.484301
vt 0.608909 0.478929
vt 0.609573 0.479142
vt 0.610538 0.479279
vt 0.611367 0.479280
vt 0.608909 0.473743
vt 0.609573 0.473911
vt 0.610538 0.474019
vt 0.611367 0.474019
vt 0.608909 0.468371
vt 0.609573 0.468492
vt 0.610538 0.468570
vt 0.611367 0.468570
vt 0.608909 0.462866
vt 0.609573 0.462939
vt 0.610538 0.462986
vt 0.611367 0.462986
vt 0.608909 0.457279
vt 0.609573 0.457304
vt 0.610538 0.457319
vt 0.611367 0.457319
vt 0.629115 0.451625
vt 0.629115 0.445959
vt 0.629899 0.445959
vt 0.629899 0.451625
vt 0.630480 0.445959
vt 0.630480 0.451625
vt 0.439470 0.444829
vt 0.433886 0.443718
vt 0.434162 0.442616
vt 0.439637 0.443705
vt 0.629115 0.440374
vt 0.629899 0.440374
vt 0.630480 0.440375
vt 0.428437 0.442065
vt 0.428820 0.440996
vt 0.629115 0.434926
vt 0.629899 0.434926
vt 0.630480 0.434926
vt 0.423177 0.439886
vt 0.423662 0.438860
vt 0.629115 0.429665
vt 0.629899 0.429665
vt 0.630480 0.429666
vt 0.418155 0.437202
vt 0.418739 0.436228
vt 0.629115 0.424644
vt 0.629899 0.424644
vt 0.630480 0.424644
vt 0.413421 0.434039
vt 0.414098 0.433127
vt 0.629115 0.419909
vt 0.629899 0.419909
vt 0.630480 0.419910
vt 0.409020 0.430427
vt 0.409782 0.429585
vt 0.629115 0.415508
vt 0.629899 0.415514
vt 0.630480 0.415529
vt 0.404994 0.426400
vt 0.405835 0.425638
vt 0.629115 0.230876
vt 0.629115 0.226850
vt 0.629899 0.226849
vt 0.629899 0.230871
vt 0.630480 0.226849
vt 0.630480 0.230856
vt 0.401382 0.421999
vt 0.402294 0.421323
vt 0.629115 0.222448
vt 0.629899 0.222448
vt 0.630480 0.222447
vt 0.398218 0.417265
vt 0.399192 0.416681
vt 0.629115 0.217714
vt 0.629899 0.217714
vt 0.630480 0.217713
vt 0.395534 0.412243
vt 0.396561 0.411758
vt 0.629115 0.212692
vt 0.629899 0.212692
vt 0.630480 0.212692
vt 0.393355 0.406983
vt 0.394425 0.406600
vt 0.629115 0.207432
vt 0.629899 0.207432
vt 0.630480 0.207431
vt 0.391703 0.401534
vt 0.392804 0.401258
vt 0.629115 0.201983
vt 0.629899 0.201983
vt 0.630480 0.201983
vt 0.390592 0.395950
vt 0.391715 0.395783
vt 0.629115 0.196399
vt 0.629899 0.196399
vt 0.630480 0.196398
vt 0.390034 0.390284
vt 0.391168 0.390228
vt 0.629115 0.190732
vt 0.629899 0.190732
vt 0.630480 0.190732
vt 0.390034 0.384590
vt 0.391168 0.384646
vt 0.629115 0.185038
vt 0.629899 0.185038
vt 0.630480 0.185038
vt 0.390592 0.378923
vt 0.391715 0.379090
vt 0.629115 0.179372
vt 0.629899 0.179372
vt 0.630480 0.179372
vt 0.391703 0.373339
vt 0.392804 0.373615
vt 0.629115 0.173787
vt 0.629899 0.173787
vt 0.630480 0.173787
vt 0.393356 0.367890
vt 0.394425 0.368273
vt 0.629115 0.168338
vt 0.629899 0.168338
vt 0.630480 0.168339
vt 0.395534 0.362630
vt 0.396561 0.363116
vt 0.629115 0.163078
vt 0.629899 0.163078
vt 0.630480 0.163078
vt 0.398219 0.357609
vt 0.399193 0.358192
vt 0.629115 0.158056
vt 0.629899 0.158056
vt 0.630480 0.158057
vt 0.401382 0.352874
vt 0.402294 0.353551
vt 0.629115 0.153322
vt 0.629899 0.153322
vt 0.630480 0.153323
vt 0.404994 0.348473
vt 0.405835 0.349236
vt 0.629115 0.148921
vt 0.629899 0.148921
vt 0.630480 0.148921
vt 0.409020 0.344447
vt 0.409783 0.345288
vt 0.629115 0.144894
vt 0.629899 0.144900
vt 0.630480 0.144914
vt 0.413422 0.340835
vt 0.414098 0.341747
vt 0.604541 0.326645
vt 0.604541 0.331047
vt 0.603757 0.331047
vt 0.603757 0.326651
vt 0.603176 0.331048
vt 0.603176 0.326667
vt 0.418156 0.337672
vt 0.418739 0.338646
vt 0.604541 0.335781
vt 0.603757 0.335781
vt 0.603176 0.335782
vt 0.423177 0.334988
vt 0.423663 0.336014
vt 0.604541 0.340803
vt 0.603757 0.340803
vt 0.603176 0.340803
vt 0.428438 0.332809
vt 0.428820 0.333878
vt 0.604541 0.346063
vt 0.603757 0.346063
vt 0.603176 0.346064
vt 0.433886 0.331156
vt 0.434162 0.332257
vt 0.604541 0.351512
vt 0.603757 0.351512
vt 0.603176 0.351512
vt 0.439471 0.330045
vt 0.439637 0.331168
vt 0.604541 0.357097
vt 0.603757 0.357097
vt 0.603176 0.357097
vt 0.445137 0.329487
vt 0.445193 0.330621
vt 0.604541 0.362763
vt 0.603757 0.362763
vt 0.603176 0.362763
vt 0.450831 0.329487
vt 0.450775 0.330621
vt 0.604541 0.368457
vt 0.603757 0.368457
vt 0.603176 0.368457
vt 0.456497 0.330045
vt 0.456330 0.331168
vt 0.604541 0.374124
vt 0.603757 0.374124
vt 0.603176 0.374123
vt 0.462081 0.331156
vt 0.461805 0.332257
vt 0.604541 0.379708
vt 0.603757 0.379708
vt 0.603176 0.379708
vt 0.467530 0.332809
vt 0.467148 0.333878
vt 0.604541 0.385157
vt 0.603757 0.385157
vt 0.603176 0.385156
vt 0.472790 0.334988
vt 0.472305 0.336014
vt 0.604541 0.390417
vt 0.603757 0.390417
vt 0.603176 0.390417
vt 0.477812 0.337672
vt 0.477228 0.338646
vt 0.604541 0.395439
vt 0.603757 0.395439
vt 0.603176 0.395438
vt 0.482546 0.340835
vt 0.481870 0.341747
vt 0.604541 0.400173
vt 0.603757 0.400173
vt 0.603176 0.400172
vt 0.486947 0.344447
vt 0.486185 0.345289
vt 0.604541 0.404575
vt 0.603757 0.404574
vt 0.603176 0.404574
vt 0.490974 0.348473
vt 0.490132 0.349236
vt 0.604541 0.408601
vt 0.603757 0.408595
vt 0.603176 0.408581
vt 0.494586 0.352875
vt 0.493674 0.353551
vt 0.629115 0.319738
vt 0.629115 0.315712
vt 0.629899 0.315712
vt 0.629899 0.319733
vt 0.630480 0.315711
vt 0.630480 0.319719
vt 0.497749 0.357609
vt 0.496775 0.358193
vt 0.629115 0.311311
vt 0.629899 0.311310
vt 0.630480 0.311310
vt 0.500433 0.362630
vt 0.499406 0.363116
vt 0.629115 0.306576
vt 0.629899 0.306576
vt 0.630480 0.306576
vt 0.502612 0.367891
vt 0.501543 0.368273
vt 0.629115 0.301555
vt 0.629899 0.301555
vt 0.630480 0.301554
vt 0.504265 0.373339
vt 0.503163 0.373615
vt 0.629115 0.296294
vt 0.629899 0.296294
vt 0.630480 0.296294
vt 0.505376 0.378924
vt 0.504252 0.379090
vt 0.629115 0.290846
vt 0.629899 0.290845
vt 0.630480 0.290845
vt 0.505933 0.384590
vt 0.504799 0.384646
vt 0.629115 0.285261
vt 0.629899 0.285261
vt 0.630480 0.285261
vt 0.505933 0.390284
vt 0.504799 0.390228
vt 0.629115 0.279595
vt 0.629899 0.279595
vt 0.630480 0.279594
vt 0.505375 0.395950
vt 0.504252 0.395784
vt 0.629115 0.273901
vt 0.629899 0.273901
vt 0.630480 0.273901
vt 0.504264 0.401535
vt 0.503163 0.401259
vt 0.629115 0.268234
vt 0.629899 0.268234
vt 0.630480 0.268234
vt 0.502612 0.406983
vt 0.501543 0.406601
vt 0.629115 0.262650
vt 0.629899 0.262650
vt 0.630480 0.262650
vt 0.500433 0.412244
vt 0.499406 0.411758
vt 0.629115 0.257201
vt 0.629899 0.257201
vt 0.630480 0.257201
vt 0.497749 0.417265
vt 0.496775 0.416681
vt 0.629115 0.251940
vt 0.629899 0.251941
vt 0.630480 0.251941
vt 0.494585 0.421999
vt 0.493673 0.421323
vt 0.629115 0.246919
vt 0.629899 0.246919
vt 0.630480 0.246919
vt 0.490973 0.426401
vt 0.490132 0.425638
vt 0.629115 0.242184
vt 0.629899 0.242185
vt 0.630480 0.242185
vt 0.486947 0.430427
vt 0.486185 0.429585
vt 0.629115 0.237783
vt 0.629899 0.237789
vt 0.630480 0.237805
vt 0.482546 0.434039
vt 0.481869 0.433127
vt 0.629115 0.493437
vt 0.629115 0.489035
vt 0.629899 0.489035
vt 0.629899 0.493431
vt 0.630480 0.489035
vt 0.630480 0.493415
vt 0.477812 0.437202
vt 0.477228 0.436228
vt 0.629115 0.484301
vt 0.629899 0.484301
vt 0.630480 0.484300
vt 0.472790 0.439886
vt 0.472305 0.438860
vt 0.629115 0.479280
vt 0.629899 0.479279
vt 0.630480 0.479279
vt 0.467530 0.442065
vt 0.467147 0.440996
vt 0.629115 0.474019
vt 0.629899 0.474019
vt 0.630480 0.474019
vt 0.462081 0.443718
vt 0.461805 0.442616
vt 0.629115 0.468570
vt 0.629899 0.468570
vt 0.630480 0.468570
vt 0.456497 0.444829
vt 0.456330 0.443705
vt 0.629115 0.462986
vt 0.629899 0.462986
vt 0.630480 0.462986
vt 0.450830 0.445387
vt 0.450775 0.444253
vt 0.629115 0.457319
vt 0.629899 0.457319
vt 0.630480 0.457319
vt 0.445137 0.445387
vt 0.445192 0.444253
vt 0.440806 0.435826
vt 0.436097 0.434890
vt 0.436266 0.434215
vt 0.440908 0.435139
vt 0.436502 0.433272
vt 0.441050 0.434176
vt 0.436705 0.432461
vt 0.441173 0.433350
vt 0.431503 0.433496
vt 0.431737 0.432842
vt 0.432065 0.431926
vt 0.432346 0.431139
vt 0.427068 0.431659
vt 0.427365 0.431031
vt 0.427781 0.430151
vt 0.428138 0.429396
vt 0.422834 0.429396
vt 0.423192 0.428800
vt 0.423692 0.427965
vt 0.424121 0.427248
vt 0.418842 0.426729
vt 0.419257 0.426170
vt 0.419836 0.425389
vt 0.420334 0.424718
vt 0.415132 0.423683
vt 0.415598 0.423168
vt 0.416252 0.422447
vt 0.416813 0.421828
vt 0.411737 0.420289
vt 0.412252 0.419822
vt 0.412973 0.419169
vt 0.413592 0.418608
vt 0.408692 0.416578
vt 0.409250 0.416164
vt 0.410031 0.415584
vt 0.410702 0.415086
vt 0.406024 0.412586
vt 0.406621 0.412229
vt 0.407455 0.411728
vt 0.408171 0.411298
vt 0.403761 0.408352
vt 0.404390 0.408055
vt 0.405269 0.407639
vt 0.406025 0.407282
vt 0.401924 0.403917
vt 0.402579 0.403683
vt 0.403495 0.403355
vt 0.404281 0.403073
vt 0.400531 0.399323
vt 0.401205 0.399154
vt 0.402149 0.398918
vt 0.402959 0.398715
vt 0.399594 0.394615
vt 0.400282 0.394513
vt 0.401244 0.394370
vt 0.402071 0.394248
vt 0.399124 0.389837
vt 0.399818 0.389803
vt 0.400790 0.389755
vt 0.401624 0.389713
vt 0.399124 0.385036
vt 0.399818 0.385071
vt 0.400790 0.385119
vt 0.401624 0.385160
vt 0.399594 0.380259
vt 0.400282 0.380361
vt 0.401244 0.380504
vt 0.402071 0.380626
vt 0.400531 0.375550
vt 0.401205 0.375719
vt 0.402149 0.375955
vt 0.402959 0.376158
vt 0.401924 0.370956
vt 0.402579 0.371191
vt 0.403495 0.371519
vt 0.404281 0.371801
vt 0.403761 0.366521
vt 0.404390 0.366818
vt 0.405269 0.367234
vt 0.406025 0.367591
vt 0.406025 0.362287
vt 0.406621 0.362645
vt 0.407455 0.363145
vt 0.408172 0.363574
vt 0.408692 0.358296
vt 0.409250 0.358710
vt 0.410031 0.359289
vt 0.410703 0.359787
vt 0.411737 0.354585
vt 0.412252 0.355052
vt 0.412973 0.355705
vt 0.413592 0.356266
vt 0.415132 0.351190
vt 0.415599 0.351705
vt 0.416252 0.352426
vt 0.416813 0.353046
vt 0.418843 0.348145
vt 0.419257 0.348703
vt 0.419836 0.349485
vt 0.420334 0.350156
vt 0.422834 0.345478
vt 0.423192 0.346074
vt 0.423692 0.346908
vt 0.424122 0.347625
vt 0.427068 0.343215
vt 0.427365 0.343843
vt 0.427781 0.344722
vt 0.428139 0.345478
vt 0.431503 0.341378
vt 0.431738 0.342032
vt 0.432065 0.342948
vt 0.432347 0.343735
vt 0.436098 0.339984
vt 0.436266 0.340658
vt 0.436503 0.341602
vt 0.436706 0.342413
vt 0.440806 0.339047
vt 0.440908 0.339735
vt 0.441051 0.340697
vt 0.441173 0.341524
vt 0.445583 0.338577
vt 0.445618 0.339271
vt 0.445665 0.340243
vt 0.445706 0.341077
vt 0.450384 0.338577
vt 0.450350 0.339271
vt 0.450302 0.340243
vt 0.450261 0.341078
vt 0.455162 0.339047
vt 0.455060 0.339735
vt 0.454917 0.340697
vt 0.454794 0.341524
vt 0.459870 0.339984
vt 0.459701 0.340659
vt 0.459465 0.341602
vt 0.459262 0.342413
vt 0.464464 0.341378
vt 0.464230 0.342032
vt 0.463902 0.342948
vt 0.463621 0.343735
vt 0.468899 0.343215
vt 0.468602 0.343843
vt 0.468186 0.344723
vt 0.467829 0.345478
vt 0.473133 0.345478
vt 0.472776 0.346074
vt 0.472276 0.346909
vt 0.471846 0.347625
vt 0.477125 0.348145
vt 0.476711 0.348703
vt 0.476131 0.349485
vt 0.475634 0.350156
vt 0.480836 0.351190
vt 0.480369 0.351706
vt 0.479715 0.352426
vt 0.479154 0.353046
vt 0.484230 0.354585
vt 0.483715 0.355052
vt 0.482994 0.355705
vt 0.482375 0.356266
vt 0.487276 0.358296
vt 0.486717 0.358710
vt 0.485936 0.359290
vt 0.485265 0.359788
vt 0.489943 0.362288
vt 0.489347 0.362645
vt 0.488512 0.363146
vt 0.487796 0.363575
vt 0.492206 0.366522
vt 0.491577 0.366819
vt 0.490698 0.367235
vt 0.489942 0.367592
vt 0.494043 0.370957
vt 0.493388 0.371191
vt 0.492473 0.371519
vt 0.491686 0.371800
vt 0.495437 0.375551
vt 0.494762 0.375720
vt 0.493819 0.375956
vt 0.493008 0.376159
vt 0.496373 0.380259
vt 0.495685 0.380361
vt 0.494723 0.380504
vt 0.493896 0.380626
vt 0.496844 0.385037
vt 0.496149 0.385071
vt 0.495178 0.385119
vt 0.494343 0.385161
vt 0.496844 0.389837
vt 0.496149 0.389803
vt 0.495178 0.389755
vt 0.494343 0.389714
vt 0.496373 0.394615
vt 0.495685 0.394513
vt 0.494723 0.394370
vt 0.493896 0.394248
vt 0.495437 0.399323
vt 0.494762 0.399155
vt 0.493819 0.398919
vt 0.493008 0.398716
vt 0.494043 0.403917
vt 0.493388 0.403683
vt 0.492473 0.403355
vt 0.491686 0.403073
vt 0.492206 0.408353
vt 0.491577 0.408055
vt 0.490698 0.407640
vt 0.489942 0.407283
vt 0.489943 0.412586
vt 0.489346 0.412229
vt 0.488512 0.411729
vt 0.487795 0.411299
vt 0.487276 0.416578
vt 0.486717 0.416164
vt 0.485936 0.415584
vt 0.485265 0.415087
vt 0.484230 0.420289
vt 0.483715 0.419822
vt 0.482994 0.419169
vt 0.482375 0.418608
vt 0.480835 0.423684
vt 0.480369 0.423168
vt 0.479715 0.422447
vt 0.479154 0.421828
vt 0.477124 0.426729
vt 0.476710 0.426171
vt 0.476131 0.425389
vt 0.475633 0.424718
vt 0.473133 0.429396
vt 0.472775 0.428800
vt 0.472275 0.427966
vt 0.471845 0.427249
vt 0.468899 0.431659
vt 0.468602 0.431031
vt 0.468186 0.430151
vt 0.467829 0.429396
vt 0.464464 0.433496
vt 0.464230 0.432842
vt 0.463902 0.431926
vt 0.463621 0.431139
vt 0.459870 0.434890
vt 0.459701 0.434215
vt 0.459464 0.433272
vt 0.459261 0.432461
vt 0.455161 0.435826
vt 0.455059 0.435139
vt 0.454916 0.434176
vt 0.454794 0.433350
vt 0.450384 0.436297
vt 0.450350 0.435602
vt 0.450302 0.434631
vt 0.450261 0.433796
vt 0.445583 0.436297
vt 0.445617 0.435602
vt 0.445665 0.434631
vt 0.445706 0.433796
s 1
usemtl 04_|_polished_ball_and_face
f 3873/4720/3876 4124/4721/3877 4126/4722/3878 3875/4723/3879
s 0
f 3875/4724/3880 4126/4725/3880 4127/4726/3880 3874/4727/3880
f 3874/4727/3881 4127/4726/3881 4125/4728/3881 3872/4729/3881
f 4121/4730/3882 4125/4728/3882 4127/4726/3882 4123/4731/3882
f 4123/4731/3883 4127/4726/3883 4126/4725/3883 4122/4732/3883
s 1
f 4122/4733/3884 4126/4722/3878 4124/4721/3877 4120/4734/3885
s 0
f 4117/4735/3886 4121/4730/3886 4123/4731/3886 4119/4736/3886
f 4119/4736/3887 4123/4731/3887 4122/4732/3887 4118/4737/3887
s 1
f 4118/4738/3888 4122/4733/3884 4120/4734/3885 4116/4739/3889
s 0
f 4113/4740/3890 4117/4735/3890 4119/4736/3890 4115/4741/3890
f 4115/4741/3891 4119/4736/3891 4118/4737/3891 4114/4742/3891
s 1
f 4114/4743/3892 4118/4738/3888 4116/4739/3889 4112/4744/3893
s 0
f 4109/4745/3894 4113/4740/3894 4115/4741/3894 4111/4746/3894
f 4111/4746/3895 4115/4741/3895 4114/4742/3895 4110/4747/3895
s 1
f 4110/4748/3896 4114/4743/3892 4112/4744/3893 4108/4749/3897
s 0
f 4105/4750/3898 4109/4745/3898 4111/4746/3898 4107/4751/3898
f 4107/4751/3899 4111/4746/3899 4110/4747/3899 4106/4752/3899
s 1
f 4106/4753/3900 4110/4748/3896 4108/4749/3897 4104/4754/3901
s 0
f 4101/4755/3902 4105/4750/3902 4107/4751/3902 4103/4756/3902
f 4103/4756/3903 4107/4751/3903 4106/4752/3903 4102/4757/3903
s 1
f 4102/4758/3904 4106/4753/3900 4104/4754/3901 4100/4759/3905
s 0
f 4097/4760/3906 4101/4755/3906 4103/4756/3906 4099/4761/3906
f 4099/4761/3907 4103/4756/3907 4102/4757/3907 4098/4762/3907
s 1
f 4098/4763/3908 4102/4758/3904 4100/4759/3905 4096/4764/3909
s 0
f 4093/4765/3910 4097/4760/3910 4099/4761/3910 4095/4766/3910
s 1
f 4095/4767/3911 4099/4768/3912 4098/4769/3908 4094/4770/3913
f 4094/4770/3913 4098/4769/3908 4096/4771/3909 4092/4772/3914
s 0
f 4089/4773/3915 4093/4765/3915 4095/4766/3915 4091/4774/3915
s 1
f 4091/4775/3916 4095/4767/3911 4094/4770/3913 4090/4776/3917
f 4090/4776/3917 4094/4770/3913 4092/4772/3914 4088/4777/3918
s 0
f 4085/4778/3919 4089/4773/3919 4091/4774/3919 4087/4779/3919
s 1
f 4087/4780/3920 4091/4775/3916 4090/4776/3917 4086/4781/3921
f 4086/4781/3921 4090/4776/3917 4088/4777/3918 4084/4782/3922
s 0
f 4081/4783/3923 4085/4778/3923 4087/4779/3923 4083/4784/3923
s 1
f 4083/4785/3924 4087/4780/3920 4086/4781/3921 4082/4786/3925
f 4082/4786/3925 4086/4781/3921 4084/4782/3922 4080/4787/3926
s 0
f 4077/4788/3927 4081/4783/3927 4083/4784/3927 4079/4789/3927
s 1
f 4079/4790/3928 4083/4785/3924 4082/4786/3925 4078/4791/3929
f 4078/4791/3929 4082/4786/3925 4080/4787/3926 4076/4792/3930
s 0
f 4073/4793/3931 4077/4788/3931 4079/4789/3931 4075/4794/3931
s 1
f 4075/4795/3932 4079/4790/3928 4078/4791/3929 4074/4796/3933
f 4074/4796/3933 4078/4791/3929 4076/4792/3930 4072/4797/3934
s 0
f 4069/4798/3935 4073/4793/3935 4075/4794/3935 4071/4799/3935
s 1
f 4071/4800/3936 4075/4795/3932 4074/4796/3933 4070/4801/3937
f 4070/4801/3937 4074/4796/3933 4072/4797/3934 4068/4802/3938
s 0
f 4065/4803/3939 4069/4798/3939 4071/4799/3939 4067/4804/3939
s 1
f 4067/4805/3940 4071/4800/3936 4070/4801/3937 4066/4806/3941
f 4066/4806/3941 4070/4801/3937 4068/4802/3938 4064/4807/3942
s 0
f 4061/4808/3943 4065/4803/3943 4067/4804/3943 4063/4809/3943
s 1
f 4063/4810/3944 4067/4805/3940 4066/4806/3941 4062/4811/3945
f 4062/4811/3945 4066/4806/3941 4064/4807/3942 4060/4812/3946
s 0
f 4057/4813/3947 4061/4808/3947 4063/4809/3947 4059/4814/3947
s 1
f 4059/4815/3948 4063/4810/3944 4062/4811/3945 4058/4816/3949
f 4058/4816/3949 4062/4811/3945 4060/4812/3946 4056/4817/3950
s 0
f 4053/4818/3951 4057/4813/3951 4059/4814/3951 4055/4819/3951
s 1
f 4055/4820/3952 4059/4815/3948 4058/4816/3949 4054/4821/3953
f 4054/4821/3953 4058/4816/3949 4056/4817/3950 4052/4822/3954
s 0
f 4049/4823/3955 4053/4818/3955 4055/4819/3955 4051/4824/3955
s 1
f 4051/4825/3956 4055/4820/3952 4054/4821/3953 4050/4826/3957
f 4050/4826/3957 4054/4821/3953 4052/4822/3954 4048/4827/3958
s 0
f 4045/4828/3959 4049/4823/3959 4051/4824/3959 4047/4829/3959
s 1
f 4047/4830/3960 4051/4825/3956 4050/4826/3957 4046/4831/3961
f 4046/4831/3961 4050/4826/3957 4048/4827/3958 4044/4832/3962
s 0
f 4041/4833/3963 4045/4828/3963 4047/4829/3963 4043/4834/3963
s 1
f 4043/4835/3964 4047/4830/3960 4046/4831/3961 4042/4836/3965
f 4042/4836/3965 4046/4831/3961 4044/4832/3962 4040/4837/3966
s 0
f 4037/4838/3967 4041/4833/3967 4043/4834/3967 4039/4839/3967
s 1
f 4039/4840/3968 4043/4835/3964 4042/4836/3965 4038/4841/3969
f 4038/4841/3969 4042/4836/3965 4040/4837/3966 4036/4842/3970
s 0
f 4033/4843/3971 4037/4838/3971 4039/4839/3971 4035/4844/3971
f 4035/4844/3972 4039/4839/3972 4038/4845/3972 4034/4846/3972
s 1
f 4034/4846/3973 4038/4845/3969 4036/4847/3970 4032/4848/3974
s 0
f 4029/4849/3975 4033/4843/3975 4035/4844/3975 4031/4850/3975
f 4031/4850/3976 4035/4844/3976 4034/4846/3976 4030/4851/3976
s 1
f 4030/4851/3977 4034/4846/3973 4032/4848/3974 4028/4852/3978
s 0
f 4025/4853/3979 4029/4849/3979 4031/4850/3979 4027/4854/3979
f 4027/4854/3980 4031/4850/3980 4030/4851/3980 4026/4855/3980
s 1
f 4026/4856/3981 4030/4857/3977 4028/4858/3978 4024/4859/3982
s 0
f 4021/4860/3983 4025/4853/3983 4027/4854/3983 4023/4861/3983
f 4023/4861/3984 4027/4854/3984 4026/4855/3984 4022/4862/3984
s 1
f 4022/4863/3985 4026/4856/3981 4024/4859/3982 4020/4864/3986
s 0
f 4017/4865/3987 4021/4860/3987 4023/4861/3987 4019/4866/3987
f 4019/4866/3988 4023/4861/3988 4022/4862/3988 4018/4867/3988
s 1
f 4018/4868/3989 4022/4863/3985 4020/4864/3986 4016/4869/3990
s 0
f 4013/4870/3991 4017/4865/3991 4019/4866/3991 4015/4871/3991
f 4015/4871/3992 4019/4866/3992 4018/4867/3992 4014/4872/3992
s 1
f 4014/4873/3993 4018/4868/3989 4016/4869/3990 4012/4874/3994
s 0
f 4009/4875/3995 4013/4870/3995 4015/4871/3995 4011/4876/3995
f 4011/4876/3996 4015/4871/3996 4014/4872/3996 4010/4877/3996
s 1
f 4010/4878/3997 4014/4873/3993 4012/4874/3994 4008/4879/3998
s 0
f 4005/4880/3999 4009/4875/3999 4011/4876/3999 4007/4881/3999
f 4007/4881/4000 4011/4876/4000 4010/4877/4000 4006/4882/4000
s 1
f 4006/4883/4001 4010/4878/3997 4008/4879/3998 4004/4884/4002
s 0
f 4001/4885/4003 4005/4880/4003 4007/4881/4003 4003/4886/4003
f 4003/4886/4004 4007/4881/4004 4006/4882/4004 4002/4887/4004
s 1
f 4002/4888/4005 4006/4883/4001 4004/4884/4002 4000/4889/4006
s 0
f 3997/4890/4007 4001/4885/4007 4003/4886/4007 3999/4891/4007
f 3999/4891/4008 4003/4886/4008 4002/4887/4008 3998/4892/4008
s 1
f 3998/4893/4009 4002/4888/4005 4000/4889/4006 3996/4894/4010
s 0
f 3993/4895/4011 3997/4890/4011 3999/4891/4011 3995/4896/4011
f 3995/4896/4012 3999/4891/4012 3998/4892/4012 3994/4897/4012
s 1
f 3994/4898/4013 3998/4893/4009 3996/4894/4010 3992/4899/4014
s 0
f 3989/4900/4015 3993/4895/4015 3995/4896/4015 3991/4901/4015
f 3991/4901/4016 3995/4896/4016 3994/4897/4016 3990/4902/4016
s 1
f 3990/4903/4017 3994/4898/4013 3992/4899/4014 3988/4904/4018
s 0
f 3985/4905/4019 3989/4900/4019 3991/4901/4019 3987/4906/4019
f 3987/4906/4020 3991/4901/4020 3990/4902/4020 3986/4907/4020
s 1
f 3986/4908/4021 3990/4903/4017 3988/4904/4018 3984/4909/4022
s 0
f 3981/4910/4023 3985/4905/4023 3987/4906/4023 3983/4911/4023
f 3983/4911/4024 3987/4906/4024 3986/4907/4024 3982/4912/4024
s 1
f 3982/4913/4025 3986/4908/4021 3984/4909/4022 3980/4914/4026
s 0
f 3977/4915/4027 3981/4910/4027 3983/4911/4027 3979/4916/4027
f 3979/4916/4028 3983/4911/4028 3982/4912/4028 3978/4917/4028
s 1
f 3978/4918/4029 3982/4913/4025 3980/4914/4026 3976/4919/4030
s 0
f 3973/4920/4031 3977/4915/4031 3979/4916/4031 3975/4921/4031
f 3975/4921/4032 3979/4916/4032 3978/4917/4032 3974/4922/4032
s 1
f 3974/4923/4033 3978/4918/4029 3976/4919/4030 3972/4924/4034
s 0
f 3969/4925/4035 3973/4920/4035 3975/4921/4035 3971/4926/4035
f 3971/4926/4036 3975/4921/4036 3974/4922/4036 3970/4927/4036
s 1
f 3970/4928/4037 3974/4923/4033 3972/4924/4034 3968/4929/4038
s 0
f 3965/4930/4039 3969/4925/4039 3971/4926/4039 3967/4931/4039
f 3967/4931/4040 3971/4926/4040 3970/4927/4040 3966/4932/4040
s 1
f 3966/4932/4041 3970/4927/4037 3968/4933/4038 3964/4934/4042
s 0
f 3961/4935/4043 3965/4930/4043 3967/4931/4043 3963/4936/4043
s 1
f 3963/4937/4044 3967/4938/4045 3966/4939/4041 3962/4940/4046
f 3962/4940/4046 3966/4939/4041 3964/4941/4042 3960/4942/4047
s 0
f 3957/4943/4048 3961/4935/4048 3963/4936/4048 3959/4944/4048
s 1
f 3959/4945/4049 3963/4937/4044 3962/4940/4046 3958/4946/4050
f 3958/4946/4050 3962/4940/4046 3960/4942/4047 3956/4947/4051
s 0
f 3953/4948/4052 3957/4943/4052 3959/4944/4052 3955/4949/4052
s 1
f 3955/4950/4053 3959/4945/4049 3958/4946/4050 3954/4951/4054
f 3954/4951/4054 3958/4946/4050 3956/4947/4051 3952/4952/4055
s 0
f 3949/4953/4056 3953/4948/4056 3955/4949/4056 3951/4954/4056
s 1
f 3951/4955/4057 3955/4950/4053 3954/4951/4054 3950/4956/4058
f 3950/4956/4058 3954/4951/4054 3952/4952/4055 3948/4957/4059
s 0
f 3945/4958/4060 3949/4953/4060 3951/4954/4060 3947/4959/4060
s 1
f 3947/4960/4061 3951/4955/4057 3950/4956/4058 3946/4961/4062
f 3946/4961/4062 3950/4956/4058 3948/4957/4059 3944/4962/4063
s 0
f 3941/4963/4064 3945/4958/4064 3947/4959/4064 3943/4964/4064
s 1
f 3943/4965/4065 3947/4960/4061 3946/4961/4062 3942/4966/4066
f 3942/4966/4066 3946/4961/4062 3944/4962/4063 3940/4967/4067
s 0
f 3937/4968/4068 3941/4963/4068 3943/4964/4068 3939/4969/4068
s 1
f 3939/4970/4069 3943/4965/4065 3942/4966/4066 3938/4971/4070
f 3938/4971/4070 3942/4966/4066 3940/4967/4067 3936/4972/4071
s 0
f 3933/4973/4072 3937/4968/4072 3939/4969/4072 3935/4974/4072
s 1
f 3935/4975/4073 3939/4970/4069 3938/4971/4070 3934/4976/4074
f 3934/4976/4074 3938/4971/4070 3936/4972/4071 3932/4977/4075
s 0
f 3929/4978/4076 3933/4973/4076 3935/4974/4076 3931/4979/4076
s 1
f 3931/4980/4077 3935/4975/4073 3934/4976/4074 3930/4981/4078
f 3930/4981/4078 3934/4976/4074 3932/4977/4075 3928/4982/4079
s 0
f 3925/4983/4080 3929/4978/4080 3931/4979/4080 3927/4984/4080
s 1
f 3927/4985/4081 3931/4980/4077 3930/4981/4078 3926/4986/4082
f 3926/4986/4082 3930/4981/4078 3928/4982/4079 3924/4987/4083
s 0
f 3921/4988/4084 3925/4983/4084 3927/4984/4084 3923/4989/4084
s 1
f 3923/4990/4085 3927/4985/4081 3926/4986/4082 3922/4991/4086
f 3922/4991/4086 3926/4986/4082 3924/4987/4083 3920/4992/4087
s 0
f 3917/4993/4088 3921/4988/4088 3923/4989/4088 3919/4994/4088
s 1
f 3919/4995/4089 3923/4990/4085 3922/4991/4086 3918/4996/4090
f 3918/4996/4090 3922/4991/4086 3920/4992/4087 3916/4997/4091
s 0
f 3913/4998/4092 3917/4993/4092 3919/4994/4092 3915/4999/4092
s 1
f 3915/5000/4093 3919/4995/4089 3918/4996/4090 3914/5001/4094
f 3914/5001/4094 3918/4996/4090 3916/4997/4091 3912/5002/4095
s 0
f 3909/5003/4096 3913/4998/4096 3915/4999/4096 3911/5004/4096
s 1
f 3911/5005/4097 3915/5000/4093 3914/5001/4094 3910/5006/4098
f 3910/5006/4098 3914/5001/4094 3912/5002/4095 3908/5007/4099
s 0
f 3905/5008/4100 3909/5003/4100 3911/5004/4100 3907/5009/4100
s 1
f 3907/5010/4101 3911/5005/4097 3910/5006/4098 3906/5011/4102
f 3906/5011/4102 3910/5006/4098 3908/5007/4099 3904/5012/4103
s 0
f 3901/5013/4104 3905/5008/4104 3907/5009/4104 3903/5014/4104
f 3903/5014/4105 3907/5009/4105 3906/5015/4105 3902/5016/4105
s 1
f 3902/5016/4106 3906/5015/4102 3904/5017/4103 3900/5018/4107
s 0
f 3897/5019/4108 3901/5013/4108 3903/5014/4108 3899/5020/4108
f 3899/5020/4109 3903/5014/4109 3902/5016/4109 3898/5021/4109
s 1
f 3898/5022/4110 3902/5023/4106 3900/5024/4107 3896/5025/4111
s 0
f 3893/5026/4112 3897/5019/4112 3899/5020/4112 3895/5027/4112
f 3895/5027/4113 3899/5020/4113 3898/5021/4113 3894/5028/4113
s 1
f 3894/5029/4114 3898/5022/4110 3896/5025/4111 3892/5030/4115
s 0
f 3889/5031/4116 3893/5026/4116 3895/5027/4116 3891/5032/4116
f 3891/5032/4117 3895/5027/4117 3894/5028/4117 3890/5033/4117
s 1
f 3890/5034/4118 3894/5029/4114 3892/5030/4115 3888/5035/4119
s 0
f 3885/5036/4120 3889/5031/4120 3891/5032/4120 3887/5037/4120
f 3887/5037/4121 3891/5032/4121 3890/5033/4121 3886/5038/4121
s 1
f 3886/5039/4122 3890/5034/4118 3888/5035/4119 3884/5040/4123
s 0
f 3881/5041/4124 3885/5036/4124 3887/5037/4124 3883/5042/4124
f 3883/5042/4125 3887/5037/4125 3886/5038/4125 3882/5043/4125
s 1
f 3882/5044/4126 3886/5039/4122 3884/5040/4123 3880/5045/4127
s 0
f 3877/5046/4128 3881/5041/4128 3883/5042/4128 3879/5047/4128
f 3879/5047/4129 3883/5042/4129 3882/5043/4129 3878/5048/4129
s 1
f 3878/5049/4130 3882/5044/4126 3880/5045/4127 3876/5050/4131
s 0
f 3872/4729/4132 3877/5046/4132 3879/5047/4132 3874/4727/4132
f 3874/4727/4133 3879/5047/4133 3878/5048/4133 3875/4724/4133
s 1
f 3875/4723/3879 3878/5049/4130 3876/5050/4131 3873/4720/3876
f 4129/5051/4134 4132/5052/4135 4134/5053/4136 4131/5054/4137
f 4131/5054/4137 4134/5053/4136 4135/5055/4138 4130/5056/4139
f 4130/5056/4139 4135/5055/4138 4133/5057/4140 4128/5058/4141
f 4132/5052/4135 4136/5059/4142 4138/5060/4143 4134/5053/4136
f 4134/5053/4136 4138/5060/4143 4139/5061/4144 4135/5055/4138
f 4135/5055/4138 4139/5061/4144 4137/5062/4145 4133/5057/4140
f 4136/5059/4142 4140/5063/4146 4142/5064/4147 4138/5060/4143
f 4138/5060/4143 4142/5064/4147 4143/5065/4148 4139/5061/4144
f 4139/5061/4144 4143/5065/4148 4141/5066/4149 4137/5062/4145
f 4140/5063/4146 4144/5067/4150 4146/5068/4151 4142/5064/4147
f 4142/5064/4147 4146/5068/4151 4147/5069/4152 4143/5065/4148
f 4143/5065/4148 4147/5069/4152 4145/5070/4153 4141/5066/4149
f 4144/5067/4150 4148/5071/4154 4150/5072/4155 4146/5068/4151
f 4146/5068/4151 4150/5072/4155 4151/5073/4156 4147/5069/4152
f 4147/5069/4152 4151/5073/4156 4149/5074/4157 4145/5070/4153
f 4148/5071/4154 4152/5075/4158 4154/5076/4159 4150/5072/4155
f 4150/5072/4155 4154/5076/4159 4155/5077/4160 4151/5073/4156
f 4151/5073/4156 4155/5077/4160 4153/5078/4161 4149/5074/4157
f 4152/5075/4158 4156/5079/4162 4158/5080/4163 4154/5076/4159
f 4154/5076/4159 4158/5080/4163 4159/5081/4164 4155/5077/4160
f 4155/5077/4160 4159/5081/4164 4157/5082/4165 4153/5078/4161
f 4156/5083/4162 4160/5084/4166 4162/5085/4167 4158/5086/4163
f 4158/5087/4163 4162/5088/4167 4163/5089/4168 4159/5090/4164
f 4159/5090/4164 4163/5089/4168 4161/5091/4169 4157/5092/4165
f 4160/5093/4166 4164/5094/4170 4166/5095/4171 4162/5088/4167
f 4162/5088/4167 4166/5095/4171 4167/5096/4172 4163/5089/4168
f 4163/5089/4168 4167/5096/4172 4165/5097/4173 4161/5091/4169
f 4164/5094/4170 4168/5098/4174 4170/5099/4175 4166/5095/4171
f 4166/5095/4171 4170/5099/4175 4171/5100/4176 4167/5096/4172
f 4167/5096/4172 4171/5100/4176 4169/5101/4177 4165/5097/4173
f 4168/5098/4174 4172/5102/4178 4174/5103/4179 4170/5099/4175
f 4170/5099/4175 4174/5103/4179 4175/5104/4180 4171/5100/4176
f 4171/5100/4176 4175/5104/4180 4173/5105/4181 4169/5101/4177
f 4172/5102/4178 4176/5106/4182 4178/5107/4183 4174/5103/4179
f 4174/5103/4179 4178/5107/4183 4179/5108/4184 4175/5104/4180
f 4175/5104/4180 4179/5108/4184 4177/5109/4185 4173/5105/4181
f 4176/5106/4182 4180/5110/4186 4182/5111/4187 4178/5107/4183
f 4178/5107/4183 4182/5111/4187 4183/5112/4188 4179/5108/4184
f 4179/5108/4184 4183/5112/4188 4181/5113/4189 4177/5109/4185
f 4180/5110/4186 4184/5114/4190 4186/5115/4191 4182/5111/4187
f 4182/5111/4187 4186/5115/4191 4187/5116/4192 4183/5112/4188
f 4183/5112/4188 4187/5116/4192 4185/5117/4193 4181/5113/4189
f 4184/5114/4190 4188/5118/4194 4190/5119/4195 4186/5115/4191
f 4186/5115/4191 4190/5119/4195 4191/5120/4196 4187/5116/4192
f 4187/5116/4192 4191/5120/4196 4189/5121/4197 4185/5117/4193
f 4188/5118/4194 4192/5122/4198 4194/5123/4199 4190/5119/4195
f 4190/5119/4195 4194/5123/4199 4195/5124/4200 4191/5120/4196
f 4191/5120/4196 4195/5124/4200 4193/5125/4201 4189/5121/4197
f 4192/5122/4198 4196/5126/4202 4198/5127/4203 4194/5123/4199
f 4194/5123/4199 4198/5127/4203 4199/5128/4204 4195/5124/4200
f 4195/5124/4200 4199/5128/4204 4197/5129/4205 4193/5125/4201
f 4196/5126/4202 4200/5130/4206 4202/5131/4207 4198/5127/4203
f 4198/5127/4203 4202/5131/4207 4203/5132/4208 4199/5128/4204
f 4199/5128/4204 4203/5132/4208 4201/5133/4209 4197/5129/4205
f 4200/5130/4206 4204/5134/4210 4206/5135/4211 4202/5131/4207
f 4202/5131/4207 4206/5135/4211 4207/5136/4212 4203/5132/4208
f 4203/5132/4208 4207/5136/4212 4205/5137/4213 4201/5133/4209
f 4204/5134/4210 4208/5138/4214 4210/5139/4215 4206/5135/4211
f 4206/5135/4211 4210/5139/4215 4211/5140/4216 4207/5136/4212
f 4207/5136/4212 4211/5140/4216 4209/5141/4217 4205/5137/4213
f 4208/5138/4214 4212/5142/4218 4214/5143/4219 4210/5139/4215
f 4210/5139/4215 4214/5143/4219 4215/5144/4220 4211/5140/4216
f 4211/5140/4216 4215/5144/4220 4213/5145/4221 4209/5141/4217
f 4212/5142/4218 4216/5146/4222 4218/5147/4223 4214/5143/4219
f 4214/5143/4219 4218/5147/4223 4219/5148/4224 4215/5144/4220
f 4215/5144/4220 4219/5148/4224 4217/5149/4225 4213/5145/4221
f 4216/5146/4222 4220/5150/4226 4222/5151/4227 4218/5147/4223
f 4218/5147/4223 4222/5151/4227 4223/5152/4228 4219/5148/4224
f 4219/5148/4224 4223/5152/4228 4221/5153/4229 4217/5149/4225
f 4220/5154/4226 4224/5155/4230 4226/5156/4231 4222/5157/4227
f 4222/5151/4227 4226/5158/4231 4227/5159/4232 4223/5152/4228
f 4223/5152/4228 4227/5159/4232 4225/5160/4233 4221/5153/4229
f 4224/5161/4230 4228/5162/4234 4230/5163/4235 4226/5164/4231
f 4226/5164/4231 4230/5163/4235 4231/5165/4236 4227/5166/4232
f 4227/5166/4232 4231/5165/4236 4229/5167/4237 4225/5168/4233
f 4228/5162/4234 4232/5169/4238 4234/5170/4239 4230/5163/4235
f 4230/5163/4235 4234/5170/4239 4235/5171/4240 4231/5165/4236
f 4231/5165/4236 4235/5171/4240 4233/5172/4241 4229/5167/4237
f 4232/5169/4238 4236/5173/4242 4238/5174/4243 4234/5170/4239
f 4234/5170/4239 4238/5174/4243 4239/5175/4244 4235/5171/4240
f 4235/5171/4240 4239/5175/4244 4237/5176/4245 4233/5172/4241
f 4236/5173/4242 4240/5177/4246 4242/5178/4247 4238/5174/4243
f 4238/5174/4243 4242/5178/4247 4243/5179/4248 4239/5175/4244
f 4239/5175/4244 4243/5179/4248 4241/5180/4249 4237/5176/4245
f 4240/5177/4246 4244/5181/4250 4246/5182/4251 4242/5178/4247
f 4242/5178/4247 4246/5182/4251 4247/5183/4252 4243/5179/4248
f 4243/5179/4248 4247/5183/4252 4245/5184/4253 4241/5180/4249
f 4244/5181/4250 4248/5185/4254 4250/5186/4255 4246/5182/4251
f 4246/5182/4251 4250/5186/4255 4251/5187/4256 4247/5183/4252
f 4247/5183/4252 4251/5187/4256 4249/5188/4257 4245/5184/4253
f 4248/5185/4254 4252/5189/4258 4254/5190/4259 4250/5186/4255
f 4250/5186/4255 4254/5190/4259 4255/5191/4260 4251/5187/4256
f 4251/5187/4256 4255/5191/4260 4253/5192/4261 4249/5188/4257
f 4252/5189/4258 4256/5193/4262 4258/5194/4263 4254/5190/4259
f 4254/5190/4259 4258/5194/4263 4259/5195/4264 4255/5191/4260
f 4255/5191/4260 4259/5195/4264 4257/5196/4265 4253/5192/4261
f 4256/5193/4262 4260/5197/4266 4262/5198/4267 4258/5194/4263
f 4258/5194/4263 4262/5198/4267 4263/5199/4268 4259/5195/4264
f 4259/5195/4264 4263/5199/4268 4261/5200/4269 4257/5196/4265
f 4260/5197/4266 4264/5201/4270 4266/5202/4271 4262/5198/4267
f 4262/5198/4267 4266/5202/4271 4267/5203/4272 4263/5199/4268
f 4263/5199/4268 4267/5203/4272 4265/5204/4273 4261/5200/4269
f 4264/5201/4270 4268/5205/4274 4270/5206/4275 4266/5202/4271
f 4266/5202/4271 4270/5206/4275 4271/5207/4276 4267/5203/4272
f 4267/5203/4272 4271/5207/4276 4269/5208/4277 4265/5204/4273
f 4268/5205/4274 4272/5209/4278 4274/5210/4279 4270/5206/4275
f 4270/5206/4275 4274/5210/4279 4275/5211/4280 4271/5207/4276
f 4271/5207/4276 4275/5211/4280 4273/5212/4281 4269/5208/4277
f 4272/5209/4278 4276/5213/4282 4278/5214/4283 4274/5210/4279
f 4274/5210/4279 4278/5214/4283 4279/5215/4284 4275/5211/4280
f 4275/5211/4280 4279/5215/4284 4277/5216/4285 4273/5212/4281
f 4276/5213/4282 4280/5217/4286 4282/5218/4287 4278/5214/4283
f 4278/5214/4283 4282/5218/4287 4283/5219/4288 4279/5215/4284
f 4279/5215/4284 4283/5219/4288 4281/5220/4289 4277/5216/4285
f 4280/5217/4286 4284/5221/4290 4286/5222/4291 4282/5218/4287
f 4282/5218/4287 4286/5222/4291 4287/5223/4292 4283/5219/4288
f 4283/5219/4288 4287/5223/4292 4285/5224/4293 4281/5220/4289
f 4284/5225/4290 4288/5226/4294 4290/5227/4295 4286/5228/4291
f 4286/5228/4291 4290/5227/4295 4291/5229/4296 4287/5230/4292
f 4287/5223/4292 4291/5231/4296 4289/5232/4297 4285/5224/4293
f 4288/5226/4294 4292/5233/4298 4294/5234/4299 4290/5227/4295
f 4290/5235/4295 4294/5236/4299 4295/5237/4300 4291/5238/4296
f 4291/5238/4296 4295/5237/4300 4293/5239/4301 4289/5240/4297
f 4292/5241/4298 4296/5242/4302 4298/5243/4303 4294/5236/4299
f 4294/5236/4299 4298/5243/4303 4299/5244/4304 4295/5237/4300
f 4295/5237/4300 4299/5244/4304 4297/5245/4305 4293/5239/4301
f 4296/5242/4302 4300/5246/4306 4302/5247/4307 4298/5243/4303
f 4298/5243/4303 4302/5247/4307 4303/5248/4308 4299/5244/4304
f 4299/5244/4304 4303/5248/4308 4301/5249/4309 4297/5245/4305
f 4300/5246/4306 4304/5250/4310 4306/5251/4311 4302/5247/4307
f 4302/5247/4307 4306/5251/4311 4307/5252/4312 4303/5248/4308
f 4303/5248/4308 4307/5252/4312 4305/5253/4313 4301/5249/4309
f 4304/5250/4310 4308/5254/4314 4310/5255/4315 4306/5251/4311
f 4306/5251/4311 4310/5255/4315 4311/5256/4316 4307/5252/4312
f 4307/5252/4312 4311/5256/4316 4309/5257/4317 4305/5253/4313
f 4308/5254/4314 4312/5258/4318 4314/5259/4319 4310/5255/4315
f 4310/5255/4315 4314/5259/4319 4315/5260/4320 4311/5256/4316
f 4311/5256/4316 4315/5260/4320 4313/5261/4321 4309/5257/4317
f 4312/5258/4318 4316/5262/4322 4318/5263/4323 4314/5259/4319
f 4314/5259/4319 4318/5263/4323 4319/5264/4324 4315/5260/4320
f 4315/5260/4320 4319/5264/4324 4317/5265/4325 4313/5261/4321
f 4316/5262/4322 4320/5266/4326 4322/5267/4327 4318/5263/4323
f 4318/5263/4323 4322/5267/4327 4323/5268/4328 4319/5264/4324
f 4319/5264/4324 4323/5268/4328 4321/5269/4329 4317/5265/4325
f 4320/5266/4326 4324/5270/4330 4326/5271/4331 4322/5267/4327
f 4322/5267/4327 4326/5271/4331 4327/5272/4332 4323/5268/4328
f 4323/5268/4328 4327/5272/4332 4325/5273/4333 4321/5269/4329
f 4324/5270/4330 4328/5274/4334 4330/5275/4335 4326/5271/4331
f 4326/5271/4331 4330/5275/4335 4331/5276/4336 4327/5272/4332
f 4327/5272/4332 4331/5276/4336 4329/5277/4337 4325/5273/4333
f 4328/5274/4334 4332/5278/4338 4334/5279/4339 4330/5275/4335
f 4330/5275/4335 4334/5279/4339 4335/5280/4340 4331/5276/4336
f 4331/5276/4336 4335/5280/4340 4333/5281/4341 4329/5277/4337
f 4332/5278/4338 4336/5282/4342 4338/5283/4343 4334/5279/4339
f 4334/5279/4339 4338/5283/4343 4339/5284/4344 4335/5280/4340
f 4335/5280/4340 4339/5284/4344 4337/5285/4345 4333/5281/4341
f 4336/5282/4342 4340/5286/4346 4342/5287/4347 4338/5283/4343
f 4338/5283/4343 4342/5287/4347 4343/5288/4348 4339/5284/4344
f 4339/5284/4344 4343/5288/4348 4341/5289/4349 4337/5285/4345
f 4340/5286/4346 4344/5290/4350 4346/5291/4351 4342/5287/4347
f 4342/5287/4347 4346/5291/4351 4347/5292/4352 4343/5288/4348
f 4343/5288/4348 4347/5292/4352 4345/5293/4353 4341/5289/4349
f 4344/5290/4350 4348/5294/4354 4350/5295/4355 4346/5291/4351
f 4346/5291/4351 4350/5295/4355 4351/5296/4356 4347/5292/4352
f 4347/5292/4352 4351/5296/4356 4349/5297/4357 4345/5293/4353
f 4348/5294/4354 4352/5298/4358 4354/5299/4359 4350/5295/4355
f 4350/5295/4355 4354/5299/4359 4355/5300/4360 4351/5296/4356
f 4351/5296/4356 4355/5300/4360 4353/5301/4361 4349/5297/4357
f 4352/5302/4358 4356/5303/4362 4358/5304/4363 4354/5305/4359
f 4354/5305/4359 4358/5304/4363 4359/5306/4364 4355/5307/4360
f 4355/5307/4360 4359/5306/4364 4357/5308/4365 4353/5309/4361
f 4356/5303/4362 4360/5310/4366 4362/5311/4367 4358/5304/4363
f 4358/5304/4363 4362/5311/4367 4363/5312/4368 4359/5306/4364
f 4359/5306/4364 4363/5312/4368 4361/5313/4369 4357/5308/4365
f 4360/5310/4366 4364/5314/4370 4366/5315/4371 4362/5311/4367
f 4362/5311/4367 4366/5315/4371 4367/5316/4372 4363/5312/4368
f 4363/5312/4368 4367/5316/4372 4365/5317/4373 4361/5313/4369
f 4364/5314/4370 4368/5318/4374 4370/5319/4375 4366/5315/4371
f 4366/5315/4371 4370/5319/4375 4371/5320/4376 4367/5316/4372
f 4367/5316/4372 4371/5320/4376 4369/5321/4377 4365/5317/4373
f 4368/5318/4374 4372/5322/4378 4374/5323/4379 4370/5319/4375
f 4370/5319/4375 4374/5323/4379 4375/5324/4380 4371/5320/4376
f 4371/5320/4376 4375/5324/4380 4373/5325/4381 4369/5321/4377
f 4372/5322/4378 4376/5326/4382 4378/5327/4383 4374/5323/4379
f 4374/5323/4379 4378/5327/4383 4379/5328/4384 4375/5324/4380
f 4375/5324/4380 4379/5328/4384 4377/5329/4385 4373/5325/4381
f 4376/5326/4382 4380/5330/4386 4382/5331/4387 4378/5327/4383
f 4378/5327/4383 4382/5331/4387 4383/5332/4388 4379/5328/4384
f 4379/5328/4384 4383/5332/4388 4381/5333/4389 4377/5329/4385
f 4128/5058/4141 4381/5333/4389 4383/5332/4388 4130/5056/4139
f 4130/5056/4139 4383/5332/4388 4382/5331/4387 4131/5054/4137
f 4131/5054/4137 4382/5331/4387 4380/5330/4386 4129/5051/4134
f 4385/5334/4390 4388/5335/4391 4390/5336/4392 4387/5337/4393
f 4387/5337/4393 4390/5336/4392 4391/5338/4394 4386/5339/4395
f 4386/5340/4395 4391/5341/4394 4389/5342/4396 4384/5343/4397
f 4388/5335/4391 4392/5344/4398 4394/5345/4399 4390/5336/4392
f 4390/5336/4392 4394/5345/4399 4395/5346/4400 4391/5338/4394
f 4391/5341/4394 4395/5347/4400 4393/5348/4401 4389/5342/4396
f 4392/5344/4398 4396/5349/4402 4398/5350/4403 4394/5345/4399
f 4394/5345/4399 4398/5350/4403 4399/5351/4404 4395/5346/4400
f 4395/5347/4400 4399/5352/4404 4397/5353/4405 4393/5348/4401
f 4396/5349/4402 4400/5354/4406 4402/5355/4407 4398/5350/4403
f 4398/5350/4403 4402/5355/4407 4403/5356/4408 4399/5351/4404
f 4399/5352/4404 4403/5357/4408 4401/5358/4409 4397/5353/4405
f 4400/5354/4406 4404/5359/4410 4406/5360/4411 4402/5355/4407
f 4402/5355/4407 4406/5360/4411 4407/5361/4412 4403/5356/4408
f 4403/5357/4408 4407/5362/4412 4405/5363/4413 4401/5358/4409
f 4404/5359/4410 4408/5364/4414 4410/5365/4415 4406/5360/4411
f 4406/5360/4411 4410/5365/4415 4411/5366/4416 4407/5361/4412
f 4407/5362/4412 4411/5367/4416 4409/5368/4417 4405/5363/4413
f 4408/5364/4414 4412/5369/4418 4414/5370/4419 4410/5365/4415
f 4410/5365/4415 4414/5370/4419 4415/5371/4420 4411/5366/4416
f 4411/5367/4416 4415/5372/4420 4413/5373/4421 4409/5368/4417
f 4412/5374/4418 4416/5375/4422 4418/5376/4423 4414/5377/4419
f 4414/5377/4419 4418/5376/4423 4419/5378/4424 4415/5379/4420
f 4415/5372/4420 4419/5380/4424 4417/5381/4425 4413/5373/4421
f 4416/5375/4422 4420/5382/4426 4422/5383/4427 4418/5376/4423
f 4418/5376/4423 4422/5383/4427 4423/5384/4428 4419/5378/4424
f 4419/5380/4424 4423/5385/4428 4421/5386/4429 4417/5381/4425
f 4420/5382/4426 4424/5387/4430 4426/5388/4431 4422/5383/4427
f 4422/5383/4427 4426/5388/4431 4427/5389/4432 4423/5384/4428
f 4423/5385/4428 4427/5390/4432 4425/5391/4433 4421/5386/4429
f 4424/5387/4430 4428/5392/4434 4430/5393/4435 4426/5388/4431
f 4426/5388/4431 4430/5393/4435 4431/5394/4436 4427/5389/4432
f 4427/5390/4432 4431/5395/4436 4429/5396/4437 4425/5391/4433
f 4428/5392/4434 4432/5397/4438 4434/5398/4439 4430/5393/4435
f 4430/5393/4435 4434/5398/4439 4435/5399/4440 4431/5394/4436
f 4431/5395/4436 4435/5400/4440 4433/5401/4441 4429/5396/4437
f 4432/5397/4438 4436/5402/4442 4438/5403/4443 4434/5398/4439
f 4434/5398/4439 4438/5403/4443 4439/5404/4444 4435/5399/4440
f 4435/5400/4440 4439/5405/4444 4437/5406/4445 4433/5401/4441
f 4436/5402/4442 4440/5407/4446 4442/5408/4447 4438/5403/4443
f 4438/5403/4443 4442/5408/4447 4443/5409/4448 4439/5404/4444
f 4439/5405/4444 4443/5410/4448 4441/5411/4449 4437/5406/4445
f 4440/5407/4446 4444/5412/4450 4446/5413/4451 4442/5408/4447
f 4442/5408/4447 4446/5413/4451 4447/5414/4452 4443/5409/4448
f 4443/5410/4448 4447/5415/4452 4445/5416/4453 4441/5411/4449
f 4444/5412/4450 4448/5417/4454 4450/5418/4455 4446/5413/4451
f 4446/5413/4451 4450/5418/4455 4451/5419/4456 4447/5414/4452
f 4447/5415/4452 4451/5420/4456 4449/5421/4457 4445/5416/4453
f 4448/5417/4454 4452/5422/4458 4454/5423/4459 4450/5418/4455
f 4450/5418/4455 4454/5423/4459 4455/5424/4460 4451/5419/4456
f 4451/5420/4456 4455/5425/4460 4453/5426/4461 4449/5421/4457
f 4452/5422/4458 4456/5427/4462 4458/5428/4463 4454/5423/4459
f 4454/5423/4459 4458/5428/4463 4459/5429/4464 4455/5424/4460
f 4455/5425/4460 4459/5430/4464 4457/5431/4465 4453/5426/4461
f 4456/5427/4462 4460/5432/4466 4462/5433/4467 4458/5428/4463
f 4458/5428/4463 4462/5433/4467 4463/5434/4468 4459/5429/4464
f 4459/5430/4464 4463/5435/4468 4461/5436/4469 4457/5431/4465
f 4460/5432/4466 4464/5437/4470 4466/5438/4471 4462/5433/4467
f 4462/5433/4467 4466/5438/4471 4467/5439/4472 4463/5434/4468
f 4463/5435/4468 4467/5440/4472 4465/5441/4473 4461/5436/4469
f 4464/5437/4470 4468/5442/4474 4470/5443/4475 4466/5438/4471
f 4466/5438/4471 4470/5443/4475 4471/5444/4476 4467/5439/4472
f 4467/5440/4472 4471/5445/4476 4469/5446/4477 4465/5441/4473
f 4468/5442/4474 4472/5447/4478 4474/5448/4479 4470/5443/4475
f 4470/5443/4475 4474/5448/4479 4475/5449/4480 4471/5444/4476
f 4471/5445/4476 4475/5450/4480 4473/5451/4481 4469/5446/4477
f 4472/5447/4478 4476/5452/4482 4478/5453/4483 4474/5448/4479
f 4474/5448/4479 4478/5453/4483 4479/5454/4484 4475/5449/4480
f 4475/5450/4480 4479/5455/4484 4477/5456/4485 4473/5451/4481
f 4476/5452/4482 4480/5457/4486 4482/5458/4487 4478/5453/4483
f 4478/5453/4483 4482/5458/4487 4483/5459/4488 4479/5454/4484
f 4479/5455/4484 4483/5460/4488 4481/5461/4489 4477/5456/4485
f 4480/5462/4486 4484/5463/4490 4486/5464/4491 4482/5465/4487
f 4482/5465/4487 4486/5464/4491 4487/5466/4492 4483/5467/4488
f 4483/5460/4488 4487/5468/4492 4485/5469/4493 4481/5461/4489
f 4484/5463/4490 4488/5470/4494 4490/5471/4495 4486/5464/4491
f 4486/5464/4491 4490/5471/4495 4491/5472/4496 4487/5466/4492
f 4487/5468/4492 4491/5473/4496 4489/5474/4497 4485/5469/4493
f 4488/5470/4494 4492/5475/4498 4494/5476/4499 4490/5471/4495
f 4490/5471/4495 4494/5476/4499 4495/5477/4500 4491/5472/4496
f 4491/5473/4496 4495/5478/4500 4493/5479/4501 4489/5474/4497
f 4492/5475/4498 4496/5480/4502 4498/5481/4503 4494/5476/4499
f 4494/5476/4499 4498/5481/4503 4499/5482/4504 4495/5477/4500
f 4495/5478/4500 4499/5483/4504 4497/5484/4505 4493/5479/4501
f 4496/5480/4502 4500/5485/4506 4502/5486/4507 4498/5481/4503
f 4498/5481/4503 4502/5486/4507 4503/5487/4508 4499/5482/4504
f 4499/5483/4504 4503/5488/4508 4501/5489/4509 4497/5484/4505
f 4500/5485/4506 4504/5490/4510 4506/5491/4511 4502/5486/4507
f 4502/5486/4507 4506/5491/4511 4507/5492/4512 4503/5487/4508
f 4503/5488/4508 4507/5493/4512 4505/5494/4513 4501/5489/4509
f 4504/5490/4510 4508/5495/4514 4510/5496/4515 4506/5491/4511
f 4506/5491/4511 4510/5496/4515 4511/5497/4516 4507/5492/4512
f 4507/5493/4512 4511/5498/4516 4509/5499/4517 4505/5494/4513
f 4508/5495/4514 4512/5500/4518 4514/5501/4519 4510/5496/4515
f 4510/5496/4515 4514/5501/4519 4515/5502/4520 4511/5497/4516
f 4511/5498/4516 4515/5503/4520 4513/5504/4521 4509/5499/4517
f 4512/5500/4518 4516/5505/4522 4518/5506/4523 4514/5501/4519
f 4514/5501/4519 4518/5506/4523 4519/5507/4524 4515/5502/4520
f 4515/5503/4520 4519/5508/4524 4517/5509/4525 4513/5504/4521
f 4516/5505/4522 4520/5510/4526 4522/5511/4527 4518/5506/4523
f 4518/5506/4523 4522/5511/4527 4523/5512/4528 4519/5507/4524
f 4519/5508/4524 4523/5513/4528 4521/5514/4529 4517/5509/4525
f 4520/5510/4526 4524/5515/4530 4526/5516/4531 4522/5511/4527
f 4522/5511/4527 4526/5516/4531 4527/5517/4532 4523/5512/4528
f 4523/5513/4528 4527/5518/4532 4525/5519/4533 4521/5514/4529
f 4524/5515/4530 4528/5520/4534 4530/5521/4535 4526/5516/4531
f 4526/5516/4531 4530/5521/4535 4531/5522/4536 4527/5517/4532
f 4527/5518/4532 4531/5523/4536 4529/5524/4537 4525/5519/4533
f 4528/5520/4534 4532/5525/4538 4534/5526/4539 4530/5521/4535
f 4530/5521/4535 4534/5526/4539 4535/5527/4540 4531/5522/4536
f 4531/5523/4536 4535/5528/4540 4533/5529/4541 4529/5524/4537
f 4532/5525/4538 4536/5530/4542 4538/5531/4543 4534/5526/4539
f 4534/5526/4539 4538/5531/4543 4539/5532/4544 4535/5527/4540
f 4535/5528/4540 4539/5533/4544 4537/5534/4545 4533/5529/4541
f 4536/5530/4542 4540/5535/4546 4542/5536/4547 4538/5531/4543
f 4538/5531/4543 4542/5536/4547 4543/5537/4548 4539/5532/4544
f 4539/5533/4544 4543/5538/4548 4541/5539/4549 4537/5534/4545
f 4540/5535/4546 4544/5540/4550 4546/5541/4551 4542/5536/4547
f 4542/5536/4547 4546/5541/4551 4547/5542/4552 4543/5537/4548
f 4543/5538/4548 4547/5543/4552 4545/5544/4553 4541/5539/4549
f 4544/5545/4550 4548/5546/4554 4550/5547/4555 4546/5548/4551
f 4546/5548/4551 4550/5547/4555 4551/5549/4556 4547/5550/4552
f 4547/5543/4552 4551/5551/4556 4549/5552/4557 4545/5544/4553
f 4548/5546/4554 4552/5553/4558 4554/5554/4559 4550/5547/4555
f 4550/5547/4555 4554/5554/4559 4555/5555/4560 4551/5549/4556
f 4551/5551/4556 4555/5556/4560 4553/5557/4561 4549/5552/4557
f 4552/5553/4558 4556/5558/4562 4558/5559/4563 4554/5554/4559
f 4554/5554/4559 4558/5559/4563 4559/5560/4564 4555/5555/4560
f 4555/5556/4560 4559/5561/4564 4557/5562/4565 4553/5557/4561
f 4556/5558/4562 4560/5563/4566 4562/5564/4567 4558/5559/4563
f 4558/5559/4563 4562/5564/4567 4563/5565/4568 4559/5560/4564
f 4559/5561/4564 4563/5566/4568 4561/5567/4569 4557/5562/4565
f 4560/5563/4566 4564/5568/4570 4566/5569/4571 4562/5564/4567
f 4562/5564/4567 4566/5569/4571 4567/5570/4572 4563/5565/4568
f 4563/5566/4568 4567/5571/4572 4565/5572/4573 4561/5567/4569
f 4564/5568/4570 4568/5573/4574 4570/5574/4575 4566/5569/4571
f 4566/5569/4571 4570/5574/4575 4571/5575/4576 4567/5570/4572
f 4567/5571/4572 4571/5576/4576 4569/5577/4577 4565/5572/4573
f 4568/5573/4574 4572/5578/4578 4574/5579/4579 4570/5574/4575
f 4570/5574/4575 4574/5579/4579 4575/5580/4580 4571/5575/4576
f 4571/5576/4576 4575/5581/4580 4573/5582/4581 4569/5577/4577
f 4572/5578/4578 4576/5583/4582 4578/5584/4583 4574/5579/4579
f 4574/5579/4579 4578/5584/4583 4579/5585/4584 4575/5580/4580
f 4575/5581/4580 4579/5586/4584 4577/5587/4585 4573/5582/4581
f 4576/5583/4582 4580/5588/4586 4582/5589/4587 4578/5584/4583
f 4578/5584/4583 4582/5589/4587 4583/5590/4588 4579/5585/4584
f 4579/5586/4584 4583/5591/4588 4581/5592/4589 4577/5587/4585
f 4580/5588/4586 4584/5593/4590 4586/5594/4591 4582/5589/4587
f 4582/5589/4587 4586/5594/4591 4587/5595/4592 4583/5590/4588
f 4583/5591/4588 4587/5596/4592 4585/5597/4593 4581/5592/4589
f 4584/5593/4590 4588/5598/4594 4590/5599/4595 4586/5594/4591
f 4586/5594/4591 4590/5599/4595 4591/5600/4596 4587/5595/4592
f 4587/5596/4592 4591/5601/4596 4589/5602/4597 4585/5597/4593
f 4588/5598/4594 4592/5603/4598 4594/5604/4599 4590/5599/4595
f 4590/5599/4595 4594/5604/4599 4595/5605/4600 4591/5600/4596
f 4591/5601/4596 4595/5606/4600 4593/5607/4601 4589/5602/4597
f 4592/5603/4598 4596/5608/4602 4598/5609/4603 4594/5604/4599
f 4594/5604/4599 4598/5609/4603 4599/5610/4604 4595/5605/4600
f 4595/5606/4600 4599/5611/4604 4597/5612/4605 4593/5607/4601
f 4596/5608/4602 4600/5613/4606 4602/5614/4607 4598/5609/4603
f 4598/5609/4603 4602/5614/4607 4603/5615/4608 4599/5610/4604
f 4599/5611/4604 4603/5616/4608 4601/5617/4609 4597/5612/4605
f 4600/5613/4606 4604/5618/4610 4606/5619/4611 4602/5614/4607
f 4602/5614/4607 4606/5619/4611 4607/5620/4612 4603/5615/4608
f 4603/5616/4608 4607/5621/4612 4605/5622/4613 4601/5617/4609
f 4604/5618/4610 4608/5623/4614 4610/5624/4615 4606/5619/4611
f 4606/5619/4611 4610/5624/4615 4611/5625/4616 4607/5620/4612
f 4607/5621/4612 4611/5626/4616 4609/5627/4617 4605/5622/4613
f 4608/5628/4614 4612/5629/4618 4614/5630/4619 4610/5631/4615
f 4610/5631/4615 4614/5630/4619 4615/5632/4620 4611/5633/4616
f 4611/5626/4616 4615/5634/4620 4613/5635/4621 4609/5627/4617
f 4612/5629/4618 4616/5636/4622 4618/5637/4623 4614/5630/4619
f 4614/5630/4619 4618/5637/4623 4619/5638/4624 4615/5632/4620
f 4615/5634/4620 4619/5639/4624 4617/5640/4625 4613/5635/4621
f 4616/5636/4622 4620/5641/4626 4622/5642/4627 4618/5637/4623
f 4618/5637/4623 4622/5642/4627 4623/5643/4628 4619/5638/4624
f 4619/5639/4624 4623/5644/4628 4621/5645/4629 4617/5640/4625
f 4620/5641/4626 4624/5646/4630 4626/5647/4631 4622/5642/4627
f 4622/5642/4627 4626/5647/4631 4627/5648/4632 4623/5643/4628
f 4623/5644/4628 4627/5649/4632 4625/5650/4633 4621/5645/4629
f 4624/5646/4630 4628/5651/4634 4630/5652/4635 4626/5647/4631
f 4626/5647/4631 4630/5652/4635 4631/5653/4636 4627/5648/4632
f 4627/5649/4632 4631/5654/4636 4629/5655/4637 4625/5650/4633
f 4628/5651/4634 4632/5656/4638 4634/5657/4639 4630/5652/4635
f 4630/5652/4635 4634/5657/4639 4635/5658/4640 4631/5653/4636
f 4631/5654/4636 4635/5659/4640 4633/5660/4641 4629/5655/4637
f 4632/5656/4638 4636/5661/4642 4638/5662/4643 4634/5657/4639
f 4634/5657/4639 4638/5662/4643 4639/5663/4644 4635/5658/4640
f 4635/5659/4640 4639/5664/4644 4637/5665/4645 4633/5660/4641
f 4384/5343/4397 4637/5665/4645 4639/5664/4644 4386/5340/4395
f 4386/5339/4395 4639/5663/4644 4638/5662/4643 4387/5337/4393
f 4387/5337/4393 4638/5662/4643 4636/5661/4642 4385/5334/4390
f 4641/5666/4646 4645/5667/4647 4647/5668/4648 4643/5669/4649
f 4643/5669/4649 4647/5668/4648 4646/5670/4650 4642/5671/4651
s 0
f 4642/5671/4652 4646/5670/4652 4644/5672/4652 4640/5673/4652
s 1
f 4645/5667/4647 4649/5674/4653 4651/5675/4654 4647/5668/4648
f 4647/5668/4648 4651/5675/4654 4650/5676/4655 4646/5670/4650
s 0
f 4646/5670/4656 4650/5676/4656 4648/5677/4656 4644/5672/4656
s 1
f 4649/5674/4653 4653/5678/4657 4655/5679/4658 4651/5675/4654
f 4651/5675/4654 4655/5679/4658 4654/5680/4659 4650/5676/4655
s 0
f 4650/5676/4660 4654/5680/4660 4652/5681/4660 4648/5677/4660
s 1
f 4653/5678/4657 4657/5682/4661 4659/5683/4662 4655/5679/4658
f 4655/5679/4658 4659/5683/4662 4658/5684/4663 4654/5680/4659
s 0
f 4654/5680/4664 4658/5684/4664 4656/5685/4664 4652/5681/4664
s 1
f 4657/5682/4661 4661/5686/4665 4663/5687/4666 4659/5683/4662
f 4659/5683/4662 4663/5687/4666 4662/5688/4667 4658/5684/4663
s 0
f 4658/5684/4668 4662/5688/4668 4660/5689/4668 4656/5685/4668
s 1
f 4661/5686/4665 4665/5690/4669 4667/5691/4670 4663/5687/4666
f 4663/5687/4666 4667/5691/4670 4666/5692/4671 4662/5688/4667
s 0
f 4662/5688/4672 4666/5692/4672 4664/5693/4672 4660/5689/4672
s 1
f 4665/5690/4669 4669/5694/4673 4671/5695/4674 4667/5691/4670
f 4667/5691/4670 4671/5695/4674 4670/5696/4675 4666/5692/4671
s 0
f 4666/5692/4676 4670/5696/4676 4668/5697/4676 4664/5693/4676
s 1
f 4669/5694/4673 4673/5698/4677 4675/5699/4678 4671/5695/4674
f 4671/5695/4674 4675/5699/4678 4674/5700/4679 4670/5696/4675
s 0
f 4670/5696/4680 4674/5700/4680 4672/5701/4680 4668/5697/4680
s 1
f 4673/5698/4677 4677/5702/4681 4679/5703/4682 4675/5699/4678
f 4675/5699/4678 4679/5703/4682 4678/5704/4683 4674/5700/4679
s 0
f 4674/5700/4684 4678/5704/4684 4676/5705/4684 4672/5701/4684
s 1
f 4677/5702/4681 4681/5706/4685 4683/5707/4686 4679/5703/4682
f 4679/5703/4682 4683/5707/4686 4682/5708/4687 4678/5704/4683
s 0
f 4678/5704/4688 4682/5708/4688 4680/5709/4688 4676/5705/4688
s 1
f 4681/5706/4685 4685/5710/4689 4687/5711/4690 4683/5707/4686
f 4683/5707/4686 4687/5711/4690 4686/5712/4691 4682/5708/4687
s 0
f 4682/5708/4692 4686/5712/4692 4684/5713/4692 4680/5709/4692
s 1
f 4685/5710/4689 4689/5714/4693 4691/5715/4694 4687/5711/4690
f 4687/5711/4690 4691/5715/4694 4690/5716/4695 4686/5712/4691
s 0
f 4686/5712/4696 4690/5716/4696 4688/5717/4696 4684/5713/4696
s 1
f 4689/5714/4693 4693/5718/4697 4695/5719/4698 4691/5715/4694
f 4691/5715/4694 4695/5719/4698 4694/5720/4699 4690/5716/4695
s 0
f 4690/5716/4700 4694/5720/4700 4692/5721/4700 4688/5717/4700
s 1
f 4693/5718/4697 4697/5722/4701 4699/5723/4702 4695/5719/4698
f 4695/5719/4698 4699/5723/4702 4698/5724/4703 4694/5720/4699
s 0
f 4694/5720/4704 4698/5724/4704 4696/5725/4704 4692/5721/4704
s 1
f 4697/5722/4701 4701/5726/4705 4703/5727/4706 4699/5723/4702
f 4699/5723/4702 4703/5727/4706 4702/5728/4707 4698/5724/4703
s 0
f 4698/5724/4708 4702/5728/4708 4700/5729/4708 4696/5725/4708
s 1
f 4701/5726/4705 4705/5730/4709 4707/5731/4710 4703/5727/4706
f 4703/5727/4706 4707/5731/4710 4706/5732/4711 4702/5728/4707
s 0
f 4702/5728/4712 4706/5732/4712 4704/5733/4712 4700/5729/4712
s 1
f 4705/5730/4709 4709/5734/4713 4711/5735/4714 4707/5731/4710
f 4707/5731/4710 4711/5735/4714 4710/5736/4715 4706/5732/4711
s 0
f 4706/5732/4716 4710/5736/4716 4708/5737/4716 4704/5733/4716
s 1
f 4709/5734/4713 4713/5738/4717 4715/5739/4718 4711/5735/4714
f 4711/5735/4714 4715/5739/4718 4714/5740/4719 4710/5736/4715
s 0
f 4710/5736/4720 4714/5740/4720 4712/5741/4720 4708/5737/4720
s 1
f 4713/5738/4717 4717/5742/4721 4719/5743/4722 4715/5739/4718
f 4715/5739/4718 4719/5743/4722 4718/5744/4723 4714/5740/4719
s 0
f 4714/5740/4724 4718/5744/4724 4716/5745/4724 4712/5741/4724
s 1
f 4717/5742/4721 4721/5746/4725 4723/5747/4726 4719/5743/4722
f 4719/5743/4722 4723/5747/4726 4722/5748/4727 4718/5744/4723
s 0
f 4718/5744/4728 4722/5748/4728 4720/5749/4728 4716/5745/4728
s 1
f 4721/5746/4725 4725/5750/4729 4727/5751/4730 4723/5747/4726
f 4723/5747/4726 4727/5751/4730 4726/5752/4731 4722/5748/4727
s 0
f 4722/5748/4732 4726/5752/4732 4724/5753/4732 4720/5749/4732
s 1
f 4725/5750/4729 4729/5754/4733 4731/5755/4734 4727/5751/4730
f 4727/5751/4730 4731/5755/4734 4730/5756/4735 4726/5752/4731
s 0
f 4726/5752/4736 4730/5756/4736 4728/5757/4736 4724/5753/4736
s 1
f 4729/5754/4733 4733/5758/4737 4735/5759/4738 4731/5755/4734
f 4731/5755/4734 4735/5759/4738 4734/5760/4739 4730/5756/4735
s 0
f 4730/5756/4740 4734/5760/4740 4732/5761/4740 4728/5757/4740
s 1
f 4733/5758/4737 4737/5762/4741 4739/5763/4742 4735/5759/4738
f 4735/5759/4738 4739/5763/4742 4738/5764/4743 4734/5760/4739
s 0
f 4734/5760/4744 4738/5764/4744 4736/5765/4744 4732/5761/4744
s 1
f 4737/5762/4741 4741/5766/4745 4743/5767/4746 4739/5763/4742
f 4739/5763/4742 4743/5767/4746 4742/5768/4747 4738/5764/4743
s 0
f 4738/5764/4748 4742/5768/4748 4740/5769/4748 4736/5765/4748
s 1
f 4741/5766/4745 4745/5770/4749 4747/5771/4750 4743/5767/4746
f 4743/5767/4746 4747/5771/4750 4746/5772/4751 4742/5768/4747
s 0
f 4742/5768/4752 4746/5772/4752 4744/5773/4752 4740/5769/4752
s 1
f 4745/5770/4749 4749/5774/4753 4751/5775/4754 4747/5771/4750
f 4747/5771/4750 4751/5775/4754 4750/5776/4755 4746/5772/4751
s 0
f 4746/5772/4756 4750/5776/4756 4748/5777/4756 4744/5773/4756
s 1
f 4749/5774/4753 4753/5778/4757 4755/5779/4758 4751/5775/4754
f 4751/5775/4754 4755/5779/4758 4754/5780/4759 4750/5776/4755
s 0
f 4750/5776/4760 4754/5780/4760 4752/5781/4760 4748/5777/4760
s 1
f 4753/5778/4757 4757/5782/4761 4759/5783/4762 4755/5779/4758
f 4755/5779/4758 4759/5783/4762 4758/5784/4763 4754/5780/4759
s 0
f 4754/5780/4764 4758/5784/4764 4756/5785/4764 4752/5781/4764
s 1
f 4757/5782/4761 4761/5786/4765 4763/5787/4766 4759/5783/4762
f 4759/5783/4762 4763/5787/4766 4762/5788/4767 4758/5784/4763
s 0
f 4758/5784/4768 4762/5788/4768 4760/5789/4768 4756/5785/4768
s 1
f 4761/5786/4765 4765/5790/4769 4767/5791/4770 4763/5787/4766
f 4763/5787/4766 4767/5791/4770 4766/5792/4771 4762/5788/4767
s 0
f 4762/5788/4772 4766/5792/4772 4764/5793/4772 4760/5789/4772
s 1
f 4765/5790/4769 4769/5794/4773 4771/5795/4774 4767/5791/4770
f 4767/5791/4770 4771/5795/4774 4770/5796/4775 4766/5792/4771
s 0
f 4766/5792/4776 4770/5796/4776 4768/5797/4776 4764/5793/4776
s 1
f 4769/5794/4773 4773/5798/4777 4775/5799/4778 4771/5795/4774
f 4771/5795/4774 4775/5799/4778 4774/5800/4779 4770/5796/4775
s 0
f 4770/5796/4780 4774/5800/4780 4772/5801/4780 4768/5797/4780
s 1
f 4773/5798/4777 4777/5802/4781 4779/5803/4782 4775/5799/4778
f 4775/5799/4778 4779/5803/4782 4778/5804/4783 4774/5800/4779
s 0
f 4774/5800/4784 4778/5804/4784 4776/5805/4784 4772/5801/4784
s 1
f 4777/5802/4781 4781/5806/4785 4783/5807/4786 4779/5803/4782
f 4779/5803/4782 4783/5807/4786 4782/5808/4787 4778/5804/4783
s 0
f 4778/5804/4788 4782/5808/4788 4780/5809/4788 4776/5805/4788
s 1
f 4781/5806/4785 4785/5810/4789 4787/5811/4790 4783/5807/4786
f 4783/5807/4786 4787/5811/4790 4786/5812/4791 4782/5808/4787
s 0
f 4782/5808/4792 4786/5812/4792 4784/5813/4792 4780/5809/4792
s 1
f 4785/5810/4789 4789/5814/4793 4791/5815/4794 4787/5811/4790
f 4787/5811/4790 4791/5815/4794 4790/5816/4795 4786/5812/4791
s 0
f 4786/5812/4796 4790/5816/4796 4788/5817/4796 4784/5813/4796
s 1
f 4789/5814/4793 4793/5818/4797 4795/5819/4798 4791/5815/4794
f 4791/5815/4794 4795/5819/4798 4794/5820/4799 4790/5816/4795
s 0
f 4790/5816/4800 4794/5820/4800 4792/5821/4800 4788/5817/4800
s 1
f 4793/5818/4797 4797/5822/4801 4799/5823/4802 4795/5819/4798
f 4795/5819/4798 4799/5823/4802 4798/5824/4803 4794/5820/4799
s 0
f 4794/5820/4804 4798/5824/4804 4796/5825/4804 4792/5821/4804
s 1
f 4797/5822/4801 4801/5826/4805 4803/5827/4806 4799/5823/4802
f 4799/5823/4802 4803/5827/4806 4802/5828/4807 4798/5824/4803
s 0
f 4798/5824/4808 4802/5828/4808 4800/5829/4808 4796/5825/4808
s 1
f 4801/5826/4805 4805/5830/4809 4807/5831/4810 4803/5827/4806
f 4803/5827/4806 4807/5831/4810 4806/5832/4811 4802/5828/4807
s 0
f 4802/5828/4812 4806/5832/4812 4804/5833/4812 4800/5829/4812
s 1
f 4805/5830/4809 4809/5834/4813 4811/5835/4814 4807/5831/4810
f 4807/5831/4810 4811/5835/4814 4810/5836/4815 4806/5832/4811
s 0
f 4806/5832/4816 4810/5836/4816 4808/5837/4816 4804/5833/4816
s 1
f 4809/5834/4813 4813/5838/4817 4815/5839/4818 4811/5835/4814
f 4811/5835/4814 4815/5839/4818 4814/5840/4819 4810/5836/4815
s 0
f 4810/5836/4820 4814/5840/4820 4812/5841/4820 4808/5837/4820
s 1
f 4813/5838/4817 4817/5842/4821 4819/5843/4822 4815/5839/4818
f 4815/5839/4818 4819/5843/4822 4818/5844/4823 4814/5840/4819
s 0
f 4814/5840/4824 4818/5844/4824 4816/5845/4824 4812/5841/4824
s 1
f 4817/5842/4821 4821/5846/4825 4823/5847/4826 4819/5843/4822
f 4819/5843/4822 4823/5847/4826 4822/5848/4827 4818/5844/4823
s 0
f 4818/5844/4828 4822/5848/4828 4820/5849/4828 4816/5845/4828
s 1
f 4821/5846/4825 4825/5850/4829 4827/5851/4830 4823/5847/4826
f 4823/5847/4826 4827/5851/4830 4826/5852/4831 4822/5848/4827
s 0
f 4822/5848/4832 4826/5852/4832 4824/5853/4832 4820/5849/4832
s 1
f 4825/5850/4829 4829/5854/4833 4831/5855/4834 4827/5851/4830
f 4827/5851/4830 4831/5855/4834 4830/5856/4835 4826/5852/4831
s 0
f 4826/5852/4836 4830/5856/4836 4828/5857/4836 4824/5853/4836
s 1
f 4829/5854/4833 4833/5858/4837 4835/5859/4838 4831/5855/4834
f 4831/5855/4834 4835/5859/4838 4834/5860/4839 4830/5856/4835
s 0
f 4830/5856/4840 4834/5860/4840 4832/5861/4840 4828/5857/4840
s 1
f 4833/5858/4837 4837/5862/4841 4839/5863/4842 4835/5859/4838
f 4835/5859/4838 4839/5863/4842 4838/5864/4843 4834/5860/4839
s 0
f 4834/5860/4844 4838/5864/4844 4836/5865/4844 4832/5861/4844
s 1
f 4837/5862/4841 4841/5866/4845 4843/5867/4846 4839/5863/4842
f 4839/5863/4842 4843/5867/4846 4842/5868/4847 4838/5864/4843
s 0
f 4838/5864/4848 4842/5868/4848 4840/5869/4848 4836/5865/4848
s 1
f 4841/5866/4845 4845/5870/4849 4847/5871/4850 4843/5867/4846
f 4843/5867/4846 4847/5871/4850 4846/5872/4851 4842/5868/4847
s 0
f 4842/5868/4852 4846/5872/4852 4844/5873/4852 4840/5869/4852
s 1
f 4845/5870/4849 4849/5874/4853 4851/5875/4854 4847/5871/4850
f 4847/5871/4850 4851/5875/4854 4850/5876/4855 4846/5872/4851
s 0
f 4846/5872/4856 4850/5876/4856 4848/5877/4856 4844/5873/4856
s 1
f 4849/5874/4853 4853/5878/4857 4855/5879/4858 4851/5875/4854
f 4851/5875/4854 4855/5879/4858 4854/5880/4859 4850/5876/4855
s 0
f 4850/5876/4860 4854/5880/4860 4852/5881/4860 4848/5877/4860
s 1
f 4853/5878/4857 4857/5882/4861 4859/5883/4862 4855/5879/4858
f 4855/5879/4858 4859/5883/4862 4858/5884/4863 4854/5880/4859
s 0
f 4854/5880/4864 4858/5884/4864 4856/5885/4864 4852/5881/4864
s 1
f 4857/5882/4861 4861/5886/4865 4863/5887/4866 4859/5883/4862
f 4859/5883/4862 4863/5887/4866 4862/5888/4867 4858/5884/4863
s 0
f 4858/5884/4868 4862/5888/4868 4860/5889/4868 4856/5885/4868
s 1
f 4861/5886/4865 4865/5890/4869 4867/5891/4870 4863/5887/4866
f 4863/5887/4866 4867/5891/4870 4866/5892/4871 4862/5888/4867
s 0
f 4862/5888/4872 4866/5892/4872 4864/5893/4872 4860/5889/4872
s 1
f 4865/5890/4869 4869/5894/4873 4871/5895/4874 4867/5891/4870
f 4867/5891/4870 4871/5895/4874 4870/5896/4875 4866/5892/4871
s 0
f 4866/5892/4876 4870/5896/4876 4868/5897/4876 4864/5893/4876
s 1
f 4869/5894/4873 4873/5898/4877 4875/5899/4878 4871/5895/4874
f 4871/5895/4874 4875/5899/4878 4874/5900/4879 4870/5896/4875
s 0
f 4870/5896/4880 4874/5900/4880 4872/5901/4880 4868/5897/4880
s 1
f 4873/5898/4877 4877/5902/4881 4879/5903/4882 4875/5899/4878
f 4875/5899/4878 4879/5903/4882 4878/5904/4883 4874/5900/4879
s 0
f 4874/5900/4884 4878/5904/4884 4876/5905/4884 4872/5901/4884
s 1
f 4877/5902/4881 4881/5906/4885 4883/5907/4886 4879/5903/4882
f 4879/5903/4882 4883/5907/4886 4882/5908/4887 4878/5904/4883
s 0
f 4878/5904/4888 4882/5908/4888 4880/5909/4888 4876/5905/4888
s 1
f 4881/5906/4885 4885/5910/4889 4887/5911/4890 4883/5907/4886
f 4883/5907/4886 4887/5911/4890 4886/5912/4891 4882/5908/4887
s 0
f 4882/5908/4892 4886/5912/4892 4884/5913/4892 4880/5909/4892
s 1
f 4885/5910/4889 4889/5914/4893 4891/5915/4894 4887/5911/4890
f 4887/5911/4890 4891/5915/4894 4890/5916/4895 4886/5912/4891
s 0
f 4886/5912/4896 4890/5916/4896 4888/5917/4896 4884/5913/4896
s 1
f 4889/5914/4893 4893/5918/4897 4895/5919/4898 4891/5915/4894
f 4891/5915/4894 4895/5919/4898 4894/5920/4899 4890/5916/4895
s 0
f 4890/5916/4900 4894/5920/4900 4892/5921/4900 4888/5917/4900
f 4640/5673/4901 4892/5921/4901 4894/5920/4901 4642/5671/4901
f 4642/5671/4902 4894/5920/4902 4895/5919/4902 4643/5669/4902
s 1
f 4643/5669/4649 4895/5919/4898 4893/5918/4897 4641/5666/4646
f 4124/4721/3877 3873/4720/3876 4129/5051/4134 4380/5330/4386
s 0
f 4125/4728/4903 4121/4730/4903 4117/4735/4903 4113/4740/4903 4109/4745/4903 4105/4750/4903 4101/4755/4903 4097/4760/4903 4093/4765/4903 4089/4773/4903 4085/4778/4903 4081/4783/4903 4077/4788/4903 4073/4793/4903 4069/4798/4903 4065/4803/4903 4061/4808/4903 4057/4813/4903 4053/4818/4903 4049/4823/4903 4045/4828/4903 4041/4833/4903 4037/4838/4903 4033/4843/4903 4029/4849/4903 4025/4853/4903 4021/4860/4903 4017/4865/4903 4013/4870/4903 4009/4875/4903 4005/4880/4903 4001/4885/4903 3997/4890/4903 3993/4895/4903 3989/4900/4903 3985/4905/4903 3981/4910/4903 3977/4915/4903 3973/4920/4903 3969/4925/4903 3965/4930/4903 3961/4935/4903 3957/4943/4903 3953/4948/4903 3949/4953/4903 3945/4958/4903 3941/4963/4903 3937/4968/4903 3933/4973/4903 3929/4978/4903 3925/4983/4903 3921/4988/4903 3917/4993/4903 3913/4998/4903 3909/5003/4903 3905/5008/4903 3901/5013/4903 3897/5019/4903 3893/5026/4903 3889/5031/4903 3885/5036/4903 3881/5041/4903 3877/5046/4903 3872/4729/4903
s 1
f 3873/4720/3876 3876/5050/4131 4132/5052/4135 4129/5051/4134
f 3876/5050/4131 3880/5045/4127 4136/5059/4142 4132/5052/4135
f 3880/5045/4127 3884/5040/4123 4140/5063/4146 4136/5059/4142
f 3884/5040/4123 3888/5035/4119 4144/5067/4150 4140/5063/4146
f 3888/5035/4119 3892/5030/4115 4148/5071/4154 4144/5067/4150
f 3892/5030/4115 3896/5025/4111 4152/5075/4158 4148/5071/4154
f 3896/5025/4111 3900/5024/4107 4156/5079/4162 4152/5075/4158
f 3900/5018/4107 3904/5017/4103 4160/5084/4166 4156/5083/4162
f 3904/5012/4103 3908/5007/4099 4164/5094/4170 4160/5093/4166
f 3908/5007/4099 3912/5002/4095 4168/5098/4174 4164/5094/4170
f 3912/5002/4095 3916/4997/4091 4172/5102/4178 4168/5098/4174
f 3916/4997/4091 3920/4992/4087 4176/5106/4182 4172/5102/4178
f 3920/4992/4087 3924/4987/4083 4180/5110/4186 4176/5106/4182
f 3924/4987/4083 3928/4982/4079 4184/5114/4190 4180/5110/4186
f 3928/4982/4079 3932/4977/4075 4188/5118/4194 4184/5114/4190
f 3932/4977/4075 3936/4972/4071 4192/5122/4198 4188/5118/4194
f 3936/4972/4071 3940/4967/4067 4196/5126/4202 4192/5122/4198
f 3940/4967/4067 3944/4962/4063 4200/5130/4206 4196/5126/4202
f 3944/4962/4063 3948/4957/4059 4204/5134/4210 4200/5130/4206
f 3948/4957/4059 3952/4952/4055 4208/5138/4214 4204/5134/4210
f 3952/4952/4055 3956/4947/4051 4212/5142/4218 4208/5138/4214
f 3956/4947/4051 3960/4942/4047 4216/5146/4222 4212/5142/4218
f 3960/4942/4047 3964/4941/4042 4220/5150/4226 4216/5146/4222
f 3964/4934/4042 3968/4933/4038 4224/5155/4230 4220/5154/4226
f 3968/4929/4038 3972/4924/4034 4228/5162/4234 4224/5161/4230
f 3972/4924/4034 3976/4919/4030 4232/5169/4238 4228/5162/4234
f 3976/4919/4030 3980/4914/4026 4236/5173/4242 4232/5169/4238
f 3980/4914/4026 3984/4909/4022 4240/5177/4246 4236/5173/4242
f 3984/4909/4022 3988/4904/4018 4244/5181/4250 4240/5177/4246
f 3988/4904/4018 3992/4899/4014 4248/5185/4254 4244/5181/4250
f 3992/4899/4014 3996/4894/4010 4252/5189/4258 4248/5185/4254
f 3996/4894/4010 4000/4889/4006 4256/5193/4262 4252/5189/4258
f 4000/4889/4006 4004/4884/4002 4260/5197/4266 4256/5193/4262
f 4004/4884/4002 4008/4879/3998 4264/5201/4270 4260/5197/4266
f 4008/4879/3998 4012/4874/3994 4268/5205/4274 4264/5201/4270
f 4012/4874/3994 4016/4869/3990 4272/5209/4278 4268/5205/4274
f 4016/4869/3990 4020/4864/3986 4276/5213/4282 4272/5209/4278
f 4020/4864/3986 4024/4859/3982 4280/5217/4286 4276/5213/4282
f 4024/4859/3982 4028/4858/3978 4284/5221/4290 4280/5217/4286
f 4028/4852/3978 4032/4848/3974 4288/5226/4294 4284/5225/4290
f 4032/4848/3974 4036/4847/3970 4292/5233/4298 4288/5226/4294
f 4036/4842/3970 4040/4837/3966 4296/5242/4302 4292/5241/4298
f 4040/4837/3966 4044/4832/3962 4300/5246/4306 4296/5242/4302
f 4044/4832/3962 4048/4827/3958 4304/5250/4310 4300/5246/4306
f 4048/4827/3958 4052/4822/3954 4308/5254/4314 4304/5250/4310
f 4052/4822/3954 4056/4817/3950 4312/5258/4318 4308/5254/4314
f 4056/4817/3950 4060/4812/3946 4316/5262/4322 4312/5258/4318
f 4060/4812/3946 4064/4807/3942 4320/5266/4326 4316/5262/4322
f 4064/4807/3942 4068/4802/3938 4324/5270/4330 4320/5266/4326
f 4068/4802/3938 4072/4797/3934 4328/5274/4334 4324/5270/4330
f 4072/4797/3934 4076/4792/3930 4332/5278/4338 4328/5274/4334
f 4076/4792/3930 4080/4787/3926 4336/5282/4342 4332/5278/4338
f 4080/4787/3926 4084/4782/3922 4340/5286/4346 4336/5282/4342
f 4084/4782/3922 4088/4777/3918 4344/5290/4350 4340/5286/4346
f 4088/4777/3918 4092/4772/3914 4348/5294/4354 4344/5290/4350
f 4092/4772/3914 4096/4771/3909 4352/5298/4358 4348/5294/4354
f 4096/4764/3909 4100/4759/3905 4356/5303/4362 4352/5302/4358
f 4100/4759/3905 4104/4754/3901 4360/5310/4366 4356/5303/4362
f 4104/4754/3901 4108/4749/3897 4364/5314/4370 4360/5310/4366
f 4108/4749/3897 4112/4744/3893 4368/5318/4374 4364/5314/4370
f 4112/4744/3893 4116/4739/3889 4372/5322/4378 4368/5318/4374
f 4116/4739/3889 4120/4734/3885 4376/5326/4382 4372/5322/4378
f 4120/4734/3885 4124/4721/3877 4380/5330/4386 4376/5326/4382
f 4381/5333/4389 4128/5058/4141 4385/5334/4390 4636/5661/4642
f 4128/5058/4141 4133/5057/4140 4388/5335/4391 4385/5334/4390
f 4133/5057/4140 4137/5062/4145 4392/5344/4398 4388/5335/4391
f 4137/5062/4145 4141/5066/4149 4396/5349/4402 4392/5344/4398
f 4141/5066/4149 4145/5070/4153 4400/5354/4406 4396/5349/4402
f 4145/5070/4153 4149/5074/4157 4404/5359/4410 4400/5354/4406
f 4149/5074/4157 4153/5078/4161 4408/5364/4414 4404/5359/4410
f 4153/5078/4161 4157/5082/4165 4412/5369/4418 4408/5364/4414
f 4157/5092/4165 4161/5091/4169 4416/5375/4422 4412/5374/4418
f 4161/5091/4169 4165/5097/4173 4420/5382/4426 4416/5375/4422
f 4165/5097/4173 4169/5101/4177 4424/5387/4430 4420/5382/4426
f 4169/5101/4177 4173/5105/4181 4428/5392/4434 4424/5387/4430
f 4173/5105/4181 4177/5109/4185 4432/5397/4438 4428/5392/4434
f 4177/5109/4185 4181/5113/4189 4436/5402/4442 4432/5397/4438
f 4181/5113/4189 4185/5117/4193 4440/5407/4446 4436/5402/4442
f 4185/5117/4193 4189/5121/4197 4444/5412/4450 4440/5407/4446
f 4189/5121/4197 4193/5125/4201 4448/5417/4454 4444/5412/4450
f 4193/5125/4201 4197/5129/4205 4452/5422/4458 4448/5417/4454
f 4197/5129/4205 4201/5133/4209 4456/5427/4462 4452/5422/4458
f 4201/5133/4209 4205/5137/4213 4460/5432/4466 4456/5427/4462
f 4205/5137/4213 4209/5141/4217 4464/5437/4470 4460/5432/4466
f 4209/5141/4217 4213/5145/4221 4468/5442/4474 4464/5437/4470
f 4213/5145/4221 4217/5149/4225 4472/5447/4478 4468/5442/4474
f 4217/5149/4225 4221/5153/4229 4476/5452/4482 4472/5447/4478
f 4221/5153/4229 4225/5160/4233 4480/5457/4486 4476/5452/4482
f 4225/5168/4233 4229/5167/4237 4484/5463/4490 4480/5462/4486
f 4229/5167/4237 4233/5172/4241 4488/5470/4494 4484/5463/4490
f 4233/5172/4241 4237/5176/4245 4492/5475/4498 4488/5470/4494
f 4237/5176/4245 4241/5180/4249 4496/5480/4502 4492/5475/4498
f 4241/5180/4249 4245/5184/4253 4500/5485/4506 4496/5480/4502
f 4245/5184/4253 4249/5188/4257 4504/5490/4510 4500/5485/4506
f 4249/5188/4257 4253/5192/4261 4508/5495/4514 4504/5490/4510
f 4253/5192/4261 4257/5196/4265 4512/5500/4518 4508/5495/4514
f 4257/5196/4265 4261/5200/4269 4516/5505/4522 4512/5500/4518
f 4261/5200/4269 4265/5204/4273 4520/5510/4526 4516/5505/4522
f 4265/5204/4273 4269/5208/4277 4524/5515/4530 4520/5510/4526
f 4269/5208/4277 4273/5212/4281 4528/5520/4534 4524/5515/4530
f 4273/5212/4281 4277/5216/4285 4532/5525/4538 4528/5520/4534
f 4277/5216/4285 4281/5220/4289 4536/5530/4542 4532/5525/4538
f 4281/5220/4289 4285/5224/4293 4540/5535/4546 4536/5530/4542
f 4285/5224/4293 4289/5232/4297 4544/5540/4550 4540/5535/4546
f 4289/5240/4297 4293/5239/4301 4548/5546/4554 4544/5545/4550
f 4293/5239/4301 4297/5245/4305 4552/5553/4558 4548/5546/4554
f 4297/5245/4305 4301/5249/4309 4556/5558/4562 4552/5553/4558
f 4301/5249/4309 4305/5253/4313 4560/5563/4566 4556/5558/4562
f 4305/5253/4313 4309/5257/4317 4564/5568/4570 4560/5563/4566
f 4309/5257/4317 4313/5261/4321 4568/5573/4574 4564/5568/4570
f 4313/5261/4321 4317/5265/4325 4572/5578/4578 4568/5573/4574
f 4317/5265/4325 4321/5269/4329 4576/5583/4582 4572/5578/4578
f 4321/5269/4329 4325/5273/4333 4580/5588/4586 4576/5583/4582
f 4325/5273/4333 4329/5277/4337 4584/5593/4590 4580/5588/4586
f 4329/5277/4337 4333/5281/4341 4588/5598/4594 4584/5593/4590
f 4333/5281/4341 4337/5285/4345 4592/5603/4598 4588/5598/4594
f 4337/5285/4345 4341/5289/4349 4596/5608/4602 4592/5603/4598
f 4341/5289/4349 4345/5293/4353 4600/5613/4606 4596/5608/4602
f 4345/5293/4353 4349/5297/4357 4604/5618/4610 4600/5613/4606
f 4349/5297/4357 4353/5301/4361 4608/5623/4614 4604/5618/4610
f 4353/5309/4361 4357/5308/4365 4612/5629/4618 4608/5628/4614
f 4357/5308/4365 4361/5313/4369 4616/5636/4622 4612/5629/4618
f 4361/5313/4369 4365/5317/4373 4620/5641/4626 4616/5636/4622
f 4365/5317/4373 4369/5321/4377 4624/5646/4630 4620/5641/4626
f 4369/5321/4377 4373/5325/4381 4628/5651/4634 4624/5646/4630
f 4373/5325/4381 4377/5329/4385 4632/5656/4638 4628/5651/4634
f 4377/5329/4385 4381/5333/4389 4636/5661/4642 4632/5656/4638
f 4637/5665/4645 4384/5343/4397 4641/5666/4646 4893/5918/4897
f 4384/5343/4397 4389/5342/4396 4645/5667/4647 4641/5666/4646
f 4389/5342/4396 4393/5348/4401 4649/5674/4653 4645/5667/4647
f 4393/5348/4401 4397/5353/4405 4653/5678/4657 4649/5674/4653
f 4397/5353/4405 4401/5358/4409 4657/5682/4661 4653/5678/4657
f 4401/5358/4409 4405/5363/4413 4661/5686/4665 4657/5682/4661
f 4405/5363/4413 4409/5368/4417 4665/5690/4669 4661/5686/4665
f 4409/5368/4417 4413/5373/4421 4669/5694/4673 4665/5690/4669
f 4413/5373/4421 4417/5381/4425 4673/5698/4677 4669/5694/4673
f 4417/5381/4425 4421/5386/4429 4677/5702/4681 4673/5698/4677
f 4421/5386/4429 4425/5391/4433 4681/5706/4685 4677/5702/4681
f 4425/5391/4433 4429/5396/4437 4685/5710/4689 4681/5706/4685
f 4429/5396/4437 4433/5401/4441 4689/5714/4693 4685/5710/4689
f 4433/5401/4441 4437/5406/4445 4693/5718/4697 4689/5714/4693
f 4437/5406/4445 4441/5411/4449 4697/5722/4701 4693/5718/4697
f 4441/5411/4449 4445/5416/4453 4701/5726/4705 4697/5722/4701
f 4445/5416/4453 4449/5421/4457 4705/5730/4709 4701/5726/4705
f 4449/5421/4457 4453/5426/4461 4709/5734/4713 4705/5730/4709
f 4453/5426/4461 4457/5431/4465 4713/5738/4717 4709/5734/4713
f 4457/5431/4465 4461/5436/4469 4717/5742/4721 4713/5738/4717
f 4461/5436/4469 4465/5441/4473 4721/5746/4725 4717/5742/4721
f 4465/5441/4473 4469/5446/4477 4725/5750/4729 4721/5746/4725
f 4469/5446/4477 4473/5451/4481 4729/5754/4733 4725/5750/4729
f 4473/5451/4481 4477/5456/4485 4733/5758/4737 4729/5754/4733
f 4477/5456/4485 4481/5461/4489 4737/5762/4741 4733/5758/4737
f 4481/5461/4489 4485/5469/4493 4741/5766/4745 4737/5762/4741
f 4485/5469/4493 4489/5474/4497 4745/5770/4749 4741/5766/4745
f 4489/5474/4497 4493/5479/4501 4749/5774/4753 4745/5770/4749
f 4493/5479/4501 4497/5484/4505 4753/5778/4757 4749/5774/4753
f 4497/5484/4505 4501/5489/4509 4757/5782/4761 4753/5778/4757
f 4501/5489/4509 4505/5494/4513 4761/5786/4765 4757/5782/4761
f 4505/5494/4513 4509/5499/4517 4765/5790/4769 4761/5786/4765
f 4509/5499/4517 4513/5504/4521 4769/5794/4773 4765/5790/4769
f 4513/5504/4521 4517/5509/4525 4773/5798/4777 4769/5794/4773
f 4517/5509/4525 4521/5514/4529 4777/5802/4781 4773/5798/4777
f 4521/5514/4529 4525/5519/4533 4781/5806/4785 4777/5802/4781
f 4525/5519/4533 4529/5524/4537 4785/5810/4789 4781/5806/4785
f 4529/5524/4537 4533/5529/4541 4789/5814/4793 4785/5810/4789
f 4533/5529/4541 4537/5534/4545 4793/5818/4797 4789/5814/4793
f 4537/5534/4545 4541/5539/4549 4797/5822/4801 4793/5818/4797
f 4541/5539/4549 4545/5544/4553 4801/5826/4805 4797/5822/4801
f 4545/5544/4553 4549/5552/4557 4805/5830/4809 4801/5826/4805
f 4549/5552/4557 4553/5557/4561 4809/5834/4813 4805/5830/4809
f 4553/5557/4561 4557/5562/4565 4813/5838/4817 4809/5834/4813
f 4557/5562/4565 4561/5567/4569 4817/5842/4821 4813/5838/4817
f 4561/5567/4569 4565/5572/4573 4821/5846/4825 4817/5842/4821
f 4565/5572/4573 4569/5577/4577 4825/5850/4829 4821/5846/4825
f 4569/5577/4577 4573/5582/4581 4829/5854/4833 4825/5850/4829
f 4573/5582/4581 4577/5587/4585 4833/5858/4837 4829/5854/4833
f 4577/5587/4585 4581/5592/4589 4837/5862/4841 4833/5858/4837
f 4581/5592/4589 4585/5597/4593 4841/5866/4845 4837/5862/4841
f 4585/5597/4593 4589/5602/4597 4845/5870/4849 4841/5866/4845
f 4589/5602/4597 4593/5607/4601 4849/5874/4853 4845/5870/4849
f 4593/5607/4601 4597/5612/4605 4853/5878/4857 4849/5874/4853
f 4597/5612/4605 4601/5617/4609 4857/5882/4861 4853/5878/4857
f 4601/5617/4609 4605/5622/4613 4861/5886/4865 4857/5882/4861
f 4605/5622/4613 4609/5627/4617 4865/5890/4869 4861/5886/4865
f 4609/5627/4617 4613/5635/4621 4869/5894/4873 4865/5890/4869
f 4613/5635/4621 4617/5640/4625 4873/5898/4877 4869/5894/4873
f 4617/5640/4625 4621/5645/4629 4877/5902/4881 4873/5898/4877
f 4621/5645/4629 4625/5650/4633 4881/5906/4885 4877/5902/4881
f 4625/5650/4633 4629/5655/4637 4885/5910/4889 4881/5906/4885
f 4629/5655/4637 4633/5660/4641 4889/5914/4893 4885/5910/4889
f 4633/5660/4641 4637/5665/4645 4893/5918/4897 4889/5914/4893
s 0
f 4640/5673/4904 4644/5672/4904 4648/5677/4904 4652/5681/4904 4656/5685/4904 4660/5689/4904 4664/5693/4904 4668/5697/4904 4672/5701/4904 4676/5705/4904 4680/5709/4904 4684/5713/4904 4688/5717/4904 4692/5721/4904 4696/5725/4904 4700/5729/4904 4704/5733/4904 4708/5737/4904 4712/5741/4904 4716/5745/4904 4720/5749/4904 4724/5753/4904 4728/5757/4904 4732/5761/4904 4736/5765/4904 4740/5769/4904 4744/5773/4904 4748/5777/4904 4752/5781/4904 4756/5785/4904 4760/5789/4904 4764/5793/4904 4768/5797/4904 4772/5801/4904 4776/5805/4904 4780/5809/4904 4784/5813/4904 4788/5817/4904 4792/5821/4904 4796/5825/4904 4800/5829/4904 4804/5833/4904 4808/5837/4904 4812/5841/4904 4816/5845/4904 4820/5849/4904 4824/5853/4904 4828/5857/4904 4832/5861/4904 4836/5865/4904 4840/5869/4904 4844/5873/4904 4848/5877/4904 4852/5881/4904 4856/5885/4904 4860/5889/4904 4864/5893/4904 4868/5897/4904 4872/5901/4904 4876/5905/4904 4880/5909/4904 4884/5913/4904 4888/5917/4904 4892/5921/4904
o Exposed_end_grain_in_eye.002
v 0.229699 0.017976 -0.284925
v 0.230024 0.017983 -0.285224
v 0.229853 0.017977 -0.284965
v 0.229972 0.017979 -0.285074
v 0.229975 0.017276 -0.285240
v 0.229654 0.017311 -0.284940
v 0.229924 0.017279 -0.285090
v 0.229806 0.017291 -0.284980
v 0.229831 0.016576 -0.285256
v 0.229518 0.016652 -0.284955
v 0.229781 0.016585 -0.285106
v 0.229666 0.016612 -0.284996
v 0.229592 0.015890 -0.285272
v 0.229292 0.016003 -0.284970
v 0.229544 0.015904 -0.285122
v 0.229434 0.015945 -0.285011
v 0.229261 0.015223 -0.285287
v 0.228978 0.015371 -0.284985
v 0.229215 0.015242 -0.285137
v 0.229111 0.015296 -0.285026
v 0.228840 0.014584 -0.285302
v 0.228578 0.014762 -0.284999
v 0.228797 0.014607 -0.285152
v 0.228701 0.014672 -0.285041
v 0.228334 0.013977 -0.285316
v 0.228094 0.014181 -0.285012
v 0.228295 0.014004 -0.285166
v 0.228207 0.014079 -0.285054
v 0.227748 0.013408 -0.285329
v 0.227532 0.013635 -0.285024
v 0.227713 0.013439 -0.285179
v 0.227633 0.013522 -0.285067
v 0.227088 0.012884 -0.285341
v 0.226895 0.013130 -0.285036
v 0.227056 0.012918 -0.285191
v 0.226985 0.013008 -0.285079
v 0.226359 0.012409 -0.285352
v 0.226191 0.012670 -0.285047
v 0.226331 0.012445 -0.285202
v 0.226269 0.012541 -0.285090
v 0.225569 0.011987 -0.285362
v 0.225425 0.012261 -0.285056
v 0.225545 0.012025 -0.285211
v 0.225492 0.012126 -0.285099
v 0.224725 0.011623 -0.285370
v 0.224606 0.011908 -0.285064
v 0.224705 0.011663 -0.285220
v 0.224661 0.011767 -0.285108
v 0.223836 0.011321 -0.285377
v 0.223741 0.011613 -0.285071
v 0.223820 0.011362 -0.285227
v 0.223785 0.011469 -0.285114
v 0.222910 0.011082 -0.285383
v 0.222839 0.011381 -0.285076
v 0.222898 0.011124 -0.285232
v 0.222872 0.011234 -0.285120
v 0.221956 0.010911 -0.285387
v 0.221908 0.011213 -0.285080
v 0.221948 0.010953 -0.285236
v 0.221930 0.011064 -0.285124
v 0.220982 0.010807 -0.285389
v 0.220959 0.011112 -0.285083
v 0.220978 0.010850 -0.285238
v 0.220970 0.010961 -0.285126
v 0.220000 0.010772 -0.285390
v 0.220000 0.011078 -0.285083
v 0.220000 0.010815 -0.285239
v 0.220000 0.010927 -0.285127
v 0.219018 0.010807 -0.285389
v 0.219041 0.011112 -0.285083
v 0.219022 0.010850 -0.285238
v 0.219030 0.010961 -0.285126
v 0.218044 0.010911 -0.285387
v 0.218092 0.011213 -0.285080
v 0.218052 0.010953 -0.285236
v 0.218070 0.011064 -0.285124
v 0.217090 0.011082 -0.285383
v 0.217161 0.011381 -0.285076
v 0.217102 0.011124 -0.285232
v 0.217128 0.011234 -0.285120
v 0.216164 0.011321 -0.285377
v 0.216259 0.011613 -0.285071
v 0.216180 0.011362 -0.285227
v 0.216215 0.011469 -0.285114
v 0.215275 0.011623 -0.285370
v 0.215394 0.011908 -0.285064
v 0.215295 0.011663 -0.285220
v 0.215339 0.011767 -0.285108
v 0.214431 0.011987 -0.285362
v 0.214575 0.012261 -0.285056
v 0.214455 0.012025 -0.285211
v 0.214508 0.012126 -0.285099
v 0.213641 0.012409 -0.285352
v 0.213809 0.012670 -0.285047
v 0.213669 0.012445 -0.285202
v 0.213731 0.012541 -0.285090
v 0.212912 0.012884 -0.285341
v 0.213105 0.013130 -0.285036
v 0.212944 0.012918 -0.285191
v 0.213015 0.013008 -0.285079
v 0.212252 0.013408 -0.285329
v 0.212468 0.013635 -0.285024
v 0.212287 0.013439 -0.285179
v 0.212367 0.013522 -0.285067
v 0.211666 0.013977 -0.285316
v 0.211906 0.014181 -0.285012
v 0.211705 0.014004 -0.285166
v 0.211793 0.014079 -0.285054
v 0.211160 0.014584 -0.285302
v 0.211422 0.014762 -0.284999
v 0.211203 0.014607 -0.285152
v 0.211299 0.014672 -0.285041
v 0.210739 0.015223 -0.285287
v 0.211022 0.015371 -0.284985
v 0.210785 0.015242 -0.285137
v 0.210889 0.015296 -0.285026
v 0.210408 0.015890 -0.285272
v 0.210708 0.016003 -0.284970
v 0.210456 0.015904 -0.285122
v 0.210566 0.015945 -0.285011
v 0.210169 0.016576 -0.285256
v 0.210482 0.016652 -0.284955
v 0.210219 0.016585 -0.285106
v 0.210334 0.016612 -0.284996
v 0.210025 0.017276 -0.285240
v 0.210346 0.017311 -0.284940
v 0.210076 0.017279 -0.285090
v 0.210194 0.017291 -0.284980
v 0.209976 0.017983 -0.285224
v 0.210301 0.017976 -0.284925
v 0.210028 0.017979 -0.285074
v 0.210147 0.017977 -0.284965
v 0.210025 0.018690 -0.285207
v 0.210346 0.018641 -0.284909
v 0.210076 0.018680 -0.285058
v 0.210194 0.018662 -0.284949
v 0.210169 0.019390 -0.285191
v 0.210482 0.019300 -0.284894
v 0.210219 0.019374 -0.285042
v 0.210334 0.019342 -0.284933
v 0.210408 0.020076 -0.285176
v 0.210708 0.019949 -0.284879
v 0.210456 0.020055 -0.285026
v 0.210566 0.020009 -0.284918
v 0.210739 0.020742 -0.285160
v 0.211022 0.020581 -0.284865
v 0.210785 0.020716 -0.285011
v 0.210889 0.020657 -0.284903
v 0.211160 0.021382 -0.285146
v 0.211422 0.021190 -0.284851
v 0.211203 0.021352 -0.284997
v 0.211299 0.021281 -0.284889
v 0.211666 0.021989 -0.285132
v 0.211906 0.021771 -0.284837
v 0.211705 0.021955 -0.284983
v 0.211793 0.021875 -0.284875
v 0.212252 0.022557 -0.285119
v 0.212468 0.022317 -0.284825
v 0.212287 0.022520 -0.284970
v 0.212367 0.022432 -0.284862
v 0.212912 0.023082 -0.285107
v 0.213105 0.022822 -0.284813
v 0.212944 0.023041 -0.284958
v 0.213015 0.022946 -0.284850
v 0.213641 0.023557 -0.285096
v 0.213809 0.023282 -0.284803
v 0.213669 0.023514 -0.284947
v 0.213731 0.023413 -0.284840
v 0.214431 0.023978 -0.285086
v 0.214575 0.023691 -0.284793
v 0.214455 0.023933 -0.284937
v 0.214508 0.023828 -0.284830
v 0.215275 0.024342 -0.285078
v 0.215394 0.024044 -0.284785
v 0.215295 0.024296 -0.284929
v 0.215339 0.024186 -0.284822
v 0.216164 0.024645 -0.285071
v 0.216259 0.024339 -0.284778
v 0.216180 0.024597 -0.284922
v 0.216215 0.024485 -0.284815
v 0.217090 0.024883 -0.285065
v 0.217161 0.024571 -0.284773
v 0.217102 0.024834 -0.284917
v 0.217128 0.024720 -0.284810
v 0.218044 0.025055 -0.285062
v 0.218092 0.024739 -0.284769
v 0.218052 0.025006 -0.284913
v 0.218070 0.024890 -0.284806
v 0.219018 0.025159 -0.285059
v 0.219041 0.024840 -0.284767
v 0.219022 0.025109 -0.284910
v 0.219030 0.024992 -0.284803
v 0.220000 0.025194 -0.285058
v 0.220000 0.024874 -0.284766
v 0.220000 0.025144 -0.284910
v 0.220000 0.025027 -0.284803
v 0.220982 0.025159 -0.285059
v 0.220959 0.024840 -0.284767
v 0.220978 0.025109 -0.284910
v 0.220970 0.024992 -0.284803
v 0.221956 0.025055 -0.285062
v 0.221908 0.024739 -0.284769
v 0.221948 0.025006 -0.284913
v 0.221930 0.024890 -0.284806
v 0.222910 0.024883 -0.285065
v 0.222839 0.024571 -0.284773
v 0.222898 0.024834 -0.284917
v 0.222872 0.024720 -0.284810
v 0.223836 0.024645 -0.285071
v 0.223741 0.024339 -0.284778
v 0.223820 0.024597 -0.284922
v 0.223785 0.024485 -0.284815
v 0.224725 0.024342 -0.285078
v 0.224606 0.024044 -0.284785
v 0.224705 0.024296 -0.284929
v 0.224661 0.024186 -0.284822
v 0.225569 0.023978 -0.285086
v 0.225425 0.023691 -0.284793
v 0.225545 0.023933 -0.284937
v 0.225492 0.023828 -0.284830
v 0.226359 0.023557 -0.285096
v 0.226191 0.023282 -0.284803
v 0.226331 0.023514 -0.284947
v 0.226269 0.023413 -0.284840
v 0.227088 0.023082 -0.285107
v 0.226895 0.022822 -0.284813
v 0.227056 0.023041 -0.284958
v 0.226985 0.022946 -0.284850
v 0.227748 0.022557 -0.285119
v 0.227532 0.022317 -0.284825
v 0.227713 0.022520 -0.284970
v 0.227633 0.022432 -0.284862
v 0.228334 0.021989 -0.285132
v 0.228094 0.021771 -0.284837
v 0.228295 0.021955 -0.284983
v 0.228207 0.021875 -0.284875
v 0.228840 0.021382 -0.285146
v 0.228578 0.021190 -0.284851
v 0.228797 0.021352 -0.284997
v 0.228701 0.021281 -0.284889
v 0.229261 0.020742 -0.285160
v 0.228978 0.020581 -0.284865
v 0.229215 0.020716 -0.285011
v 0.229111 0.020657 -0.284903
v 0.229592 0.020076 -0.285176
v 0.229292 0.019949 -0.284879
v 0.229544 0.020055 -0.285026
v 0.229434 0.020009 -0.284918
v 0.229831 0.019390 -0.285191
v 0.229518 0.019300 -0.284894
v 0.229781 0.019374 -0.285042
v 0.229666 0.019342 -0.284933
v 0.229975 0.018690 -0.285207
v 0.229654 0.018641 -0.284909
v 0.229924 0.018680 -0.285058
v 0.229806 0.018662 -0.284949
v 0.230349 0.018165 -0.293122
v 0.230626 0.018158 -0.292823
v 0.230496 0.018164 -0.293082
v 0.230598 0.018161 -0.292973
v 0.230301 0.017466 -0.293139
v 0.230575 0.017419 -0.292840
v 0.230447 0.017445 -0.293099
v 0.230547 0.017427 -0.292990
v 0.230156 0.016773 -0.293154
v 0.230422 0.016688 -0.292857
v 0.230297 0.016732 -0.293115
v 0.230395 0.016701 -0.293006
v 0.229915 0.016091 -0.293170
v 0.230169 0.015970 -0.292874
v 0.230050 0.016032 -0.293131
v 0.230143 0.015988 -0.293023
v 0.229580 0.015427 -0.293185
v 0.229817 0.015274 -0.292890
v 0.229707 0.015351 -0.293147
v 0.229794 0.015295 -0.293039
v 0.229152 0.014787 -0.293200
v 0.229372 0.014606 -0.292905
v 0.229270 0.014697 -0.293162
v 0.229350 0.014630 -0.293054
v 0.228636 0.014177 -0.293214
v 0.228835 0.013971 -0.292919
v 0.228743 0.014074 -0.293176
v 0.228816 0.013999 -0.293069
v 0.228036 0.013603 -0.293227
v 0.228214 0.013377 -0.292933
v 0.228132 0.013490 -0.293190
v 0.228197 0.013407 -0.293082
v 0.227357 0.013072 -0.293240
v 0.227514 0.012829 -0.292946
v 0.227442 0.012950 -0.293202
v 0.227499 0.012861 -0.293095
v 0.226605 0.012589 -0.293251
v 0.226741 0.012333 -0.292957
v 0.226679 0.012460 -0.293214
v 0.226728 0.012366 -0.293106
v 0.225788 0.012160 -0.293261
v 0.225904 0.011892 -0.292967
v 0.225851 0.012025 -0.293224
v 0.225893 0.011927 -0.293116
v 0.224914 0.011788 -0.293269
v 0.225009 0.011512 -0.292976
v 0.224966 0.011649 -0.293232
v 0.225001 0.011548 -0.293125
v 0.223991 0.011479 -0.293276
v 0.224066 0.011196 -0.292983
v 0.224032 0.011336 -0.293239
v 0.224060 0.011232 -0.293132
v 0.223028 0.011235 -0.293282
v 0.223085 0.010947 -0.292989
v 0.223059 0.011089 -0.293245
v 0.223080 0.010984 -0.293138
v 0.222036 0.011059 -0.293286
v 0.222073 0.010767 -0.292993
v 0.222056 0.010911 -0.293249
v 0.222070 0.010804 -0.293142
v 0.221023 0.010952 -0.293288
v 0.221042 0.010659 -0.292995
v 0.221033 0.010803 -0.293252
v 0.221040 0.010696 -0.293144
v 0.220000 0.010917 -0.293289
v 0.220000 0.010622 -0.292996
v 0.220000 0.010767 -0.293252
v 0.220000 0.010660 -0.293145
v 0.218977 0.010952 -0.293288
v 0.218958 0.010659 -0.292995
v 0.218967 0.010803 -0.293252
v 0.218960 0.010696 -0.293144
v 0.217964 0.011059 -0.293286
v 0.217927 0.010767 -0.292993
v 0.217944 0.010911 -0.293249
v 0.217930 0.010804 -0.293142
v 0.216972 0.011235 -0.293282
v 0.216915 0.010947 -0.292989
v 0.216941 0.011089 -0.293245
v 0.216920 0.010984 -0.293138
v 0.216009 0.011479 -0.293276
v 0.215934 0.011196 -0.292983
v 0.215968 0.011336 -0.293239
v 0.215940 0.011232 -0.293132
v 0.215086 0.011788 -0.293269
v 0.214991 0.011512 -0.292976
v 0.215034 0.011649 -0.293232
v 0.214999 0.011548 -0.293125
v 0.214212 0.012160 -0.293261
v 0.214096 0.011892 -0.292967
v 0.214149 0.012025 -0.293224
v 0.214107 0.011927 -0.293116
v 0.213395 0.012589 -0.293251
v 0.213259 0.012333 -0.292957
v 0.213321 0.012460 -0.293214
v 0.213271 0.012366 -0.293106
v 0.212643 0.013072 -0.293240
v 0.212486 0.012829 -0.292946
v 0.212558 0.012950 -0.293202
v 0.212501 0.012861 -0.293095
v 0.211964 0.013603 -0.293227
v 0.211786 0.013377 -0.292933
v 0.211868 0.013490 -0.293190
v 0.211803 0.013407 -0.293082
v 0.211364 0.014177 -0.293214
v 0.211165 0.013971 -0.292919
v 0.211257 0.014074 -0.293176
v 0.211184 0.013999 -0.293069
v 0.210848 0.014787 -0.293200
v 0.210628 0.014606 -0.292905
v 0.210730 0.014697 -0.293162
v 0.210650 0.014630 -0.293054
v 0.210420 0.015427 -0.293185
v 0.210183 0.015274 -0.292890
v 0.210293 0.015351 -0.293147
v 0.210206 0.015295 -0.293039
v 0.210085 0.016091 -0.293170
v 0.209831 0.015970 -0.292874
v 0.209950 0.016032 -0.293131
v 0.209857 0.015988 -0.293023
v 0.209844 0.016773 -0.293154
v 0.209578 0.016688 -0.292857
v 0.209703 0.016732 -0.293115
v 0.209605 0.016701 -0.293006
v 0.209699 0.017466 -0.293139
v 0.209425 0.017419 -0.292840
v 0.209553 0.017445 -0.293099
v 0.209453 0.017427 -0.292990
v 0.209651 0.018165 -0.293122
v 0.209374 0.018158 -0.292823
v 0.209504 0.018164 -0.293082
v 0.209402 0.018161 -0.292973
v 0.209699 0.018863 -0.293106
v 0.209425 0.018896 -0.292806
v 0.209553 0.018883 -0.293066
v 0.209453 0.018895 -0.292956
v 0.209844 0.019556 -0.293090
v 0.209578 0.019628 -0.292789
v 0.209703 0.019595 -0.293049
v 0.209605 0.019622 -0.292939
v 0.210085 0.020238 -0.293075
v 0.209831 0.020345 -0.292773
v 0.209950 0.020295 -0.293033
v 0.209857 0.020334 -0.292923
v 0.210420 0.020902 -0.293059
v 0.210183 0.021041 -0.292757
v 0.210293 0.020976 -0.293018
v 0.210206 0.021027 -0.292907
v 0.210848 0.021542 -0.293045
v 0.210628 0.021710 -0.292741
v 0.210730 0.021631 -0.293003
v 0.210650 0.021692 -0.292892
v 0.211364 0.022152 -0.293031
v 0.211165 0.022344 -0.292727
v 0.211257 0.022253 -0.292988
v 0.211184 0.022323 -0.292877
v 0.211964 0.022726 -0.293018
v 0.211786 0.022938 -0.292713
v 0.211868 0.022837 -0.292975
v 0.211803 0.022915 -0.292863
v 0.212643 0.023257 -0.293005
v 0.212486 0.023486 -0.292700
v 0.212558 0.023377 -0.292962
v 0.212501 0.023461 -0.292851
v 0.213395 0.023740 -0.292994
v 0.213259 0.023982 -0.292689
v 0.213321 0.023867 -0.292951
v 0.213271 0.023956 -0.292839
v 0.214212 0.024169 -0.292984
v 0.214096 0.024423 -0.292679
v 0.214149 0.024303 -0.292941
v 0.214107 0.024395 -0.292829
v 0.215086 0.024541 -0.292976
v 0.214991 0.024803 -0.292670
v 0.215034 0.024679 -0.292932
v 0.214999 0.024775 -0.292821
v 0.216009 0.024850 -0.292969
v 0.215934 0.025119 -0.292663
v 0.215968 0.024991 -0.292925
v 0.215940 0.025090 -0.292813
v 0.216972 0.025094 -0.292963
v 0.216915 0.025368 -0.292657
v 0.216941 0.025238 -0.292920
v 0.216920 0.025339 -0.292808
v 0.217964 0.025270 -0.292959
v 0.217927 0.025548 -0.292653
v 0.217944 0.025416 -0.292915
v 0.217930 0.025518 -0.292803
v 0.218977 0.025377 -0.292957
v 0.218958 0.025657 -0.292650
v 0.218967 0.025524 -0.292913
v 0.218960 0.025626 -0.292801
v 0.220000 0.025412 -0.292956
v 0.220000 0.025693 -0.292650
v 0.220000 0.025560 -0.292912
v 0.220000 0.025662 -0.292800
v 0.221023 0.025377 -0.292957
v 0.221042 0.025657 -0.292650
v 0.221033 0.025524 -0.292913
v 0.221040 0.025626 -0.292801
v 0.222036 0.025270 -0.292959
v 0.222073 0.025548 -0.292653
v 0.222056 0.025416 -0.292915
v 0.222070 0.025518 -0.292803
v 0.223028 0.025094 -0.292963
v 0.223085 0.025368 -0.292657
v 0.223059 0.025238 -0.292920
v 0.223080 0.025339 -0.292808
v 0.223991 0.024850 -0.292969
v 0.224066 0.025119 -0.292663
v 0.224032 0.024991 -0.292925
v 0.224060 0.025090 -0.292813
v 0.224914 0.024541 -0.292976
v 0.225009 0.024803 -0.292670
v 0.224966 0.024679 -0.292932
v 0.225001 0.024775 -0.292821
v 0.225788 0.024169 -0.292984
v 0.225904 0.024423 -0.292679
v 0.225851 0.024303 -0.292941
v 0.225893 0.024395 -0.292829
v 0.226605 0.023740 -0.292994
v 0.226741 0.023982 -0.292689
v 0.226679 0.023867 -0.292951
v 0.226728 0.023956 -0.292839
v 0.227357 0.023257 -0.293005
v 0.227514 0.023486 -0.292700
v 0.227442 0.023377 -0.292962
v 0.227499 0.023461 -0.292851
v 0.228036 0.022726 -0.293018
v 0.228214 0.022938 -0.292713
v 0.228132 0.022837 -0.292975
v 0.228197 0.022915 -0.292863
v 0.228636 0.022152 -0.293031
v 0.228835 0.022344 -0.292727
v 0.228743 0.022253 -0.292988
v 0.228816 0.022323 -0.292877
v 0.229152 0.021542 -0.293045
v 0.229372 0.021710 -0.292741
v 0.229270 0.021631 -0.293003
v 0.229350 0.021692 -0.292892
v 0.229580 0.020902 -0.293059
v 0.229817 0.021041 -0.292757
v 0.229707 0.020976 -0.293018
v 0.229794 0.021027 -0.292907
v 0.229915 0.020238 -0.293075
v 0.230169 0.020345 -0.292773
v 0.230050 0.020295 -0.293033
v 0.230143 0.020334 -0.292923
v 0.230156 0.019556 -0.293090
v 0.230422 0.019628 -0.292789
v 0.230297 0.019595 -0.293049
v 0.230395 0.019622 -0.292939
v 0.230301 0.018863 -0.293106
v 0.230575 0.018896 -0.292806
v 0.230447 0.018883 -0.293066
v 0.230547 0.018895 -0.292956
vn 0.9965 -0.0019 0.0840
vn 0.9872 0.1341 0.0866
vn 0.9357 0.1205 0.3315
vn 0.9443 -0.0076 0.3290
vn 0.6773 0.0293 0.7351
vn 0.2524 -0.0050 0.9676
vn 0.2481 0.0288 0.9683
vn 0.6650 0.1202 0.7371
vn 0.9108 0.2441 0.3330
vn 0.9601 0.2654 0.0880
vn 0.2393 0.0610 0.9690
vn 0.6423 0.2065 0.7381
vn 0.8714 0.3597 0.3336
vn 0.9175 0.3877 0.0884
vn 0.2270 0.0906 0.9697
vn 0.6098 0.2861 0.7391
vn 0.8204 0.4646 0.3332
vn 0.8626 0.4982 0.0878
vn 0.2120 0.1171 0.9702
vn 0.5701 0.3576 0.7397
vn 0.7607 0.5575 0.3323
vn 0.7986 0.5956 0.0866
vn 0.1954 0.1403 0.9706
vn 0.5252 0.4203 0.7399
vn 0.6952 0.6381 0.3309
vn 0.7286 0.6797 0.0849
vn 0.1770 0.1602 0.9711
vn 0.4770 0.4744 0.7399
vn 0.6261 0.7067 0.3293
vn 0.6552 0.7509 0.0829
vn 0.1583 0.1771 0.9714
vn 0.4266 0.5203 0.7398
vn 0.5553 0.7644 0.3276
vn 0.5802 0.8105 0.0807
vn 0.1393 0.1912 0.9716
vn 0.3755 0.5587 0.7395
vn 0.4839 0.8122 0.3258
vn 0.5049 0.8596 0.0787
vn 0.1202 0.2027 0.9718
vn 0.3240 0.5904 0.7392
vn 0.4127 0.8512 0.3241
vn 0.4301 0.8995 0.0767
vn 0.1011 0.2122 0.9720
vn 0.2731 0.6160 0.7389
vn 0.3421 0.8825 0.3226
vn 0.3562 0.9314 0.0750
vn 0.0824 0.2196 0.9721
vn 0.2224 0.6364 0.7386
vn 0.2724 0.9069 0.3214
vn 0.2834 0.9562 0.0734
vn 0.0638 0.2252 0.9722
vn 0.1723 0.6521 0.7383
vn 0.2035 0.9252 0.3203
vn 0.2115 0.9747 0.0723
vn 0.0454 0.2293 0.9723
vn 0.1226 0.6635 0.7380
vn 0.1352 0.9379 0.3196
vn 0.1405 0.9875 0.0714
vn 0.0271 0.2318 0.9724
vn 0.0734 0.6710 0.7378
vn 0.0675 0.9453 0.3191
vn 0.0701 0.9950 0.0709
vn 0.0090 0.2332 0.9724
vn 0.0245 0.6746 0.7378
vn -0.0000 0.9478 0.3189
vn -0.0000 0.9975 0.0707
vn -0.0090 0.2332 0.9724
vn -0.0245 0.6746 0.7378
vn -0.0675 0.9453 0.3191
vn -0.0701 0.9950 0.0709
vn -0.0271 0.2318 0.9724
vn -0.0734 0.6710 0.7378
vn -0.1352 0.9379 0.3196
vn -0.1405 0.9875 0.0714
vn -0.0454 0.2293 0.9723
vn -0.1226 0.6635 0.7380
vn -0.2035 0.9252 0.3203
vn -0.2115 0.9747 0.0723
vn -0.0638 0.2252 0.9722
vn -0.1723 0.6521 0.7383
vn -0.2724 0.9069 0.3214
vn -0.2834 0.9562 0.0734
vn -0.0824 0.2196 0.9721
vn -0.2225 0.6364 0.7386
vn -0.3421 0.8825 0.3226
vn -0.3562 0.9314 0.0750
vn -0.1011 0.2122 0.9720
vn -0.2731 0.6160 0.7389
vn -0.4127 0.8512 0.3241
vn -0.4301 0.8995 0.0767
vn -0.1202 0.2027 0.9718
vn -0.3240 0.5904 0.7392
vn -0.4839 0.8122 0.3258
vn -0.5049 0.8596 0.0786
vn -0.1393 0.1912 0.9716
vn -0.3755 0.5587 0.7395
vn -0.5553 0.7644 0.3276
vn -0.5802 0.8105 0.0807
vn -0.1583 0.1771 0.9714
vn -0.4266 0.5203 0.7398
vn -0.6261 0.7067 0.3293
vn -0.6552 0.7509 0.0829
vn -0.1770 0.1602 0.9711
vn -0.4770 0.4744 0.7399
vn -0.6952 0.6381 0.3309
vn -0.7286 0.6797 0.0849
vn -0.1954 0.1403 0.9706
vn -0.5252 0.4203 0.7399
vn -0.7607 0.5575 0.3323
vn -0.7986 0.5956 0.0866
vn -0.2120 0.1171 0.9702
vn -0.5701 0.3576 0.7397
vn -0.8204 0.4646 0.3332
vn -0.8626 0.4982 0.0878
vn -0.2269 0.0906 0.9697
vn -0.6098 0.2861 0.7391
vn -0.8714 0.3597 0.3336
vn -0.9175 0.3877 0.0884
vn -0.2392 0.0610 0.9690
vn -0.6423 0.2065 0.7381
vn -0.9108 0.2441 0.3330
vn -0.9601 0.2654 0.0880
vn -0.2481 0.0288 0.9683
vn -0.6651 0.1202 0.7370
vn -0.9357 0.1205 0.3315
vn -0.9872 0.1341 0.0866
vn -0.2524 -0.0050 0.9676
vn -0.6773 0.0293 0.7351
vn -0.9443 -0.0076 0.3290
vn -0.9965 -0.0019 0.0840
vn -0.2524 -0.0395 0.9668
vn -0.6773 -0.0631 0.7330
vn -0.9357 -0.1356 0.3256
vn -0.9872 -0.1380 0.0803
vn -0.2481 -0.0733 0.9660
vn -0.6650 -0.1540 0.7308
vn -0.9108 -0.2592 0.3214
vn -0.9601 -0.2691 0.0758
vn -0.2393 -0.1055 0.9652
vn -0.6423 -0.2402 0.7279
vn -0.8714 -0.3747 0.3167
vn -0.9175 -0.3913 0.0705
vn -0.2270 -0.1351 0.9645
vn -0.6098 -0.3198 0.7252
vn -0.8204 -0.4795 0.3115
vn -0.8626 -0.5018 0.0648
vn -0.2120 -0.1616 0.9638
vn -0.5701 -0.3913 0.7224
vn -0.7607 -0.5722 0.3063
vn -0.7986 -0.5990 0.0591
vn -0.1954 -0.1848 0.9632
vn -0.5252 -0.4539 0.7198
vn -0.6952 -0.6526 0.3013
vn -0.7286 -0.6829 0.0535
vn -0.1770 -0.2046 0.9627
vn -0.4770 -0.5079 0.7173
vn -0.6261 -0.7211 0.2965
vn -0.6552 -0.7539 0.0482
vn -0.1583 -0.2216 0.9622
vn -0.4266 -0.5538 0.7151
vn -0.5553 -0.7787 0.2921
vn -0.5802 -0.8133 0.0434
vn -0.1393 -0.2356 0.9618
vn -0.3755 -0.5921 0.7131
vn -0.4839 -0.8263 0.2881
vn -0.5049 -0.8623 0.0391
vn -0.1202 -0.2472 0.9615
vn -0.3240 -0.6237 0.7113
vn -0.4127 -0.8652 0.2847
vn -0.4301 -0.9021 0.0352
vn -0.1011 -0.2567 0.9612
vn -0.2731 -0.6493 0.7098
vn -0.3421 -0.8964 0.2817
vn -0.3562 -0.9339 0.0320
vn -0.0824 -0.2641 0.9610
vn -0.2224 -0.6697 0.7085
vn -0.2724 -0.9208 0.2793
vn -0.2834 -0.9586 0.0294
vn -0.0638 -0.2697 0.9608
vn -0.1723 -0.6854 0.7075
vn -0.2035 -0.9389 0.2774
vn -0.2115 -0.9770 0.0274
vn -0.0454 -0.2737 0.9607
vn -0.1226 -0.6968 0.7067
vn -0.1352 -0.9516 0.2761
vn -0.1405 -0.9897 0.0259
vn -0.0271 -0.2763 0.9607
vn -0.0734 -0.7042 0.7062
vn -0.0675 -0.9590 0.2753
vn -0.0701 -0.9972 0.0250
vn -0.0090 -0.2776 0.9606
vn -0.0245 -0.7078 0.7060
vn -0.0000 -0.9614 0.2750
vn -0.0000 -0.9997 0.0247
vn 0.0090 -0.2776 0.9606
vn 0.0245 -0.7078 0.7060
vn 0.0675 -0.9590 0.2753
vn 0.0701 -0.9972 0.0250
vn 0.0271 -0.2763 0.9607
vn 0.0734 -0.7042 0.7062
vn 0.1352 -0.9516 0.2761
vn 0.1405 -0.9897 0.0259
vn 0.0454 -0.2737 0.9607
vn 0.1226 -0.6968 0.7067
vn 0.2035 -0.9389 0.2774
vn 0.2115 -0.9770 0.0274
vn 0.0638 -0.2697 0.9608
vn 0.1723 -0.6854 0.7075
vn 0.2724 -0.9208 0.2793
vn 0.2834 -0.9586 0.0294
vn 0.0824 -0.2641 0.9610
vn 0.2225 -0.6697 0.7085
vn 0.3421 -0.8964 0.2817
vn 0.3562 -0.9339 0.0320
vn 0.1011 -0.2567 0.9612
vn 0.2731 -0.6493 0.7098
vn 0.4127 -0.8652 0.2847
vn 0.4301 -0.9021 0.0352
vn 0.1202 -0.2472 0.9615
vn 0.3240 -0.6237 0.7113
vn 0.4839 -0.8263 0.2881
vn 0.5049 -0.8623 0.0390
vn 0.1393 -0.2356 0.9618
vn 0.3755 -0.5921 0.7131
vn 0.5553 -0.7787 0.2921
vn 0.5802 -0.8133 0.0434
vn 0.1583 -0.2216 0.9622
vn 0.4266 -0.5538 0.7151
vn 0.6261 -0.7211 0.2965
vn 0.6552 -0.7539 0.0482
vn 0.1770 -0.2046 0.9627
vn 0.4770 -0.5079 0.7173
vn 0.6952 -0.6526 0.3013
vn 0.7286 -0.6829 0.0535
vn 0.1954 -0.1848 0.9632
vn 0.5252 -0.4539 0.7198
vn 0.7607 -0.5722 0.3063
vn 0.7986 -0.5990 0.0591
vn 0.2120 -0.1616 0.9638
vn 0.5701 -0.3913 0.7224
vn 0.8204 -0.4795 0.3115
vn 0.8626 -0.5018 0.0648
vn 0.2269 -0.1351 0.9645
vn 0.6098 -0.3198 0.7252
vn 0.8714 -0.3747 0.3167
vn 0.9175 -0.3913 0.0705
vn 0.2392 -0.1055 0.9652
vn 0.6423 -0.2402 0.7279
vn 0.9108 -0.2592 0.3214
vn 0.9601 -0.2691 0.0758
vn 0.2481 -0.0733 0.9660
vn 0.6651 -0.1540 0.7307
vn 0.9357 -0.1356 0.3256
vn 0.9872 -0.1380 0.0803
vn 0.2524 -0.0395 0.9668
vn 0.6773 -0.0631 0.7330
vn 0.9973 -0.0017 0.0737
vn 0.9880 -0.1379 0.0700
vn 0.9731 -0.1302 -0.1903
vn 0.9824 0.0043 -0.1867
vn 0.7328 -0.0352 -0.6795
vn 0.2626 0.0040 -0.9649
vn 0.9609 -0.2692 0.0654
vn 0.9458 -0.2597 -0.1947
vn 0.7186 -0.1347 -0.6823
vn 0.2575 -0.0317 -0.9658
vn 0.9182 -0.3915 0.0602
vn 0.9031 -0.3801 -0.1998
vn 0.6916 -0.2286 -0.6851
vn 0.2480 -0.0655 -0.9665
vn 0.8632 -0.5020 0.0545
vn 0.8480 -0.4887 -0.2051
vn 0.6540 -0.3142 -0.6881
vn 0.2348 -0.0963 -0.9673
vn 0.7990 -0.5993 0.0488
vn 0.7840 -0.5840 -0.2105
vn 0.6083 -0.3901 -0.6912
vn 0.2185 -0.1236 -0.9680
vn 0.7290 -0.6832 0.0432
vn 0.7143 -0.6658 -0.2158
vn 0.5576 -0.4554 -0.6941
vn 0.2006 -0.1474 -0.9685
vn 0.6555 -0.7543 0.0379
vn 0.6414 -0.7348 -0.2208
vn 0.5038 -0.5108 -0.6966
vn 0.1811 -0.1674 -0.9691
vn 0.5804 -0.8137 0.0330
vn 0.5672 -0.7922 -0.2253
vn 0.4482 -0.5571 -0.6991
vn 0.1616 -0.1843 -0.9695
vn 0.5051 -0.8626 0.0286
vn 0.4930 -0.8393 -0.2293
vn 0.3926 -0.5951 -0.7012
vn 0.1418 -0.1982 -0.9699
vn 0.4302 -0.9024 0.0248
vn 0.4195 -0.8774 -0.2328
vn 0.3373 -0.6260 -0.7031
vn 0.1219 -0.2095 -0.9702
vn 0.3563 -0.9341 0.0216
vn 0.3470 -0.9077 -0.2358
vn 0.2834 -0.6506 -0.7046
vn 0.1023 -0.2187 -0.9704
vn 0.2834 -0.9588 0.0190
vn 0.2759 -0.9312 -0.2383
vn 0.2301 -0.6699 -0.7059
vn 0.0832 -0.2259 -0.9706
vn 0.2116 -0.9772 0.0170
vn 0.2058 -0.9487 -0.2401
vn 0.1778 -0.6846 -0.7069
vn 0.0643 -0.2312 -0.9708
vn 0.1406 -0.9900 0.0155
vn 0.1367 -0.9607 -0.2414
vn 0.1263 -0.6952 -0.7076
vn 0.0457 -0.2350 -0.9709
vn 0.0701 -0.9974 0.0146
vn 0.0682 -0.9678 -0.2422
vn 0.0755 -0.7021 -0.7080
vn 0.0273 -0.2375 -0.9710
vn -0.0000 -0.9999 0.0143
vn -0.0000 -0.9701 -0.2425
vn 0.0251 -0.7055 -0.7083
vn 0.0091 -0.2387 -0.9710
vn -0.0701 -0.9974 0.0146
vn -0.0681 -0.9678 -0.2422
vn -0.0251 -0.7055 -0.7083
vn -0.0091 -0.2387 -0.9710
vn -0.1405 -0.9900 0.0155
vn -0.1366 -0.9607 -0.2414
vn -0.0755 -0.7021 -0.7080
vn -0.0273 -0.2375 -0.9710
vn -0.2116 -0.9772 0.0170
vn -0.2058 -0.9487 -0.2401
vn -0.1263 -0.6952 -0.7076
vn -0.0457 -0.2350 -0.9709
vn -0.2834 -0.9588 0.0190
vn -0.2759 -0.9312 -0.2383
vn -0.1778 -0.6846 -0.7069
vn -0.0643 -0.2312 -0.9708
vn -0.3563 -0.9341 0.0216
vn -0.3471 -0.9077 -0.2358
vn -0.2301 -0.6699 -0.7059
vn -0.0832 -0.2259 -0.9706
vn -0.4302 -0.9024 0.0249
vn -0.4195 -0.8774 -0.2328
vn -0.2834 -0.6506 -0.7046
vn -0.1024 -0.2187 -0.9704
vn -0.5051 -0.8626 0.0286
vn -0.4930 -0.8393 -0.2293
vn -0.3374 -0.6260 -0.7031
vn -0.1219 -0.2095 -0.9702
vn -0.5804 -0.8137 0.0330
vn -0.5672 -0.7922 -0.2253
vn -0.3926 -0.5951 -0.7012
vn -0.1418 -0.1982 -0.9699
vn -0.6555 -0.7543 0.0379
vn -0.6414 -0.7348 -0.2208
vn -0.4482 -0.5571 -0.6991
vn -0.1614 -0.1843 -0.9695
vn -0.7290 -0.6832 0.0432
vn -0.7143 -0.6658 -0.2158
vn -0.5038 -0.5108 -0.6966
vn -0.1811 -0.1674 -0.9691
vn -0.7990 -0.5993 0.0488
vn -0.7840 -0.5840 -0.2105
vn -0.5576 -0.4554 -0.6941
vn -0.2006 -0.1474 -0.9685
vn -0.8632 -0.5020 0.0545
vn -0.8480 -0.4887 -0.2051
vn -0.6083 -0.3901 -0.6912
vn -0.2185 -0.1236 -0.9680
vn -0.9182 -0.3915 0.0602
vn -0.9031 -0.3801 -0.1998
vn -0.6540 -0.3142 -0.6881
vn -0.2347 -0.0963 -0.9673
vn -0.9609 -0.2692 0.0654
vn -0.9458 -0.2597 -0.1947
vn -0.6916 -0.2286 -0.6851
vn -0.2482 -0.0655 -0.9665
vn -0.9880 -0.1379 0.0700
vn -0.9731 -0.1302 -0.1903
vn -0.7186 -0.1347 -0.6823
vn -0.2575 -0.0317 -0.9658
vn -0.9973 -0.0017 0.0737
vn -0.9824 0.0043 -0.1867
vn -0.7328 -0.0352 -0.6795
vn -0.2626 0.0040 -0.9649
vn -0.9880 0.1345 0.0763
vn -0.9731 0.1388 -0.1841
vn -0.7328 0.0664 -0.6771
vn -0.2626 0.0404 -0.9641
vn -0.9609 0.2659 0.0777
vn -0.9458 0.2684 -0.1826
vn -0.7186 0.1660 -0.6753
vn -0.2575 0.0761 -0.9633
vn -0.9182 0.3883 0.0781
vn -0.9031 0.3889 -0.1821
vn -0.6916 0.2599 -0.6739
vn -0.2480 0.1099 -0.9625
vn -0.8632 0.4990 0.0775
vn -0.8480 0.4976 -0.1824
vn -0.6540 0.3455 -0.6730
vn -0.2348 0.1407 -0.9618
vn -0.7990 0.5964 0.0763
vn -0.7840 0.5930 -0.1835
vn -0.6083 0.4214 -0.6726
vn -0.2185 0.1680 -0.9613
vn -0.7290 0.6805 0.0745
vn -0.7143 0.6750 -0.1850
vn -0.5576 0.4869 -0.6724
vn -0.2006 0.1917 -0.9607
vn -0.6555 0.7517 0.0725
vn -0.6414 0.7441 -0.1867
vn -0.5038 0.5423 -0.6724
vn -0.1811 0.2118 -0.9604
vn -0.5804 0.8113 0.0704
vn -0.5672 0.8017 -0.1886
vn -0.4482 0.5887 -0.6728
vn -0.1616 0.2287 -0.9600
vn -0.5051 0.8604 0.0683
vn -0.4930 0.8489 -0.1905
vn -0.3926 0.6267 -0.6731
vn -0.1418 0.2426 -0.9597
vn -0.4302 0.9003 0.0663
vn -0.4195 0.8872 -0.1923
vn -0.3373 0.6577 -0.6736
vn -0.1219 0.2539 -0.9595
vn -0.3563 0.9321 0.0646
vn -0.3470 0.9176 -0.1938
vn -0.2834 0.6823 -0.6739
vn -0.1023 0.2631 -0.9593
vn -0.2834 0.9569 0.0631
vn -0.2759 0.9412 -0.1952
vn -0.2301 0.7017 -0.6743
vn -0.0832 0.2703 -0.9592
vn -0.2116 0.9754 0.0619
vn -0.2058 0.9587 -0.1962
vn -0.1778 0.7164 -0.6746
vn -0.0643 0.2756 -0.9591
vn -0.1406 0.9882 0.0610
vn -0.1367 0.9708 -0.1970
vn -0.1263 0.7270 -0.6749
vn -0.0457 0.2794 -0.9591
vn -0.0701 0.9957 0.0605
vn -0.0682 0.9779 -0.1975
vn -0.0755 0.7339 -0.6750
vn -0.0273 0.2819 -0.9591
vn -0.0000 0.9982 0.0603
vn -0.0000 0.9803 -0.1976
vn -0.0251 0.7373 -0.6751
vn -0.0091 0.2831 -0.9590
vn 0.0701 0.9957 0.0605
vn 0.0681 0.9779 -0.1975
vn 0.0251 0.7373 -0.6751
vn 0.0091 0.2831 -0.9590
vn 0.1405 0.9882 0.0610
vn 0.1366 0.9708 -0.1970
vn 0.0755 0.7339 -0.6750
vn 0.0273 0.2819 -0.9591
vn 0.2116 0.9754 0.0619
vn 0.2058 0.9587 -0.1962
vn 0.1263 0.7270 -0.6749
vn 0.0457 0.2794 -0.9591
vn 0.2834 0.9569 0.0631
vn 0.2759 0.9412 -0.1952
vn 0.1778 0.7164 -0.6746
vn 0.0643 0.2756 -0.9591
vn 0.3563 0.9321 0.0646
vn 0.3471 0.9176 -0.1938
vn 0.2301 0.7017 -0.6743
vn 0.0832 0.2703 -0.9592
vn 0.4302 0.9003 0.0663
vn 0.4195 0.8871 -0.1923
vn 0.2834 0.6823 -0.6739
vn 0.1024 0.2631 -0.9593
vn 0.5051 0.8604 0.0683
vn 0.4930 0.8489 -0.1905
vn 0.3374 0.6576 -0.6735
vn 0.1219 0.2539 -0.9595
vn 0.5804 0.8113 0.0704
vn 0.5672 0.8017 -0.1886
vn 0.3926 0.6267 -0.6731
vn 0.1418 0.2426 -0.9597
vn 0.6555 0.7517 0.0725
vn 0.6414 0.7441 -0.1867
vn 0.4482 0.5887 -0.6728
vn 0.1614 0.2287 -0.9600
vn 0.7290 0.6805 0.0745
vn 0.7143 0.6750 -0.1850
vn 0.5038 0.5423 -0.6724
vn 0.1811 0.2118 -0.9604
vn 0.7990 0.5964 0.0763
vn 0.7840 0.5930 -0.1835
vn 0.5576 0.4869 -0.6724
vn 0.2006 0.1917 -0.9607
vn 0.8632 0.4990 0.0775
vn 0.8480 0.4976 -0.1824
vn 0.6083 0.4214 -0.6726
vn 0.2185 0.1680 -0.9613
vn 0.9182 0.3883 0.0781
vn 0.9031 0.3889 -0.1821
vn 0.6540 0.3455 -0.6730
vn 0.2347 0.1407 -0.9618
vn 0.9609 0.2659 0.0777
vn 0.9458 0.2684 -0.1826
vn 0.6916 0.2599 -0.6739
vn 0.2482 0.1099 -0.9625
vn 0.9880 0.1345 0.0763
vn 0.9731 0.1388 -0.1841
vn 0.7186 0.1660 -0.6753
vn 0.2575 0.0761 -0.9633
vn 0.2626 0.0404 -0.9641
vn 0.7328 0.0664 -0.6771
vn -0.0000 -0.0230 0.9997
vn -0.0000 0.0230 -0.9997
vt 0.630226 0.646947
vt 0.630252 0.644550
vt 0.631276 0.644563
vt 0.631250 0.646953
vt 0.626528 0.003454
vt 0.628937 0.003533
vt 0.628889 0.004032
vt 0.626545 0.003956
vt 0.628838 0.004554
vt 0.626564 0.004479
vt 0.631104 0.004938
vt 0.631224 0.004428
vt 0.631335 0.003938
vt 0.631328 0.642218
vt 0.630304 0.642198
vt 0.633345 0.005629
vt 0.633528 0.005139
vt 0.633701 0.004668
vt 0.631406 0.639938
vt 0.630382 0.639912
vt 0.635538 0.006625
vt 0.635780 0.006161
vt 0.636010 0.005714
vt 0.631508 0.637746
vt 0.630485 0.637716
vt 0.637666 0.007917
vt 0.637959 0.007484
vt 0.638239 0.007067
vt 0.631635 0.635664
vt 0.630611 0.635631
vt 0.639705 0.009496
vt 0.640043 0.009098
vt 0.640367 0.008713
vt 0.631783 0.633718
vt 0.630760 0.633675
vt 0.641635 0.011348
vt 0.642012 0.010988
vt 0.642374 0.010638
vt 0.631632 0.557016
vt 0.631727 0.558930
vt 0.630706 0.558996
vt 0.630610 0.557071
vt 0.643437 0.013458
vt 0.643845 0.013136
vt 0.644240 0.012822
vt 0.631544 0.554837
vt 0.630521 0.554886
vt 0.645090 0.015805
vt 0.645525 0.015522
vt 0.645947 0.015245
vt 0.631463 0.552419
vt 0.630440 0.552462
vt 0.646576 0.018367
vt 0.647034 0.018123
vt 0.647479 0.017883
vt 0.631392 0.549785
vt 0.630369 0.549823
vt 0.647882 0.021119
vt 0.648358 0.020913
vt 0.648821 0.020711
vt 0.631331 0.546961
vt 0.630308 0.546992
vt 0.648990 0.024035
vt 0.649481 0.023866
vt 0.649959 0.023701
vt 0.631280 0.543974
vt 0.630256 0.543999
vt 0.649892 0.027084
vt 0.650394 0.026953
vt 0.650883 0.026824
vt 0.631240 0.540853
vt 0.630216 0.540871
vt 0.650576 0.030237
vt 0.651086 0.030144
vt 0.651584 0.030052
vt 0.631211 0.537628
vt 0.630187 0.537639
vt 0.651037 0.033463
vt 0.651552 0.033408
vt 0.652055 0.033352
vt 0.631193 0.534329
vt 0.630169 0.534334
vt 0.651269 0.036730
vt 0.651786 0.036712
vt 0.652292 0.036694
vt 0.631187 0.530988
vt 0.630164 0.530987
vt 0.651268 0.040005
vt 0.651786 0.040024
vt 0.652292 0.040043
vt 0.631193 0.527638
vt 0.630170 0.527632
vt 0.651037 0.043255
vt 0.651552 0.043312
vt 0.652055 0.043369
vt 0.631211 0.524312
vt 0.630187 0.524300
vt 0.650577 0.046449
vt 0.651087 0.046544
vt 0.651584 0.046638
vt 0.631240 0.521042
vt 0.630216 0.521023
vt 0.649893 0.049554
vt 0.650394 0.049687
vt 0.650883 0.049819
vt 0.631280 0.517859
vt 0.630256 0.517834
vt 0.648993 0.052540
vt 0.649482 0.052713
vt 0.649958 0.052882
vt 0.631331 0.514793
vt 0.630308 0.514762
vt 0.647885 0.055378
vt 0.648359 0.055590
vt 0.648820 0.055797
vt 0.631392 0.511875
vt 0.630369 0.511837
vt 0.646583 0.058039
vt 0.647038 0.058291
vt 0.647479 0.058537
vt 0.631463 0.509132
vt 0.630440 0.509087
vt 0.645100 0.060497
vt 0.645531 0.060789
vt 0.645947 0.061074
vt 0.631544 0.506590
vt 0.630521 0.506540
vt 0.643453 0.062729
vt 0.643854 0.063061
vt 0.644240 0.063385
vt 0.631632 0.504275
vt 0.630610 0.504219
vt 0.641658 0.064713
vt 0.642023 0.065085
vt 0.642374 0.065447
vt 0.631727 0.502215
vt 0.630706 0.502146
vt 0.639736 0.066432
vt 0.640058 0.066842
vt 0.640367 0.067239
vt 0.603315 0.673431
vt 0.603177 0.671263
vt 0.604200 0.671222
vt 0.604338 0.673402
vt 0.637705 0.067871
vt 0.637978 0.068317
vt 0.638239 0.068746
vt 0.603429 0.675699
vt 0.604453 0.675674
vt 0.635587 0.069019
vt 0.635804 0.069495
vt 0.636010 0.069953
vt 0.603520 0.678037
vt 0.604544 0.678017
vt 0.633401 0.069867
vt 0.633556 0.070367
vt 0.633702 0.070848
vt 0.603585 0.680423
vt 0.604609 0.680408
vt 0.631167 0.070410
vt 0.631255 0.070927
vt 0.631338 0.071422
vt 0.603624 0.682833
vt 0.604649 0.682825
vt 0.628904 0.070645
vt 0.628923 0.071169
vt 0.628941 0.071671
vt 0.603638 0.685243
vt 0.604662 0.685243
vt 0.626630 0.070571
vt 0.626579 0.071092
vt 0.626531 0.071592
vt 0.603624 0.687633
vt 0.604649 0.687640
vt 0.624364 0.070187
vt 0.624244 0.070697
vt 0.624133 0.071186
vt 0.603585 0.689979
vt 0.604609 0.689993
vt 0.622124 0.069495
vt 0.621940 0.069985
vt 0.621767 0.070457
vt 0.603520 0.692259
vt 0.604544 0.692279
vt 0.619930 0.068500
vt 0.619688 0.068964
vt 0.619459 0.069411
vt 0.603429 0.694452
vt 0.604453 0.694475
vt 0.617802 0.067208
vt 0.617509 0.067640
vt 0.617229 0.068058
vt 0.603314 0.696535
vt 0.604338 0.696562
vt 0.615763 0.065629
vt 0.615425 0.066026
vt 0.615101 0.066411
vt 0.603177 0.698481
vt 0.604200 0.698518
vt 0.613833 0.063776
vt 0.613456 0.064136
vt 0.613094 0.064487
vt 0.603268 0.571535
vt 0.603176 0.569474
vt 0.604198 0.569408
vt 0.604290 0.571480
vt 0.612032 0.061666
vt 0.611623 0.061989
vt 0.611228 0.062302
vt 0.603352 0.573850
vt 0.604375 0.573802
vt 0.610379 0.059319
vt 0.609943 0.059603
vt 0.609521 0.059880
vt 0.603428 0.576392
vt 0.604451 0.576349
vt 0.608892 0.056757
vt 0.608434 0.057002
vt 0.607989 0.057242
vt 0.603494 0.579135
vt 0.604518 0.579099
vt 0.607587 0.054005
vt 0.607111 0.054211
vt 0.606648 0.054414
vt 0.603550 0.582053
vt 0.604574 0.582024
vt 0.606478 0.051090
vt 0.605987 0.051258
vt 0.605509 0.051424
vt 0.603596 0.585119
vt 0.604620 0.585096
vt 0.605576 0.048041
vt 0.605074 0.048171
vt 0.604585 0.048300
vt 0.603631 0.588302
vt 0.604654 0.588286
vt 0.604891 0.044887
vt 0.604382 0.044980
vt 0.603884 0.045073
vt 0.603654 0.591572
vt 0.604678 0.591562
vt 0.604431 0.041661
vt 0.603916 0.041717
vt 0.603413 0.041772
vt 0.603666 0.594899
vt 0.604689 0.594894
vt 0.604200 0.038395
vt 0.603682 0.038413
vt 0.603176 0.038431
vt 0.603666 0.598248
vt 0.604689 0.598250
vt 0.604200 0.035120
vt 0.603682 0.035101
vt 0.603176 0.035081
vt 0.603654 0.601589
vt 0.604678 0.601596
vt 0.604431 0.031869
vt 0.603916 0.031813
vt 0.603413 0.031756
vt 0.603631 0.604888
vt 0.604654 0.604901
vt 0.604891 0.028676
vt 0.604381 0.028581
vt 0.603884 0.028487
vt 0.603596 0.608114
vt 0.604620 0.608133
vt 0.605575 0.025570
vt 0.605074 0.025437
vt 0.604585 0.025306
vt 0.603550 0.611235
vt 0.604574 0.611261
vt 0.606475 0.022584
vt 0.605986 0.022412
vt 0.605510 0.022242
vt 0.603494 0.614222
vt 0.604517 0.614254
vt 0.607583 0.019747
vt 0.607109 0.019535
vt 0.606648 0.019327
vt 0.603428 0.617046
vt 0.604451 0.617085
vt 0.608885 0.017086
vt 0.608430 0.016834
vt 0.607990 0.016588
vt 0.603352 0.619679
vt 0.604375 0.619724
vt 0.610368 0.014628
vt 0.609937 0.014335
vt 0.609521 0.014050
vt 0.603268 0.622097
vt 0.604290 0.622148
vt 0.612016 0.012396
vt 0.611615 0.012063
vt 0.611228 0.011740
vt 0.603176 0.624269
vt 0.604198 0.624333
vt 0.613810 0.010412
vt 0.613445 0.010039
vt 0.613094 0.009678
vt 0.631635 0.660943
vt 0.631783 0.662999
vt 0.630760 0.663037
vt 0.630611 0.660971
vt 0.615733 0.008692
vt 0.615410 0.008282
vt 0.615101 0.007885
vt 0.631509 0.658767
vt 0.630485 0.658790
vt 0.617763 0.007253
vt 0.617490 0.006808
vt 0.617229 0.006378
vt 0.631406 0.656498
vt 0.630382 0.656518
vt 0.619882 0.006106
vt 0.619664 0.005630
vt 0.619458 0.005172
vt 0.631328 0.654159
vt 0.630304 0.654174
vt 0.622067 0.005257
vt 0.621912 0.004757
vt 0.621766 0.004277
vt 0.631276 0.651773
vt 0.630252 0.651783
vt 0.624301 0.004714
vt 0.624213 0.004198
vt 0.624130 0.003703
vt 0.631250 0.649364
vt 0.630226 0.649366
vt 0.604200 0.646807
vt 0.604200 0.649335
vt 0.603176 0.649337
vt 0.603176 0.646802
vt 0.539860 0.972860
vt 0.537326 0.972772
vt 0.537383 0.972252
vt 0.539841 0.972337
vt 0.537435 0.971753
vt 0.539824 0.971835
vt 0.604229 0.651861
vt 0.603205 0.651870
vt 0.534805 0.972335
vt 0.534933 0.971829
vt 0.535053 0.971340
vt 0.604285 0.654361
vt 0.603261 0.654377
vt 0.532321 0.971553
vt 0.532516 0.971068
vt 0.532699 0.970600
vt 0.604368 0.656811
vt 0.603344 0.656832
vt 0.529899 0.970433
vt 0.530153 0.969977
vt 0.530394 0.969535
vt 0.604477 0.659187
vt 0.603453 0.659212
vt 0.527561 0.968987
vt 0.527867 0.968564
vt 0.528158 0.968153
vt 0.604612 0.661467
vt 0.603588 0.661495
vt 0.525331 0.967229
vt 0.525680 0.966842
vt 0.526015 0.966466
vt 0.604770 0.663628
vt 0.603746 0.663652
vt 0.523228 0.965175
vt 0.523614 0.964827
vt 0.523987 0.964486
vt 0.630141 0.625945
vt 0.630237 0.623628
vt 0.631260 0.623677
vt 0.631163 0.625991
vt 0.521273 0.962846
vt 0.521690 0.962536
vt 0.522094 0.962233
vt 0.630325 0.621057
vt 0.631348 0.621100
vt 0.519485 0.960264
vt 0.519928 0.959993
vt 0.520357 0.959726
vt 0.630404 0.618258
vt 0.631428 0.618295
vt 0.517881 0.957453
vt 0.518344 0.957220
vt 0.518795 0.956990
vt 0.630474 0.615257
vt 0.631497 0.615288
vt 0.516476 0.954441
vt 0.516957 0.954246
vt 0.517424 0.954053
vt 0.630533 0.612083
vt 0.631556 0.612108
vt 0.515284 0.951257
vt 0.515778 0.951098
vt 0.516259 0.950941
vt 0.630580 0.608766
vt 0.631604 0.608785
vt 0.514317 0.947931
vt 0.514820 0.947809
vt 0.515312 0.947687
vt 0.630617 0.605340
vt 0.631640 0.605352
vt 0.513583 0.944496
vt 0.514094 0.944409
vt 0.514592 0.944322
vt 0.630641 0.601836
vt 0.631665 0.601843
vt 0.513090 0.940985
vt 0.513605 0.940933
vt 0.514109 0.940880
vt 0.630654 0.598288
vt 0.631677 0.598290
vt 0.512842 0.937431
vt 0.513359 0.937413
vt 0.513866 0.937396
vt 0.630654 0.594732
vt 0.631677 0.594728
vt 0.512842 0.933869
vt 0.513360 0.933885
vt 0.513866 0.933902
vt 0.630641 0.591199
vt 0.631665 0.591190
vt 0.513090 0.930332
vt 0.513605 0.930383
vt 0.514109 0.930435
vt 0.630617 0.587726
vt 0.631641 0.587710
vt 0.513583 0.926854
vt 0.514093 0.926940
vt 0.514592 0.927028
vt 0.630581 0.584345
vt 0.631605 0.584323
vt 0.514316 0.923469
vt 0.514820 0.923593
vt 0.515310 0.923716
vt 0.630533 0.581089
vt 0.631557 0.581060
vt 0.515284 0.920209
vt 0.515776 0.920371
vt 0.516256 0.920531
vt 0.630475 0.577989
vt 0.631498 0.577954
vt 0.516476 0.917107
vt 0.516954 0.917307
vt 0.517419 0.917505
vt 0.630406 0.575075
vt 0.631429 0.575034
vt 0.517880 0.914192
vt 0.518341 0.914432
vt 0.518788 0.914667
vt 0.630327 0.572375
vt 0.631350 0.572328
vt 0.519484 0.911491
vt 0.519922 0.911771
vt 0.520346 0.912046
vt 0.630239 0.569915
vt 0.631261 0.569863
vt 0.521272 0.909032
vt 0.521682 0.909352
vt 0.522077 0.909666
vt 0.630142 0.567719
vt 0.631165 0.567670
vt 0.523227 0.906837
vt 0.523603 0.907198
vt 0.523963 0.907550
vt 0.630196 0.699107
vt 0.630343 0.697065
vt 0.631367 0.697093
vt 0.631220 0.699130
vt 0.525330 0.904928
vt 0.525665 0.905328
vt 0.525984 0.905717
vt 0.630466 0.694886
vt 0.631489 0.694911
vt 0.527561 0.903323
vt 0.527847 0.903760
vt 0.528118 0.904184
vt 0.630562 0.692592
vt 0.631586 0.692612
vt 0.529900 0.902037
vt 0.530128 0.902507
vt 0.530343 0.902961
vt 0.630632 0.690204
vt 0.631656 0.690218
vt 0.532323 0.901083
vt 0.532486 0.901580
vt 0.532640 0.902058
vt 0.630674 0.687746
vt 0.631698 0.687753
vt 0.534808 0.900472
vt 0.534900 0.900987
vt 0.534987 0.901482
vt 0.630688 0.685241
vt 0.631712 0.685241
vt 0.537329 0.900209
vt 0.537347 0.900731
vt 0.537365 0.901234
vt 0.630674 0.682714
vt 0.631698 0.682706
vt 0.539863 0.900296
vt 0.539807 0.900816
vt 0.539754 0.901316
vt 0.630632 0.680188
vt 0.631656 0.680173
vt 0.542384 0.900733
vt 0.542256 0.901240
vt 0.542136 0.901728
vt 0.630562 0.677688
vt 0.631586 0.677667
vt 0.544868 0.901516
vt 0.544673 0.902001
vt 0.544490 0.902468
vt 0.630466 0.675239
vt 0.631489 0.675212
vt 0.547290 0.902635
vt 0.547036 0.903092
vt 0.546795 0.903533
vt 0.630343 0.672863
vt 0.631367 0.672833
vt 0.549627 0.904081
vt 0.549322 0.904504
vt 0.549031 0.904915
vt 0.630196 0.670584
vt 0.631220 0.670559
vt 0.551858 0.905840
vt 0.551509 0.906226
vt 0.551174 0.906602
vt 0.604764 0.500412
vt 0.604664 0.502608
vt 0.603642 0.502554
vt 0.603742 0.500361
vt 0.553961 0.907893
vt 0.553575 0.908241
vt 0.553202 0.908582
vt 0.604572 0.505068
vt 0.603549 0.505019
vt 0.555916 0.910222
vt 0.555499 0.910532
vt 0.555095 0.910835
vt 0.604488 0.507767
vt 0.603465 0.507725
vt 0.557704 0.912805
vt 0.557261 0.913076
vt 0.556832 0.913342
vt 0.604414 0.510681
vt 0.603391 0.510645
vt 0.559308 0.915615
vt 0.558844 0.915848
vt 0.558394 0.916077
vt 0.604350 0.513781
vt 0.603326 0.513751
vt 0.560713 0.918627
vt 0.560232 0.918823
vt 0.559765 0.919016
vt 0.604296 0.517037
vt 0.603273 0.517013
vt 0.561905 0.921811
vt 0.561411 0.921970
vt 0.560930 0.922127
vt 0.604254 0.520418
vt 0.603231 0.520401
vt 0.562872 0.925137
vt 0.562368 0.925260
vt 0.561877 0.925381
vt 0.604224 0.523892
vt 0.603200 0.523880
vt 0.563606 0.928572
vt 0.563095 0.928659
vt 0.562596 0.928746
vt 0.604206 0.527424
vt 0.603182 0.527418
vt 0.564099 0.932083
vt 0.563584 0.932136
vt 0.563080 0.932188
vt 0.604200 0.530981
vt 0.603176 0.530980
vt 0.564347 0.935637
vt 0.563829 0.935655
vt 0.563323 0.935673
vt 0.604206 0.534528
vt 0.603182 0.534533
vt 0.564347 0.939200
vt 0.563829 0.939184
vt 0.563323 0.939166
vt 0.604224 0.538032
vt 0.603200 0.538043
vt 0.564099 0.942737
vt 0.563584 0.942686
vt 0.563080 0.942634
vt 0.604254 0.541459
vt 0.603231 0.541476
vt 0.563606 0.946215
vt 0.563095 0.946128
vt 0.562597 0.946040
vt 0.604296 0.544775
vt 0.603273 0.544798
vt 0.562872 0.949600
vt 0.562369 0.949476
vt 0.561878 0.949352
vt 0.604350 0.547949
vt 0.603326 0.547979
vt 0.561905 0.952859
vt 0.561412 0.952698
vt 0.560933 0.952538
vt 0.604414 0.550950
vt 0.603391 0.550986
vt 0.560713 0.955961
vt 0.560234 0.955761
vt 0.559769 0.955564
vt 0.604488 0.553750
vt 0.603465 0.553791
vt 0.559309 0.958877
vt 0.558848 0.958637
vt 0.558401 0.958401
vt 0.604572 0.556320
vt 0.603549 0.556368
vt 0.557704 0.961577
vt 0.557266 0.961297
vt 0.556843 0.961023
vt 0.604664 0.558638
vt 0.603642 0.558691
vt 0.555916 0.964037
vt 0.555507 0.963716
vt 0.555112 0.963403
vt 0.604764 0.560679
vt 0.603742 0.560729
vt 0.553961 0.966232
vt 0.553586 0.965870
vt 0.553226 0.965518
vt 0.604768 0.632944
vt 0.604609 0.634986
vt 0.603586 0.634952
vt 0.603744 0.632915
vt 0.551858 0.968141
vt 0.551524 0.967740
vt 0.551205 0.967351
vt 0.604475 0.637164
vt 0.603451 0.637133
vt 0.549627 0.969746
vt 0.549342 0.969309
vt 0.549071 0.968885
vt 0.604366 0.639457
vt 0.603342 0.639431
vt 0.547289 0.971031
vt 0.547061 0.970561
vt 0.546845 0.970107
vt 0.604284 0.641845
vt 0.603260 0.641825
vt 0.544865 0.971985
vt 0.544702 0.971488
vt 0.544548 0.971010
vt 0.604228 0.644303
vt 0.603204 0.644290
vt 0.542381 0.972596
vt 0.542289 0.972082
vt 0.542201 0.971587
s 1
usemtl 04_|_walnut_end_grain
f 4897/5922/4905 5148/5923/4906 5150/5924/4907 4899/5925/4908
s 0
f 4899/5926/4909 5150/5927/4909 5151/5928/4909 4898/5929/4909
f 4898/5929/4910 5151/5928/4910 5149/5930/4910 4896/5931/4910
f 5145/5932/4911 5149/5930/4911 5151/5928/4911 5147/5933/4911
f 5147/5933/4912 5151/5928/4912 5150/5927/4912 5146/5934/4912
s 1
f 5146/5935/4913 5150/5924/4907 5148/5923/4906 5144/5936/4914
s 0
f 5141/5937/4915 5145/5932/4915 5147/5933/4915 5143/5938/4915
f 5143/5938/4916 5147/5933/4916 5146/5934/4916 5142/5939/4916
s 1
f 5142/5940/4917 5146/5935/4913 5144/5936/4914 5140/5941/4918
s 0
f 5137/5942/4919 5141/5937/4919 5143/5938/4919 5139/5943/4919
f 5139/5943/4920 5143/5938/4920 5142/5939/4920 5138/5944/4920
s 1
f 5138/5945/4921 5142/5940/4917 5140/5941/4918 5136/5946/4922
s 0
f 5133/5947/4923 5137/5942/4923 5139/5943/4923 5135/5948/4923
f 5135/5948/4924 5139/5943/4924 5138/5944/4924 5134/5949/4924
s 1
f 5134/5950/4925 5138/5945/4921 5136/5946/4922 5132/5951/4926
s 0
f 5129/5952/4927 5133/5947/4927 5135/5948/4927 5131/5953/4927
f 5131/5953/4928 5135/5948/4928 5134/5949/4928 5130/5954/4928
s 1
f 5130/5955/4929 5134/5950/4925 5132/5951/4926 5128/5956/4930
s 0
f 5125/5957/4931 5129/5952/4931 5131/5953/4931 5127/5958/4931
f 5127/5958/4932 5131/5953/4932 5130/5954/4932 5126/5959/4932
s 1
f 5126/5960/4933 5130/5961/4929 5128/5962/4930 5124/5963/4934
s 0
f 5121/5964/4935 5125/5957/4935 5127/5958/4935 5123/5965/4935
f 5123/5965/4936 5127/5958/4936 5126/5959/4936 5122/5966/4936
s 1
f 5122/5967/4937 5126/5960/4933 5124/5963/4934 5120/5968/4938
s 0
f 5117/5969/4939 5121/5964/4939 5123/5965/4939 5119/5970/4939
f 5119/5970/4940 5123/5965/4940 5122/5966/4940 5118/5971/4940
s 1
f 5118/5972/4941 5122/5967/4937 5120/5968/4938 5116/5973/4942
s 0
f 5113/5974/4943 5117/5969/4943 5119/5970/4943 5115/5975/4943
f 5115/5975/4944 5119/5970/4944 5118/5971/4944 5114/5976/4944
s 1
f 5114/5977/4945 5118/5972/4941 5116/5973/4942 5112/5978/4946
s 0
f 5109/5979/4947 5113/5974/4947 5115/5975/4947 5111/5980/4947
f 5111/5980/4948 5115/5975/4948 5114/5976/4948 5110/5981/4948
s 1
f 5110/5982/4949 5114/5977/4945 5112/5978/4946 5108/5983/4950
s 0
f 5105/5984/4951 5109/5979/4951 5111/5980/4951 5107/5985/4951
f 5107/5985/4952 5111/5980/4952 5110/5981/4952 5106/5986/4952
s 1
f 5106/5987/4953 5110/5982/4949 5108/5983/4950 5104/5988/4954
s 0
f 5101/5989/4955 5105/5984/4955 5107/5985/4955 5103/5990/4955
f 5103/5990/4956 5107/5985/4956 5106/5986/4956 5102/5991/4956
s 1
f 5102/5992/4957 5106/5987/4953 5104/5988/4954 5100/5993/4958
s 0
f 5097/5994/4959 5101/5989/4959 5103/5990/4959 5099/5995/4959
f 5099/5995/4960 5103/5990/4960 5102/5991/4960 5098/5996/4960
s 1
f 5098/5997/4961 5102/5992/4957 5100/5993/4958 5096/5998/4962
s 0
f 5093/5999/4963 5097/5994/4963 5099/5995/4963 5095/6000/4963
f 5095/6000/4964 5099/5995/4964 5098/5996/4964 5094/6001/4964
s 1
f 5094/6002/4965 5098/5997/4961 5096/5998/4962 5092/6003/4966
s 0
f 5089/6004/4967 5093/5999/4967 5095/6000/4967 5091/6005/4967
f 5091/6005/4968 5095/6000/4968 5094/6001/4968 5090/6006/4968
s 1
f 5090/6007/4969 5094/6002/4965 5092/6003/4966 5088/6008/4970
s 0
f 5085/6009/4971 5089/6004/4971 5091/6005/4971 5087/6010/4971
f 5087/6010/4972 5091/6005/4972 5090/6006/4972 5086/6011/4972
s 1
f 5086/6012/4973 5090/6007/4969 5088/6008/4970 5084/6013/4974
s 0
f 5081/6014/4975 5085/6009/4975 5087/6010/4975 5083/6015/4975
f 5083/6015/4976 5087/6010/4976 5086/6011/4976 5082/6016/4976
s 1
f 5082/6017/4977 5086/6012/4973 5084/6013/4974 5080/6018/4978
s 0
f 5077/6019/4979 5081/6014/4979 5083/6015/4979 5079/6020/4979
f 5079/6020/4980 5083/6015/4980 5082/6016/4980 5078/6021/4980
s 1
f 5078/6022/4981 5082/6017/4977 5080/6018/4978 5076/6023/4982
s 0
f 5073/6024/4983 5077/6019/4983 5079/6020/4983 5075/6025/4983
f 5075/6025/4984 5079/6020/4984 5078/6021/4984 5074/6026/4984
s 1
f 5074/6027/4985 5078/6022/4981 5076/6023/4982 5072/6028/4986
s 0
f 5069/6029/4987 5073/6024/4987 5075/6025/4987 5071/6030/4987
f 5071/6030/4988 5075/6025/4988 5074/6026/4988 5070/6031/4988
s 1
f 5070/6032/4989 5074/6027/4985 5072/6028/4986 5068/6033/4990
s 0
f 5065/6034/4991 5069/6029/4991 5071/6030/4991 5067/6035/4991
f 5067/6035/4992 5071/6030/4992 5070/6031/4992 5066/6036/4992
s 1
f 5066/6037/4993 5070/6032/4989 5068/6033/4990 5064/6038/4994
s 0
f 5061/6039/4995 5065/6034/4995 5067/6035/4995 5063/6040/4995
f 5063/6040/4996 5067/6035/4996 5066/6036/4996 5062/6041/4996
s 1
f 5062/6042/4997 5066/6037/4993 5064/6038/4994 5060/6043/4998
s 0
f 5057/6044/4999 5061/6039/4999 5063/6040/4999 5059/6045/4999
f 5059/6045/5000 5063/6040/5000 5062/6041/5000 5058/6046/5000
s 1
f 5058/6047/5001 5062/6042/4997 5060/6043/4998 5056/6048/5002
s 0
f 5053/6049/5003 5057/6044/5003 5059/6045/5003 5055/6050/5003
f 5055/6050/5004 5059/6045/5004 5058/6046/5004 5054/6051/5004
s 1
f 5054/6052/5005 5058/6047/5001 5056/6048/5002 5052/6053/5006
s 0
f 5049/6054/5007 5053/6049/5007 5055/6050/5007 5051/6055/5007
f 5051/6055/5008 5055/6050/5008 5054/6051/5008 5050/6056/5008
s 1
f 5050/6057/5009 5054/6052/5005 5052/6053/5006 5048/6058/5010
s 0
f 5045/6059/5011 5049/6054/5011 5051/6055/5011 5047/6060/5011
f 5047/6060/5012 5051/6055/5012 5050/6056/5012 5046/6061/5012
s 1
f 5046/6062/5013 5050/6063/5009 5048/6064/5010 5044/6065/5014
s 0
f 5041/6066/5015 5045/6059/5015 5047/6060/5015 5043/6067/5015
f 5043/6067/5016 5047/6060/5016 5046/6061/5016 5042/6068/5016
s 1
f 5042/6069/5017 5046/6062/5013 5044/6065/5014 5040/6070/5018
s 0
f 5037/6071/5019 5041/6066/5019 5043/6067/5019 5039/6072/5019
f 5039/6072/5020 5043/6067/5020 5042/6068/5020 5038/6073/5020
s 1
f 5038/6074/5021 5042/6069/5017 5040/6070/5018 5036/6075/5022
s 0
f 5033/6076/5023 5037/6071/5023 5039/6072/5023 5035/6077/5023
f 5035/6077/5024 5039/6072/5024 5038/6073/5024 5034/6078/5024
s 1
f 5034/6079/5025 5038/6074/5021 5036/6075/5022 5032/6080/5026
s 0
f 5029/6081/5027 5033/6076/5027 5035/6077/5027 5031/6082/5027
f 5031/6082/5028 5035/6077/5028 5034/6078/5028 5030/6083/5028
s 1
f 5030/6084/5029 5034/6079/5025 5032/6080/5026 5028/6085/5030
s 0
f 5025/6086/5031 5029/6081/5031 5031/6082/5031 5027/6087/5031
f 5027/6087/5032 5031/6082/5032 5030/6083/5032 5026/6088/5032
s 1
f 5026/6089/5033 5030/6084/5029 5028/6085/5030 5024/6090/5034
s 0
f 5021/6091/5035 5025/6086/5035 5027/6087/5035 5023/6092/5035
f 5023/6092/5036 5027/6087/5036 5026/6088/5036 5022/6093/5036
s 1
f 5022/6094/5037 5026/6089/5033 5024/6090/5034 5020/6095/5038
s 0
f 5017/6096/5039 5021/6091/5039 5023/6092/5039 5019/6097/5039
f 5019/6097/5040 5023/6092/5040 5022/6093/5040 5018/6098/5040
s 1
f 5018/6099/5041 5022/6094/5037 5020/6095/5038 5016/6100/5042
s 0
f 5013/6101/5043 5017/6096/5043 5019/6097/5043 5015/6102/5043
f 5015/6102/5044 5019/6097/5044 5018/6098/5044 5014/6103/5044
s 1
f 5014/6104/5045 5018/6099/5041 5016/6100/5042 5012/6105/5046
s 0
f 5009/6106/5047 5013/6101/5047 5015/6102/5047 5011/6107/5047
f 5011/6107/5048 5015/6102/5048 5014/6103/5048 5010/6108/5048
s 1
f 5010/6109/5049 5014/6104/5045 5012/6105/5046 5008/6110/5050
s 0
f 5005/6111/5051 5009/6106/5051 5011/6107/5051 5007/6112/5051
f 5007/6112/5052 5011/6107/5052 5010/6108/5052 5006/6113/5052
s 1
f 5006/6114/5053 5010/6109/5049 5008/6110/5050 5004/6115/5054
s 0
f 5001/6116/5055 5005/6111/5055 5007/6112/5055 5003/6117/5055
f 5003/6117/5056 5007/6112/5056 5006/6113/5056 5002/6118/5056
s 1
f 5002/6119/5057 5006/6114/5053 5004/6115/5054 5000/6120/5058
s 0
f 4997/6121/5059 5001/6116/5059 5003/6117/5059 4999/6122/5059
f 4999/6122/5060 5003/6117/5060 5002/6118/5060 4998/6123/5060
s 1
f 4998/6124/5061 5002/6125/5057 5000/6126/5058 4996/6127/5062
s 0
f 4993/6128/5063 4997/6121/5063 4999/6122/5063 4995/6129/5063
f 4995/6129/5064 4999/6122/5064 4998/6123/5064 4994/6130/5064
s 1
f 4994/6131/5065 4998/6124/5061 4996/6127/5062 4992/6132/5066
s 0
f 4989/6133/5067 4993/6128/5067 4995/6129/5067 4991/6134/5067
f 4991/6134/5068 4995/6129/5068 4994/6130/5068 4990/6135/5068
s 1
f 4990/6136/5069 4994/6131/5065 4992/6132/5066 4988/6137/5070
s 0
f 4985/6138/5071 4989/6133/5071 4991/6134/5071 4987/6139/5071
f 4987/6139/5072 4991/6134/5072 4990/6135/5072 4986/6140/5072
s 1
f 4986/6141/5073 4990/6136/5069 4988/6137/5070 4984/6142/5074
s 0
f 4981/6143/5075 4985/6138/5075 4987/6139/5075 4983/6144/5075
f 4983/6144/5076 4987/6139/5076 4986/6140/5076 4982/6145/5076
s 1
f 4982/6146/5077 4986/6141/5073 4984/6142/5074 4980/6147/5078
s 0
f 4977/6148/5079 4981/6143/5079 4983/6144/5079 4979/6149/5079
f 4979/6149/5080 4983/6144/5080 4982/6145/5080 4978/6150/5080
s 1
f 4978/6151/5081 4982/6146/5077 4980/6147/5078 4976/6152/5082
s 0
f 4973/6153/5083 4977/6148/5083 4979/6149/5083 4975/6154/5083
f 4975/6154/5084 4979/6149/5084 4978/6150/5084 4974/6155/5084
s 1
f 4974/6156/5085 4978/6151/5081 4976/6152/5082 4972/6157/5086
s 0
f 4969/6158/5087 4973/6153/5087 4975/6154/5087 4971/6159/5087
f 4971/6159/5088 4975/6154/5088 4974/6155/5088 4970/6160/5088
s 1
f 4970/6161/5089 4974/6156/5085 4972/6157/5086 4968/6162/5090
s 0
f 4965/6163/5091 4969/6158/5091 4971/6159/5091 4967/6164/5091
f 4967/6164/5092 4971/6159/5092 4970/6160/5092 4966/6165/5092
s 1
f 4966/6166/5093 4970/6161/5089 4968/6162/5090 4964/6167/5094
s 0
f 4961/6168/5095 4965/6163/5095 4967/6164/5095 4963/6169/5095
f 4963/6169/5096 4967/6164/5096 4966/6165/5096 4962/6170/5096
s 1
f 4962/6171/5097 4966/6166/5093 4964/6167/5094 4960/6172/5098
s 0
f 4957/6173/5099 4961/6168/5099 4963/6169/5099 4959/6174/5099
f 4959/6174/5100 4963/6169/5100 4962/6170/5100 4958/6175/5100
s 1
f 4958/6176/5101 4962/6171/5097 4960/6172/5098 4956/6177/5102
s 0
f 4953/6178/5103 4957/6173/5103 4959/6174/5103 4955/6179/5103
f 4955/6179/5104 4959/6174/5104 4958/6175/5104 4954/6180/5104
s 1
f 4954/6181/5105 4958/6176/5101 4956/6177/5102 4952/6182/5106
s 0
f 4949/6183/5107 4953/6178/5107 4955/6179/5107 4951/6184/5107
f 4951/6184/5108 4955/6179/5108 4954/6180/5108 4950/6185/5108
s 1
f 4950/6186/5109 4954/6181/5105 4952/6182/5106 4948/6187/5110
s 0
f 4945/6188/5111 4949/6183/5111 4951/6184/5111 4947/6189/5111
f 4947/6189/5112 4951/6184/5112 4950/6185/5112 4946/6190/5112
s 1
f 4946/6191/5113 4950/6186/5109 4948/6187/5110 4944/6192/5114
s 0
f 4941/6193/5115 4945/6188/5115 4947/6189/5115 4943/6194/5115
f 4943/6194/5116 4947/6189/5116 4946/6190/5116 4942/6195/5116
s 1
f 4942/6196/5117 4946/6191/5113 4944/6192/5114 4940/6197/5118
s 0
f 4937/6198/5119 4941/6193/5119 4943/6194/5119 4939/6199/5119
f 4939/6199/5120 4943/6194/5120 4942/6195/5120 4938/6200/5120
s 1
f 4938/6201/5121 4942/6196/5117 4940/6197/5118 4936/6202/5122
s 0
f 4933/6203/5123 4937/6198/5123 4939/6199/5123 4935/6204/5123
f 4935/6204/5124 4939/6199/5124 4938/6200/5124 4934/6205/5124
s 1
f 4934/6206/5125 4938/6201/5121 4936/6202/5122 4932/6207/5126
s 0
f 4929/6208/5127 4933/6203/5127 4935/6204/5127 4931/6209/5127
f 4931/6209/5128 4935/6204/5128 4934/6205/5128 4930/6210/5128
s 1
f 4930/6211/5129 4934/6206/5125 4932/6207/5126 4928/6212/5130
s 0
f 4925/6213/5131 4929/6208/5131 4931/6209/5131 4927/6214/5131
f 4927/6214/5132 4931/6209/5132 4930/6210/5132 4926/6215/5132
s 1
f 4926/6216/5133 4930/6211/5129 4928/6212/5130 4924/6217/5134
s 0
f 4921/6218/5135 4925/6213/5135 4927/6214/5135 4923/6219/5135
f 4923/6219/5136 4927/6214/5136 4926/6215/5136 4922/6220/5136
s 1
f 4922/6221/5137 4926/6222/5133 4924/6223/5134 4920/6224/5138
s 0
f 4917/6225/5139 4921/6218/5139 4923/6219/5139 4919/6226/5139
f 4919/6226/5140 4923/6219/5140 4922/6220/5140 4918/6227/5140
s 1
f 4918/6228/5141 4922/6221/5137 4920/6224/5138 4916/6229/5142
s 0
f 4913/6230/5143 4917/6225/5143 4919/6226/5143 4915/6231/5143
f 4915/6231/5144 4919/6226/5144 4918/6227/5144 4914/6232/5144
s 1
f 4914/6233/5145 4918/6228/5141 4916/6229/5142 4912/6234/5146
s 0
f 4909/6235/5147 4913/6230/5147 4915/6231/5147 4911/6236/5147
f 4911/6236/5148 4915/6231/5148 4914/6232/5148 4910/6237/5148
s 1
f 4910/6238/5149 4914/6233/5145 4912/6234/5146 4908/6239/5150
s 0
f 4905/6240/5151 4909/6235/5151 4911/6236/5151 4907/6241/5151
f 4907/6241/5152 4911/6236/5152 4910/6237/5152 4906/6242/5152
s 1
f 4906/6243/5153 4910/6238/5149 4908/6239/5150 4904/6244/5154
s 0
f 4901/6245/5155 4905/6240/5155 4907/6241/5155 4903/6246/5155
f 4903/6246/5156 4907/6241/5156 4906/6242/5156 4902/6247/5156
s 1
f 4902/6248/5157 4906/6243/5153 4904/6244/5154 4900/6249/5158
s 0
f 4896/5931/5159 4901/6245/5159 4903/6246/5159 4898/5929/5159
f 4898/5929/5160 4903/6246/5160 4902/6247/5160 4899/5926/5160
s 1
f 4899/5925/4908 4902/6248/5157 4900/6249/5158 4897/5922/4905
f 5153/6250/5161 5157/6251/5162 5159/6252/5163 5155/6253/5164
s 0
f 5155/6254/5165 5159/6255/5165 5158/6256/5165 5154/6257/5165
f 5154/6257/5166 5158/6256/5166 5156/6258/5166 5152/6259/5166
s 1
f 5157/6251/5162 5161/6260/5167 5163/6261/5168 5159/6252/5163
s 0
f 5159/6255/5169 5163/6262/5169 5162/6263/5169 5158/6256/5169
f 5158/6256/5170 5162/6263/5170 5160/6264/5170 5156/6258/5170
s 1
f 5161/6260/5167 5165/6265/5171 5167/6266/5172 5163/6261/5168
s 0
f 5163/6262/5173 5167/6267/5173 5166/6268/5173 5162/6263/5173
f 5162/6263/5174 5166/6268/5174 5164/6269/5174 5160/6264/5174
s 1
f 5165/6265/5171 5169/6270/5175 5171/6271/5176 5167/6266/5172
s 0
f 5167/6267/5177 5171/6272/5177 5170/6273/5177 5166/6268/5177
f 5166/6268/5178 5170/6273/5178 5168/6274/5178 5164/6269/5178
s 1
f 5169/6270/5175 5173/6275/5179 5175/6276/5180 5171/6271/5176
s 0
f 5171/6272/5181 5175/6277/5181 5174/6278/5181 5170/6273/5181
f 5170/6273/5182 5174/6278/5182 5172/6279/5182 5168/6274/5182
s 1
f 5173/6275/5179 5177/6280/5183 5179/6281/5184 5175/6276/5180
s 0
f 5175/6277/5185 5179/6282/5185 5178/6283/5185 5174/6278/5185
f 5174/6278/5186 5178/6283/5186 5176/6284/5186 5172/6279/5186
s 1
f 5177/6280/5183 5181/6285/5187 5183/6286/5188 5179/6281/5184
s 0
f 5179/6282/5189 5183/6287/5189 5182/6288/5189 5178/6283/5189
f 5178/6283/5190 5182/6288/5190 5180/6289/5190 5176/6284/5190
s 1
f 5181/6290/5187 5185/6291/5191 5187/6292/5192 5183/6293/5188
s 0
f 5183/6287/5193 5187/6294/5193 5186/6295/5193 5182/6288/5193
f 5182/6288/5194 5186/6295/5194 5184/6296/5194 5180/6289/5194
s 1
f 5185/6291/5191 5189/6297/5195 5191/6298/5196 5187/6292/5192
s 0
f 5187/6294/5197 5191/6299/5197 5190/6300/5197 5186/6295/5197
f 5186/6295/5198 5190/6300/5198 5188/6301/5198 5184/6296/5198
s 1
f 5189/6297/5195 5193/6302/5199 5195/6303/5200 5191/6298/5196
s 0
f 5191/6299/5201 5195/6304/5201 5194/6305/5201 5190/6300/5201
f 5190/6300/5202 5194/6305/5202 5192/6306/5202 5188/6301/5202
s 1
f 5193/6302/5199 5197/6307/5203 5199/6308/5204 5195/6303/5200
s 0
f 5195/6304/5205 5199/6309/5205 5198/6310/5205 5194/6305/5205
f 5194/6305/5206 5198/6310/5206 5196/6311/5206 5192/6306/5206
s 1
f 5197/6307/5203 5201/6312/5207 5203/6313/5208 5199/6308/5204
s 0
f 5199/6309/5209 5203/6314/5209 5202/6315/5209 5198/6310/5209
f 5198/6310/5210 5202/6315/5210 5200/6316/5210 5196/6311/5210
s 1
f 5201/6312/5207 5205/6317/5211 5207/6318/5212 5203/6313/5208
s 0
f 5203/6314/5213 5207/6319/5213 5206/6320/5213 5202/6315/5213
f 5202/6315/5214 5206/6320/5214 5204/6321/5214 5200/6316/5214
s 1
f 5205/6317/5211 5209/6322/5215 5211/6323/5216 5207/6318/5212
s 0
f 5207/6319/5217 5211/6324/5217 5210/6325/5217 5206/6320/5217
f 5206/6320/5218 5210/6325/5218 5208/6326/5218 5204/6321/5218
s 1
f 5209/6322/5215 5213/6327/5219 5215/6328/5220 5211/6323/5216
s 0
f 5211/6324/5221 5215/6329/5221 5214/6330/5221 5210/6325/5221
f 5210/6325/5222 5214/6330/5222 5212/6331/5222 5208/6326/5222
s 1
f 5213/6327/5219 5217/6332/5223 5219/6333/5224 5215/6328/5220
s 0
f 5215/6329/5225 5219/6334/5225 5218/6335/5225 5214/6330/5225
f 5214/6330/5226 5218/6335/5226 5216/6336/5226 5212/6331/5226
s 1
f 5217/6332/5223 5221/6337/5227 5223/6338/5228 5219/6333/5224
s 0
f 5219/6334/5229 5223/6339/5229 5222/6340/5229 5218/6335/5229
f 5218/6335/5230 5222/6340/5230 5220/6341/5230 5216/6336/5230
s 1
f 5221/6337/5227 5225/6342/5231 5227/6343/5232 5223/6338/5228
s 0
f 5223/6339/5233 5227/6344/5233 5226/6345/5233 5222/6340/5233
f 5222/6340/5234 5226/6345/5234 5224/6346/5234 5220/6341/5234
s 1
f 5225/6342/5231 5229/6347/5235 5231/6348/5236 5227/6343/5232
s 0
f 5227/6344/5237 5231/6349/5237 5230/6350/5237 5226/6345/5237
f 5226/6345/5238 5230/6350/5238 5228/6351/5238 5224/6346/5238
s 1
f 5229/6347/5235 5233/6352/5239 5235/6353/5240 5231/6348/5236
s 0
f 5231/6349/5241 5235/6354/5241 5234/6355/5241 5230/6350/5241
f 5230/6350/5242 5234/6355/5242 5232/6356/5242 5228/6351/5242
s 1
f 5233/6352/5239 5237/6357/5243 5239/6358/5244 5235/6353/5240
s 0
f 5235/6354/5245 5239/6359/5245 5238/6360/5245 5234/6355/5245
f 5234/6355/5246 5238/6360/5246 5236/6361/5246 5232/6356/5246
s 1
f 5237/6357/5243 5241/6362/5247 5243/6363/5248 5239/6358/5244
s 0
f 5239/6359/5249 5243/6364/5249 5242/6365/5249 5238/6360/5249
f 5238/6360/5250 5242/6365/5250 5240/6366/5250 5236/6361/5250
s 1
f 5241/6362/5247 5245/6367/5251 5247/6368/5252 5243/6363/5248
s 0
f 5243/6364/5253 5247/6369/5253 5246/6370/5253 5242/6365/5253
f 5242/6365/5254 5246/6370/5254 5244/6371/5254 5240/6366/5254
s 1
f 5245/6367/5251 5249/6372/5255 5251/6373/5256 5247/6368/5252
s 0
f 5247/6369/5257 5251/6374/5257 5250/6375/5257 5246/6370/5257
f 5246/6370/5258 5250/6375/5258 5248/6376/5258 5244/6371/5258
s 1
f 5249/6372/5255 5253/6377/5259 5255/6378/5260 5251/6373/5256
s 0
f 5251/6374/5261 5255/6379/5261 5254/6380/5261 5250/6375/5261
f 5250/6375/5262 5254/6380/5262 5252/6381/5262 5248/6376/5262
s 1
f 5253/6377/5259 5257/6382/5263 5259/6383/5264 5255/6378/5260
s 0
f 5255/6379/5265 5259/6384/5265 5258/6385/5265 5254/6380/5265
f 5254/6380/5266 5258/6385/5266 5256/6386/5266 5252/6381/5266
s 1
f 5257/6387/5263 5261/6388/5267 5263/6389/5268 5259/6390/5264
s 0
f 5259/6384/5269 5263/6391/5269 5262/6392/5269 5258/6385/5269
f 5258/6385/5270 5262/6392/5270 5260/6393/5270 5256/6386/5270
s 1
f 5261/6388/5267 5265/6394/5271 5267/6395/5272 5263/6389/5268
s 0
f 5263/6391/5273 5267/6396/5273 5266/6397/5273 5262/6392/5273
f 5262/6392/5274 5266/6397/5274 5264/6398/5274 5260/6393/5274
s 1
f 5265/6394/5271 5269/6399/5275 5271/6400/5276 5267/6395/5272
s 0
f 5267/6396/5277 5271/6401/5277 5270/6402/5277 5266/6397/5277
f 5266/6397/5278 5270/6402/5278 5268/6403/5278 5264/6398/5278
s 1
f 5269/6399/5275 5273/6404/5279 5275/6405/5280 5271/6400/5276
s 0
f 5271/6401/5281 5275/6406/5281 5274/6407/5281 5270/6402/5281
f 5270/6402/5282 5274/6407/5282 5272/6408/5282 5268/6403/5282
s 1
f 5273/6404/5279 5277/6409/5283 5279/6410/5284 5275/6405/5280
s 0
f 5275/6406/5285 5279/6411/5285 5278/6412/5285 5274/6407/5285
f 5274/6407/5286 5278/6412/5286 5276/6413/5286 5272/6408/5286
s 1
f 5277/6409/5283 5281/6414/5287 5283/6415/5288 5279/6410/5284
s 0
f 5279/6411/5289 5283/6416/5289 5282/6417/5289 5278/6412/5289
f 5278/6412/5290 5282/6417/5290 5280/6418/5290 5276/6413/5290
s 1
f 5281/6414/5287 5285/6419/5291 5287/6420/5292 5283/6415/5288
s 0
f 5283/6416/5293 5287/6421/5293 5286/6422/5293 5282/6417/5293
f 5282/6417/5294 5286/6422/5294 5284/6423/5294 5280/6418/5294
s 1
f 5285/6419/5291 5289/6424/5295 5291/6425/5296 5287/6420/5292
s 0
f 5287/6421/5297 5291/6426/5297 5290/6427/5297 5286/6422/5297
f 5286/6422/5298 5290/6427/5298 5288/6428/5298 5284/6423/5298
s 1
f 5289/6424/5295 5293/6429/5299 5295/6430/5300 5291/6425/5296
s 0
f 5291/6426/5301 5295/6431/5301 5294/6432/5301 5290/6427/5301
f 5290/6427/5302 5294/6432/5302 5292/6433/5302 5288/6428/5302
s 1
f 5293/6429/5299 5297/6434/5303 5299/6435/5304 5295/6430/5300
s 0
f 5295/6431/5305 5299/6436/5305 5298/6437/5305 5294/6432/5305
f 5294/6432/5306 5298/6437/5306 5296/6438/5306 5292/6433/5306
s 1
f 5297/6434/5303 5301/6439/5307 5303/6440/5308 5299/6435/5304
s 0
f 5299/6436/5309 5303/6441/5309 5302/6442/5309 5298/6437/5309
f 5298/6437/5310 5302/6442/5310 5300/6443/5310 5296/6438/5310
s 1
f 5301/6439/5307 5305/6444/5311 5307/6445/5312 5303/6440/5308
s 0
f 5303/6441/5313 5307/6446/5313 5306/6447/5313 5302/6442/5313
f 5302/6442/5314 5306/6447/5314 5304/6448/5314 5300/6443/5314
s 1
f 5305/6449/5311 5309/6450/5315 5311/6451/5316 5307/6452/5312
s 0
f 5307/6446/5317 5311/6453/5317 5310/6454/5317 5306/6447/5317
f 5306/6447/5318 5310/6454/5318 5308/6455/5318 5304/6448/5318
s 1
f 5309/6450/5315 5313/6456/5319 5315/6457/5320 5311/6451/5316
s 0
f 5311/6453/5321 5315/6458/5321 5314/6459/5321 5310/6454/5321
f 5310/6454/5322 5314/6459/5322 5312/6460/5322 5308/6455/5322
s 1
f 5313/6456/5319 5317/6461/5323 5319/6462/5324 5315/6457/5320
s 0
f 5315/6458/5325 5319/6463/5325 5318/6464/5325 5314/6459/5325
f 5314/6459/5326 5318/6464/5326 5316/6465/5326 5312/6460/5326
s 1
f 5317/6461/5323 5321/6466/5327 5323/6467/5328 5319/6462/5324
s 0
f 5319/6463/5329 5323/6468/5329 5322/6469/5329 5318/6464/5329
f 5318/6464/5330 5322/6469/5330 5320/6470/5330 5316/6465/5330
s 1
f 5321/6466/5327 5325/6471/5331 5327/6472/5332 5323/6467/5328
s 0
f 5323/6468/5333 5327/6473/5333 5326/6474/5333 5322/6469/5333
f 5322/6469/5334 5326/6474/5334 5324/6475/5334 5320/6470/5334
s 1
f 5325/6471/5331 5329/6476/5335 5331/6477/5336 5327/6472/5332
s 0
f 5327/6473/5337 5331/6478/5337 5330/6479/5337 5326/6474/5337
f 5326/6474/5338 5330/6479/5338 5328/6480/5338 5324/6475/5338
s 1
f 5329/6476/5335 5333/6481/5339 5335/6482/5340 5331/6477/5336
s 0
f 5331/6478/5341 5335/6483/5341 5334/6484/5341 5330/6479/5341
f 5330/6479/5342 5334/6484/5342 5332/6485/5342 5328/6480/5342
s 1
f 5333/6481/5339 5337/6486/5343 5339/6487/5344 5335/6482/5340
s 0
f 5335/6483/5345 5339/6488/5345 5338/6489/5345 5334/6484/5345
f 5334/6484/5346 5338/6489/5346 5336/6490/5346 5332/6485/5346
s 1
f 5337/6486/5343 5341/6491/5347 5343/6492/5348 5339/6487/5344
s 0
f 5339/6488/5349 5343/6493/5349 5342/6494/5349 5338/6489/5349
f 5338/6489/5350 5342/6494/5350 5340/6495/5350 5336/6490/5350
s 1
f 5341/6491/5347 5345/6496/5351 5347/6497/5352 5343/6492/5348
s 0
f 5343/6493/5353 5347/6498/5353 5346/6499/5353 5342/6494/5353
f 5342/6494/5354 5346/6499/5354 5344/6500/5354 5340/6495/5354
s 1
f 5345/6496/5351 5349/6501/5355 5351/6502/5356 5347/6497/5352
s 0
f 5347/6498/5357 5351/6503/5357 5350/6504/5357 5346/6499/5357
f 5346/6499/5358 5350/6504/5358 5348/6505/5358 5344/6500/5358
s 1
f 5349/6501/5355 5353/6506/5359 5355/6507/5360 5351/6502/5356
s 0
f 5351/6503/5361 5355/6508/5361 5354/6509/5361 5350/6504/5361
f 5350/6504/5362 5354/6509/5362 5352/6510/5362 5348/6505/5362
s 1
f 5353/6506/5359 5357/6511/5363 5359/6512/5364 5355/6507/5360
s 0
f 5355/6508/5365 5359/6513/5365 5358/6514/5365 5354/6509/5365
f 5354/6509/5366 5358/6514/5366 5356/6515/5366 5352/6510/5366
s 1
f 5357/6511/5363 5361/6516/5367 5363/6517/5368 5359/6512/5364
s 0
f 5359/6513/5369 5363/6518/5369 5362/6519/5369 5358/6514/5369
f 5358/6514/5370 5362/6519/5370 5360/6520/5370 5356/6515/5370
s 1
f 5361/6516/5367 5365/6521/5371 5367/6522/5372 5363/6517/5368
s 0
f 5363/6518/5373 5367/6523/5373 5366/6524/5373 5362/6519/5373
f 5362/6519/5374 5366/6524/5374 5364/6525/5374 5360/6520/5374
s 1
f 5365/6521/5371 5369/6526/5375 5371/6527/5376 5367/6522/5372
s 0
f 5367/6523/5377 5371/6528/5377 5370/6529/5377 5366/6524/5377
f 5366/6524/5378 5370/6529/5378 5368/6530/5378 5364/6525/5378
s 1
f 5369/6526/5375 5373/6531/5379 5375/6532/5380 5371/6527/5376
s 0
f 5371/6528/5381 5375/6533/5381 5374/6534/5381 5370/6529/5381
f 5370/6529/5382 5374/6534/5382 5372/6535/5382 5368/6530/5382
s 1
f 5373/6531/5379 5377/6536/5383 5379/6537/5384 5375/6532/5380
s 0
f 5375/6533/5385 5379/6538/5385 5378/6539/5385 5374/6534/5385
f 5374/6534/5386 5378/6539/5386 5376/6540/5386 5372/6535/5386
s 1
f 5377/6536/5383 5381/6541/5387 5383/6542/5388 5379/6537/5384
s 0
f 5379/6538/5389 5383/6543/5389 5382/6544/5389 5378/6539/5389
f 5378/6539/5390 5382/6544/5390 5380/6545/5390 5376/6540/5390
s 1
f 5381/6541/5387 5385/6546/5391 5387/6547/5392 5383/6542/5388
s 0
f 5383/6543/5393 5387/6548/5393 5386/6549/5393 5382/6544/5393
f 5382/6544/5394 5386/6549/5394 5384/6550/5394 5380/6545/5394
s 1
f 5385/6551/5391 5389/6552/5395 5391/6553/5396 5387/6554/5392
s 0
f 5387/6548/5397 5391/6555/5397 5390/6556/5397 5386/6549/5397
f 5386/6549/5398 5390/6556/5398 5388/6557/5398 5384/6550/5398
s 1
f 5389/6552/5395 5393/6558/5399 5395/6559/5400 5391/6553/5396
s 0
f 5391/6555/5401 5395/6560/5401 5394/6561/5401 5390/6556/5401
f 5390/6556/5402 5394/6561/5402 5392/6562/5402 5388/6557/5402
s 1
f 5393/6558/5399 5397/6563/5403 5399/6564/5404 5395/6559/5400
s 0
f 5395/6560/5405 5399/6565/5405 5398/6566/5405 5394/6561/5405
f 5394/6561/5406 5398/6566/5406 5396/6567/5406 5392/6562/5406
s 1
f 5397/6563/5403 5401/6568/5407 5403/6569/5408 5399/6564/5404
s 0
f 5399/6565/5409 5403/6570/5409 5402/6571/5409 5398/6566/5409
f 5398/6566/5410 5402/6571/5410 5400/6572/5410 5396/6567/5410
s 1
f 5401/6568/5407 5405/6573/5411 5407/6574/5412 5403/6569/5408
s 0
f 5403/6570/5413 5407/6575/5413 5406/6576/5413 5402/6571/5413
f 5402/6571/5414 5406/6576/5414 5404/6577/5414 5400/6572/5414
f 5152/6259/5415 5404/6577/5415 5406/6576/5415 5154/6257/5415
f 5154/6257/5416 5406/6576/5416 5407/6575/5416 5155/6254/5416
s 1
f 5155/6253/5164 5407/6574/5412 5405/6573/5411 5153/6250/5161
f 5148/5923/4906 4897/5922/4905 5153/6250/5161 5405/6573/5411
s 0
f 5149/5930/5417 5145/5932/5417 5141/5937/5417 5137/5942/5417 5133/5947/5417 5129/5952/5417 5125/5957/5417 5121/5964/5417 5117/5969/5417 5113/5974/5417 5109/5979/5417 5105/5984/5417 5101/5989/5417 5097/5994/5417 5093/5999/5417 5089/6004/5417 5085/6009/5417 5081/6014/5417 5077/6019/5417 5073/6024/5417 5069/6029/5417 5065/6034/5417 5061/6039/5417 5057/6044/5417 5053/6049/5417 5049/6054/5417 5045/6059/5417 5041/6066/5417 5037/6071/5417 5033/6076/5417 5029/6081/5417 5025/6086/5417 5021/6091/5417 5017/6096/5417 5013/6101/5417 5009/6106/5417 5005/6111/5417 5001/6116/5417 4997/6121/5417 4993/6128/5417 4989/6133/5417 4985/6138/5417 4981/6143/5417 4977/6148/5417 4973/6153/5417 4969/6158/5417 4965/6163/5417 4961/6168/5417 4957/6173/5417 4953/6178/5417 4949/6183/5417 4945/6188/5417 4941/6193/5417 4937/6198/5417 4933/6203/5417 4929/6208/5417 4925/6213/5417 4921/6218/5417 4917/6225/5417 4913/6230/5417 4909/6235/5417 4905/6240/5417 4901/6245/5417 4896/5931/5417
s 1
f 4897/5922/4905 4900/6249/5158 5157/6251/5162 5153/6250/5161
f 4900/6249/5158 4904/6244/5154 5161/6260/5167 5157/6251/5162
f 4904/6244/5154 4908/6239/5150 5165/6265/5171 5161/6260/5167
f 4908/6239/5150 4912/6234/5146 5169/6270/5175 5165/6265/5171
f 4912/6234/5146 4916/6229/5142 5173/6275/5179 5169/6270/5175
f 4916/6229/5142 4920/6224/5138 5177/6280/5183 5173/6275/5179
f 4920/6224/5138 4924/6223/5134 5181/6285/5187 5177/6280/5183
f 4924/6217/5134 4928/6212/5130 5185/6291/5191 5181/6290/5187
f 4928/6212/5130 4932/6207/5126 5189/6297/5195 5185/6291/5191
f 4932/6207/5126 4936/6202/5122 5193/6302/5199 5189/6297/5195
f 4936/6202/5122 4940/6197/5118 5197/6307/5203 5193/6302/5199
f 4940/6197/5118 4944/6192/5114 5201/6312/5207 5197/6307/5203
f 4944/6192/5114 4948/6187/5110 5205/6317/5211 5201/6312/5207
f 4948/6187/5110 4952/6182/5106 5209/6322/5215 5205/6317/5211
f 4952/6182/5106 4956/6177/5102 5213/6327/5219 5209/6322/5215
f 4956/6177/5102 4960/6172/5098 5217/6332/5223 5213/6327/5219
f 4960/6172/5098 4964/6167/5094 5221/6337/5227 5217/6332/5223
f 4964/6167/5094 4968/6162/5090 5225/6342/5231 5221/6337/5227
f 4968/6162/5090 4972/6157/5086 5229/6347/5235 5225/6342/5231
f 4972/6157/5086 4976/6152/5082 5233/6352/5239 5229/6347/5235
f 4976/6152/5082 4980/6147/5078 5237/6357/5243 5233/6352/5239
f 4980/6147/5078 4984/6142/5074 5241/6362/5247 5237/6357/5243
f 4984/6142/5074 4988/6137/5070 5245/6367/5251 5241/6362/5247
f 4988/6137/5070 4992/6132/5066 5249/6372/5255 5245/6367/5251
f 4992/6132/5066 4996/6127/5062 5253/6377/5259 5249/6372/5255
f 4996/6127/5062 5000/6126/5058 5257/6382/5263 5253/6377/5259
f 5000/6120/5058 5004/6115/5054 5261/6388/5267 5257/6387/5263
f 5004/6115/5054 5008/6110/5050 5265/6394/5271 5261/6388/5267
f 5008/6110/5050 5012/6105/5046 5269/6399/5275 5265/6394/5271
f 5012/6105/5046 5016/6100/5042 5273/6404/5279 5269/6399/5275
f 5016/6100/5042 5020/6095/5038 5277/6409/5283 5273/6404/5279
f 5020/6095/5038 5024/6090/5034 5281/6414/5287 5277/6409/5283
f 5024/6090/5034 5028/6085/5030 5285/6419/5291 5281/6414/5287
f 5028/6085/5030 5032/6080/5026 5289/6424/5295 5285/6419/5291
f 5032/6080/5026 5036/6075/5022 5293/6429/5299 5289/6424/5295
f 5036/6075/5022 5040/6070/5018 5297/6434/5303 5293/6429/5299
f 5040/6070/5018 5044/6065/5014 5301/6439/5307 5297/6434/5303
f 5044/6065/5014 5048/6064/5010 5305/6444/5311 5301/6439/5307
f 5048/6058/5010 5052/6053/5006 5309/6450/5315 5305/6449/5311
f 5052/6053/5006 5056/6048/5002 5313/6456/5319 5309/6450/5315
f 5056/6048/5002 5060/6043/4998 5317/6461/5323 5313/6456/5319
f 5060/6043/4998 5064/6038/4994 5321/6466/5327 5317/6461/5323
f 5064/6038/4994 5068/6033/4990 5325/6471/5331 5321/6466/5327
f 5068/6033/4990 5072/6028/4986 5329/6476/5335 5325/6471/5331
f 5072/6028/4986 5076/6023/4982 5333/6481/5339 5329/6476/5335
f 5076/6023/4982 5080/6018/4978 5337/6486/5343 5333/6481/5339
f 5080/6018/4978 5084/6013/4974 5341/6491/5347 5337/6486/5343
f 5084/6013/4974 5088/6008/4970 5345/6496/5351 5341/6491/5347
f 5088/6008/4970 5092/6003/4966 5349/6501/5355 5345/6496/5351
f 5092/6003/4966 5096/5998/4962 5353/6506/5359 5349/6501/5355
f 5096/5998/4962 5100/5993/4958 5357/6511/5363 5353/6506/5359
f 5100/5993/4958 5104/5988/4954 5361/6516/5367 5357/6511/5363
f 5104/5988/4954 5108/5983/4950 5365/6521/5371 5361/6516/5367
f 5108/5983/4950 5112/5978/4946 5369/6526/5375 5365/6521/5371
f 5112/5978/4946 5116/5973/4942 5373/6531/5379 5369/6526/5375
f 5116/5973/4942 5120/5968/4938 5377/6536/5383 5373/6531/5379
f 5120/5968/4938 5124/5963/4934 5381/6541/5387 5377/6536/5383
f 5124/5963/4934 5128/5962/4930 5385/6546/5391 5381/6541/5387
f 5128/5956/4930 5132/5951/4926 5389/6552/5395 5385/6551/5391
f 5132/5951/4926 5136/5946/4922 5393/6558/5399 5389/6552/5395
f 5136/5946/4922 5140/5941/4918 5397/6563/5403 5393/6558/5399
f 5140/5941/4918 5144/5936/4914 5401/6568/5407 5397/6563/5403
f 5144/5936/4914 5148/5923/4906 5405/6573/5411 5401/6568/5407
s 0
f 5152/6259/5418 5156/6258/5418 5160/6264/5418 5164/6269/5418 5168/6274/5418 5172/6279/5418 5176/6284/5418 5180/6289/5418 5184/6296/5418 5188/6301/5418 5192/6306/5418 5196/6311/5418 5200/6316/5418 5204/6321/5418 5208/6326/5418 5212/6331/5418 5216/6336/5418 5220/6341/5418 5224/6346/5418 5228/6351/5418 5232/6356/5418 5236/6361/5418 5240/6366/5418 5244/6371/5418 5248/6376/5418 5252/6381/5418 5256/6386/5418 5260/6393/5418 5264/6398/5418 5268/6403/5418 5272/6408/5418 5276/6413/5418 5280/6418/5418 5284/6423/5418 5288/6428/5418 5292/6433/5418 5296/6438/5418 5300/6443/5418 5304/6448/5418 5308/6455/5418 5312/6460/5418 5316/6465/5418 5320/6470/5418 5324/6475/5418 5328/6480/5418 5332/6485/5418 5336/6490/5418 5340/6495/5418 5344/6500/5418 5348/6505/5418 5352/6510/5418 5356/6515/5418 5360/6520/5418 5364/6525/5418 5368/6530/5418 5372/6535/5418 5376/6540/5418 5380/6545/5418 5384/6550/5418 5388/6557/5418 5392/6562/5418 5396/6567/5418 5400/6572/5418 5404/6577/5418
o Driven_steel_fixing_wedge.002
v 0.219250 0.023404 -0.290451
v 0.219450 0.023604 -0.290447
v 0.219450 0.023400 -0.290251
v 0.219277 0.023504 -0.290449
v 0.219277 0.023402 -0.290351
v 0.219303 0.023498 -0.290353
v 0.219450 0.023575 -0.290347
v 0.219350 0.023578 -0.290447
v 0.219354 0.023550 -0.290352
v 0.219350 0.023401 -0.290278
v 0.219450 0.023500 -0.290276
v 0.219354 0.023497 -0.290302
v 0.219450 0.023733 -0.296045
v 0.219250 0.023533 -0.296050
v 0.219450 0.023538 -0.296250
v 0.219350 0.023707 -0.296046
v 0.219450 0.023709 -0.296146
v 0.219354 0.023683 -0.296142
v 0.219277 0.023536 -0.296150
v 0.219277 0.023633 -0.296047
v 0.219303 0.023631 -0.296143
v 0.219450 0.023637 -0.296221
v 0.219350 0.023537 -0.296223
v 0.219354 0.023632 -0.296195
v 0.219250 0.012807 -0.290695
v 0.219450 0.012803 -0.290495
v 0.219450 0.012607 -0.290700
v 0.219277 0.012805 -0.290595
v 0.219277 0.012707 -0.290697
v 0.219303 0.012709 -0.290602
v 0.219450 0.012703 -0.290524
v 0.219350 0.012803 -0.290522
v 0.219354 0.012708 -0.290550
v 0.219350 0.012634 -0.290699
v 0.219450 0.012632 -0.290599
v 0.219354 0.012658 -0.290603
v 0.219250 0.012936 -0.296294
v 0.219450 0.012736 -0.296298
v 0.219450 0.012941 -0.296493
v 0.219277 0.012836 -0.296296
v 0.219277 0.012938 -0.296393
v 0.219303 0.012843 -0.296391
v 0.219450 0.012765 -0.296397
v 0.219350 0.012763 -0.296298
v 0.219354 0.012791 -0.296393
v 0.219350 0.012940 -0.296467
v 0.219450 0.012840 -0.296469
v 0.219354 0.012844 -0.296443
v 0.220550 0.023604 -0.290447
v 0.220750 0.023404 -0.290451
v 0.220550 0.023400 -0.290251
v 0.220650 0.023578 -0.290447
v 0.220550 0.023575 -0.290347
v 0.220646 0.023550 -0.290352
v 0.220723 0.023402 -0.290351
v 0.220723 0.023504 -0.290449
v 0.220697 0.023498 -0.290353
v 0.220550 0.023500 -0.290276
v 0.220650 0.023401 -0.290278
v 0.220646 0.023497 -0.290302
v 0.220550 0.023733 -0.296045
v 0.220550 0.023538 -0.296250
v 0.220750 0.023533 -0.296050
v 0.220550 0.023709 -0.296146
v 0.220650 0.023707 -0.296046
v 0.220646 0.023683 -0.296142
v 0.220650 0.023537 -0.296223
v 0.220550 0.023637 -0.296221
v 0.220646 0.023632 -0.296195
v 0.220723 0.023633 -0.296047
v 0.220723 0.023536 -0.296150
v 0.220697 0.023631 -0.296143
v 0.220750 0.012807 -0.290695
v 0.220550 0.012607 -0.290700
v 0.220550 0.012803 -0.290495
v 0.220723 0.012707 -0.290697
v 0.220723 0.012805 -0.290595
v 0.220697 0.012709 -0.290602
v 0.220550 0.012632 -0.290599
v 0.220650 0.012634 -0.290699
v 0.220646 0.012658 -0.290603
v 0.220650 0.012803 -0.290522
v 0.220550 0.012703 -0.290524
v 0.220646 0.012708 -0.290550
v 0.220550 0.012736 -0.296298
v 0.220750 0.012936 -0.296294
v 0.220550 0.012941 -0.296493
v 0.220650 0.012763 -0.296298
v 0.220550 0.012765 -0.296397
v 0.220646 0.012791 -0.296393
v 0.220723 0.012938 -0.296393
v 0.220723 0.012836 -0.296296
v 0.220697 0.012843 -0.296391
v 0.220550 0.012840 -0.296469
v 0.220650 0.012940 -0.296467
v 0.220646 0.012844 -0.296443
vn 1.0000 -0.0024 -0.0048
vn 0.8660 -0.4999 -0.0155
vn 0.7744 -0.4370 -0.4575
vn 0.8659 0.0094 -0.5001
vn 0.5001 -0.8657 -0.0239
vn 0.4473 -0.7640 -0.4650
vn 0.0223 -0.9994 -0.0277
vn 0.1215 -0.8508 -0.5113
vn 0.1215 -0.4716 -0.8734
vn 0.4472 -0.4295 -0.7846
vn 0.0223 0.0205 -0.9995
vn 0.5001 0.0178 -0.8658
vn 0.0223 -0.9996 -0.0183
vn 0.5001 -0.8658 -0.0159
vn 0.4473 -0.7846 0.4294
vn 0.1215 -0.8734 0.4716
vn 0.8660 -0.5000 -0.0075
vn 0.7745 -0.4575 0.4369
vn 1.0000 -0.0026 0.0047
vn 0.8659 -0.0136 0.5000
vn 0.5002 -0.0220 0.8656
vn 0.4473 -0.4650 0.7640
vn 0.0223 -0.0255 0.9994
vn 0.1215 -0.5113 0.8508
vn 1.0000 0.0026 -0.0047
vn 0.8659 0.0137 -0.5000
vn 0.7744 0.4575 -0.4369
vn 0.8660 0.5000 0.0075
vn 0.5001 0.0220 -0.8657
vn 0.4472 0.4651 -0.7640
vn 0.0223 0.0255 -0.9994
vn 0.1215 0.5113 -0.8508
vn 0.1216 0.8734 -0.4716
vn 0.4473 0.7846 -0.4294
vn 0.0223 0.9996 0.0183
vn 0.5001 0.8658 0.0159
vn 1.0000 0.0024 0.0048
vn 0.8660 0.4999 0.0155
vn 0.7745 0.4369 0.4575
vn 0.8659 -0.0094 0.5002
vn 0.5001 0.8656 0.0239
vn 0.4473 0.7640 0.4650
vn 0.0223 0.9994 0.0277
vn 0.1215 0.8508 0.5113
vn 0.1215 0.4716 0.8734
vn 0.4473 0.4294 0.7845
vn 0.0223 -0.0205 0.9995
vn 0.5002 -0.0178 0.8657
vn -0.0223 -0.9994 -0.0277
vn -0.5001 -0.8657 -0.0239
vn -0.4473 -0.7640 -0.4650
vn -0.1216 -0.8508 -0.5113
vn -0.8660 -0.4999 -0.0155
vn -0.7744 -0.4370 -0.4575
vn -1.0000 -0.0024 -0.0048
vn -0.8659 0.0094 -0.5001
vn -0.5001 0.0178 -0.8658
vn -0.4472 -0.4295 -0.7846
vn -0.0223 0.0205 -0.9995
vn -0.1215 -0.4716 -0.8734
vn -0.0223 -0.9996 -0.0183
vn -0.1215 -0.8734 0.4716
vn -0.4473 -0.7846 0.4294
vn -0.5001 -0.8658 -0.0159
vn -0.1215 -0.5113 0.8508
vn -0.4473 -0.4650 0.7640
vn -0.0223 -0.0255 0.9994
vn -0.5002 -0.0220 0.8656
vn -0.8659 -0.0136 0.5001
vn -0.7745 -0.4575 0.4369
vn -1.0000 -0.0026 0.0046
vn -0.8660 -0.5000 -0.0075
vn -1.0000 0.0026 -0.0047
vn -0.8660 0.5000 0.0075
vn -0.7744 0.4575 -0.4369
vn -0.8659 0.0137 -0.5000
vn -0.5001 0.8658 0.0159
vn -0.4473 0.7846 -0.4294
vn -0.0223 0.9996 0.0183
vn -0.1215 0.8734 -0.4716
vn -0.1215 0.5113 -0.8508
vn -0.4472 0.4651 -0.7640
vn -0.0223 0.0255 -0.9994
vn -0.5001 0.0220 -0.8657
vn -0.0223 0.9994 0.0277
vn -0.5001 0.8656 0.0239
vn -0.4473 0.7640 0.4650
vn -0.1215 0.8508 0.5113
vn -0.8660 0.4999 0.0155
vn -0.7745 0.4369 0.4575
vn -1.0000 0.0024 0.0048
vn -0.8659 -0.0094 0.5001
vn -0.5002 -0.0178 0.8657
vn -0.4473 0.4294 0.7845
vn -0.0223 -0.0205 0.9995
vn -0.1215 0.4716 0.8734
vt 0.622971 0.706720
vt 0.622971 0.706038
vt 0.623298 0.706038
vt 0.623654 0.706720
vt 0.603176 0.903633
vt 0.603518 0.903633
vt 0.603532 0.903960
vt 0.603176 0.903960
vt 0.603858 0.903633
vt 0.603858 0.904316
vt 0.603858 0.794938
vt 0.603858 0.795280
vt 0.603532 0.795294
vt 0.603532 0.795118
vt 0.603858 0.795621
vt 0.603518 0.795621
vt 0.603176 0.795621
vt 0.603176 0.794938
vt 0.603532 0.904136
vt 0.603859 0.884521
vt 0.603518 0.884521
vt 0.603532 0.884194
vt 0.603858 0.883838
vt 0.603176 0.884521
vt 0.603176 0.884194
vt 0.603858 0.706720
vt 0.603176 0.706720
vt 0.603532 0.706038
vt 0.603858 0.706038
vt 0.608295 0.840071
vt 0.607954 0.840071
vt 0.607939 0.839744
vt 0.608295 0.839388
vt 0.607613 0.840071
vt 0.607613 0.839730
vt 0.607613 0.839388
vt 0.607939 0.839568
vt 0.603532 0.884018
vt 0.622971 0.742898
vt 0.623654 0.742898
vt 0.623654 0.743224
vt 0.622971 0.743581
vt 0.603176 0.831798
vt 0.603518 0.831798
vt 0.603532 0.832125
vt 0.603176 0.832125
vt 0.603858 0.831798
vt 0.603858 0.832139
vt 0.603858 0.832481
vt 0.603532 0.832481
vt 0.607613 0.931019
vt 0.607954 0.931018
vt 0.607939 0.931701
vt 0.607613 0.931701
vt 0.608295 0.931018
vt 0.608295 0.931701
vt 0.603858 0.742898
vt 0.603858 0.743581
vt 0.603532 0.743581
vt 0.603176 0.742898
vt 0.608295 0.911906
vt 0.607954 0.911906
vt 0.607939 0.911579
vt 0.608295 0.911579
vt 0.607613 0.911906
vt 0.607613 0.911223
vt 0.607613 0.876931
vt 0.607613 0.876589
vt 0.607939 0.876575
vt 0.607939 0.876751
vt 0.607613 0.876248
vt 0.607954 0.876248
vt 0.608295 0.876248
vt 0.608295 0.876931
vt 0.607939 0.911403
vt 0.607613 0.903633
vt 0.607954 0.903633
vt 0.607939 0.903960
vt 0.607613 0.904316
vt 0.608295 0.903633
vt 0.608295 0.903960
vt 0.622971 0.787348
vt 0.623654 0.787348
vt 0.623298 0.788031
vt 0.622971 0.788031
vt 0.608295 0.795621
vt 0.607954 0.795621
vt 0.607939 0.795294
vt 0.608295 0.794938
vt 0.607613 0.795621
vt 0.607613 0.795280
vt 0.607613 0.794938
vt 0.607939 0.795118
vt 0.607939 0.904136
vt 0.607613 0.884521
vt 0.607613 0.883838
vt 0.607939 0.883838
vt 0.607954 0.884521
vt 0.603858 0.839388
vt 0.603858 0.839730
vt 0.603532 0.839744
vt 0.603532 0.839388
vt 0.603858 0.840071
vt 0.603518 0.840071
vt 0.603176 0.840071
vt 0.603176 0.839744
vt 0.603858 0.787348
vt 0.603858 0.788031
vt 0.603176 0.787675
vt 0.603176 0.787348
vt 0.608295 0.884521
vt 0.608295 0.883838
vt 0.622971 0.751170
vt 0.622971 0.750488
vt 0.623298 0.750488
vt 0.623654 0.751170
vt 0.603176 0.931018
vt 0.603518 0.931018
vt 0.603532 0.931345
vt 0.603176 0.931345
vt 0.603858 0.931018
vt 0.603858 0.931701
vt 0.607613 0.832481
vt 0.607613 0.832139
vt 0.607939 0.832125
vt 0.607939 0.832301
vt 0.607613 0.831798
vt 0.607954 0.831798
vt 0.608295 0.831798
vt 0.608295 0.832481
vt 0.603532 0.931521
vt 0.603859 0.911906
vt 0.603518 0.911906
vt 0.603532 0.911579
vt 0.603858 0.911223
vt 0.603176 0.911906
vt 0.603176 0.911579
vt 0.603859 0.751170
vt 0.603176 0.751170
vt 0.603532 0.750488
vt 0.603858 0.750488
vt 0.603176 0.876248
vt 0.603518 0.876248
vt 0.603532 0.876575
vt 0.603176 0.876931
vt 0.603858 0.876248
vt 0.603859 0.876589
vt 0.603858 0.876931
vt 0.603532 0.876751
vt 0.603532 0.911403
s 1
usemtl 04_|_warm_forged_steel
f 5408/6578/5419 5411/6579/5420 5413/6580/5421 5412/6581/5422
f 5411/6582/5420 5415/6583/5423 5416/6584/5424 5413/6585/5421
f 5409/6586/5425 5414/6587/5426 5416/6584/5424 5415/6583/5423
f 5414/6588/5426 5418/6589/5427 5419/6590/5428 5416/6591/5424
f 5410/6592/5429 5417/6593/5430 5419/6590/5428 5418/6589/5427
f 5417/6593/5430 5412/6594/5422 5413/6595/5421 5419/6590/5428
f 5413/6585/5421 5416/6584/5424 5419/6596/5428
f 5420/6597/5431 5423/6598/5432 5425/6599/5433 5424/6600/5434
f 5423/6598/5432 5427/6601/5435 5428/6602/5436 5425/6599/5433
f 5421/6603/5437 5426/6604/5438 5428/6605/5436 5427/6606/5435
f 5426/6607/5438 5430/6608/5439 5431/6609/5440 5428/6610/5436
f 5422/6611/5441 5429/6612/5442 5431/6609/5440 5430/6608/5439
f 5429/6612/5442 5424/6613/5434 5425/6614/5433 5431/6609/5440
f 5425/6599/5433 5428/6602/5436 5431/6615/5440
f 5432/6616/5443 5435/6617/5444 5437/6618/5445 5436/6619/5446
f 5435/6620/5444 5439/6621/5447 5440/6622/5448 5437/6623/5445
f 5433/6624/5449 5438/6625/5450 5440/6622/5448 5439/6621/5447
f 5438/6625/5450 5442/6626/5451 5443/6627/5452 5440/6622/5448
f 5434/6628/5453 5441/6629/5454 5443/6630/5452 5442/6631/5451
f 5441/6629/5454 5436/6632/5446 5437/6633/5445 5443/6630/5452
f 5437/6623/5445 5440/6622/5448 5443/6627/5452
f 5444/6634/5455 5447/6635/5456 5449/6636/5457 5448/6637/5458
f 5447/6638/5456 5451/6639/5459 5452/6640/5460 5449/6641/5457
f 5445/6642/5461 5450/6643/5462 5452/6640/5460 5451/6639/5459
f 5450/6644/5462 5454/6645/5463 5455/6646/5464 5452/6647/5460
f 5446/6648/5465 5453/6649/5466 5455/6646/5464 5454/6645/5463
f 5453/6649/5466 5448/6650/5458 5449/6651/5457 5455/6646/5464
f 5449/6641/5457 5452/6640/5460 5455/6652/5464
f 5456/6653/5467 5459/6654/5468 5461/6655/5469 5460/6656/5470
f 5459/6654/5468 5463/6657/5471 5464/6658/5472 5461/6655/5469
f 5457/6659/5473 5462/6660/5474 5464/6661/5472 5463/6662/5471
f 5462/6663/5474 5466/6664/5475 5467/6665/5476 5464/6666/5472
f 5458/6667/5477 5465/6668/5478 5467/6665/5476 5466/6664/5475
f 5465/6668/5478 5460/6669/5470 5461/6670/5469 5467/6665/5476
f 5461/6655/5469 5464/6658/5472 5467/6671/5476
f 5468/6672/5479 5471/6673/5480 5473/6674/5481 5472/6675/5482
f 5471/6676/5480 5475/6677/5483 5476/6678/5484 5473/6679/5481
f 5469/6680/5485 5474/6681/5486 5476/6678/5484 5475/6677/5483
f 5474/6681/5486 5478/6682/5487 5479/6683/5488 5476/6678/5484
f 5470/6684/5489 5477/6685/5490 5479/6686/5488 5478/6687/5487
f 5477/6688/5490 5472/6675/5482 5473/6674/5481 5479/6689/5488
f 5473/6679/5481 5476/6678/5484 5479/6683/5488
f 5480/6690/5491 5483/6691/5492 5485/6692/5493 5484/6693/5494
f 5483/6694/5492 5487/6695/5495 5488/6696/5496 5485/6697/5493
f 5481/6698/5497 5486/6699/5498 5488/6696/5496 5487/6695/5495
f 5486/6700/5498 5490/6701/5499 5491/6702/5500 5488/6703/5496
f 5482/6704/5501 5489/6705/5502 5491/6702/5500 5490/6701/5499
f 5489/6705/5502 5484/6706/5494 5485/6707/5493 5491/6702/5500
f 5485/6697/5493 5488/6696/5496 5491/6708/5500
f 5492/6709/5503 5495/6710/5504 5497/6711/5505 5496/6712/5506
f 5495/6710/5504 5499/6713/5507 5500/6714/5508 5497/6711/5505
f 5493/6715/5509 5498/6716/5510 5500/6717/5508 5499/6718/5507
f 5498/6719/5510 5502/6720/5511 5503/6721/5512 5500/6722/5508
f 5494/6723/5513 5501/6724/5514 5503/6721/5512 5502/6720/5511
f 5501/6724/5514 5496/6725/5506 5497/6726/5505 5503/6721/5512
f 5497/6711/5505 5500/6714/5508 5503/6727/5512
f 5410/6592/5429 5433/6624/5449 5439/6621/5447 5417/6593/5430
f 5417/6593/5430 5439/6621/5447 5435/6620/5444 5412/6594/5422
f 5412/6581/5422 5435/6617/5444 5432/6616/5443 5408/6578/5419
f 5409/6586/5425 5456/6653/5467 5460/6656/5470 5414/6587/5426
f 5414/6588/5426 5460/6669/5470 5465/6668/5478 5418/6589/5427
f 5418/6589/5427 5465/6668/5478 5458/6667/5477 5410/6592/5429
f 5457/6659/5473 5480/6690/5491 5484/6693/5494 5462/6660/5474
f 5462/6663/5474 5484/6706/5494 5489/6705/5502 5466/6664/5475
f 5466/6664/5475 5489/6705/5502 5482/6704/5501 5458/6667/5477
f 5433/6624/5449 5482/6704/5501 5490/6701/5499 5438/6625/5450
f 5438/6625/5450 5490/6701/5499 5486/6700/5498 5442/6626/5451
f 5442/6631/5451 5486/6699/5498 5481/6698/5497 5434/6628/5453
f 5422/6611/5441 5469/6680/5485 5475/6677/5483 5429/6612/5442
f 5429/6612/5442 5475/6677/5483 5471/6676/5480 5424/6613/5434
f 5424/6600/5434 5471/6673/5480 5468/6672/5479 5420/6597/5431
f 5421/6603/5437 5444/6634/5455 5448/6637/5458 5426/6604/5438
f 5426/6607/5438 5448/6650/5458 5453/6649/5466 5430/6608/5439
f 5430/6608/5439 5453/6649/5466 5446/6648/5465 5422/6611/5441
f 5445/6642/5461 5492/6709/5503 5496/6712/5506 5450/6643/5462
f 5450/6644/5462 5496/6725/5506 5501/6724/5514 5454/6645/5463
f 5454/6645/5463 5501/6724/5514 5494/6723/5513 5446/6648/5465
f 5469/6680/5485 5494/6723/5513 5502/6720/5511 5474/6681/5486
f 5474/6681/5486 5502/6720/5511 5498/6719/5510 5478/6682/5487
f 5478/6687/5487 5498/6716/5510 5493/6715/5509 5470/6684/5489
f 5408/6578/5419 5421/6603/5437 5427/6606/5435 5411/6579/5420
f 5411/6582/5420 5427/6601/5435 5423/6598/5432 5415/6583/5423
f 5415/6583/5423 5423/6598/5432 5420/6597/5431 5409/6586/5425
f 5456/6653/5467 5468/6672/5479 5472/6675/5482 5459/6654/5468
f 5459/6654/5468 5472/6675/5482 5477/6688/5490 5463/6657/5471
f 5463/6662/5471 5477/6685/5490 5470/6684/5489 5457/6659/5473
f 5434/6628/5453 5445/6642/5461 5451/6639/5459 5441/6629/5454
f 5441/6629/5454 5451/6639/5459 5447/6638/5456 5436/6632/5446
f 5436/6619/5446 5447/6635/5456 5444/6634/5455 5432/6616/5443
f 5480/6690/5491 5493/6715/5509 5499/6718/5507 5483/6691/5492
f 5483/6694/5492 5499/6713/5507 5495/6710/5504 5487/6695/5495
f 5487/6695/5495 5495/6710/5504 5492/6709/5503 5481/6698/5497
f 5408/6578/5419 5432/6616/5443 5444/6634/5455 5421/6603/5437
f 5410/6592/5429 5458/6667/5477 5482/6704/5501 5433/6624/5449
f 5409/6586/5425 5420/6597/5431 5468/6672/5479 5456/6653/5467
f 5422/6611/5441 5446/6648/5465 5494/6723/5513 5469/6680/5485
f 5434/6628/5453 5481/6698/5497 5492/6709/5503 5445/6642/5461
f 5457/6659/5473 5470/6684/5489 5493/6715/5509 5480/6690/5491
